,surface_x,surface_y,surface_ice_target,surface_ice_step0,surface_ice_step1,surface_ice_step2,surface_ice_step3,surface_ice_step4,surface_ice_step5,surface_ice_step6,surface_ice_step7,surface_ice_step8,surface_ice_step9,surface_ice_step10,surface_ice_step11,surface_ice_step12,surface_ice_step13,surface_ice_step14,surface_ice_step15,surface_ice_step16,surface_ice_step17,surface_ice_step18,surface_ice_step19,surface_ice_step20,surface_ice_step21,surface_ice_step22,surface_ice_step23,surface_ice_step24,surface_ice_step25,surface_ice_step26,surface_ice_step27,surface_ice_step28,surface_ice_step29,surface_ice_step30,surface_ice_step31,surface_ice_step32,surface_ice_step33,surface_ice_step34,surface_ice_step35,surface_ice_step36,surface_ice_step37,surface_ice_step38,surface_ice_step39,surface_ice_step40,surface_ice_step41,surface_ice_step42,surface_ice_step43,surface_ice_step44,surface_ice_step45,surface_ice_step46,surface_ice_step47,surface_ice_step48,surface_ice_step49,surface_ice_step50,surface_ice_step51,surface_ice_step52,surface_ice_step53,surface_ice_step54,surface_ice_step55,surface_ice_step56,surface_ice_step57,surface_ice_step58,surface_ice_step59,surface_ice_step60,surface_ice_step61,surface_ice_step62,surface_ice_step63,surface_ice_step64,surface_ice_step65,surface_ice_step66,surface_ice_step67,surface_ice_step68,surface_ice_step69,surface_ice_step70,surface_ice_step71,surface_ice_step72,surface_ice_step73,surface_ice_step74,surface_ice_step75,surface_ice_step76,surface_ice_step77,surface_ice_step78,surface_ice_step79,surface_ice_step80,surface_ice_step81,surface_ice_step82,surface_ice_step83,surface_ice_step84,surface_ice_step85,surface_ice_step86,surface_ice_step87,surface_ice_step88,surface_ice_step89,surface_ice_step90,surface_ice_step91,surface_ice_step92,surface_ice_step93,surface_ice_step94,surface_ice_step95,surface_ice_step96,surface_ice_step97,surface_ice_step98,surface_ice_step99,surface_ice_step100
0,-1.6631804689032443,1.4457807242125633,3.3306690738754696e-16,0.0,0.0,0.0,0.0,0.006922856519505546,0.0,0.034065411965291545,0.016980434684226046,0.025169112738717005,0.024939497764681493,0.01906968671271579,0.011984568136481388,0.0117078444411809,0.012228125263638876,0.012664109076355349,0.013170837040909709,0.012794581181140177,0.012568894792876404,0.01222170846797224,0.012071069339212188,0.012300788029662002,0.011847378408422466,0.012225204331644944,0.012279370730984944,0.012305622855850242,0.012353689125787706,0.01224424932381332,0.012159154704466515,0.0121288966581624,0.0121332057489297,0.012307751090465596,0.01221235998065439,0.012210581324238873,0.012192659404919341,0.01218781009352717,0.012093643349606407,0.012216878430782145,0.01214578940050131,0.012134070026202728,0.012109209487114065,0.012138498850282248,0.01217100543409631,0.012202505390538064,0.012180117559097037,0.012128750832601003,0.01210385986124546,0.012080039889403019,0.012054736910325143,0.012047703388984124,0.012081278171266764,0.012092084922909975,0.012102414137628135,0.0121081617946802,0.012112461934463003,0.012117169994786446,0.012130214172907886,0.012139183225983593,0.012162283046416119,0.012183907457590489,0.012180395805809627,0.012173194567642511,0.01217351253374182,0.012157740208555113,0.012193116103075306,0.012176324831508895,0.012176324821006543,0.012176324790731271,0.012176324737435322,0.012176324682078634,0.012176324611797372,0.012176324538749082,0.012176324435825637,0.012176324352096436,0.012176324247542891,0.012176324162187488,0.012176324055706327,0.012176323958978162,0.012176323902324074,0.012176323816911779,0.012176323747337027,0.012176323638531501,0.012176323547953059,0.01217632346485873,0.012176323326982163,0.012176323227855642,0.012176323154999457,0.012176323056664736,0.012176322992628767,0.012176322895008855,0.012176322777788745,0.012176322728191677,0.012176322636939175,0.012176322566251672,0.01217632246686583,0.012176322394657395,0.012176322291267933,0.012176322178971324,0.012176322099574408,0.01217632199751351,0.012176321913550238,0.012176321817555468
1,-1.6881595112801824,1.416534023283619,2.220446049250313e-16,0.0,0.0,0.0,0.0,0.006520688335492096,0.0,0.034638682875911715,0.0165348864628684,0.024737317579990974,0.024265947648246234,0.018020862600394073,0.010830386942715353,0.010642945413168164,0.011293628581228038,0.011815834257095169,0.012323751038285122,0.01195419890097859,0.011717982458904201,0.011353712343205024,0.011199180482081893,0.011475390987298698,0.011093461418732098,0.01146014071300442,0.011528738721142568,0.011604124089837395,0.01166362565361226,0.011554517748717465,0.011456087690328826,0.01140494762040236,0.01138568402026257,0.011518237877971686,0.011445266688114835,0.011444549240911395,0.011436585480514216,0.011433557599548604,0.011360262063184627,0.011481764708632386,0.011414262271499737,0.011405378879890966,0.011393045891943239,0.011432600730608318,0.011485508657670878,0.01152865382514766,0.011519506137824424,0.01148524943601318,0.011459190437027113,0.011434297808212543,0.011412129205100386,0.011409113671555495,0.011440722890618033,0.011458123309267773,0.011468104900839354,0.011473407799705196,0.01147722789923845,0.011481094855196031,0.011490221909886533,0.011494931007770878,0.011496569696619423,0.011497738133527075,0.011491400339355978,0.011478897379432095,0.01147287923742528,0.011444331277039978,0.011466961032441495,0.011447737943451542,0.011447737936975578,0.011447737921672346,0.011447737893438798,0.01144773787523679,0.011447737848333802,0.011447737826587135,0.011447737800437832,0.011447737788184333,0.011447737754555515,0.011447737740712683,0.01144773770855227,0.01144773769806424,0.011447737742904905,0.011447737734761812,0.011447737745417425,0.011447737737133897,0.011447737737830619,0.011447737745885322,0.011447737718052933,0.011447737709796499,0.01144773773742505,0.011447737732578876,0.011447737758613966,0.011447737762209921,0.011447737747287173,0.011447737808035994,0.011447737804816178,0.011447737830477924,0.011447737835613434,0.011447737860643264,0.011447737855784177,0.011447737856166255,0.011447737886687546,0.011447737878547441,0.01144773790356384,0.011447737905809123
2,-1.637694805643887,1.4745870263273213,6.106226635438361e-16,0.0,0.0,0.0,0.0012411127277991384,0.008775219115155648,0.0,0.032956107901813886,0.01671211816031645,0.02497130440628649,0.02504289892403557,0.019623472613782868,0.012710808522403541,0.01237458366733616,0.012778965043356665,0.01316082426350128,0.013715670743799759,0.013332186130015003,0.013125795124534408,0.012817281946172198,0.012694948558464926,0.012912880762567858,0.012411469827769838,0.012789697326523413,0.01282980315643907,0.012815420846577821,0.01286545656133771,0.012760176482222175,0.012697735254827067,0.01269867607413212,0.01274477716491753,0.01299200420693203,0.012869349083628794,0.012866635255601843,0.01283998651130289,0.012834850614241401,0.012731803408219557,0.012869930900416991,0.012800423602336703,0.012791186502393491,0.012754984102876314,0.012773981234702417,0.0127872339968882,0.012813735985261143,0.012789034838097568,0.01273660326154619,0.012715609402903418,0.012694374282210699,0.012668000640742262,0.012654186818700057,0.012670704994528836,0.012653673689069129,0.01266580757828247,0.012671799436329066,0.012676429667098447,0.012681696302796117,0.012696230792852183,0.012704786481577902,0.012730838736214427,0.012754201225935622,0.012753023088398487,0.012753677378913225,0.012762722655837588,0.012770893112200105,0.012844120469649759,0.012825520113082333,0.01282552010785479,0.012825520096547282,0.012825520068533642,0.01282552004184786,0.012825519997752827,0.012825519951482055,0.012825519876748088,0.012825519808955608,0.012825519733657425,0.012825519671305385,0.012825519578183724,0.01282551949748204,0.01282551944724687,0.01282551937248339,0.0128255193074092,0.01282551920108873,0.012825519110152657,0.0128255190261179,0.01282551887857011,0.012825518773434578,0.012825518696198444,0.012825518591310333,0.012825518517599131,0.01282551840822395,0.012825518278754307,0.012825518214446411,0.012825518111941952,0.012825518027590294,0.0128255179129515,0.01282551782289751,0.012825517702570096,0.012825517571102861,0.01282551747061074,0.012825517350831787,0.012825517247603406,0.01282551713239287
3,-1.7126243239164167,1.3868558323689082,1.1102230246251565e-16,0.0,0.0,0.0,0.0,0.006074131056557854,0.0,0.03518857728142758,0.016109144052003678,0.024332658088330683,0.02364571474753042,0.017076122430540713,0.00983253176351586,0.009742407175545888,0.010522296831820571,0.011136299106208175,0.011657118233803521,0.011294232207954934,0.011049377754658458,0.010670171188519262,0.010503085211126527,0.010793634314911281,0.010437291053613735,0.01080725683450097,0.010885215735461994,0.01098953241919256,0.011048402744558714,0.010938720202249655,0.010828520418757759,0.010760755155653999,0.010723598552200434,0.010833922381091985,0.010771120955892655,0.01077125165809663,0.01077111719407309,0.010770483848254554,0.01071241462447274,0.01082096013336186,0.010747901894773,0.010723543826487696,0.01070769122122841,0.010742571802254592,0.010794264802441705,0.010836847704636799,0.010833497972724624,0.010810143985673936,0.010785248639817063,0.010762115181725278,0.010743055372034998,0.010741776370311854,0.010770278238759284,0.01077515194676652,0.010785405169580443,0.010790360392313802,0.010793687045368155,0.010796407091695452,0.01080015160224211,0.010799212570048747,0.010781635430737534,0.010763120025292078,0.010755982594339315,0.010743981849757075,0.010737939230553651,0.010716364352185112,0.010750711246636081,0.010727570187573553,0.010727570186987693,0.010727570194219136,0.010727570199825743,0.010727570225874217,0.010727570245733557,0.010727570273465378,0.010727570314884973,0.01072757035909087,0.010727570387670174,0.010727570431448764,0.01072757044671776,0.010727570494757569,0.010727570600302806,0.010727570641323262,0.010727570695312374,0.010727570740383491,0.010727570788046715,0.010727570841258279,0.01072757086124765,0.010727570895490687,0.010727570968961878,0.010727571006877821,0.010727571072570977,0.01072757111642853,0.010727571144074919,0.010727571252554444,0.010727571287370074,0.010727571351760204,0.010727571399354874,0.010727571461291644,0.01072757149463325,0.010727571540464673,0.010727571613067033,0.010727571642303407,0.010727571711108079,0.010727571749680318
4,0.0,0.0,1.887379141862766e-15,0.0,0.0,0.0,0.005379730783170849,0.014341537966062613,0.0,0.029967894147666877,0.015244974968342774,0.023772733753687124,0.024576552071991026,0.02025673518220694,0.013886598422880734,0.013482450746104553,0.013658190599161407,0.013961353300982915,0.014677693360012256,0.014281226778922561,0.014129739675053515,0.013937939296405456,0.013924206958600987,0.014208459101490782,0.013680101058307517,0.014025148062821312,0.014032899696528517,0.013920254900043975,0.013924447705386922,0.013815157480422054,0.013774381336382858,0.013800531704182098,0.013875649953023305,0.014159231242107818,0.014018122470390438,0.014014403315657658,0.013978762911492554,0.013974437342958874,0.013868977288813523,0.014021832610748384,0.013952648554114126,0.01394611356805795,0.01390483037733033,0.013922646419847366,0.013942127704001796,0.013998267364866562,0.014032795171053825,0.014074396841525613,0.014067368971518737,0.014057812982567842,0.014053182296516899,0.014049557465363434,0.014026482368748384,0.013954107667857384,0.013971599638102555,0.013976631243237076,0.013980184411210869,0.013983030762119625,0.013983452070440733,0.013973150716940304,0.013931151990561158,0.013886322645938878,0.013880419107485688,0.013878088513428316,0.013876072222459488,0.013842794479148247,0.013892785418517196,0.013853953825375796,0.013853953828451879,0.01385395385948428,0.013853953906373442,0.013853953978942934,0.013853954055061471,0.013853954146359985,0.013853954269424817,0.01385395438888548,0.013853954486661078,0.013853954593637316,0.013853954686243354,0.013853954805368749,0.013853954984660683,0.013853955085893056,0.01385395521282584,0.013853955338736342,0.013853955450084703,0.013853955575432493,0.013853955674939973,0.013853955773080481,0.013853955930053063,0.013853956037789513,0.01385395616329744,0.013853956287841068,0.01385395639033091,0.013853956573484212,0.013853956671183955,0.013853956806517862,0.013853956931053877,0.013853957057135319,0.013853957162000784,0.013853957287144995,0.013853957441180722,0.013853957538138614,0.013853957687302973,0.013853957801253954
5,-1.6117102846820248,1.502944154949214,1.0547118733938987e-15,0.0,0.0,0.0,0.003305378352382179,0.011572770013732235,0.0,0.031482234347363025,0.0159792922236884,0.024368331379554756,0.02479201738854163,0.019895345406669436,0.01322633040627959,0.012857541076050864,0.013154357060246251,0.013503622643737818,0.014143394137553294,0.013752708162571303,0.013573145186186122,0.013322041936528903,0.013251960996448355,0.013496766399939516,0.012975717712611806,0.01334078884738973,0.013365788495135459,0.013309217020629234,0.013352563321847177,0.013249649088902688,0.013206825725881841,0.013232577189766174,0.013312300933294689,0.013613805480088247,0.013472058731303176,0.013468721796029965,0.01343640959125095,0.013432134391142712,0.013331225061723358,0.013488412112016018,0.013423225004814554,0.013420788651922764,0.01338105101719375,0.013397386942409063,0.013407361054171412,0.013444060594483533,0.013438634872762796,0.013414788533276543,0.013399494407320457,0.013381536101619497,0.01335882198075095,0.013339486424712185,0.01332015773056856,0.0132606672290858,0.013275888703775331,0.01328158838971011,0.01328601816445325,0.013290868619829687,0.013301276307056157,0.013301430588838854,0.013294492129873678,0.013284370275845631,0.013281338558741793,0.013284156344829622,0.01329319248045083,0.013299025829097647,0.013387711243560523,0.013359139173554427,0.013359139177551362,0.013359139202541401,0.013359139232579332,0.013359139280237124,0.013359139319787206,0.013359139368333071,0.013359139423458451,0.013359139469938518,0.0133591395152888,0.013359139567618214,0.01335913958986971,0.013359139637347616,0.013359139727260726,0.013359139763847738,0.013359139813168466,0.013359139845036332,0.013359139874867322,0.01335913991373499,0.013359139906897771,0.013359139918621102,0.01335913997592249,0.013359139992210228,0.013359140030945372,0.013359140051446502,0.013359140050913359,0.013359140122824372,0.013359140130236978,0.013359140166059488,0.013359140181435537,0.013359140207925625,0.013359140208214685,0.013359140213966713,0.013359140246953298,0.01335914024079445,0.013359140270774528,0.013359140275428328
6,-1.7365674545930212,1.3567551917328844,5.551115123125783e-17,0.0,0.0,0.0,0.0,0.0055955508135633915,0.0,0.03569998109007561,0.015668775378523153,0.02391806212652904,0.02303306584851835,0.016171756777678147,0.008895256029806753,0.008879526638836233,0.009776543664547055,0.010473981107373275,0.011004116693610563,0.01064794240680857,0.010394163242650143,0.009995825347296825,0.009797784927072976,0.010051893871290747,0.009660664509745532,0.010054236579040886,0.010136438276397323,0.010249129584790212,0.010300932327154675,0.010191364534033248,0.010074498343550875,0.010000499742903025,0.009961339269220196,0.010094523631345467,0.010020670553445656,0.010021512316447913,0.010027857671146447,0.010031890463546729,0.009997128968844101,0.010099482664105089,0.010017975331415721,0.009969047595148082,0.00993915119622411,0.009958609236467558,0.009992792650435638,0.010028559185971378,0.010028256932651929,0.010017902832040144,0.009997446408502484,0.009980236845950652,0.009968364199379237,0.009973570911490022,0.010013624255905912,0.010007392468666887,0.010017972901659941,0.010022800122296062,0.0100257432503471,0.010027296025795048,0.0100261933233797,0.010021925222772156,0.01000283733451201,0.009980822055668734,0.009975649954905496,0.009968076356960814,0.009966259388630964,0.009962701558309134,0.010014645620449509,0.009990286996311324,0.009990286997440444,0.009990287013761702,0.00999028703020141,0.0099902870690555,0.009990287098209592,0.009990287131761855,0.009990287177364245,0.009990287219354426,0.009990287252776144,0.009990287297387592,0.009990287301588971,0.009990287342761481,0.009990287434787947,0.009990287467833025,0.009990287508609048,0.009990287537428847,0.009990287571210989,0.00999028760799212,0.009990287605614583,0.009990287623115901,0.00999028767552741,0.00999028769526897,0.009990287743216626,0.009990287763253607,0.009990287769099515,0.009990287855956173,0.009990287873261073,0.009990287916319025,0.00999028794137971,0.009990287982149735,0.009990287993925644,0.009990288016440372,0.009990288064853086,0.009990288074793713,0.009990288120783949,0.009990288136778309
7,0.0,0.0,5.551115123125783e-17,0.0,0.0,0.0,0.0,0.005093397457683447,0.0,0.03616302732584549,0.015191674040508628,0.023469726249809295,0.022398798406105674,0.015267685731846576,0.007961010851045275,0.00798393282031752,0.008984890879621359,0.00975971575900676,0.010306198871432276,0.009956195186475178,0.009695936001021225,0.009281999868124387,0.009047813371260606,0.00923746041396136,0.008773612379676856,0.009201591784039845,0.009283770816075784,0.00939055584432566,0.009435418263120117,0.00932785742467651,0.009211797328919654,0.00914359104659238,0.009121187114315813,0.009322325226892914,0.009219649759075695,0.009221202983959668,0.009234065341450146,0.00924551324888364,0.009250763744179944,0.00936662673300038,0.009280887022297854,0.009210790354111148,0.009165394105889513,0.00916653355376252,0.009176957104716048,0.009205027594002562,0.009204646834515865,0.009203285480344004,0.009188281095701313,0.00917753859291525,0.009171983312481898,0.009181405009117818,0.009231916492409006,0.009211550742016829,0.009222670943197344,0.009227537183589677,0.009230317062676243,0.009231156332713686,0.009227171093243053,0.00922125152358968,0.009207213930328124,0.009187186564154863,0.00918375024531994,0.009179805272026813,0.00918103368930942,0.00918711528798059,0.009240239236362583,0.009215175803582444,0.009215175801181238,0.00921517580834664,0.009215175810303566,0.00921517582864967,0.009215175833954101,0.009215175838016482,0.009215175841441013,0.009215175844760544,0.009215175839935235,0.009215175845492534,0.00921517580597349,0.009215175800029696,0.009215175839418385,0.009215175831199044,0.009215175829642215,0.009215175807367705,0.009215175797061688,0.009215175787961093,0.009215175733380973,0.009215175707514614,0.009215175708672767,0.009215175683035839,0.009215175688550233,0.009215175659099677,0.009215175616459594,0.009215175652037621,0.009215175628052123,0.009215175625216098,0.009215175600957245,0.009215175598104197,0.009215175564485624,0.009215175535224336,0.009215175532592976,0.009215175499697028,0.00921517549480043,0.009215175464841066
8,-1.7599816100004504,1.3262412703222755,5.551115123125783e-17,0.0,0.0,0.0,0.0,0.005093397457683447,0.0,0.03616302732584549,0.015191674040508628,0.023469726249809295,0.022398798406105674,0.015267685731846576,0.007961010851045275,0.00798393282031752,0.008984890879621359,0.00975971575900676,0.010306198871432276,0.009956195186475178,0.009695936001021225,0.009281999868124387,0.009047813371260606,0.00923746041396136,0.008773612379676856,0.009201591784039845,0.009283770816075784,0.00939055584432566,0.009435418263120117,0.00932785742467651,0.009211797328919654,0.00914359104659238,0.009121187114315813,0.009322325226892914,0.009219649759075695,0.009221202983959668,0.009234065341450146,0.00924551324888364,0.009250763744179944,0.00936662673300038,0.009280887022297854,0.009210790354111148,0.009165394105889513,0.00916653355376252,0.009176957104716048,0.009205027594002562,0.009204646834515865,0.009203285480344004,0.009188281095701313,0.00917753859291525,0.009171983312481898,0.009181405009117818,0.009231916492409006,0.009211550742016829,0.009222670943197344,0.009227537183589677,0.009230317062676243,0.009231156332713686,0.009227171093243053,0.00922125152358968,0.009207213930328124,0.009187186564154863,0.00918375024531994,0.009179805272026813,0.00918103368930942,0.00918711528798059,0.009240239236362583,0.009215175803582444,0.009215175801181238,0.00921517580834664,0.009215175810303566,0.00921517582864967,0.009215175833954101,0.009215175838016482,0.009215175841441013,0.009215175844760544,0.009215175839935235,0.009215175845492534,0.00921517580597349,0.009215175800029696,0.009215175839418385,0.009215175831199044,0.009215175829642215,0.009215175807367705,0.009215175797061688,0.009215175787961093,0.009215175733380973,0.009215175707514614,0.009215175708672767,0.009215175683035839,0.009215175688550233,0.009215175659099677,0.009215175616459594,0.009215175652037621,0.009215175628052123,0.009215175625216098,0.009215175600957245,0.009215175598104197,0.009215175564485624,0.009215175535224336,0.009215175532592976,0.009215175499697028,0.00921517549480043,0.009215175464841066
9,-1.7828596579601483,1.2953233629731395,0.0,0.0,0.0,0.0,0.0,0.004572902203145083,0.0,0.03657165192581,0.014664234656618268,0.02297283481464519,0.02172459122993033,0.014338696266501545,0.006994591594313625,0.0070140816169688,0.008106828308541739,0.008959139766489592,0.009546606721951902,0.009201532269068906,0.008941494673957205,0.008527559185958353,0.008272422354556337,0.008403527240776998,0.007857941109057333,0.00831742564829076,0.008394130498710859,0.008477222788996144,0.008503563650148808,0.008396206512024926,0.008281876153232889,0.008220079505317482,0.008213443679068845,0.008478493722171094,0.008346648521542863,0.008348942291460338,0.008368660554106438,0.008388359077327436,0.008440106121317797,0.008578217584585959,0.008491891933079115,0.008407624155438454,0.008353053042475701,0.008341982057875815,0.008337755032454163,0.008363827022786298,0.008365235664365173,0.00836956689116617,0.00835821311433493,0.008350601684783614,0.008347079941889674,0.008354849592905738,0.00840570435914789,0.008371481907921677,0.008383613396850578,0.00838868176436027,0.00839168002251704,0.008392828965957442,0.008389909013965979,0.008384525401034293,0.008377739316198392,0.008361734534961055,0.008358706888433693,0.008356057623453239,0.008358209809934182,0.008365095498420606,0.008408648083607105,0.0083843230640095,0.008384323057560372,0.008384323052312756,0.008384323036594433,0.008384323032403579,0.008384323014548972,0.008384322994584619,0.008384322966490027,0.008384322943919427,0.008384322912340824,0.008384322893241184,0.008384322832532128,0.008384322802450309,0.008384322819817401,0.00838432279263255,0.008384322774885189,0.008384322734785302,0.008384322711248173,0.008384322687909106,0.008384322622352228,0.00838432258540606,0.008384322572044103,0.008384322534685974,0.008384322530448931,0.00838432249118023,0.008384322438644544,0.008384322462334946,0.008384322428659751,0.008384322416275193,0.008384322381678416,0.008384322373015273,0.008384322331607349,0.008384322292008382,0.00838432227929067,0.008384322237782741,0.008384322221559912,0.008384322183492686
10,-1.8051946295970829,1.2640108875795617,0.0,0.0,0.0,0.0,0.0,0.004037175164325616,0.0,0.03692136108821786,0.014075968646272639,0.02241565923356585,0.02099549554799506,0.01336338892298343,0.005964629266120082,0.0059272553324309476,0.0070956911752882495,0.008024501509289343,0.00868690838654133,0.008345251834612087,0.00809563673312979,0.00770741870982082,0.007466462082371266,0.007583669162744753,0.006987490923624948,0.007458757756325051,0.007525428664954097,0.007572017149594782,0.007563923553197491,0.00745254921702957,0.007335207094945298,0.007269459376273564,0.0072575635916207705,0.007526511374975268,0.007386687646688555,0.007389582697885726,0.007414834087577655,0.007439645191148741,0.0075181087609710925,0.00766118629454505,0.007572767982478858,0.007478204527603282,0.007422448108210143,0.007409274457322316,0.007407816867422051,0.007438700716401946,0.007447045298800663,0.0074554689455953605,0.007444223242102798,0.007434574127046828,0.007427742284362559,0.007428241786991608,0.007469092986119312,0.007426173421767175,0.0074397925235465375,0.00744519588998063,0.0074488026798123505,0.007451378717259196,0.007453779296650819,0.007451223364987471,0.007452554652641408,0.007442083074180226,0.007438171711746762,0.0074345310465174395,0.007436003131931642,0.007439044225861676,0.007470665099522423,0.007449189038300554,0.00744918902996695,0.00744918901681762,0.007449188990295681,0.007449188972768106,0.007449188942643282,0.007449188910782838,0.007449188868420627,0.007449188835435994,0.00744918879020017,0.007449188759981598,0.007449188690872262,0.0074491886500247,0.007449188657438857,0.007449188621321995,0.007449188591968971,0.007449188539199115,0.007449188504793788,0.007449188469317196,0.0074491883896702395,0.007449188341554488,0.0074491883135671885,0.0074491882638875965,0.00744918824748894,0.007449188193243011,0.00744918812625717,0.007449188133699015,0.007449188087166494,0.007449188059284845,0.007449188008128313,0.007449187984664512,0.007449187927464143,0.007449187869402549,0.007449187836312907,0.00744918777836311,0.0074491877423076384,0.007449187685820029
11,-1.8269797214625283,1.23231338222488,0.0,0.0,0.0,0.0,0.0,0.0034881257475849995,0.0,0.03720844220520167,0.013417476963155912,0.021787305362457203,0.02019697821208103,0.012319611894423883,0.0048355113769596395,0.004664229914619606,0.00587758682961516,0.006864064815505393,0.007621922883193896,0.007282871855139092,0.0070542186068899655,0.006718893611615188,0.006537566551565511,0.006718786665738877,0.0061563095457576504,0.0066026066661395025,0.006661703842051289,0.0066909332398029575,0.006664571586431801,0.00655116901412099,0.006433867262669142,0.0063612436423968535,0.006334310478958137,0.006551418949513643,0.006432749012684873,0.006435928151391494,0.0064636318360593754,0.006487625092199648,0.006557867393362613,0.00668222316823736,0.006592639413471739,0.006496927654551091,0.006447906416726558,0.006442620827088596,0.006459857511363842,0.00650072506020566,0.006521844727803991,0.0065367925438381425,0.006523189297630482,0.006508183141480242,0.006495578444901331,0.006487743311039664,0.006515512863263907,0.006474979269273741,0.006490206789850092,0.006496029823338682,0.006500505542253185,0.006505285254925456,0.006516162818826894,0.006518805612376225,0.006532378770244207,0.006532723640868056,0.006528059438174789,0.006523260770779254,0.0065250773429096414,0.006530703006815293,0.006563779994370809,0.006548690433835669,0.006548690428699229,0.00654869042315077,0.006548690406264017,0.006548690404483332,0.006548690390900898,0.006548690382206235,0.006548690373105047,0.006548690367899466,0.0065486903574102475,0.006548690364400554,0.006548690337495493,0.006548690345056378,0.006548690408015777,0.006548690416293253,0.006548690433266806,0.0065486904394089504,0.00654869046105471,0.00654869048052491,0.0065486904708814695,0.006548690478476006,0.00654869051241404,0.006548690520730967,0.006548690559504988,0.006548690570483526,0.006548690568674632,0.0065486906431411005,0.006548690650789573,0.0065486906830470445,0.006548690697321349,0.006548690737353664,0.006548690743780923,0.006548690756544418,0.006548690792392256,0.006548690793551899,0.006548690824852322,0.006548690831575362
12,-1.7365674545930212,1.3567551917328844,5.551115123125783e-17,0.0,0.0,0.0,0.0,0.0055955508135633915,0.0,0.03569998109007561,0.015668775378523153,0.02391806212652904,0.02303306584851835,0.016171756777678147,0.008895256029806753,0.008879526638836233,0.009776543664547055,0.010473981107373275,0.011004116693610563,0.01064794240680857,0.010394163242650143,0.009995825347296825,0.009797784927072976,0.010051893871290747,0.009660664509745532,0.010054236579040886,0.010136438276397323,0.010249129584790212,0.010300932327154675,0.010191364534033248,0.010074498343550875,0.010000499742903025,0.009961339269220196,0.010094523631345467,0.010020670553445656,0.010021512316447913,0.010027857671146447,0.010031890463546729,0.009997128968844101,0.010099482664105089,0.010017975331415721,0.009969047595148082,0.00993915119622411,0.009958609236467558,0.009992792650435638,0.010028559185971378,0.010028256932651929,0.010017902832040144,0.009997446408502484,0.009980236845950652,0.009968364199379237,0.009973570911490022,0.010013624255905912,0.010007392468666887,0.010017972901659941,0.010022800122296062,0.0100257432503471,0.010027296025795048,0.0100261933233797,0.010021925222772156,0.01000283733451201,0.009980822055668734,0.009975649954905496,0.009968076356960814,0.009966259388630964,0.009962701558309134,0.010014645620449509,0.009990286996311324,0.009990286997440444,0.009990287013761702,0.00999028703020141,0.0099902870690555,0.009990287098209592,0.009990287131761855,0.009990287177364245,0.009990287219354426,0.009990287252776144,0.009990287297387592,0.009990287301588971,0.009990287342761481,0.009990287434787947,0.009990287467833025,0.009990287508609048,0.009990287537428847,0.009990287571210989,0.00999028760799212,0.009990287605614583,0.009990287623115901,0.00999028767552741,0.00999028769526897,0.009990287743216626,0.009990287763253607,0.009990287769099515,0.009990287855956173,0.009990287873261073,0.009990287916319025,0.00999028794137971,0.009990287982149735,0.009990287993925644,0.009990288016440372,0.009990288064853086,0.009990288074793713,0.009990288120783949,0.009990288136778309
13,-1.8482082976064667,1.2002405022762843,0.0,0.0,0.0,0.0,0.0,0.0029269708530465653,0.0,0.03743072999286645,0.012681963714970036,0.021079277038347922,0.019316666741144194,0.01118645552302976,0.0035694263140287306,0.0031466625592808635,0.004342098898857387,0.005319803649350204,0.006132509896915652,0.005797634626402508,0.00559224475533578,0.005313865618319419,0.005208886061621987,0.00549599026418732,0.005041745016520758,0.005434587465224328,0.005493108281571382,0.005539376314822116,0.005531895931497067,0.005422825088175764,0.005313833547471136,0.005240592374604063,0.00520409000745163,0.005347949731829799,0.005269295714698374,0.005272327861348904,0.005298274726601845,0.005315619114580098,0.005342883343835519,0.005427322941036982,0.0053371793884948926,0.005245787854653375,0.005202333156602298,0.005204630355146046,0.005236448664154957,0.0052780649311631915,0.005300591605621625,0.005303169902256522,0.005284910707505631,0.005261909217573137,0.005236507894957523,0.005211007424543108,0.005206216498733812,0.00515006593047881,0.00516678834434534,0.005172819093433379,0.005177964433977429,0.005184602661719809,0.00520181079261693,0.005205646601900128,0.005209890719802049,0.005200258056120702,0.005191756206321704,0.005182515037939936,0.005180093507232358,0.0051705499051839686,0.005184260497133786,0.005168734329327093,0.005168734324663921,0.005168734315040325,0.0051687342963860705,0.005168734286421613,0.0051687342699848786,0.005168734251654558,0.005168734231037985,0.005168734219874809,0.005168734188937946,0.005168734174823141,0.005168734124354335,0.005168734100770005,0.005168734126207812,0.005168734103687319,0.005168734081106828,0.005168734038296367,0.005168734012447183,0.0051687339841835125,0.005168733912702765,0.005168733872828248,0.005168733851552416,0.005168733810928469,0.00516873380052819,0.005168733752461802,0.005168733693893794,0.00516873371046506,0.005168733673020149,0.005168733650074032,0.0051687336068251995,0.005168733590094489,0.005168733541772374,0.005168733494507088,0.005168733469792721,0.005168733422606846,0.005168733396323485,0.005168733347258582
14,0.0,0.0,1.1102230246251565e-16,0.0,0.0,0.0,0.0,0.006074131056557854,0.0,0.03518857728142758,0.016109144052003678,0.024332658088330683,0.02364571474753042,0.017076122430540713,0.00983253176351586,0.009742407175545888,0.010522296831820571,0.011136299106208175,0.011657118233803521,0.011294232207954934,0.011049377754658458,0.010670171188519262,0.010503085211126527,0.010793634314911281,0.010437291053613735,0.01080725683450097,0.010885215735461994,0.01098953241919256,0.011048402744558714,0.010938720202249655,0.010828520418757759,0.010760755155653999,0.010723598552200434,0.010833922381091985,0.010771120955892655,0.01077125165809663,0.01077111719407309,0.010770483848254554,0.01071241462447274,0.01082096013336186,0.010747901894773,0.010723543826487696,0.01070769122122841,0.010742571802254592,0.010794264802441705,0.010836847704636799,0.010833497972724624,0.010810143985673936,0.010785248639817063,0.010762115181725278,0.010743055372034998,0.010741776370311854,0.010770278238759284,0.01077515194676652,0.010785405169580443,0.010790360392313802,0.010793687045368155,0.010796407091695452,0.01080015160224211,0.010799212570048747,0.010781635430737534,0.010763120025292078,0.010755982594339315,0.010743981849757075,0.010737939230553651,0.010716364352185112,0.010750711246636081,0.010727570187573553,0.010727570186987693,0.010727570194219136,0.010727570199825743,0.010727570225874217,0.010727570245733557,0.010727570273465378,0.010727570314884973,0.01072757035909087,0.010727570387670174,0.010727570431448764,0.01072757044671776,0.010727570494757569,0.010727570600302806,0.010727570641323262,0.010727570695312374,0.010727570740383491,0.010727570788046715,0.010727570841258279,0.01072757086124765,0.010727570895490687,0.010727570968961878,0.010727571006877821,0.010727571072570977,0.01072757111642853,0.010727571144074919,0.010727571252554444,0.010727571287370074,0.010727571351760204,0.010727571399354874,0.010727571461291644,0.01072757149463325,0.010727571540464673,0.010727571613067033,0.010727571642303407,0.010727571711108079,0.010727571749680318
15,-1.8688738915989584,1.1678020174437038,0.0,0.0,0.0,0.0,0.0,0.0,0.0,0.03852147534363227,0.01338427811422746,0.02166121093383077,0.019692633059024956,0.011313074053409559,0.0035753484962434186,0.0027962926113007255,0.003883502899400828,0.004733786822450494,0.005485894333341444,0.005159130885312152,0.0049671722229740695,0.00471604970492966,0.004653440377405082,0.005005409514510793,0.004668674835550347,0.005008262689690489,0.005073279330127975,0.005164091181296092,0.005216844439369187,0.005120294968822411,0.00503128075697124,0.004975042255008866,0.004957091792345664,0.0050829267074090755,0.005031461466349882,0.005034409497403496,0.0050593287645198486,0.00507156500545383,0.0050769986396532,0.0051572171851714055,0.005084196979136376,0.005024908656272868,0.005002821906006401,0.005025240996663165,0.005089084659268039,0.00515121669652258,0.0052003434480831535,0.005236022853015094,0.005218566947209309,0.005194898358650057,0.00517498124639919,0.005157190730482396,0.0051573635858170085,0.005132922724570326,0.005150208887099231,0.005156401631608577,0.005162056635422691,0.005170207633257845,0.005193874188157653,0.0052038113856045206,0.005226378169714558,0.005236057577478907,0.005229036091042704,0.00521962474638894,0.005218651864998667,0.005219512384107168,0.0052456999887506685,0.005240120041622716,0.005240120042113526,0.005240120046568922,0.005240120042583014,0.005240120055149596,0.005240120057428543,0.0052401200617610425,0.005240120071124005,0.005240120080288208,0.005240120080591414,0.00524012009908041,0.005240120084029143,0.005240120103078397,0.005240120172945693,0.005240120189111837,0.005240120208064252,0.0052401202169063375,0.005240120241104081,0.005240120261160347,0.005240120252250346,0.005240120261556253,0.005240120294793882,0.005240120305934324,0.005240120343162939,0.005240120352925097,0.005240120352575478,0.005240120427998835,0.005240120439286947,0.00524012046931841,0.005240120484411386,0.00524012052343573,0.0052401205325285066,0.005240120549137226,0.005240120586635697,0.005240120593714757,0.005240120628140287,0.005240120636017615
16,0.0,0.0,0.0,0.0,0.0,0.0,0.0,0.0,0.0,0.03844955715601796,0.0122626623160384,0.020605638368464074,0.018497227622495182,0.009906492249127447,0.002046567492805529,0.0007992777811838771,0.001680494119174489,0.0022814384212806707,0.002826674292071931,0.0025159508701056684,0.002319901077837476,0.002039656263771336,0.0019292900776372742,0.0021784508287889743,0.0018140704856186391,0.0021512959705557904,0.0022111671809203616,0.002280112399597954,0.002325626734227095,0.0022260178219250496,0.0021301190830706994,0.002065002190588078,0.0020186849456524498,0.0020705154680015644,0.0020381785549163562,0.0020406035119373664,0.0020602013551911887,0.0020661387715461593,0.002023347529637829,0.0020475723683186374,0.0019616676393058247,0.0018842601710579764,0.0018491923780362335,0.0018610319226071198,0.0019072312091933934,0.0019450599018715456,0.0019718018660233334,0.0019750346116592177,0.001954348914978803,0.0019284311753654817,0.001899231640224937,0.0018694508684642696,0.001850910438964355,0.0018005547130612134,0.0018174543305956691,0.0018234505683269793,0.0018288821307792722,0.0018365291005555955,0.00185756235983027,0.0018633605319716942,0.0018672414347002725,0.001858413037885173,0.001849145546818674,0.001838628848807854,0.0018354095949529373,0.0018270211468641962,0.0018408401490151518,0.001830286721887015,0.0018302867220998686,0.0018302867252568918,0.0018302867242213966,0.001830286735202106,0.0018302867410313775,0.0018302867456377562,0.001830286756648036,0.001830286770980651,0.0018302867694823689,0.0018302867832289426,0.0018302867643339021,0.0018302867736731856,0.0018302868320917982,0.0018302868386558286,0.0018302868463455518,0.0018302868408970388,0.0018302868505867594,0.0018302868563264242,0.0018302868312923032,0.0018302868274212704,0.001830286844123837,0.0018302868421190787,0.001830286864024119,0.0018302868582408514,0.0018302868431694466,0.0018302869015448876,0.001830286901417811,0.0018302869154749124,0.0018302869150309102,0.001830286938135343,0.0018302869337298293,0.0018302869349377396,0.0018302869561684862,0.0018302869521911967,0.0018302869710259688,0.0018302869646334308
17,-1.888970208499881,1.1350078088038589,0.0,0.0,0.0,0.0,0.0,0.0,0.0,0.03844955715601796,0.0122626623160384,0.020605638368464074,0.018497227622495182,0.009906492249127447,0.002046567492805529,0.0007992777811838771,0.001680494119174489,0.0022814384212806707,0.002826674292071931,0.0025159508701056684,0.002319901077837476,0.002039656263771336,0.0019292900776372742,0.0021784508287889743,0.0018140704856186391,0.0021512959705557904,0.0022111671809203616,0.002280112399597954,0.002325626734227095,0.0022260178219250496,0.0021301190830706994,0.002065002190588078,0.0020186849456524498,0.0020705154680015644,0.0020381785549163562,0.0020406035119373664,0.0020602013551911887,0.0020661387715461593,0.002023347529637829,0.0020475723683186374,0.0019616676393058247,0.0018842601710579764,0.0018491923780362335,0.0018610319226071198,0.0019072312091933934,0.0019450599018715456,0.0019718018660233334,0.0019750346116592177,0.001954348914978803,0.0019284311753654817,0.001899231640224937,0.0018694508684642696,0.001850910438964355,0.0018005547130612134,0.0018174543305956691,0.0018234505683269793,0.0018288821307792722,0.0018365291005555955,0.00185756235983027,0.0018633605319716942,0.0018672414347002725,0.001858413037885173,0.001849145546818674,0.001838628848807854,0.0018354095949529373,0.0018270211468641962,0.0018408401490151518,0.001830286721887015,0.0018302867220998686,0.0018302867252568918,0.0018302867242213966,0.001830286735202106,0.0018302867410313775,0.0018302867456377562,0.001830286756648036,0.001830286770980651,0.0018302867694823689,0.0018302867832289426,0.0018302867643339021,0.0018302867736731856,0.0018302868320917982,0.0018302868386558286,0.0018302868463455518,0.0018302868408970388,0.0018302868505867594,0.0018302868563264242,0.0018302868312923032,0.0018302868274212704,0.001830286844123837,0.0018302868421190787,0.001830286864024119,0.0018302868582408514,0.0018302868431694466,0.0018302869015448876,0.001830286901417811,0.0018302869154749124,0.0018302869150309102,0.001830286938135343,0.0018302869337298293,0.0018302869349377396,0.0018302869561684862,0.0018302869521911967,0.0018302869710259688,0.0018302869646334308
18,-1.9084911267764297,1.1018678657903835,0.0,0.0,0.0,0.0,0.0,0.0,0.0,0.038362896380069234,0.011173407763248412,0.019586488318467103,0.01735913579599913,0.008596808528305685,0.0006689751995969436,0.0,0.0007856781576974323,0.0011633556074305163,0.0012969035198328416,0.001008056592517975,0.000734400349686486,0.0002340574940310057,0.0,0.0,0.0,8.849705968654827e-05,8.998904655630396e-05,0.0,0.0,0.0,0.0,0.0,0.0,0.0,0.0,0.0,0.0,0.0,0.0,0.0,0.0,0.0,0.0,0.0,0.0,0.0,0.0,0.0,0.0,0.0,0.0,0.0,0.0,0.0,0.0,0.0,0.0,0.0,0.0,0.0,0.0,0.0,0.0,0.0,0.0,0.0,0.0,0.0,0.0,0.0,0.0,0.0,0.0,0.0,0.0,0.0,0.0,0.0,0.0,0.0,0.0,0.0,0.0,0.0,0.0,0.0,0.0,0.0,0.0,0.0,0.0,0.0,0.0,0.0,0.0,0.0,0.0,0.0,0.0,0.0,0.0,0.0,0.0,0.0
19,-1.9274307001677928,1.068392283150956,0.0,0.0,0.0,0.0,0.0,0.0,0.0,0.03825058274578402,0.01009042518531686,0.01857453219030414,0.016240825753816475,0.007328962174143609,0.0,0.0,0.0005210981417988694,0.0003906618904233115,0.0,0.0,0.0,0.0,0.0,0.0,0.0,0.0,0.0,0.0,0.0,0.0,0.0,0.0,0.0,0.0,0.0,0.0,0.0,0.0,0.0,0.0,0.0,0.0,0.0,0.0,0.0,0.0,0.0,0.0,0.0,0.0,0.0,0.0,0.0,0.0,0.0,0.0,0.0,0.0,0.0,0.0,0.0,0.0,0.0,0.0,0.0,0.0,0.0,0.0,0.0,0.0,0.0,0.0,0.0,0.0,0.0,0.0,0.0,0.0,0.0,0.0,0.0,0.0,0.0,0.0,0.0,0.0,0.0,0.0,0.0,0.0,0.0,0.0,0.0,0.0,0.0,0.0,0.0,0.0,0.0,0.0,0.0,0.0,0.0,0.0
20,-1.8688738915989584,1.1678020174437038,0.0,0.0,0.0,0.0,0.0,0.0,0.0,0.03852147534363227,0.01338427811422746,0.02166121093383077,0.019692633059024956,0.011313074053409559,0.0035753484962434186,0.0027962926113007255,0.003883502899400828,0.004733786822450494,0.005485894333341444,0.005159130885312152,0.0049671722229740695,0.00471604970492966,0.004653440377405082,0.005005409514510793,0.004668674835550347,0.005008262689690489,0.005073279330127975,0.005164091181296092,0.005216844439369187,0.005120294968822411,0.00503128075697124,0.004975042255008866,0.004957091792345664,0.0050829267074090755,0.005031461466349882,0.005034409497403496,0.0050593287645198486,0.00507156500545383,0.0050769986396532,0.0051572171851714055,0.005084196979136376,0.005024908656272868,0.005002821906006401,0.005025240996663165,0.005089084659268039,0.00515121669652258,0.0052003434480831535,0.005236022853015094,0.005218566947209309,0.005194898358650057,0.00517498124639919,0.005157190730482396,0.0051573635858170085,0.005132922724570326,0.005150208887099231,0.005156401631608577,0.005162056635422691,0.005170207633257845,0.005193874188157653,0.0052038113856045206,0.005226378169714558,0.005236057577478907,0.005229036091042704,0.00521962474638894,0.005218651864998667,0.005219512384107168,0.0052456999887506685,0.005240120041622716,0.005240120042113526,0.005240120046568922,0.005240120042583014,0.005240120055149596,0.005240120057428543,0.0052401200617610425,0.005240120071124005,0.005240120080288208,0.005240120080591414,0.00524012009908041,0.005240120084029143,0.005240120103078397,0.005240120172945693,0.005240120189111837,0.005240120208064252,0.0052401202169063375,0.005240120241104081,0.005240120261160347,0.005240120252250346,0.005240120261556253,0.005240120294793882,0.005240120305934324,0.005240120343162939,0.005240120352925097,0.005240120352575478,0.005240120427998835,0.005240120439286947,0.00524012046931841,0.005240120484411386,0.00524012052343573,0.0052401205325285066,0.005240120549137226,0.005240120586635697,0.005240120593714757,0.005240120628140287,0.005240120636017615
21,-1.9457831594964452,1.034591257872331,0.0,0.0,0.0,0.0,0.0,0.0,0.0,0.03810388644731312,0.008993389953501803,0.017547111142960047,0.015113589512027464,0.006061920964469125,0.0,0.0,0.0,0.0,0.0,0.0,0.0,0.0,0.0,0.0,0.0,0.0,0.0,0.0,0.0,0.0,0.0,0.0,0.0,0.0,0.0,0.0,0.0,0.0,0.0,0.0,0.0,0.0,0.0,0.0,0.0,0.0,0.0,0.0,0.0,0.0,0.0,0.0,0.0,0.0,0.0,0.0,0.0,0.0,0.0,0.0,0.0,0.0,0.0,0.0,0.0,0.0,0.0,0.0,0.0,0.0,0.0,0.0,0.0,0.0,0.0,0.0,0.0,0.0,0.0,0.0,0.0,0.0,0.0,0.0,0.0,0.0,0.0,0.0,0.0,0.0,0.0,0.0,0.0,0.0,0.0,0.0,0.0,0.0,0.0,0.0,0.0,0.0,0.0,0.0
22,0.0,0.0,0.0,0.0,0.0,0.0,0.0,0.0029269708530465653,0.0,0.03743072999286645,0.012681963714970036,0.021079277038347922,0.019316666741144194,0.01118645552302976,0.0035694263140287306,0.0031466625592808635,0.004342098898857387,0.005319803649350204,0.006132509896915652,0.005797634626402508,0.00559224475533578,0.005313865618319419,0.005208886061621987,0.00549599026418732,0.005041745016520758,0.005434587465224328,0.005493108281571382,0.005539376314822116,0.005531895931497067,0.005422825088175764,0.005313833547471136,0.005240592374604063,0.00520409000745163,0.005347949731829799,0.005269295714698374,0.005272327861348904,0.005298274726601845,0.005315619114580098,0.005342883343835519,0.005427322941036982,0.0053371793884948926,0.005245787854653375,0.005202333156602298,0.005204630355146046,0.005236448664154957,0.0052780649311631915,0.005300591605621625,0.005303169902256522,0.005284910707505631,0.005261909217573137,0.005236507894957523,0.005211007424543108,0.005206216498733812,0.00515006593047881,0.00516678834434534,0.005172819093433379,0.005177964433977429,0.005184602661719809,0.00520181079261693,0.005205646601900128,0.005209890719802049,0.005200258056120702,0.005191756206321704,0.005182515037939936,0.005180093507232358,0.0051705499051839686,0.005184260497133786,0.005168734329327093,0.005168734324663921,0.005168734315040325,0.0051687342963860705,0.005168734286421613,0.0051687342699848786,0.005168734251654558,0.005168734231037985,0.005168734219874809,0.005168734188937946,0.005168734174823141,0.005168734124354335,0.005168734100770005,0.005168734126207812,0.005168734103687319,0.005168734081106828,0.005168734038296367,0.005168734012447183,0.0051687339841835125,0.005168733912702765,0.005168733872828248,0.005168733851552416,0.005168733810928469,0.00516873380052819,0.005168733752461802,0.005168733693893794,0.00516873371046506,0.005168733673020149,0.005168733650074032,0.0051687336068251995,0.005168733590094489,0.005168733541772374,0.005168733494507088,0.005168733469792721,0.005168733422606846,0.005168733396323485,0.005168733347258582
23,-1.9635429144254894,1.0004750860742484,0.0,0.0,0.0,0.0,0.0,0.0,0.0,0.037917155563485995,0.007869268711985872,0.016489492419758008,0.013958678325976076,0.004769096702664466,0.0,0.0,0.0,0.0,0.0,0.0,0.0,0.0,0.0,0.0,0.0,0.0,0.0,0.0,0.0,0.0,0.0,0.0,0.0,0.0,0.0,0.0,0.0,0.0,0.0,0.0,0.0,0.0,0.0,0.0,0.0,0.0,0.0,0.0,0.0,0.0,0.0,0.0,0.0,0.0,0.0,0.0,0.0,0.0,0.0,0.0,0.0,0.0,0.0,0.0,0.0,0.0,0.0,0.0,0.0,0.0,0.0,0.0,0.0,0.0,0.0,0.0,0.0,0.0,0.0,0.0,0.0,0.0,0.0,0.0,0.0,0.0,0.0,0.0,0.0,0.0,0.0,0.0,0.0,0.0,0.0,0.0,0.0,0.0,0.0,0.0,0.0,0.0,0.0,0.0
24,0.0,0.0,0.0,0.0,0.0,0.0,0.0,0.0,0.0,0.037687524233697055,0.006711335245081996,0.015393555441368155,0.012765272925111265,0.0,0.0,0.0,0.0,0.0,0.0,0.0,0.0,0.0,0.0,0.0,0.0,0.0,0.0,0.0,0.0,0.0,0.0,0.0,0.0,0.0,0.0,0.0,0.0,0.0,0.0,0.0,0.0,0.0,0.0,0.0,0.0,0.0,0.0,0.0,0.0,0.0,0.0,0.0,0.0,0.0,0.0,0.0,0.0,0.0,0.0,0.0,0.0,0.0,0.0,0.0,0.0,0.0,0.0,0.0,0.0,0.0,0.0,0.0,0.0,0.0,0.0,0.0,0.0,0.0,0.0,0.0,0.0,0.0,0.0,0.0,0.0,0.0,0.0,0.0,0.0,0.0,0.0,0.0,0.0,0.0,0.0,0.0,0.0,0.0,0.0,0.0,0.0,0.0,0.0,0.0
25,-1.9807045551615332,0.9660541598731274,0.0,0.0,0.0,0.0,0.0,0.0,0.0,0.037687524233697055,0.006711335245081996,0.015393555441368155,0.012765272925111265,0.0,0.0,0.0,0.0,0.0,0.0,0.0,0.0,0.0,0.0,0.0,0.0,0.0,0.0,0.0,0.0,0.0,0.0,0.0,0.0,0.0,0.0,0.0,0.0,0.0,0.0,0.0,0.0,0.0,0.0,0.0,0.0,0.0,0.0,0.0,0.0,0.0,0.0,0.0,0.0,0.0,0.0,0.0,0.0,0.0,0.0,0.0,0.0,0.0,0.0,0.0,0.0,0.0,0.0,0.0,0.0,0.0,0.0,0.0,0.0,0.0,0.0,0.0,0.0,0.0,0.0,0.0,0.0,0.0,0.0,0.0,0.0,0.0,0.0,0.0,0.0,0.0,0.0,0.0,0.0,0.0,0.0,0.0,0.0,0.0,0.0,0.0,0.0,0.0,0.0,0.0
26,-1.9972628541025583,0.9313389642165326,0.0,0.0,0.0,0.0,0.0,0.0,0.0,0.03741368595280347,0.005516236539722307,0.014254373077280488,0.011525921989554815,0.0,0.0,0.0,0.0,0.0,0.0,0.0,0.0,0.0,0.0,0.0,0.0,0.0,0.0,0.0,0.0,0.0,0.0,0.0,0.0,0.0,0.0,0.0,0.0,0.0,0.0,0.0,0.0,0.0,0.0,0.0,0.0,0.0,0.0,0.0,0.0,0.0,0.0,0.0,0.0,0.0,0.0,0.0,0.0,0.0,0.0,0.0,0.0,0.0,0.0,0.0,0.0,0.0,0.0,0.0,0.0,0.0,0.0,0.0,0.0,0.0,0.0,0.0,0.0,0.0,0.0,0.0,0.0,0.0,0.0,0.0,0.0,0.0,0.0,0.0,0.0,0.0,0.0,0.0,0.0,0.0,0.0,0.0,0.0,0.0,0.0,0.0,0.0,0.0,0.0,0.0
27,-2.013212767430304,0.8963400736893546,0.0,0.0,0.0,0.0,0.0,0.0,0.0,0.037095284845782346,0.004282580376752122,0.01306838030164305,0.010233905279769188,0.0,0.0,0.0,0.0,0.0,0.0,0.0,0.0,0.0,0.0,0.0,0.0,0.0,0.0,0.0,0.0,0.0,0.0,0.0,0.0,0.0,0.0,0.0,0.0,0.0,0.0,0.0,0.0,0.0,0.0,0.0,0.0,0.0,0.0,0.0,0.0,0.0,0.0,0.0,0.0,0.0,0.0,0.0,0.0,0.0,0.0,0.0,0.0,0.0,0.0,0.0,0.0,0.0,0.0,0.0,0.0,0.0,0.0,0.0,0.0,0.0,0.0,0.0,0.0,0.0,0.0,0.0,0.0,0.0,0.0,0.0,0.0,0.0,0.0,0.0,0.0,0.0,0.0,0.0,0.0,0.0,0.0,0.0,0.0,0.0,0.0,0.0,0.0,0.0,0.0,0.0
28,-2.028549436646661,0.8610681492926886,0.0,0.0,0.0,0.0,0.0,0.0,0.0,0.03673256411086894,0.003010151094998943,0.011832005914273554,0.008880895576137691,0.0,0.0,0.0,0.0,0.0,0.0,0.0,0.0,0.0,0.0,0.0,0.0,0.0,0.0,0.0,0.0,0.0,0.0,0.0,0.0,0.0,0.0,0.0,0.0,0.0,0.0,0.0,0.0,0.0,0.0,0.0,0.0,0.0,0.0,0.0,0.0,0.0,0.0,0.0,0.0,0.0,0.0,0.0,0.0,0.0,0.0,0.0,0.0,0.0,0.0,0.0,0.0,0.0,0.0,0.0,0.0,0.0,0.0,0.0,0.0,0.0,0.0,0.0,0.0,0.0,0.0,0.0,0.0,0.0,0.0,0.0,0.0,0.0,0.0,0.0,0.0,0.0,0.0,0.0,0.0,0.0,0.0,0.0,0.0,0.0,0.0,0.0,0.0,0.0,0.0,0.0
29,-1.9635429144254894,1.0004750860742484,0.0,0.0,0.0,0.0,0.0,0.0,0.0,0.037917155563485995,0.007869268711985872,0.016489492419758008,0.013958678325976076,0.004769096702664466,0.0,0.0,0.0,0.0,0.0,0.0,0.0,0.0,0.0,0.0,0.0,0.0,0.0,0.0,0.0,0.0,0.0,0.0,0.0,0.0,0.0,0.0,0.0,0.0,0.0,0.0,0.0,0.0,0.0,0.0,0.0,0.0,0.0,0.0,0.0,0.0,0.0,0.0,0.0,0.0,0.0,0.0,0.0,0.0,0.0,0.0,0.0,0.0,0.0,0.0,0.0,0.0,0.0,0.0,0.0,0.0,0.0,0.0,0.0,0.0,0.0,0.0,0.0,0.0,0.0,0.0,0.0,0.0,0.0,0.0,0.0,0.0,0.0,0.0,0.0,0.0,0.0,0.0,0.0,0.0,0.0,0.0,0.0,0.0,0.0,0.0,0.0,0.0,0.0,0.0
30,-2.043268190053615,0.8255339351963944,0.0,0.0,0.0,0.0,0.0,0.0,0.0,0.03632617898083004,0.0016995111856407557,0.010540667283875796,0.007454969963008255,0.0,0.0,0.0,0.0,0.0,0.0,0.0,0.0,0.0,0.0,0.0,0.0,0.0,0.0,0.0,0.0,0.0,0.0,0.0,0.0,0.0,0.0,0.0,0.0,0.0,0.0,0.0,0.0,0.0,0.0,0.0,0.0,0.0,0.0,0.0,0.0,0.0,0.0,0.0,0.0,0.0,0.0,0.0,0.0,0.0,0.0,0.0,0.0,0.0,0.0,0.0,0.0,0.0,0.0,0.0,0.0,0.0,0.0,0.0,0.0,0.0,0.0,0.0,0.0,0.0,0.0,0.0,0.0,0.0,0.0,0.0,0.0,0.0,0.0,0.0,0.0,0.0,0.0,0.0,0.0,0.0,0.0,0.0,0.0,0.0,0.0,0.0,0.0,0.0,0.0,0.0
31,0.0,0.0,0.0,0.0,0.0,0.0,0.0,0.0,0.0,0.03810388644731312,0.008993389953501803,0.017547111142960047,0.015113589512027464,0.006061920964469125,0.0,0.0,0.0,0.0,0.0,0.0,0.0,0.0,0.0,0.0,0.0,0.0,0.0,0.0,0.0,0.0,0.0,0.0,0.0,0.0,0.0,0.0,0.0,0.0,0.0,0.0,0.0,0.0,0.0,0.0,0.0,0.0,0.0,0.0,0.0,0.0,0.0,0.0,0.0,0.0,0.0,0.0,0.0,0.0,0.0,0.0,0.0,0.0,0.0,0.0,0.0,0.0,0.0,0.0,0.0,0.0,0.0,0.0,0.0,0.0,0.0,0.0,0.0,0.0,0.0,0.0,0.0,0.0,0.0,0.0,0.0,0.0,0.0,0.0,0.0,0.0,0.0,0.0,0.0,0.0,0.0,0.0,0.0,0.0,0.0,0.0,0.0,0.0,0.0,0.0
32,-2.0573645441762958,0.7897482554663117,0.0,0.0,0.0,0.0,0.0,0.0,0.0,0.03587708522681324,0.0003517734345617942,0.009188190625919655,0.005939394653731311,0.0,0.0,0.0,0.0,0.0,0.0,0.0,0.0,0.0,0.0,0.0,0.0,0.0,0.0,0.0,0.0,0.0,0.0,0.0,0.0,0.0,0.0,0.0,0.0,0.0,0.0,0.0,0.0,0.0,0.0,0.0,0.0,0.0,0.0,0.0,0.0,0.0,0.0,0.0,0.0,0.0,0.0,0.0,0.0,0.0,0.0,0.0,0.0,0.0,0.0,0.0,0.0,0.0,0.0,0.0,0.0,0.0,0.0,0.0,0.0,0.0,0.0,0.0,0.0,0.0,0.0,0.0,0.0,0.0,0.0,0.0,0.0,0.0,0.0,0.0,0.0,0.0,0.0,0.0,0.0,0.0,0.0,0.0,0.0,0.0,0.0,0.0,0.0,0.0,0.0,0.0
33,0.0,0.0,0.0,0.0,0.0,0.0,0.0,0.0,0.0,0.035386475056771366,0.0,0.008567490262495639,0.005121359989857559,0.0,0.0,0.0,0.0,0.0,0.0,0.0,0.0,0.0,0.0,0.0,0.0,0.0,0.0,0.0,0.0,0.0,0.0,0.0,0.0,0.0,0.0,0.0,0.0,0.0,0.0,0.0,0.0,0.0,0.0,0.0,0.0,0.0,0.0,0.0,0.0,0.0,0.0,0.0,0.0,0.0,0.0,0.0,0.0,0.0,0.0,0.0,0.0,0.0,0.0,0.0,0.0,0.0,0.0,0.0,0.0,0.0,0.0,0.0,0.0,0.0,0.0,0.0,0.0,0.0,0.0,0.0,0.0,0.0,0.0,0.0,0.0,0.0,0.0,0.0,0.0,0.0,0.0,0.0,0.0,0.0,0.0,0.0,0.0,0.0,0.0,0.0,0.0,0.0,0.0,0.0
34,-2.14725412754989,0.49573267631434276,0.0,0.0,0.0,0.0,0.0,0.0,0.0,0.030928303578349695,0.0,0.0054209368446515626,7.894516646383704e-06,0.0,0.0,0.0,0.0,0.0,0.0,0.0,0.0,0.0,0.0,0.0,0.0,0.0,0.0,0.0,0.0,0.0,0.0,0.0,0.0,0.0,0.0,0.0,0.0,0.0,0.0,0.0,0.0,0.0,0.0,0.0,0.0,0.0,0.0,0.0,0.0,0.0,0.0,0.0,0.0,0.0,0.0,0.0,0.0,0.0,0.0,0.0,0.0,0.0,0.0,0.0,0.0,0.0,0.0,0.0,0.0,0.0,0.0,0.0,0.0,0.0,0.0,0.0,0.0,0.0,0.0,0.0,0.0,0.0,0.0,0.0,0.0,0.0,0.0,0.0,0.0,0.0,0.0,0.0,0.0,0.0,0.0,0.0,0.0,0.0,0.0,0.0,0.0,0.0,0.0,0.0
35,-2.1555788184970854,0.4581824220684691,0.0,0.0,0.0,0.0,0.0,0.0,0.0,0.030169650425149845,0.0,0.004914873379114984,0.0,0.0,0.0,0.0,0.0,0.0,0.0,0.0,0.0,0.0,0.0,0.0,0.0,0.0,0.0,0.0,0.0,0.0,0.0,0.0,0.0,0.0,0.0,0.0,0.0,0.0,0.0,0.0,0.0,0.0,0.0,0.0,0.0,0.0,0.0,0.0,0.0,0.0,0.0,0.0,0.0,0.0,0.0,0.0,0.0,0.0,0.0,0.0,0.0,0.0,0.0,0.0,0.0,0.0,0.0,0.0,0.0,0.0,0.0,0.0,0.0,0.0,0.0,0.0,0.0,0.0,0.0,0.0,0.0,0.0,0.0,0.0,0.0,0.0,0.0,0.0,0.0,0.0,0.0,0.0,0.0,0.0,0.0,0.0,0.0,0.0,0.0,0.0,0.0,0.0,0.0,0.0
36,-2.138275362194525,0.5331319255847399,0.0,0.0,0.0,0.0,0.0,0.0,0.0,0.031661081879254066,0.0,0.005917508675181552,0.0008161925265650842,0.0,0.0,0.0,0.0,0.0,0.0,0.0,0.0,0.0,0.0,0.0,0.0,0.0,0.0,0.0,0.0,0.0,0.0,0.0,0.0,0.0,0.0,0.0,0.0,0.0,0.0,0.0,0.0,0.0,0.0,0.0,0.0,0.0,0.0,0.0,0.0,0.0,0.0,0.0,0.0,0.0,0.0,0.0,0.0,0.0,0.0,0.0,0.0,0.0,0.0,0.0,0.0,0.0,0.0,0.0,0.0,0.0,0.0,0.0,0.0,0.0,0.0,0.0,0.0,0.0,0.0,0.0,0.0,0.0,0.0,0.0,0.0,0.0,0.0,0.0,0.0,0.0,0.0,0.0,0.0,0.0,0.0,0.0,0.0,0.0,0.0,0.0,0.0,0.0,0.0,0.0
37,-2.163246899254606,0.42049260101832153,0.0,0.0,0.0,0.0,0.0,0.0,0.0,0.02938764100444567,0.0,0.00440101583021434,0.0,0.0,0.0,0.0,0.0,0.0,0.0,0.0,0.0,0.0,0.0,0.0,0.0,0.0,0.0,0.0,0.0,0.0,0.0,0.0,0.0,0.0,0.0,0.0,0.0,0.0,0.0,0.0,0.0,0.0,0.0,0.0,0.0,0.0,0.0,0.0,0.0,0.0,0.0,0.0,0.0,0.0,0.0,0.0,0.0,0.0,0.0,0.0,0.0,0.0,0.0,0.0,0.0,0.0,0.0,0.0,0.0,0.0,0.0,0.0,0.0,0.0,0.0,0.0,0.0,0.0,0.0,0.0,0.0,0.0,0.0,0.0,0.0,0.0,0.0,0.0,0.0,0.0,0.0,0.0,0.0,0.0,0.0,0.0,0.0,0.0,0.0,0.0,0.0,0.0,0.0,0.0
38,0.0,0.0,0.0,0.0,0.0,0.0,0.0,0.0,0.0,0.03303937906425184,0.0,0.006874769458123586,0.0023769694304861372,0.0,0.0,0.0,0.0,0.0,0.0,0.0,0.0,0.0,0.0,0.0,0.0,0.0,0.0,0.0,0.0,0.0,0.0,0.0,0.0,0.0,0.0,0.0,0.0,0.0,0.0,0.0,0.0,0.0,0.0,0.0,0.0,0.0,0.0,0.0,0.0,0.0,0.0,0.0,0.0,0.0,0.0,0.0,0.0,0.0,0.0,0.0,0.0,0.0,0.0,0.0,0.0,0.0,0.0,0.0,0.0,0.0,0.0,0.0,0.0,0.0,0.0,0.0,0.0,0.0,0.0,0.0,0.0,0.0,0.0,0.0,0.0,0.0,0.0,0.0,0.0,0.0,0.0,0.0,0.0,0.0,0.0,0.0,0.0,0.0,0.0,0.0,0.0,0.0,0.0,0.0
39,-2.128645257449897,0.5703687777060398,0.0,0.0,0.0,0.0,0.0,0.0,0.0,0.032365549813597044,0.0,0.006402788096330879,0.0016070486039703158,0.0,0.0,0.0,0.0,0.0,0.0,0.0,0.0,0.0,0.0,0.0,0.0,0.0,0.0,0.0,0.0,0.0,0.0,0.0,0.0,0.0,0.0,0.0,0.0,0.0,0.0,0.0,0.0,0.0,0.0,0.0,0.0,0.0,0.0,0.0,0.0,0.0,0.0,0.0,0.0,0.0,0.0,0.0,0.0,0.0,0.0,0.0,0.0,0.0,0.0,0.0,0.0,0.0,0.0,0.0,0.0,0.0,0.0,0.0,0.0,0.0,0.0,0.0,0.0,0.0,0.0,0.0,0.0,0.0,0.0,0.0,0.0,0.0,0.0,0.0,0.0,0.0,0.0,0.0,0.0,0.0,0.0,0.0,0.0,0.0,0.0,0.0,0.0,0.0,0.0,0.0
40,-2.17025603405077,0.38267469384849967,0.0,0.0,0.0,0.0,0.0,0.0,0.0,0.028584848566742503,0.0,0.0038810097871227584,0.0,0.0,0.0,0.0,0.0,0.0,0.0,0.0,0.0,0.0,0.0,0.0,0.0,0.0,0.0,0.0,0.0,0.0,0.0,0.0,0.0,0.0,0.0,0.0,0.0,0.0,0.0,0.0,0.0,0.0,0.0,0.0,0.0,0.0,0.0,0.0,0.0,0.0,0.0,0.0,0.0,0.0,0.0,0.0,0.0,0.0,0.0,0.0,0.0,0.0,0.0,0.0,0.0,0.0,0.0,0.0,0.0,0.0,0.0,0.0,0.0,0.0,0.0,0.0,0.0,0.0,0.0,0.0,0.0,0.0,0.0,0.0,0.0,0.0,0.0,0.0,0.0,0.0,0.0,0.0,0.0,0.0,0.0,0.0,0.0,0.0,0.0,0.0,0.0,0.0,0.0,0.0
41,0.0,0.0,0.0,0.0,0.0,0.0,0.0,0.0,0.0,0.027763868835871446,0.0,0.0033564694878361243,0.0,0.0,0.0,0.0,0.0,0.0,0.0,0.0,0.0,0.0,0.0,0.0,0.0,0.0,0.0,0.0,0.0,0.0,0.0,0.0,0.0,0.0,0.0,0.0,0.0,0.0,0.0,0.0,0.0,0.0,0.0,0.0,0.0,0.0,0.0,0.0,0.0,0.0,0.0,0.0,0.0,0.0,0.0,0.0,0.0,0.0,0.0,0.0,0.0,0.0,0.0,0.0,0.0,0.0,0.0,0.0,0.0,0.0,0.0,0.0,0.0,0.0,0.0,0.0,0.0,0.0,0.0,0.0,0.0,0.0,0.0,0.0,0.0,0.0,0.0,0.0,0.0,0.0,0.0,0.0,0.0,0.0,0.0,0.0,0.0,0.0,0.0,0.0,0.0,0.0,0.0,0.0
42,-2.0708342051286825,0.7537220107671518,0.0,0.0,0.0,0.0,0.0,0.0,0.0,0.035386475056771366,0.0,0.008567490262495639,0.005121359989857559,0.0,0.0,0.0,0.0,0.0,0.0,0.0,0.0,0.0,0.0,0.0,0.0,0.0,0.0,0.0,0.0,0.0,0.0,0.0,0.0,0.0,0.0,0.0,0.0,0.0,0.0,0.0,0.0,0.0,0.0,0.0,0.0,0.0,0.0,0.0,0.0,0.0,0.0,0.0,0.0,0.0,0.0,0.0,0.0,0.0,0.0,0.0,0.0,0.0,0.0,0.0,0.0,0.0,0.0,0.0,0.0,0.0,0.0,0.0,0.0,0.0,0.0,0.0,0.0,0.0,0.0,0.0,0.0,0.0,0.0,0.0,0.0,0.0,0.0,0.0,0.0,0.0,0.0,0.0,0.0,0.0,0.0,0.0,0.0,0.0,0.0,0.0,0.0,0.0,0.0,0.0
43,-2.0836730699215655,0.7174661750420424,0.0,0.0,0.0,0.0,0.0,0.0,0.0,0.03485574119602916,0.0,0.008182670719484626,0.004505401852501096,0.0,0.0,0.0,0.0,0.0,0.0,0.0,0.0,0.0,0.0,0.0,0.0,0.0,0.0,0.0,0.0,0.0,0.0,0.0,0.0,0.0,0.0,0.0,0.0,0.0,0.0,0.0,0.0,0.0,0.0,0.0,0.0,0.0,0.0,0.0,0.0,0.0,0.0,0.0,0.0,0.0,0.0,0.0,0.0,0.0,0.0,0.0,0.0,0.0,0.0,0.0,0.0,0.0,0.0,0.0,0.0,0.0,0.0,0.0,0.0,0.0,0.0,0.0,0.0,0.0,0.0,0.0,0.0,0.0,0.0,0.0,0.0,0.0,0.0,0.0,0.0,0.0,0.0,0.0,0.0,0.0,0.0,0.0,0.0,0.0,0.0,0.0,0.0,0.0,0.0,0.0
44,-2.0958772277123563,0.680991792169765,0.0,0.0,0.0,0.0,0.0,0.0,0.0,0.034286457538804195,0.0,0.007768491453924099,0.0038341324627538123,0.0,0.0,0.0,0.0,0.0,0.0,0.0,0.0,0.0,0.0,0.0,0.0,0.0,0.0,0.0,0.0,0.0,0.0,0.0,0.0,0.0,0.0,0.0,0.0,0.0,0.0,0.0,0.0,0.0,0.0,0.0,0.0,0.0,0.0,0.0,0.0,0.0,0.0,0.0,0.0,0.0,0.0,0.0,0.0,0.0,0.0,0.0,0.0,0.0,0.0,0.0,0.0,0.0,0.0,0.0,0.0,0.0,0.0,0.0,0.0,0.0,0.0,0.0,0.0,0.0,0.0,0.0,0.0,0.0,0.0,0.0,0.0,0.0,0.0,0.0,0.0,0.0,0.0,0.0,0.0,0.0,0.0,0.0,0.0,0.0,0.0,0.0,0.0,0.0,0.0,0.0
45,-2.107442960996367,0.6443099726006761,0.0,0.0,0.0,0.0,0.0,0.0,0.0,0.03368036813018703,0.0,0.0073310521389465125,0.0031214563739687035,0.0,0.0,0.0,0.0,0.0,0.0,0.0,0.0,0.0,0.0,0.0,0.0,0.0,0.0,0.0,0.0,0.0,0.0,0.0,0.0,0.0,0.0,0.0,0.0,0.0,0.0,0.0,0.0,0.0,0.0,0.0,0.0,0.0,0.0,0.0,0.0,0.0,0.0,0.0,0.0,0.0,0.0,0.0,0.0,0.0,0.0,0.0,0.0,0.0,0.0,0.0,0.0,0.0,0.0,0.0,0.0,0.0,0.0,0.0,0.0,0.0,0.0,0.0,0.0,0.0,0.0,0.0,0.0,0.0,0.0,0.0,0.0,0.0,0.0,0.0,0.0,0.0,0.0,0.0,0.0,0.0,0.0,0.0,0.0,0.0,0.0,0.0,0.0,0.0,0.0,0.0
46,-2.1183667467392002,0.6074318899723632,0.0,0.0,0.0,0.0,0.0,0.0,0.0,0.03303937906425184,0.0,0.006874769458123586,0.0023769694304861372,0.0,0.0,0.0,0.0,0.0,0.0,0.0,0.0,0.0,0.0,0.0,0.0,0.0,0.0,0.0,0.0,0.0,0.0,0.0,0.0,0.0,0.0,0.0,0.0,0.0,0.0,0.0,0.0,0.0,0.0,0.0,0.0,0.0,0.0,0.0,0.0,0.0,0.0,0.0,0.0,0.0,0.0,0.0,0.0,0.0,0.0,0.0,0.0,0.0,0.0,0.0,0.0,0.0,0.0,0.0,0.0,0.0,0.0,0.0,0.0,0.0,0.0,0.0,0.0,0.0,0.0,0.0,0.0,0.0,0.0,0.0,0.0,0.0,0.0,0.0,0.0,0.0,0.0,0.0,0.0,0.0,0.0,0.0,0.0,0.0,0.0,0.0,0.0,0.0,0.0,0.0
47,-2.0573645441762958,0.7897482554663117,0.0,0.0,0.0,0.0,0.0,0.0,0.0,0.03587708522681324,0.0003517734345617942,0.009188190625919655,0.005939394653731311,0.0,0.0,0.0,0.0,0.0,0.0,0.0,0.0,0.0,0.0,0.0,0.0,0.0,0.0,0.0,0.0,0.0,0.0,0.0,0.0,0.0,0.0,0.0,0.0,0.0,0.0,0.0,0.0,0.0,0.0,0.0,0.0,0.0,0.0,0.0,0.0,0.0,0.0,0.0,0.0,0.0,0.0,0.0,0.0,0.0,0.0,0.0,0.0,0.0,0.0,0.0,0.0,0.0,0.0,0.0,0.0,0.0,0.0,0.0,0.0,0.0,0.0,0.0,0.0,0.0,0.0,0.0,0.0,0.0,0.0,0.0,0.0,0.0,0.0,0.0,0.0,0.0,0.0,0.0,0.0,0.0,0.0,0.0,0.0,0.0,0.0,0.0,0.0,0.0,0.0,0.0
48,-2.128645257449897,0.5703687777060398,0.0,0.0,0.0,0.0,0.0,0.0,0.0,0.032365549813597044,0.0,0.006402788096330879,0.0016070486039703158,0.0,0.0,0.0,0.0,0.0,0.0,0.0,0.0,0.0,0.0,0.0,0.0,0.0,0.0,0.0,0.0,0.0,0.0,0.0,0.0,0.0,0.0,0.0,0.0,0.0,0.0,0.0,0.0,0.0,0.0,0.0,0.0,0.0,0.0,0.0,0.0,0.0,0.0,0.0,0.0,0.0,0.0,0.0,0.0,0.0,0.0,0.0,0.0,0.0,0.0,0.0,0.0,0.0,0.0,0.0,0.0,0.0,0.0,0.0,0.0,0.0,0.0,0.0,0.0,0.0,0.0,0.0,0.0,0.0,0.0,0.0,0.0,0.0,0.0,0.0,0.0,0.0,0.0,0.0,0.0,0.0,0.0,0.0,0.0,0.0,0.0,0.0,0.0,0.0,0.0,0.0
49,0.0,0.0,0.0,0.0,0.0,0.0,0.0,0.0,0.0,0.03632617898083004,0.0016995111856407557,0.010540667283875796,0.007454969963008255,0.0,0.0,0.0,0.0,0.0,0.0,0.0,0.0,0.0,0.0,0.0,0.0,0.0,0.0,0.0,0.0,0.0,0.0,0.0,0.0,0.0,0.0,0.0,0.0,0.0,0.0,0.0,0.0,0.0,0.0,0.0,0.0,0.0,0.0,0.0,0.0,0.0,0.0,0.0,0.0,0.0,0.0,0.0,0.0,0.0,0.0,0.0,0.0,0.0,0.0,0.0,0.0,0.0,0.0,0.0,0.0,0.0,0.0,0.0,0.0,0.0,0.0,0.0,0.0,0.0,0.0,0.0,0.0,0.0,0.0,0.0,0.0,0.0,0.0,0.0,0.0,0.0,0.0,0.0,0.0,0.0,0.0,0.0,0.0,0.0,0.0,0.0,0.0,0.0,0.0,0.0
50,0.0,0.0,0.0,0.0,0.0,0.0,0.0,0.0,0.0,0.031661081879254066,0.0,0.005917508675181552,0.0008161925265650842,0.0,0.0,0.0,0.0,0.0,0.0,0.0,0.0,0.0,0.0,0.0,0.0,0.0,0.0,0.0,0.0,0.0,0.0,0.0,0.0,0.0,0.0,0.0,0.0,0.0,0.0,0.0,0.0,0.0,0.0,0.0,0.0,0.0,0.0,0.0,0.0,0.0,0.0,0.0,0.0,0.0,0.0,0.0,0.0,0.0,0.0,0.0,0.0,0.0,0.0,0.0,0.0,0.0,0.0,0.0,0.0,0.0,0.0,0.0,0.0,0.0,0.0,0.0,0.0,0.0,0.0,0.0,0.0,0.0,0.0,0.0,0.0,0.0,0.0,0.0,0.0,0.0,0.0,0.0,0.0,0.0,0.0,0.0,0.0,0.0,0.0,0.0,0.0,0.0,0.0,0.0
51,-2.17660408783522,0.34474022025987955,0.0,0.0,0.0,0.0,0.0,0.0,0.0,0.027763868835871446,0.0,0.0033564694878361243,0.0,0.0,0.0,0.0,0.0,0.0,0.0,0.0,0.0,0.0,0.0,0.0,0.0,0.0,0.0,0.0,0.0,0.0,0.0,0.0,0.0,0.0,0.0,0.0,0.0,0.0,0.0,0.0,0.0,0.0,0.0,0.0,0.0,0.0,0.0,0.0,0.0,0.0,0.0,0.0,0.0,0.0,0.0,0.0,0.0,0.0,0.0,0.0,0.0,0.0,0.0,0.0,0.0,0.0,0.0,0.0,0.0,0.0,0.0,0.0,0.0,0.0,0.0,0.0,0.0,0.0,0.0,0.0,0.0,0.0,0.0,0.0,0.0,0.0,0.0,0.0,0.0,0.0,0.0,0.0,0.0,0.0,0.0,0.0,0.0,0.0,0.0,0.0,0.0,0.0,0.0,0.0
52,-2.182289126929278,0.30670073546059357,0.0,0.0,0.0,0.0,0.0,0.0,0.0,0.026927284739172632,0.0,0.0028289789491099805,0.0,0.0,0.0,0.0,0.0,0.0,0.0,0.0,0.0,0.0,0.0,0.0,0.0,0.0,0.0,0.0,0.0,0.0,0.0,0.0,0.0,0.0,0.0,0.0,0.0,0.0,0.0,0.0,0.0,0.0,0.0,0.0,0.0,0.0,0.0,0.0,0.0,0.0,0.0,0.0,0.0,0.0,0.0,0.0,0.0,0.0,0.0,0.0,0.0,0.0,0.0,0.0,0.0,0.0,0.0,0.0,0.0,0.0,0.0,0.0,0.0,0.0,0.0,0.0,0.0,0.0,0.0,0.0,0.0,0.0,0.0,0.0,0.0,0.0,0.0,0.0,0.0,0.0,0.0,0.0,0.0,0.0,0.0,0.0,0.0,0.0,0.0,0.0,0.0,0.0,0.0,0.0
53,-2.187309419614964,0.26856782664621065,0.0,0.0,0.0,0.0,0.0,0.0,0.0,0.026077628953477292,0.0,0.0023000810120899643,0.0,0.0,0.0,0.0,0.0,0.0,0.0,0.0,0.0,0.0,0.0,0.0,0.0,0.0,0.0,0.0,0.0,0.0,0.0,0.0,0.0,0.0,0.0,0.0,0.0,0.0,0.0,0.0,0.0,0.0,0.0,0.0,0.0,0.0,0.0,0.0,0.0,0.0,0.0,0.0,0.0,0.0,0.0,0.0,0.0,0.0,0.0,0.0,0.0,0.0,0.0,0.0,0.0,0.0,0.0,0.0,0.0,0.0,0.0,0.0,0.0,0.0,0.0,0.0,0.0,0.0,0.0,0.0,0.0,0.0,0.0,0.0,0.0,0.0,0.0,0.0,0.0,0.0,0.0,0.0,0.0,0.0,0.0,0.0,0.0,0.0,0.0,0.0,0.0,0.0,0.0,0.0
54,-2.17025603405077,0.38267469384849967,0.0,0.0,0.0,0.0,0.0,0.0,0.0,0.028584848566742503,0.0,0.0038810097871227584,0.0,0.0,0.0,0.0,0.0,0.0,0.0,0.0,0.0,0.0,0.0,0.0,0.0,0.0,0.0,0.0,0.0,0.0,0.0,0.0,0.0,0.0,0.0,0.0,0.0,0.0,0.0,0.0,0.0,0.0,0.0,0.0,0.0,0.0,0.0,0.0,0.0,0.0,0.0,0.0,0.0,0.0,0.0,0.0,0.0,0.0,0.0,0.0,0.0,0.0,0.0,0.0,0.0,0.0,0.0,0.0,0.0,0.0,0.0,0.0,0.0,0.0,0.0,0.0,0.0,0.0,0.0,0.0,0.0,0.0,0.0,0.0,0.0,0.0,0.0,0.0,0.0,0.0,0.0,0.0,0.0,0.0,0.0,0.0,0.0,0.0,0.0,0.0,0.0,0.0,0.0,0.0
55,-2.1916634366624934,0.23035310947015633,0.0,0.0,0.0,0.0,0.0,0.0,0.0,0.02521734531851611,0.0,0.0017712594007435237,0.0,0.0,0.0,0.0,0.0,0.0,0.0,0.0,0.0,0.0,0.0,0.0,0.0,0.0,0.0,0.0,0.0,0.0,0.0,0.0,0.0,0.0,0.0,0.0,0.0,0.0,0.0,0.0,0.0,0.0,0.0,0.0,0.0,0.0,0.0,0.0,0.0,0.0,0.0,0.0,0.0,0.0,0.0,0.0,0.0,0.0,0.0,0.0,0.0,0.0,0.0,0.0,0.0,0.0,0.0,0.0,0.0,0.0,0.0,0.0,0.0,0.0,0.0,0.0,0.0,0.0,0.0,0.0,0.0,0.0,0.0,0.0,0.0,0.0,0.0,0.0,0.0,0.0,0.0,0.0,0.0,0.0,0.0,0.0,0.0,0.0,0.0,0.0,0.0,0.0,0.0,0.0
56,0.0,0.0,0.0,0.0,0.0,0.0,0.0,0.0,0.0,0.02938764100444567,0.0,0.00440101583021434,0.0,0.0,0.0,0.0,0.0,0.0,0.0,0.0,0.0,0.0,0.0,0.0,0.0,0.0,0.0,0.0,0.0,0.0,0.0,0.0,0.0,0.0,0.0,0.0,0.0,0.0,0.0,0.0,0.0,0.0,0.0,0.0,0.0,0.0,0.0,0.0,0.0,0.0,0.0,0.0,0.0,0.0,0.0,0.0,0.0,0.0,0.0,0.0,0.0,0.0,0.0,0.0,0.0,0.0,0.0,0.0,0.0,0.0,0.0,0.0,0.0,0.0,0.0,0.0,0.0,0.0,0.0,0.0,0.0,0.0,0.0,0.0,0.0,0.0,0.0,0.0,0.0,0.0,0.0,0.0,0.0,0.0,0.0,0.0,0.0,0.0,0.0,0.0,0.0,0.0,0.0,0.0
57,-2.1953498517960948,0.1920682245054757,0.0,0.0,0.0,0.0,0.0,0.0,0.0,0.02434875028780824,0.0,0.001243917344883962,0.0,0.0,0.0,0.0,0.0,0.0,0.0,0.0,0.0,0.0,0.0,0.0,0.0,0.0,0.0,0.0,0.0,0.0,0.0,0.0,0.0,0.0,0.0,0.0,0.0,0.0,0.0,0.0,0.0,0.0,0.0,0.0,0.0,0.0,0.0,0.0,0.0,0.0,0.0,0.0,0.0,0.0,0.0,0.0,0.0,0.0,0.0,0.0,0.0,0.0,0.0,0.0,0.0,0.0,0.0,0.0,0.0,0.0,0.0,0.0,0.0,0.0,0.0,0.0,0.0,0.0,0.0,0.0,0.0,0.0,0.0,0.0,0.0,0.0,0.0,0.0,0.0,0.0,0.0,0.0,0.0,0.0,0.0,0.0,0.0,0.0,0.0,0.0,0.0,0.0,0.0,0.0
58,0.0,0.0,0.0,0.0,0.0,0.0,0.0,0.0,0.0,0.023473995660610477,0.0,0.0007193552536734584,0.0,0.0,0.0,0.0,0.0,0.0,0.0,0.0,0.0,0.0,0.0,0.0,0.0,0.0,0.0,0.0,0.0,0.0,0.0,0.0,0.0,0.0,0.0,0.0,0.0,0.0,0.0,0.0,0.0,0.0,0.0,0.0,0.0,0.0,0.0,0.0,0.0,0.0,0.0,0.0,0.0,0.0,0.0,0.0,0.0,0.0,0.0,0.0,0.0,0.0,0.0,0.0,0.0,0.0,0.0,0.0,0.0,0.0,0.0,0.0,0.0,0.0,0.0,0.0,0.0,0.0,0.0,0.0,0.0,0.0,0.0,0.0,0.0,0.0,0.0,0.0,0.0,0.0,0.0,0.0,0.0,0.0,0.0,0.0,0.0,0.0,0.0,0.0,0.0,0.0,0.0,0.0
59,-2.1983675420980076,0.15372483369900508,0.0,0.0,0.0,0.0,0.0,0.0,0.0,0.023473995660610477,0.0,0.0007193552536734584,0.0,0.0,0.0,0.0,0.0,0.0,0.0,0.0,0.0,0.0,0.0,0.0,0.0,0.0,0.0,0.0,0.0,0.0,0.0,0.0,0.0,0.0,0.0,0.0,0.0,0.0,0.0,0.0,0.0,0.0,0.0,0.0,0.0,0.0,0.0,0.0,0.0,0.0,0.0,0.0,0.0,0.0,0.0,0.0,0.0,0.0,0.0,0.0,0.0,0.0,0.0,0.0,0.0,0.0,0.0,0.0,0.0,0.0,0.0,0.0,0.0,0.0,0.0,0.0,0.0,0.0,0.0,0.0,0.0,0.0,0.0,0.0,0.0,0.0,0.0,0.0,0.0,0.0,0.0,0.0,0.0,0.0,0.0,0.0,0.0,0.0,0.0,0.0,0.0,0.0,0.0,0.0
60,-2.2007155883505325,0.11533461681902282,0.0,0.0,0.0,0.0,0.0,0.0,0.0,0.022595033862179103,0.0,0.00019874920990561802,0.0,0.0,0.0,0.0,0.0,0.0,0.0,0.0,0.0,0.0,0.0,0.0,0.0,0.0,0.0,0.0,0.0,0.0,0.0,0.0,0.0,0.0,0.0,0.0,0.0,0.0,0.0,0.0,0.0,0.0,0.0,0.0,0.0,0.0,0.0,0.0,0.0,0.0,0.0,0.0,0.0,0.0,0.0,0.0,0.0,0.0,0.0,0.0,0.0,0.0,0.0,0.0,0.0,0.0,0.0,0.0,0.0,0.0,0.0,0.0,0.0,0.0,0.0,0.0,0.0,0.0,0.0,0.0,0.0,0.0,0.0,0.0,0.0,0.0,0.0,0.0,0.0,0.0,0.0,0.0,0.0,0.0,0.0,0.0,0.0,0.0,0.0,0.0,0.0,0.0,0.0,0.0
61,-2.202393275316035,0.07690926789748694,0.0,0.0,0.0,0.0,0.0,0.0,0.0,0.021713587001528763,0.0,0.0,0.0,0.0,0.0,0.0,0.0,0.0,0.0,0.0,0.0,0.0,0.0,0.0,0.0,0.0,0.0,0.0,0.0,0.0,0.0,0.0,0.0,0.0,0.0,0.0,0.0,0.0,0.0,0.0,0.0,0.0,0.0,0.0,0.0,0.0,0.0,0.0,0.0,0.0,0.0,0.0,0.0,0.0,0.0,0.0,0.0,0.0,0.0,0.0,0.0,0.0,0.0,0.0,0.0,0.0,0.0,0.0,0.0,0.0,0.0,0.0,0.0,0.0,0.0,0.0,0.0,0.0,0.0,0.0,0.0,0.0,0.0,0.0,0.0,0.0,0.0,0.0,0.0,0.0,0.0,0.0,0.0,0.0,0.0,0.0,0.0,0.0,0.0,0.0,0.0,0.0,0.0,0.0
62,-2.2034000919548142,0.03846049166791171,0.0,0.0,0.0,0.0,0.0,0.0,0.0,0.020831120835409122,0.0,0.0,0.0,0.0,0.0,0.0,0.0,0.0,0.0,0.0,0.0,0.0,0.0,0.0,0.0,0.0,0.0,0.0,0.0,0.0,0.0,0.0,0.0,0.0,0.0,0.0,0.0,0.0,0.0,0.0,0.0,0.0,0.0,0.0,0.0,0.0,0.0,0.0,0.0,0.0,0.0,0.0,0.0,0.0,0.0,0.0,0.0,0.0,0.0,0.0,0.0,0.0,0.0,0.0,0.0,0.0,0.0,0.0,0.0,0.0,0.0,0.0,0.0,0.0,0.0,0.0,0.0,0.0,0.0,0.0,0.0,0.0,0.0,0.0,0.0,0.0,0.0,0.0,0.0,0.0,0.0,0.0,0.0,0.0,0.0,0.0,0.0,0.0,0.0,0.0,0.0,0.0,0.0,0.0
63,-2.1953498517960948,0.1920682245054757,0.0,0.0,0.0,0.0,0.0,0.0,0.0,0.02434875028780824,0.0,0.001243917344883962,0.0,0.0,0.0,0.0,0.0,0.0,0.0,0.0,0.0,0.0,0.0,0.0,0.0,0.0,0.0,0.0,0.0,0.0,0.0,0.0,0.0,0.0,0.0,0.0,0.0,0.0,0.0,0.0,0.0,0.0,0.0,0.0,0.0,0.0,0.0,0.0,0.0,0.0,0.0,0.0,0.0,0.0,0.0,0.0,0.0,0.0,0.0,0.0,0.0,0.0,0.0,0.0,0.0,0.0,0.0,0.0,0.0,0.0,0.0,0.0,0.0,0.0,0.0,0.0,0.0,0.0,0.0,0.0,0.0,0.0,0.0,0.0,0.0,0.0,0.0,0.0,0.0,0.0,0.0,0.0,0.0,0.0,0.0,0.0,0.0,0.0,0.0,0.0,0.0,0.0,0.0,0.0
64,-2.2037357315807675,2.6987979098470376e-16,0.0,0.0,0.0,0.0,0.0,0.0,0.0,0.019948824609656732,0.0,0.0,0.0,0.0,0.0,0.0,0.0,0.0,0.0,0.0,0.0,0.0,0.0,0.0,0.0,0.0,0.0,0.0,0.0,0.0,0.0,0.0,0.0,0.0,0.0,0.0,0.0,0.0,0.0,0.0,0.0,0.0,0.0,0.0,0.0,0.0,0.0,0.0,0.0,0.0,0.0,0.0,0.0,0.0,0.0,0.0,0.0,0.0,0.0,0.0,0.0,0.0,0.0,0.0,0.0,0.0,0.0,0.0,0.0,0.0,0.0,0.0,0.0,0.0,0.0,0.0,0.0,0.0,0.0,0.0,0.0,0.0,0.0,0.0,0.0,0.0,0.0,0.0,0.0,0.0,0.0,0.0,0.0,0.0,0.0,0.0,0.0,0.0,0.0,0.0,0.0,0.0,0.0,0.0
65,0.0,0.0,0.0,0.0,0.0,0.0,0.0,0.0,0.0,0.02521734531851611,0.0,0.0017712594007435237,0.0,0.0,0.0,0.0,0.0,0.0,0.0,0.0,0.0,0.0,0.0,0.0,0.0,0.0,0.0,0.0,0.0,0.0,0.0,0.0,0.0,0.0,0.0,0.0,0.0,0.0,0.0,0.0,0.0,0.0,0.0,0.0,0.0,0.0,0.0,0.0,0.0,0.0,0.0,0.0,0.0,0.0,0.0,0.0,0.0,0.0,0.0,0.0,0.0,0.0,0.0,0.0,0.0,0.0,0.0,0.0,0.0,0.0,0.0,0.0,0.0,0.0,0.0,0.0,0.0,0.0,0.0,0.0,0.0,0.0,0.0,0.0,0.0,0.0,0.0,0.0,0.0,0.0,0.0,0.0,0.0,0.0,0.0,0.0,0.0,0.0,0.0,0.0,0.0,0.0,0.0,0.0
66,-2.2034000919548142,-0.03846049166791215,0.0,0.0,0.0,0.0,0.0,0.0,0.0,0.01906759753064012,0.0,0.0,0.0,0.0,0.0,0.0,0.0,0.0,0.0,0.0,0.0,0.0,0.0,0.0,0.0,0.0,0.0,0.0,0.0,0.0,0.0,0.0,0.0,0.0,0.0,0.0,0.0,0.0,0.0,0.0,0.0,0.0,0.0,0.0,0.0,0.0,0.0,0.0,0.0,0.0,0.0,0.0,0.0,0.0,0.0,0.0,0.0,0.0,0.0,0.0,0.0,0.0,0.0,0.0,0.0,0.0,0.0,0.0,0.0,0.0,0.0,0.0,0.0,0.0,0.0,0.0,0.0,0.0,0.0,0.0,0.0,0.0,0.0,0.0,0.0,0.0,0.0,0.0,0.0,0.0,0.0,0.0,0.0,0.0,0.0,0.0,0.0,0.0,0.0,0.0,0.0,0.0,0.0,0.0
67,0.0,0.0,1.1102230246251565e-16,0.0,0.0,0.0,0.0,0.0,0.0,0.018188042363712204,0.0,0.0,0.0,0.0,0.0,0.0,0.0,0.0,0.0,0.0,0.0,0.0,0.0,0.0,0.0,0.0,0.0,0.0,0.0,0.0,0.0,0.0,0.0,0.0,0.0,0.0,0.0,0.0,0.0,0.0,0.0,0.0,0.0,0.0,0.0,0.0,0.0,0.0,0.0,0.0,0.0,0.0,0.0,0.0,0.0,0.0,0.0,0.0,0.0,0.0,0.0,0.0,0.0,0.0,0.0,0.0,0.0,0.0,0.0,0.0,0.0,0.0,0.0,0.0,0.0,0.0,0.0,0.0,0.0,0.0,0.0,0.0,0.0,0.0,0.0,0.0,0.0,0.0,0.0,0.0,0.0,0.0,0.0,0.0,0.0,0.0,0.0,0.0,0.0,0.0,0.0,0.0,0.0,0.0
68,-2.202393275316035,-0.07690926789748641,1.1102230246251565e-16,0.0,0.0,0.0,0.0,0.0,0.0,0.018188042363712204,0.0,0.0,0.0,0.0,0.0,0.0,0.0,0.0,0.0,0.0,0.0,0.0,0.0,0.0,0.0,0.0,0.0,0.0,0.0,0.0,0.0,0.0,0.0,0.0,0.0,0.0,0.0,0.0,0.0,0.0,0.0,0.0,0.0,0.0,0.0,0.0,0.0,0.0,0.0,0.0,0.0,0.0,0.0,0.0,0.0,0.0,0.0,0.0,0.0,0.0,0.0,0.0,0.0,0.0,0.0,0.0,0.0,0.0,0.0,0.0,0.0,0.0,0.0,0.0,0.0,0.0,0.0,0.0,0.0,0.0,0.0,0.0,0.0,0.0,0.0,0.0,0.0,0.0,0.0,0.0,0.0,0.0,0.0,0.0,0.0,0.0,0.0,0.0,0.0,0.0,0.0,0.0,0.0,0.0
69,-2.2007155883505325,-0.11533461681902228,1.1102230246251565e-16,0.0,0.0,0.0,0.0,0.0,0.0,0.01731046636392477,0.0,0.0,0.0,0.0,0.0,0.0,0.0,0.0,0.0,0.0,0.0,0.0,0.0,0.0,0.0,0.0,0.0,0.0,0.0,0.0,0.0,0.0,0.0,0.0,0.0,0.0,0.0,0.0,0.0,0.0,0.0,0.0,0.0,0.0,0.0,0.0,0.0,0.0,0.0,0.0,0.0,0.0,0.0,0.0,0.0,0.0,0.0,0.0,0.0,0.0,0.0,0.0,0.0,0.0,0.0,0.0,0.0,0.0,0.0,0.0,0.0,0.0,0.0,0.0,0.0,0.0,0.0,0.0,0.0,0.0,0.0,0.0,0.0,0.0,0.0,0.0,0.0,0.0,0.0,0.0,0.0,0.0,0.0,0.0,0.0,0.0,0.0,0.0,0.0,0.0,0.0,0.0,0.0,0.0
70,-2.1983675420980076,-0.15372483369900453,2.220446049250313e-16,0.0,0.0,0.0,0.0,0.0,0.0,0.016434889445729597,0.0,0.0,0.0,0.0,0.0,0.0,0.0,0.0,0.0,0.0,0.0,0.0,0.0,0.0,0.0,0.0,0.0,0.0,0.0,0.0,0.0,0.0,0.0,0.0,0.0,0.0,0.0,0.0,0.0,0.0,0.0,0.0,0.0,0.0,0.0,0.0,0.0,0.0,0.0,0.0,0.0,0.0,0.0,0.0,0.0,0.0,0.0,0.0,0.0,0.0,0.0,0.0,0.0,0.0,0.0,0.0,0.0,0.0,0.0,0.0,0.0,0.0,0.0,0.0,0.0,0.0,0.0,0.0,0.0,0.0,0.0,0.0,0.0,0.0,0.0,0.0,0.0,0.0,0.0,0.0,0.0,0.0,0.0,0.0,0.0,0.0,0.0,0.0,0.0,0.0,0.0,0.0,0.0,0.0
71,-2.2034000919548142,-0.03846049166791215,0.0,0.0,0.0,0.0,0.0,0.0,0.0,0.01906759753064012,0.0,0.0,0.0,0.0,0.0,0.0,0.0,0.0,0.0,0.0,0.0,0.0,0.0,0.0,0.0,0.0,0.0,0.0,0.0,0.0,0.0,0.0,0.0,0.0,0.0,0.0,0.0,0.0,0.0,0.0,0.0,0.0,0.0,0.0,0.0,0.0,0.0,0.0,0.0,0.0,0.0,0.0,0.0,0.0,0.0,0.0,0.0,0.0,0.0,0.0,0.0,0.0,0.0,0.0,0.0,0.0,0.0,0.0,0.0,0.0,0.0,0.0,0.0,0.0,0.0,0.0,0.0,0.0,0.0,0.0,0.0,0.0,0.0,0.0,0.0,0.0,0.0,0.0,0.0,0.0,0.0,0.0,0.0,0.0,0.0,0.0,0.0,0.0,0.0,0.0,0.0,0.0,0.0,0.0
72,-2.1953498517960948,-0.19206822450547514,4.440892098500626e-16,0.0,0.0,0.0,0.0,0.0,0.0,0.01556105920242641,0.0,0.0,0.0,0.0,0.0,0.0,0.0,0.0,0.0,0.0,0.0,0.0,0.0,0.0,0.0,0.0,0.0,0.0,0.0,0.0,0.0,0.0,0.0,0.0,0.0,0.0,0.0,0.0,0.0,0.0,0.0,0.0,0.0,0.0,0.0,0.0,0.0,0.0,0.0,0.0,0.0,0.0,0.0,0.0,0.0,0.0,0.0,0.0,0.0,0.0,0.0,0.0,0.0,0.0,0.0,0.0,0.0,0.0,0.0,0.0,0.0,0.0,0.0,0.0,0.0,0.0,0.0,0.0,0.0,0.0,0.0,0.0,0.0,0.0,0.0,0.0,0.0,0.0,0.0,0.0,0.0,0.0,0.0,0.0,0.0,0.0,0.0,0.0,0.0,0.0,0.0,0.0,0.0,0.0
73,0.0,0.0,0.0,0.0,0.0,0.0,0.0,0.0,0.0,0.019948824609656732,0.0,0.0,0.0,0.0,0.0,0.0,0.0,0.0,0.0,0.0,0.0,0.0,0.0,0.0,0.0,0.0,0.0,0.0,0.0,0.0,0.0,0.0,0.0,0.0,0.0,0.0,0.0,0.0,0.0,0.0,0.0,0.0,0.0,0.0,0.0,0.0,0.0,0.0,0.0,0.0,0.0,0.0,0.0,0.0,0.0,0.0,0.0,0.0,0.0,0.0,0.0,0.0,0.0,0.0,0.0,0.0,0.0,0.0,0.0,0.0,0.0,0.0,0.0,0.0,0.0,0.0,0.0,0.0,0.0,0.0,0.0,0.0,0.0,0.0,0.0,0.0,0.0,0.0,0.0,0.0,0.0,0.0,0.0,0.0,0.0,0.0,0.0,0.0,0.0,0.0,0.0,0.0,0.0,0.0
74,-2.1916634366624934,-0.2303531094701558,6.661338147750939e-16,0.0,0.0,0.0,0.0,0.0,0.0,0.014688472118194606,0.0,0.0,0.0,0.0,0.0,0.0,0.0,0.0,0.0,0.0,0.0,0.0,0.0,0.0,0.0,0.0,0.0,0.0,0.0,0.0,0.0,0.0,0.0,0.0,0.0,0.0,0.0,0.0,0.0,0.0,0.0,0.0,0.0,0.0,0.0,0.0,0.0,0.0,0.0,0.0,0.0,0.0,0.0,0.0,0.0,0.0,0.0,0.0,0.0,0.0,0.0,0.0,0.0,0.0,0.0,0.0,0.0,0.0,0.0,0.0,0.0,0.0,0.0,0.0,0.0,0.0,0.0,0.0,0.0,0.0,0.0,0.0,0.0,0.0,0.0,0.0,0.0,0.0,0.0,0.0,0.0,0.0,0.0,0.0,0.0,0.0,0.0,0.0,0.0,0.0,0.0,0.0,0.0,0.0
75,0.0,0.0,1.2212453270876722e-15,0.0,0.0,0.0,0.0,0.0,0.0,0.013816400083135586,0.0,0.0,0.0,0.0,0.0,0.0,0.0,0.0,0.0,0.0,0.0,0.0,0.0,0.0,0.0,0.0,0.0,0.0,0.0,0.0,0.0,0.0,0.0,0.0,0.0,0.0,0.0,0.0,0.0,0.0,0.0,0.0,0.0,0.0,0.0,0.0,0.0,0.0,0.0,0.0,0.0,0.0,0.0,0.0,0.0,0.0,0.0,0.0,0.0,0.0,0.0,0.0,0.0,0.0,0.0,0.0,0.0,0.0,0.0,0.0,0.0,0.0,0.0,0.0,0.0,0.0,0.0,0.0,0.0,0.0,0.0,0.0,0.0,0.0,0.0,0.0,0.0,0.0,0.0,0.0,0.0,0.0,0.0,0.0,0.0,0.0,0.0,0.0,0.0,0.0,0.0,0.0,0.0,0.0
76,-2.187309419614964,-0.2685678266462101,1.2212453270876722e-15,0.0,0.0,0.0,0.0,0.0,0.0,0.013816400083135586,0.0,0.0,0.0,0.0,0.0,0.0,0.0,0.0,0.0,0.0,0.0,0.0,0.0,0.0,0.0,0.0,0.0,0.0,0.0,0.0,0.0,0.0,0.0,0.0,0.0,0.0,0.0,0.0,0.0,0.0,0.0,0.0,0.0,0.0,0.0,0.0,0.0,0.0,0.0,0.0,0.0,0.0,0.0,0.0,0.0,0.0,0.0,0.0,0.0,0.0,0.0,0.0,0.0,0.0,0.0,0.0,0.0,0.0,0.0,0.0,0.0,0.0,0.0,0.0,0.0,0.0,0.0,0.0,0.0,0.0,0.0,0.0,0.0,0.0,0.0,0.0,0.0,0.0,0.0,0.0,0.0,0.0,0.0,0.0,0.0,0.0,0.0,0.0,0.0,0.0,0.0,0.0,0.0,0.0
77,-2.182289126929278,-0.30670073546059406,2.1094237467877974e-15,0.0,0.0,0.0,0.0,0.0,0.0,0.012943921148541511,0.0,0.0,0.0,0.0,0.0,0.0,0.0,0.0,0.0,0.0,0.0,0.0,0.0,0.0,0.0,0.0,0.0,0.0,0.0,0.0,0.0,0.0,0.0,0.0,0.0,0.0,0.0,0.0,0.0,0.0,0.0,0.0,0.0,0.0,0.0,0.0,0.0,0.0,0.0,0.0,0.0,0.0,0.0,0.0,0.0,0.0,0.0,0.0,0.0,0.0,0.0,0.0,0.0,0.0,0.0,0.0,0.0,0.0,0.0,0.0,0.0,0.0,0.0,0.0,0.0,0.0,0.0,0.0,0.0,0.0,0.0,0.0,0.0,0.0,0.0,0.0,0.0,0.0,0.0,0.0,0.0,0.0,0.0,0.0,0.0,0.0,0.0,0.0,0.0,0.0,0.0,0.0,0.0,0.0
78,-2.17660408783522,-0.3447402202598789,3.774758283725532e-15,0.0,0.0,0.0,0.0,0.0,0.0,0.01206995334317305,0.0,0.0,0.0,0.0,0.0,0.0,0.0,0.0,0.0,0.0,0.0,0.0,0.0,0.0,0.0,0.0,0.0,0.0,0.0,0.0,0.0,0.0,0.0,0.0,0.0,0.0,0.0,0.0,0.0,0.0,0.0,0.0,0.0,0.0,0.0,0.0,0.0,0.0,0.0,0.0,0.0,0.0,0.0,0.0,0.0,0.0,0.0,0.0,0.0,0.0,0.0,0.0,0.0,0.0,0.0,0.0,0.0,0.0,0.0,0.0,0.0,0.0,0.0,0.0,0.0,0.0,0.0,0.0,0.0,0.0,0.0,0.0,0.0,0.0,0.0,0.0,0.0,0.0,0.0,0.0,0.0,0.0,0.0,0.0,0.0,0.0,0.0,0.0,0.0,0.0,0.0,0.0,0.0,0.0
79,-2.17025603405077,-0.3826746938485001,6.5503158452884236e-15,0.0,0.0,0.0,0.0,0.0,0.0,0.011193290321472362,0.0,0.0,0.0,0.0,0.0,0.0,0.0,0.0,0.0,0.0,0.0,0.0,0.0,0.0,0.0,0.0,0.0,0.0,0.0,0.0,0.0,0.0,0.0,0.0,0.0,0.0,0.0,0.0,0.0,0.0,0.0,0.0,0.0,0.0,0.0,0.0,0.0,0.0,0.0,0.0,0.0,0.0,0.0,0.0,0.0,0.0,0.0,0.0,0.0,0.0,0.0,0.0,0.0,0.0,0.0,0.0,0.0,0.0,0.0,0.0,0.0,0.0,0.0,0.0,0.0,0.0,0.0,0.0,0.0,0.0,0.0,0.0,0.0,0.0,0.0,0.0,0.0,0.0,0.0,0.0,0.0,0.0,0.0,0.0,0.0,0.0,0.0,0.0,0.0,0.0,0.0,0.0,0.0,0.0
80,-2.1916634366624934,-0.2303531094701558,6.661338147750939e-16,0.0,0.0,0.0,0.0,0.0,0.0,0.014688472118194606,0.0,0.0,0.0,0.0,0.0,0.0,0.0,0.0,0.0,0.0,0.0,0.0,0.0,0.0,0.0,0.0,0.0,0.0,0.0,0.0,0.0,0.0,0.0,0.0,0.0,0.0,0.0,0.0,0.0,0.0,0.0,0.0,0.0,0.0,0.0,0.0,0.0,0.0,0.0,0.0,0.0,0.0,0.0,0.0,0.0,0.0,0.0,0.0,0.0,0.0,0.0,0.0,0.0,0.0,0.0,0.0,0.0,0.0,0.0,0.0,0.0,0.0,0.0,0.0,0.0,0.0,0.0,0.0,0.0,0.0,0.0,0.0,0.0,0.0,0.0,0.0,0.0,0.0,0.0,0.0,0.0,0.0,0.0,0.0,0.0,0.0,0.0,0.0,0.0,0.0,0.0,0.0,0.0,0.0
81,-2.1632468992546063,-0.42049260101832103,1.1324274851176597e-14,0.0,0.0,0.0,0.0,0.0,0.0,0.010312637629559024,0.0,0.0,0.0,0.0,0.0,0.0,0.0,0.0,0.0,0.0,0.0,0.0,0.0,0.0,0.0,0.0,0.0,0.0,0.0,0.0,0.0,0.0,0.0,0.0,0.0,0.0,0.0,0.0,0.0,0.0,0.0,0.0,0.0,0.0,0.0,0.0,0.0,0.0,0.0,0.0,0.0,0.0,0.0,0.0,0.0,0.0,0.0,0.0,0.0,0.0,0.0,0.0,0.0,0.0,0.0,0.0,0.0,0.0,0.0,0.0,0.0,0.0,0.0,0.0,0.0,0.0,0.0,0.0,0.0,0.0,0.0,0.0,0.0,0.0,0.0,0.0,0.0,0.0,0.0,0.0,0.0,0.0,0.0,0.0,0.0,0.0,0.0,0.0,0.0,0.0,0.0,0.0,0.0,0.0
82,0.0,0.0,4.440892098500626e-16,0.0,0.0,0.0,0.0,0.0,0.0,0.01556105920242641,0.0,0.0,0.0,0.0,0.0,0.0,0.0,0.0,0.0,0.0,0.0,0.0,0.0,0.0,0.0,0.0,0.0,0.0,0.0,0.0,0.0,0.0,0.0,0.0,0.0,0.0,0.0,0.0,0.0,0.0,0.0,0.0,0.0,0.0,0.0,0.0,0.0,0.0,0.0,0.0,0.0,0.0,0.0,0.0,0.0,0.0,0.0,0.0,0.0,0.0,0.0,0.0,0.0,0.0,0.0,0.0,0.0,0.0,0.0,0.0,0.0,0.0,0.0,0.0,0.0,0.0,0.0,0.0,0.0,0.0,0.0,0.0,0.0,0.0,0.0,0.0,0.0,0.0,0.0,0.0,0.0,0.0,0.0,0.0,0.0,0.0,0.0,0.0,0.0,0.0,0.0,0.0,0.0,0.0
83,-2.1555788184970854,-0.4581824220684696,1.9761969838327786e-14,0.0,0.0,0.0,0.0,0.0,0.0,0.009426648446888402,0.0,0.0,0.0,0.0,0.0,0.0,0.0,0.0,0.0,0.0,0.0,0.0,0.0,0.0,0.0,0.0,0.0,0.0,0.0,0.0,0.0,0.0,0.0,0.0,0.0,0.0,0.0,0.0,0.0,0.0,0.0,0.0,0.0,0.0,0.0,0.0,0.0,0.0,0.0,0.0,0.0,0.0,0.0,0.0,0.0,0.0,0.0,0.0,0.0,0.0,0.0,0.0,0.0,0.0,0.0,0.0,0.0,0.0,0.0,0.0,0.0,0.0,0.0,0.0,0.0,0.0,0.0,0.0,0.0,0.0,0.0,0.0,0.0,0.0,0.0,0.0,0.0,0.0,0.0,0.0,0.0,0.0,0.0,0.0,0.0,0.0,0.0,0.0,0.0,0.0,0.0,0.0,0.0,0.0
84,0.0,0.0,3.452793606584237e-14,0.0,0.0,0.0,0.0,0.0,0.0,0.008533957781082707,0.0,0.0,0.0,0.0,0.0,0.0,0.0,0.0,0.0,0.0,0.0,0.0,0.0,0.0,0.0,0.0,0.0,0.0,0.0,0.0,0.0,0.0,0.0,0.0,0.0,0.0,0.0,0.0,0.0,0.0,0.0,0.0,0.0,0.0,0.0,0.0,0.0,0.0,0.0,0.0,0.0,0.0,0.0,0.0,0.0,0.0,0.0,0.0,0.0,0.0,0.0,0.0,0.0,0.0,0.0,0.0,0.0,0.0,0.0,0.0,0.0,0.0,0.0,0.0,0.0,0.0,0.0,0.0,0.0,0.0,0.0,0.0,0.0,0.0,0.0,0.0,0.0,0.0,0.0,0.0,0.0,0.0,0.0,0.0,0.0,0.0,0.0,0.0,0.0,0.0,0.0,0.0,0.0,0.0
85,-2.1472541275498904,-0.49573267631434226,3.452793606584237e-14,0.0,0.0,0.0,0.0,0.0,0.0,0.008533957781082707,0.0,0.0,0.0,0.0,0.0,0.0,0.0,0.0,0.0,0.0,0.0,0.0,0.0,0.0,0.0,0.0,0.0,0.0,0.0,0.0,0.0,0.0,0.0,0.0,0.0,0.0,0.0,0.0,0.0,0.0,0.0,0.0,0.0,0.0,0.0,0.0,0.0,0.0,0.0,0.0,0.0,0.0,0.0,0.0,0.0,0.0,0.0,0.0,0.0,0.0,0.0,0.0,0.0,0.0,0.0,0.0,0.0,0.0,0.0,0.0,0.0,0.0,0.0,0.0,0.0,0.0,0.0,0.0,0.0,0.0,0.0,0.0,0.0,0.0,0.0,0.0,0.0,0.0,0.0,0.0,0.0,0.0,0.0,0.0,0.0,0.0,0.0,0.0,0.0,0.0,0.0,0.0,0.0,0.0
86,-2.138275362194525,-0.5331319255847393,6.017408793468348e-14,0.0,0.0,0.0,0.0,0.0,0.0,0.007633214246439759,0.0,0.0,0.0,0.0,0.0,0.0,0.0,0.0,0.0,0.0,0.0,0.0,0.0,0.0,0.0,0.0,0.0,0.0,0.0,0.0,0.0,0.0,0.0,0.0,0.0,0.0,0.0,0.0,0.0,0.0,0.0,0.0,0.0,0.0,0.0,0.0,0.0,0.0,0.0,0.0,0.0,0.0,0.0,0.0,0.0,0.0,0.0,0.0,0.0,0.0,0.0,0.0,0.0,0.0,0.0,0.0,0.0,0.0,0.0,0.0,0.0,0.0,0.0,0.0,0.0,0.0,0.0,0.0,0.0,0.0,0.0,0.0,0.0,0.0,0.0,0.0,0.0,0.0,0.0,0.0,0.0,0.0,0.0,0.0,0.0,0.0,0.0,0.0,0.0,0.0,0.0,0.0,0.0,0.0
87,-2.1286452574498975,-0.5703687777060393,1.0491607582707729e-13,0.0,0.0,0.0,0.0,0.0,0.0,0.006723108725575832,0.0,0.0,0.0,0.0,0.0,0.0,0.0,0.0,0.0,0.0,0.0,0.0,0.0,0.0,0.0,0.0,0.0,0.0,0.0,0.0,0.0,0.0,0.0,0.0,0.0,0.0,0.0,0.0,0.0,0.0,0.0,0.0,0.0,0.0,0.0,0.0,0.0,0.0,0.0,0.0,0.0,0.0,0.0,0.0,0.0,0.0,0.0,0.0,0.0,0.0,0.0,0.0,0.0,0.0,0.0,0.0,0.0,0.0,0.0,0.0,0.0,0.0,0.0,0.0,0.0,0.0,0.0,0.0,0.0,0.0,0.0,0.0,0.0,0.0,0.0,0.0,0.0,0.0,0.0,0.0,0.0,0.0,0.0,0.0,0.0,0.0,0.0,0.0,0.0,0.0,0.0,0.0,0.0,0.0
88,-2.1555788184970854,-0.4581824220684696,1.9761969838327786e-14,0.0,0.0,0.0,0.0,0.0,0.0,0.009426648446888402,0.0,0.0,0.0,0.0,0.0,0.0,0.0,0.0,0.0,0.0,0.0,0.0,0.0,0.0,0.0,0.0,0.0,0.0,0.0,0.0,0.0,0.0,0.0,0.0,0.0,0.0,0.0,0.0,0.0,0.0,0.0,0.0,0.0,0.0,0.0,0.0,0.0,0.0,0.0,0.0,0.0,0.0,0.0,0.0,0.0,0.0,0.0,0.0,0.0,0.0,0.0,0.0,0.0,0.0,0.0,0.0,0.0,0.0,0.0,0.0,0.0,0.0,0.0,0.0,0.0,0.0,0.0,0.0,0.0,0.0,0.0,0.0,0.0,0.0,0.0,0.0,0.0,0.0,0.0,0.0,0.0,0.0,0.0,0.0,0.0,0.0,0.0,0.0,0.0,0.0,0.0,0.0,0.0,0.0
89,-2.1183667467392002,-0.6074318899723626,1.829647544582258e-13,0.0,0.0,0.0,0.0,0.0,0.0,0.005802399375151833,0.0,0.0,0.0,0.0,0.0,0.0,0.0,0.0,0.0,0.0,0.0,0.0,0.0,0.0,0.0,0.0,0.0,0.0,0.0,0.0,0.0,0.0,0.0,0.0,0.0,0.0,0.0,0.0,0.0,0.0,0.0,0.0,0.0,0.0,0.0,0.0,0.0,0.0,0.0,0.0,0.0,0.0,0.0,0.0,0.0,0.0,0.0,0.0,0.0,0.0,0.0,0.0,0.0,0.0,0.0,0.0,0.0,0.0,0.0,0.0,0.0,0.0,0.0,0.0,0.0,0.0,0.0,0.0,0.0,0.0,0.0,0.0,0.0,0.0,0.0,0.0,0.0,0.0,0.0,0.0,0.0,0.0,0.0,0.0,0.0,0.0,0.0,0.0,0.0,0.0,0.0,0.0,0.0,0.0
90,0.0,0.0,1.1324274851176597e-14,0.0,0.0,0.0,0.0,0.0,0.0,0.010312637629559024,0.0,0.0,0.0,0.0,0.0,0.0,0.0,0.0,0.0,0.0,0.0,0.0,0.0,0.0,0.0,0.0,0.0,0.0,0.0,0.0,0.0,0.0,0.0,0.0,0.0,0.0,0.0,0.0,0.0,0.0,0.0,0.0,0.0,0.0,0.0,0.0,0.0,0.0,0.0,0.0,0.0,0.0,0.0,0.0,0.0,0.0,0.0,0.0,0.0,0.0,0.0,0.0,0.0,0.0,0.0,0.0,0.0,0.0,0.0,0.0,0.0,0.0,0.0,0.0,0.0,0.0,0.0,0.0,0.0,0.0,0.0,0.0,0.0,0.0,0.0,0.0,0.0,0.0,0.0,0.0,0.0,0.0,0.0,0.0,0.0,0.0,0.0,0.0,0.0,0.0,0.0,0.0,0.0,0.0
91,-2.107442960996367,-0.6443099726006765,3.1907809727727e-13,0.0,0.0,0.0,0.0,0.0,0.0,0.004869932561745945,0.0,0.0,0.0,0.0,0.0,0.0,0.0,0.0,0.0,0.0,0.0,0.0,0.0,0.0,0.0,0.0,0.0,0.0,0.0,0.0,0.0,0.0,0.0,0.0,0.0,0.0,0.0,0.0,0.0,0.0,0.0,0.0,0.0,0.0,0.0,0.0,0.0,0.0,0.0,0.0,0.0,0.0,0.0,0.0,0.0,0.0,0.0,0.0,0.0,0.0,0.0,0.0,0.0,0.0,0.0,0.0,0.0,0.0,0.0,0.0,0.0,0.0,0.0,0.0,0.0,0.0,0.0,0.0,0.0,0.0,0.0,0.0,0.0,0.0,0.0,0.0,0.0,0.0,0.0,0.0,0.0,0.0,0.0,0.0,0.0,0.0,0.0,0.0,0.0,0.0,0.0,0.0,0.0,0.0
92,0.0,0.0,5.562217353372034e-13,0.0,0.0,0.0,0.0,0.0,0.0,0.003924659361411359,0.0,0.0,0.0,0.0,0.0,0.0,0.0,0.0,0.0,0.0,0.0,0.0,0.0,0.0,0.0,0.0,0.0,0.0,0.0,0.0,0.0,0.0,0.0,0.0,0.0,0.0,0.0,0.0,0.0,0.0,0.0,0.0,0.0,0.0,0.0,0.0,0.0,0.0,0.0,0.0,0.0,0.0,0.0,0.0,0.0,0.0,0.0,0.0,0.0,0.0,0.0,0.0,0.0,0.0,0.0,0.0,0.0,0.0,0.0,0.0,0.0,0.0,0.0,0.0,0.0,0.0,0.0,0.0,0.0,0.0,0.0,0.0,0.0,0.0,0.0,0.0,0.0,0.0,0.0,0.0,0.0,0.0,0.0,0.0,0.0,0.0,0.0,0.0,0.0,0.0,0.0,0.0,0.0,0.0
93,-2.0958772277123563,-0.6809917921697644,5.562217353372034e-13,0.0,0.0,0.0,0.0,0.0,0.0,0.003924659361411359,0.0,0.0,0.0,0.0,0.0,0.0,0.0,0.0,0.0,0.0,0.0,0.0,0.0,0.0,0.0,0.0,0.0,0.0,0.0,0.0,0.0,0.0,0.0,0.0,0.0,0.0,0.0,0.0,0.0,0.0,0.0,0.0,0.0,0.0,0.0,0.0,0.0,0.0,0.0,0.0,0.0,0.0,0.0,0.0,0.0,0.0,0.0,0.0,0.0,0.0,0.0,0.0,0.0,0.0,0.0,0.0,0.0,0.0,0.0,0.0,0.0,0.0,0.0,0.0,0.0,0.0,0.0,0.0,0.0,0.0,0.0,0.0,0.0,0.0,0.0,0.0,0.0,0.0,0.0,0.0,0.0,0.0,0.0,0.0,0.0,0.0,0.0,0.0,0.0,0.0,0.0,0.0,0.0,0.0
94,-2.0836730699215655,-0.7174661750420427,9.698908343125368e-13,0.0,0.0,0.0,0.0,0.0,0.0,0.0029656471724113656,0.0,0.0,0.0,0.0,0.0,0.0,0.0,0.0,0.0,0.0,0.0,0.0,0.0,0.0,0.0,0.0,0.0,0.0,0.0,0.0,0.0,0.0,0.0,0.0,0.0,0.0,0.0,0.0,0.0,0.0,0.0,0.0,0.0,0.0,0.0,0.0,0.0,0.0,0.0,0.0,0.0,0.0,0.0,0.0,0.0,0.0,0.0,0.0,0.0,0.0,0.0,0.0,0.0,0.0,0.0,0.0,0.0,0.0,0.0,0.0,0.0,0.0,0.0,0.0,0.0,0.0,0.0,0.0,0.0,0.0,0.0,0.0,0.0,0.0,0.0,0.0,0.0,0.0,0.0,0.0,0.0,0.0,0.0,0.0,0.0,0.0,0.0,0.0,0.0,0.0,0.0,0.0,0.0,0.0
95,-2.0708342051286825,-0.7537220107671513,1.691202733411501e-12,0.0,0.0,0.0,0.0,0.0,0.0,0.001992085706621604,0.0,0.0,0.0,0.0,0.0,0.0,0.0,0.0,0.0,0.0,0.0,0.0,0.0,0.0,0.0,0.0,0.0,0.0,0.0,0.0,0.0,0.0,0.0,0.0,0.0,0.0,0.0,0.0,0.0,0.0,0.0,0.0,0.0,0.0,0.0,0.0,0.0,0.0,0.0,0.0,0.0,0.0,0.0,0.0,0.0,0.0,0.0,0.0,0.0,0.0,0.0,0.0,0.0,0.0,0.0,0.0,0.0,0.0,0.0,0.0,0.0,0.0,0.0,0.0,0.0,0.0,0.0,0.0,0.0,0.0,0.0,0.0,0.0,0.0,0.0,0.0,0.0,0.0,0.0,0.0,0.0,0.0,0.0,0.0,0.0,0.0,0.0,0.0,0.0,0.0,0.0,0.0,0.0,0.0
96,-2.0573645441762958,-0.7897482554663121,2.9488633757068783e-12,0.0,0.0,0.0,0.0,0.0,0.0,0.001003286039931679,0.0,0.0,0.0,0.0,0.0,0.0,0.0,0.0,0.0,0.0,0.0,0.0,0.0,0.0,0.0,0.0,0.0,0.0,0.0,0.0,0.0,0.0,0.0,0.0,0.0,0.0,0.0,0.0,0.0,0.0,0.0,0.0,0.0,0.0,0.0,0.0,0.0,0.0,0.0,0.0,0.0,0.0,0.0,0.0,0.0,0.0,0.0,0.0,0.0,0.0,0.0,0.0,0.0,0.0,0.0,0.0,0.0,0.0,0.0,0.0,0.0,0.0,0.0,0.0,0.0,0.0,0.0,0.0,0.0,0.0,0.0,0.0,0.0,0.0,0.0,0.0,0.0,0.0,0.0,0.0,0.0,0.0,0.0,0.0,0.0,0.0,0.0,0.0,0.0,0.0,0.0,0.0,0.0,0.0
97,-2.107442960996367,-0.6443099726006765,3.1907809727727e-13,0.0,0.0,0.0,0.0,0.0,0.0,0.004869932561745945,0.0,0.0,0.0,0.0,0.0,0.0,0.0,0.0,0.0,0.0,0.0,0.0,0.0,0.0,0.0,0.0,0.0,0.0,0.0,0.0,0.0,0.0,0.0,0.0,0.0,0.0,0.0,0.0,0.0,0.0,0.0,0.0,0.0,0.0,0.0,0.0,0.0,0.0,0.0,0.0,0.0,0.0,0.0,0.0,0.0,0.0,0.0,0.0,0.0,0.0,0.0,0.0,0.0,0.0,0.0,0.0,0.0,0.0,0.0,0.0,0.0,0.0,0.0,0.0,0.0,0.0,0.0,0.0,0.0,0.0,0.0,0.0,0.0,0.0,0.0,0.0,0.0,0.0,0.0,0.0,0.0,0.0,0.0,0.0,0.0,0.0,0.0,0.0,0.0,0.0,0.0,0.0,0.0,0.0
98,-2.043268190053615,-0.8255339351963941,5.141664871644025e-12,0.0,0.0,0.0,0.0,0.0,0.0,0.0,0.0,0.0,0.0,0.0,0.0,0.0,0.0,0.0,0.0,0.0,0.0,0.0,0.0,0.0,0.0,0.0,0.0,0.0,0.0,0.0,0.0,0.0,0.0,0.0,0.0,0.0,0.0,0.0,0.0,0.0,0.0,0.0,0.0,0.0,0.0,0.0,0.0,0.0,0.0,0.0,0.0,0.0,0.0,0.0,0.0,0.0,0.0,0.0,0.0,0.0,0.0,0.0,0.0,0.0,0.0,0.0,0.0,0.0,0.0,0.0,0.0,0.0,0.0,0.0,0.0,0.0,0.0,0.0,0.0,0.0,0.0,0.0,0.0,0.0,0.0,0.0,0.0,0.0,0.0,0.0,0.0,0.0,0.0,0.0,0.0,0.0,0.0,0.0,0.0,0.0,0.0,0.0,0.0,0.0
99,0.0,0.0,1.829647544582258e-13,0.0,0.0,0.0,0.0,0.0,0.0,0.005802399375151833,0.0,0.0,0.0,0.0,0.0,0.0,0.0,0.0,0.0,0.0,0.0,0.0,0.0,0.0,0.0,0.0,0.0,0.0,0.0,0.0,0.0,0.0,0.0,0.0,0.0,0.0,0.0,0.0,0.0,0.0,0.0,0.0,0.0,0.0,0.0,0.0,0.0,0.0,0.0,0.0,0.0,0.0,0.0,0.0,0.0,0.0,0.0,0.0,0.0,0.0,0.0,0.0,0.0,0.0,0.0,0.0,0.0,0.0,0.0,0.0,0.0,0.0,0.0,0.0,0.0,0.0,0.0,0.0,0.0,0.0,0.0,0.0,0.0,0.0,0.0,0.0,0.0,0.0,0.0,0.0,0.0,0.0,0.0,0.0,0.0,0.0,0.0,0.0,0.0,0.0,0.0,0.0,0.0,0.0
100,-2.028549436646661,-0.861068149292688,8.965272968453064e-12,0.0,0.0,0.0,0.0,0.0,0.0,0.0,0.0,0.0,0.0,0.0,0.0,0.0,0.0,0.0,0.0,0.0,0.0,0.0,0.0,0.0,0.0,0.0,0.0,0.0,0.0,0.0,0.0,0.0,0.0,0.0,0.0,0.0,0.0,0.0,0.0,0.0,0.0,0.0,0.0,0.0,0.0,0.0,0.0,0.0,0.0,0.0,0.0,0.0,0.0,0.0,0.0,0.0,0.0,0.0,0.0,0.0,0.0,0.0,0.0,0.0,0.0,0.0,0.0,0.0,0.0,0.0,0.0,0.0,0.0,0.0,0.0,0.0,0.0,0.0,0.0,0.0,0.0,0.0,0.0,0.0,0.0,0.0,0.0,0.0,0.0,0.0,0.0,0.0,0.0,0.0,0.0,0.0,0.0,0.0,0.0,0.0,0.0,0.0,0.0,0.0
101,0.0,0.0,1.5632273253629592e-11,0.0,0.0,0.0,0.0,0.0,0.0,0.0,0.0,0.0,0.0,0.0,0.0,0.0,0.0,0.0,0.0,0.0,0.0,0.0,0.0,0.0,0.0,0.0,0.0,0.0,0.0,0.0,0.0,0.0,0.0,0.0,0.0,0.0,0.0,0.0,0.0,0.0,0.0,0.0,0.0,0.0,0.0,0.0,0.0,0.0,0.0,0.0,0.0,0.0,0.0,0.0,0.0,0.0,0.0,0.0,0.0,0.0,0.0,0.0,0.0,0.0,0.0,0.0,0.0,0.0,0.0,0.0,0.0,0.0,0.0,0.0,0.0,0.0,0.0,0.0,0.0,0.0,0.0,0.0,0.0,0.0,0.0,0.0,0.0,0.0,0.0,0.0,0.0,0.0,0.0,0.0,0.0,0.0,0.0,0.0,0.0,0.0,0.0,0.0,0.0,0.0
102,-1.7599816100004502,-1.326241270322276,2.1525754734241787e-08,0.0,5.0,0.13530601348662724,0.0,0.0,0.0,0.0,0.0,0.0,0.0,0.0,0.0,0.0,0.0,0.0,0.0,0.0,0.0,0.0,0.0,0.0,0.0,0.0,0.0,0.0,0.0,0.0,0.0,0.0,0.0,0.0,0.0,0.0,0.0,0.0,0.0,0.0,0.0,0.0,0.0,0.0,0.0,0.0,0.0,0.0,0.0,0.0,0.0,0.0,0.0,0.0,0.0,0.0,0.0,0.0,0.0,0.0,0.0,0.0,0.0,0.0,0.0,0.0,0.0,0.0,0.0,0.0,0.0,0.0,0.0,0.0,0.0,0.0,0.0,0.0,0.0,0.0,0.0,0.0,0.0,0.0,0.0,0.0,0.0,0.0,0.0,0.0,0.0,0.0,0.0,0.0,0.0,0.0,0.0,0.0,0.0,0.0,0.0,0.0,0.0,0.0
103,-1.7365674545930214,-1.356755191732884,3.7533157248859084e-08,0.0,5.0,0.1564680207152806,0.0,0.0,0.0,0.0,0.0,0.0,0.0,0.0,0.0,0.0,0.0,0.0,0.0,0.0,0.0,0.0,0.0,0.0,0.0,0.0,0.0,0.0,0.0,0.0,0.0,0.0,0.0,0.0,0.0,0.0,0.0,0.0,0.0,0.0,0.0,0.0,0.0,0.0,0.0,0.0,0.0,0.0,0.0,0.0,0.0,0.0,0.0,0.0,0.0,0.0,0.0,0.0,0.0,0.0,0.0,0.0,0.0,0.0,0.0,0.0,0.0,0.0,0.0,0.0,0.0,0.0,0.0,0.0,0.0,0.0,0.0,0.0,0.0,0.0,0.0,0.0,0.0,0.0,0.0,0.0,0.0,0.0,0.0,0.0,0.0,0.0,0.0,0.0,0.0,0.0,0.0,0.0,0.0,0.0,0.0,0.0,0.0,0.0
104,-1.7828596579601488,-1.295323362973139,1.2345300670624226e-08,0.0,5.0,0.1144769144130208,0.0,0.0,0.0,0.0,0.0,0.0,0.0,0.0,0.0,0.0,0.0,0.0,0.0,0.0,0.0,0.0,0.0,0.0,0.0,0.0,0.0,0.0,0.0,0.0,0.0,0.0,0.0,0.0,0.0,0.0,0.0,0.0,0.0,0.0,0.0,0.0,0.0,0.0,0.0,0.0,0.0,0.0,0.0,0.0,0.0,0.0,0.0,0.0,0.0,0.0,0.0,0.0,0.0,0.0,0.0,0.0,0.0,0.0,0.0,0.0,0.0,0.0,0.0,0.0,0.0,0.0,0.0,0.0,0.0,0.0,0.0,0.0,0.0,0.0,0.0,0.0,0.0,0.0,0.0,0.0,0.0,0.0,0.0,0.0,0.0,0.0,0.0,0.0,0.0,0.0,0.0,0.0,0.0,0.0,0.0,0.0,0.0,0.0
105,-1.7126243239164165,-1.3868558323689086,6.544429709265387e-08,0.0,5.0,0.17798013208462832,0.0,0.0,0.0,0.0,0.0,0.0,0.0,0.0,0.0,0.0,0.0,0.0,0.0,0.0,0.0,0.0,0.0,0.0,0.0,0.0,0.0,0.0,0.0,0.0,0.0,0.0,0.0,0.0,0.0,0.0,0.0,0.0,0.0,0.0,0.0,0.0,0.0,0.0,0.0,0.0,0.0,0.0,0.0,0.0,0.0,0.0,0.0,0.0,0.0,0.0,0.0,0.0,0.0,0.0,0.0,0.0,0.0,0.0,0.0,0.0,0.0,0.0,0.0,0.0,0.0,0.0,0.0,0.0,0.0,0.0,0.0,0.0,0.0,0.0,0.0,0.0,0.0,0.0,0.0,0.0,0.0,0.0,0.0,0.0,0.0,0.0,0.0,0.0,0.0,0.0,0.0,0.0,0.0,0.0,0.0,0.0,0.0,0.0
106,0.0,0.0,4.0605816487016e-09,0.0,5.0,0.073755204433075,0.0,0.0,0.0,0.0,0.0,0.0,0.0,0.0,0.0,0.0,0.0,0.0,0.0,0.0,0.0,0.0,0.0,0.0,0.0,0.0,0.0,0.0,0.0,0.0,0.0,0.0,0.0,0.0,0.0,0.0,0.0,0.0,0.0,0.0,0.0,0.0,0.0,0.0,0.0,0.0,0.0,0.0,0.0,0.0,0.0,0.0,0.0,0.0,0.0,0.0,0.0,0.0,0.0,0.0,0.0,0.0,0.0,0.0,0.0,0.0,0.0,0.0,0.0,0.0,0.0,0.0,0.0,0.0,0.0,0.0,0.0,0.0,0.0,0.0,0.0,0.0,0.0,0.0,0.0,0.0,0.0,0.0,0.0,0.0,0.0,0.0,0.0,0.0,0.0,0.0,0.0,0.0,0.0,0.0,0.0,0.0,0.0,0.0
107,-1.8051946295970827,-1.2640108875795621,7.080190767005945e-09,0.0,5.0,0.09396483209629755,0.0,0.0,0.0,0.0,0.0,0.0,0.0,0.0,0.0,0.0,0.0,0.0,0.0,0.0,0.0,0.0,0.0,0.0,0.0,0.0,0.0,0.0,0.0,0.0,0.0,0.0,0.0,0.0,0.0,0.0,0.0,0.0,0.0,0.0,0.0,0.0,0.0,0.0,0.0,0.0,0.0,0.0,0.0,0.0,0.0,0.0,0.0,0.0,0.0,0.0,0.0,0.0,0.0,0.0,0.0,0.0,0.0,0.0,0.0,0.0,0.0,0.0,0.0,0.0,0.0,0.0,0.0,0.0,0.0,0.0,0.0,0.0,0.0,0.0,0.0,0.0,0.0,0.0,0.0,0.0,0.0,0.0,0.0,0.0,0.0,0.0,0.0,0.0,0.0,0.0,0.0,0.0,0.0,0.0,0.0,0.0,0.0,0.0
108,-1.6881595112801828,-1.4165340232836183,1.1411126299432084e-07,0.0,5.0,0.19986078513818933,0.0068817560918285735,0.0,0.0,0.0,0.0,0.0,0.0,0.0,0.0,0.0,0.0,0.0,0.0,0.0,0.0,0.0,0.0,0.0,0.0,0.0,0.0,0.0,0.0,0.0,0.0,0.0,0.0,0.0,0.0,0.0,0.0,0.0,0.0,0.0,0.0,0.0,0.0,0.0,0.0,0.0,0.0,0.0,0.0,0.0,0.0,0.0,0.0,0.0,0.0,0.0,0.0,0.0,0.0,0.0,0.0,0.0,0.0,0.0,0.0,0.0,0.0,0.0,0.0,0.0,0.0,0.0,0.0,0.0,0.0,0.0,0.0,0.0,0.0,0.0,0.0,0.0,0.0,0.0,0.0,0.0,0.0,0.0,0.0,0.0,0.0,0.0,0.0,0.0,0.0,0.0,0.0,0.0,0.0,0.0,0.0,0.0,0.0,0.0
109,0.0,0.0,1.9896890468551476e-07,0.0,5.0,0.22212955694717298,0.020635510127484557,0.0,0.0,0.0,0.0,0.0,0.0,0.0,0.0,0.0,0.0,0.0,0.0,0.0,0.0,0.0,0.0,0.0,0.0,0.0,0.0,0.0,0.0,0.0,0.0,0.0,0.0,0.0,0.0,0.0,0.0,0.0,0.0,0.0,0.0,0.0,0.0,0.0,0.0,0.0,0.0,0.0,0.0,0.0,0.0,0.0,0.0,0.0,0.0,0.0,0.0,0.0,0.0,0.0,0.0,0.0,0.0,0.0,0.0,0.0,0.0,0.0,0.0,0.0,0.0,0.0,0.0,0.0,0.0,0.0,0.0,0.0,0.0,0.0,0.0,0.0,0.0,0.0,0.0,0.0,0.0,0.0,0.0,0.0,0.0,0.0,0.0,0.0,0.0,0.0,0.0,0.0,0.0,0.0,0.0,0.0,0.0,0.0
110,-1.6631804689032448,-1.4457807242125633,1.9896890468551476e-07,0.0,5.0,0.22212955694717298,0.020635510127484557,0.0,0.0,0.0,0.0,0.0,0.0,0.0,0.0,0.0,0.0,0.0,0.0,0.0,0.0,0.0,0.0,0.0,0.0,0.0,0.0,0.0,0.0,0.0,0.0,0.0,0.0,0.0,0.0,0.0,0.0,0.0,0.0,0.0,0.0,0.0,0.0,0.0,0.0,0.0,0.0,0.0,0.0,0.0,0.0,0.0,0.0,0.0,0.0,0.0,0.0,0.0,0.0,0.0,0.0,0.0,0.0,0.0,0.0,0.0,0.0,0.0,0.0,0.0,0.0,0.0,0.0,0.0,0.0,0.0,0.0,0.0,0.0,0.0,0.0,0.0,0.0,0.0,0.0,0.0,0.0,0.0,0.0,0.0,0.0,0.0,0.0,0.0,0.0,0.0,0.0,0.0,0.0,0.0,0.0,0.0,0.0,0.0
111,-1.6376948056438874,-1.4745870263273209,3.469300289271615e-07,0.0,5.0,0.2448070252166071,0.0347488009365501,0.0,0.0,0.0,0.0,0.0,0.0,0.0,0.0,0.0,0.0,0.0,0.0,0.0,0.0,0.0,0.0,0.0,0.0,0.0,0.0,0.0,0.0,0.0,0.0,0.0,0.0,0.0,0.0,0.0,0.0,0.0,0.0,0.0,0.0,0.0,0.0,0.0,0.0,0.0,0.0,0.0,0.0,0.0,0.0,0.0,0.0,0.0,0.0,0.0,0.0,0.0,0.0,0.0,0.0,0.0,0.0,0.0,0.0,0.0,0.0,0.0,0.0,0.0,0.0,0.0,0.0,0.0,0.0,0.0,0.0,0.0,0.0,0.0,0.0,0.0,0.0,0.0,0.0,0.0,0.0,0.0,0.0,0.0,0.0,0.0,0.0,0.0,0.0,0.0,0.0,0.0,0.0,0.0,0.0,0.0,0.0,0.0
112,-1.6117102846820253,-1.5029441549492135,6.049208469693923e-07,0.0,5.0,0.26791459562168823,0.04924861210682274,0.0,0.0,0.0,0.0,0.0,0.0,0.0,0.0,0.0,0.0,0.0,0.0,0.0,0.0,0.0,0.0,0.0,0.0,0.0,0.0,0.0,0.0,0.0,0.0,0.0,0.0,0.0,0.0,0.0,0.0,0.0,0.0,0.0,0.0,0.0,0.0,0.0,0.0,0.0,0.0,0.0,0.0,0.0,0.0,0.0,0.0,0.0,0.0,0.0,0.0,0.0,0.0,0.0,0.0,0.0,0.0,0.0,0.0,0.0,0.0,0.0,0.0,0.0,0.0,0.0,0.0,0.0,0.0,0.0,0.0,0.0,0.0,0.0,0.0,0.0,0.0,0.0,0.0,0.0,0.0,0.0,0.0,0.0,0.0,0.0,0.0,0.0,0.0,0.0,0.0,0.0,0.0,0.0,0.0,0.0,0.0,0.0
113,-1.5852348211544605,-1.5308434722221622,1.0547636858371234e-06,0.0,5.0,0.2914742960949159,0.06416232824015182,0.0,0.0,0.0,0.0,0.0,0.0,0.0,0.0,0.0,0.0,0.0,0.0,0.0,0.0,0.0,0.0,0.0,0.0,0.0,0.0,0.0,0.0,0.0,0.0,0.0,0.0,0.0,0.0,0.0,0.0,0.0,0.0,0.0,0.0,0.0,0.0,0.0,0.0,0.0,0.0,0.0,0.0,0.0,0.0,0.0,0.0,0.0,0.0,0.0,0.0,0.0,0.0,0.0,0.0,0.0,0.0,0.0,0.0,0.0,0.0,0.0,0.0,0.0,0.0,0.0,0.0,0.0,0.0,0.0,0.0,0.0,0.0,0.0,0.0,0.0,0.0,0.0,0.0,0.0,0.0,0.0,0.0,0.0,0.0,0.0,0.0,0.0,0.0,0.0,0.0,0.0,0.0,0.0,0.0,0.0,0.0,0.0
114,-1.6881595112801828,-1.4165340232836183,1.1411126299432084e-07,0.0,5.0,0.19986078513818933,0.0068817560918285735,0.0,0.0,0.0,0.0,0.0,0.0,0.0,0.0,0.0,0.0,0.0,0.0,0.0,0.0,0.0,0.0,0.0,0.0,0.0,0.0,0.0,0.0,0.0,0.0,0.0,0.0,0.0,0.0,0.0,0.0,0.0,0.0,0.0,0.0,0.0,0.0,0.0,0.0,0.0,0.0,0.0,0.0,0.0,0.0,0.0,0.0,0.0,0.0,0.0,0.0,0.0,0.0,0.0,0.0,0.0,0.0,0.0,0.0,0.0,0.0,0.0,0.0,0.0,0.0,0.0,0.0,0.0,0.0,0.0,0.0,0.0,0.0,0.0,0.0,0.0,0.0,0.0,0.0,0.0,0.0,0.0,0.0,0.0,0.0,0.0,0.0,0.0,0.0,0.0,0.0,0.0,0.0,0.0,0.0,0.0,0.0,0.0
115,-1.5582764797438582,-1.558276479743858,1.8391269740458682e-06,0.0,5.0,0.31550853175922855,0.07951755498641688,0.0,0.0,0.0,0.0,0.0,0.0,0.0,0.0,0.0,0.0,0.0,0.0,0.0,0.0,0.0,0.0,0.0,0.0,0.0,0.0,0.0,0.0,0.0,0.0,0.0,0.0,0.0,0.0,0.0,0.0,0.0,0.0,0.0,0.0,0.0,0.0,0.0,0.0,0.0,0.0,0.0,0.0,0.0,0.0,0.0,0.0,0.0,0.0,0.0,0.0,0.0,0.0,0.0,0.0,0.0,0.0,0.0,0.0,0.0,0.0,0.0,0.0,0.0,0.0,0.0,0.0,0.0,0.0,0.0,0.0,0.0,0.0,0.0,0.0,0.0,0.0,0.0,0.0,0.0,0.0,0.0,0.0,0.0,0.0,0.0,0.0,0.0,0.0,0.0,0.0,0.0,0.0,0.0,0.0,0.0,0.0,0.0
116,0.0,0.0,6.544429709265387e-08,0.0,5.0,0.17798013208462832,0.0,0.0,0.0,0.0,0.0,0.0,0.0,0.0,0.0,0.0,0.0,0.0,0.0,0.0,0.0,0.0,0.0,0.0,0.0,0.0,0.0,0.0,0.0,0.0,0.0,0.0,0.0,0.0,0.0,0.0,0.0,0.0,0.0,0.0,0.0,0.0,0.0,0.0,0.0,0.0,0.0,0.0,0.0,0.0,0.0,0.0,0.0,0.0,0.0,0.0,0.0,0.0,0.0,0.0,0.0,0.0,0.0,0.0,0.0,0.0,0.0,0.0,0.0,0.0,0.0,0.0,0.0,0.0,0.0,0.0,0.0,0.0,0.0,0.0,0.0,0.0,0.0,0.0,0.0,0.0,0.0,0.0,0.0,0.0,0.0,0.0,0.0,0.0,0.0,0.0,0.0,0.0,0.0,0.0,0.0,0.0,0.0,0.0
117,-1.530843472222162,-1.5852348211544607,3.206772365871302e-06,0.0,5.0,0.3400397822113819,0.09534183997278015,0.01330315088068421,0.0,0.0,0.0,0.0,0.0,0.0,0.0,0.0,0.0,0.0,0.0,0.0,0.0,0.0,0.0,0.0,0.0,0.0,0.0,0.0,0.0,0.0,0.0,0.0,0.0,0.0,0.0,0.0,0.0,0.0,0.0,0.0,0.0,0.0,0.0,0.0,0.0,0.0,0.0,0.0,0.0,0.0,0.0,0.0,0.0,0.0,0.0,0.0,0.0,0.0,0.0,0.0,0.0,0.0,0.0,0.0,0.0,0.0,0.0,0.0,0.0,0.0,0.0,0.0,0.0,0.0,0.0,0.0,0.0,0.0,0.0,0.0,0.0,0.0,0.0,0.0,0.0,0.0,0.0,0.0,0.0,0.0,0.0,0.0,0.0,0.0,0.0,0.0,0.0,0.0,0.0,0.0,0.0,0.0,0.0,0.0
118,0.0,0.0,5.591448509201236e-06,0.0,5.0,0.36509020689872873,0.11166227723206956,0.027346951994432444,0.0,0.0,0.0,0.0,0.0,0.0,0.0,0.0,0.0,0.0,0.0,0.0,0.0,0.0,0.0,0.0,0.0,0.0,0.0,0.0,0.0,0.0,0.0,0.0,0.0,0.0,0.0,0.0,0.0,0.0,0.0,0.0,0.0,0.0,0.0,0.0,0.0,0.0,0.0,0.0,0.0,0.0,0.0,0.0,0.0,0.0,0.0,0.0,0.0,0.0,0.0,0.0,0.0,0.0,0.0,0.0,0.0,0.0,0.0,0.0,0.0,0.0,0.0,0.0,0.0,0.0,0.0,0.0,0.0,0.0,0.0,0.0,0.0,0.0,0.0,0.0,0.0,0.0,0.0,0.0,0.0,0.0,0.0,0.0,0.0,0.0,0.0,0.0,0.0,0.0,0.0,0.0,0.0,0.0,0.0,0.0
119,-2.013212767430304,-0.8963400736893541,1.5632273253629592e-11,0.0,0.0,0.0,0.0,0.0,0.0,0.0,0.0,0.0,0.0,0.0,0.0,0.0,0.0,0.0,0.0,0.0,0.0,0.0,0.0,0.0,0.0,0.0,0.0,0.0,0.0,0.0,0.0,0.0,0.0,0.0,0.0,0.0,0.0,0.0,0.0,0.0,0.0,0.0,0.0,0.0,0.0,0.0,0.0,0.0,0.0,0.0,0.0,0.0,0.0,0.0,0.0,0.0,0.0,0.0,0.0,0.0,0.0,0.0,0.0,0.0,0.0,0.0,0.0,0.0,0.0,0.0,0.0,0.0,0.0,0.0,0.0,0.0,0.0,0.0,0.0,0.0,0.0,0.0,0.0,0.0,0.0,0.0,0.0,0.0,0.0,0.0,0.0,0.0,0.0,0.0,0.0,0.0,0.0,0.0,0.0,0.0,0.0,0.0,0.0,0.0
120,-1.9972628541025585,-0.9313389642165323,2.7256974455269756e-11,0.0,0.0,0.0,0.0,0.0,0.0,0.0,0.0,0.0,0.0,0.0,0.0,0.0,0.0,0.0,0.0,0.0,0.0,0.0,0.0,0.0,0.0,0.0,0.0,0.0,0.0,0.0,0.0,0.0,0.0,0.0,0.0,0.0,0.0,0.0,0.0,0.0,0.0,0.0,0.0,0.0,0.0,0.0,0.0,0.0,0.0,0.0,0.0,0.0,0.0,0.0,0.0,0.0,0.0,0.0,0.0,0.0,0.0,0.0,0.0,0.0,0.0,0.0,0.0,0.0,0.0,0.0,0.0,0.0,0.0,0.0,0.0,0.0,0.0,0.0,0.0,0.0,0.0,0.0,0.0,0.0,0.0,0.0,0.0,0.0,0.0,0.0,0.0,0.0,0.0,0.0,0.0,0.0,0.0,0.0,0.0,0.0,0.0,0.0,0.0,0.0
121,-1.980704555161533,-0.9660541598731277,4.752631621585124e-11,0.0,0.0,0.0,0.0,0.0,0.0,0.0,0.0,0.0,0.0,0.0,0.0,0.0,0.0,0.0,0.0,0.0,0.0,0.0,0.0,0.0,0.0,0.0,0.0,0.0,0.0,0.0,0.0,0.0,0.0,0.0,0.0,0.0,0.0,0.0,0.0,0.0,0.0,0.0,0.0,0.0,0.0,0.0,0.0,0.0,0.0,0.0,0.0,0.0,0.0,0.0,0.0,0.0,0.0,0.0,0.0,0.0,0.0,0.0,0.0,0.0,0.0,0.0,0.0,0.0,0.0,0.0,0.0,0.0,0.0,0.0,0.0,0.0,0.0,0.0,0.0,0.0,0.0,0.0,0.0,0.0,0.0,0.0,0.0,0.0,0.0,0.0,0.0,0.0,0.0,0.0,0.0,0.0,0.0,0.0,0.0,0.0,0.0,0.0,0.0,0.0
122,-1.96354291442549,-1.0004750860742482,8.286882291486108e-11,0.0,0.0,0.0,0.0,0.0,0.0,0.0,0.0,0.0,0.0,0.0,0.0,0.0,0.0,0.0,0.0,0.0,0.0,0.0,0.0,0.0,0.0,0.0,0.0,0.0,0.0,0.0,0.0,0.0,0.0,0.0,0.0,0.0,0.0,0.0,0.0,0.0,0.0,0.0,0.0,0.0,0.0,0.0,0.0,0.0,0.0,0.0,0.0,0.0,0.0,0.0,0.0,0.0,0.0,0.0,0.0,0.0,0.0,0.0,0.0,0.0,0.0,0.0,0.0,0.0,0.0,0.0,0.0,0.0,0.0,0.0,0.0,0.0,0.0,0.0,0.0,0.0,0.0,0.0,0.0,0.0,0.0,0.0,0.0,0.0,0.0,0.0,0.0,0.0,0.0,0.0,0.0,0.0,0.0,0.0,0.0,0.0,0.0,0.0,0.0,0.0
123,-2.028549436646661,-0.861068149292688,8.965272968453064e-12,0.0,0.0,0.0,0.0,0.0,0.0,0.0,0.0,0.0,0.0,0.0,0.0,0.0,0.0,0.0,0.0,0.0,0.0,0.0,0.0,0.0,0.0,0.0,0.0,0.0,0.0,0.0,0.0,0.0,0.0,0.0,0.0,0.0,0.0,0.0,0.0,0.0,0.0,0.0,0.0,0.0,0.0,0.0,0.0,0.0,0.0,0.0,0.0,0.0,0.0,0.0,0.0,0.0,0.0,0.0,0.0,0.0,0.0,0.0,0.0,0.0,0.0,0.0,0.0,0.0,0.0,0.0,0.0,0.0,0.0,0.0,0.0,0.0,0.0,0.0,0.0,0.0,0.0,0.0,0.0,0.0,0.0,0.0,0.0,0.0,0.0,0.0,0.0,0.0,0.0,0.0,0.0,0.0,0.0,0.0,0.0,0.0,0.0,0.0,0.0,0.0
124,-1.945783159496445,-1.0345912578723313,1.4449341723121734e-10,0.0,0.0,0.0,0.0,0.0,0.0,0.0,0.0,0.0,0.0,0.0,0.0,0.0,0.0,0.0,0.0,0.0,0.0,0.0,0.0,0.0,0.0,0.0,0.0,0.0,0.0,0.0,0.0,0.0,0.0,0.0,0.0,0.0,0.0,0.0,0.0,0.0,0.0,0.0,0.0,0.0,0.0,0.0,0.0,0.0,0.0,0.0,0.0,0.0,0.0,0.0,0.0,0.0,0.0,0.0,0.0,0.0,0.0,0.0,0.0,0.0,0.0,0.0,0.0,0.0,0.0,0.0,0.0,0.0,0.0,0.0,0.0,0.0,0.0,0.0,0.0,0.0,0.0,0.0,0.0,0.0,0.0,0.0,0.0,0.0,0.0,0.0,0.0,0.0,0.0,0.0,0.0,0.0,0.0,0.0,0.0,0.0,0.0,0.0,0.0,0.0
125,0.0,0.0,5.141664871644025e-12,0.0,0.0,0.0,0.0,0.0,0.0,0.0,0.0,0.0,0.0,0.0,0.0,0.0,0.0,0.0,0.0,0.0,0.0,0.0,0.0,0.0,0.0,0.0,0.0,0.0,0.0,0.0,0.0,0.0,0.0,0.0,0.0,0.0,0.0,0.0,0.0,0.0,0.0,0.0,0.0,0.0,0.0,0.0,0.0,0.0,0.0,0.0,0.0,0.0,0.0,0.0,0.0,0.0,0.0,0.0,0.0,0.0,0.0,0.0,0.0,0.0,0.0,0.0,0.0,0.0,0.0,0.0,0.0,0.0,0.0,0.0,0.0,0.0,0.0,0.0,0.0,0.0,0.0,0.0,0.0,0.0,0.0,0.0,0.0,0.0,0.0,0.0,0.0,0.0,0.0,0.0,0.0,0.0,0.0,0.0,0.0,0.0,0.0,0.0,0.0,0.0
126,-1.9274307001677933,-1.0683922831509554,2.519443542681188e-10,0.0,0.0,0.0,0.0,0.0,0.0,0.0,0.0,0.0,0.0,0.0,0.0,0.0,0.0,0.0,0.0,0.0,0.0,0.0,0.0,0.0,0.0,0.0,0.0,0.0,0.0,0.0,0.0,0.0,0.0,0.0,0.0,0.0,0.0,0.0,0.0,0.0,0.0,0.0,0.0,0.0,0.0,0.0,0.0,0.0,0.0,0.0,0.0,0.0,0.0,0.0,0.0,0.0,0.0,0.0,0.0,0.0,0.0,0.0,0.0,0.0,0.0,0.0,0.0,0.0,0.0,0.0,0.0,0.0,0.0,0.0,0.0,0.0,0.0,0.0,0.0,0.0,0.0,0.0,0.0,0.0,0.0,0.0,0.0,0.0,0.0,0.0,0.0,0.0,0.0,0.0,0.0,0.0,0.0,0.0,0.0,0.0,0.0,0.0,0.0,0.0
127,0.0,0.0,4.3930015181103954e-10,0.0,0.0,0.0,0.0,0.0,0.0,0.0,0.0,0.0,0.0,0.0,0.0,0.0,0.0,0.0,0.0,0.0,0.0,0.0,0.0,0.0,0.0,0.0,0.0,0.0,0.0,0.0,0.0,0.0,0.0,0.0,0.0,0.0,0.0,0.0,0.0,0.0,0.0,0.0,0.0,0.0,0.0,0.0,0.0,0.0,0.0,0.0,0.0,0.0,0.0,0.0,0.0,0.0,0.0,0.0,0.0,0.0,0.0,0.0,0.0,0.0,0.0,0.0,0.0,0.0,0.0,0.0,0.0,0.0,0.0,0.0,0.0,0.0,0.0,0.0,0.0,0.0,0.0,0.0,0.0,0.0,0.0,0.0,0.0,0.0,0.0,0.0,0.0,0.0,0.0,0.0,0.0,0.0,0.0,0.0,0.0,0.0,0.0,0.0,0.0,0.0
128,-1.9084911267764293,-1.101867865790384,4.3930015181103954e-10,0.0,0.0,0.0,0.0,0.0,0.0,0.0,0.0,0.0,0.0,0.0,0.0,0.0,0.0,0.0,0.0,0.0,0.0,0.0,0.0,0.0,0.0,0.0,0.0,0.0,0.0,0.0,0.0,0.0,0.0,0.0,0.0,0.0,0.0,0.0,0.0,0.0,0.0,0.0,0.0,0.0,0.0,0.0,0.0,0.0,0.0,0.0,0.0,0.0,0.0,0.0,0.0,0.0,0.0,0.0,0.0,0.0,0.0,0.0,0.0,0.0,0.0,0.0,0.0,0.0,0.0,0.0,0.0,0.0,0.0,0.0,0.0,0.0,0.0,0.0,0.0,0.0,0.0,0.0,0.0,0.0,0.0,0.0,0.0,0.0,0.0,0.0,0.0,0.0,0.0,0.0,0.0,0.0,0.0,0.0,0.0,0.0,0.0,0.0,0.0,0.0
129,-1.8889702084998812,-1.1350078088038582,7.659811673832451e-10,0.0,5.0,0.01481497282758834,0.0,0.0,0.0,0.0,0.0,0.0,0.0,0.0,0.0,0.0,0.0,0.0,0.0,0.0,0.0,0.0,0.0,0.0,0.0,0.0,0.0,0.0,0.0,0.0,0.0,0.0,0.0,0.0,0.0,0.0,0.0,0.0,0.0,0.0,0.0,0.0,0.0,0.0,0.0,0.0,0.0,0.0,0.0,0.0,0.0,0.0,0.0,0.0,0.0,0.0,0.0,0.0,0.0,0.0,0.0,0.0,0.0,0.0,0.0,0.0,0.0,0.0,0.0,0.0,0.0,0.0,0.0,0.0,0.0,0.0,0.0,0.0,0.0,0.0,0.0,0.0,0.0,0.0,0.0,0.0,0.0,0.0,0.0,0.0,0.0,0.0,0.0,0.0,0.0,0.0,0.0,0.0,0.0,0.0,0.0,0.0,0.0,0.0
130,-1.8688738915989587,-1.1678020174437036,1.335595078977292e-09,0.0,5.0,0.03419162428825822,0.0,0.0,0.0,0.0,0.0,0.0,0.0,0.0,0.0,0.0,0.0,0.0,0.0,0.0,0.0,0.0,0.0,0.0,0.0,0.0,0.0,0.0,0.0,0.0,0.0,0.0,0.0,0.0,0.0,0.0,0.0,0.0,0.0,0.0,0.0,0.0,0.0,0.0,0.0,0.0,0.0,0.0,0.0,0.0,0.0,0.0,0.0,0.0,0.0,0.0,0.0,0.0,0.0,0.0,0.0,0.0,0.0,0.0,0.0,0.0,0.0,0.0,0.0,0.0,0.0,0.0,0.0,0.0,0.0,0.0,0.0,0.0,0.0,0.0,0.0,0.0,0.0,0.0,0.0,0.0,0.0,0.0,0.0,0.0,0.0,0.0,0.0,0.0,0.0,0.0,0.0,0.0,0.0,0.0,0.0,0.0,0.0,0.0
131,-1.848208297606467,-1.2002405022762839,2.328796488981766e-09,0.0,5.0,0.05383478883568128,0.0,0.0,0.0,0.0,0.0,0.0,0.0,0.0,0.0,0.0,0.0,0.0,0.0,0.0,0.0,0.0,0.0,0.0,0.0,0.0,0.0,0.0,0.0,0.0,0.0,0.0,0.0,0.0,0.0,0.0,0.0,0.0,0.0,0.0,0.0,0.0,0.0,0.0,0.0,0.0,0.0,0.0,0.0,0.0,0.0,0.0,0.0,0.0,0.0,0.0,0.0,0.0,0.0,0.0,0.0,0.0,0.0,0.0,0.0,0.0,0.0,0.0,0.0,0.0,0.0,0.0,0.0,0.0,0.0,0.0,0.0,0.0,0.0,0.0,0.0,0.0,0.0,0.0,0.0,0.0,0.0,0.0,0.0,0.0,0.0,0.0,0.0,0.0,0.0,0.0,0.0,0.0,0.0,0.0,0.0,0.0,0.0,0.0
132,-1.8269797214625287,-1.2323133822248795,4.0605816487016e-09,0.0,5.0,0.073755204433075,0.0,0.0,0.0,0.0,0.0,0.0,0.0,0.0,0.0,0.0,0.0,0.0,0.0,0.0,0.0,0.0,0.0,0.0,0.0,0.0,0.0,0.0,0.0,0.0,0.0,0.0,0.0,0.0,0.0,0.0,0.0,0.0,0.0,0.0,0.0,0.0,0.0,0.0,0.0,0.0,0.0,0.0,0.0,0.0,0.0,0.0,0.0,0.0,0.0,0.0,0.0,0.0,0.0,0.0,0.0,0.0,0.0,0.0,0.0,0.0,0.0,0.0,0.0,0.0,0.0,0.0,0.0,0.0,0.0,0.0,0.0,0.0,0.0,0.0,0.0,0.0,0.0,0.0,0.0,0.0,0.0,0.0,0.0,0.0,0.0,0.0,0.0,0.0,0.0,0.0,0.0,0.0,0.0,0.0,0.0,0.0,0.0,0.0
133,-1.9274307001677933,-1.0683922831509554,2.519443542681188e-10,0.0,0.0,0.0,0.0,0.0,0.0,0.0,0.0,0.0,0.0,0.0,0.0,0.0,0.0,0.0,0.0,0.0,0.0,0.0,0.0,0.0,0.0,0.0,0.0,0.0,0.0,0.0,0.0,0.0,0.0,0.0,0.0,0.0,0.0,0.0,0.0,0.0,0.0,0.0,0.0,0.0,0.0,0.0,0.0,0.0,0.0,0.0,0.0,0.0,0.0,0.0,0.0,0.0,0.0,0.0,0.0,0.0,0.0,0.0,0.0,0.0,0.0,0.0,0.0,0.0,0.0,0.0,0.0,0.0,0.0,0.0,0.0,0.0,0.0,0.0,0.0,0.0,0.0,0.0,0.0,0.0,0.0,0.0,0.0,0.0,0.0,0.0,0.0,0.0,0.0,0.0,0.0,0.0,0.0,0.0,0.0,0.0,0.0,0.0,0.0,0.0
134,-1.8051946295970827,-1.2640108875795621,7.080190767005945e-09,0.0,5.0,0.09396483209629755,0.0,0.0,0.0,0.0,0.0,0.0,0.0,0.0,0.0,0.0,0.0,0.0,0.0,0.0,0.0,0.0,0.0,0.0,0.0,0.0,0.0,0.0,0.0,0.0,0.0,0.0,0.0,0.0,0.0,0.0,0.0,0.0,0.0,0.0,0.0,0.0,0.0,0.0,0.0,0.0,0.0,0.0,0.0,0.0,0.0,0.0,0.0,0.0,0.0,0.0,0.0,0.0,0.0,0.0,0.0,0.0,0.0,0.0,0.0,0.0,0.0,0.0,0.0,0.0,0.0,0.0,0.0,0.0,0.0,0.0,0.0,0.0,0.0,0.0,0.0,0.0,0.0,0.0,0.0,0.0,0.0,0.0,0.0,0.0,0.0,0.0,0.0,0.0,0.0,0.0,0.0,0.0,0.0,0.0,0.0,0.0,0.0,0.0
135,0.0,0.0,1.4449341723121734e-10,0.0,0.0,0.0,0.0,0.0,0.0,0.0,0.0,0.0,0.0,0.0,0.0,0.0,0.0,0.0,0.0,0.0,0.0,0.0,0.0,0.0,0.0,0.0,0.0,0.0,0.0,0.0,0.0,0.0,0.0,0.0,0.0,0.0,0.0,0.0,0.0,0.0,0.0,0.0,0.0,0.0,0.0,0.0,0.0,0.0,0.0,0.0,0.0,0.0,0.0,0.0,0.0,0.0,0.0,0.0,0.0,0.0,0.0,0.0,0.0,0.0,0.0,0.0,0.0,0.0,0.0,0.0,0.0,0.0,0.0,0.0,0.0,0.0,0.0,0.0,0.0,0.0,0.0,0.0,0.0,0.0,0.0,0.0,0.0,0.0,0.0,0.0,0.0,0.0,0.0,0.0,0.0,0.0,0.0,0.0,0.0,0.0,0.0,0.0,0.0,0.0
136,0.0,0.0,1.2345300670624226e-08,0.0,5.0,0.1144769144130208,0.0,0.0,0.0,0.0,0.0,0.0,0.0,0.0,0.0,0.0,0.0,0.0,0.0,0.0,0.0,0.0,0.0,0.0,0.0,0.0,0.0,0.0,0.0,0.0,0.0,0.0,0.0,0.0,0.0,0.0,0.0,0.0,0.0,0.0,0.0,0.0,0.0,0.0,0.0,0.0,0.0,0.0,0.0,0.0,0.0,0.0,0.0,0.0,0.0,0.0,0.0,0.0,0.0,0.0,0.0,0.0,0.0,0.0,0.0,0.0,0.0,0.0,0.0,0.0,0.0,0.0,0.0,0.0,0.0,0.0,0.0,0.0,0.0,0.0,0.0,0.0,0.0,0.0,0.0,0.0,0.0,0.0,0.0,0.0,0.0,0.0,0.0,0.0,0.0,0.0,0.0,0.0,0.0,0.0,0.0,0.0,0.0,0.0
137,1.4457807242125633,1.6631804689032443,0.03436166556115522,0.0,0.0,0.0,0.16267985514919509,0.2428298453574742,0.2933512923327211,0.21097529764819747,0.16985457795515063,0.1617089973113887,0.15130587863198827,0.1392156581890117,0.13089893328794935,0.13135056112834087,0.1348333630974252,0.13748461186772143,0.1386005507122027,0.13827360111047476,0.13800286879719423,0.13777743218923513,0.13788057167551548,0.13797169537579054,0.13870917242065062,0.13832469131203906,0.1382605078389488,0.13810130890992903,0.13793442168128475,0.13789553846676417,0.13786764592599254,0.1378728016064376,0.13799894860486583,0.1386223722460653,0.1383365686645335,0.1383267610367714,0.13825245869319172,0.13827029928492812,0.13838094324479494,0.13825194970579952,0.13827175677673595,0.1381982393699327,0.13814954416975175,0.13809695604789093,0.13810842500873205,0.1381349052212201,0.13817157334082078,0.1380936807756378,0.13814189794690826,0.138137155965062,0.13812284709908282,0.13811132023765835,0.1381567087515961,0.138173202245611,0.1381664846571044,0.13816287756799503,0.13815926222620548,0.1381546457892764,0.13814434028122438,0.1381424343193823,0.13812657615712537,0.1381456359975946,0.13814514105165993,0.13814703157025224,0.13815178153103974,0.13817761431018813,0.13816566476867848,0.13818569170277525,0.1381856917032397,0.1381856916879717,0.13818569166722966,0.13818569163514882,0.1381856915980832,0.13818569157659868,0.1381856915004789,0.1381856914576269,0.13818569142413042,0.1381856913954508,0.1381856913431998,0.1381856913062382,0.13818569122438581,0.1381856911911573,0.13818569113507112,0.13818569109473683,0.13818569106942,0.13818569100976863,0.13818569110001444,0.1381856910697127,0.1381856910066949,0.13818569096314495,0.13818569093691116,0.13818569086787919,0.13818569083670035,0.13818569076935197,0.13818569072962517,0.13818569068162648,0.13818569064123282,0.13818569057592256,0.13818569055737823,0.1381856904771268,0.13818569042866663,0.13818569038436984,0.13818569032111816,0.13818569028077116
138,1.4165340232836188,1.6881595112801828,0.05842153208797546,0.0,0.0,0.0,0.17198276793705175,0.2596562363155556,0.32254486707147406,0.24941746388567018,0.21177231558162318,0.20288131350155925,0.1921265726889039,0.1794774950615608,0.1701805557687965,0.17000104455617188,0.1733787944515858,0.17607650704686695,0.1774669848272122,0.1770989298050546,0.17687126868463784,0.17675953168071448,0.176980870475333,0.17719996467564664,0.17796199231828164,0.17753313258302234,0.17743893046830286,0.1771712039109606,0.17686803667554848,0.17680125252697038,0.1767389504884181,0.17669279161175208,0.17674508668681738,0.17724263532404116,0.1769861264976703,0.17697812232608987,0.1769217586981497,0.17695122285995382,0.17715099321768213,0.1770513690014016,0.17706848641642253,0.17698369279362672,0.1769397927806154,0.17689032671100266,0.1769100768386331,0.1769528609299988,0.17700882233934256,0.1769691834724461,0.17701894145657754,0.17701736131971102,0.17701109598255904,0.17699903936211475,0.17701589142282553,0.17700288466713057,0.17699948385164452,0.1769960597802243,0.17699277334850272,0.1769886384947676,0.1769779343918976,0.17697187370128253,0.17694220674816355,0.1769462240774557,0.17694658745101094,0.17695405690840152,0.17696349977041853,0.17699922374970023,0.1769974538941098,0.17701112655501391,0.1770111265559783,0.17701112654453302,0.17701112653171008,0.17701112650772985,0.1770111264803806,0.17701112647133269,0.17701112640873323,0.17701112637732216,0.17701112636130756,0.17701112634620994,0.17701112630761112,0.17701112628300797,0.1770111262169745,0.17701112619558512,0.17701112615237505,0.1770111261282367,0.17701112611688075,0.17701112607119684,0.1770111261803708,0.1770111261629418,0.1770111261142395,0.17701112608320643,0.17701112606815028,0.1770111260164105,0.17701112599864705,0.1770111259430665,0.177011125911952,0.1770111258761343,0.1770111258489563,0.17701112579610953,0.1770111257893403,0.17701112571947583,0.1770111256804279,0.17701112564408522,0.17701112558944965,0.17701112556240362
139,1.4745870263273209,1.6376948056438874,0.0199999581648439,0.0,0.0,0.0,0.15403360314518946,0.2273260443834123,0.26686106681847865,0.17674570798846953,0.13304239472700544,0.1255283312028077,0.11549120984050226,0.1039675180909882,0.0963983316331285,0.09690706548259549,0.10016984790302703,0.10235932187393447,0.10278253707781153,0.10250634571701138,0.10214934811396531,0.10168390061365179,0.10152345751548462,0.10129856764275696,0.10194535311955899,0.10163826009406436,0.10161095672826213,0.10155146370281538,0.10149465195539481,0.10146851970118832,0.1014369503741603,0.10145421901519326,0.10159126255632062,0.10225760853126117,0.10195288932498024,0.10194197910165961,0.10185666474567656,0.10186470707440905,0.10191190995003181,0.10176423020505691,0.10179023401904304,0.10173981530643844,0.10170985463895017,0.1016765326170954,0.10171374435234797,0.10174279587253728,0.10177487050428483,0.10167445141632701,0.1017169451861413,0.10170463115443595,0.10168262091868031,0.10167159905692753,0.10173058289273788,0.10178841720885237,0.10177863853505666,0.1017746932945594,0.10177083242219902,0.1017662835462043,0.10175792263136436,0.10175975326524443,0.10174519509281184,0.10176925967476594,0.10176597129907357,0.1017587344213618,0.10175522966703242,0.10176217614964618,0.10173541962537958,0.10176116480780005,0.10176116481157974,0.10176116480256327,0.10176116479001703,0.10176116476937,0.10176116474533664,0.10176116473312241,0.10176116467467512,0.10176116464907148,0.10176116462273348,0.10176116460450295,0.1017611645637488,0.10176116454229767,0.10176116447525632,0.10176116445379299,0.10176116440990848,0.10176116438334298,0.10176116436997118,0.10176116432309273,0.10176116442528987,0.10176116440834866,0.10176116436104382,0.10176116433284894,0.10176116432129405,0.10176116426427982,0.10176116424987208,0.10176116420479622,0.10176116418404257,0.10176116415240644,0.10176116413082772,0.10176116408157247,0.10176116408181446,0.1017611640271088,0.1017611640052934,0.10176116398427451,0.10176116394849609,0.10176116392613827
140,1.3868558323689084,1.7126243239164167,0.09762482693068936,0.0,0.0,0.0,0.1819272558573559,0.277782598163636,0.3544203441201828,0.29208925497441557,0.2588691009058309,0.24912472966524496,0.2380526679929993,0.2248875057927592,0.2144107139959833,0.21300501002284178,0.21591736301661155,0.2181912378465347,0.2193679102457691,0.21897212997468843,0.21873640955559556,0.21859115702912155,0.218772532317947,0.21896478462075597,0.21979365920457275,0.21933170256311568,0.21924229797829817,0.2189796577970817,0.2186540310401521,0.2185750826840401,0.21848236585870862,0.21839647289499528,0.2183893982392551,0.2187827755206165,0.21855985754597856,0.21855327872544644,0.21851110577344798,0.2185449983315503,0.2188033672562046,0.21873302906030037,0.2187594612208042,0.2186899617015135,0.21866151570816336,0.21862355540637834,0.21865420562834326,0.2187081411213556,0.21877439653963562,0.21876506849473987,0.21881519960321422,0.21881773118513698,0.21882095450426808,0.2188136708090018,0.2188103912973533,0.21878598519478806,0.21878418344447834,0.21878080842530997,0.21877760739439348,0.21877345199257595,0.21876102444185164,0.21875142777514117,0.2187076583827729,0.21869839985828743,0.21869903752482786,0.21870871065928588,0.21871898704663387,0.21875376542322514,0.21875059858596776,0.21875956719202475,0.21875956719329645,0.21875956718524595,0.21875956717962766,0.21875956716431527,0.2187595671478259,0.2187595671498082,0.21875956710107203,0.21875956708322533,0.21875956707824135,0.21875956707214364,0.21875956704389793,0.21875956702709318,0.21875956697098145,0.21875956695630228,0.2187595669208927,0.21875956690576026,0.21875956690075044,0.21875956686210601,0.21875956698038646,0.21875956696936447,0.21875956692792908,0.21875956690375864,0.21875956689353881,0.21875956685075598,0.2187595668396706,0.21875956679187014,0.21875956676662278,0.21875956673653169,0.21875956671738434,0.2187595666701469,0.2187595666706973,0.21875956660816537,0.21875956657654624,0.21875956654736656,0.21875956649983083,0.21875956648180914
141,0.0,0.0,0.006667823052234456,0.0,0.0,0.0,0.13900332018610137,0.20086534149495266,0.22317944403327644,0.12292027295428877,0.07750135159933023,0.07097142900261284,0.06199914667151443,0.052269984542683834,0.04680292388063205,0.04733766383238972,0.04996875435860175,0.051118845372825614,0.05030116924994802,0.05011511138855675,0.04964794421522294,0.048856787622788875,0.048393455507781104,0.04786938026112207,0.04855455460761897,0.04827384197821025,0.04829287192358272,0.0483378663221792,0.04835347951401123,0.04831194025574924,0.04821702074807581,0.04816357375784897,0.048171758914383266,0.04858797193027847,0.04836181624966316,0.04835157935277801,0.04827252945120817,0.04826726327258121,0.048263316641937413,0.04807943073200562,0.04811628926364515,0.048112804874009235,0.04814481111971934,0.04817216490309344,0.0482917384387998,0.048336695373102714,0.04836351254390791,0.04822564513778464,0.04824909743660193,0.048216279009941486,0.048175478370553325,0.048154645890176255,0.04818873552741132,0.04830559504581139,0.04829147512987465,0.04828686495015583,0.0482829031557258,0.04827950769095647,0.04827664953366345,0.04828195979122936,0.048243382005961434,0.048253660819026004,0.048244920379189635,0.04822563433242907,0.048212894895460476,0.04820149844066679,0.048174397815816034,0.04820359602511616,0.048203596042318955,0.04820359606635594,0.04820359610329844,0.048203596143218584,0.04820359618580173,0.04820359623585667,0.04820359626711988,0.048203596319208064,0.048203596366210306,0.048203596420233495,0.04820359644878582,0.04820359651134443,0.04820359652908532,0.048203596576989895,0.048203596603149886,0.04820359665913232,0.0482035967188544,0.04820359674617634,0.04820359692742823,0.048203596982203716,0.04820359701807164,0.04820359706610982,0.04820359712631182,0.04820359714285379,0.04820359721006985,0.04820359725698833,0.048203597311902956,0.04820359735677488,0.04820359741879568,0.048203597445706015,0.0482035975257299,0.04820359756800561,0.04820359764210299,0.04820359770323529,0.04820359776522853,0.04820359781952529
142,1.502944154949214,1.611710284682025,0.011568916118998962,0.0,0.0,0.0,0.14611630348470878,0.21328746834705428,0.24336465592006848,0.1472107181761828,0.10199736991749941,0.09501483430440621,0.08542465714665959,0.07462250406532352,0.06787165397700765,0.06824761682561525,0.07115150265115339,0.07273282304644633,0.07237786471561254,0.07215226789040088,0.07171108152047923,0.07100472780015349,0.07058741793180202,0.07005325818470695,0.07061128653236377,0.0703685894401283,0.07036734121257468,0.07035282788498792,0.07032790042852258,0.07029221111171927,0.07022023805700418,0.07020080045577047,0.0702707551757704,0.07084002987663648,0.07055094833247967,0.0705399606740835,0.07045372587451024,0.07045493776404195,0.07046751498904748,0.07029665003627629,0.07032371420070625,0.07029140334510037,0.07029255265544639,0.07029109622881002,0.07037490612570141,0.07041556647264756,0.07044898253327404,0.07033076995359204,0.07036305189322666,0.07033879946499745,0.07030630531975286,0.07029031928739175,0.07034060488630516,0.07043373390759303,0.07042169619648456,0.07041738052131409,0.07041345944954273,0.07040957277400951,0.07040449294579869,0.07040863026570834,0.07038234348767457,0.07039983160929719,0.07039285692611223,0.07037706611088031,0.07036633296535806,0.07035768014296084,0.07032484348856642,0.07035353830090338,0.07035353831195379,0.07035353832061739,0.0703535383345212,0.07035353834677961,0.07035353835963311,0.07035353838200428,0.0703535383747576,0.07035353839476315,0.07035353840867789,0.07035353843122433,0.07035353843127559,0.07035353845860841,0.07035353844240497,0.07035353846161754,0.07035353845955411,0.07035353848270426,0.07035353851333367,0.07035353851139005,0.07035353866295495,0.07035353869010927,0.07035353869363638,0.07035353871246677,0.07035353874530981,0.07035353873464771,0.07035353877106822,0.07035353878375339,0.07035353881038131,0.07035353882670772,0.07035353885794124,0.07035353885641764,0.07035353890723584,0.07035353891380888,0.0703535389531328,0.07035353898460149,0.07035353901064054,0.07035353903769816
143,1.3567551917328842,1.7365674545930214,0.15870117324129462,0.0,0.0,0.0,0.1925534155770302,0.2973024924020883,0.389218200517233,0.33949730074486545,0.31194386899271176,0.3012646272756043,0.29001687310879376,0.2765976672565748,0.26511322954851135,0.2622256063841778,0.2644197994723024,0.2659389192753527,0.26655917275528296,0.2661475703138062,0.2658699129552406,0.26559098876322507,0.2656251338115175,0.2657116441162592,0.26668764972964054,0.26619165528259714,0.2661455184108172,0.26603136673708117,0.26583489150785095,0.26577165839739286,0.2656741828638889,0.26558195043449623,0.26555831263100366,0.2658887555523044,0.265707887557221,0.26570144409416324,0.2656606836535374,0.26568483125002856,0.2659146189760512,0.265835737869334,0.2658731199134958,0.2658303235401552,0.26580488192093304,0.2657665283249397,0.2657760915542041,0.26580713910599657,0.26584748624907023,0.2658286639634282,0.26587865354319634,0.26588917178252813,0.2659004717385935,0.265903975053016,0.2659095378427491,0.26588964834617956,0.26588626687337125,0.2658829703079614,0.2658794615039967,0.2658740391111624,0.2658567192777019,0.26584552216855184,0.26580220852630815,0.2657952339074456,0.26579766845980457,0.2658089964419667,0.2658194231946371,0.26585191162556177,0.2658436920855303,0.2658521300243083,0.26585213002378205,0.2658521300154954,0.26585213000918134,0.26585212999764823,0.26585212998429086,0.26585212999086083,0.2658521299486837,0.26585212993731744,0.2658521299348587,0.26585212993251855,0.2658521299112885,0.26585212989904755,0.26585212984844514,0.2658521298377891,0.26585212980815204,0.2658521297992173,0.2658521297986865,0.2658521297651553,0.26585212989013646,0.2658521298841924,0.2658521298488314,0.26585212983100015,0.26585212982434164,0.26585212978872713,0.2658521297835915,0.2658521297442682,0.26585212972572525,0.26585212969971994,0.2658521296880391,0.2658521296449506,0.26585212965282373,0.2658521295985673,0.265852129575623,0.2658521295548491,0.2658521295152292,0.26585212950475995
144,0.0,0.0,0.24750766366886695,0.0,0.0,0.0,0.20390893605619143,0.3183287017766569,0.4272340300946103,0.39227990535262586,0.3720247180999266,0.3603694766844987,0.34924009092167463,0.3361440660483952,0.3243810673163681,0.32030365012116785,0.3217197086214522,0.32240510832483354,0.32238655376557634,0.3219664617811341,0.3216405809492074,0.32120130832013843,0.32103875382244484,0.32096211665159574,0.322053849400773,0.32155003476138394,0.3215601563526663,0.3216430011920641,0.32163391904700306,0.32160049626743537,0.3215141491898073,0.3214359019225208,0.3214154478229825,0.32170169537261356,0.3215589441391752,0.3215516745085359,0.32150284922107697,0.3215092218764726,0.32165398932980555,0.3215446346214423,0.32159085707995055,0.3215792354832613,0.3215498242380517,0.3215059593535758,0.3214789286599635,0.32146814154215436,0.3214595607176878,0.32140266699914505,0.32145054136854634,0.32146939712873845,0.32148570025368983,0.3215024250515538,0.32153593103318084,0.32153609313619297,0.3215290220341761,0.32152590068950265,0.3215219832575778,0.3215149041857803,0.3214924593305859,0.3214824428084321,0.3214524206106674,0.3214613521801757,0.3214661688478342,0.3214775405980669,0.3214867837597129,0.32151402957105807,0.32149638497415123,0.32150864085653313,0.3215086408529813,0.32150864084103103,0.3215086408268482,0.3215086408131879,0.32150864079507246,0.321508640798985,0.3215086407550403,0.32150864074261054,0.3215086407337348,0.32150864072923735,0.32150864071167257,0.32150864070033675,0.3215086406511261,0.32150864064159773,0.32150864061545054,0.3215086406098269,0.32150864061180684,0.3215086405814666,0.32150864071126695,0.32150864070918106,0.321508640678804,0.32150864066676393,0.3215086406626557,0.32150864063308104,0.321508640633497,0.32150864060325857,0.3215086405921067,0.3215086405690255,0.3215086405645367,0.321508640524983,0.3215086405406006,0.32150864049569633,0.32150864048285466,0.32150864047173605,0.3215086404409416,0.3215086404373291
145,1.326241270322276,1.7599816100004502,0.24750766366886695,0.0,0.0,0.0,0.20390893605619143,0.3183287017766569,0.4272340300946103,0.39227990535262586,0.3720247180999266,0.3603694766844987,0.34924009092167463,0.3361440660483952,0.3243810673163681,0.32030365012116785,0.3217197086214522,0.32240510832483354,0.32238655376557634,0.3219664617811341,0.3216405809492074,0.32120130832013843,0.32103875382244484,0.32096211665159574,0.322053849400773,0.32155003476138394,0.3215601563526663,0.3216430011920641,0.32163391904700306,0.32160049626743537,0.3215141491898073,0.3214359019225208,0.3214154478229825,0.32170169537261356,0.3215589441391752,0.3215516745085359,0.32150284922107697,0.3215092218764726,0.32165398932980555,0.3215446346214423,0.32159085707995055,0.3215792354832613,0.3215498242380517,0.3215059593535758,0.3214789286599635,0.32146814154215436,0.3214595607176878,0.32140266699914505,0.32145054136854634,0.32146939712873845,0.32148570025368983,0.3215024250515538,0.32153593103318084,0.32153609313619297,0.3215290220341761,0.32152590068950265,0.3215219832575778,0.3215149041857803,0.3214924593305859,0.3214824428084321,0.3214524206106674,0.3214613521801757,0.3214661688478342,0.3214775405980669,0.3214867837597129,0.32151402957105807,0.32149638497415123,0.32150864085653313,0.3215086408529813,0.32150864084103103,0.3215086408268482,0.3215086408131879,0.32150864079507246,0.321508640798985,0.3215086407550403,0.32150864074261054,0.3215086407337348,0.32150864072923735,0.32150864071167257,0.32150864070033675,0.3215086406511261,0.32150864064159773,0.32150864061545054,0.3215086406098269,0.32150864061180684,0.3215086405814666,0.32150864071126695,0.32150864070918106,0.321508640678804,0.32150864066676393,0.3215086406626557,0.32150864063308104,0.321508640633497,0.32150864060325857,0.3215086405921067,0.3215086405690255,0.3215086405645367,0.321508640524983,0.3215086405406006,0.32150864049569633,0.32150864048285466,0.32150864047173605,0.3215086404409416,0.3215086404373291
146,1.2953233629731393,1.7828596579601486,0.3644793625275394,0.0,0.0,0.0,0.21597860874279318,0.3408494894476062,0.4685115265965123,0.45067484723188095,0.439630346939478,0.42700262738756545,0.4164205536526612,0.4045059413185531,0.3937127955843618,0.38928638533761534,0.3900747405858055,0.3901258255902827,0.3896794174892286,0.3892519738860551,0.38890315525380514,0.3883614943912519,0.3880217515372599,0.387746344760623,0.3887862269307326,0.3883308689791578,0.38837655498632234,0.38857673788424724,0.38868631210390897,0.38867608999363934,0.3886000013557719,0.38853556781223386,0.38850760286861813,0.38875094575844793,0.38862249699973445,0.3886144705627298,0.38855837778034724,0.3885516850468434,0.3886360102549929,0.3885299325610048,0.38859056633685657,0.38862366610240756,0.3886078716327069,0.388576732725096,0.38854259822658205,0.3885121288319697,0.3884685788632525,0.3883825828634758,0.388424745517508,0.3884457630861356,0.3884632521649669,0.3884885245498036,0.38853621133068034,0.38856797442439195,0.3885578128005146,0.3885549353814564,0.3885510328358045,0.3885436633192051,0.3885212286962257,0.38851492615911354,0.3884957644550379,0.3885192327139128,0.3885240703315431,0.3885308118397596,0.3885348156989081,0.3885458950637829,0.38850944850475605,0.38852738399621467,0.38852738399124787,0.38852738397540637,0.3885273839536849,0.3885273839351907,0.38852738391158154,0.3885273839085548,0.38852738385871316,0.3885273838435446,0.3885273838203804,0.3885273838067413,0.38852738378775514,0.3885273837700828,0.38852738371467654,0.3885273836992121,0.3885273836687499,0.38852738365650263,0.3885273836509863,0.38852738361447925,0.38852738373723145,0.3885273837301132,0.3885273836948358,0.38852738367987655,0.3885273836696361,0.3885273836357637,0.388527383632099,0.38852738360238886,0.3885273835919678,0.3885273835626554,0.38852738355647104,0.38852738351153765,0.3885273835270182,0.3885273834834936,0.3885273834735626,0.3885273834664049,0.38852738343753346,0.38852738343320176
147,1.2640108875795621,1.8051946295970827,0.5000000000000002,0.0,0.0,0.0,0.2286155864654632,0.36458803765711123,0.5125407975512187,0.5139926245076974,0.514034078498646,0.5004755058082938,0.49092174438608027,0.48115775565382735,0.47282955797907406,0.46922042902436534,0.4696844230570352,0.46950931794887163,0.4690814411167373,0.4686417654073053,0.4683238230445778,0.46781669449401936,0.4674049867119864,0.46698132941078885,0.4677836570154358,0.4674240632420586,0.4674657243269986,0.4676407777696511,0.4677367440006753,0.46773320236444543,0.46766192391914385,0.4676010949629376,0.46753934745975956,0.46771075901364967,0.4675765121057945,0.46756806524226946,0.46750814703573407,0.4674964994595027,0.467560624523968,0.46749170454429834,0.4675671466266848,0.46764840890733594,0.46766323418587563,0.467663944711202,0.4676596129796453,0.4676400021864386,0.4675857449470392,0.46748806201900356,0.46752057331567043,0.46753506833460273,0.4675472225590834,0.4675695340950183,0.4675998833954767,0.46765912560826517,0.4676481264001444,0.46764562412959293,0.4676424229111642,0.46763682430248554,0.4676213295556374,0.4676201986189926,0.46760260360521144,0.4676316395412482,0.4676338048240073,0.46763339832195067,0.4676309167818675,0.46762418388635074,0.4675742295540097,0.46759749985705645,0.46759749985567806,0.46759749984555604,0.4675974998314995,0.4675974998220996,0.4675974998098655,0.4675974998156856,0.4675974997811542,0.4675974997813265,0.4675974997649839,0.4675974997611328,0.4675974997597406,0.46759749975688,0.46759749971885806,0.46759749971581,0.4675974996992831,0.46759749970272235,0.46759749970935705,0.46759749968656406,0.4675974998256014,0.4675974998325706,0.46759749981419924,0.4675974998159339,0.46759749981800514,0.46759749980122606,0.4675974998146317,0.46759749980749243,0.4675974998153991,0.46759749979924914,0.4675974998122882,0.46759749978176796,0.4675974998169101,0.46759749979696996,0.4675974998113689,0.4675974998261888,0.46759749982040894,0.4675974998347338
148,1.2323133822248797,1.8269797214625285,0.635520637472461,0.0,0.0,0.0,0.24150231944102113,0.38892180986046904,0.5580824094234546,0.5803016815821502,0.5928140266606349,0.5783886161564772,0.5702675265770832,0.5634679451136043,0.5588999278191568,0.5571962370032767,0.5576643684559552,0.5577142151190777,0.5578213202338262,0.5573613101494683,0.55714092971318,0.5568446966254513,0.5565377925861464,0.556150073035929,0.5566728280984375,0.5564015743075985,0.5564096011844478,0.5564750756866644,0.5564873646318791,0.5564868723753251,0.5564367537880671,0.5563890544551258,0.5562986094864355,0.5563791295715472,0.5562400303979266,0.5562308065335261,0.5561635756476392,0.5561473504565084,0.5561760346554968,0.5561327075319105,0.5562137800646701,0.5563300429516526,0.55636733812381,0.5563960587944583,0.5564220308229454,0.5564167905082347,0.5563579477176562,0.5562487382225247,0.5562710317571341,0.5562754515034848,0.5562758272229223,0.5562841441815424,0.5562761913604962,0.5563407647129186,0.5563309183118463,0.5563289686968829,0.5563268829407916,0.5563240556382553,0.5563184072241965,0.5563218165067475,0.5563003912933522,0.5563282772085786,0.5563272548535984,0.5563222467668547,0.5563168057742818,0.5563041356095504,0.5562594008680004,0.5562858316750908,0.5562858316810507,0.5562858316863157,0.5562858316941931,0.5562858317074951,0.5562858317207238,0.5562858317504985,0.5562858317490081,0.5562858317765479,0.5562858317901219,0.5562858318153212,0.5562858318478361,0.5562858318794489,0.5562858318795427,0.5562858319064625,0.5562858319212274,0.556285831961699,0.5562858320003282,0.5562858320105278,0.5562858321886965,0.5562858322277843,0.556285832246826,0.5562858322831779,0.5562858323145358,0.556285832334939,0.5562858323846037,0.5562858324181454,0.5562858324586014,0.5562858324726822,0.5562858325224057,0.5562858325237717,0.5562858325947087,0.5562858326153175,0.5562858326693929,0.5562858327184989,0.556285832750624,0.5562858327981751
149,1.3567551917328842,1.7365674545930214,0.15870117324129462,0.0,0.0,0.0,0.1925534155770302,0.2973024924020883,0.389218200517233,0.33949730074486545,0.31194386899271176,0.3012646272756043,0.29001687310879376,0.2765976672565748,0.26511322954851135,0.2622256063841778,0.2644197994723024,0.2659389192753527,0.26655917275528296,0.2661475703138062,0.2658699129552406,0.26559098876322507,0.2656251338115175,0.2657116441162592,0.26668764972964054,0.26619165528259714,0.2661455184108172,0.26603136673708117,0.26583489150785095,0.26577165839739286,0.2656741828638889,0.26558195043449623,0.26555831263100366,0.2658887555523044,0.265707887557221,0.26570144409416324,0.2656606836535374,0.26568483125002856,0.2659146189760512,0.265835737869334,0.2658731199134958,0.2658303235401552,0.26580488192093304,0.2657665283249397,0.2657760915542041,0.26580713910599657,0.26584748624907023,0.2658286639634282,0.26587865354319634,0.26588917178252813,0.2659004717385935,0.265903975053016,0.2659095378427491,0.26588964834617956,0.26588626687337125,0.2658829703079614,0.2658794615039967,0.2658740391111624,0.2658567192777019,0.26584552216855184,0.26580220852630815,0.2657952339074456,0.26579766845980457,0.2658089964419667,0.2658194231946371,0.26585191162556177,0.2658436920855303,0.2658521300243083,0.26585213002378205,0.2658521300154954,0.26585213000918134,0.26585212999764823,0.26585212998429086,0.26585212999086083,0.2658521299486837,0.26585212993731744,0.2658521299348587,0.26585212993251855,0.2658521299112885,0.26585212989904755,0.26585212984844514,0.2658521298377891,0.26585212980815204,0.2658521297992173,0.2658521297986865,0.2658521297651553,0.26585212989013646,0.2658521298841924,0.2658521298488314,0.26585212983100015,0.26585212982434164,0.26585212978872713,0.2658521297835915,0.2658521297442682,0.26585212972572525,0.26585212969971994,0.2658521296880391,0.2658521296449506,0.26585212965282373,0.2658521295985673,0.265852129575623,0.2658521295548491,0.2658521295152292,0.26585212950475995
150,1.2002405022762839,1.848208297606467,0.7524923363311327,0.0,0.0,0.0,0.254163960425698,0.4129083693671572,0.6032167807947184,0.646498946319768,0.6719308799732737,0.656705228162403,0.6502104378443373,0.6467541355602151,0.6465579720877994,0.6473004124562788,0.6479558459756114,0.6484906230433182,0.6494514443148276,0.648965530961814,0.6488885612368039,0.6489276142028846,0.6488763456890865,0.6487333171295716,0.6490827713455944,0.6488499720855747,0.648821541881455,0.6488037122172359,0.6487840176132514,0.6488043993677616,0.6488185081389922,0.648827248674208,0.6487724469636685,0.6488259511370064,0.6486849104210873,0.6486740631770862,0.648591120538968,0.6485651870178039,0.6485147295189146,0.6484774941218526,0.648562190513253,0.6487081446775963,0.648748332081643,0.6487878026982186,0.6488200258552793,0.6488201292538779,0.6487606999640912,0.6486511503726227,0.6486697990246169,0.6486701843909406,0.6486633609953133,0.6486610639893478,0.6486219485358228,0.6486762211944338,0.6486686723911739,0.648667335876557,0.6486662634262874,0.6486656773280466,0.6486674848340488,0.6486737056743782,0.6486523522099921,0.6486807071045695,0.6486783323613454,0.6486729842625732,0.6486682894204863,0.6486607414429754,0.648631737526659,0.6486597103555515,0.6486597103672449,0.6486597103846358,0.6486597104082391,0.6486597104337962,0.6486597104589943,0.6486597104965487,0.648659710502973,0.6486597105330506,0.6486597105557803,0.6486597105872571,0.648659710626485,0.6486597106631367,0.6486597106666332,0.64865971069736,0.6486597107158787,0.6486597107591563,0.6486597107992961,0.6486597108113096,0.6486597109908445,0.6486597110309361,0.6486597110520808,0.6486597110903326,0.648659711119907,0.6486597111419506,0.6486597111920291,0.6486597112271921,0.648659711268755,0.648659711279269,0.6486597113285542,0.6486597113281808,0.6486597113998033,0.6486597114205365,0.6486597114742194,0.6486597115233377,0.6486597115537526,0.6486597115991589
151,0.0,0.0,0.09762482693068936,0.0,0.0,0.0,0.1819272558573559,0.277782598163636,0.3544203441201828,0.29208925497441557,0.2588691009058309,0.24912472966524496,0.2380526679929993,0.2248875057927592,0.2144107139959833,0.21300501002284178,0.21591736301661155,0.2181912378465347,0.2193679102457691,0.21897212997468843,0.21873640955559556,0.21859115702912155,0.218772532317947,0.21896478462075597,0.21979365920457275,0.21933170256311568,0.21924229797829817,0.2189796577970817,0.2186540310401521,0.2185750826840401,0.21848236585870862,0.21839647289499528,0.2183893982392551,0.2187827755206165,0.21855985754597856,0.21855327872544644,0.21851110577344798,0.2185449983315503,0.2188033672562046,0.21873302906030037,0.2187594612208042,0.2186899617015135,0.21866151570816336,0.21862355540637834,0.21865420562834326,0.2187081411213556,0.21877439653963562,0.21876506849473987,0.21881519960321422,0.21881773118513698,0.21882095450426808,0.2188136708090018,0.2188103912973533,0.21878598519478806,0.21878418344447834,0.21878080842530997,0.21877760739439348,0.21877345199257595,0.21876102444185164,0.21875142777514117,0.2187076583827729,0.21869839985828743,0.21869903752482786,0.21870871065928588,0.21871898704663387,0.21875376542322514,0.21875059858596776,0.21875956719202475,0.21875956719329645,0.21875956718524595,0.21875956717962766,0.21875956716431527,0.2187595671478259,0.2187595671498082,0.21875956710107203,0.21875956708322533,0.21875956707824135,0.21875956707214364,0.21875956704389793,0.21875956702709318,0.21875956697098145,0.21875956695630228,0.2187595669208927,0.21875956690576026,0.21875956690075044,0.21875956686210601,0.21875956698038646,0.21875956696936447,0.21875956692792908,0.21875956690375864,0.21875956689353881,0.21875956685075598,0.2187595668396706,0.21875956679187014,0.21875956676662278,0.21875956673653169,0.21875956671738434,0.2187595666701469,0.2187595666706973,0.21875956660816537,0.21875956657654624,0.21875956654736656,0.21875956649983083,0.21875956648180914
152,1.167802017443704,1.8688738915989587,0.841298826758705,0.0,0.0,0.0,0.2660467696759295,0.4354437710677456,0.6456769381425451,0.70887252500431,0.7464907344554923,0.7305199053478921,0.7255548794038396,0.7252187607719809,0.7290217554370165,0.731886173750755,0.732633767057124,0.733528745760137,0.7352150527439483,0.7347061277175034,0.7347598557567486,0.7351006540659815,0.7352812823081901,0.7353607719152896,0.7355718396517268,0.7353671879091499,0.7353105803820893,0.73524479471872,0.735251691773758,0.7353033186154371,0.7354007227962455,0.735494191492765,0.7355234658505857,0.7356356619807565,0.7354759643979915,0.7354628966046424,0.7353582693918576,0.7353205973854341,0.7351704314595436,0.7351261791958389,0.7352103653349289,0.7353733669857012,0.7353966919212522,0.7354279044880006,0.735441630389417,0.7354411372944607,0.7353932163722728,0.7353113807476959,0.7353357508509666,0.7353421605859961,0.7353407899854052,0.7353411216533294,0.7352936472584592,0.735331117436254,0.7353266885700368,0.7353258596676677,0.73532535651408,0.7353256228992435,0.7353293882666372,0.7353356271962711,0.7353192897129085,0.7353505623964117,0.7353488824979085,0.7353457471994282,0.7353423192469744,0.7353405667449425,0.7353225665000573,0.7353507070787803,0.7353507070918556,0.7353507071122736,0.735350707137254,0.7353507071573484,0.7353507071742518,0.7353507071963652,0.7353507071786223,0.7353507071836305,0.7353507071829467,0.7353507071886709,0.7353507072005184,0.7353507072039854,0.735350707167898,0.735350707168423,0.7353507071560325,0.7353507071590396,0.7353507071614848,0.7353507071360516,0.7353507072693102,0.7353507072718735,0.7353507072512858,0.7353507072514236,0.735350707241332,0.7353507072212591,0.7353507072282064,0.735350707219335,0.735350707225474,0.7353507071922583,0.7353507071976717,0.7353507071552094,0.7353507071866083,0.7353507071614134,0.735350707169998,0.7353507071814264,0.7353507071663095,0.7353507071697014
153,0.0,0.0,0.9023751730693108,0.0,0.0,0.0,0.2766493817521445,0.4555295207374105,0.6834162986323838,0.764080995596585,0.8121000824366479,0.7954312625780752,0.7916448843962155,0.793677510013881,0.8002446714115091,0.8041492208812016,0.8046471463424391,0.8054325760065594,0.8073053517866526,0.8067842484837102,0.8068999296728908,0.807356636053701,0.8075651008978283,0.8075763444979334,0.8075308960175098,0.8074062061841641,0.8073254111974278,0.807185153877104,0.8071989074884617,0.807266210826327,0.8074143421499771,0.8075724012473817,0.8076648394683447,0.8078675448469078,0.8076581742643759,0.807643061439554,0.8075183920497523,0.8074740542071571,0.8072500654151071,0.8071906463887112,0.8072600410849873,0.8074081421373919,0.8073986325038545,0.8074055737988232,0.8073836182964811,0.8073788076359079,0.8073513713507025,0.8073165235586391,0.8073522566115651,0.8073709985202845,0.807383767850988,0.8073943227021292,0.8073522098750804,0.8073616616370596,0.8073611356201675,0.8073606763076485,0.8073603476718784,0.8073602871138749,0.807361114643043,0.8073639914285043,0.8073509276157504,0.8073811157036351,0.8073807196141273,0.8073805792260575,0.80737717561101,0.807376207305883,0.8073614689328764,0.8073876001094392,0.8073876001220189,0.8073876001455564,0.807387600173062,0.8073876001933521,0.8073876002091527,0.8073876002275686,0.8073876002041974,0.807387600202987,0.8073876001948993,0.8073876001923056,0.8073876001970397,0.8073876001898599,0.8073876001419522,0.8073876001329892,0.8073876001130995,0.8073876001048726,0.8073876000957001,0.8073876000595008,0.8073876001785155,0.807387600169885,0.8073876001372683,0.8073876001264297,0.8073876001028331,0.8073876000709679,0.8073876000647368,0.8073876000434169,0.8073876000394395,0.807387599991108,0.8073875999832181,0.8073875999270089,0.807387599946764,0.8073875999079708,0.8073875999031236,0.8073875999036221,0.80738759987427,0.8073875998643958
154,1.1350078088038582,1.8889702084998812,0.9023751730693108,0.0,0.0,0.0,0.2766493817521445,0.4555295207374105,0.6834162986323838,0.764080995596585,0.8121000824366479,0.7954312625780752,0.7916448843962155,0.793677510013881,0.8002446714115091,0.8041492208812016,0.8046471463424391,0.8054325760065594,0.8073053517866526,0.8067842484837102,0.8068999296728908,0.807356636053701,0.8075651008978283,0.8075763444979334,0.8075308960175098,0.8074062061841641,0.8073254111974278,0.807185153877104,0.8071989074884617,0.807266210826327,0.8074143421499771,0.8075724012473817,0.8076648394683447,0.8078675448469078,0.8076581742643759,0.807643061439554,0.8075183920497523,0.8074740542071571,0.8072500654151071,0.8071906463887112,0.8072600410849873,0.8074081421373919,0.8073986325038545,0.8074055737988232,0.8073836182964811,0.8073788076359079,0.8073513713507025,0.8073165235586391,0.8073522566115651,0.8073709985202845,0.807383767850988,0.8073943227021292,0.8073522098750804,0.8073616616370596,0.8073611356201675,0.8073606763076485,0.8073603476718784,0.8073602871138749,0.807361114643043,0.8073639914285043,0.8073509276157504,0.8073811157036351,0.8073807196141273,0.8073805792260575,0.80737717561101,0.807376207305883,0.8073614689328764,0.8073876001094392,0.8073876001220189,0.8073876001455564,0.807387600173062,0.8073876001933521,0.8073876002091527,0.8073876002275686,0.8073876002041974,0.807387600202987,0.8073876001948993,0.8073876001923056,0.8073876001970397,0.8073876001898599,0.8073876001419522,0.8073876001329892,0.8073876001130995,0.8073876001048726,0.8073876000957001,0.8073876000595008,0.8073876001785155,0.807387600169885,0.8073876001372683,0.8073876001264297,0.8073876001028331,0.8073876000709679,0.8073876000647368,0.8073876000434169,0.8073876000394395,0.807387599991108,0.8073875999832181,0.8073875999270089,0.807387599946764,0.8073875999079708,0.8073875999031236,0.8073875999036221,0.80738759987427,0.8073875998643958
155,1.101867865790384,1.9084911267764293,0.941578467912024,0.0,0.0,0.0,0.2856424669208987,0.47251617965246,0.7151277757631366,0.8100516202041438,0.8661129437835092,0.8488067667897596,0.8457378477187678,0.8491618358693465,0.8569257744207514,0.8605610751508022,0.8604265822208147,0.8605811637541452,0.8620556279747422,0.8615330177465598,0.8616389079642464,0.8620212030182913,0.8620705211122717,0.8617750862757024,0.8614406576726715,0.8614149087434037,0.8613193225305319,0.8610996697960664,0.86111017858766,0.8611760987183602,0.8613370488694758,0.8615305854799876,0.8616589937529145,0.8619708136104544,0.8616946603553776,0.8616785608132193,0.861544207571646,0.8615021678984213,0.8612739662883393,0.8612255744877751,0.8612814122728975,0.8614049786742849,0.8613639588997868,0.8613429875946891,0.8612807967927953,0.8612728869766285,0.8612664938750669,0.8612811282352594,0.8613298305272041,0.8613624662456055,0.8613912022341675,0.8614104018996037,0.8613693723236108,0.8613396460928159,0.8613433551301073,0.8613432139468112,0.8613429856414726,0.8613423891142227,0.8613392244337111,0.8613372578908542,0.8613230656887271,0.8613465077243668,0.8613466282065493,0.8613488305624171,0.8613439387466038,0.8613367093358408,0.8613173901944433,0.8613398416536806,0.8613398416658026,0.8613398416961544,0.8613398417340238,0.8613398417690121,0.8613398418020749,0.8613398418425101,0.8613398418518949,0.8613398418814131,0.8613398419020144,0.8613398419289374,0.8613398419703792,0.8613398420008358,0.8613398419993669,0.8613398420251067,0.8613398420467058,0.8613398420883558,0.8613398421232481,0.8613398421330157,0.8613398423077284,0.8613398423443713,0.8613398423639167,0.8613398424008328,0.8613398424204165,0.8613398424431997,0.8613398424894056,0.8613398425245513,0.8613398425656402,0.8613398425645856,0.8613398426103638,0.861339842603466,0.8613398426751014,0.8613398426942562,0.8613398427466132,0.861339842795686,0.8613398428213108,0.8613398428622971
156,1.0683922831509558,1.9274307001677928,0.9656383344388446,0.0,0.0,0.0,0.29290383176388674,0.4861738139737416,0.7403900349019321,0.8462230743817714,0.9079537837925308,0.8901065245177899,0.8873478315195766,0.8913018692958449,0.8989526050151899,0.9013522587979127,0.9003707970814454,0.899614036942066,0.9004096315654266,0.8998887605996442,0.8999584468932651,0.9002050827460725,0.9000930760628701,0.8995623909182873,0.8991538807378727,0.8991456431265493,0.8990522420853674,0.8988142472596797,0.8988639712985315,0.8989246507645233,0.8990850277205943,0.8992966049163923,0.8994544613189976,0.8998593487524349,0.8995470122029419,0.8995313594361125,0.899401372985363,0.8993668245567138,0.8991981792496802,0.8991949379209769,0.8992555186369783,0.8993747285771689,0.8993169469964664,0.89927500401194,0.8991763524130038,0.8991650455673195,0.899168835455178,0.8992169705769002,0.8992767834464344,0.8993215378608754,0.8993623886664273,0.8993839651820282,0.8993334502728859,0.8992630380680198,0.899270290187977,0.8992705452858484,0.8992706117918611,0.8992700320004758,0.8992653150655348,0.8992601179946754,0.8992452790068975,0.8992624935717574,0.8992620440654697,0.899264885929528,0.8992570856108696,0.8992347308053267,0.8991971526452521,0.899215828624526,0.8992158286335461,0.8992158286606303,0.899215828696461,0.8992158287296568,0.899215828765292,0.8992158288100801,0.8992158288289711,0.8992158288721349,0.8992158288946297,0.8992158289258013,0.8992158289798776,0.8992158290179598,0.8992158290301626,0.8992158290633097,0.8992158290969227,0.8992158291522946,0.8992158291973865,0.899215829219945,0.8992158294095973,0.8992158294590507,0.8992158294943757,0.8992158295459279,0.8992158295772855,0.8992158296180089,0.8992158296803451,0.8992158297348872,0.8992158297915106,0.8992158298045193,0.899215829868362,0.8992158298768923,0.8992158299667832,0.8992158300068013,0.8992158300807257,0.8992158301486566,0.899215830194628,0.8992158302542419
157,1.167802017443704,1.8688738915989587,0.841298826758705,0.0,0.0,0.0,0.2660467696759295,0.4354437710677456,0.6456769381425451,0.70887252500431,0.7464907344554923,0.7305199053478921,0.7255548794038396,0.7252187607719809,0.7290217554370165,0.731886173750755,0.732633767057124,0.733528745760137,0.7352150527439483,0.7347061277175034,0.7347598557567486,0.7351006540659815,0.7352812823081901,0.7353607719152896,0.7355718396517268,0.7353671879091499,0.7353105803820893,0.73524479471872,0.735251691773758,0.7353033186154371,0.7354007227962455,0.735494191492765,0.7355234658505857,0.7356356619807565,0.7354759643979915,0.7354628966046424,0.7353582693918576,0.7353205973854341,0.7351704314595436,0.7351261791958389,0.7352103653349289,0.7353733669857012,0.7353966919212522,0.7354279044880006,0.735441630389417,0.7354411372944607,0.7353932163722728,0.7353113807476959,0.7353357508509666,0.7353421605859961,0.7353407899854052,0.7353411216533294,0.7352936472584592,0.735331117436254,0.7353266885700368,0.7353258596676677,0.73532535651408,0.7353256228992435,0.7353293882666372,0.7353356271962711,0.7353192897129085,0.7353505623964117,0.7353488824979085,0.7353457471994282,0.7353423192469744,0.7353405667449425,0.7353225665000573,0.7353507070787803,0.7353507070918556,0.7353507071122736,0.735350707137254,0.7353507071573484,0.7353507071742518,0.7353507071963652,0.7353507071786223,0.7353507071836305,0.7353507071829467,0.7353507071886709,0.7353507072005184,0.7353507072039854,0.735350707167898,0.735350707168423,0.7353507071560325,0.7353507071590396,0.7353507071614848,0.7353507071360516,0.7353507072693102,0.7353507072718735,0.7353507072512858,0.7353507072514236,0.735350707241332,0.7353507072212591,0.7353507072282064,0.735350707219335,0.735350707225474,0.7353507071922583,0.7353507071976717,0.7353507071552094,0.7353507071866083,0.7353507071614134,0.735350707169998,0.7353507071814264,0.7353507071663095,0.7353507071697014
158,1.0345912578723313,1.945783159496445,0.9800000418351561,0.0,0.0,0.0,0.2984667770756599,0.4965852330419399,0.7594337806165894,0.873124654669948,0.9385112577501112,0.9202628117021506,0.9175589423196753,0.9214990236193976,0.9283081511589006,0.9291147738108515,0.9273070978050055,0.9256782385700476,0.925878387593642,0.9253552531218778,0.9254093304883417,0.9255895569017285,0.9254712073066523,0.9250003218351761,0.9248340454416895,0.9247111629355919,0.9246272467597937,0.9244180489787683,0.9245138237761016,0.9245618973498015,0.924707885350394,0.9249029384867807,0.925049485067864,0.925411313269733,0.9251422847754576,0.9251282945748611,0.9250145675376804,0.9249858980576219,0.9248915959962071,0.9249183552537791,0.9249905524456353,0.9251160418581004,0.9250548238940085,0.9250023101116648,0.9248793539740576,0.9248603335557515,0.9248613120389678,0.9249221999590376,0.9249877714664557,0.9250407183815526,0.9250891209763153,0.9251123553231857,0.9250612180848506,0.9249739303165441,0.9249830678646025,0.9249840042855689,0.9249847556315869,0.9249851413823683,0.9249839390288378,0.9249818530675982,0.924987346431718,0.9250205450196477,0.9250213419851253,0.9250259365345519,0.9250186807607085,0.924991370715099,0.9249436471512291,0.9249652863852793,0.924965286390237,0.9249652864078068,0.924965286428486,0.9249652864441165,0.9249652864611136,0.9249652864854665,0.9249652864763969,0.9249652864960414,0.9249652864852568,0.9249652864868515,0.9249652865162173,0.9249652865210798,0.9249652864963956,0.9249652864996506,0.9249652865023643,0.9249652865185181,0.9249652865262109,0.9249652865125393,0.9249652866554976,0.924965286668388,0.9249652866638692,0.9249652866787517,0.9249652866722265,0.9249652866721078,0.9249652866922681,0.9249652867041754,0.9249652867267132,0.9249652866982574,0.9249652867196911,0.9249652866861102,0.9249652867358938,0.9249652867311134,0.9249652867608898,0.9249652867921888,0.9249652867943494,0.9249652868127322
159,0.0,0.0,0.7524923363311327,0.0,0.0,0.0,0.254163960425698,0.4129083693671572,0.6032167807947184,0.646498946319768,0.6719308799732737,0.656705228162403,0.6502104378443373,0.6467541355602151,0.6465579720877994,0.6473004124562788,0.6479558459756114,0.6484906230433182,0.6494514443148276,0.648965530961814,0.6488885612368039,0.6489276142028846,0.6488763456890865,0.6487333171295716,0.6490827713455944,0.6488499720855747,0.648821541881455,0.6488037122172359,0.6487840176132514,0.6488043993677616,0.6488185081389922,0.648827248674208,0.6487724469636685,0.6488259511370064,0.6486849104210873,0.6486740631770862,0.648591120538968,0.6485651870178039,0.6485147295189146,0.6484774941218526,0.648562190513253,0.6487081446775963,0.648748332081643,0.6487878026982186,0.6488200258552793,0.6488201292538779,0.6487606999640912,0.6486511503726227,0.6486697990246169,0.6486701843909406,0.6486633609953133,0.6486610639893478,0.6486219485358228,0.6486762211944338,0.6486686723911739,0.648667335876557,0.6486662634262874,0.6486656773280466,0.6486674848340488,0.6486737056743782,0.6486523522099921,0.6486807071045695,0.6486783323613454,0.6486729842625732,0.6486682894204863,0.6486607414429754,0.648631737526659,0.6486597103555515,0.6486597103672449,0.6486597103846358,0.6486597104082391,0.6486597104337962,0.6486597104589943,0.6486597104965487,0.648659710502973,0.6486597105330506,0.6486597105557803,0.6486597105872571,0.648659710626485,0.6486597106631367,0.6486597106666332,0.64865971069736,0.6486597107158787,0.6486597107591563,0.6486597107992961,0.6486597108113096,0.6486597109908445,0.6486597110309361,0.6486597110520808,0.6486597110903326,0.648659711119907,0.6486597111419506,0.6486597111920291,0.6486597112271921,0.648659711268755,0.648659711279269,0.6486597113285542,0.6486597113281808,0.6486597113998033,0.6486597114205365,0.6486597114742194,0.6486597115233377,0.6486597115537526,0.6486597115991589
160,1.0004750860742484,1.9635429144254894,0.988431083881001,0.0,0.0,0.0,0.3024357047020803,0.5039732942524301,0.7727704924985872,0.8917258554373414,0.9592254333416995,0.940752346967149,0.9380131042475149,0.9417364202688738,0.9475644060827557,0.9469685429627747,0.9445268971092247,0.9422779946263863,0.9421625432891346,0.9416314921923984,0.9417075726401163,0.9419350451493617,0.9419861716403426,0.9418579631644933,0.9421422636354234,0.9418086545554535,0.9417259320543268,0.9415307269041414,0.9416083475242146,0.9416265632416151,0.9417315508269776,0.9418573572459578,0.9419134301291205,0.9420273301554591,0.9418844825954329,0.9418728650884648,0.941782323410282,0.9417550256458599,0.9417127783507347,0.9417135130341077,0.9417844984251758,0.941901765007242,0.941841089621015,0.9417848403787002,0.9416495303396069,0.9416119812519541,0.9415911037954088,0.9416287124758553,0.9416906508851848,0.941743188135298,0.9417868626482452,0.9418024380038237,0.9417470863157988,0.9416524207939068,0.9416621314831621,0.941663960378652,0.9416657475767843,0.9416680021074283,0.9416745379590439,0.9416793516616432,0.9417132187113084,0.9417721089011377,0.9417747490134442,0.9417825093359399,0.9417799025901747,0.9417618791325669,0.9417238261100329,0.9417521913645792,0.9417521913694229,0.941752191387962,0.9417521914065734,0.9417521914238453,0.9417521914396639,0.9417521914670403,0.9417521914598291,0.9417521914772459,0.9417521914696749,0.9417521914777428,0.9417521915200322,0.9417521915367325,0.9417521915254637,0.941752191540445,0.9417521915577722,0.9417521915918303,0.9417521916170271,0.9417521916215127,0.9417521917872574,0.941752191817863,0.9417521918357771,0.9417521918706683,0.9417521918813776,0.9417521919063451,0.9417521919489329,0.9417521919840481,0.9417521920250806,0.9417521920166091,0.9417521920608846,0.9417521920488284,0.9417521921213309,0.9417521921414007,0.9417521921961436,0.941752192248381,0.9417521922735559,0.9417521923144668
161,0.0,0.0,0.9933321769477655,0.0,0.0,0.0,0.30491575741761384,0.5085580146650586,0.7808894957912607,0.9029173629148632,0.9713759561746758,0.9528774051545241,0.950136032177032,0.9536913234419905,0.9588076475774764,0.9573266583709589,0.9545083256838363,0.9519483059880172,0.9517932570959219,0.951252630964209,0.9513762545401178,0.9517280871977514,0.9520414533278896,0.9523925611168014,0.9531866152155917,0.9526175655549735,0.952532100206596,0.9523491801833796,0.952385838523186,0.9523730850797205,0.9524361959474429,0.9524827372908605,0.9524349689402605,0.9522597150584106,0.9522621960984378,0.952253403201544,0.9521905306631852,0.9521656869668133,0.9521897251531006,0.9521779601654773,0.952257038535606,0.9523842557936861,0.9523439086854205,0.9523025936524744,0.9521827970549851,0.9521397595206414,0.9520986025409145,0.9521019696986587,0.9521540611161103,0.9521974215976476,0.9522260707419451,0.9522203102358585,0.9521269175705699,0.9520158014348786,0.9520261986400413,0.9520286318842973,0.9520314636795338,0.9520361282153056,0.9520514390201752,0.9520600301116003,0.9520931454068327,0.9521507474464003,0.9521504629976614,0.9521555986947544,0.9521516196282677,0.9521220055855845,0.9520722696250681,0.9521005348330961,0.9521005348379457,0.9521005348520817,0.9521005348678863,0.952100534877507,0.9521005348901374,0.9521005349092848,0.9521005348902266,0.9521005349001406,0.9521005348722595,0.9521005348602685,0.9521005348842698,0.9521005348727982,0.952100534829048,0.9521005348165442,0.9521005348003361,0.9521005347919435,0.9521005347744353,0.9521005347379579,0.9521005348474991,0.9521005348354921,0.9521005348072089,0.9521005347991109,0.9521005347657485,0.9521005347408802,0.9521005347324596,0.9521005347166386,0.9521005347170722,0.9521005346598196,0.9521005346531434,0.9521005345888763,0.9521005346115843,0.9521005345772799,0.9521005345780243,0.9521005345860079,0.9521005345591718,0.9521005345501515
162,0.9660541598731277,1.980704555161533,0.9933321769477655,0.0,0.0,0.0,0.30491575741761384,0.5085580146650586,0.7808894957912607,0.9029173629148632,0.9713759561746758,0.9528774051545241,0.950136032177032,0.9536913234419905,0.9588076475774764,0.9573266583709589,0.9545083256838363,0.9519483059880172,0.9517932570959219,0.951252630964209,0.9513762545401178,0.9517280871977514,0.9520414533278896,0.9523925611168014,0.9531866152155917,0.9526175655549735,0.952532100206596,0.9523491801833796,0.952385838523186,0.9523730850797205,0.9524361959474429,0.9524827372908605,0.9524349689402605,0.9522597150584106,0.9522621960984378,0.952253403201544,0.9521905306631852,0.9521656869668133,0.9521897251531006,0.9521779601654773,0.952257038535606,0.9523842557936861,0.9523439086854205,0.9523025936524744,0.9521827970549851,0.9521397595206414,0.9520986025409145,0.9521019696986587,0.9521540611161103,0.9521974215976476,0.9522260707419451,0.9522203102358585,0.9521269175705699,0.9520158014348786,0.9520261986400413,0.9520286318842973,0.9520314636795338,0.9520361282153056,0.9520514390201752,0.9520600301116003,0.9520931454068327,0.9521507474464003,0.9521504629976614,0.9521555986947544,0.9521516196282677,0.9521220055855845,0.9520722696250681,0.9521005348330961,0.9521005348379457,0.9521005348520817,0.9521005348678863,0.952100534877507,0.9521005348901374,0.9521005349092848,0.9521005348902266,0.9521005349001406,0.9521005348722595,0.9521005348602685,0.9521005348842698,0.9521005348727982,0.952100534829048,0.9521005348165442,0.9521005348003361,0.9521005347919435,0.9521005347744353,0.9521005347379579,0.9521005348474991,0.9521005348354921,0.9521005348072089,0.9521005347991109,0.9521005347657485,0.9521005347408802,0.9521005347324596,0.9521005347166386,0.9521005347170722,0.9521005346598196,0.9521005346531434,0.9521005345888763,0.9521005346115843,0.9521005345772799,0.9521005345780243,0.9521005345860079,0.9521005345591718,0.9521005345501515
163,0.9313389642165326,1.9972628541025583,0.9961650109280561,0.0,0.0,0.0,0.30596995339940897,0.510470257537612,0.7840778545345628,0.9072103978086478,0.9756808703807165,0.9573637287525874,0.9547112149129625,0.958261305199192,0.9630965736503302,0.9613178348526285,0.9583441292618718,0.9556977092137164,0.9556064473988922,0.9550622695780949,0.955223688407759,0.9556759551827779,0.9561797667425387,0.9568799955379419,0.958026152633899,0.9572997426880266,0.95721465623628,0.9570515154124637,0.9570665415354909,0.9570358875402688,0.9570748607654893,0.9570730902911397,0.9569703572455184,0.9566425971047283,0.9567319193525,0.9567258184202346,0.956689424519106,0.9566728875073819,0.9568018099104009,0.956847676687026,0.9569591978663249,0.9571363537712549,0.9571468156271443,0.9571478624000388,0.957088853433757,0.9570852104970461,0.9570708854176578,0.9571055160607638,0.9571523701792035,0.9571895899673202,0.9572206221522569,0.9572161859182691,0.957107240138189,0.9570285755568,0.9570396415328984,0.9570423701261747,0.9570460394951844,0.957053092722524,0.9570777424306154,0.9570928323445206,0.9571345681212873,0.957202752521648,0.9572017350007598,0.9572037480291979,0.9571988472666297,0.957167845175723,0.9571230236547513,0.9571581083513497,0.9571581083619177,0.9571581083908207,0.9571581084258527,0.9571581084644217,0.9571581085067253,0.9571581085613263,0.9571581085910535,0.9571581086417807,0.9571581086591873,0.9571581086945727,0.9571581087738469,0.9571581088231861,0.9571581088493358,0.9571581088918182,0.9571581089352437,0.9571581090004136,0.9571581090498553,0.9571581090816719,0.9571581092734669,0.9571581093283165,0.9571581093779318,0.9571581094405707,0.9571581094735198,0.9571581095296902,0.957158109599304,0.9571581096662063,0.9571581097329911,0.9571581097503169,0.9571581098245991,0.9571581098348838,0.9571581099343559,0.9571581099870992,0.9571581100744878,0.9571581101562294,0.9571581102144228,0.957158110284927
164,0.8963400736893541,2.013212767430304,0.9933321769477657,0.0,0.0,0.0,0.30561310058703484,0.5097407044509503,0.7824022258952722,0.9047202083787209,0.972294955307905,0.954364775210126,0.9518978574733867,0.9556135566631762,0.9605865226286977,0.959025695896993,0.956048830748881,0.953420047112667,0.9532983443878589,0.9527632826750672,0.9529162364337114,0.9533406791539915,0.9537972000052338,0.9544263500697008,0.9555018107051257,0.9548034369869671,0.9547106875458454,0.9544948142535697,0.954423111097085,0.9543689072481184,0.9543642166393174,0.9543110045902122,0.9541311634576839,0.9536888766286165,0.953795721605097,0.9537900549099491,0.953757846748804,0.9537425685888123,0.9538748175426772,0.953886171785148,0.953978227403709,0.9541271487374329,0.954134270321175,0.9541348850120231,0.9540770736573095,0.9540629273078737,0.9540317058112785,0.9540369546977263,0.9540763803919176,0.9541071106184462,0.9541275844731579,0.9541105709050848,0.9539825699385803,0.9538820175363754,0.9538927560229652,0.9538952787221647,0.9538986710240162,0.9539050993813112,0.9539263130871929,0.9539359345276295,0.9539499246271751,0.9539909215886041,0.9539860687047635,0.9539842181172024,0.9539744186876535,0.9539238278250762,0.9538591638004325,0.9538856541517295,0.9538856541612843,0.9538856541875546,0.9538856542264026,0.9538856542669922,0.9538856543197143,0.953885654384319,0.9538856544309168,0.9538856545041948,0.9538856545315813,0.9538856545749339,0.953885654665336,0.9538856547198215,0.9538856547571051,0.95388565480351,0.9538856548494683,0.9538856549175329,0.9538856549652928,0.9538856549983004,0.953885655186781,0.9538856552412744,0.9538856552919354,0.95388565535462,0.9538856553865351,0.9538856554436456,0.9538856555114527,0.9538856555782635,0.9538856556449968,0.9538856556623568,0.9538856557365768,0.953885655743122,0.9538856558404778,0.9538856558921861,0.9538856559785693,0.9538856560605321,0.9538856561189225,0.9538856561896922
165,0.8610681492926885,2.028549436646661,0.988431083881001,0.0,0.0,0.0,0.3038353950002147,0.5063494352402272,0.7758205574381054,0.8953761487495822,0.961125477133322,0.9437887370471494,0.9416013588155769,0.9456499102234124,0.9511868430252338,0.9503960936384285,0.9476012401705289,0.945150365450629,0.944995860260312,0.9444798981760121,0.9445958259424143,0.9449158745053451,0.9451779930451457,0.9455106302233778,0.9463293840850412,0.9457680011240798,0.9456909315551086,0.9455122797703911,0.9454867980567485,0.9454498565375605,0.9454585060551047,0.9454398174786346,0.9453113437478481,0.9450267966057974,0.9450584790788102,0.945051348745064,0.9450046665089239,0.9449869342758709,0.9450806064990656,0.9450892370103472,0.9451753004945584,0.9453172056636849,0.945312851714321,0.9453045166582392,0.9452330658433693,0.9452143165479417,0.9451863823363476,0.9452087753626605,0.9452531421400395,0.9452924080549412,0.9453275609438767,0.9453349110840037,0.9452590882876022,0.94518868169957,0.9451972555393624,0.9451994350278756,0.9452018581606357,0.9452057439951602,0.945218473783166,0.9452268283971778,0.945253133413339,0.9453071561880682,0.9453065811000582,0.9453081100071784,0.9453014565149359,0.9452639010931625,0.9452104164241195,0.9452392022537128,0.9452392022605979,0.9452392022847161,0.9452392023155655,0.9452392023534013,0.9452392023969526,0.9452392024582956,0.9452392024993351,0.9452392025644807,0.9452392025947824,0.9452392026418249,0.9452392027388333,0.9452392028023425,0.9452392028539337,0.945239202911859,0.9452392029746813,0.9452392030645488,0.9452392031346287,0.9452392031902476,0.9452392034087651,0.9452392034857847,0.945239203563221,0.9452392036493238,0.9452392037045574,0.9452392037944884,0.9452392038904207,0.9452392039838307,0.945239204071529,0.9452392041182367,0.9452392042218315,0.945239204257345,0.9452392043822379,0.9452392044633795,0.9452392045795556,0.9452392046860291,0.945239204772724,0.9452392048746332
166,1.0004750860742484,1.9635429144254894,0.988431083881001,0.0,0.0,0.0,0.3024357047020803,0.5039732942524301,0.7727704924985872,0.8917258554373414,0.9592254333416995,0.940752346967149,0.9380131042475149,0.9417364202688738,0.9475644060827557,0.9469685429627747,0.9445268971092247,0.9422779946263863,0.9421625432891346,0.9416314921923984,0.9417075726401163,0.9419350451493617,0.9419861716403426,0.9418579631644933,0.9421422636354234,0.9418086545554535,0.9417259320543268,0.9415307269041414,0.9416083475242146,0.9416265632416151,0.9417315508269776,0.9418573572459578,0.9419134301291205,0.9420273301554591,0.9418844825954329,0.9418728650884648,0.941782323410282,0.9417550256458599,0.9417127783507347,0.9417135130341077,0.9417844984251758,0.941901765007242,0.941841089621015,0.9417848403787002,0.9416495303396069,0.9416119812519541,0.9415911037954088,0.9416287124758553,0.9416906508851848,0.941743188135298,0.9417868626482452,0.9418024380038237,0.9417470863157988,0.9416524207939068,0.9416621314831621,0.941663960378652,0.9416657475767843,0.9416680021074283,0.9416745379590439,0.9416793516616432,0.9417132187113084,0.9417721089011377,0.9417747490134442,0.9417825093359399,0.9417799025901747,0.9417618791325669,0.9417238261100329,0.9417521913645792,0.9417521913694229,0.941752191387962,0.9417521914065734,0.9417521914238453,0.9417521914396639,0.9417521914670403,0.9417521914598291,0.9417521914772459,0.9417521914696749,0.9417521914777428,0.9417521915200322,0.9417521915367325,0.9417521915254637,0.941752191540445,0.9417521915577722,0.9417521915918303,0.9417521916170271,0.9417521916215127,0.9417521917872574,0.941752191817863,0.9417521918357771,0.9417521918706683,0.9417521918813776,0.9417521919063451,0.9417521919489329,0.9417521919840481,0.9417521920250806,0.9417521920166091,0.9417521920608846,0.9417521920488284,0.9417521921213309,0.9417521921414007,0.9417521921961436,0.941752192248381,0.9417521922735559,0.9417521923144668
167,0.825533935196394,2.043268190053615,0.9800000418351562,0.0,0.0,0.0,0.3005837297514604,0.5001868306909993,0.764094652224836,0.8787588759981955,0.9415895159428278,0.9250476562804679,0.9231900605590154,0.9276531019475401,0.9340633392754162,0.9345499328056167,0.932150952909181,0.9300988523370597,0.9300226506389456,0.9295303446058638,0.9296020302672505,0.9298017821878014,0.9298152301554454,0.929762007578762,0.9302309099412331,0.9298650704083599,0.9298176614537365,0.9297388301267043,0.9298485859972612,0.9298578529325255,0.9299225783752038,0.9299975473107455,0.9300073551282702,0.9300470258227702,0.9299512112055659,0.9299410716331307,0.9298646865532857,0.929839199612613,0.9298428029102634,0.9298479819181346,0.9299299263070647,0.930067914191399,0.9300345764145095,0.9300006542285926,0.9298848658764024,0.9298421786266472,0.9297972290360085,0.9298096826901907,0.9298612776391187,0.9299109049984808,0.9299555136106873,0.929980437000272,0.9299517075344951,0.9298868766342498,0.9298926930740724,0.929894302676439,0.9298952952989928,0.9298954623351136,0.9298948647991668,0.9298974035201206,0.9299218304763086,0.9299740496629814,0.9299768585002822,0.929982669499795,0.9299791998353547,0.9299509523676273,0.9298995024397866,0.9299232765296482,0.9299232765286148,0.9299232765326128,0.9299232765332639,0.9299232765315907,0.9299232765300771,0.9299232765412004,0.9299232765105978,0.9299232765127068,0.9299232764796552,0.9299232764603972,0.9299232764850127,0.9299232764654415,0.9299232764261414,0.9299232764113244,0.9299232763966624,0.9299232763913573,0.9299232763742019,0.9299232763426608,0.9299232764530391,0.9299232764426024,0.9299232764216085,0.9299232764159748,0.9299232763840943,0.9299232763762723,0.9299232763705277,0.929923276354345,0.9299232763538687,0.9299232763076619,0.9299232763079914,0.9299232762459906,0.9299232762705135,0.9299232762375009,0.9299232762406862,0.9299232762515177,0.9299232762276538,0.9299232762317071
168,0.0,0.0,0.9800000418351561,0.0,0.0,0.0,0.2984667770756599,0.4965852330419399,0.7594337806165894,0.873124654669948,0.9385112577501112,0.9202628117021506,0.9175589423196753,0.9214990236193976,0.9283081511589006,0.9291147738108515,0.9273070978050055,0.9256782385700476,0.925878387593642,0.9253552531218778,0.9254093304883417,0.9255895569017285,0.9254712073066523,0.9250003218351761,0.9248340454416895,0.9247111629355919,0.9246272467597937,0.9244180489787683,0.9245138237761016,0.9245618973498015,0.924707885350394,0.9249029384867807,0.925049485067864,0.925411313269733,0.9251422847754576,0.9251282945748611,0.9250145675376804,0.9249858980576219,0.9248915959962071,0.9249183552537791,0.9249905524456353,0.9251160418581004,0.9250548238940085,0.9250023101116648,0.9248793539740576,0.9248603335557515,0.9248613120389678,0.9249221999590376,0.9249877714664557,0.9250407183815526,0.9250891209763153,0.9251123553231857,0.9250612180848506,0.9249739303165441,0.9249830678646025,0.9249840042855689,0.9249847556315869,0.9249851413823683,0.9249839390288378,0.9249818530675982,0.924987346431718,0.9250205450196477,0.9250213419851253,0.9250259365345519,0.9250186807607085,0.924991370715099,0.9249436471512291,0.9249652863852793,0.924965286390237,0.9249652864078068,0.924965286428486,0.9249652864441165,0.9249652864611136,0.9249652864854665,0.9249652864763969,0.9249652864960414,0.9249652864852568,0.9249652864868515,0.9249652865162173,0.9249652865210798,0.9249652864963956,0.9249652864996506,0.9249652865023643,0.9249652865185181,0.9249652865262109,0.9249652865125393,0.9249652866554976,0.924965286668388,0.9249652866638692,0.9249652866787517,0.9249652866722265,0.9249652866721078,0.9249652866922681,0.9249652867041754,0.9249652867267132,0.9249652866982574,0.9249652867196911,0.9249652866861102,0.9249652867358938,0.9249652867311134,0.9249652867608898,0.9249652867921888,0.9249652867943494,0.9249652868127322
169,0.789748255466312,2.0573645441762958,0.9656383344388448,0.0,0.0,0.0,0.29576788751053024,0.49106527145817985,0.7468115542487962,0.8541276212822887,0.9126381725543151,0.8970782675448099,0.8955095592979908,0.9002859436811699,0.9075998512113449,0.9096860826522939,0.9078875807224078,0.9064700772963238,0.9066550145900263,0.9061850266682834,0.9062219251774204,0.9063326896451237,0.9061163598611514,0.9056639362942942,0.9056956945377879,0.9055530338512808,0.9055199873824906,0.9054799441744015,0.9056537122611581,0.9056977933642608,0.9058038293721569,0.9059537241835223,0.9060696598245271,0.9063876082419721,0.9061625692133477,0.9061493033749816,0.9060420952327806,0.9060096724274991,0.9059169237764585,0.905904507176855,0.905973253532523,0.9060969473738089,0.9060394971433352,0.9059881626678202,0.9058467511573178,0.9057883412641057,0.9057297420077954,0.9057214761126113,0.9057747830984882,0.9058260461793505,0.9058690123047684,0.9058972280198438,0.9058897775300058,0.9058185180171544,0.9058225354941027,0.9058235782833014,0.9058234620989934,0.9058209840807996,0.9058104733588185,0.9058067016625276,0.9058166704742524,0.9058552157066051,0.905859568685327,0.9058697256161694,0.9058712067472425,0.9058601686908534,0.9058284289156677,0.9058452148563185,0.9058452148539791,0.9058452148562645,0.9058452148551325,0.905845214849194,0.9058452148413171,0.9058452148487743,0.9058452148097087,0.9058452148020731,0.9058452147744822,0.9058452147546792,0.9058452147753868,0.9058452147517094,0.9058452147130094,0.9058452146975974,0.9058452146843073,0.905845214682151,0.905845214669214,0.9058452146423616,0.9058452147599402,0.9058452147533478,0.9058452147378013,0.9058452147350693,0.9058452147079253,0.9058452147112279,0.9058452147107061,0.9058452146951957,0.9058452146945574,0.9058452146571028,0.90584521466257,0.9058452146074959,0.9058452146353396,0.905845214603632,0.9058452146080436,0.9058452146188208,0.9058452145956063,0.9058452146070972
170,0.0,0.0,0.9415784679120245,0.0,0.0,0.0,0.2892888953028121,0.4787759178580547,0.7235008299565487,0.8206128289139296,0.8730094593856575,0.8585944804352668,0.8571479869392312,0.861881966950366,0.8697229601059895,0.8734218433497473,0.8723797747140608,0.8718018677436316,0.8724706065846723,0.8720160336132944,0.872044711163395,0.8721480658932353,0.8718190623408396,0.8711118254131835,0.8707609854671928,0.8707964971418669,0.8707538983377766,0.8706649830502194,0.8707837891013607,0.8708350060361856,0.8709464152642362,0.8711173574322602,0.8712605807621211,0.8717058157495111,0.8713943112679731,0.8713791930042002,0.871253771773186,0.8712203488168621,0.8710794909761657,0.8710602561294761,0.8711198143177624,0.8712403024563342,0.8711945107142621,0.8711622517235552,0.8710622947379667,0.8710312807160575,0.8709969780698036,0.8709999664701369,0.8710480914161164,0.8710895137196414,0.8711268862799199,0.8711530544903855,0.8711429010253186,0.8710870101505744,0.8710908564413895,0.8710913579026549,0.871090810752466,0.8710879932560898,0.8710758882625315,0.8710692749286475,0.8710584928137696,0.8710792576559755,0.8710823831157003,0.8710919055765932,0.871095106710867,0.8710953569334162,0.8710837191922981,0.8710964468659285,0.8710964468681777,0.8710964468803039,0.8710964468942909,0.8710964469028669,0.8710964469097873,0.8710964469327719,0.8710964469115059,0.8710964469166965,0.87109644691546,0.8710964469151655,0.8710964469508664,0.8710964469448143,0.871096446928603,0.8710964469300643,0.8710964469323973,0.8710964469505175,0.8710964469555037,0.8710964469469755,0.8710964470841575,0.8710964470933709,0.8710964470968044,0.8710964471090883,0.8710964470973632,0.8710964471219025,0.871096447137311,0.8710964471349333,0.8710964471442818,0.8710964471255256,0.8710964471468543,0.871096447106244,0.8710964471459672,0.8710964471265374,0.8710964471419423,0.8710964471616855,0.8710964471502263,0.8710964471773898
171,0.7537220107671517,2.0708342051286825,0.9415784679120245,0.0,0.0,0.0,0.2892888953028121,0.4787759178580547,0.7235008299565487,0.8206128289139296,0.8730094593856575,0.8585944804352668,0.8571479869392312,0.861881966950366,0.8697229601059895,0.8734218433497473,0.8723797747140608,0.8718018677436316,0.8724706065846723,0.8720160336132944,0.872044711163395,0.8721480658932353,0.8718190623408396,0.8711118254131835,0.8707609854671928,0.8707964971418669,0.8707538983377766,0.8706649830502194,0.8707837891013607,0.8708350060361856,0.8709464152642362,0.8711173574322602,0.8712605807621211,0.8717058157495111,0.8713943112679731,0.8713791930042002,0.871253771773186,0.8712203488168621,0.8710794909761657,0.8710602561294761,0.8711198143177624,0.8712403024563342,0.8711945107142621,0.8711622517235552,0.8710622947379667,0.8710312807160575,0.8709969780698036,0.8709999664701369,0.8710480914161164,0.8710895137196414,0.8711268862799199,0.8711530544903855,0.8711429010253186,0.8710870101505744,0.8710908564413895,0.8710913579026549,0.871090810752466,0.8710879932560898,0.8710758882625315,0.8710692749286475,0.8710584928137696,0.8710792576559755,0.8710823831157003,0.8710919055765932,0.871095106710867,0.8710953569334162,0.8710837191922981,0.8710964468659285,0.8710964468681777,0.8710964468803039,0.8710964468942909,0.8710964469028669,0.8710964469097873,0.8710964469327719,0.8710964469115059,0.8710964469166965,0.87109644691546,0.8710964469151655,0.8710964469508664,0.8710964469448143,0.871096446928603,0.8710964469300643,0.8710964469323973,0.8710964469505175,0.8710964469555037,0.8710964469469755,0.8710964470841575,0.8710964470933709,0.8710964470968044,0.8710964471090883,0.8710964470973632,0.8710964471219025,0.871096447137311,0.8710964471349333,0.8710964471442818,0.8710964471255256,0.8710964471468543,0.871096447106244,0.8710964471459672,0.8710964471265374,0.8710964471419423,0.8710964471616855,0.8710964471502263,0.8710964471773898
172,0.7174661750420427,2.0836730699215655,0.9023751730693108,0.0,0.0,0.0,0.2810775139180039,0.46316582692682556,0.6937939584908069,0.777477907489434,0.8215711817463824,0.8084291863344188,0.8067939502275308,0.8108343534476197,0.8183255400641523,0.8232108381960174,0.8229668368731359,0.8233101622041235,0.8246168538341243,0.8241686327107574,0.8242196821571712,0.8244120534681045,0.8241526617645428,0.8234863101302684,0.8230219130867564,0.8231077051993955,0.823047068507143,0.8228966352426729,0.8229133731610725,0.822953571785103,0.8230477562402012,0.8231943454568472,0.8233046914040328,0.823710560924292,0.8233919944798989,0.8233763061359346,0.8232452605198254,0.8232113419202551,0.823045302557075,0.8230037330458512,0.8230573445115101,0.8231811491099974,0.8231663043990756,0.8231716560597357,0.8231452561534024,0.8231547101536844,0.823152642821214,0.8231664908036349,0.8232035495916331,0.8232276344021227,0.8232532996580829,0.8232711156266793,0.8232450877102608,0.8232156862560721,0.8232195287565828,0.8232195721423641,0.8232190070009746,0.823217155778735,0.8232084626773611,0.8232015978533758,0.8231679339278428,0.8231699088770358,0.823169512410836,0.8231739219875217,0.8231750838703557,0.8231747529972767,0.8231708107799776,0.8231812116841813,0.8231812116918272,0.8231812117121069,0.823181211740241,0.823181211760754,0.8231812117824313,0.8231812118178016,0.8231812118115601,0.8231812118297943,0.8231812118459978,0.8231812118576317,0.823181211901917,0.8231812119044268,0.8231812119005165,0.8231812119096046,0.8231812119162766,0.8231812119406736,0.8231812119494718,0.8231812119458873,0.8231812120850661,0.8231812120969639,0.8231812121048492,0.8231812121192119,0.8231812121104664,0.82318121214086,0.8231812121576552,0.8231812121552211,0.8231812121642506,0.823181212151457,0.8231812121756176,0.8231812121359606,0.8231812121752745,0.8231812121557716,0.8231812121709838,0.8231812121909979,0.8231812121810856,0.8231812122132646
173,0.6809917921697648,2.0958772277123563,0.8412988267587054,0.0,0.0,0.0,0.27114733369549887,0.44424521925312216,0.6576495055976513,0.7244986481098729,0.7578319099062821,0.7460475297960183,0.7437829457088981,0.7462089467562438,0.7519776906086553,0.7571108321231512,0.7575212682133549,0.7586297951801304,0.7604923452129542,0.7600452001432911,0.7601256716157953,0.760440059167347,0.7603836549880402,0.7600336247593413,0.7598240319410597,0.7598076465127764,0.7597441301697,0.759613172972042,0.7595908262157364,0.7596210565158481,0.7596997236423507,0.7598100471310781,0.7598843892580137,0.7601742227295942,0.7599208051928643,0.7599053178976852,0.7597760935751198,0.7597377399638232,0.7595433954288638,0.7594519915707886,0.7595025685307658,0.7596283332093708,0.7596354620243125,0.7596661152755685,0.7596874948157215,0.7597100712260645,0.7597098998205839,0.7596985798732735,0.7597237036471888,0.7597323598784952,0.759742576512241,0.7597505267713935,0.759722943019801,0.7597204491192352,0.759722458448836,0.7597222630796985,0.7597216823379105,0.7597204798892359,0.7597151496072114,0.7597105976433692,0.7596695834426451,0.759667388408292,0.759664819128119,0.7596652975939098,0.7596659809453384,0.7596671167311495,0.7596687452623099,0.7596800018159472,0.7596800018262195,0.7596800018485521,0.7596800018807792,0.7596800019056228,0.7596800019327846,0.7596800019750579,0.7596800019769753,0.7596800020020685,0.7596800020302327,0.759680002051529,0.7596800021053496,0.7596800021173699,0.7596800021279607,0.7596800021466226,0.759680002161107,0.7596800021968261,0.759680002215465,0.7596800022228469,0.759680002373075,0.7596800023943812,0.7596800024147577,0.7596800024387076,0.7596800024405447,0.7596800024863022,0.7596800025138114,0.7596800025207884,0.7596800025370796,0.7596800025391041,0.7596800025755561,0.7596800025464806,0.7596800025948972,0.759680002585827,0.7596800026115701,0.7596800026405524,0.7596800026420164,0.7596800026884666
174,0.789748255466312,2.0573645441762958,0.9656383344388448,0.0,0.0,0.0,0.29576788751053024,0.49106527145817985,0.7468115542487962,0.8541276212822887,0.9126381725543151,0.8970782675448099,0.8955095592979908,0.9002859436811699,0.9075998512113449,0.9096860826522939,0.9078875807224078,0.9064700772963238,0.9066550145900263,0.9061850266682834,0.9062219251774204,0.9063326896451237,0.9061163598611514,0.9056639362942942,0.9056956945377879,0.9055530338512808,0.9055199873824906,0.9054799441744015,0.9056537122611581,0.9056977933642608,0.9058038293721569,0.9059537241835223,0.9060696598245271,0.9063876082419721,0.9061625692133477,0.9061493033749816,0.9060420952327806,0.9060096724274991,0.9059169237764585,0.905904507176855,0.905973253532523,0.9060969473738089,0.9060394971433352,0.9059881626678202,0.9058467511573178,0.9057883412641057,0.9057297420077954,0.9057214761126113,0.9057747830984882,0.9058260461793505,0.9058690123047684,0.9058972280198438,0.9058897775300058,0.9058185180171544,0.9058225354941027,0.9058235782833014,0.9058234620989934,0.9058209840807996,0.9058104733588185,0.9058067016625276,0.9058166704742524,0.9058552157066051,0.905859568685327,0.9058697256161694,0.9058712067472425,0.9058601686908534,0.9058284289156677,0.9058452148563185,0.9058452148539791,0.9058452148562645,0.9058452148551325,0.905845214849194,0.9058452148413171,0.9058452148487743,0.9058452148097087,0.9058452148020731,0.9058452147744822,0.9058452147546792,0.9058452147753868,0.9058452147517094,0.9058452147130094,0.9058452146975974,0.9058452146843073,0.905845214682151,0.905845214669214,0.9058452146423616,0.9058452147599402,0.9058452147533478,0.9058452147378013,0.9058452147350693,0.9058452147079253,0.9058452147112279,0.9058452147107061,0.9058452146951957,0.9058452146945574,0.9058452146571028,0.90584521466257,0.9058452146074959,0.9058452146353396,0.905845214603632,0.9058452146080436,0.9058452146188208,0.9058452145956063,0.9058452146070972
175,0.6443099726006765,2.107442960996367,0.7524923363311327,0.0,0.0,0.0,0.2596587212223573,0.42231795641619385,0.6156320793745399,0.6624473344858535,0.682613264655924,0.6722279751899427,0.6688354720925098,0.6686006241053416,0.6709843945151867,0.6750265989818183,0.6757498512428232,0.6771882299743286,0.6791849499010708,0.6787422597663867,0.6788119278386214,0.679147768150922,0.679250099620417,0.6792239969869814,0.6794709517105394,0.6792774886756539,0.6792326708036618,0.6791991609862246,0.6792197892908172,0.6792431796671459,0.6793057947969182,0.6793835175624428,0.6794468404317869,0.6796624388870862,0.6794889195933443,0.6794744011203948,0.6793544251775535,0.6793140698924071,0.6791274615352356,0.678999027650385,0.6790544559764646,0.679181022926565,0.6791967295836286,0.6792326027789172,0.6792620978254645,0.6792710327791499,0.6792446819047598,0.6791832935468226,0.6792005747588871,0.6792013940280802,0.679199606952812,0.6792024124497664,0.6791968207695561,0.6792185569063529,0.6792169542190996,0.6792166776256777,0.6792158583013506,0.6792143038447522,0.6792097513582436,0.6792090331612999,0.6791791373084785,0.6791891990889407,0.6791868382330146,0.6791858460204023,0.6791879786592084,0.6791926084891949,0.6791943157006246,0.6792089756137932,0.6792089756213636,0.6792089756336783,0.6792089756508418,0.679208975660958,0.6792089756715717,0.6792089757004452,0.6792089756831122,0.6792089756912748,0.6792089757047202,0.6792089757125408,0.6792089757542382,0.6792089757509945,0.6792089757486212,0.6792089757554749,0.6792089757557964,0.6792089757761667,0.6792089757812035,0.6792089757758303,0.6792089759085844,0.6792089759162075,0.6792089759230283,0.6792089759328002,0.6792089759225592,0.6792089759573208,0.6792089759693803,0.6792089759580147,0.6792089759593315,0.6792089759511563,0.6792089759728337,0.6792089759290502,0.6792089759608909,0.6792089759332015,0.6792089759406635,0.6792089759540291,0.6792089759381852,0.6792089759721105
176,0.0,0.0,0.9800000418351562,0.0,0.0,0.0,0.3005837297514604,0.5001868306909993,0.764094652224836,0.8787588759981955,0.9415895159428278,0.9250476562804679,0.9231900605590154,0.9276531019475401,0.9340633392754162,0.9345499328056167,0.932150952909181,0.9300988523370597,0.9300226506389456,0.9295303446058638,0.9296020302672505,0.9298017821878014,0.9298152301554454,0.929762007578762,0.9302309099412331,0.9298650704083599,0.9298176614537365,0.9297388301267043,0.9298485859972612,0.9298578529325255,0.9299225783752038,0.9299975473107455,0.9300073551282702,0.9300470258227702,0.9299512112055659,0.9299410716331307,0.9298646865532857,0.929839199612613,0.9298428029102634,0.9298479819181346,0.9299299263070647,0.930067914191399,0.9300345764145095,0.9300006542285926,0.9298848658764024,0.9298421786266472,0.9297972290360085,0.9298096826901907,0.9298612776391187,0.9299109049984808,0.9299555136106873,0.929980437000272,0.9299517075344951,0.9298868766342498,0.9298926930740724,0.929894302676439,0.9298952952989928,0.9298954623351136,0.9298948647991668,0.9298974035201206,0.9299218304763086,0.9299740496629814,0.9299768585002822,0.929982669499795,0.9299791998353547,0.9299509523676273,0.9298995024397866,0.9299232765296482,0.9299232765286148,0.9299232765326128,0.9299232765332639,0.9299232765315907,0.9299232765300771,0.9299232765412004,0.9299232765105978,0.9299232765127068,0.9299232764796552,0.9299232764603972,0.9299232764850127,0.9299232764654415,0.9299232764261414,0.9299232764113244,0.9299232763966624,0.9299232763913573,0.9299232763742019,0.9299232763426608,0.9299232764530391,0.9299232764426024,0.9299232764216085,0.9299232764159748,0.9299232763840943,0.9299232763762723,0.9299232763705277,0.929923276354345,0.9299232763538687,0.9299232763076619,0.9299232763079914,0.9299232762459906,0.9299232762705135,0.9299232762375009,0.9299232762406862,0.9299232762515177,0.9299232762276538,0.9299232762317071
177,0.607431889972363,2.1183667467392002,0.6355206374724607,0.0,0.0,0.0,0.24697293089154596,0.3980934164455309,0.569157207420706,0.5935332564898821,0.5986835057492386,0.5897102136802785,0.5847728237863918,0.5809928950138338,0.57851230241627,0.5801325280437062,0.5807461189074246,0.581947084139313,0.5834550608984396,0.5830274919692082,0.583010686221524,0.5831629509483817,0.5832053341401733,0.5831928618585703,0.5837857292917251,0.5834623346321874,0.58344081147504,0.5834783238374404,0.5835288232345222,0.58352929529053,0.5835438636550868,0.5835725659141534,0.5836156088225849,0.5838276036528733,0.583691735791679,0.5836791639914117,0.5835780188832537,0.583547573154521,0.5834534883041179,0.5833327006137308,0.5833953006159764,0.5835112632158226,0.5835313645350559,0.5835624755409963,0.5835849255008111,0.5835801652771289,0.5835290748954349,0.5834277749749904,0.583442118597732,0.5834409143525723,0.5834345562791478,0.5834373297114157,0.5834629971198678,0.583502256386976,0.5834972025419162,0.5834968292217979,0.5834955947898359,0.5834930721187251,0.5834870545214205,0.5834892942615507,0.5834747704588549,0.5834993021950715,0.5834977468377557,0.583495700522951,0.5834984135159302,0.5835013997132118,0.5834931298121531,0.5835107639920869,0.5835107639937526,0.5835107639893662,0.5835107639821863,0.5835107639679776,0.5835107639526291,0.5835107639587637,0.5835107639108211,0.5835107638943348,0.5835107638789114,0.5835107638611027,0.5835107638800803,0.5835107638486781,0.5835107638202089,0.5835107638039521,0.5835107637794648,0.5835107637713851,0.5835107637506644,0.5835107637208256,0.5835107638219966,0.5835107638047924,0.5835107637854072,0.5835107637696677,0.5835107637367123,0.5835107637480875,0.5835107637326026,0.583510763690892,0.5835107636676646,0.5835107636382504,0.5835107636335389,0.5835107635641195,0.5835107635686666,0.5835107635106297,0.5835107634887734,0.5835107634772849,0.5835107634332692,0.5835107634443506
178,0.0,0.0,0.4999999999999998,0.0,0.0,0.0,0.23365301298400878,0.37269072079910986,0.5205094917834512,0.521458659312212,0.5108687915657566,0.5033168485832626,0.49666922328862045,0.48897726402247477,0.4809542589919129,0.47943848383345333,0.4796691066401557,0.48025797427940586,0.4808485053805984,0.48044550527859164,0.4802870248188416,0.4801013657974471,0.4798910058564839,0.4795760074369662,0.4802961875535099,0.47992562110062803,0.47991675956450763,0.47994096085361904,0.4799491665213154,0.4799039516548377,0.47983292114849885,0.47978737195899007,0.47977701517941496,0.4800142940152772,0.4798704819861061,0.4798604249155981,0.4797836969582818,0.4797736585235922,0.47983352731336687,0.47974523984803463,0.479806726302437,0.4798903522677716,0.4799122868252806,0.47993509177276544,0.47995289954300485,0.47994682774683256,0.47988930174745154,0.47977321774533893,0.4797878555565892,0.47978640213504753,0.4797803171777318,0.4797832145793663,0.4798315283186265,0.4798723776742542,0.4798656725665515,0.4798650995403951,0.47986339659270344,0.47985979009472507,0.4798508535148451,0.4798529123340129,0.47984352868476293,0.47987068779280795,0.4798690105199311,0.47986582526298327,0.47986784393225324,0.4798653048575493,0.47984493161702796,0.47986211375184173,0.47986211374883825,0.47986211373364723,0.4798621137126409,0.47986211368682397,0.47986211366118836,0.47986211366178605,0.47986211360787695,0.47986211358993297,0.47986211356747616,0.4798621135448375,0.47986211356249253,0.47986211352685104,0.4798621135003881,0.47986211348220104,0.4798621134562557,0.4798621134482855,0.4798621134271152,0.4798621133987638,0.47986211349946983,0.4798621134829662,0.47986211346620666,0.4798621134513445,0.47986211342098845,0.47986211343828433,0.47986211342448915,0.479862113383706,0.4798621133609486,0.4798621133380923,0.47986211333711976,0.4798621132703166,0.4798621132762285,0.47986211322036526,0.4798621132013919,0.4798621131923349,0.4798621131519637,0.4798621131693573
179,0.5703687777060392,2.1286452574498975,0.4999999999999998,0.0,0.0,0.0,0.23365301298400878,0.37269072079910986,0.5205094917834512,0.521458659312212,0.5108687915657566,0.5033168485832626,0.49666922328862045,0.48897726402247477,0.4809542589919129,0.47943848383345333,0.4796691066401557,0.48025797427940586,0.4808485053805984,0.48044550527859164,0.4802870248188416,0.4801013657974471,0.4798910058564839,0.4795760074369662,0.4802961875535099,0.47992562110062803,0.47991675956450763,0.47994096085361904,0.4799491665213154,0.4799039516548377,0.47983292114849885,0.47978737195899007,0.47977701517941496,0.4800142940152772,0.4798704819861061,0.4798604249155981,0.4797836969582818,0.4797736585235922,0.47983352731336687,0.47974523984803463,0.479806726302437,0.4798903522677716,0.4799122868252806,0.47993509177276544,0.47995289954300485,0.47994682774683256,0.47988930174745154,0.47977321774533893,0.4797878555565892,0.47978640213504753,0.4797803171777318,0.4797832145793663,0.4798315283186265,0.4798723776742542,0.4798656725665515,0.4798650995403951,0.47986339659270344,0.47985979009472507,0.4798508535148451,0.4798529123340129,0.47984352868476293,0.47987068779280795,0.4798690105199311,0.47986582526298327,0.47986784393225324,0.4798653048575493,0.47984493161702796,0.47986211375184173,0.47986211374883825,0.47986211373364723,0.4798621137126409,0.47986211368682397,0.47986211366118836,0.47986211366178605,0.47986211360787695,0.47986211358993297,0.47986211356747616,0.4798621135448375,0.47986211356249253,0.47986211352685104,0.4798621135003881,0.47986211348220104,0.4798621134562557,0.4798621134482855,0.4798621134271152,0.4798621133987638,0.47986211349946983,0.4798621134829662,0.47986211346620666,0.4798621134513445,0.47986211342098845,0.47986211343828433,0.47986211342448915,0.479862113383706,0.4798621133609486,0.4798621133380923,0.47986211333711976,0.4798621132703166,0.4798621132762285,0.47986211322036526,0.4798621132013919,0.4798621131923349,0.4798621131519637,0.4798621131693573
180,0.5331319255847397,2.138275362194525,0.364479362527539,0.0,0.0,0.0,0.22037220923799736,0.34745380898322925,0.4724545970762807,0.45076381331645116,0.42516672826914564,0.4190605785592522,0.41089607188757316,0.3996678694005421,0.38663215269030193,0.38231264171733426,0.38221662182176924,0.3822753080156346,0.38205835810073685,0.38168005578632436,0.38139841281250997,0.380921210127934,0.38050631990977185,0.3799412583529351,0.38078558254525213,0.3803633518185221,0.3803614067756137,0.38036088590687767,0.38032906139649064,0.38024140790173666,0.3800975697498702,0.3799909312162658,0.37994288090305295,0.3802177971068814,0.3800644042797646,0.3800564544274114,0.38000010113303584,0.3800084896634552,0.38020158430081236,0.38013382704026044,0.3801902629677464,0.3802364546042342,0.3802547236037669,0.38026625981639073,0.38028029871369773,0.38027935766315046,0.3802318033687449,0.3801223788505114,0.38014049787170273,0.3801401352804979,0.380136713280512,0.3801389440677925,0.38019917720043617,0.3802259402103766,0.3802194539045238,0.38021861483792013,0.38021644358330425,0.3802117643310722,0.38019883153580813,0.38019769685087784,0.38018304540748893,0.38020146776700303,0.38019927615106036,0.3801963581118216,0.38019854540742337,0.380194865838884,0.38017162009214794,0.3801849915465662,0.3801849915417134,0.3801849915253086,0.3801849915051768,0.38018499148387747,0.380184991465401,0.38018499147846285,0.3801849914421514,0.3801849914420444,0.38018499143628914,0.3801849914295214,0.380184991463743,0.3801849914451828,0.3801849914435079,0.38018499144180307,0.38018499143302564,0.38018499144761564,0.3801849914458845,0.380184991438793,0.3801849915615048,0.3801849915643417,0.3801849915711609,0.380184991575996,0.3801849915659148,0.38018499160914226,0.3801849916169717,0.3801849915978657,0.3801849915920863,0.3801849915941499,0.3801849916165536,0.3801849915706981,0.38018499159617636,0.3801849915628918,0.3801849915662031,0.38018499157594915,0.3801849915586462,0.3801849916000362
181,0.49573267631434215,2.1472541275498904,0.24750766366886717,0.0,0.0,0.0,0.20775037481438166,0.32361870774445883,0.4275313115798268,0.3856050557783373,0.34705392622041664,0.3424289095960746,0.33326148277107914,0.31953653382648356,0.30309241555207417,0.29722349285118593,0.2971427661306171,0.2971479646218898,0.29669781439673415,0.2963365654234194,0.29601372083807254,0.29546393543956534,0.29509934891681955,0.29465443307040085,0.29580552265882826,0.29525249087148686,0.29525632367059523,0.29528344711811133,0.29527702892985963,0.2951723976381521,0.2950109001127316,0.2948879589850906,0.2948578086758544,0.2951653305708024,0.2950393710428174,0.29503235864337235,0.29498481344066757,0.2949992161292802,0.2952373627886783,0.29514863452195667,0.29520021206538694,0.2952184385395692,0.295224464582924,0.29522117852113294,0.29522731279711434,0.29522871180051524,0.29519950874958795,0.2951085946793005,0.29513293130940815,0.29513535919086176,0.2951356143905529,0.29513854756293206,0.2952087087606378,0.2952153560227958,0.2952101668929629,0.2952090816330843,0.29520646428690084,0.29520070419125105,0.29518315784739535,0.29517757766284536,0.2951552278800041,0.29516221172423807,0.2951601466333633,0.295159591162043,0.29516402487868215,0.29516767138441574,0.2951530071078397,0.2951613050960211,0.29516130509056965,0.2951613050760922,0.2951613050602837,0.29516130504444626,0.2951613050323488,0.2951613050547013,0.29516130502929255,0.2951613050382809,0.29516130504559374,0.295161305048424,0.29516130508868,0.29516130507684,0.29516130508606836,0.2951613050911587,0.2951613050882385,0.2951613051109503,0.2951613051156483,0.29516130511610705,0.29516130524326456,0.2951613052512476,0.2951613052653945,0.29516130527470685,0.29516130527009643,0.29516130532182694,0.29516130533392904,0.29516130531754003,0.29516130531341805,0.2951613053234703,0.2951613053507655,0.29516130530900525,0.2951613053363732,0.29516130530527984,0.29516130531016616,0.295161305321022,0.2951613053065387,0.2951613053534396
182,0.45818242206846943,2.1555788184970854,0.15870117324129546,0.0,0.0,0.0,0.19620940532192424,0.3020195955474726,0.3874266741193195,0.32867758282765575,0.2799958631922371,0.27687436083333494,0.26737373222406674,0.25251050032015326,0.23473395678339765,0.2288877333949424,0.22921205119510704,0.22969229824376383,0.22961211866489253,0.22926232645641287,0.2289786874200318,0.22856615805586944,0.22846407430329574,0.228410237289291,0.229903643996161,0.22919510457652428,0.22919054449717868,0.22923282398833578,0.22924603899120882,0.2291372088451913,0.22899313944225014,0.2288777928965285,0.22888286437466465,0.2291787812260276,0.22910509840100582,0.22909795989691048,0.22904874821796525,0.22905956853735848,0.22926480604283178,0.22911318250246018,0.22915172081706667,0.2291405737654469,0.22912780198362187,0.22910987155636858,0.2291114302647757,0.22911453463058634,0.22910963689080824,0.22904268700820093,0.22907270638768973,0.22907670040643607,0.2290793011241834,0.22908367245800682,0.22916502252302012,0.22915512853593764,0.22915183942538786,0.22915059846542923,0.22914767889645402,0.22914116196313145,0.22912005561535953,0.2291106472842245,0.22908279915742,0.22908084746390658,0.2290792724280337,0.2290816003847518,0.22908912017232605,0.22910455616075626,0.22910378690577557,0.2291077100807222,0.22910771007478253,0.2291077100601262,0.22910771004410707,0.22910771002488967,0.2291077100082404,0.2291077100259749,0.2291077099911627,0.22910770998972627,0.22910770999354282,0.22910770998856633,0.2291077100160265,0.22910770999041813,0.22910770998701777,0.22910770998097058,0.22910770996551852,0.2291077099735985,0.22910770996481772,0.2291077099524571,0.22910771006048833,0.22910771005381816,0.22910771005278147,0.22910771004588035,0.22910771002716215,0.22910771006531438,0.22910771005955186,0.22910771002177782,0.22910770999987137,0.22910770999670171,0.22910771000595315,0.22910770994814866,0.22910770995628219,0.22910770990282256,0.22910770988513599,0.22910770987627052,0.22910770984039028,0.22910770987123874
183,0.607431889972363,2.1183667467392002,0.6355206374724607,0.0,0.0,0.0,0.24697293089154596,0.3980934164455309,0.569157207420706,0.5935332564898821,0.5986835057492386,0.5897102136802785,0.5847728237863918,0.5809928950138338,0.57851230241627,0.5801325280437062,0.5807461189074246,0.581947084139313,0.5834550608984396,0.5830274919692082,0.583010686221524,0.5831629509483817,0.5832053341401733,0.5831928618585703,0.5837857292917251,0.5834623346321874,0.58344081147504,0.5834783238374404,0.5835288232345222,0.58352929529053,0.5835438636550868,0.5835725659141534,0.5836156088225849,0.5838276036528733,0.583691735791679,0.5836791639914117,0.5835780188832537,0.583547573154521,0.5834534883041179,0.5833327006137308,0.5833953006159764,0.5835112632158226,0.5835313645350559,0.5835624755409963,0.5835849255008111,0.5835801652771289,0.5835290748954349,0.5834277749749904,0.583442118597732,0.5834409143525723,0.5834345562791478,0.5834373297114157,0.5834629971198678,0.583502256386976,0.5834972025419162,0.5834968292217979,0.5834955947898359,0.5834930721187251,0.5834870545214205,0.5834892942615507,0.5834747704588549,0.5834993021950715,0.5834977468377557,0.583495700522951,0.5834984135159302,0.5835013997132118,0.5834931298121531,0.5835107639920869,0.5835107639937526,0.5835107639893662,0.5835107639821863,0.5835107639679776,0.5835107639526291,0.5835107639587637,0.5835107639108211,0.5835107638943348,0.5835107638789114,0.5835107638611027,0.5835107638800803,0.5835107638486781,0.5835107638202089,0.5835107638039521,0.5835107637794648,0.5835107637713851,0.5835107637506644,0.5835107637208256,0.5835107638219966,0.5835107638047924,0.5835107637854072,0.5835107637696677,0.5835107637367123,0.5835107637480875,0.5835107637326026,0.583510763690892,0.5835107636676646,0.5835107636382504,0.5835107636335389,0.5835107635641195,0.5835107635686666,0.5835107635106297,0.5835107634887734,0.5835107634772849,0.5835107634332692,0.5835107634443506
184,0.4204926010183215,2.1632468992546063,0.0976248269306898,0.0,0.0,0.0,0.18592652093574052,0.282995365425181,0.35278329188206453,0.28089936875415206,0.22503186213569365,0.22339990517201017,0.21420530269197116,0.1994939831165188,0.18227265701233192,0.1777133997823878,0.17865649228311914,0.1798797241978979,0.18042885873747908,0.1800945803556581,0.17987786127001615,0.1796626296567413,0.1798198338718465,0.18007399948609953,0.18165880224250275,0.18088737364073976,0.18085087876293168,0.18081225189208658,0.18075709638068066,0.18063658176700842,0.18050575542665068,0.18039453724092142,0.18041195108974614,0.18068219443493114,0.18063040550480716,0.1806228503565559,0.1805692004043715,0.18057911235960245,0.1807523151645122,0.18054955449822216,0.1805688043352373,0.18052519816036744,0.18049987626119554,0.1804769459581754,0.1804913230513493,0.18050845876404947,0.1805354570408409,0.18049637658580953,0.18052874332508143,0.18052975418194045,0.18053162442575718,0.18053477890855088,0.18062098006649846,0.18060339378787799,0.18060244682239288,0.18060116960579978,0.1805982878166446,0.1805919793125508,0.18057099991405587,0.18055996777245945,0.1805285158808134,0.18052029845651824,0.1805183805621688,0.1805217058493918,0.18053111155252424,0.18055597071202845,0.18056745541071778,0.18056887141256278,0.18056887140684247,0.18056887139032296,0.18056887137107258,0.18056887134248562,0.18056887131509677,0.18056887132045463,0.1805688712661576,0.18056887124561222,0.18056887123753806,0.18056887121701373,0.1805688712258094,0.18056887117948148,0.18056887115663992,0.18056887113378894,0.18056887110080533,0.18056887108825942,0.1805688710611265,0.18056887103112346,0.1805688711157454,0.18056887109033617,0.18056887106953026,0.1805688710423031,0.1805688710057345,0.18056887102669447,0.18056887099942034,0.1805688709361165,0.18056887089301848,0.18056887087274578,0.1805688708600558,0.18056887078375447,0.18056887076980163,0.1805688706902617,0.18056887064659238,0.18056887061474952,0.1805688705535203,0.18056887056504295
185,0.0,0.0,0.7524923363311327,0.0,0.0,0.0,0.2596587212223573,0.42231795641619385,0.6156320793745399,0.6624473344858535,0.682613264655924,0.6722279751899427,0.6688354720925098,0.6686006241053416,0.6709843945151867,0.6750265989818183,0.6757498512428232,0.6771882299743286,0.6791849499010708,0.6787422597663867,0.6788119278386214,0.679147768150922,0.679250099620417,0.6792239969869814,0.6794709517105394,0.6792774886756539,0.6792326708036618,0.6791991609862246,0.6792197892908172,0.6792431796671459,0.6793057947969182,0.6793835175624428,0.6794468404317869,0.6796624388870862,0.6794889195933443,0.6794744011203948,0.6793544251775535,0.6793140698924071,0.6791274615352356,0.678999027650385,0.6790544559764646,0.679181022926565,0.6791967295836286,0.6792326027789172,0.6792620978254645,0.6792710327791499,0.6792446819047598,0.6791832935468226,0.6792005747588871,0.6792013940280802,0.679199606952812,0.6792024124497664,0.6791968207695561,0.6792185569063529,0.6792169542190996,0.6792166776256777,0.6792158583013506,0.6792143038447522,0.6792097513582436,0.6792090331612999,0.6791791373084785,0.6791891990889407,0.6791868382330146,0.6791858460204023,0.6791879786592084,0.6791926084891949,0.6791943157006246,0.6792089756137932,0.6792089756213636,0.6792089756336783,0.6792089756508418,0.679208975660958,0.6792089756715717,0.6792089757004452,0.6792089756831122,0.6792089756912748,0.6792089757047202,0.6792089757125408,0.6792089757542382,0.6792089757509945,0.6792089757486212,0.6792089757554749,0.6792089757557964,0.6792089757761667,0.6792089757812035,0.6792089757758303,0.6792089759085844,0.6792089759162075,0.6792089759230283,0.6792089759328002,0.6792089759225592,0.6792089759573208,0.6792089759693803,0.6792089759580147,0.6792089759593315,0.6792089759511563,0.6792089759728337,0.6792089759290502,0.6792089759608909,0.6792089759332015,0.6792089759406635,0.6792089759540291,0.6792089759381852,0.6792089759721105
186,0.38267469384849995,2.17025603405077,0.058421532087975736,0.0,0.0,0.0,0.17688105369430948,0.26648701933726443,0.32341508986174455,0.24180629210552942,0.18135319469570285,0.18115288044507727,0.1727551420287534,0.15917653822941075,0.14383043438803605,0.14121952911075417,0.1427535451857219,0.14465322498429437,0.1456999157001681,0.14539395818695314,0.14522039249471616,0.14512036684127433,0.14536499300629585,0.14562100804357195,0.14696510836320295,0.14627165782647694,0.14619496288651274,0.14601164170734413,0.14584183791062325,0.14570596899141994,0.14557922082192717,0.14547755472135515,0.1455054871959201,0.14582889000607904,0.1457300723414895,0.14572223148582128,0.1456655473090647,0.14568325541894434,0.1458760778704205,0.14568584066557952,0.14569434404862208,0.14563236434433452,0.14560802351391935,0.14559084192529487,0.1456284523211246,0.1456696605231997,0.14572316971982965,0.14570024539601953,0.14573156636928422,0.1457253819510971,0.14572134473697848,0.14571616117508568,0.14579308206654654,0.1457711617499362,0.14577227623156877,0.14577108018901333,0.1457685825858436,0.14576348816961043,0.14574668691804113,0.14573641060731007,0.14570118670850132,0.1456873729572293,0.1456836190865275,0.14568548976177811,0.145695161121571,0.14572422285450948,0.14574410171239255,0.14574439453828794,0.14574439453405938,0.14574439451638876,0.14574439449566176,0.145744394458892,0.14574439442359657,0.14574439441955023,0.14574439435114803,0.1457443943172322,0.14574439430181618,0.1457443942711652,0.1457443942690109,0.14574439420955632,0.1457443941763574,0.1457443941433589,0.14574439409933151,0.14574439407417894,0.14574439403572828,0.14574439399542086,0.14574439406540923,0.14574439402868106,0.14574439399670341,0.14574439395710767,0.14574439390988703,0.14574439392184907,0.14574439388163704,0.14574439380239684,0.14574439374579265,0.14574439371551323,0.14574439368924805,0.1457443936023083,0.14574439357461993,0.14574439347860116,0.14574439341827541,0.14574439337127723,0.1457443932936397,0.14574439329310257
187,0.0,0.0,0.034361665561155275,0.0,0.0,0.0,0.16893747768057377,0.2522078090021758,0.29867398331439515,0.2101969096143778,0.14721115592813816,0.14834876381624706,0.14105843344782001,0.1292235671111096,0.11645055960292024,0.11588985920864107,0.11781622885538247,0.12011052797631999,0.12131862602397352,0.12105596282238863,0.1208835109002945,0.12077031714212735,0.12091536174072223,0.12091591074300528,0.12186080548951371,0.12133285044636759,0.12123473481997565,0.12095312456657635,0.12073161808368073,0.12059393771741042,0.12047923601931373,0.12041094353215268,0.12047984011951846,0.1209561792136128,0.12076383291387696,0.12075545009694641,0.12069323628128915,0.12071973384449315,0.12094406295665988,0.12080712154481095,0.12081721447820011,0.12075729482698835,0.1207376488583082,0.1207257741808468,0.12077233029849016,0.12082556285740499,0.12087980026743814,0.1208411492717365,0.12086960337150772,0.12085599269315915,0.1208410616798527,0.12082254246490512,0.12088700751571974,0.1208608124097599,0.12086240048273102,0.12086137775677992,0.12085931120756081,0.12085548298736841,0.12084372316061222,0.1208357891731154,0.12079989604532215,0.12078429517713445,0.12077830476070726,0.12077780569647531,0.12078730513918581,0.12081839472717865,0.12084559674718572,0.12084614038105716,0.1208461403789733,0.1208461403622962,0.12084614034334003,0.12084614030403056,0.12084614026720109,0.12084614026164821,0.12084614019096665,0.12084614015405451,0.12084614014136072,0.12084614011169424,0.12084614011075841,0.12084614005143109,0.12084614002172242,0.12084613998981525,0.12084613994530202,0.12084613992023654,0.12084613988166419,0.12084613984234163,0.12084613991000104,0.12084613987288861,0.12084613984242172,0.1208461398022527,0.12084613975467652,0.1208461397686891,0.1208461397275099,0.12084613964621266,0.12084613958733027,0.1208461395569017,0.1208461395287789,0.12084613944120697,0.12084613941102806,0.1208461393119921,0.1208461392479236,0.12084613919687606,0.12084613911549535,0.12084613911236741
188,0.34474022025987927,2.17660408783522,0.034361665561155275,0.0,0.0,0.0,0.16893747768057377,0.2522078090021758,0.29867398331439515,0.2101969096143778,0.14721115592813816,0.14834876381624706,0.14105843344782001,0.1292235671111096,0.11645055960292024,0.11588985920864107,0.11781622885538247,0.12011052797631999,0.12131862602397352,0.12105596282238863,0.1208835109002945,0.12077031714212735,0.12091536174072223,0.12091591074300528,0.12186080548951371,0.12133285044636759,0.12123473481997565,0.12095312456657635,0.12073161808368073,0.12059393771741042,0.12047923601931373,0.12041094353215268,0.12047984011951846,0.1209561792136128,0.12076383291387696,0.12075545009694641,0.12069323628128915,0.12071973384449315,0.12094406295665988,0.12080712154481095,0.12081721447820011,0.12075729482698835,0.1207376488583082,0.1207257741808468,0.12077233029849016,0.12082556285740499,0.12087980026743814,0.1208411492717365,0.12086960337150772,0.12085599269315915,0.1208410616798527,0.12082254246490512,0.12088700751571974,0.1208608124097599,0.12086240048273102,0.12086137775677992,0.12085931120756081,0.12085548298736841,0.12084372316061222,0.1208357891731154,0.12079989604532215,0.12078429517713445,0.12077830476070726,0.12077780569647531,0.12078730513918581,0.12081839472717865,0.12084559674718572,0.12084614038105716,0.1208461403789733,0.1208461403622962,0.12084614034334003,0.12084614030403056,0.12084614026720109,0.12084614026164821,0.12084614019096665,0.12084614015405451,0.12084614014136072,0.12084614011169424,0.12084614011075841,0.12084614005143109,0.12084614002172242,0.12084613998981525,0.12084613994530202,0.12084613992023654,0.12084613988166419,0.12084613984234163,0.12084613991000104,0.12084613987288861,0.12084613984242172,0.1208461398022527,0.12084613975467652,0.1208461397686891,0.1208461397275099,0.12084613964621266,0.12084613958733027,0.1208461395569017,0.1208461395287789,0.12084613944120697,0.12084613941102806,0.1208461393119921,0.1208461392479236,0.12084613919687606,0.12084613911549535,0.12084613911236741
189,0.3067007354605939,2.182289126929278,0.019999958164843845,0.0,0.0,0.0,0.16191755627076215,0.2397896905581298,0.2777601354873762,0.18466344236507004,0.12064461273762779,0.123005764417195,0.11697715545122582,0.1071820630192562,0.09719275185345583,0.09842828636711835,0.10048958163036217,0.10284557866756563,0.10388448162871163,0.10367585786580782,0.10347414882963354,0.10325684025643071,0.10320784954760066,0.10288807232537876,0.10351077394678465,0.10314329157462196,0.10305622011842339,0.10279294134453087,0.10263492653540535,0.10251440690144373,0.10242407439893574,0.10240490904844492,0.1025319611805412,0.10316340209039289,0.10289386491437286,0.1028842535147541,0.1028096705458766,0.10283426264508709,0.10302991514418408,0.10291804599335647,0.1029318442296803,0.10288492066283997,0.10286454459547065,0.10285245479181584,0.10288875352072117,0.10293137871569205,0.10296320417145628,0.10288636913657341,0.10291157881427346,0.10289393411289165,0.10286898019027457,0.10284326904745701,0.10291436268776888,0.10289669207770251,0.10289659376438463,0.10289574298734153,0.102893809721655,0.10289031258000159,0.10288095905347294,0.10287628982985299,0.1028479592394644,0.10283990300290234,0.10283272497388643,0.10282926494319002,0.10283759029870057,0.10286837274332518,0.10289982799926946,0.10290343416572272,0.10290343416517601,0.10290343415043315,0.10290343413276003,0.10290343409409833,0.10290343405728289,0.10290343405180186,0.10290343398213965,0.10290343394450072,0.10290343393407873,0.1029034339070989,0.10290343390968898,0.10290343385370457,0.1029034338290516,0.1029034338003656,0.10290343375759868,0.10290343373457594,0.10290343369756502,0.10290343366085308,0.10290343372689602,0.10290343369115527,0.102903433664418,0.10290343362635539,0.10290343357985203,0.10290343359643107,0.10290343355639288,0.10290343347759733,0.10290343342038885,0.10290343339079586,0.10290343336348384,0.10290343327619124,0.102903433246432,0.10290343314912871,0.10290343308634092,0.10290343303601165,0.10290343295588114,0.10290343295182391
190,0.2685678266462105,2.187309419614964,0.011568916118998962,0.0,0.0,0.0,0.1556454114269048,0.2288736609856054,0.25990885298414285,0.16389938958186506,0.09988427119643055,0.10334830131678666,0.09862367154441348,0.09094330926770071,0.08364302088578528,0.08627109007611075,0.08823556894446487,0.09038125994961754,0.09104154878338694,0.09089050053610333,0.09065199219383926,0.09030626564714768,0.09007642135861427,0.08953588249163719,0.09004124408803145,0.08976441727815276,0.08971287892171202,0.08956527401519694,0.08954680443958747,0.08945083251650775,0.08938287077084431,0.08939982810195124,0.08955839682623375,0.09022837463761758,0.08994685327592505,0.08993568966110875,0.08984544581586303,0.0898548817891949,0.08994858625704995,0.08980121568691263,0.08981420988352874,0.08978502715906514,0.08976556074741686,0.08975783752442401,0.08978880049608108,0.08981340137814471,0.08982456538054984,0.08971881349570868,0.08974029124008154,0.08972122227722312,0.0896922898190292,0.08967187542324989,0.08976946405709693,0.08978312402612718,0.08978022934477893,0.08977942474662362,0.0897772972385184,0.08977328221406553,0.0897634378412148,0.0897619624352495,0.08974385509718497,0.08974777909657487,0.08973987736073459,0.08973094677005054,0.08973437909128534,0.08975537357258599,0.08978003906645884,0.0897890519285419,0.08978905192902165,0.08978905191679694,0.08978905189979675,0.08978905186378451,0.08978905182813432,0.08978905182095773,0.08978905175204939,0.08978905171459986,0.08978905169890207,0.08978905166952444,0.0897890516722327,0.08978905161594371,0.08978905159112892,0.08978905156152,0.0897890515179905,0.08978905149279197,0.08978905145296454,0.08978905141492692,0.08978905147405074,0.0897890514365564,0.08978905141012263,0.08978905137212063,0.08978905132388794,0.08978905133880605,0.08978905129758392,0.08978905122227085,0.08978905116796909,0.08978905113710213,0.08978905111034152,0.08978905102130308,0.08978905099252543,0.08978905089962094,0.08978905084218411,0.08978905079689087,0.08978905072226999,0.0897890507182916
191,0.23035310947015575,2.1916634366624934,0.006667823052234456,0.0,0.0,0.0,0.14996875419567818,0.21915133381766191,0.2444727853292648,0.14682432459740677,0.08350169162769085,0.08795162157666178,0.08450316780652323,0.0788783077699175,0.07401824903636063,0.07762475710222143,0.07932529590362855,0.08109079584438951,0.08130167563709807,0.08120489780697841,0.08094090115458315,0.08049590063107727,0.08016395463463163,0.07956315488489192,0.08014520142072276,0.07987474228053458,0.07986351764427659,0.07985622692558379,0.07997594861409646,0.07989586983403955,0.07983295249214051,0.07985192408892884,0.07998789608500773,0.0805439293969712,0.08031924196902654,0.08030719848224398,0.08020785506384795,0.08019736947755636,0.08017565461115334,0.07996359717922207,0.07997563969597309,0.07997119323582513,0.07996664707733414,0.07997838151094332,0.08002934716886499,0.08004744624694878,0.08005526439259703,0.0799444013888181,0.07996041422475955,0.07993870481655789,0.07990951412586676,0.07989883890994746,0.08001596164724376,0.08007040162218146,0.08006537332332751,0.08006450246687224,0.08006219205136438,0.08005784577030572,0.08004750693737021,0.08004808240208054,0.08003069608081007,0.08003868523181071,0.08002890125870447,0.08001180931415512,0.08000674325642668,0.0800075191954318,0.08001599380987032,0.0800295934665769,0.08002959346974665,0.08002959346518145,0.08002959345756232,0.08002959343495378,0.08002959341366969,0.08002959341572251,0.08002959336436208,0.08002959334403008,0.08002959333288376,0.08002959331136908,0.08002959332656899,0.08002959328315226,0.08002959327305995,0.08002959325338099,0.08002959322235081,0.08002959321038554,0.08002959318069608,0.08002959315509696,0.08002959322358913,0.08002959319837477,0.08002959318827095,0.08002959316570708,0.08002959312994173,0.08002959315908197,0.08002959313371029,0.08002959308240638,0.08002959304774687,0.08002959303206165,0.08002959302503596,0.0800295929510531,0.08002959294202584,0.08002959287615043,0.08002959284754364,0.08002959282783777,0.08002959278220456,0.0800295927981185
192,0.38267469384849995,2.17025603405077,0.058421532087975736,0.0,0.0,0.0,0.17688105369430948,0.26648701933726443,0.32341508986174455,0.24180629210552942,0.18135319469570285,0.18115288044507727,0.1727551420287534,0.15917653822941075,0.14383043438803605,0.14121952911075417,0.1427535451857219,0.14465322498429437,0.1456999157001681,0.14539395818695314,0.14522039249471616,0.14512036684127433,0.14536499300629585,0.14562100804357195,0.14696510836320295,0.14627165782647694,0.14619496288651274,0.14601164170734413,0.14584183791062325,0.14570596899141994,0.14557922082192717,0.14547755472135515,0.1455054871959201,0.14582889000607904,0.1457300723414895,0.14572223148582128,0.1456655473090647,0.14568325541894434,0.1458760778704205,0.14568584066557952,0.14569434404862208,0.14563236434433452,0.14560802351391935,0.14559084192529487,0.1456284523211246,0.1456696605231997,0.14572316971982965,0.14570024539601953,0.14573156636928422,0.1457253819510971,0.14572134473697848,0.14571616117508568,0.14579308206654654,0.1457711617499362,0.14577227623156877,0.14577108018901333,0.1457685825858436,0.14576348816961043,0.14574668691804113,0.14573641060731007,0.14570118670850132,0.1456873729572293,0.1456836190865275,0.14568548976177811,0.145695161121571,0.14572422285450948,0.14574410171239255,0.14574439453828794,0.14574439453405938,0.14574439451638876,0.14574439449566176,0.145744394458892,0.14574439442359657,0.14574439441955023,0.14574439435114803,0.1457443943172322,0.14574439430181618,0.1457443942711652,0.1457443942690109,0.14574439420955632,0.1457443941763574,0.1457443941433589,0.14574439409933151,0.14574439407417894,0.14574439403572828,0.14574439399542086,0.14574439406540923,0.14574439402868106,0.14574439399670341,0.14574439395710767,0.14574439390988703,0.14574439392184907,0.14574439388163704,0.14574439380239684,0.14574439374579265,0.14574439371551323,0.14574439368924805,0.1457443936023083,0.14574439357461993,0.14574439347860116,0.14574439341827541,0.14574439337127723,0.1457443932936397,0.14574439329310257
193,0.19206822450547556,2.1953498517960948,0.0038349890719438506,0.0,0.0,0.0,0.1447649519940224,0.21037591101840916,0.2309400197640421,0.1326011699087588,0.07041443354836385,0.07574226439418746,0.07350345385992903,0.06980395208883752,0.06708008411645336,0.07130920431256253,0.07264743928671503,0.0739579169134453,0.07375088621581703,0.07370040016846033,0.07343142395138175,0.07294164662526023,0.07260098022305943,0.07207398220500416,0.07283763554986862,0.07251137587931286,0.0725276638698658,0.07261757738312594,0.07281941745682624,0.0727383586286538,0.07266102996517661,0.07265014780779153,0.07271932354543052,0.07306699046636647,0.07293553802055336,0.07292407535364917,0.07283000417925173,0.07280618950600698,0.07272953492331687,0.07247753856438835,0.07249514731145579,0.07252187052861003,0.07254561658887071,0.07258695456756097,0.07267332525150597,0.07269682786068761,0.07270964739058468,0.0726035123987496,0.07261246037207272,0.07258566912998668,0.07255454250672108,0.07254597411600108,0.07265360067462638,0.07273316686962246,0.07272758864804876,0.07272673982050344,0.07272462530950993,0.07272094328771377,0.07271278253851932,0.07271435276521192,0.07268676907545983,0.07268797290471951,0.07267540929455045,0.07265146980655826,0.07263945241107143,0.07262228450941914,0.07262003198393438,0.07263509553278145,0.07263509554133242,0.07263509555211854,0.07263509556741626,0.07263509557339919,0.07263509558456133,0.07263509561506563,0.07263509560649699,0.07263509562530723,0.0726350956433875,0.0726350956522523,0.0726350957022885,0.072635095696346,0.0726350957279637,0.0726350957395454,0.072635095742934,0.07263509577086973,0.07263509577491134,0.07263509578545194,0.07263509589091598,0.07263509590055246,0.07263509593254465,0.07263509594857871,0.07263509594707933,0.07263509601548583,0.07263509603078548,0.072635096029209,0.07263509603467204,0.07263509605708515,0.07263509609437525,0.0726350960586025,0.07263509609226784,0.07263509607901385,0.07263509610379301,0.07263509613037396,0.07263509613819444,0.07263509619656189
194,0.0,0.0,0.0976248269306898,0.0,0.0,0.0,0.18592652093574052,0.282995365425181,0.35278329188206453,0.28089936875415206,0.22503186213569365,0.22339990517201017,0.21420530269197116,0.1994939831165188,0.18227265701233192,0.1777133997823878,0.17865649228311914,0.1798797241978979,0.18042885873747908,0.1800945803556581,0.17987786127001615,0.1796626296567413,0.1798198338718465,0.18007399948609953,0.18165880224250275,0.18088737364073976,0.18085087876293168,0.18081225189208658,0.18075709638068066,0.18063658176700842,0.18050575542665068,0.18039453724092142,0.18041195108974614,0.18068219443493114,0.18063040550480716,0.1806228503565559,0.1805692004043715,0.18057911235960245,0.1807523151645122,0.18054955449822216,0.1805688043352373,0.18052519816036744,0.18049987626119554,0.1804769459581754,0.1804913230513493,0.18050845876404947,0.1805354570408409,0.18049637658580953,0.18052874332508143,0.18052975418194045,0.18053162442575718,0.18053477890855088,0.18062098006649846,0.18060339378787799,0.18060244682239288,0.18060116960579978,0.1805982878166446,0.1805919793125508,0.18057099991405587,0.18055996777245945,0.1805285158808134,0.18052029845651824,0.1805183805621688,0.1805217058493918,0.18053111155252424,0.18055597071202845,0.18056745541071778,0.18056887141256278,0.18056887140684247,0.18056887139032296,0.18056887137107258,0.18056887134248562,0.18056887131509677,0.18056887132045463,0.1805688712661576,0.18056887124561222,0.18056887123753806,0.18056887121701373,0.1805688712258094,0.18056887117948148,0.18056887115663992,0.18056887113378894,0.18056887110080533,0.18056887108825942,0.1805688710611265,0.18056887103112346,0.1805688711157454,0.18056887109033617,0.18056887106953026,0.1805688710423031,0.1805688710057345,0.18056887102669447,0.18056887099942034,0.1805688709361165,0.18056887089301848,0.18056887087274578,0.1805688708600558,0.18056887078375447,0.18056887076980163,0.1805688706902617,0.18056887064659238,0.18056887061474952,0.1805688705535203,0.18056887056504295
195,0.15372483369900444,2.1983675420980076,0.002203019377929216,0.0,0.0,0.0,0.13993935300520843,0.20235782909255273,0.2189212541730729,0.12060487628934498,0.05983087342425694,0.06593939644265315,0.06482515079913638,0.0628895679765391,0.0619963019397483,0.06657029443174443,0.06750331290640899,0.06835181332955045,0.06781208571980814,0.0677977229387409,0.06754491012830037,0.06706619381887799,0.0667912265911895,0.06640792613234801,0.06736176534230104,0.06695214041502284,0.06697513658389244,0.06708868676313677,0.06730675592645588,0.06721022872690743,0.06710976258870796,0.06705702228003049,0.06704872423716236,0.06718650810447169,0.06714477944860853,0.06713534006479237,0.06706074205744629,0.06703602203897378,0.06699483255075275,0.06675552132146662,0.06678513045156793,0.0668398755488876,0.06688986676642476,0.06695331411849566,0.0670600215864955,0.06708633391999744,0.06709525908224641,0.06698675181252445,0.06699013724093242,0.06695998670286525,0.0669254610179315,0.066910192791171,0.06698720216930235,0.06706364754305885,0.06705875848160042,0.06705821128432228,0.06705668726173153,0.0670543594795848,0.06705040142985996,0.06705277698378283,0.067016472330752,0.0670104487546305,0.06699656023314245,0.06697190056566184,0.06695972219582384,0.06693997824508392,0.06694195264785657,0.06695581812633829,0.06695581813972964,0.06695581816518804,0.06695581820323525,0.0669558182365616,0.06695581827826881,0.06695581833790075,0.06695581836930023,0.06695581842217674,0.06695581847321025,0.06695581851393005,0.066955818597606,0.06695581862782884,0.06695581869817263,0.06695581874001694,0.06695581877484591,0.06695581883930472,0.06695581887453812,0.06695581891776706,0.06695581905516157,0.06695581909486988,0.06695581916371297,0.0669558192123487,0.06695581923946269,0.06695581934095801,0.0669558193895484,0.06695581942673637,0.06695581946308378,0.06695581951560665,0.066955819587097,0.06695581958176065,0.06695581964772421,0.06695581967340404,0.06695581973623096,0.0669558197953029,0.06695581984145225,0.06695581993031016
196,0.0,0.0,0.0012646485170648702,0.0,0.0,0.0,0.13542057291266427,0.1949546297034766,0.2081262528002378,0.11037689864787671,0.05118134407026221,0.05798389233042755,0.057902201512399366,0.057559765852822076,0.05821350696261033,0.06292703726103573,0.06344963064957512,0.06386851677293298,0.06309630094874955,0.06310766453453191,0.06288780991116603,0.0624638991940805,0.06229782449304068,0.06206696064031386,0.06315606281776974,0.06266505430686112,0.06267540570372514,0.0627457092607894,0.0629369356919214,0.06281899828178296,0.06270132058037853,0.06261716929554428,0.06255280822021657,0.0625460256839037,0.06256522909745749,0.06255850291609111,0.06251015207062077,0.0624949315079578,0.06255379590736009,0.06236871203401285,0.06241028291950152,0.06247799923777472,0.06253553741745578,0.0625986385796396,0.06268830749431314,0.06270353016805295,0.0626955662093606,0.06258027805648399,0.06258397724973985,0.06255824663248494,0.06252534359466264,0.06250454691538176,0.0625560855841847,0.0626067852860967,0.06260313321806449,0.06260314431433418,0.06260226007808932,0.06260087409050914,0.06259957055316605,0.06260246791015017,0.06257001116394754,0.06256625316740355,0.06255431726511239,0.06253606171243488,0.06253042809923683,0.0625221132594012,0.06253476133872267,0.06254609766757936,0.06254609768011749,0.06254609770612035,0.0625460977456888,0.06254609778092192,0.06254609782414605,0.06254609788560561,0.06254609791674479,0.06254609796707326,0.06254609801906921,0.06254609806000733,0.06254609814417497,0.06254609817294927,0.06254609824010765,0.06254609828000451,0.06254609831247573,0.06254609837258103,0.06254609840335149,0.06254609844270337,0.06254609856906405,0.06254609860246593,0.06254609866696405,0.06254609870956317,0.0625460987293112,0.06254609882355797,0.06254609886367614,0.06254609889196908,0.06254609892053105,0.062546098963564,0.06254609902481875,0.06254609901116136,0.06254609906716738,0.06254609908163157,0.06254609913205442,0.06254609917986181,0.06254609921416393,0.06254609929053964
197,0.11533461681902314,2.2007155883505325,0.0012646485170648702,0.0,0.0,0.0,0.13542057291266427,0.1949546297034766,0.2081262528002378,0.11037689864787671,0.05118134407026221,0.05798389233042755,0.057902201512399366,0.057559765852822076,0.05821350696261033,0.06292703726103573,0.06344963064957512,0.06386851677293298,0.06309630094874955,0.06310766453453191,0.06288780991116603,0.0624638991940805,0.06229782449304068,0.06206696064031386,0.06315606281776974,0.06266505430686112,0.06267540570372514,0.0627457092607894,0.0629369356919214,0.06281899828178296,0.06270132058037853,0.06261716929554428,0.06255280822021657,0.0625460256839037,0.06256522909745749,0.06255850291609111,0.06251015207062077,0.0624949315079578,0.06255379590736009,0.06236871203401285,0.06241028291950152,0.06247799923777472,0.06253553741745578,0.0625986385796396,0.06268830749431314,0.06270353016805295,0.0626955662093606,0.06258027805648399,0.06258397724973985,0.06255824663248494,0.06252534359466264,0.06250454691538176,0.0625560855841847,0.0626067852860967,0.06260313321806449,0.06260314431433418,0.06260226007808932,0.06260087409050914,0.06259957055316605,0.06260246791015017,0.06257001116394754,0.06256625316740355,0.06255431726511239,0.06253606171243488,0.06253042809923683,0.0625221132594012,0.06253476133872267,0.06254609766757936,0.06254609768011749,0.06254609770612035,0.0625460977456888,0.06254609778092192,0.06254609782414605,0.06254609788560561,0.06254609791674479,0.06254609796707326,0.06254609801906921,0.06254609806000733,0.06254609814417497,0.06254609817294927,0.06254609824010765,0.06254609828000451,0.06254609831247573,0.06254609837258103,0.06254609840335149,0.06254609844270337,0.06254609856906405,0.06254609860246593,0.06254609866696405,0.06254609870956317,0.0625460987293112,0.06254609882355797,0.06254609886367614,0.06254609889196908,0.06254609892053105,0.062546098963564,0.06254609902481875,0.06254609901116136,0.06254609906716738,0.06254609908163157,0.06254609913205442,0.06254609917986181,0.06254609921416393,0.06254609929053964
198,0.0769092678974868,2.202393275316035,0.0007256837971509889,0.0,0.0,0.0,0.13115524413561214,0.1880600380775545,0.19833976904846107,0.10158180767944057,0.04405631723491624,0.05147557018778156,0.05233351463675228,0.053414896673817346,0.05536080773315208,0.06006603606786549,0.06019527473056919,0.060234509476683934,0.059322037944449256,0.05934969742929131,0.05917358742251932,0.05883208130320601,0.05878916893129344,0.058680238905566326,0.05982632653296312,0.05927342505122378,0.05925863164861692,0.05924580609802761,0.059399337351324424,0.05926291068459729,0.05914423450102549,0.059052821687986604,0.05896893946198309,0.05889990996182269,0.05894644255912676,0.05894214212092824,0.05891717995332845,0.05891510103287495,0.059084101204178174,0.0589632589543884,0.059010180504374156,0.05907167544713591,0.05911298245487827,0.05915221513754654,0.05919018499544129,0.05918261464607935,0.05915679583717668,0.05904782954197045,0.05905987526549735,0.059048514699297575,0.0590276475697895,0.05901159188635135,0.059058737370795235,0.05907275274548502,0.059070801229053956,0.05907142622880076,0.05907088331474473,0.059069238879129606,0.05906604599397792,0.059067800105520984,0.05904957919928962,0.05905566930866302,0.05904839481679307,0.05904049396357673,0.05904347175259271,0.05904806723802029,0.05906248719523282,0.059070164800640125,0.05907016480503957,0.059070164813896424,0.0590701648289664,0.05907016483659031,0.059070164849311206,0.05907016488217567,0.059070164872088694,0.05907016488618664,0.05907016490230903,0.05907016490927965,0.059070164961815545,0.05907016495194705,0.05907016497755841,0.059070164984280235,0.059070164984505534,0.05907016500431091,0.059070164999309685,0.059070165003519096,0.059070165084026585,0.0590701650812976,0.059070165107500315,0.05907016511281008,0.05907016509683514,0.05907016515276299,0.05907016515223231,0.059070165135594134,0.05907016512720221,0.0590701651313408,0.05907016514960674,0.059070165099616906,0.05907016511524548,0.05907016508243023,0.05907016508531514,0.05907016509135883,0.059070165078561235,0.0590701651129799
199,0.038460491667912065,2.2034000919548142,0.00041631795707264274,0.0,0.0,0.0,0.12710334381566465,0.1815944090068345,0.18940109257419752,0.09397198302527884,0.03815809011766875,0.04612462957542075,0.04783117732976125,0.050173039331954036,0.053184110342108695,0.057775347997004484,0.057539671178376224,0.05725339248050472,0.056275247467375854,0.05631126422931797,0.056184101854244876,0.05593805179014847,0.0560122745884255,0.05597909743229105,0.057109840656801976,0.056520580877083205,0.05647609563340995,0.05637009782061718,0.0564996533551854,0.05635324341215699,0.05625245562036663,0.056179848738087165,0.056109991196971805,0.056038954172981874,0.05608868087303129,0.056085816605113206,0.05607448745696603,0.05608231058876065,0.056323078376111654,0.05624903428411269,0.05629289315014883,0.05633586026674161,0.05634554981469453,0.056349334839620964,0.05632336041933701,0.05629285670998318,0.05626332595935198,0.05618603002524133,0.05621242755930337,0.05622136295437986,0.05622106119409304,0.05621906574898005,0.05627561138536635,0.05624923165187086,0.05624995750623598,0.05625108495070312,0.056250575744999136,0.05624776848369036,0.05623880425228467,0.05623683046278838,0.056231986735494295,0.05624560626843349,0.05624345696543387,0.05624578508811912,0.056255199135062973,0.056264980260303736,0.05626823661526803,0.05627068421223643,0.05627068420515463,0.056270684190087426,0.05627068417171845,0.056270684143395006,0.056270684118120695,0.056270684117273186,0.05627068406185986,0.056270684039768065,0.05627068401465571,0.05627068398440832,0.05627068400524197,0.05627068395581332,0.056270683942549915,0.05627068391640916,0.056270683887400884,0.05627068387108946,0.05627068383431883,0.056270683808133846,0.056270683850335415,0.056270683817088336,0.05627068381111863,0.05627068378495738,0.0562706837398569,0.05627068376595373,0.05627068373279288,0.05627068367949121,0.05627068364068853,0.056270683614571916,0.05627068359896459,0.05627068352216928,0.05627068350648985,0.05627068343621976,0.05627068340194801,0.05627068337484659,0.05627068332501563,0.05627068332796908
200,1.3493989549235188e-16,2.2037357315807675,0.00023880617148691607,0.0,0.0,0.0,0.12323445903394697,0.1754971808119262,0.18118823876057577,0.08736121179064994,0.03326583149550165,0.041716809284031126,0.044183958678793316,0.0476304709540662,0.05150405599388577,0.05590553489265728,0.05533812140281146,0.05477789037325119,0.05378974128730074,0.05382774323219621,0.053750469872357154,0.053602232835662365,0.053776485226415,0.05377408896367604,0.05483731919473615,0.0542356324381235,0.054163232963797985,0.05397618604564002,0.054106281127791124,0.053959945175430145,0.053892218404933696,0.05385772793157184,0.053821777808527795,0.053772103532347564,0.05381495398786328,0.05381233278407978,0.05380290928950753,0.05381345252730848,0.054065247602149244,0.05401000155824271,0.054045598506465675,0.05407087355825501,0.054048276320089364,0.05402106089952753,0.05394408121531994,0.0539010482753248,0.053887039780323935,0.053861371713049645,0.053902991186768084,0.05393060238401474,0.05395116361030295,0.05396332366735955,0.054023444669939566,0.05395615793875561,0.05396088572249992,0.05396241215129817,0.05396195876296808,0.053958231448555716,0.053943719214332095,0.053936584310971765,0.05393614527046162,0.05394849346832789,0.05394991357269116,0.053960072134348995,0.05397297386196033,0.05398167710930431,0.05397103157649206,0.05396719814942561,0.05396719813352944,0.053967198102489684,0.053967198063329856,0.053967198014909644,0.053967197970161765,0.05396719795563556,0.05396719788408283,0.05396719785263201,0.05396719781190258,0.05396719776949341,0.05396719778391935,0.05396719772377244,0.05396719770448224,0.05396719767065175,0.05396719763833366,0.053967197617623475,0.05396719757699839,0.053967197548847955,0.05396719758596932,0.05396719754997344,0.05396719754313404,0.0539671975142609,0.05396719746742988,0.053967197494669064,0.053967197460118285,0.05396719740407577,0.05396719736208542,0.05396719733539031,0.053967197318236446,0.05396719724404223,0.05396719722737254,0.05396719715453628,0.053967197117463166,0.05396719708663794,0.05396719703415334,0.05396719703647298
201,0.15372483369900444,2.1983675420980076,0.002203019377929216,0.0,0.0,0.0,0.13993935300520843,0.20235782909255273,0.2189212541730729,0.12060487628934498,0.05983087342425694,0.06593939644265315,0.06482515079913638,0.0628895679765391,0.0619963019397483,0.06657029443174443,0.06750331290640899,0.06835181332955045,0.06781208571980814,0.0677977229387409,0.06754491012830037,0.06706619381887799,0.0667912265911895,0.06640792613234801,0.06736176534230104,0.06695214041502284,0.06697513658389244,0.06708868676313677,0.06730675592645588,0.06721022872690743,0.06710976258870796,0.06705702228003049,0.06704872423716236,0.06718650810447169,0.06714477944860853,0.06713534006479237,0.06706074205744629,0.06703602203897378,0.06699483255075275,0.06675552132146662,0.06678513045156793,0.0668398755488876,0.06688986676642476,0.06695331411849566,0.0670600215864955,0.06708633391999744,0.06709525908224641,0.06698675181252445,0.06699013724093242,0.06695998670286525,0.0669254610179315,0.066910192791171,0.06698720216930235,0.06706364754305885,0.06705875848160042,0.06705821128432228,0.06705668726173153,0.0670543594795848,0.06705040142985996,0.06705277698378283,0.067016472330752,0.0670104487546305,0.06699656023314245,0.06697190056566184,0.06695972219582384,0.06693997824508392,0.06694195264785657,0.06695581812633829,0.06695581813972964,0.06695581816518804,0.06695581820323525,0.0669558182365616,0.06695581827826881,0.06695581833790075,0.06695581836930023,0.06695581842217674,0.06695581847321025,0.06695581851393005,0.066955818597606,0.06695581862782884,0.06695581869817263,0.06695581874001694,0.06695581877484591,0.06695581883930472,0.06695581887453812,0.06695581891776706,0.06695581905516157,0.06695581909486988,0.06695581916371297,0.0669558192123487,0.06695581923946269,0.06695581934095801,0.0669558193895484,0.06695581942673637,0.06695581946308378,0.06695581951560665,0.066955819587097,0.06695581958176065,0.06695581964772421,0.06695581967340404,0.06695581973623096,0.0669558197953029,0.06695581984145225,0.06695581993031016
202,-0.0384604916679118,2.2034000919548142,0.00013697239985477339,0.0,0.0,0.0,0.11952498348999589,0.16972126512977997,0.17360639729544564,0.081605928994527,0.02921144815234849,0.03808950263841156,0.04123268294289217,0.0456357947998863,0.050190047008847674,0.05434741564815347,0.05348270015236831,0.0526950515541416,0.05173644297835859,0.05177146009242434,0.051742191442860144,0.051687394224062856,0.0519405718903462,0.0519338714707658,0.05289998554769223,0.052304603845769806,0.05220980151504941,0.051965240440044504,0.05211928405824563,0.051981626840625225,0.05195521517209386,0.05196786724551662,0.05197013111052669,0.05193378226750033,0.0519711189000898,0.051967781367458964,0.051950865880788066,0.05195659109908668,0.052163454015096145,0.05210430912003494,0.052131750491278925,0.05215194938276037,0.052108663862637496,0.052066149475387985,0.051965264453494316,0.05192283428959004,0.05193586119180345,0.051962725672200595,0.052015119897671186,0.05205348239364519,0.052086591817269066,0.052103946428102565,0.05214860862351459,0.05204447133716679,0.0520540572452228,0.05205600778747647,0.05205599862562039,0.052052673196206586,0.052037280651822955,0.05202631956189664,0.05202255927844062,0.05202737055400741,0.052030103387020445,0.05204527510814801,0.05206028779767733,0.0520685146663077,0.05205340252329757,0.052044135341835725,0.05204413532316115,0.05204413529011069,0.052044135250384135,0.05204413520360226,0.052044135162757986,0.05204413515626758,0.05204413509734975,0.05204413507944265,0.05204413504977534,0.05204413501927465,0.05204413504807539,0.052044135002059094,0.05204413500166943,0.05204413498071553,0.0520441349636895,0.052044134960818215,0.05204413493555185,0.052044134924442854,0.05204413497683938,0.05204413495583801,0.052044134968202635,0.05204413495495257,0.052044134923060585,0.05204413496915698,0.052044134951731484,0.052044134913679874,0.05204413488518357,0.05204413487470215,0.05204413487462803,0.052044134818964666,0.05204413481838805,0.052044134763292615,0.05204413474289556,0.05204413472529326,0.05204413469001521,0.05204413470813948
203,0.0,0.0,0.0038349890719438506,0.0,0.0,0.0,0.1447649519940224,0.21037591101840916,0.2309400197640421,0.1326011699087588,0.07041443354836385,0.07574226439418746,0.07350345385992903,0.06980395208883752,0.06708008411645336,0.07130920431256253,0.07264743928671503,0.0739579169134453,0.07375088621581703,0.07370040016846033,0.07343142395138175,0.07294164662526023,0.07260098022305943,0.07207398220500416,0.07283763554986862,0.07251137587931286,0.0725276638698658,0.07261757738312594,0.07281941745682624,0.0727383586286538,0.07266102996517661,0.07265014780779153,0.07271932354543052,0.07306699046636647,0.07293553802055336,0.07292407535364917,0.07283000417925173,0.07280618950600698,0.07272953492331687,0.07247753856438835,0.07249514731145579,0.07252187052861003,0.07254561658887071,0.07258695456756097,0.07267332525150597,0.07269682786068761,0.07270964739058468,0.0726035123987496,0.07261246037207272,0.07258566912998668,0.07255454250672108,0.07254597411600108,0.07265360067462638,0.07273316686962246,0.07272758864804876,0.07272673982050344,0.07272462530950993,0.07272094328771377,0.07271278253851932,0.07271435276521192,0.07268676907545983,0.07268797290471951,0.07267540929455045,0.07265146980655826,0.07263945241107143,0.07262228450941914,0.07262003198393438,0.07263509553278145,0.07263509554133242,0.07263509555211854,0.07263509556741626,0.07263509557339919,0.07263509558456133,0.07263509561506563,0.07263509560649699,0.07263509562530723,0.0726350956433875,0.0726350956522523,0.0726350957022885,0.072635095696346,0.0726350957279637,0.0726350957395454,0.072635095742934,0.07263509577086973,0.07263509577491134,0.07263509578545194,0.07263509589091598,0.07263509590055246,0.07263509593254465,0.07263509594857871,0.07263509594707933,0.07263509601548583,0.07263509603078548,0.072635096029209,0.07263509603467204,0.07263509605708515,0.07263509609437525,0.0726350960586025,0.07263509609226784,0.07263509607901385,0.07263509610379301,0.07263509613037396,0.07263509613819444,0.07263509619656189
204,-0.07690926789748652,2.202393275316035,7.856004446499254e-05,0.0,0.0,0.0,0.11595609867784898,0.16422903786650112,0.16657979498747055,0.07659230855299944,0.02586338187287235,0.035115816892528226,0.038854013034487184,0.04407334586247027,0.04914439651210391,0.053019282679826224,0.05189141798193576,0.050917686186324744,0.05001598389946596,0.05004419763398088,0.05005939645688111,0.05009004071733035,0.050401375797949954,0.05036749815763291,0.051225379714813744,0.0506491581059682,0.05053884084148488,0.0502626212889944,0.05045617162423035,0.050332906846053696,0.05034895734920046,0.05040821153201011,0.0504413222791576,0.05039374121370334,0.05043274550939337,0.05042819293579268,0.05039893332579357,0.05039449911502388,0.05052190773928727,0.05044912160528731,0.050472732110239504,0.050505717135708915,0.050458303994011224,0.050418864835777726,0.050320648727820036,0.050287020380086624,0.05032449082973151,0.050385095548715,0.05044087397579438,0.05048018531340259,0.05051390330400167,0.050525240697175976,0.05053803963196376,0.0504088784851567,0.05042292929234991,0.05042541791786732,0.05042633130844757,0.05042494582344874,0.050414901539033774,0.05040379763095451,0.05039594854774712,0.05039461771363927,0.05039681545761811,0.050414239900072745,0.05043107975137065,0.05044280860146114,0.0504352262730325,0.050423496309320005,0.05042349629313125,0.050423496267401814,0.0504234962392516,0.05042349620420677,0.0504234961768245,0.05042349618329621,0.0504234961415476,0.05042349613739762,0.05042349612378864,0.05042349610792019,0.05042349615016533,0.05042349611880656,0.050423496134376994,0.050423496125501746,0.050423496120502,0.050423496130810444,0.05042349611647669,0.050423496117364734,0.050423496177501685,0.050423496166019814,0.05042349619139923,0.05042349618822424,0.050423496165158406,0.0504234962218097,0.05042349621418729,0.05042349618743072,0.05042349616712562,0.05042349616501455,0.05042349617415633,0.050423496128692215,0.0504234961366962,0.05042349609169483,0.05042349608019218,0.05042349606945977,0.050423496043837564,0.05042349606906602
205,0.0,0.0,4.5056718274261165e-05,0.0,0.0,0.0,0.11251236017922614,0.1589895484831126,0.16004609382138088,0.07222753728738097,0.02311586554359748,0.03269404923224465,0.03694985083209199,0.042852551530952035,0.048292496382183886,0.051859141019832015,0.0505014711179028,0.04937851354600483,0.048552481423507154,0.04857097731271281,0.048626258620573286,0.04873275182519984,0.049083852409060935,0.04901076124697914,0.04976158863419004,0.04921240398751111,0.049093225532409,0.04880786365472122,0.049046819443071425,0.04894062277057494,0.04899482460862148,0.049093520329489625,0.049144343792493536,0.049059262139312,0.04910768207013437,0.04910188714119169,0.049060060361388644,0.04904330411106622,0.04908207064058949,0.048998252293015604,0.049023852929523055,0.04908537118177695,0.049048160536868085,0.04902562916150229,0.048946152174944746,0.04892147859467518,0.04896898872479768,0.049034881031037744,0.04908689651632484,0.04911994595917821,0.04914490702939379,0.04914403972130775,0.049122960326830965,0.04898807264625489,0.049004790058607806,0.04900787704087159,0.04900992629727821,0.049011255760108646,0.04901052116434926,0.04900318878995741,0.04899578033604814,0.048995143886285994,0.04899572012776294,0.049012350574556496,0.04903000497419521,0.04904606739071502,0.04905056032789258,0.04904024161703586,0.04904024160567835,0.04904024158887393,0.04904024157274547,0.049040241546713756,0.04904024152840087,0.04904024153862275,0.04904024150046862,0.04904024149581169,0.049040241485651524,0.04904024147159194,0.049040241513401014,0.049040241482057115,0.04904024149557141,0.04904024148543526,0.049040241478347506,0.04904024148412984,0.04904024146515748,0.04904024146204689,0.04904024151114837,0.04904024149395178,0.049040241515016625,0.049040241506542195,0.0490402414772327,0.04904024152646721,0.04904024151164389,0.04904024147935938,0.049040241453851,0.04904024144340402,0.04904024144447684,0.04904024139262825,0.04904024139339635,0.049040241341330566,0.04904024132221948,0.04904024130441787,0.049040241271698565,0.04904024128716677
206,-0.3826746938484998,2.17025603405077,9.195634870229341e-07,0.0,0.0,0.0,0.09099300104688023,0.1275457728563964,0.12441109814588384,0.05448361601420198,0.014832610171725637,0.02559951933942684,0.03162106018534205,0.03920246080117008,0.04418591807748187,0.04558229141168906,0.04346773126355896,0.04208986741345181,0.04197570195890544,0.041888301518578246,0.04209084346269659,0.042458794030819286,0.04277252883309595,0.04247894213534078,0.04273375955712931,0.04242200200605332,0.04233690324152184,0.04220916664737629,0.042543904884666695,0.04251522151459327,0.042627083924463564,0.042754280234779805,0.04273032432388713,0.04241388762194023,0.042496181221515786,0.04249184747894809,0.04246139796553173,0.04242466901236722,0.042330222308244105,0.04232502756934041,0.04236637032813069,0.04253232596816234,0.0425572745600198,0.04260117083262367,0.04255482529271902,0.042495141022183526,0.042438416954865284,0.0423864776209743,0.04240324623104033,0.042421847622760814,0.042428894237640624,0.0424404269378909,0.04246338680863142,0.04245951460019391,0.04246485684812206,0.042468668685326075,0.04247095911270727,0.04247238997938446,0.042475430785805374,0.04248005409435088,0.04247998825904509,0.04249740313010777,0.04248844237176437,0.042473052515242485,0.042462242522148065,0.04243759011701579,0.04242774604060734,0.04243273749784864,0.04243273750092483,0.0424327375147512,0.04243273753224606,0.042432737550079605,0.04243273757214541,0.04243273760372664,0.042432737613927345,0.04243273764580233,0.042432737658202595,0.04243273767598078,0.04243273774420169,0.04243273775649931,0.042432737822600874,0.04243273784726464,0.04243273788065695,0.04243273792564246,0.04243273794033447,0.04243273797902398,0.0424327380415989,0.04243273806180086,0.04243273813460646,0.04243273817069036,0.04243273818224705,0.04243273826844252,0.042432738298385696,0.04243273834227741,0.042432738372527055,0.042432738401551325,0.042432738453253044,0.04243273845001801,0.04243273850238863,0.0424327385262054,0.042432738584229246,0.042432738628785396,0.04243273867392635,0.04243273872975657
207,-0.42049260101832125,2.1632468992546063,5.273818429185617e-07,0.0,0.0,0.0,0.0881891380155407,0.12360159878755407,0.12036559193971483,0.05322429102601887,0.014638686863235956,0.025451392223260132,0.031503999177683845,0.03896581545491125,0.04358028377039984,0.04472929045100042,0.04261375975338049,0.04128552194928924,0.041272327749408456,0.041168140248476565,0.04137373701745622,0.04174440762744987,0.04202564785453252,0.04172280734872073,0.04193736686915487,0.0416591685973619,0.04158390288424468,0.04147899997408209,0.041790667266503684,0.0417641359205708,0.041863217293322305,0.04197542843006771,0.041944865913697386,0.04166444769163289,0.04172782853172771,0.041724376819328925,0.04170199943771384,0.04167144138615351,0.04160195006361126,0.04159372513489847,0.041621657572894204,0.04175764678851119,0.04177396769628599,0.04181011216421052,0.041766785538279595,0.041720440278610854,0.04168861114367099,0.04166368903382405,0.04168311795317546,0.04170014554171908,0.04170517604766281,0.041705203079171554,0.04170399287585359,0.04166564367245929,0.0416753848023292,0.04167975729205557,0.04168298852968788,0.04168642330158351,0.041695650801111324,0.041701044080034326,0.04170524407282875,0.041721734508813474,0.04171307687261146,0.04170264050571637,0.041698102255538015,0.04169271072370728,0.04170207310764967,0.04170397871398554,0.04170397871566352,0.041703978720522464,0.041703978724627166,0.04170397871847157,0.041703978713787906,0.0417039787155465,0.04170397868046762,0.041703978668748226,0.041703978648489494,0.041703978630421294,0.041703978656713166,0.041703978624288034,0.041703978642918235,0.04170397862956342,0.041703978624111265,0.041703978621765364,0.04170397859577189,0.041703978593494784,0.041703978605468046,0.041703978584218426,0.04170397861082015,0.041703978602205136,0.04170397857435862,0.041703978616126805,0.04170397859877155,0.04170397858887889,0.04170397857408752,0.04170397856038932,0.041703978561797236,0.04170397851773901,0.04170397852193135,0.04170397848884062,0.041703978489621735,0.041703978483058006,0.04170397847136968,0.04170397847921565
208,-0.34474022025987905,2.17660408783522,1.603386182935651e-06,0.0,0.0,0.0,0.09385057924411802,0.13159895706301886,0.12866262672642734,0.05598727099299805,0.015200275676123571,0.025895055915707378,0.031837421528791675,0.03946187156600459,0.04475687684850656,0.04642297908151434,0.0443332431282665,0.042923071414218715,0.04270460401717876,0.042634012992210917,0.042829317205488,0.04318667565063642,0.043528241404869786,0.043249937737915536,0.043551336574044086,0.04320540371663304,0.04311089775398615,0.04295812081638658,0.04330833158535466,0.043275409927560377,0.04339649131156146,0.04353623938003212,0.043522697744628094,0.04318977035566794,0.04328463859228227,0.04327943973808332,0.043241048330987165,0.0431996345775516,0.04308461220057862,0.043075413399860894,0.0431258415289343,0.043310913454470544,0.04334072443057549,0.04338940427419358,0.043343178850083666,0.043277696640821074,0.04320987460519644,0.04314368672528239,0.04315950221764358,0.0431783906005174,0.04318568986623202,0.04320221265653785,0.04323544869785407,0.04324929012867914,0.043252375378984666,0.04325582658773984,0.043257603512789664,0.043258045755151284,0.0432581290550201,0.04326239419642065,0.04325935156948982,0.04327696438211685,0.04326786156950399,0.04325009579910165,0.04323614912678907,0.04320016102867864,0.043179922074095184,0.04318703756961436,0.04318703757440816,0.04318703759669251,0.04318703762694266,0.043187037664812286,0.043187037709140466,0.04318703776458756,0.04318703780905644,0.043187037873037806,0.04318703791012432,0.043187037953897965,0.04318703805128811,0.04318703809428014,0.043187038191068415,0.043187038241155364,0.0431870382995028,0.043187038374891525,0.04318703841531435,0.04318703847957057,0.0431870385745055,0.043187038620578086,0.04318703872198167,0.043187038786176635,0.04318703882189085,0.043187038935224104,0.04318703899450313,0.043187039071694695,0.04318703913034846,0.0431870391857339,0.043187039268968885,0.04318703929011686,0.043187039372623914,0.04318703943209179,0.043187039526181116,0.04318703960357375,0.04318703968468346,0.0431870397710395
209,-0.4581824220684692,2.1555788184970854,3.0246042348469615e-07,0.0,0.0,0.0,0.08543334118661268,0.11975502691172746,0.11650368886159207,0.05218034516236737,0.014591834566274985,0.025425971333954304,0.03146488297891559,0.038736553135608504,0.04293166540654785,0.04385656995353045,0.04176212596676284,0.04049877521568761,0.04058219010662894,0.04046136977324514,0.040666060729297494,0.041032062119401504,0.04127698619665542,0.040971060540882114,0.041151783286270734,0.04090620735352202,0.04084106739204413,0.040756621958616214,0.041038113907535485,0.041011655072131004,0.04109456560235856,0.04118937029135902,0.04115527125498349,0.040927736644413126,0.04096679173378698,0.04096426446764936,0.04095035263418637,0.040927470839053265,0.040888857070401914,0.040873255817269936,0.040884371708458836,0.04098116767088047,0.04098488774721849,0.041009651154277044,0.0409691262481635,0.040940014452927144,0.04094185141446242,0.04095414356903811,0.04097803331758086,0.04099395836429875,0.04099796443354732,0.040985471372658705,0.04095712090527859,0.04087573972428342,0.040890852725578894,0.040895781276169926,0.040899985082575814,0.04090549834958265,0.04092079902696523,0.04092595380398898,0.04093188922532737,0.040943728909906184,0.04093500343913335,0.04092964790299619,0.04093113623437606,0.04094448248422953,0.04097499563335701,0.04097307272051958,0.040973072722477126,0.040973072725404874,0.04097307272683369,0.04097307271120781,0.04097307269567799,0.040973072684809105,0.040973072627777274,0.040973072592543194,0.04097307255852646,0.04097307252269933,0.04097307252244501,0.04097307246322958,0.04097307245208914,0.04097307241515603,0.04097307238321475,0.04097307234828385,0.04097307229382359,0.04097307226288352,0.04097307223628134,0.04097307218467654,0.04097307217778319,0.040973072136056735,0.04097307207943201,0.04097307208758416,0.0409730720343522,0.040973071983984324,0.04097307193493524,0.04097307188969966,0.04097307185305901,0.04097307177805915,0.04097307174495462,0.04097307166839148,0.04097307162509151,0.040973071579197544,0.04097307152463202,0.04097307149617382
210,0.0,0.0,4.874725291148518e-06,0.0,0.0,0.0,0.09975205827065835,0.14008311042024585,0.1378837894929328,0.059859690385923744,0.016583105488398385,0.027045969528151043,0.03267161584060567,0.04012697395930043,0.04583956987339175,0.04810339445757765,0.04614139726621709,0.04472688624992673,0.044295054375394625,0.04425744685392002,0.04442497549796813,0.04473581265179848,0.045115378925511075,0.04488551923821834,0.04530069213164222,0.04488549822785206,0.04477448262407503,0.04456721531391284,0.044921966209111326,0.04487390296889033,0.045000219748753074,0.04515485333318706,0.04517187716670369,0.044868366791307825,0.044967587236640794,0.04496088221940566,0.044908666301262744,0.044863586106090154,0.04472803718412247,0.044689684860259773,0.04474376388533934,0.044929742238459455,0.04495620186549722,0.04500353526176221,0.04496618246076386,0.04491360325019631,0.044869128561043574,0.044816905733595765,0.04483669208019284,0.04485198807617223,0.044853469865407475,0.04485652775629787,0.04486031983673337,0.04484970720030403,0.044855880518121574,0.044859436240267586,0.04486183608389056,0.04486413710885634,0.04487078594451019,0.04487689912122046,0.04487795866459903,0.044898834659428795,0.044891254737593915,0.0448802966497363,0.04487406856979985,0.044848809616941966,0.04483617726066181,0.044843474856125894,0.04484347485992722,0.044843474876919864,0.04484347490100516,0.044843474925876814,0.04484347495737598,0.04484347499891236,0.04484347501745419,0.0448434750581182,0.04484347507553307,0.044843475097117835,0.04484347517524014,0.04484347519163786,0.04484347525518026,0.044843475282004955,0.04484347531589622,0.04484347536324504,0.044843475378879186,0.04484347541590939,0.044843475489021296,0.04484347550990204,0.044843475580783616,0.04484347561841166,0.04484347562766267,0.04484347571375283,0.04484347574474356,0.044843475785473576,0.044843475816822374,0.044843475844675,0.044843475897862084,0.04484347588976474,0.044843475943935326,0.04484347596716933,0.044843476025535116,0.044843476073832794,0.044843476118560176,0.044843476178038154
211,-0.3067007354605936,2.182289126929278,2.795724254600618e-06,0.0,0.0,0.0,0.0967680277520491,0.1357735625804671,0.133144621496694,0.05776738248741959,0.015772152318795828,0.0263663466652833,0.03217794588419995,0.03976259228241868,0.045303655391947785,0.0472599205059181,0.04522053432927736,0.04379745323143106,0.04347260336049826,0.04341867781072334,0.04360236562167761,0.0439408173663861,0.04430464895446998,0.04404759562119858,0.044402211594132546,0.044021736886910905,0.04391848009864456,0.0437389235987191,0.04409617791358768,0.044056846670909935,0.04418304508554518,0.04433232491820598,0.04433282157962657,0.04400424766867188,0.04410480393958717,0.04409878625006338,0.044052862215246465,0.04400849532253357,0.043878459537620935,0.043857667271194826,0.04391236515031438,0.044104429661440875,0.04413504633347341,0.04418529786690766,0.0441429019732463,0.04408029761289619,0.04401699956099401,0.043950540213625634,0.043967215158675826,0.043984629104452555,0.04398955380587226,0.04400252834450868,0.04402817518666791,0.04403941209810952,0.04404286993413185,0.04404625695472965,0.04404811656411531,0.04404896847939371,0.04405070239802908,0.044055689946202244,0.04405337334312645,0.044072450424042925,0.044063761520148695,0.044047491918113635,0.044035198555182176,0.04399939417280002,0.043978920544218404,0.0439869577556944,0.04398695776091752,0.04398695778453598,0.043986957817298895,0.04398695785752694,0.043986957904929846,0.04398695796315485,0.043986958009413386,0.043986958075210504,0.043986958112907995,0.04398695815676534,0.043986958256019074,0.04398695829879457,0.04398695839269723,0.04398695844200625,0.04398695849895969,0.04398695857315634,0.04398695861211932,0.04398695867402981,0.043986958770342054,0.043986958814890065,0.0439869589137057,0.04398695897666061,0.04398695900989767,0.043986959121220255,0.04398695917893426,0.04398695925312919,0.043986959310606435,0.043986959363798234,0.04398695944563461,0.0439869594633715,0.043986959544733986,0.043986959602084756,0.04398695969446176,0.04398695977157114,0.043986959850721596,0.043986959936555
212,-0.49573267631434237,2.1472541275498904,1.7346501446358076e-07,0.0,0.0,0.0,0.08272043032831781,0.11599557187478211,0.11280480967825292,0.05132564940976829,0.01466868796453414,0.02550171035240929,0.0314853638112611,0.03850193625312576,0.042233460643806515,0.04295751844727164,0.04090434479157175,0.0397191443069994,0.03989397672291499,0.03975677719954984,0.03995683845422294,0.040311273608045824,0.040516792073495254,0.040214107662782404,0.040367912885866025,0.04015365876036674,0.04009892914549348,0.04003282358952813,0.040277374207172735,0.0402488773799966,0.04031208732187548,0.04038655321434735,0.04035029733258518,0.04018809074625926,0.04019886241301464,0.0401973653004829,0.04019295145053102,0.040179406290584946,0.04018092095242798,0.04015809683275746,0.04015051406931744,0.0402014821087185,0.04018872646633979,0.04019781806529884,0.04015536360738887,0.04014205202200577,0.04017819060427684,0.040231917601734904,0.040261818010603995,0.04027901369073207,0.0402858014588191,0.04026621131193712,0.04022222778810567,0.04010119191556856,0.0401210942719631,0.04012638431824958,0.04013118236287848,0.040137853615686614,0.04015580621242156,0.04015889744989652,0.040162910379044514,0.04016620897003685,0.04015667639031159,0.040153756169757825,0.04015727600756648,0.04017823377075785,0.04021980170510684,0.040213987465881715,0.04021398746919669,0.040213987478104,0.040213987489326294,0.04021398748552219,0.040213987483397,0.04021398748878202,0.040213987452879255,0.04021398743444233,0.0402139874208908,0.040213987403263526,0.04021398741376382,0.04021398736978502,0.04021398737538283,0.040213987350921174,0.04021398732810435,0.04021398730396768,0.04021398725856295,0.04021398723716608,0.040213987214615374,0.04021398716956105,0.04021398717096752,0.04021398713478338,0.040213987085407625,0.0402139870994069,0.040213987050959604,0.040213987005852186,0.04021398695950528,0.0402139869212181,0.04021398688902906,0.040213986819802816,0.04021398678879391,0.040213986715431305,0.040213986674034065,0.04021398662878688,0.04021398657783848,0.04021398655295561
213,0.0,0.0,9.948445234275738e-08,0.0,0.0,0.0,0.08004566685347526,0.11231361137641413,0.10925007553777498,0.05063661331901034,0.014848784301926229,0.025659823560028133,0.03154969434411645,0.03825145547403979,0.041480411329497244,0.04202609754607951,0.04003248895314167,0.03893681861637345,0.039197239793978364,0.039043982046784095,0.039235923943909026,0.039572349157342215,0.03973589051552563,0.03944277116605239,0.03957739294231806,0.03939283360888599,0.0393489706480673,0.03930005041339283,0.03950150465157043,0.039468891523707895,0.0395085708354401,0.039558888227094885,0.039519224524784,0.03942792912669283,0.03940870900196311,0.03940841419548082,0.039415206746592116,0.03941268963524746,0.03946674045345537,0.03944228361357511,0.039416426795825674,0.03941935842826582,0.03938788724097213,0.03937780653999424,0.039325833058596237,0.039321612474028156,0.03938256523604299,0.03947098472912106,0.03950718363869694,0.039528471939465175,0.03954223890411533,0.039524540387848625,0.039487821308622,0.03934291518133723,0.039365591596085395,0.03937100405518378,0.03937584761024021,0.03938232814006622,0.039398566006586797,0.039398783766348526,0.03940176576672727,0.0393980474458299,0.03938712291224464,0.039382383055786535,0.03938212255503234,0.03939326858552225,0.03942513683561393,0.039416816039848306,0.03941681604277986,0.0394168160564349,0.039416816076455544,0.039416816090146446,0.03941681610948847,0.03941681614385359,0.03941681615236132,0.03941681617609418,0.0394168161994202,0.039416816220933903,0.03941681627029674,0.039416816272037226,0.03941681633212949,0.039416816347875874,0.03941681636545431,0.03941681639078323,0.03941681638887399,0.03941681641249273,0.039416816437045366,0.03941681643445355,0.039416816484588266,0.03941681649180097,0.03941681648558845,0.039416816546148925,0.039416816544015756,0.039416816550327805,0.039416816543939324,0.03941681655187595,0.03941681656750598,0.03941681654272957,0.03941681655485977,0.03941681653256918,0.03941681654078951,0.03941681653705523,0.039416816536746106,0.03941681655648815
214,-0.11533461681902289,2.2007155883505325,4.5056718274261165e-05,0.0,0.0,0.0,0.11251236017922614,0.1589895484831126,0.16004609382138088,0.07222753728738097,0.02311586554359748,0.03269404923224465,0.03694985083209199,0.042852551530952035,0.048292496382183886,0.051859141019832015,0.0505014711179028,0.04937851354600483,0.048552481423507154,0.04857097731271281,0.048626258620573286,0.04873275182519984,0.049083852409060935,0.04901076124697914,0.04976158863419004,0.04921240398751111,0.049093225532409,0.04880786365472122,0.049046819443071425,0.04894062277057494,0.04899482460862148,0.049093520329489625,0.049144343792493536,0.049059262139312,0.04910768207013437,0.04910188714119169,0.049060060361388644,0.04904330411106622,0.04908207064058949,0.048998252293015604,0.049023852929523055,0.04908537118177695,0.049048160536868085,0.04902562916150229,0.048946152174944746,0.04892147859467518,0.04896898872479768,0.049034881031037744,0.04908689651632484,0.04911994595917821,0.04914490702939379,0.04914403972130775,0.049122960326830965,0.04898807264625489,0.049004790058607806,0.04900787704087159,0.04900992629727821,0.049011255760108646,0.04901052116434926,0.04900318878995741,0.04899578033604814,0.048995143886285994,0.04899572012776294,0.049012350574556496,0.04903000497419521,0.04904606739071502,0.04905056032789258,0.04904024161703586,0.04904024160567835,0.04904024158887393,0.04904024157274547,0.049040241546713756,0.04904024152840087,0.04904024153862275,0.04904024150046862,0.04904024149581169,0.049040241485651524,0.04904024147159194,0.049040241513401014,0.049040241482057115,0.04904024149557141,0.04904024148543526,0.049040241478347506,0.04904024148412984,0.04904024146515748,0.04904024146204689,0.04904024151114837,0.04904024149395178,0.049040241515016625,0.049040241506542195,0.0490402414772327,0.04904024152646721,0.04904024151164389,0.04904024147935938,0.049040241453851,0.04904024144340402,0.04904024144447684,0.04904024139262825,0.04904024139339635,0.049040241341330566,0.04904024132221948,0.04904024130441787,0.049040241271698565,0.04904024128716677
215,-0.15372483369900466,2.1983675420980076,2.5841111308544384e-05,0.0,0.0,0.0,0.10918073008686768,0.15397661773680943,0.15395260123861612,0.06843398531617538,0.02088183720574542,0.030740763570646142,0.03544040548475287,0.041901047841662466,0.047576530448345415,0.05081963131958241,0.049264581208752045,0.048025641397312406,0.047288102448838465,0.04729466531916039,0.047385276992114984,0.04755756127960136,0.04793294228740504,0.04781658715642365,0.04846814165281773,0.04795032700924912,0.04782787847257336,0.04755014897642525,0.04783213265702747,0.047743233833569834,0.047828069985551155,0.04795579485520365,0.048010614580931324,0.04786980342817338,0.04793265381621041,0.047925931020523935,0.047874652308328484,0.04784628865337937,0.04780734096882738,0.04772221604822884,0.047754509360518796,0.04785325975122644,0.047834283808965115,0.047834694259909015,0.04777713960508554,0.0477552290032665,0.04779407829889365,0.04783974556760327,0.047883412064327995,0.04790778683082597,0.04792079247979579,0.04790953703220493,0.04786793897661609,0.0477489790025123,0.0477657275445338,0.047769309003652394,0.04777226575371946,0.04777587042256512,0.04778395527397096,0.04778237984535568,0.04777970564763816,0.04778605680209947,0.04778452456037087,0.047797017711691245,0.04781280860279709,0.047828151029411806,0.047839679059246645,0.04783381987719123,0.04783381987065454,0.04783381986096489,0.04783381985288004,0.04783381983141177,0.047833819816596616,0.047833819822750534,0.04783381977888034,0.047833819765679436,0.047833819748356605,0.04783381972713051,0.047833819760941226,0.04783381972156693,0.047833819724384205,0.04783381970603312,0.047833819690855324,0.047833819684595665,0.047833819654578606,0.04783381964115902,0.04783381967267939,0.04783381964457946,0.0478338196552729,0.0478338196367209,0.04783381959647608,0.047833819632454894,0.04783381960557756,0.04783381956430071,0.04783381953096631,0.04783381950738712,0.04783381949614084,0.047833819433294,0.04783381942347515,0.04783381936153163,0.04783381933284243,0.04783381930643765,0.047833819264157786,0.04783381926601896
216,-0.1920682245054758,2.1953498517960948,1.4820377220559067e-05,0.0,0.0,0.0,0.10594992904818011,0.14916756646618673,0.14825374736302727,0.06514535052546215,0.019088283246994936,0.029186244939745257,0.03425965202554705,0.041160181820235994,0.04695134289745481,0.04986452923681965,0.04814360527274835,0.04681900942757611,0.04617861241107369,0.04617157176675003,0.046292650062060584,0.04652073358839293,0.04690758174065785,0.04674901874396163,0.0473116117520259,0.04682729596207209,0.046705869782738337,0.04644668135920374,0.04676378684978824,0.046690809690457455,0.04679758471611314,0.046943399843314325,0.04699121072896297,0.04678834153873883,0.04686670840395547,0.046859536481123204,0.04680350741345833,0.04676615313970482,0.04667152615295731,0.046595970209968904,0.04663704550553881,0.04677324953696782,0.0467737649833012,0.046795925517949845,0.046754124826200893,0.04672668499223151,0.04674165714334797,0.04675281969052003,0.04678681810625522,0.046804389328565975,0.046808141326885946,0.04679421252202357,0.04675302771915163,0.046666946799099635,0.04668120874239856,0.04668502790150174,0.04668832367043043,0.04669283014131998,0.04670537958540714,0.04670886076908719,0.046711086670501244,0.046725917432266485,0.04672215165275829,0.04672759875481695,0.046737963655370154,0.04674431834233908,0.046753358770773655,0.046753075274773286,0.04675307527231206,0.046753075269648774,0.04675307526908565,0.04675307525524514,0.04675307524715925,0.04675307525347344,0.04675307521252191,0.04675307520007334,0.04675307518001934,0.04675307515806815,0.04675307519192074,0.04675307515399359,0.046753075157554905,0.04675307513936464,0.046753075125654395,0.046753075118975265,0.046753075088211256,0.046753075075265375,0.04675307510214536,0.046753075074439605,0.04675307508734317,0.04675307507096728,0.04675307503135538,0.04675307506661291,0.04675307504120237,0.046753075007319414,0.04675307497949318,0.046753074955725886,0.046753074947063086,0.04675307488584256,0.04675307487981391,0.04675307482558846,0.046753074805392064,0.0467530747861116,0.0467530747520825,0.046753074754889906
217,-0.23035310947015594,2.1916634366624934,8.49973307887053e-06,0.0,0.0,0.0,0.10281000711390714,0.14454237305661505,0.14290941065307564,0.0623040943790444,0.017673132671534277,0.02797146446706699,0.03335229072265713,0.04058197795090723,0.04638158060698792,0.04896616695186601,0.04710993541019774,0.04572755177254415,0.04518986523628615,0.04516798357604794,0.0453146771807955,0.045588836975284625,0.04597651639793341,0.04577966140805123,0.04626376522796757,0.04581385900241204,0.04569655797612884,0.04546200398888104,0.045803577595365866,0.04574430808296054,0.0458645716390424,0.04601871452380373,0.046052584419232725,0.04579266265280334,0.045884012497854336,0.04587687780627032,0.045820849608198745,0.04577793535911034,0.04565221129426898,0.045593941769261105,0.045643031290701415,0.04580979201364255,0.04582619031832947,0.04586444348624617,0.04582879343616176,0.04578960624537669,0.04577372421857145,0.04574901934876439,0.045774625093352526,0.04578931215414674,0.04578943111995548,0.045781512850819404,0.045758878380627574,0.04571269985231897,0.045722950123504254,0.04572672012835774,0.04572974179401574,0.04573360733673815,0.04574506691124075,0.04575112500222641,0.045754691003763615,0.04577481763421391,0.04576895211082052,0.04576589171285193,0.04576813577823016,0.04575908359113113,0.04575819397232782,0.045762668497455215,0.045762668498475594,0.045762668505114616,0.04576266851575721,0.04576266851859327,0.04576266852725341,0.0457626685466678,0.04576266852886311,0.045762668536710994,0.04576266852947223,0.045762668523435385,0.04576266857409292,0.045762668557074344,0.045762668583490394,0.04576266858233309,0.04576266858721542,0.04576266860106234,0.04576266858783157,0.04576266859413078,0.045762668637723616,0.04576266862887153,0.04576266866470134,0.04576266866985014,0.04576266864927405,0.04576266870399271,0.04576266870090124,0.04576266869810802,0.045762668694920954,0.04576266869111053,0.045762668707272205,0.045762668667067984,0.045762668685631155,0.045762668663830566,0.04576266867680019,0.04576266868605893,0.04576266868512081,0.04576266871035806
218,-0.2685678266462102,2.187309419614964,4.874725291148518e-06,0.0,0.0,0.0,0.09975205827065835,0.14008311042024585,0.1378837894929328,0.059859690385923744,0.016583105488398385,0.027045969528151043,0.03267161584060567,0.04012697395930043,0.04583956987339175,0.04810339445757765,0.04614139726621709,0.04472688624992673,0.044295054375394625,0.04425744685392002,0.04442497549796813,0.04473581265179848,0.045115378925511075,0.04488551923821834,0.04530069213164222,0.04488549822785206,0.04477448262407503,0.04456721531391284,0.044921966209111326,0.04487390296889033,0.045000219748753074,0.04515485333318706,0.04517187716670369,0.044868366791307825,0.044967587236640794,0.04496088221940566,0.044908666301262744,0.044863586106090154,0.04472803718412247,0.044689684860259773,0.04474376388533934,0.044929742238459455,0.04495620186549722,0.04500353526176221,0.04496618246076386,0.04491360325019631,0.044869128561043574,0.044816905733595765,0.04483669208019284,0.04485198807617223,0.044853469865407475,0.04485652775629787,0.04486031983673337,0.04484970720030403,0.044855880518121574,0.044859436240267586,0.04486183608389056,0.04486413710885634,0.04487078594451019,0.04487689912122046,0.04487795866459903,0.044898834659428795,0.044891254737593915,0.0448802966497363,0.04487406856979985,0.044848809616941966,0.04483617726066181,0.044843474856125894,0.04484347485992722,0.044843474876919864,0.04484347490100516,0.044843474925876814,0.04484347495737598,0.04484347499891236,0.04484347501745419,0.0448434750581182,0.04484347507553307,0.044843475097117835,0.04484347517524014,0.04484347519163786,0.04484347525518026,0.044843475282004955,0.04484347531589622,0.04484347536324504,0.044843475378879186,0.04484347541590939,0.044843475489021296,0.04484347550990204,0.044843475580783616,0.04484347561841166,0.04484347562766267,0.04484347571375283,0.04484347574474356,0.044843475785473576,0.044843475816822374,0.044843475844675,0.044843475897862084,0.04484347588976474,0.044843475943935326,0.04484347596716933,0.044843476025535116,0.044843476073832794,0.044843476118560176,0.044843476178038154
219,-0.07690926789748652,2.202393275316035,7.856004446499254e-05,0.0,0.0,0.0,0.11595609867784898,0.16422903786650112,0.16657979498747055,0.07659230855299944,0.02586338187287235,0.035115816892528226,0.038854013034487184,0.04407334586247027,0.04914439651210391,0.053019282679826224,0.05189141798193576,0.050917686186324744,0.05001598389946596,0.05004419763398088,0.05005939645688111,0.05009004071733035,0.050401375797949954,0.05036749815763291,0.051225379714813744,0.0506491581059682,0.05053884084148488,0.0502626212889944,0.05045617162423035,0.050332906846053696,0.05034895734920046,0.05040821153201011,0.0504413222791576,0.05039374121370334,0.05043274550939337,0.05042819293579268,0.05039893332579357,0.05039449911502388,0.05052190773928727,0.05044912160528731,0.050472732110239504,0.050505717135708915,0.050458303994011224,0.050418864835777726,0.050320648727820036,0.050287020380086624,0.05032449082973151,0.050385095548715,0.05044087397579438,0.05048018531340259,0.05051390330400167,0.050525240697175976,0.05053803963196376,0.0504088784851567,0.05042292929234991,0.05042541791786732,0.05042633130844757,0.05042494582344874,0.050414901539033774,0.05040379763095451,0.05039594854774712,0.05039461771363927,0.05039681545761811,0.050414239900072745,0.05043107975137065,0.05044280860146114,0.0504352262730325,0.050423496309320005,0.05042349629313125,0.050423496267401814,0.0504234962392516,0.05042349620420677,0.0504234961768245,0.05042349618329621,0.0504234961415476,0.05042349613739762,0.05042349612378864,0.05042349610792019,0.05042349615016533,0.05042349611880656,0.050423496134376994,0.050423496125501746,0.050423496120502,0.050423496130810444,0.05042349611647669,0.050423496117364734,0.050423496177501685,0.050423496166019814,0.05042349619139923,0.05042349618822424,0.050423496165158406,0.0504234962218097,0.05042349621418729,0.05042349618743072,0.05042349616712562,0.05042349616501455,0.05042349617415633,0.050423496128692215,0.0504234961366962,0.05042349609169483,0.05042349608019218,0.05042349606945977,0.050423496043837564,0.05042349606906602
220,-0.3067007354605936,2.182289126929278,2.795724254600618e-06,0.0,0.0,0.0,0.0967680277520491,0.1357735625804671,0.133144621496694,0.05776738248741959,0.015772152318795828,0.0263663466652833,0.03217794588419995,0.03976259228241868,0.045303655391947785,0.0472599205059181,0.04522053432927736,0.04379745323143106,0.04347260336049826,0.04341867781072334,0.04360236562167761,0.0439408173663861,0.04430464895446998,0.04404759562119858,0.044402211594132546,0.044021736886910905,0.04391848009864456,0.0437389235987191,0.04409617791358768,0.044056846670909935,0.04418304508554518,0.04433232491820598,0.04433282157962657,0.04400424766867188,0.04410480393958717,0.04409878625006338,0.044052862215246465,0.04400849532253357,0.043878459537620935,0.043857667271194826,0.04391236515031438,0.044104429661440875,0.04413504633347341,0.04418529786690766,0.0441429019732463,0.04408029761289619,0.04401699956099401,0.043950540213625634,0.043967215158675826,0.043984629104452555,0.04398955380587226,0.04400252834450868,0.04402817518666791,0.04403941209810952,0.04404286993413185,0.04404625695472965,0.04404811656411531,0.04404896847939371,0.04405070239802908,0.044055689946202244,0.04405337334312645,0.044072450424042925,0.044063761520148695,0.044047491918113635,0.044035198555182176,0.04399939417280002,0.043978920544218404,0.0439869577556944,0.04398695776091752,0.04398695778453598,0.043986957817298895,0.04398695785752694,0.043986957904929846,0.04398695796315485,0.043986958009413386,0.043986958075210504,0.043986958112907995,0.04398695815676534,0.043986958256019074,0.04398695829879457,0.04398695839269723,0.04398695844200625,0.04398695849895969,0.04398695857315634,0.04398695861211932,0.04398695867402981,0.043986958770342054,0.043986958814890065,0.0439869589137057,0.04398695897666061,0.04398695900989767,0.043986959121220255,0.04398695917893426,0.04398695925312919,0.043986959310606435,0.043986959363798234,0.04398695944563461,0.0439869594633715,0.043986959544733986,0.043986959602084756,0.04398695969446176,0.04398695977157114,0.043986959850721596,0.043986959936555
221,0.0,0.0,0.00013697239985477339,0.0,0.0,0.0,0.11952498348999589,0.16972126512977997,0.17360639729544564,0.081605928994527,0.02921144815234849,0.03808950263841156,0.04123268294289217,0.0456357947998863,0.050190047008847674,0.05434741564815347,0.05348270015236831,0.0526950515541416,0.05173644297835859,0.05177146009242434,0.051742191442860144,0.051687394224062856,0.0519405718903462,0.0519338714707658,0.05289998554769223,0.052304603845769806,0.05220980151504941,0.051965240440044504,0.05211928405824563,0.051981626840625225,0.05195521517209386,0.05196786724551662,0.05197013111052669,0.05193378226750033,0.0519711189000898,0.051967781367458964,0.051950865880788066,0.05195659109908668,0.052163454015096145,0.05210430912003494,0.052131750491278925,0.05215194938276037,0.052108663862637496,0.052066149475387985,0.051965264453494316,0.05192283428959004,0.05193586119180345,0.051962725672200595,0.052015119897671186,0.05205348239364519,0.052086591817269066,0.052103946428102565,0.05214860862351459,0.05204447133716679,0.0520540572452228,0.05205600778747647,0.05205599862562039,0.052052673196206586,0.052037280651822955,0.05202631956189664,0.05202255927844062,0.05202737055400741,0.052030103387020445,0.05204527510814801,0.05206028779767733,0.0520685146663077,0.05205340252329757,0.052044135341835725,0.05204413532316115,0.05204413529011069,0.052044135250384135,0.05204413520360226,0.052044135162757986,0.05204413515626758,0.05204413509734975,0.05204413507944265,0.05204413504977534,0.05204413501927465,0.05204413504807539,0.052044135002059094,0.05204413500166943,0.05204413498071553,0.0520441349636895,0.052044134960818215,0.05204413493555185,0.052044134924442854,0.05204413497683938,0.05204413495583801,0.052044134968202635,0.05204413495495257,0.052044134923060585,0.05204413496915698,0.052044134951731484,0.052044134913679874,0.05204413488518357,0.05204413487470215,0.05204413487462803,0.052044134818964666,0.05204413481838805,0.052044134763292615,0.05204413474289556,0.05204413472529326,0.05204413469001521,0.05204413470813948
222,0.0,0.0,1.603386182935651e-06,0.0,0.0,0.0,0.09385057924411802,0.13159895706301886,0.12866262672642734,0.05598727099299805,0.015200275676123571,0.025895055915707378,0.031837421528791675,0.03946187156600459,0.04475687684850656,0.04642297908151434,0.0443332431282665,0.042923071414218715,0.04270460401717876,0.042634012992210917,0.042829317205488,0.04318667565063642,0.043528241404869786,0.043249937737915536,0.043551336574044086,0.04320540371663304,0.04311089775398615,0.04295812081638658,0.04330833158535466,0.043275409927560377,0.04339649131156146,0.04353623938003212,0.043522697744628094,0.04318977035566794,0.04328463859228227,0.04327943973808332,0.043241048330987165,0.0431996345775516,0.04308461220057862,0.043075413399860894,0.0431258415289343,0.043310913454470544,0.04334072443057549,0.04338940427419358,0.043343178850083666,0.043277696640821074,0.04320987460519644,0.04314368672528239,0.04315950221764358,0.0431783906005174,0.04318568986623202,0.04320221265653785,0.04323544869785407,0.04324929012867914,0.043252375378984666,0.04325582658773984,0.043257603512789664,0.043258045755151284,0.0432581290550201,0.04326239419642065,0.04325935156948982,0.04327696438211685,0.04326786156950399,0.04325009579910165,0.04323614912678907,0.04320016102867864,0.043179922074095184,0.04318703756961436,0.04318703757440816,0.04318703759669251,0.04318703762694266,0.043187037664812286,0.043187037709140466,0.04318703776458756,0.04318703780905644,0.043187037873037806,0.04318703791012432,0.043187037953897965,0.04318703805128811,0.04318703809428014,0.043187038191068415,0.043187038241155364,0.0431870382995028,0.043187038374891525,0.04318703841531435,0.04318703847957057,0.0431870385745055,0.043187038620578086,0.04318703872198167,0.043187038786176635,0.04318703882189085,0.043187038935224104,0.04318703899450313,0.043187039071694695,0.04318703913034846,0.0431870391857339,0.043187039268968885,0.04318703929011686,0.043187039372623914,0.04318703943209179,0.043187039526181116,0.04318703960357375,0.04318703968468346,0.0431870397710395
223,-0.53313192558474,2.138275362194525,9.948445234275738e-08,0.0,0.0,0.0,0.08004566685347526,0.11231361137641413,0.10925007553777498,0.05063661331901034,0.014848784301926229,0.025659823560028133,0.03154969434411645,0.03825145547403979,0.041480411329497244,0.04202609754607951,0.04003248895314167,0.03893681861637345,0.039197239793978364,0.039043982046784095,0.039235923943909026,0.039572349157342215,0.03973589051552563,0.03944277116605239,0.03957739294231806,0.03939283360888599,0.0393489706480673,0.03930005041339283,0.03950150465157043,0.039468891523707895,0.0395085708354401,0.039558888227094885,0.039519224524784,0.03942792912669283,0.03940870900196311,0.03940841419548082,0.039415206746592116,0.03941268963524746,0.03946674045345537,0.03944228361357511,0.039416426795825674,0.03941935842826582,0.03938788724097213,0.03937780653999424,0.039325833058596237,0.039321612474028156,0.03938256523604299,0.03947098472912106,0.03950718363869694,0.039528471939465175,0.03954223890411533,0.039524540387848625,0.039487821308622,0.03934291518133723,0.039365591596085395,0.03937100405518378,0.03937584761024021,0.03938232814006622,0.039398566006586797,0.039398783766348526,0.03940176576672727,0.0393980474458299,0.03938712291224464,0.039382383055786535,0.03938212255503234,0.03939326858552225,0.03942513683561393,0.039416816039848306,0.03941681604277986,0.0394168160564349,0.039416816076455544,0.039416816090146446,0.03941681610948847,0.03941681614385359,0.03941681615236132,0.03941681617609418,0.0394168161994202,0.039416816220933903,0.03941681627029674,0.039416816272037226,0.03941681633212949,0.039416816347875874,0.03941681636545431,0.03941681639078323,0.03941681638887399,0.03941681641249273,0.039416816437045366,0.03941681643445355,0.039416816484588266,0.03941681649180097,0.03941681648558845,0.039416816546148925,0.039416816544015756,0.039416816550327805,0.039416816543939324,0.03941681655187595,0.03941681656750598,0.03941681654272957,0.03941681655485977,0.03941681653256918,0.03941681654078951,0.03941681653705523,0.039416816536746106,0.03941681655648815
224,-0.5703687777060393,2.128645257449897,5.705563149716042e-08,0.0,0.0,0.0,0.07740473597160824,0.10870034560277148,0.10582220923873209,0.05009196810625479,0.015114241069839517,0.025883968514731084,0.031644399583399534,0.03797649329991409,0.040668325173656386,0.0410567207333885,0.039139149303032916,0.03814270784656522,0.03848247096909734,0.03831350812300944,0.03849405600893249,0.0388063893439038,0.038925536570182044,0.03864780323216679,0.03877183874054271,0.038615212183536016,0.038583082750599074,0.03855220193636036,0.038705966801249624,0.038667424274685565,0.03867958313834036,0.03870105773814822,0.03865343731357661,0.03862893498548123,0.03858125095472695,0.03858234797336999,0.03860225449951788,0.03861199859895676,0.038730990001605826,0.03871506476862948,0.0386743259469571,0.038633717019650765,0.038585510788252564,0.038556423079600374,0.038489431857747246,0.03848499026431942,0.03855230647275319,0.03865430267480134,0.03869452541685658,0.03872046498316801,0.038741611299805294,0.03873206274815284,0.038725440140342744,0.03857951502184808,0.03860226483458245,0.03860770596874905,0.038612261263607506,0.03861772968815667,0.03863049070224055,0.03862980560938342,0.038640882939210634,0.03864057062842973,0.03862840247969846,0.038618515063860014,0.03861078332951268,0.03859998629893406,0.03860364214839235,0.03859600349038641,0.03859600348872016,0.03859600349399014,0.0385960035030603,0.038596003512109095,0.038596003529804274,0.038596003568964726,0.03859600359252033,0.03859600363636414,0.03859600366707143,0.038596003702998885,0.038596003774580764,0.03859600380169393,0.03859600389863916,0.03859600393873615,0.03859600398641011,0.03859600404913916,0.03859600408131926,0.038596004141238156,0.038596004207664604,0.03859600424172561,0.03859600433378511,0.03859600437928589,0.03859600441220999,0.03859600451615775,0.038596004557373165,0.03859600461272997,0.03859600464450776,0.03859600469635805,0.0385960047578973,0.038596004776679425,0.03859600483163496,0.03859600486010138,0.03859600491928564,0.038596004957752346,0.038596005007790084,0.03859600507193046
225,-0.6074318899723627,2.1183667467392002,3.2722148546326935e-08,0.0,0.0,0.0,0.07479373789719479,0.10514777530153264,0.10250547683781892,0.04967262126046136,0.01544951958098126,0.026160009864464026,0.031758025254230514,0.03767005433899401,0.03979384567934222,0.04004418001075844,0.03821746743154524,0.037328614642466625,0.037741387547567604,0.03755706045999298,0.03772312909884771,0.038005528356117,0.03807748791112302,0.03781941790840702,0.037941763995725256,0.037811619025871566,0.03779275897605459,0.03778406076343173,0.03788890643087517,0.03784335067044074,0.037824474092335775,0.03781218426213233,0.03774891626557991,0.03777531296631703,0.03770473955250999,0.037707323825095285,0.03774135621157738,0.03776326763784619,0.037952893978315014,0.03795652617163246,0.03790716778611197,0.037835633909079694,0.03777937550052635,0.037738370060289614,0.037660030195439925,0.03764883878171546,0.03770145353439836,0.037784856225526776,0.037823615339760655,0.03784997635172965,0.03787168888199762,0.037867247502862945,0.037897037024282716,0.03776909449465067,0.03778972832220498,0.037795325378841865,0.03779974693867848,0.037804651076438794,0.037817017500916116,0.03781996569070364,0.03785198251145894,0.037869747437775,0.037857165654940746,0.03784202462925508,0.03782863239610381,0.03780109144380108,0.03777945570674027,0.03777649720810841,0.037776497199598684,0.03777649718404908,0.03777649716137216,0.03777649713493715,0.0377764971153349,0.03777649711495196,0.037776497090095146,0.03777649709596473,0.03777649707586023,0.03777649706852783,0.03777649710402011,0.037776497090862504,0.037776497150530504,0.03777649715740627,0.03777649717821226,0.037776497208175115,0.03777649721294807,0.03777649724712006,0.03777649728527758,0.03777649729687897,0.037776497364073854,0.037776497387443896,0.03777649740254896,0.03777649748564757,0.03777649750634983,0.037776497543213036,0.037776497559062455,0.03777649759512056,0.037776497638401595,0.0377764976427317,0.03777649768162518,0.037776497693876615,0.03777649773990703,0.037776497765744425,0.037776497801357424,0.03777649785139566
226,-0.49573267631434237,2.1472541275498904,1.7346501446358076e-07,0.0,0.0,0.0,0.08272043032831781,0.11599557187478211,0.11280480967825292,0.05132564940976829,0.01466868796453414,0.02550171035240929,0.0314853638112611,0.03850193625312576,0.042233460643806515,0.04295751844727164,0.04090434479157175,0.0397191443069994,0.03989397672291499,0.03975677719954984,0.03995683845422294,0.040311273608045824,0.040516792073495254,0.040214107662782404,0.040367912885866025,0.04015365876036674,0.04009892914549348,0.04003282358952813,0.040277374207172735,0.0402488773799966,0.04031208732187548,0.04038655321434735,0.04035029733258518,0.04018809074625926,0.04019886241301464,0.0401973653004829,0.04019295145053102,0.040179406290584946,0.04018092095242798,0.04015809683275746,0.04015051406931744,0.0402014821087185,0.04018872646633979,0.04019781806529884,0.04015536360738887,0.04014205202200577,0.04017819060427684,0.040231917601734904,0.040261818010603995,0.04027901369073207,0.0402858014588191,0.04026621131193712,0.04022222778810567,0.04010119191556856,0.0401210942719631,0.04012638431824958,0.04013118236287848,0.040137853615686614,0.04015580621242156,0.04015889744989652,0.040162910379044514,0.04016620897003685,0.04015667639031159,0.040153756169757825,0.04015727600756648,0.04017823377075785,0.04021980170510684,0.040213987465881715,0.04021398746919669,0.040213987478104,0.040213987489326294,0.04021398748552219,0.040213987483397,0.04021398748878202,0.040213987452879255,0.04021398743444233,0.0402139874208908,0.040213987403263526,0.04021398741376382,0.04021398736978502,0.04021398737538283,0.040213987350921174,0.04021398732810435,0.04021398730396768,0.04021398725856295,0.04021398723716608,0.040213987214615374,0.04021398716956105,0.04021398717096752,0.04021398713478338,0.040213987085407625,0.0402139870994069,0.040213987050959604,0.040213987005852186,0.04021398695950528,0.0402139869212181,0.04021398688902906,0.040213986819802816,0.04021398678879391,0.040213986715431305,0.040213986674034065,0.04021398662878688,0.04021398657783848,0.04021398655295561
227,-0.6443099726006762,2.107442960996367,1.8766578624429542e-08,0.0,0.0,0.0,0.07220918845435678,0.10164869920921984,0.09928567112592182,0.049361598825030946,0.015841296907251234,0.02647588278418816,0.03188097534505712,0.03732656112119562,0.03885423615692432,0.03898355163637629,0.03726117127032621,0.03648748119588035,0.03696744705160737,0.036768021290816175,0.036916710055438,0.03716348838017181,0.03718443838539872,0.036946995870090774,0.03707516776463056,0.03697116934728376,0.03696795140257843,0.03698997494441819,0.03705058931323495,0.0369983693940023,0.036946716121458056,0.03689716978507026,0.03680920278516558,0.03685976145146373,0.03677579900946041,0.03677971039716308,0.03682638774498914,0.03685798754872768,0.03710787529973125,0.0371360264452122,0.037085549390621274,0.037002363487869144,0.036953604599909116,0.036916036246484034,0.036844651624847354,0.03682917242295075,0.036854702033596046,0.03689006603569361,0.036919821833598494,0.03693754031992346,0.036946840448696575,0.03693399057357163,0.036979482814484245,0.03687429463067906,0.036892189005662025,0.03689812823293606,0.03690294367071205,0.03690882799123623,0.0369271465785754,0.03693768697707699,0.03699353891700155,0.037034595060617605,0.03702193569729121,0.03700416987501209,0.036991347896815505,0.03696869949876396,0.03695279850444435,0.036956702016286286,0.03695670200612107,0.03695670197852556,0.03695670193380766,0.0369567018756601,0.0369567018181219,0.0369567017687787,0.03695670167442042,0.036956701614852976,0.036956701527144,0.03695670145378877,0.03695670141770687,0.03695670132725916,0.036956701298133325,0.03695670123572881,0.03695670118491441,0.036956701125613035,0.036956701051469094,0.03695670100644738,0.03695670094798703,0.036956700882393785,0.03695670086316913,0.03695670080752659,0.03695670074923666,0.036956700745452785,0.036956700680732,0.036956700630702013,0.03695670057584511,0.03695670053411042,0.03695670049222704,0.036956700418788964,0.03695670037776978,0.036956700302270266,0.036956700264108425,0.03695670021761722,0.03695670016965099,0.03695670014109368
228,0.0,0.0,3.0246042348469615e-07,0.0,0.0,0.0,0.08543334118661268,0.11975502691172746,0.11650368886159207,0.05218034516236737,0.014591834566274985,0.025425971333954304,0.03146488297891559,0.038736553135608504,0.04293166540654785,0.04385656995353045,0.04176212596676284,0.04049877521568761,0.04058219010662894,0.04046136977324514,0.040666060729297494,0.041032062119401504,0.04127698619665542,0.040971060540882114,0.041151783286270734,0.04090620735352202,0.04084106739204413,0.040756621958616214,0.041038113907535485,0.041011655072131004,0.04109456560235856,0.04118937029135902,0.04115527125498349,0.040927736644413126,0.04096679173378698,0.04096426446764936,0.04095035263418637,0.040927470839053265,0.040888857070401914,0.040873255817269936,0.040884371708458836,0.04098116767088047,0.04098488774721849,0.041009651154277044,0.0409691262481635,0.040940014452927144,0.04094185141446242,0.04095414356903811,0.04097803331758086,0.04099395836429875,0.04099796443354732,0.040985471372658705,0.04095712090527859,0.04087573972428342,0.040890852725578894,0.040895781276169926,0.040899985082575814,0.04090549834958265,0.04092079902696523,0.04092595380398898,0.04093188922532737,0.040943728909906184,0.04093500343913335,0.04092964790299619,0.04093113623437606,0.04094448248422953,0.04097499563335701,0.04097307272051958,0.040973072722477126,0.040973072725404874,0.04097307272683369,0.04097307271120781,0.04097307269567799,0.040973072684809105,0.040973072627777274,0.040973072592543194,0.04097307255852646,0.04097307252269933,0.04097307252244501,0.04097307246322958,0.04097307245208914,0.04097307241515603,0.04097307238321475,0.04097307234828385,0.04097307229382359,0.04097307226288352,0.04097307223628134,0.04097307218467654,0.04097307217778319,0.040973072136056735,0.04097307207943201,0.04097307208758416,0.0409730720343522,0.040973071983984324,0.04097307193493524,0.04097307188969966,0.04097307185305901,0.04097307177805915,0.04097307174495462,0.04097307166839148,0.04097307162509151,0.040973071579197544,0.04097307152463202,0.04097307149617382
229,-0.6809917921697645,2.0958772277123563,1.0762877367120893e-08,0.0,0.0,0.0,0.0696480295471214,0.09819673181006704,0.0961501391461695,0.049144106144581784,0.016278495355890696,0.02682159985657318,0.03200547658034026,0.03694173695494118,0.03784715156102329,0.03786998924733058,0.036264505706873534,0.035613605634084236,0.03615656108263911,0.03594213355322361,0.03607079428213264,0.03627651262845516,0.036241004431099115,0.03601929880077434,0.03615605980767425,0.036080205679864655,0.03609571105536448,0.036161468878447206,0.036191086027032804,0.03613480011010807,0.036052353725366394,0.035966296073471786,0.035847392184258926,0.03589148175113569,0.035805429725050374,0.03581009592139099,0.03586388170975386,0.035899580911672266,0.03617494074577426,0.03621813366104034,0.036171783866780376,0.03609681311053691,0.036073290253040985,0.03605919850476585,0.036025504601484154,0.03601965958786096,0.03602537739496004,0.03600665651947223,0.036021265687291346,0.03602065950510558,0.03600613122991752,0.03596990821576572,0.035993331431918955,0.035902154952431355,0.03591834108931633,0.035924537933554865,0.03593010129679907,0.0359383011318722,0.03596665574610613,0.03598392385533852,0.03604428067433601,0.03609193297135266,0.03607749485062501,0.03605838013831993,0.03604993897253323,0.036049054468840484,0.03607402563172899,0.036082408513949005,0.03608240851393587,0.036082408507715984,0.03608240848990457,0.03608240845783093,0.036082408422539396,0.03608240838714876,0.03608240830418517,0.036082408242606265,0.03608240816658689,0.03608240809823405,0.03608240804908814,0.03608240795106279,0.03608240790052418,0.03608240782622524,0.036082407751395935,0.03608240765978397,0.03608240755519439,0.03608240747778555,0.0360824073683474,0.03608240726645344,0.036082407207206006,0.03608240711345115,0.0360824070179361,0.036082406964317755,0.03608240685212913,0.03608240675553427,0.03608240666227868,0.0360824065761465,0.036082406484683915,0.03608240636245336,0.03608240627156681,0.036082406143682605,0.036082406052265883,0.036082405960779405,0.03608240586270184,0.036082405782959216
230,0.0,0.0,6.172650335312113e-09,0.0,0.0,0.0,0.06710764957152165,0.09478634166780045,0.09308785458567086,0.04900775804099485,0.0167525599778739,0.027189485373957906,0.032125749441564364,0.03651263950856034,0.03677039754645019,0.03669829043250367,0.035221896007119516,0.03470262949283155,0.03530786296672999,0.035078226921659295,0.03518468778498817,0.035344659036382835,0.03524546116237504,0.035025789060009596,0.03516375084688526,0.035121880275441886,0.03515917154891389,0.03528382409855396,0.03530527403124986,0.035250319210941926,0.03514492560398345,0.03503085550572205,0.03488417335773721,0.0349025500584763,0.03482241362819036,0.03482680867281584,0.03487767139556517,0.034909264428476014,0.035150770588196836,0.03518066508050246,0.035137179261186494,0.03508084967537147,0.03509222854267986,0.03511620184870208,0.035148323425932916,0.03517062606035407,0.035183616018474625,0.03514060557251879,0.0351396826395681,0.03511788426047088,0.035080854869618025,0.0350214516035991,0.03500242721780718,0.03491996838388978,0.03493583179216441,0.03494175474647149,0.03494765841650577,0.03495766173659167,0.03499232538585453,0.03500972653036512,0.035040539560962675,0.03506303532436008,0.035043475405212764,0.03501905160969615,0.0350094806202425,0.03501679593145817,0.03507885293216157,0.035085198723093895,0.03508519874060222,0.03508519878194747,0.03508519883450158,0.035085198887923094,0.03508519894387732,0.035085199005010934,0.03508519905232378,0.03508519909760416,0.03508519914651999,0.0350851991944696,0.035085199249305726,0.03508519927552279,0.03508519935532627,0.03508519938653889,0.03508519940991911,0.03508519943671962,0.03508519943622394,0.035085199462118216,0.0350851994624595,0.035085199456407645,0.035085199506218134,0.03508519951019305,0.035085199506486656,0.035085199550783035,0.03508519953796866,0.03508519954953893,0.03508519954177152,0.03508519954882282,0.035085199555591674,0.035085199520374574,0.035085199517134985,0.03508519949244484,0.03508519949848352,0.03508519948980719,0.03508519949130095,0.03508519949667236
231,-0.7174661750420425,2.0836730699215655,6.172650335312113e-09,0.0,0.0,0.0,0.06710764957152165,0.09478634166780045,0.09308785458567086,0.04900775804099485,0.0167525599778739,0.027189485373957906,0.032125749441564364,0.03651263950856034,0.03677039754645019,0.03669829043250367,0.035221896007119516,0.03470262949283155,0.03530786296672999,0.035078226921659295,0.03518468778498817,0.035344659036382835,0.03524546116237504,0.035025789060009596,0.03516375084688526,0.035121880275441886,0.03515917154891389,0.03528382409855396,0.03530527403124986,0.035250319210941926,0.03514492560398345,0.03503085550572205,0.03488417335773721,0.0349025500584763,0.03482241362819036,0.03482680867281584,0.03487767139556517,0.034909264428476014,0.035150770588196836,0.03518066508050246,0.035137179261186494,0.03508084967537147,0.03509222854267986,0.03511620184870208,0.035148323425932916,0.03517062606035407,0.035183616018474625,0.03514060557251879,0.0351396826395681,0.03511788426047088,0.035080854869618025,0.0350214516035991,0.03500242721780718,0.03491996838388978,0.03493583179216441,0.03494175474647149,0.03494765841650577,0.03495766173659167,0.03499232538585453,0.03500972653036512,0.035040539560962675,0.03506303532436008,0.035043475405212764,0.03501905160969615,0.0350094806202425,0.03501679593145817,0.03507885293216157,0.035085198723093895,0.03508519874060222,0.03508519878194747,0.03508519883450158,0.035085198887923094,0.03508519894387732,0.035085199005010934,0.03508519905232378,0.03508519909760416,0.03508519914651999,0.0350851991944696,0.035085199249305726,0.03508519927552279,0.03508519935532627,0.03508519938653889,0.03508519940991911,0.03508519943671962,0.03508519943622394,0.035085199462118216,0.0350851994624595,0.035085199456407645,0.035085199506218134,0.03508519951019305,0.035085199506486656,0.035085199550783035,0.03508519953796866,0.03508519954953893,0.03508519954177152,0.03508519954882282,0.035085199555591674,0.035085199520374574,0.035085199517134985,0.03508519949244484,0.03508519949848352,0.03508519948980719,0.03508519949130095,0.03508519949667236
232,-0.7537220107671515,2.0708342051286825,3.5400953835029725e-09,0.0,0.0,0.0,0.06458591278508771,0.09141290849555206,0.09008953177460224,0.04894305727174716,0.017258137615922268,0.027574783799069094,0.03223853390109378,0.03603798463919057,0.03562173928860984,0.035462119819544564,0.034127122763148186,0.033750955659326023,0.03442415684400517,0.03417862124593346,0.03426168053097714,0.03437322276102072,0.034202305734604053,0.03395993612710048,0.0340746498761486,0.034077759710425454,0.03413822494024771,0.03433267967556833,0.034375001348728604,0.03432912553171166,0.03421556529765692,0.03409234925349754,0.033937452568355134,0.03394417123980357,0.033866828623580064,0.033869690126131585,0.033905218418470245,0.033924554029379515,0.034065521675428756,0.03404315962303418,0.03399304057985288,0.03394762592693788,0.03398396488195777,0.0340417450162694,0.03414003550716542,0.034196329720606024,0.03424371948846438,0.03422552022358597,0.03421619773987469,0.03418239244222641,0.03414130575694944,0.03408372795737668,0.0340545998580891,0.03399829185142652,0.03401364437399856,0.034018632885432436,0.034023735705613324,0.03403281834766523,0.034062774052566046,0.034073439364246824,0.03405916641089978,0.03404177458174306,0.03401608637159625,0.03398025469297681,0.03395825878825886,0.03393582008430898,0.033981648575618965,0.03398096048800317,0.033980960513702314,0.033980960579383955,0.033980960673753176,0.03398096078325565,0.03398096090668751,0.03398096104575575,0.033980961210156285,0.033980961366103415,0.033980961524072414,0.033980961680257674,0.03398096185197272,0.03398096201157605,0.033980962250647964,0.03398096240184439,0.0339809625563606,0.033980962744313024,0.03398096288914151,0.03398096306319095,0.033980963241562745,0.03398096338209385,0.03398096359778235,0.033980963753402774,0.03398096389718016,0.03398096410988987,0.03398096426486003,0.033980964456502234,0.03398096459179696,0.03398096476072865,0.033980964939865674,0.033980965065803365,0.03398096522413933,0.03398096538441412,0.03398096557312735,0.033980965718168325,0.033980965900159595,0.03398096606998025
233,-0.7897482554663119,2.0573645441762958,2.0302908243508e-09,0.0,0.0,0.0,0.06208119474387339,0.08807279334212662,0.08714777033191831,0.04894423931959818,0.017794407223245892,0.02797688743968597,0.032344230317209656,0.0355190349461044,0.03439896300935469,0.034152835545266096,0.03297176401310971,0.032754087385410004,0.03351130802772731,0.03324848696759239,0.03330880111195751,0.03337363737046471,0.03312536268937399,0.032825577932095,0.03286962965353573,0.03293387303352166,0.03301451049218381,0.03327391343534653,0.033361047463532516,0.03333189211112129,0.03322972447554974,0.03312511613839919,0.03300005790961474,0.033060326740529514,0.032964116187244125,0.032964503341987625,0.032975411318897994,0.032979392365453206,0.032984230682247505,0.03288753973803865,0.032818338357188344,0.032760283898245916,0.03279005958701094,0.03285264803237325,0.03297215582693905,0.03303911667192147,0.033115067280975984,0.0331410081135963,0.03313365286101161,0.03310484859559964,0.03308228128417895,0.03306044931630425,0.03309525404677279,0.033095710337113185,0.033108202918944486,0.033112155987616555,0.033115496620080453,0.03312064275745202,0.03313621144001996,0.03314069540517887,0.0331135594650283,0.03308696441210048,0.033060979931801314,0.033016388838801876,0.03298113837118111,0.03291812726337332,0.03290689910108763,0.03290218738470036,0.03290218739751904,0.03290218742500675,0.032902187466524804,0.0329021875126225,0.03290218757314601,0.03290218764392872,0.03290218772673021,0.03290218782585595,0.03290218790071609,0.03290218798157168,0.03290218809254442,0.0329021881812959,0.03290218835902873,0.03290218845294373,0.032902188566433184,0.03290218870465144,0.032902188807812885,0.03290218894384514,0.032902189089633785,0.03290218920004214,0.03290218938137687,0.03290218950746487,0.03290218963025773,0.03290218982295035,0.03290218995680631,0.03290219012875002,0.03290219024708661,0.03290219040527534,0.032902190570745185,0.03290219069112813,0.03290219084063079,0.03290219099146449,0.03290219117850172,0.032902191320207955,0.032902191497976935,0.03290219166936705
234,-0.8255339351963941,2.043268190053615,1.164398244490883e-09,0.0,0.0,0.0,0.059592418121709775,0.08476341066238453,0.08425720784561128,0.04901065300668162,0.01836744745119655,0.02840157110200928,0.03244908549940523,0.03496154514545496,0.03310065294796835,0.03275805011065987,0.03174271594219265,0.03170319033134737,0.032575232044981355,0.03229286046303967,0.03233429496014497,0.032362385883615355,0.032040198067896736,0.03164692704985099,0.03155114914857391,0.031694492457943535,0.03178470067943833,0.03207370229053431,0.03220378468963104,0.03219370732131461,0.032119548306796544,0.03206054255775578,0.03201050937658996,0.03223166128856981,0.032076960984655095,0.03207499359215627,0.032062458919143375,0.032058259878727624,0.031968152196902425,0.03183030170736005,0.031739876183874395,0.03165001226305716,0.03163934337689188,0.03166840917969394,0.03173751026388197,0.031770293530086535,0.03182245150002603,0.03184094027666277,0.03184012689322642,0.031826410777915856,0.03182358992965925,0.03184092292813295,0.03197605222875683,0.0320271921033428,0.03203459247280627,0.032038240899096584,0.03204008130962644,0.032040913119044355,0.032043182014295075,0.03204888391316957,0.03206287182494329,0.03207787113528458,0.03206146638298838,0.03202503560104582,0.031996760985116765,0.03194947482564175,0.031930369752667484,0.031929376392478996,0.031929376384627374,0.031929376350792044,0.031929376294373146,0.03192937621677552,0.03192937613440039,0.031929376044468015,0.03192937590240748,0.0319293758019601,0.03192937566678575,0.03192937554180375,0.03192937543704859,0.031929375285545264,0.03192937519284293,0.031929375074757745,0.03192937496985337,0.031929374838306164,0.03192937470088229,0.03192937459420273,0.03192937445051681,0.031929374323792586,0.03192937423646569,0.031929374116307106,0.03192937400880097,0.03192937393560677,0.0319293738035121,0.03192937369335856,0.03192937358413514,0.03192937349768407,0.03192937339498559,0.0319293732713371,0.03192937316800585,0.0319293730324162,0.031929372940711014,0.0319293728445742,0.031929372747197496,0.03192937267133028
235,-0.6809917921697645,2.0958772277123563,1.0762877367120893e-08,0.0,0.0,0.0,0.0696480295471214,0.09819673181006704,0.0961501391461695,0.049144106144581784,0.016278495355890696,0.02682159985657318,0.03200547658034026,0.03694173695494118,0.03784715156102329,0.03786998924733058,0.036264505706873534,0.035613605634084236,0.03615656108263911,0.03594213355322361,0.03607079428213264,0.03627651262845516,0.036241004431099115,0.03601929880077434,0.03615605980767425,0.036080205679864655,0.03609571105536448,0.036161468878447206,0.036191086027032804,0.03613480011010807,0.036052353725366394,0.035966296073471786,0.035847392184258926,0.03589148175113569,0.035805429725050374,0.03581009592139099,0.03586388170975386,0.035899580911672266,0.03617494074577426,0.03621813366104034,0.036171783866780376,0.03609681311053691,0.036073290253040985,0.03605919850476585,0.036025504601484154,0.03601965958786096,0.03602537739496004,0.03600665651947223,0.036021265687291346,0.03602065950510558,0.03600613122991752,0.03596990821576572,0.035993331431918955,0.035902154952431355,0.03591834108931633,0.035924537933554865,0.03593010129679907,0.0359383011318722,0.03596665574610613,0.03598392385533852,0.03604428067433601,0.03609193297135266,0.03607749485062501,0.03605838013831993,0.03604993897253323,0.036049054468840484,0.03607402563172899,0.036082408513949005,0.03608240851393587,0.036082408507715984,0.03608240848990457,0.03608240845783093,0.036082408422539396,0.03608240838714876,0.03608240830418517,0.036082408242606265,0.03608240816658689,0.03608240809823405,0.03608240804908814,0.03608240795106279,0.03608240790052418,0.03608240782622524,0.036082407751395935,0.03608240765978397,0.03608240755519439,0.03608240747778555,0.0360824073683474,0.03608240726645344,0.036082407207206006,0.03608240711345115,0.0360824070179361,0.036082406964317755,0.03608240685212913,0.03608240675553427,0.03608240666227868,0.0360824065761465,0.036082406484683915,0.03608240636245336,0.03608240627156681,0.036082406143682605,0.036082406052265883,0.036082405960779405,0.03608240586270184,0.036082405782959216
236,-0.8610681492926887,2.0285494366466605,6.67797539488646e-10,0.0,0.0,0.0,0.05711907975829776,0.08148328400761212,0.08141464311617455,0.04914892434654148,0.018994240336710842,0.02886484938921308,0.032569133889669255,0.03437963643197335,0.031728659151236314,0.03126054941538212,0.030418931265751584,0.03057913780465496,0.03161433400971287,0.031309236400465464,0.031340534179411295,0.03135507735822208,0.030982602417306833,0.030480462573831062,0.030173321228803694,0.030406013027558642,0.030485956992822527,0.030729560296302163,0.030851617994927805,0.030850955383691384,0.030805412235361162,0.03079911728316777,0.030845584500089455,0.031315035076468344,0.03106296051030218,0.031060180580959024,0.03103948149976051,0.03104470853886151,0.030988337150207806,0.030910583091791632,0.030818676493593704,0.030709904410752636,0.030658946960664953,0.030644060097780257,0.030630036271418474,0.030608216635754602,0.030582636288550895,0.030509590094914246,0.030509059630373404,0.03050119847727902,0.03048938972774887,0.030498969583221586,0.030656118788461046,0.030681889603481262,0.030685675561324725,0.030689764521602696,0.030691427425593807,0.03069091830868808,0.030690364594616288,0.0306993528290037,0.030750764754978552,0.030801517902608443,0.030796318782325437,0.030783592605653186,0.030784347668645077,0.030819463762910466,0.030890745207713247,0.03089076208938887,0.030890762080306673,0.03089076204800945,0.030890761983834412,0.030890761898490247,0.030890761790170435,0.03089076168013268,0.0308907614916452,0.030890761327401386,0.030890761175399815,0.030890761024103968,0.03089076086519142,0.030890760664084586,0.030890760496564456,0.03089076033168708,0.030890760160067542,0.030890759944819917,0.030890759734212212,0.030890759547073994,0.030890759291949035,0.03089075907691867,0.030890758889831005,0.03089075867291415,0.03089075847216947,0.03089075828480745,0.030890758036606288,0.030890757794386773,0.030890757576817827,0.030890757377293455,0.030890757144147775,0.030890756900390625,0.030890756665627118,0.03089075637806126,0.030890756126715085,0.030890755892558006,0.030890755640291263,0.030890755423901635
237,0.0,0.0,1.8766578624429542e-08,0.0,0.0,0.0,0.07220918845435678,0.10164869920921984,0.09928567112592182,0.049361598825030946,0.015841296907251234,0.02647588278418816,0.03188097534505712,0.03732656112119562,0.03885423615692432,0.03898355163637629,0.03726117127032621,0.03648748119588035,0.03696744705160737,0.036768021290816175,0.036916710055438,0.03716348838017181,0.03718443838539872,0.036946995870090774,0.03707516776463056,0.03697116934728376,0.03696795140257843,0.03698997494441819,0.03705058931323495,0.0369983693940023,0.036946716121458056,0.03689716978507026,0.03680920278516558,0.03685976145146373,0.03677579900946041,0.03677971039716308,0.03682638774498914,0.03685798754872768,0.03710787529973125,0.0371360264452122,0.037085549390621274,0.037002363487869144,0.036953604599909116,0.036916036246484034,0.036844651624847354,0.03682917242295075,0.036854702033596046,0.03689006603569361,0.036919821833598494,0.03693754031992346,0.036946840448696575,0.03693399057357163,0.036979482814484245,0.03687429463067906,0.036892189005662025,0.03689812823293606,0.03690294367071205,0.03690882799123623,0.0369271465785754,0.03693768697707699,0.03699353891700155,0.037034595060617605,0.03702193569729121,0.03700416987501209,0.036991347896815505,0.03696869949876396,0.03695279850444435,0.036956702016286286,0.03695670200612107,0.03695670197852556,0.03695670193380766,0.0369567018756601,0.0369567018181219,0.0369567017687787,0.03695670167442042,0.036956701614852976,0.036956701527144,0.03695670145378877,0.03695670141770687,0.03695670132725916,0.036956701298133325,0.03695670123572881,0.03695670118491441,0.036956701125613035,0.036956701051469094,0.03695670100644738,0.03695670094798703,0.036956700882393785,0.03695670086316913,0.03695670080752659,0.03695670074923666,0.036956700745452785,0.036956700680732,0.036956700630702013,0.03695670057584511,0.03695670053411042,0.03695670049222704,0.036956700418788964,0.03695670037776978,0.036956700302270266,0.036956700264108425,0.03695670021761722,0.03695670016965099,0.03695670014109368
238,-0.8963400736893542,2.013212767430304,3.8299058369162253e-10,0.0,0.0,0.0,0.05466125633705345,0.07823206000009542,0.07861907722307519,0.04937623262300456,0.0197091553027816,0.029399343657636353,0.032736952128401,0.033802973533978875,0.0302939630083026,0.029638953211858138,0.02896802512044493,0.029343172189990323,0.030603580692091188,0.030272029579937843,0.030308052989676808,0.03034970044726848,0.02998463948791061,0.029417755497498244,0.028876010913540584,0.02918281236911792,0.029227489029360523,0.029326375236367507,0.02933755340577297,0.029321644740147073,0.029278476474218273,0.029292256087861453,0.029393100186463926,0.03006712882861379,0.02971923959573453,0.029717811876484368,0.029710442630776417,0.029742176393425763,0.029857713107639475,0.029943995156773488,0.029881321507200173,0.02979831917927624,0.029758726571986176,0.029743836496791635,0.029714679806303254,0.029691115461141223,0.029617425986333826,0.029461752577030542,0.02945231831020904,0.029430818609453048,0.02938674208064031,0.02934145045595253,0.029387788426914672,0.029315487223938914,0.029320957956186475,0.02932510110449338,0.02932740787494659,0.029328711226501547,0.02933237003850898,0.029334167203730218,0.0293367179030389,0.02933852681358353,0.02933119870817407,0.02933133351127988,0.029349357981048322,0.029427588405580508,0.029573673543977164,0.02955621610495892,0.02955621611325187,0.029556216138712246,0.02955621616852937,0.029556216203544355,0.02955621622809608,0.02955621628293724,0.02955621631402257,0.029556216333728985,0.029556216418484587,0.029556216489470898,0.029556216548382357,0.029556216597823717,0.02955621671000496,0.02955621676862051,0.029556216825880246,0.0295562168929584,0.029556216940223957,0.02955621700984882,0.02955621705910158,0.029556217090953404,0.029556217184741686,0.029556217219967526,0.029556217261043623,0.02955621735177493,0.029556217376546307,0.02955621741333328,0.029556217416597724,0.029556217472149978,0.02955621750644962,0.02955621751671522,0.029556217529347627,0.029556217517004487,0.029556217528563328,0.02955621751309854,0.02955621751996021,0.02955621754525244
239,0.0,0.0,2.1965007590551977e-10,0.0,0.0,0.0,0.05221957395408507,0.07501045073883138,0.07587160944127681,0.04972531816272834,0.02057449543205823,0.030064849009469097,0.033013296142909654,0.03329006490013132,0.028829899825112942,0.027874465064138893,0.02734635187792842,0.02792579653377067,0.02946691063295392,0.02910573933941095,0.029166306201319905,0.02929100653875853,0.029033268290127465,0.028550578201074258,0.02788203076531185,0.028199795360008394,0.0281935977097591,0.028087270916588476,0.027889808513866264,0.027829932180724264,0.02774563534909608,0.027712194748960705,0.027756798531288502,0.028388904309449983,0.028024743521757278,0.028025384685774028,0.028038479276682206,0.028093023141863984,0.02836854860871099,0.028584589085023964,0.02855119106765131,0.028514153052536226,0.028540483337011483,0.028587570494080252,0.028666402147168167,0.028733283163962942,0.02873477052326275,0.028657071458695227,0.028641335500014572,0.028604934088098995,0.028559320216984273,0.028497517591113564,0.028446334524919126,0.028348250933290936,0.0283585435931354,0.028361693449641904,0.028363955962855576,0.028366605335057925,0.028370431684557464,0.028359158880532462,0.02827162712155257,0.028187486571558472,0.028168052157616072,0.028153203215467316,0.02815159029979409,0.028156620648100143,0.028231032793963055,0.02819127794167378,0.028191277951856632,0.028191277978391084,0.0281912780318064,0.028191278088501973,0.02819127816164027,0.02819127826416176,0.0281912783760102,0.02819127849250948,0.02819127863425631,0.02819127876144226,0.028191278895528114,0.02819127901810961,0.02819127923213344,0.028191279356644013,0.028191279499376342,0.028191279670955516,0.02819127980977215,0.02819127997901694,0.028191280157961768,0.028191280293829876,0.02819128050695077,0.028191280653427846,0.02819128080693042,0.028191281031146195,0.028191281189056568,0.02819128137395422,0.02819128149509705,0.028191281687257305,0.02819128186937454,0.028191282022977462,0.028191282180498888,0.02819128233527249,0.02819128252147517,0.028191282653968943,0.028191282832586134,0.02819128301974087
240,-1.3567551917328842,1.7365674545930214,1.59539048638635e-13,0.0,0.0,0.0,0.02235879888880363,0.03635398365591271,0.0,0.0,0.0,0.007305466707268641,0.012202593569248186,0.0159181071115857,0.01685652579644722,0.018632693593609122,0.017750153390293233,0.017457851730011645,0.01810380065580709,0.017763020044269204,0.01773924176363452,0.017705918218144275,0.01766252214223827,0.018115876252820906,0.018046776551942943,0.018256980959456538,0.01836516944251635,0.01867848669506883,0.018994081801489166,0.018977153882762745,0.01899362886907762,0.01904672885207592,0.019128426543512638,0.019274106917935876,0.01923118954807839,0.019223274492235373,0.01914883953787604,0.019093605388507844,0.018671087934278706,0.018596683740168037,0.01850164849375572,0.018486390889995145,0.018388031294989116,0.018353223940850812,0.018237680945638844,0.0181390644636393,0.018027630155336524,0.01794203159628121,0.017936414713353707,0.017956519118056676,0.017970824708520333,0.01801369217912347,0.01811137667400111,0.01808202428215047,0.018087315114390327,0.018092342828693295,0.018093748861678798,0.018089438466920148,0.01806815224172834,0.0180609278053544,0.018090577969707585,0.018126180657945728,0.018139942591722136,0.018162325937757632,0.01818144279261822,0.018164697908127234,0.018195345552433833,0.018160017042730354,0.018160017010429134,0.018160016952056417,0.018160016862548114,0.018160016767971795,0.01816001665531085,0.018160016539220905,0.01816001636008479,0.01816001621759286,0.01816001602439284,0.018160015846600902,0.018160015668603424,0.018160015451564437,0.018160015238601012,0.01816001503931315,0.018160014849279555,0.01816001457905106,0.01816001431968161,0.01816001407877607,0.01816001372520281,0.018160013452727095,0.018160013203543584,0.018160012931021523,0.018160012679733193,0.01816001238728859,0.018160012063233612,0.018160011780458788,0.018160011513531235,0.01816001124426818,0.018160010931139225,0.018160010629520384,0.018160010313972148,0.018160009958666457,0.018160009639078756,0.018160009337422896,0.01816000902190529,0.01816000871319497
241,-1.386855832368908,1.712624323916417,9.14823772291129e-14,0.0,0.0,0.0,0.020195496814132272,0.033580275775284815,0.0,0.0,0.0,0.006744581033617496,0.011031024941941978,0.013825191753735736,0.013888252479585307,0.015255944370016636,0.014380169033667796,0.014039647722458378,0.014641071338577753,0.014294323969244842,0.014267680121983695,0.014252671971008232,0.014314812759558999,0.014959118345767276,0.015076322433376631,0.015203326405875956,0.015309732554494287,0.015626604162440928,0.015951190265253084,0.015924982910438423,0.015939979527974393,0.015986695012444117,0.0160758904457699,0.016225533203206886,0.016207398436261785,0.016202424735475042,0.01615693959969783,0.01611946082729444,0.015879403252693304,0.015998663419938313,0.01599013394809602,0.016120140632718785,0.016155239819890206,0.016242178451260577,0.01633146222286909,0.016412169808928363,0.016493213525889627,0.016661533818606737,0.01666521710092217,0.01668562842461149,0.0167512474743986,0.016853889792792214,0.016975688515725156,0.017101943045869317,0.017111757581455306,0.017116451654793512,0.017118791061545457,0.017118506030260546,0.017112790422403584,0.017118874924769763,0.017170403220781876,0.0172337739569779,0.017245677606440763,0.017249205097824252,0.01724902197765888,0.017192952670151564,0.01718792552489558,0.017175307590489342,0.01717530756800201,0.017175307531495362,0.01717530746328901,0.01717530741005588,0.017175307337169224,0.017175307267653775,0.01717530716642011,0.017175307095875433,0.017175306966324494,0.01717530686780522,0.017175306799353227,0.017175306713556916,0.01717530666376478,0.017175306588853797,0.017175306559876532,0.01717530648981785,0.01717530642274631,0.017175306377635004,0.017175306288073018,0.017175306221789984,0.017175306206379835,0.017175306153718047,0.01717530611989821,0.017175306088417622,0.01717530602626852,0.017175306026585038,0.01717530598619165,0.017175305973671146,0.017175305941969553,0.017175305916097307,0.01717530588048489,0.01717530584280976,0.017175305851051294,0.017175305825956312,0.01717530582774216,0.017175305817442723
242,-1.326241270322276,1.75998161000045,2.781108676686017e-13,0.0,0.0,0.0,0.024536195233992027,0.039142950027239984,0.0,0.0,0.0,0.007710615689887421,0.013024356668033655,0.017322204769782863,0.018664265519445784,0.020495597564592762,0.0195053849407322,0.019104089480384508,0.01956297106665304,0.019229372424003646,0.01916321660409255,0.018984154387899375,0.018622145044310808,0.018443110817146162,0.01771998159553577,0.018176392333877554,0.018242799582982045,0.01833146581073204,0.018448443591404004,0.018402892077249183,0.018376400336997254,0.01841815059556228,0.01849665149844426,0.018884936131055092,0.018664416169037322,0.018658427965759422,0.01860348887638122,0.018586911849161867,0.018402955278100198,0.018505625802518064,0.018426142167142757,0.01840516671628588,0.018317249570803572,0.018279160852583246,0.018149722203568475,0.018054944120005682,0.017904631092678272,0.017747541761621324,0.0177351825755216,0.017742909258405732,0.01772918619609659,0.01772184517226513,0.01773147144995158,0.017621451300735093,0.01762864955607912,0.01763412291311068,0.017636688944434358,0.017635339622749244,0.017624206740258375,0.01761720511177231,0.017631980411754275,0.01765112389609708,0.017665873423874635,0.01770481118692339,0.017748285756625095,0.017810053167579557,0.017960842682825214,0.017921911586333113,0.017921911581783363,0.017921911617049247,0.017921911664292963,0.017921911758559245,0.017921911842421624,0.017921911984941533,0.017921912153124317,0.0179219122962682,0.017921912495361993,0.017921912699737832,0.017921912928332624,0.01792191318051739,0.01792191350992307,0.017921913743492147,0.017921914031505958,0.01792191435814999,0.017921914657765825,0.017921914976689112,0.017921915329885914,0.017921915613825314,0.017921915998611645,0.017921916303009697,0.017921916608898254,0.01792191698216881,0.017921917309610146,0.017921917692832284,0.017921917958375604,0.017921918303539404,0.017921918646315028,0.017921918977043285,0.01792191928960401,0.017921919629404134,0.017921919995130264,0.01792192026580927,0.017921920614738344,0.01792192093730458
243,-1.4165340232836188,1.6881595112801828,5.2458037913538647e-14,0.0,0.0,0.0,0.018045162450529017,0.030818606637265194,0.0,0.019193211925266185,0.010278515351186157,0.019843097468338806,0.023710343064007298,0.02443103872204905,0.02180281371405521,0.02165972951744165,0.020727682874258427,0.020134398934495226,0.02035004750202049,0.019991840091452887,0.019877990409923354,0.019650704138444462,0.019451889667785736,0.01953117082438586,0.019008271265226206,0.01933823831477615,0.01935389171660117,0.01921027371514598,0.019030072223685655,0.018878353155535543,0.018706874985179707,0.018555190347344028,0.018330112623753607,0.018084389090505217,0.018061499026709994,0.018058280620878667,0.018029762387197702,0.018012005333571005,0.017846762522175166,0.017868528488967948,0.01776162661993276,0.01772770580630358,0.01770932397096963,0.017754990595199586,0.017795521680252707,0.01780896669807951,0.017779421531836915,0.01773393096308938,0.017703548835674227,0.017679990357598666,0.017653103417544964,0.017622082943288816,0.017524684897878,0.017413476647218894,0.017428763547424606,0.01743349865779904,0.017436894341249874,0.01743943628117259,0.0174366584151903,0.017418331127708967,0.01732300217627643,0.01723462069929828,0.01722318669031746,0.01721626292574795,0.017204108406813565,0.01709280238539355,0.0170538952015422,0.016994930585092195,0.01699493057450735,0.01699493056671807,0.01699493058055468,0.016994930602072744,0.016994930650565093,0.016994930706627553,0.016994930787255565,0.016994930901027126,0.01699493093413931,0.0169949309796249,0.01699493105081064,0.016994931105220788,0.016994931222784688,0.016994931265752192,0.01699493134554779,0.016994931408788525,0.01699493144898039,0.016994931516773792,0.016994931547948955,0.016994931587722577,0.016994931691138932,0.01699493174576968,0.016994931812719292,0.01699493188849806,0.016994931934836737,0.01699493205527412,0.016994932109546477,0.01699493219500746,0.016994932269301644,0.01699493233598262,0.016994932394356177,0.016994932466016546,0.016994932575111036,0.016994932636249013,0.016994932740803274,0.016994932816542692
244,0.0,0.0,8.456013667057505e-13,0.0,0.0,0.0,0.028938959389817238,0.04478157781501532,0.0,0.0,0.0,0.008119893077552981,0.013788660499876402,0.018468554519967387,0.01977007978171371,0.021560198752541507,0.02062736291089378,0.020478817658825168,0.02131965446503593,0.020962635073970892,0.020938607723387504,0.020838920113277485,0.02041149563452408,0.01986273252124652,0.018542308087909496,0.019158078635300283,0.019122548997921998,0.018773102707636408,0.01842137966675062,0.018294328916413215,0.018159661221148957,0.01809049455997932,0.018022941598276793,0.018408289849131072,0.018066717168040397,0.01806567907000769,0.018060606137627052,0.018102987976580432,0.018316440842011297,0.0186885724601411,0.018668990112048957,0.018730332124954847,0.018806676937731776,0.018921941887006914,0.019083090514651346,0.01924430225595763,0.019363214060227684,0.01954135208139291,0.019536162101628122,0.019534993081703037,0.019582056845017973,0.019637949029973643,0.01965291490229167,0.01970308811438408,0.019717354736551635,0.019721414027817314,0.01972422391649368,0.019726434580280783,0.01972710588797101,0.019724866161412898,0.01971368019326467,0.019714678776677572,0.019720280488942143,0.01972822975575489,0.019736596375015562,0.01970001980866381,0.019719057825064615,0.019686970444107808,0.019686970426423124,0.01968697039187913,0.01968697034024916,0.019686970279620956,0.019686970209595093,0.019686970126034053,0.019686969987752295,0.01968696988565008,0.01968696972456182,0.019686969572408845,0.019686969423807366,0.019686969233635356,0.019686969053826546,0.019686968877905126,0.019686968708581897,0.019686968466230186,0.019686968225245318,0.01968696800608869,0.01968696767726192,0.019686967423325413,0.019686967196714058,0.01968696694249527,0.019686966707586774,0.0196869664415458,0.01968696613717197,0.01968696586884063,0.019686965617109344,0.01968696537177979,0.019686965082458794,0.01968696479592483,0.019686964500079517,0.01968696416510483,0.01968696386681303,0.019686963586366124,0.019686963295432732,0.01968696301671693
245,-1.295323362973139,1.7828596579601486,4.849454171562684e-13,0.0,0.0,0.0,0.02672905698171438,0.04195081291998278,0.0,0.0,0.0,0.007981126767735174,0.013549850917796443,0.01816304622501736,0.019608061970588727,0.021410465456454097,0.020379838101710998,0.019985979364863734,0.02044377505702758,0.020106666990749106,0.020027864605807803,0.019790588498805956,0.019241476828641406,0.01862296102696853,0.01738998129780698,0.018021245226493836,0.018039454040555746,0.0179021824523205,0.01782224115352957,0.017749047749333877,0.01769278086432572,0.017733021795066056,0.017841728281075823,0.018540042655957784,0.0181398141555477,0.018138351273405868,0.018128782670327387,0.01817030605407737,0.018407122980507427,0.018880186432978337,0.018901349646714572,0.01901291252166775,0.01906118433096671,0.019133143370863605,0.019180456237806398,0.019256835446548666,0.019242150812496212,0.019233484292488424,0.019221438318598818,0.019211797048606222,0.019205586305550814,0.019178662957596068,0.019053652801807104,0.01893346630633025,0.018947828414511998,0.01895207565255015,0.018955228191327746,0.01895787166832034,0.0189565453522412,0.018939642497808516,0.018849706070201443,0.018768201301051494,0.01876330527114308,0.018772916012505823,0.01878174907774861,0.0187234589017663,0.018728950436004903,0.018665873118420634,0.018665873101864933,0.01866587307035975,0.018665873048336275,0.01866587301034694,0.018665872988959595,0.018665872962701956,0.018665872908995094,0.01866587289583662,0.018665872821487944,0.018665872746941307,0.01866587268492673,0.018665872581239123,0.018665872514411826,0.018665872417832435,0.018665872343120456,0.018665872218478635,0.018665872085413697,0.018665871979680518,0.018665871800954748,0.01866587166430796,0.018665871572261093,0.018665871442393615,0.018665871331301348,0.018665871214290197,0.018665871057826144,0.018665870947910668,0.018665870821375895,0.018665870719045196,0.01866587058524752,0.01866587045494311,0.0186658703139759,0.018665870152832307,0.018665870032581022,0.018665869900541913,0.018665869780686888,0.01866586966464152
246,-1.445780724212563,1.6631804689032446,3.008704396734174e-14,0.0,0.0,0.0,0.015906916282814917,0.028066126324103352,0.0,0.021246210454465522,0.011071727478984533,0.02042423686218416,0.023609409474481393,0.023124668952178056,0.019281633204083725,0.018613095137796132,0.017731508648096875,0.01711795670603506,0.017262357141251794,0.016895467671019265,0.016759024185708075,0.016495965928611918,0.01629419530876472,0.01634257572003901,0.015788057899805835,0.016125850284610145,0.016136018633015985,0.015980256355030174,0.015856365859185845,0.015715517230264556,0.01558601889041617,0.015503975003078437,0.015417364477356612,0.01550576884308489,0.01538558903151815,0.015385116400508901,0.015383511499484866,0.01539828404261169,0.015490125473506575,0.015772537097175864,0.01574599273408003,0.015809658900982133,0.01584271033170962,0.01591694705889648,0.015987046583893928,0.0160587889824311,0.016064644649747373,0.016077411034958782,0.016057521989107582,0.0160419738507299,0.01603542217175173,0.016025112981545866,0.015962453524112415,0.015923541140275457,0.015939235072512967,0.015945271300616532,0.015950603807813466,0.015957675654187424,0.015976390128079786,0.015982793488232925,0.015990317797882594,0.016002893912253235,0.01600625707577825,0.01602049092913072,0.01604091832683317,0.016050929869866424,0.016163863688006482,0.016138628131781897,0.016138628142732574,0.01613862820241648,0.01613862828307908,0.01613862841041327,0.016138628534683713,0.01613862869809281,0.016138628905563883,0.01613862908581888,0.016138629285053677,0.016138629495230133,0.016138629718902606,0.016138629974473778,0.016138630297801312,0.016138630523963065,0.016138630791009908,0.01613863108699292,0.016138631353851747,0.016138631637643834,0.016138631932481298,0.016138632181348946,0.01613863252090094,0.016138632788664432,0.016138633058895117,0.01613863336981244,0.016138633648283263,0.016138634000339803,0.01613863423769727,0.016138634534585555,0.016138634831404413,0.016138635115576776,0.016138635383627524,0.01613863568490697,0.01613863601173254,0.016138636252446433,0.01613863656824728,0.016138636843196764
247,0.0,0.0,1.7263968032921184e-14,0.0,0.0,0.0,0.013780102606594503,0.02532021708645245,0.0,0.02318046387194738,0.01192262544283208,0.021085491345833332,0.023689007250655026,0.022219093252790985,0.017561207776635255,0.01678375809123811,0.016123120544152048,0.01573276260216854,0.016105272769055715,0.01572416442977083,0.015609451915727811,0.015435097924810645,0.015405751478484574,0.015744286614660423,0.015456152864147421,0.015696619427942572,0.015727845843899652,0.015711200262742083,0.015791679708172825,0.01569742627445772,0.015662585301501084,0.015691136631196843,0.015788007572144047,0.01613833858334702,0.01599662295450244,0.015995474621208587,0.015986740241519134,0.015999069509219824,0.016079415348834374,0.016397166532739666,0.01638914035205405,0.016461200667940535,0.016444215403170835,0.016460737335921558,0.016420810085996152,0.016425238721101732,0.01635683537751416,0.016288939731283474,0.016278197890169016,0.01627540987361448,0.016262098717807975,0.016241868094245594,0.016194222117851754,0.01610415355298931,0.01611745819238463,0.016123723493239792,0.016128545448286,0.01613345372487153,0.016144814230361,0.016148202542762346,0.016164881829568902,0.01618086198992886,0.016185427017094956,0.01620373330520956,0.01622621732857273,0.01623002514242518,0.01630763623558902,0.0162739269806857,0.016273926968915265,0.01627392695212025,0.016273926924872447,0.016273926893520838,0.016273926851249735,0.016273926805410205,0.016273926719470207,0.016273926647097713,0.01627392654821865,0.01627392645705492,0.016273926347843835,0.01627392622190068,0.016273926104934052,0.01627392598281489,0.016273925863584532,0.01627392568061984,0.0162739255043653,0.01627392534188752,0.01627392507966899,0.016273924884514384,0.016273924718037368,0.016273924522980807,0.01627392434928533,0.016273924134234105,0.016273923893475307,0.016273923704734593,0.01627392350808389,0.016273923313896686,0.016273923081796524,0.016273922865083223,0.016273922627505842,0.016273922362396838,0.0162739221282224,0.016273921896849973,0.016273921665332133,0.016273921429564738
248,-1.4745870263273209,1.6376948056438874,1.7263968032921184e-14,0.0,0.0,0.0,0.013780102606594503,0.02532021708645245,0.0,0.02318046387194738,0.01192262544283208,0.021085491345833332,0.023689007250655026,0.022219093252790985,0.017561207776635255,0.01678375809123811,0.016123120544152048,0.01573276260216854,0.016105272769055715,0.01572416442977083,0.015609451915727811,0.015435097924810645,0.015405751478484574,0.015744286614660423,0.015456152864147421,0.015696619427942572,0.015727845843899652,0.015711200262742083,0.015791679708172825,0.01569742627445772,0.015662585301501084,0.015691136631196843,0.015788007572144047,0.01613833858334702,0.01599662295450244,0.015995474621208587,0.015986740241519134,0.015999069509219824,0.016079415348834374,0.016397166532739666,0.01638914035205405,0.016461200667940535,0.016444215403170835,0.016460737335921558,0.016420810085996152,0.016425238721101732,0.01635683537751416,0.016288939731283474,0.016278197890169016,0.01627540987361448,0.016262098717807975,0.016241868094245594,0.016194222117851754,0.01610415355298931,0.01611745819238463,0.016123723493239792,0.016128545448286,0.01613345372487153,0.016144814230361,0.016148202542762346,0.016164881829568902,0.01618086198992886,0.016185427017094956,0.01620373330520956,0.01622621732857273,0.01623002514242518,0.01630763623558902,0.0162739269806857,0.016273926968915265,0.01627392695212025,0.016273926924872447,0.016273926893520838,0.016273926851249735,0.016273926805410205,0.016273926719470207,0.016273926647097713,0.01627392654821865,0.01627392645705492,0.016273926347843835,0.01627392622190068,0.016273926104934052,0.01627392598281489,0.016273925863584532,0.01627392568061984,0.0162739255043653,0.01627392534188752,0.01627392507966899,0.016273924884514384,0.016273924718037368,0.016273924522980807,0.01627392434928533,0.016273924134234105,0.016273923893475307,0.016273923704734593,0.01627392350808389,0.016273923313896686,0.016273923081796524,0.016273922865083223,0.016273922627505842,0.016273922362396838,0.0162739221282224,0.016273921896849973,0.016273921665332133,0.016273921429564738
249,-1.5029441549492135,1.6117102846820253,9.880984919163893e-15,0.0,0.0,0.0,0.011664252344251341,0.022578266942707342,0.0,0.02500975505140966,0.012799259098576198,0.021788805149473317,0.023884225389389228,0.021584895313298363,0.016359259442348062,0.01566047121554076,0.015259177797967321,0.01512844023697333,0.015727302685314585,0.015334645042382952,0.015233716420843481,0.015121876809477994,0.015196397265365053,0.015663785876224266,0.015414871633479647,0.015632226614399638,0.015653465205236614,0.01561713766193825,0.01569075940481346,0.015595067693602284,0.015570792708264515,0.015604349855335629,0.01569537065142143,0.015963098538133942,0.01585770591877901,0.015854318450007687,0.015822957182816802,0.01581667655301639,0.015726814344399893,0.015877018171166695,0.015807318236095422,0.01578562080261948,0.015693160922619798,0.01565044913232754,0.015535921195616394,0.015484939824938511,0.015398000418418342,0.01532522911601086,0.015322947674504844,0.015335032492006578,0.015335481303326697,0.01534339912372545,0.015382165742198193,0.015299564319203575,0.015310792749043711,0.015316821915390194,0.015320210296922992,0.015320707782634979,0.015316375395365452,0.015314820493256349,0.015350269223518787,0.015381154154067662,0.015389637504374215,0.01540903702787126,0.015428638370826638,0.015428676681461272,0.015487033308839847,0.01545458740218942,0.01545458737985144,0.01545458734131865,0.015454587278912812,0.015454587215032048,0.015454587134939484,0.015454587060951737,0.015454586944987764,0.015454586850618946,0.015454586734980204,0.015454586635883678,0.015454586535885951,0.015454586425130047,0.015454586345173407,0.0154545862473344,0.015454586180379875,0.015454586066150846,0.015454585964155516,0.015454585877381778,0.015454585733757964,0.015454585624823618,0.015454585554552439,0.015454585451265474,0.015454585373916972,0.01545458528023412,0.01545458515860348,0.015454585093998802,0.015454584995394129,0.015454584919803735,0.015454584815442539,0.015454584732998366,0.015454584626189616,0.015454584504903234,0.015454584421284124,0.015454584313874751,0.015454584223291195,0.01545458412722785
250,-1.5308434722221622,1.5852348211544605,5.662137425588298e-15,0.0,0.0,0.0,0.009559041289494155,0.019837328597983223,0.0,0.026744286212074305,0.013659917166019272,0.022487503945811685,0.02412322603066326,0.021093459680561782,0.015431538417865693,0.014857815796114213,0.014691336708758954,0.014769718500212541,0.015495553743651082,0.015096811958322097,0.014990554831071414,0.014885017659750761,0.014969173877041733,0.01540322445212195,0.015037075638013965,0.015293991670653357,0.015296905162119455,0.015183944835898409,0.015183050308908725,0.015071738228134766,0.015031004714575049,0.015045451931839765,0.015097474775441693,0.015289829058758194,0.015191271778945067,0.015187044957595777,0.015147055108638827,0.015135633318000134,0.014984250254333852,0.015072850326033786,0.014979884236751955,0.014932856239703328,0.014846500887552464,0.014821740294690472,0.014766550151436403,0.014770311981087938,0.014776815979119399,0.014832239527831017,0.01483830759829932,0.01485675344472166,0.014888409409642837,0.014939932859842861,0.015036638873329993,0.015019090438712475,0.015032099002233483,0.01503738890817002,0.01503984256292505,0.015038565684836202,0.015026974308315734,0.01502223225570642,0.015053167383779674,0.015080319727136403,0.015087553310020232,0.015095725518599076,0.015100045113487831,0.015069174416202901,0.015091279956207133,0.01506375244689588,0.015063752424858214,0.015063752390548135,0.015063752331150402,0.015063752280243094,0.015063752213688547,0.015063752154888454,0.01506375207085407,0.015063752011026336,0.015063751914044927,0.015063751840586344,0.015063751772508942,0.015063751702826464,0.015063751675909912,0.015063751615876763,0.01506375159344772,0.015063751534591904,0.01506375148294919,0.015063751446641403,0.015063751364618799,0.015063751307908258,0.015063751293211282,0.01506375124329224,0.015063751218352123,0.015063751180875742,0.015063751117845506,0.015063751120029,0.015063751074422217,0.01506375105513868,0.015063751012542379,0.015063750986048913,0.015063750936837228,0.015063750883272276,0.01506375086619292,0.015063750815955616,0.015063750791767578,0.015063750752999754
251,-1.558276479743858,1.558276479743858,3.2751579226442118e-15,0.0,0.0,0.0,0.0074642502408304,0.01709359549139773,0.0,0.028393399883181125,0.01447665014664542,0.023150651746477846,0.024358197873595677,0.020660029117261385,0.014625093431146742,0.014155014350779638,0.014179617709653411,0.014398289558812078,0.015152194899423937,0.014752629352814359,0.014626919204786759,0.014487219343219011,0.014528626773573264,0.014876440955208717,0.014391509393075052,0.014701166320339526,0.01469836087942619,0.014552898346455376,0.014524515936005131,0.014408218749427696,0.014361801556074605,0.014375689890703239,0.014427036481910026,0.014646352110987072,0.014525598008504321,0.014521544192899615,0.01448296755075336,0.014475525065935968,0.014345769063887652,0.01446413045869135,0.014381411237064372,0.014355273935355253,0.014300194989729969,0.014307917320430375,0.014316493788012617,0.01437180848946231,0.01442953705135045,0.014528871745558797,0.014531609727261207,0.014537917510855017,0.014562246218989832,0.014597859169960729,0.014637540535296194,0.014602810947526693,0.014619348512321101,0.01462407864530914,0.014626657070775047,0.01462672029780409,0.014617289223405923,0.014605420194465642,0.014581162711438235,0.014554251652933307,0.014552135786546697,0.014548379815662236,0.014539846921448638,0.014479019260268728,0.014482387944237243,0.014445598897950255,0.014445598886791977,0.01444559888063915,0.01444559887171033,0.014445598878552986,0.014445598884850721,0.014445598898774666,0.014445598921272331,0.014445598962281639,0.014445598953488842,0.014445598963050626,0.014445598972138938,0.014445598990006168,0.014445599062376049,0.014445599075932378,0.014445599122275348,0.014445599147763477,0.014445599167164367,0.01444559920312346,0.014445599199848792,0.014445599212753447,0.01444559927451224,0.014445599295772214,0.014445599338662707,0.01444559937222713,0.014445599383243047,0.014445599470598635,0.01444559949275866,0.014445599544060207,0.014445599579196701,0.014445599620981166,0.014445599643143575,0.014445599674816404,0.014445599740668195,0.01444559976304488,0.014445599824186514,0.014445599858422597
252,-1.585234821154461,1.530843472222162,1.887379141862766e-15,0.0,0.0,0.0,0.005379730783170849,0.014341537966062613,0.0,0.029967894147666877,0.015244974968342774,0.023772733753687124,0.024576552071991026,0.02025673518220694,0.013886598422880734,0.013482450746104553,0.013658190599161407,0.013961353300982915,0.014677693360012256,0.014281226778922561,0.014129739675053515,0.013937939296405456,0.013924206958600987,0.014208459101490782,0.013680101058307517,0.014025148062821312,0.014032899696528517,0.013920254900043975,0.013924447705386922,0.013815157480422054,0.013774381336382858,0.013800531704182098,0.013875649953023305,0.014159231242107818,0.014018122470390438,0.014014403315657658,0.013978762911492554,0.013974437342958874,0.013868977288813523,0.014021832610748384,0.013952648554114126,0.01394611356805795,0.01390483037733033,0.013922646419847366,0.013942127704001796,0.013998267364866562,0.014032795171053825,0.014074396841525613,0.014067368971518737,0.014057812982567842,0.014053182296516899,0.014049557465363434,0.014026482368748384,0.013954107667857384,0.013971599638102555,0.013976631243237076,0.013980184411210869,0.013983030762119625,0.013983452070440733,0.013973150716940304,0.013931151990561158,0.013886322645938878,0.013880419107485688,0.013878088513428316,0.013876072222459488,0.013842794479148247,0.013892785418517196,0.013853953825375796,0.013853953828451879,0.01385395385948428,0.013853953906373442,0.013853953978942934,0.013853954055061471,0.013853954146359985,0.013853954269424817,0.01385395438888548,0.013853954486661078,0.013853954593637316,0.013853954686243354,0.013853954805368749,0.013853954984660683,0.013853955085893056,0.01385395521282584,0.013853955338736342,0.013853955450084703,0.013853955575432493,0.013853955674939973,0.013853955773080481,0.013853955930053063,0.013853956037789513,0.01385395616329744,0.013853956287841068,0.01385395639033091,0.013853956573484212,0.013853956671183955,0.013853956806517862,0.013853956931053877,0.013853957057135319,0.013853957162000784,0.013853957287144995,0.013853957441180722,0.013853957538138614,0.013853957687302973,0.013853957801253954
253,-1.445780724212563,1.6631804689032446,3.008704396734174e-14,0.0,0.0,0.0,0.015906916282814917,0.028066126324103352,0.0,0.021246210454465522,0.011071727478984533,0.02042423686218416,0.023609409474481393,0.023124668952178056,0.019281633204083725,0.018613095137796132,0.017731508648096875,0.01711795670603506,0.017262357141251794,0.016895467671019265,0.016759024185708075,0.016495965928611918,0.01629419530876472,0.01634257572003901,0.015788057899805835,0.016125850284610145,0.016136018633015985,0.015980256355030174,0.015856365859185845,0.015715517230264556,0.01558601889041617,0.015503975003078437,0.015417364477356612,0.01550576884308489,0.01538558903151815,0.015385116400508901,0.015383511499484866,0.01539828404261169,0.015490125473506575,0.015772537097175864,0.01574599273408003,0.015809658900982133,0.01584271033170962,0.01591694705889648,0.015987046583893928,0.0160587889824311,0.016064644649747373,0.016077411034958782,0.016057521989107582,0.0160419738507299,0.01603542217175173,0.016025112981545866,0.015962453524112415,0.015923541140275457,0.015939235072512967,0.015945271300616532,0.015950603807813466,0.015957675654187424,0.015976390128079786,0.015982793488232925,0.015990317797882594,0.016002893912253235,0.01600625707577825,0.01602049092913072,0.01604091832683317,0.016050929869866424,0.016163863688006482,0.016138628131781897,0.016138628142732574,0.01613862820241648,0.01613862828307908,0.01613862841041327,0.016138628534683713,0.01613862869809281,0.016138628905563883,0.01613862908581888,0.016138629285053677,0.016138629495230133,0.016138629718902606,0.016138629974473778,0.016138630297801312,0.016138630523963065,0.016138630791009908,0.01613863108699292,0.016138631353851747,0.016138631637643834,0.016138631932481298,0.016138632181348946,0.01613863252090094,0.016138632788664432,0.016138633058895117,0.01613863336981244,0.016138633648283263,0.016138634000339803,0.01613863423769727,0.016138634534585555,0.016138634831404413,0.016138635115576776,0.016138635383627524,0.01613863568490697,0.01613863601173254,0.016138636252446433,0.01613863656824728,0.016138636843196764
254,-1.6117102846820248,1.502944154949214,1.0547118733938987e-15,0.0,0.0,0.0,0.003305378352382179,0.011572770013732235,0.0,0.031482234347363025,0.0159792922236884,0.024368331379554756,0.02479201738854163,0.019895345406669436,0.01322633040627959,0.012857541076050864,0.013154357060246251,0.013503622643737818,0.014143394137553294,0.013752708162571303,0.013573145186186122,0.013322041936528903,0.013251960996448355,0.013496766399939516,0.012975717712611806,0.01334078884738973,0.013365788495135459,0.013309217020629234,0.013352563321847177,0.013249649088902688,0.013206825725881841,0.013232577189766174,0.013312300933294689,0.013613805480088247,0.013472058731303176,0.013468721796029965,0.01343640959125095,0.013432134391142712,0.013331225061723358,0.013488412112016018,0.013423225004814554,0.013420788651922764,0.01338105101719375,0.013397386942409063,0.013407361054171412,0.013444060594483533,0.013438634872762796,0.013414788533276543,0.013399494407320457,0.013381536101619497,0.01335882198075095,0.013339486424712185,0.01332015773056856,0.0132606672290858,0.013275888703775331,0.01328158838971011,0.01328601816445325,0.013290868619829687,0.013301276307056157,0.013301430588838854,0.013294492129873678,0.013284370275845631,0.013281338558741793,0.013284156344829622,0.01329319248045083,0.013299025829097647,0.013387711243560523,0.013359139173554427,0.013359139177551362,0.013359139202541401,0.013359139232579332,0.013359139280237124,0.013359139319787206,0.013359139368333071,0.013359139423458451,0.013359139469938518,0.0133591395152888,0.013359139567618214,0.01335913958986971,0.013359139637347616,0.013359139727260726,0.013359139763847738,0.013359139813168466,0.013359139845036332,0.013359139874867322,0.01335913991373499,0.013359139906897771,0.013359139918621102,0.01335913997592249,0.013359139992210228,0.013359140030945372,0.013359140051446502,0.013359140050913359,0.013359140122824372,0.013359140130236978,0.013359140166059488,0.013359140181435537,0.013359140207925625,0.013359140208214685,0.013359140213966713,0.013359140246953298,0.01335914024079445,0.013359140270774528,0.013359140275428328
255,0.0,0.0,5.2458037913538647e-14,0.0,0.0,0.0,0.018045162450529017,0.030818606637265194,0.0,0.019193211925266185,0.010278515351186157,0.019843097468338806,0.023710343064007298,0.02443103872204905,0.02180281371405521,0.02165972951744165,0.020727682874258427,0.020134398934495226,0.02035004750202049,0.019991840091452887,0.019877990409923354,0.019650704138444462,0.019451889667785736,0.01953117082438586,0.019008271265226206,0.01933823831477615,0.01935389171660117,0.01921027371514598,0.019030072223685655,0.018878353155535543,0.018706874985179707,0.018555190347344028,0.018330112623753607,0.018084389090505217,0.018061499026709994,0.018058280620878667,0.018029762387197702,0.018012005333571005,0.017846762522175166,0.017868528488967948,0.01776162661993276,0.01772770580630358,0.01770932397096963,0.017754990595199586,0.017795521680252707,0.01780896669807951,0.017779421531836915,0.01773393096308938,0.017703548835674227,0.017679990357598666,0.017653103417544964,0.017622082943288816,0.017524684897878,0.017413476647218894,0.017428763547424606,0.01743349865779904,0.017436894341249874,0.01743943628117259,0.0174366584151903,0.017418331127708967,0.01732300217627643,0.01723462069929828,0.01722318669031746,0.01721626292574795,0.017204108406813565,0.01709280238539355,0.0170538952015422,0.016994930585092195,0.01699493057450735,0.01699493056671807,0.01699493058055468,0.016994930602072744,0.016994930650565093,0.016994930706627553,0.016994930787255565,0.016994930901027126,0.01699493093413931,0.0169949309796249,0.01699493105081064,0.016994931105220788,0.016994931222784688,0.016994931265752192,0.01699493134554779,0.016994931408788525,0.01699493144898039,0.016994931516773792,0.016994931547948955,0.016994931587722577,0.016994931691138932,0.01699493174576968,0.016994931812719292,0.01699493188849806,0.016994931934836737,0.01699493205527412,0.016994932109546477,0.01699493219500746,0.016994932269301644,0.01699493233598262,0.016994932394356177,0.016994932466016546,0.016994932575111036,0.016994932636249013,0.016994932740803274,0.016994932816542692
256,0.0,0.0,6.106226635438361e-16,0.0,0.0,0.0,0.0012411127277991384,0.008775219115155648,0.0,0.032956107901813886,0.01671211816031645,0.02497130440628649,0.02504289892403557,0.019623472613782868,0.012710808522403541,0.01237458366733616,0.012778965043356665,0.01316082426350128,0.013715670743799759,0.013332186130015003,0.013125795124534408,0.012817281946172198,0.012694948558464926,0.012912880762567858,0.012411469827769838,0.012789697326523413,0.01282980315643907,0.012815420846577821,0.01286545656133771,0.012760176482222175,0.012697735254827067,0.01269867607413212,0.01274477716491753,0.01299200420693203,0.012869349083628794,0.012866635255601843,0.01283998651130289,0.012834850614241401,0.012731803408219557,0.012869930900416991,0.012800423602336703,0.012791186502393491,0.012754984102876314,0.012773981234702417,0.0127872339968882,0.012813735985261143,0.012789034838097568,0.01273660326154619,0.012715609402903418,0.012694374282210699,0.012668000640742262,0.012654186818700057,0.012670704994528836,0.012653673689069129,0.01266580757828247,0.012671799436329066,0.012676429667098447,0.012681696302796117,0.012696230792852183,0.012704786481577902,0.012730838736214427,0.012754201225935622,0.012753023088398487,0.012753677378913225,0.012762722655837588,0.012770893112200105,0.012844120469649759,0.012825520113082333,0.01282552010785479,0.012825520096547282,0.012825520068533642,0.01282552004184786,0.012825519997752827,0.012825519951482055,0.012825519876748088,0.012825519808955608,0.012825519733657425,0.012825519671305385,0.012825519578183724,0.01282551949748204,0.01282551944724687,0.01282551937248339,0.0128255193074092,0.01282551920108873,0.012825519110152657,0.0128255190261179,0.01282551887857011,0.012825518773434578,0.012825518696198444,0.012825518591310333,0.012825518517599131,0.01282551840822395,0.012825518278754307,0.012825518214446411,0.012825518111941952,0.012825518027590294,0.0128255179129515,0.01282551782289751,0.012825517702570096,0.012825517571102861,0.01282551747061074,0.012825517350831787,0.012825517247603406,0.01282551713239287
257,-1.1678020174437036,1.8688738915989587,4.482636484226532e-12,0.0,0.0,0.0,0.035687557008164075,0.0534527859195925,0.0,0.0,0.0,0.007316795220370986,0.011784509565164242,0.014046905461473413,0.011224678817108633,0.010216228479355395,0.008915523105077726,0.008716635564540174,0.010141196560943812,0.009716117647481865,0.00985056102285372,0.010205244431608466,0.010601274080084478,0.011704501488500605,0.012552619435127763,0.012356670155780987,0.012508700485957132,0.01315960061181656,0.013851365814176692,0.013951164925957072,0.014157567608553023,0.01442476503733791,0.014955512703709595,0.015981449661746343,0.01579471271893793,0.015793210758422663,0.015784065158134988,0.015794121045413174,0.0159480642080062,0.016464919007324007,0.01664975738029157,0.017016794414509588,0.017193683612893616,0.0173723277861642,0.01759687185124732,0.01782846773372153,0.018045802038494593,0.01839693266366156,0.018430388141385114,0.018468117384755817,0.01859183403271285,0.01876323601354373,0.018997866461710727,0.019312673411716018,0.019319121960574222,0.019323589692381724,0.019326392845413886,0.01932908026014104,0.019343138822490894,0.019380743231296675,0.01955928456930251,0.019754098453948838,0.019784235271802748,0.019805396327492453,0.01983921860900324,0.019928833750081986,0.020084298196702544,0.020122319939505487,0.02012231993917208,0.02012231997098064,0.020122319963576524,0.020122320024472378,0.020122320028505624,0.020122320087569374,0.020122320134260418,0.020122320147800354,0.020122320231972995,0.020122320347157396,0.020122320504575453,0.020122320694445778,0.020122320954663733,0.020122321144670517,0.020122321402525796,0.020122321701392155,0.020122321987747036,0.02012232229160805,0.02012232265097047,0.02012232292766906,0.02012232330602521,0.020122323606697787,0.020122323912490123,0.020122324306860062,0.020122324646036964,0.020122325030286818,0.0201223253038956,0.020122325674089503,0.020122326043555645,0.020122326397144952,0.02012232674161572,0.020122327113016456,0.020122327522704927,0.02012232783496226,0.02012232822650223,0.020122328606685922
258,-1.200240502276284,1.8482082976064669,2.5708324358220125e-12,0.0,0.0,0.0,0.033416633512560995,0.050528609415331514,0.0,0.0,0.0,0.007850389935846417,0.013054958814498687,0.016736344781278736,0.016283257522006035,0.017219994546374594,0.016481380030700304,0.016955700047055575,0.019059486630558155,0.018636029165984676,0.018854496314025235,0.019439463758610463,0.02009815346011689,0.021544508225461747,0.022368184940879682,0.022156101867497367,0.022263982362956992,0.02275271767981262,0.02320239897758217,0.02325090747584226,0.023382095323000545,0.023514340744088907,0.0237596921592302,0.024035110715420163,0.024065367976893928,0.02405722943694038,0.02398173766392764,0.02392129342067144,0.02346135743262429,0.02330966832536163,0.023231858122406347,0.023212999537293336,0.023090491333042324,0.023023747435626993,0.022858241997446207,0.022700368534177524,0.022511190512900053,0.022276456008292242,0.022263823362861007,0.022265449795948047,0.022224408957377168,0.02218565688193855,0.022158378720557308,0.021961145509741535,0.021965895888986536,0.02196922232934966,0.021968913660479095,0.0219616631305649,0.02192440462637384,0.02188768681791216,0.0217705821792865,0.021658322865691436,0.021650224047869877,0.021654784206573068,0.021651108523806913,0.021544212190378404,0.0214538829866814,0.021370544856056484,0.02137054480642324,0.021370544681902796,0.02137054454052793,0.021370544340157623,0.021370544161562727,0.021370543945117646,0.021370543633343373,0.021370543418208116,0.02137054306858776,0.0213705427169252,0.021370542355083743,0.02137054189152054,0.02137054141947967,0.021370540994698473,0.021370540545672428,0.021370539960887596,0.02137053939008148,0.021370538849089956,0.021370538115956853,0.02137053754146315,0.02137053695174688,0.02137053636454626,0.021370535809845933,0.021370535170662616,0.02137053449291847,0.021370533835922422,0.02137053327561627,0.02137053268040098,0.021370532015132532,0.021370531361733534,0.021370530703293342,0.021370529962800505,0.021370529264202465,0.021370528650069928,0.02137052797038497,0.021370527329318458
259,-1.2323133822248795,1.8269797214625285,1.4744316878534391e-12,0.0,0.0,0.0,0.03116759419166881,0.047639458035819565,0.0,0.0,0.0,0.008096138063612424,0.01367026225721479,0.018092817784245825,0.018868522785980595,0.020511781868818413,0.019752198488375734,0.020007487333091552,0.021549301967135503,0.021158694893067896,0.02125630706201072,0.021493170065240118,0.021547671042661178,0.021780245948873955,0.021150756844712983,0.02146173504735004,0.021430961046668563,0.02118134904462791,0.02083160494122944,0.02070171608922595,0.020554712957483817,0.02040376204869352,0.020171541460488558,0.019925706759306355,0.019863807757966617,0.019857140074006106,0.019796142942728894,0.019765826524423817,0.019408886284470364,0.01917422769443629,0.01897118938033514,0.018771291913791253,0.018648704931412356,0.0186092537660141,0.018548807524946385,0.018472885252326064,0.018402410063394825,0.018334462044423665,0.01831717292181388,0.018320239893919718,0.018326707879222342,0.018364858305387952,0.018484758945014085,0.018462254276437304,0.018468921613060647,0.018473601023000517,0.01847483951686738,0.018470657777199424,0.018450247522895227,0.018442969107668555,0.01847799930488514,0.018519992276761436,0.018538009331245782,0.018572302437302454,0.018610748489045356,0.0186791411553031,0.01883195943381467,0.01880585511947234,0.018805855117497328,0.018805855169113317,0.018805855231105475,0.018805855363913007,0.018805855480504664,0.018805855677386938,0.018805855923195985,0.018805856133664964,0.01880585642396098,0.018805856726059125,0.018805857075852556,0.01880585746797035,0.018805857972344187,0.01880585834269766,0.018805858795873556,0.018805859333662304,0.018805859833349144,0.01880586035599927,0.018805860980497725,0.018805861472421675,0.01880586209516613,0.01880586261769221,0.01880586313730591,0.018805863777856605,0.018805864361983334,0.01880586500467489,0.01880586548145258,0.018805866077942445,0.01880586668960669,0.01880586727717559,0.01880586785074805,0.018805868478464736,0.018805869136512415,0.01880586965411923,0.018805870286286067,0.01880587088622191
260,-1.2640108875795621,1.8051946295970824,8.456013667057505e-13,0.0,0.0,0.0,0.028938959389817238,0.04478157781501532,0.0,0.0,0.0,0.008119893077552981,0.013788660499876402,0.018468554519967387,0.01977007978171371,0.021560198752541507,0.02062736291089378,0.020478817658825168,0.02131965446503593,0.020962635073970892,0.020938607723387504,0.020838920113277485,0.02041149563452408,0.01986273252124652,0.018542308087909496,0.019158078635300283,0.019122548997921998,0.018773102707636408,0.01842137966675062,0.018294328916413215,0.018159661221148957,0.01809049455997932,0.018022941598276793,0.018408289849131072,0.018066717168040397,0.01806567907000769,0.018060606137627052,0.018102987976580432,0.018316440842011297,0.0186885724601411,0.018668990112048957,0.018730332124954847,0.018806676937731776,0.018921941887006914,0.019083090514651346,0.01924430225595763,0.019363214060227684,0.01954135208139291,0.019536162101628122,0.019534993081703037,0.019582056845017973,0.019637949029973643,0.01965291490229167,0.01970308811438408,0.019717354736551635,0.019721414027817314,0.01972422391649368,0.019726434580280783,0.01972710588797101,0.019724866161412898,0.01971368019326467,0.019714678776677572,0.019720280488942143,0.01972822975575489,0.019736596375015562,0.01970001980866381,0.019719057825064615,0.019686970444107808,0.019686970426423124,0.01968697039187913,0.01968697034024916,0.019686970279620956,0.019686970209595093,0.019686970126034053,0.019686969987752295,0.01968696988565008,0.01968696972456182,0.019686969572408845,0.019686969423807366,0.019686969233635356,0.019686969053826546,0.019686968877905126,0.019686968708581897,0.019686968466230186,0.019686968225245318,0.01968696800608869,0.01968696767726192,0.019686967423325413,0.019686967196714058,0.01968696694249527,0.019686966707586774,0.0196869664415458,0.01968696613717197,0.01968696586884063,0.019686965617109344,0.01968696537177979,0.019686965082458794,0.01968696479592483,0.019686964500079517,0.01968696416510483,0.01968696386681303,0.019686963586366124,0.019686963295432732,0.01968696301671693
261,-1.1350078088038584,1.8889702084998812,7.816136626814796e-12,0.0,0.0,0.0,0.03798146886031503,0.05641497179325638,0.06059824188300373,0.06162642543849987,0.044175992440365,0.05232013139914412,0.054485012518934006,0.05281455698549656,0.04502460988476777,0.040455303533494094,0.03840569875327421,0.03685062106760332,0.03623182039908075,0.03585712473468895,0.03564095589350063,0.035042440164379005,0.03405347305857994,0.032531358018828,0.03089395030111982,0.0315590576665799,0.03145581107427902,0.030678616706264348,0.029706648081291125,0.029401701004500014,0.02892481471370903,0.028463797507424133,0.02779205852224178,0.027230181788687566,0.027046696320534403,0.027043067881448498,0.027012619389770565,0.027025153827378183,0.02687588151902028,0.026509802197171455,0.026176881239392512,0.025729785672768395,0.02555127584876625,0.02546015339278005,0.02535217324813003,0.02518748558695,0.024958429846165874,0.024552953217054047,0.024485625212605715,0.0244166758749606,0.02427856708988201,0.024109715634310233,0.023917856885130612,0.02355207667464458,0.023563566631985673,0.023567088022245386,0.02356857921795037,0.023566711105092637,0.023544769501559596,0.023496054480076994,0.02327477433257739,0.02305337892056315,0.023022593574776828,0.023012259740113245,0.022998440581242546,0.022865357820988527,0.02277524396851426,0.02266680811953355,0.022666808091485333,0.022666808020272357,0.02266680798472917,0.022666807900307798,0.022666807876370643,0.022666807836778644,0.022666807772252023,0.022666807788694888,0.02266680768736747,0.022666807569016113,0.02266680745047446,0.0226668072492436,0.02266680709170549,0.022666806903668218,0.02266680670072059,0.022666806426562148,0.02266680613301386,0.022666805876467862,0.02266680549301853,0.022666805198443853,0.022666804927068383,0.022666804628878042,0.022666804352518083,0.02266680404476267,0.022666803689062497,0.0226668033635354,0.02266680307010889,0.02266680277954571,0.022666802440687216,0.022666802092138973,0.022666801742085376,0.022666801344667097,0.022666800982688983,0.02266680065322732,0.022666800303647674,0.022666799974202703
262,-1.295323362973139,1.7828596579601486,4.849454171562684e-13,0.0,0.0,0.0,0.02672905698171438,0.04195081291998278,0.0,0.0,0.0,0.007981126767735174,0.013549850917796443,0.01816304622501736,0.019608061970588727,0.021410465456454097,0.020379838101710998,0.019985979364863734,0.02044377505702758,0.020106666990749106,0.020027864605807803,0.019790588498805956,0.019241476828641406,0.01862296102696853,0.01738998129780698,0.018021245226493836,0.018039454040555746,0.0179021824523205,0.01782224115352957,0.017749047749333877,0.01769278086432572,0.017733021795066056,0.017841728281075823,0.018540042655957784,0.0181398141555477,0.018138351273405868,0.018128782670327387,0.01817030605407737,0.018407122980507427,0.018880186432978337,0.018901349646714572,0.01901291252166775,0.01906118433096671,0.019133143370863605,0.019180456237806398,0.019256835446548666,0.019242150812496212,0.019233484292488424,0.019221438318598818,0.019211797048606222,0.019205586305550814,0.019178662957596068,0.019053652801807104,0.01893346630633025,0.018947828414511998,0.01895207565255015,0.018955228191327746,0.01895787166832034,0.0189565453522412,0.018939642497808516,0.018849706070201443,0.018768201301051494,0.01876330527114308,0.018772916012505823,0.01878174907774861,0.0187234589017663,0.018728950436004903,0.018665873118420634,0.018665873101864933,0.01866587307035975,0.018665873048336275,0.01866587301034694,0.018665872988959595,0.018665872962701956,0.018665872908995094,0.01866587289583662,0.018665872821487944,0.018665872746941307,0.01866587268492673,0.018665872581239123,0.018665872514411826,0.018665872417832435,0.018665872343120456,0.018665872218478635,0.018665872085413697,0.018665871979680518,0.018665871800954748,0.01866587166430796,0.018665871572261093,0.018665871442393615,0.018665871331301348,0.018665871214290197,0.018665871057826144,0.018665870947910668,0.018665870821375895,0.018665870719045196,0.01866587058524752,0.01866587045494311,0.0186658703139759,0.018665870152832307,0.018665870032581022,0.018665869900541913,0.018665869780686888,0.01866586966464152
263,0.0,0.0,2.376315810792562e-11,0.0,0.0,0.0,0.04263993400798996,0.062459715093288785,0.0654341805933476,0.05419468686506002,0.02927384285573831,0.03775914825208703,0.03926383290335623,0.03646916134043316,0.027363562931864392,0.022733032985507322,0.021269082049024033,0.020676188352789747,0.02137705656513158,0.020967660538537176,0.020972490406712795,0.021012024043209593,0.021037692427290113,0.0214725291406253,0.022105912129765773,0.021972492123969792,0.022102446412422472,0.022600219983402798,0.023082918711630807,0.02312373848941491,0.02320609865488229,0.023353685702103298,0.023724474267238182,0.024630300698126814,0.024411731863351743,0.02441044680911234,0.024403709178489785,0.024421828528498377,0.024564209646781188,0.024868402540903944,0.02494251688429069,0.025091526795590652,0.025137380973818717,0.025188249299116346,0.025213553573100688,0.02524320358708196,0.02519699027258854,0.0251069215335058,0.02510293656264421,0.025090786106734816,0.025067752264165855,0.025036729761486822,0.02500852890683851,0.024938072842025063,0.024944332609565557,0.024947745461269447,0.02494953463507579,0.024950064853176766,0.024947241275221396,0.024938669411856542,0.024881125396846875,0.024829536376139844,0.024818503394326688,0.024810264960098916,0.024807268863437596,0.024745645870521152,0.024705241394052422,0.02465776517420616,0.02465776514181127,0.024657765040939528,0.024657764915744177,0.024657764735093443,0.024657764561928575,0.024657764352225643,0.02465776403585,0.024657763796977657,0.024657763460831733,0.024657763121484932,0.024657762761443654,0.02465776230910729,0.02465776184722981,0.024657761437149595,0.024657760989810144,0.024657760417447883,0.02465775986043131,0.024657759330825944,0.024657758615958817,0.02465775805079108,0.024657757470605703,0.024657756890207733,0.02465775634194845,0.024657755720631502,0.02465775505138514,0.02465775438862105,0.024657753828044485,0.024657753241682134,0.02465775258366421,0.024657751931919963,0.024657751278514828,0.024657750536662453,0.02465774983447691,0.024657749220151924,0.024657748538241722,0.024657747906770017
264,-1.1018678657903833,1.9084911267764297,1.3628487227634878e-11,0.0,0.0,0.0,0.040298942703923014,0.05941706822079817,0.06298274516908864,0.057179385057289984,0.035143616329389595,0.04339969948201408,0.04495659205916275,0.042163065674905305,0.03277885510813254,0.027299068862102704,0.025221244806292616,0.02368693685550926,0.02314855356165685,0.02276798878266548,0.0225755696407056,0.022054999737638137,0.021246575555884124,0.020167716881442227,0.019268919539571022,0.01969651660996069,0.019699387416336308,0.019456656590641146,0.019145935658973514,0.018996603569205697,0.018771545039922375,0.01862324988894281,0.01851911659415078,0.019006142277888684,0.018647849439744877,0.018649725171360102,0.018674353624390037,0.018739972667343084,0.019134325614731818,0.019495794483427507,0.019494768919184356,0.019538611912281584,0.019658068989695476,0.019798932557644332,0.020030184205171133,0.02023076202737323,0.020387457577178632,0.020571600072499863,0.020565972346339344,0.02055345679533917,0.020599386934580407,0.020668410547252367,0.020793639016635425,0.020973958407707917,0.02098394174234758,0.02098879191558398,0.020992983509912796,0.020999508351380633,0.02102566390559758,0.02105727660007894,0.021177630165975424,0.021308919197855415,0.021325190938136142,0.02134180017047862,0.02137761641579417,0.021483372383586868,0.02167845845236307,0.021702002906405386,0.021702002924599655,0.02170200300368631,0.021702003080570315,0.021702003235743447,0.02170200335561707,0.02170200355170529,0.021702003782222312,0.02170200395719743,0.021702004239417094,0.021702004537679297,0.021702004875029407,0.02170200526386212,0.021702005755953668,0.021702006125595225,0.02170200656158802,0.021702007086910183,0.021702007576374565,0.02170200808571275,0.021702008693618352,0.02170200916916236,0.021702009772990784,0.021702010276460706,0.021702010776164214,0.021702011401244965,0.021702011962353853,0.021702012568950033,0.021702013021764006,0.021702013598306258,0.021702014186739678,0.02170201474351843,0.02170201529180897,0.021702015886806692,0.02170201651072046,0.02170201700372844,0.021702017605714437,0.021702018186347604
265,0.0,0.0,2.781108676686017e-13,0.0,0.0,0.0,0.024536195233992027,0.039142950027239984,0.0,0.0,0.0,0.007710615689887421,0.013024356668033655,0.017322204769782863,0.018664265519445784,0.020495597564592762,0.0195053849407322,0.019104089480384508,0.01956297106665304,0.019229372424003646,0.01916321660409255,0.018984154387899375,0.018622145044310808,0.018443110817146162,0.01771998159553577,0.018176392333877554,0.018242799582982045,0.01833146581073204,0.018448443591404004,0.018402892077249183,0.018376400336997254,0.01841815059556228,0.01849665149844426,0.018884936131055092,0.018664416169037322,0.018658427965759422,0.01860348887638122,0.018586911849161867,0.018402955278100198,0.018505625802518064,0.018426142167142757,0.01840516671628588,0.018317249570803572,0.018279160852583246,0.018149722203568475,0.018054944120005682,0.017904631092678272,0.017747541761621324,0.0177351825755216,0.017742909258405732,0.01772918619609659,0.01772184517226513,0.01773147144995158,0.017621451300735093,0.01762864955607912,0.01763412291311068,0.017636688944434358,0.017635339622749244,0.017624206740258375,0.01761720511177231,0.017631980411754275,0.01765112389609708,0.017665873423874635,0.01770481118692339,0.017748285756625095,0.017810053167579557,0.017960842682825214,0.017921911586333113,0.017921911581783363,0.017921911617049247,0.017921911664292963,0.017921911758559245,0.017921911842421624,0.017921911984941533,0.017921912153124317,0.0179219122962682,0.017921912495361993,0.017921912699737832,0.017921912928332624,0.01792191318051739,0.01792191350992307,0.017921913743492147,0.017921914031505958,0.01792191435814999,0.017921914657765825,0.017921914976689112,0.017921915329885914,0.017921915613825314,0.017921915998611645,0.017921916303009697,0.017921916608898254,0.01792191698216881,0.017921917309610146,0.017921917692832284,0.017921917958375604,0.017921918303539404,0.017921918646315028,0.017921918977043285,0.01792191928960401,0.017921919629404134,0.017921919995130264,0.01792192026580927,0.017921920614738344,0.01792192093730458
266,-0.9313389642165324,1.9972628541025583,2.1965007590551977e-10,0.0,0.0,0.0,0.05221957395408507,0.07501045073883138,0.07587160944127681,0.04972531816272834,0.02057449543205823,0.030064849009469097,0.033013296142909654,0.03329006490013132,0.028829899825112942,0.027874465064138893,0.02734635187792842,0.02792579653377067,0.02946691063295392,0.02910573933941095,0.029166306201319905,0.02929100653875853,0.029033268290127465,0.028550578201074258,0.02788203076531185,0.028199795360008394,0.0281935977097591,0.028087270916588476,0.027889808513866264,0.027829932180724264,0.02774563534909608,0.027712194748960705,0.027756798531288502,0.028388904309449983,0.028024743521757278,0.028025384685774028,0.028038479276682206,0.028093023141863984,0.02836854860871099,0.028584589085023964,0.02855119106765131,0.028514153052536226,0.028540483337011483,0.028587570494080252,0.028666402147168167,0.028733283163962942,0.02873477052326275,0.028657071458695227,0.028641335500014572,0.028604934088098995,0.028559320216984273,0.028497517591113564,0.028446334524919126,0.028348250933290936,0.0283585435931354,0.028361693449641904,0.028363955962855576,0.028366605335057925,0.028370431684557464,0.028359158880532462,0.02827162712155257,0.028187486571558472,0.028168052157616072,0.028153203215467316,0.02815159029979409,0.028156620648100143,0.028231032793963055,0.02819127794167378,0.028191277951856632,0.028191277978391084,0.0281912780318064,0.028191278088501973,0.02819127816164027,0.02819127826416176,0.0281912783760102,0.02819127849250948,0.02819127863425631,0.02819127876144226,0.028191278895528114,0.02819127901810961,0.02819127923213344,0.028191279356644013,0.028191279499376342,0.028191279670955516,0.02819127980977215,0.02819127997901694,0.028191280157961768,0.028191280293829876,0.02819128050695077,0.028191280653427846,0.02819128080693042,0.028191281031146195,0.028191281189056568,0.02819128137395422,0.02819128149509705,0.028191281687257305,0.02819128186937454,0.028191282022977462,0.028191282180498888,0.02819128233527249,0.02819128252147517,0.028191282653968943,0.028191282832586134,0.02819128301974087
267,-0.9660541598731277,1.980704555161533,1.259721771340594e-10,0.0,0.0,0.0,0.049795127800195356,0.0718200764910112,0.07317512767371723,0.05025214987864565,0.02169755140840117,0.030965773781010814,0.0335070007513866,0.03295253863199976,0.027420240497831448,0.02597338278632088,0.025511998665551847,0.026221468138083487,0.028038628376406815,0.027647536069919525,0.02774968696895174,0.028007841282240025,0.027978226010146438,0.02783575855932931,0.027341756894902407,0.02755275838734749,0.02751247178013625,0.027282032979807334,0.026913337091540195,0.026807127071648208,0.026666053652403553,0.02654102452667814,0.02643852330590178,0.026712935595650925,0.026469254767863833,0.026469623628139875,0.026479876586234238,0.02652242404143068,0.026707401992725432,0.026811317017360795,0.02674645500320334,0.02668729340527204,0.02674099014347617,0.02683290691592624,0.027017463848961074,0.027159567061692088,0.02728397528734193,0.02738638737765767,0.027376142038730174,0.027349218178344167,0.027354790804491123,0.02737024395543498,0.027422085245562836,0.027460079852780518,0.02747069767882787,0.027473096909003816,0.02747425972486638,0.027474675822157575,0.0274708294095882,0.027461828355187633,0.027397583120639227,0.027341732621359274,0.02732563686090875,0.02729811670716762,0.027276882456344114,0.027218290091888534,0.027196718633141145,0.027166407337528054,0.027166407326970565,0.027166407287889115,0.02716640724012876,0.027166407168805324,0.02716640710397351,0.027166407029318794,0.02716640690641347,0.02716640683189081,0.027166406704724772,0.02716640657674042,0.027166406451591248,0.027166406276824363,0.027166406151183268,0.027166406003659594,0.027166405858198035,0.027166405668700166,0.027166405471777202,0.02716640530596408,0.02716640506757551,0.027166404873263432,0.02716640471139662,0.027166404517368608,0.027166404344959327,0.027166404181954203,0.027166403960831653,0.027166403760250767,0.027166403573089703,0.027166403414693514,0.027166403221412325,0.027166403015674762,0.027166402815603254,0.027166402576312722,0.027166402379439056,0.027166402192042707,0.02716640199961177,0.027166401836947504
268,-1.0004750860742482,1.96354291442549,7.224670861560867e-11,0.0,0.0,0.0,0.04738934403655396,0.0686631921373986,0.07053375661294503,0.05105024372635947,0.023263725845205446,0.032285759462616546,0.034415949582644476,0.033008602330082945,0.026271378293473355,0.024048579678138962,0.023500426555598128,0.02414744156495221,0.026079563449822887,0.025664587871961027,0.025803992944368113,0.02618738052331135,0.0264432091001416,0.02687034362518017,0.02695409654667379,0.026935722559992475,0.026922227162706473,0.026840511086094563,0.02658405426532292,0.026486416206128464,0.02635833511354288,0.026211493980671206,0.02605892734441262,0.025998513344092457,0.025943032565439672,0.02593984231543595,0.025914474135796887,0.025908688463401837,0.025747182114583444,0.025539982822419656,0.025395711888105174,0.02523863758942688,0.02520099139910399,0.025226072177407605,0.025313861144395763,0.025354668630270933,0.02542455002297926,0.025494050244763172,0.025488752202271793,0.025484057692969457,0.02551297580747057,0.025587128348672192,0.025809247108696285,0.02593217085783312,0.025936413487798765,0.025939628819956016,0.025939932642789272,0.025936254524668755,0.025922683971944763,0.025926861902166247,0.02598065907472682,0.026042085453881873,0.02604803089436201,0.02604526977483891,0.02605146129623021,0.026081987056845155,0.026154292241028436,0.026152630731926953,0.026152630720282184,0.026152630703710267,0.026152630658787274,0.026152630631360304,0.026152630577251576,0.0261526305488204,0.02615263047977644,0.026152630422111835,0.026152630381328406,0.026152630350621847,0.026152630327609155,0.02615263029006024,0.0261526303072503,0.026152630288857726,0.026152630286524287,0.0261526302736201,0.026152630251938442,0.026152630253076056,0.026152630220541796,0.026152630189027654,0.026152630212027947,0.026152630184683407,0.02615263017110013,0.026152630192085864,0.02615263015233846,0.026152630131606628,0.02615263008641169,0.026152630093019553,0.02615263007122157,0.026152630031732953,0.026152629990647668,0.026152629925091993,0.026152629891261554,0.02615262983636406,0.026152629800388755,0.026152629783076538
269,-1.0345912578723315,1.945783159496445,4.143441145743054e-11,0.0,0.0,0.0,0.04500378744446792,0.06554230397884123,0.06795207507000217,0.052274938379672294,0.02559488684837632,0.03434991964449498,0.036103135121407434,0.03388782012047321,0.025869504432334454,0.022529448623955506,0.021649665611631553,0.021881208033071576,0.023501459279635803,0.023078187291746946,0.023201353768576665,0.02356049502511321,0.023932978195329118,0.024772862969601236,0.02550719030445284,0.025281216712117353,0.0253556040906776,0.025671689362751344,0.02586206030511713,0.02584777812186852,0.02584392231994457,0.02583575063148557,0.0259107146291733,0.026086463135321255,0.026081076440640085,0.02607544184093792,0.026025505032989983,0.025990992854131385,0.025667162784356996,0.025407638361956305,0.025277890371261283,0.025134425503538466,0.025006668778631353,0.02493288266097042,0.024807306494728707,0.02466541150440185,0.02450545370566395,0.02426620559081892,0.024250711704617792,0.02424050952012384,0.02419504805906348,0.024167114101198033,0.02425613703068388,0.024154783161302165,0.02415589210964001,0.024159572183716466,0.024159750045508886,0.02415437131301024,0.024131450049529362,0.024117576240087677,0.024098757637303743,0.024081976066766934,0.024081204715697326,0.024091366304312554,0.024109400334332808,0.02413827261921552,0.024216963229209194,0.024178540233595672,0.024178540219365986,0.024178540206609152,0.024178540195484544,0.02417854020577852,0.02417854021641239,0.0241785402793339,0.024178540340275924,0.024178540410303196,0.024178540515873117,0.02417854062269936,0.0241785407564798,0.02417854088345863,0.02417854110779536,0.024178541243270277,0.02417854142463522,0.02417854164091939,0.024178541834068073,0.02417854205668499,0.024178542315423924,0.02417854251020766,0.024178542793989097,0.024178543005593987,0.02417854322844596,0.02417854353580249,0.024178543777339922,0.024178544050557818,0.0241785442385984,0.02417854451695368,0.02417854478661061,0.02417854503737371,0.024178545282694034,0.024178545536197936,0.02417854582625411,0.024178546040490946,0.02417854631563793,0.02417854659657026
270,-1.0683922831509556,1.9274307001677933,2.376315810792562e-11,0.0,0.0,0.0,0.04263993400798996,0.062459715093288785,0.0654341805933476,0.05419468686506002,0.02927384285573831,0.03775914825208703,0.03926383290335623,0.03646916134043316,0.027363562931864392,0.022733032985507322,0.021269082049024033,0.020676188352789747,0.02137705656513158,0.020967660538537176,0.020972490406712795,0.021012024043209593,0.021037692427290113,0.0214725291406253,0.022105912129765773,0.021972492123969792,0.022102446412422472,0.022600219983402798,0.023082918711630807,0.02312373848941491,0.02320609865488229,0.023353685702103298,0.023724474267238182,0.024630300698126814,0.024411731863351743,0.02441044680911234,0.024403709178489785,0.024421828528498377,0.024564209646781188,0.024868402540903944,0.02494251688429069,0.025091526795590652,0.025137380973818717,0.025188249299116346,0.025213553573100688,0.02524320358708196,0.02519699027258854,0.0251069215335058,0.02510293656264421,0.025090786106734816,0.025067752264165855,0.025036729761486822,0.02500852890683851,0.024938072842025063,0.024944332609565557,0.024947745461269447,0.02494953463507579,0.024950064853176766,0.024947241275221396,0.024938669411856542,0.024881125396846875,0.024829536376139844,0.024818503394326688,0.024810264960098916,0.024807268863437596,0.024745645870521152,0.024705241394052422,0.02465776517420616,0.02465776514181127,0.024657765040939528,0.024657764915744177,0.024657764735093443,0.024657764561928575,0.024657764352225643,0.02465776403585,0.024657763796977657,0.024657763460831733,0.024657763121484932,0.024657762761443654,0.02465776230910729,0.02465776184722981,0.024657761437149595,0.024657760989810144,0.024657760417447883,0.02465775986043131,0.024657759330825944,0.024657758615958817,0.02465775805079108,0.024657757470605703,0.024657756890207733,0.02465775634194845,0.024657755720631502,0.02465775505138514,0.02465775438862105,0.024657753828044485,0.024657753241682134,0.02465775258366421,0.024657751931919963,0.024657751278514828,0.024657750536662453,0.02465774983447691,0.024657749220151924,0.024657748538241722,0.024657747906770017
271,-0.8963400736893542,2.013212767430304,3.8299058369162253e-10,0.0,0.0,0.0,0.05466125633705345,0.07823206000009542,0.07861907722307519,0.04937623262300456,0.0197091553027816,0.029399343657636353,0.032736952128401,0.033802973533978875,0.0302939630083026,0.029638953211858138,0.02896802512044493,0.029343172189990323,0.030603580692091188,0.030272029579937843,0.030308052989676808,0.03034970044726848,0.02998463948791061,0.029417755497498244,0.028876010913540584,0.02918281236911792,0.029227489029360523,0.029326375236367507,0.02933755340577297,0.029321644740147073,0.029278476474218273,0.029292256087861453,0.029393100186463926,0.03006712882861379,0.02971923959573453,0.029717811876484368,0.029710442630776417,0.029742176393425763,0.029857713107639475,0.029943995156773488,0.029881321507200173,0.02979831917927624,0.029758726571986176,0.029743836496791635,0.029714679806303254,0.029691115461141223,0.029617425986333826,0.029461752577030542,0.02945231831020904,0.029430818609453048,0.02938674208064031,0.02934145045595253,0.029387788426914672,0.029315487223938914,0.029320957956186475,0.02932510110449338,0.02932740787494659,0.029328711226501547,0.02933237003850898,0.029334167203730218,0.0293367179030389,0.02933852681358353,0.02933119870817407,0.02933133351127988,0.029349357981048322,0.029427588405580508,0.029573673543977164,0.02955621610495892,0.02955621611325187,0.029556216138712246,0.02955621616852937,0.029556216203544355,0.02955621622809608,0.02955621628293724,0.02955621631402257,0.029556216333728985,0.029556216418484587,0.029556216489470898,0.029556216548382357,0.029556216597823717,0.02955621671000496,0.02955621676862051,0.029556216825880246,0.0295562168929584,0.029556216940223957,0.02955621700984882,0.02955621705910158,0.029556217090953404,0.029556217184741686,0.029556217219967526,0.029556217261043623,0.02955621735177493,0.029556217376546307,0.02955621741333328,0.029556217416597724,0.029556217472149978,0.02955621750644962,0.02955621751671522,0.029556217529347627,0.029556217517004487,0.029556217528563328,0.02955621751309854,0.02955621751996021,0.02955621754525244
272,-1.1018678657903833,1.9084911267764297,1.3628487227634878e-11,0.0,0.0,0.0,0.040298942703923014,0.05941706822079817,0.06298274516908864,0.057179385057289984,0.035143616329389595,0.04339969948201408,0.04495659205916275,0.042163065674905305,0.03277885510813254,0.027299068862102704,0.025221244806292616,0.02368693685550926,0.02314855356165685,0.02276798878266548,0.0225755696407056,0.022054999737638137,0.021246575555884124,0.020167716881442227,0.019268919539571022,0.01969651660996069,0.019699387416336308,0.019456656590641146,0.019145935658973514,0.018996603569205697,0.018771545039922375,0.01862324988894281,0.01851911659415078,0.019006142277888684,0.018647849439744877,0.018649725171360102,0.018674353624390037,0.018739972667343084,0.019134325614731818,0.019495794483427507,0.019494768919184356,0.019538611912281584,0.019658068989695476,0.019798932557644332,0.020030184205171133,0.02023076202737323,0.020387457577178632,0.020571600072499863,0.020565972346339344,0.02055345679533917,0.020599386934580407,0.020668410547252367,0.020793639016635425,0.020973958407707917,0.02098394174234758,0.02098879191558398,0.020992983509912796,0.020999508351380633,0.02102566390559758,0.02105727660007894,0.021177630165975424,0.021308919197855415,0.021325190938136142,0.02134180017047862,0.02137761641579417,0.021483372383586868,0.02167845845236307,0.021702002906405386,0.021702002924599655,0.02170200300368631,0.021702003080570315,0.021702003235743447,0.02170200335561707,0.02170200355170529,0.021702003782222312,0.02170200395719743,0.021702004239417094,0.021702004537679297,0.021702004875029407,0.02170200526386212,0.021702005755953668,0.021702006125595225,0.02170200656158802,0.021702007086910183,0.021702007576374565,0.02170200808571275,0.021702008693618352,0.02170200916916236,0.021702009772990784,0.021702010276460706,0.021702010776164214,0.021702011401244965,0.021702011962353853,0.021702012568950033,0.021702013021764006,0.021702013598306258,0.021702014186739678,0.02170201474351843,0.02170201529180897,0.021702015886806692,0.02170201651072046,0.02170201700372844,0.021702017605714437,0.021702018186347604
273,0.0,0.0,6.67797539488646e-10,0.0,0.0,0.0,0.05711907975829776,0.08148328400761212,0.08141464311617455,0.04914892434654148,0.018994240336710842,0.02886484938921308,0.032569133889669255,0.03437963643197335,0.031728659151236314,0.03126054941538212,0.030418931265751584,0.03057913780465496,0.03161433400971287,0.031309236400465464,0.031340534179411295,0.03135507735822208,0.030982602417306833,0.030480462573831062,0.030173321228803694,0.030406013027558642,0.030485956992822527,0.030729560296302163,0.030851617994927805,0.030850955383691384,0.030805412235361162,0.03079911728316777,0.030845584500089455,0.031315035076468344,0.03106296051030218,0.031060180580959024,0.03103948149976051,0.03104470853886151,0.030988337150207806,0.030910583091791632,0.030818676493593704,0.030709904410752636,0.030658946960664953,0.030644060097780257,0.030630036271418474,0.030608216635754602,0.030582636288550895,0.030509590094914246,0.030509059630373404,0.03050119847727902,0.03048938972774887,0.030498969583221586,0.030656118788461046,0.030681889603481262,0.030685675561324725,0.030689764521602696,0.030691427425593807,0.03069091830868808,0.030690364594616288,0.0306993528290037,0.030750764754978552,0.030801517902608443,0.030796318782325437,0.030783592605653186,0.030784347668645077,0.030819463762910466,0.030890745207713247,0.03089076208938887,0.030890762080306673,0.03089076204800945,0.030890761983834412,0.030890761898490247,0.030890761790170435,0.03089076168013268,0.0308907614916452,0.030890761327401386,0.030890761175399815,0.030890761024103968,0.03089076086519142,0.030890760664084586,0.030890760496564456,0.03089076033168708,0.030890760160067542,0.030890759944819917,0.030890759734212212,0.030890759547073994,0.030890759291949035,0.03089075907691867,0.030890758889831005,0.03089075867291415,0.03089075847216947,0.03089075828480745,0.030890758036606288,0.030890757794386773,0.030890757576817827,0.030890757377293455,0.030890757144147775,0.030890756900390625,0.030890756665627118,0.03089075637806126,0.030890756126715085,0.030890755892558006,0.030890755640291263,0.030890755423901635
274,0.0,0.0,7.816136626814796e-12,0.0,0.0,0.0,0.03798146886031503,0.05641497179325638,0.06059824188300373,0.06162642543849987,0.044175992440365,0.05232013139914412,0.054485012518934006,0.05281455698549656,0.04502460988476777,0.040455303533494094,0.03840569875327421,0.03685062106760332,0.03623182039908075,0.03585712473468895,0.03564095589350063,0.035042440164379005,0.03405347305857994,0.032531358018828,0.03089395030111982,0.0315590576665799,0.03145581107427902,0.030678616706264348,0.029706648081291125,0.029401701004500014,0.02892481471370903,0.028463797507424133,0.02779205852224178,0.027230181788687566,0.027046696320534403,0.027043067881448498,0.027012619389770565,0.027025153827378183,0.02687588151902028,0.026509802197171455,0.026176881239392512,0.025729785672768395,0.02555127584876625,0.02546015339278005,0.02535217324813003,0.02518748558695,0.024958429846165874,0.024552953217054047,0.024485625212605715,0.0244166758749606,0.02427856708988201,0.024109715634310233,0.023917856885130612,0.02355207667464458,0.023563566631985673,0.023567088022245386,0.02356857921795037,0.023566711105092637,0.023544769501559596,0.023496054480076994,0.02327477433257739,0.02305337892056315,0.023022593574776828,0.023012259740113245,0.022998440581242546,0.022865357820988527,0.02277524396851426,0.02266680811953355,0.022666808091485333,0.022666808020272357,0.02266680798472917,0.022666807900307798,0.022666807876370643,0.022666807836778644,0.022666807772252023,0.022666807788694888,0.02266680768736747,0.022666807569016113,0.02266680745047446,0.0226668072492436,0.02266680709170549,0.022666806903668218,0.02266680670072059,0.022666806426562148,0.02266680613301386,0.022666805876467862,0.02266680549301853,0.022666805198443853,0.022666804927068383,0.022666804628878042,0.022666804352518083,0.02266680404476267,0.022666803689062497,0.0226668033635354,0.02266680307010889,0.02266680277954571,0.022666802440687216,0.022666802092138973,0.022666801742085376,0.022666801344667097,0.022666800982688983,0.02266680065322732,0.022666800303647674,0.022666799974202703
275,-1.502944154949214,-1.6117102846820248,5.591448509201236e-06,0.0,5.0,0.36509020689872873,0.11166227723206956,0.027346951994432444,0.0,0.0,0.0,0.0,0.0,0.0,0.0,0.0,0.0,0.0,0.0,0.0,0.0,0.0,0.0,0.0,0.0,0.0,0.0,0.0,0.0,0.0,0.0,0.0,0.0,0.0,0.0,0.0,0.0,0.0,0.0,0.0,0.0,0.0,0.0,0.0,0.0,0.0,0.0,0.0,0.0,0.0,0.0,0.0,0.0,0.0,0.0,0.0,0.0,0.0,0.0,0.0,0.0,0.0,0.0,0.0,0.0,0.0,0.0,0.0,0.0,0.0,0.0,0.0,0.0,0.0,0.0,0.0,0.0,0.0,0.0,0.0,0.0,0.0,0.0,0.0,0.0,0.0,0.0,0.0,0.0,0.0,0.0,0.0,0.0,0.0,0.0,0.0,0.0,0.0,0.0,0.0,0.0,0.0,0.0,0.0
276,-1.4745870263273209,-1.6376948056438876,9.749450582297037e-06,0.0,5.0,0.39068110783699667,0.1285049484476101,0.04193271538750339,0.0,0.0,0.0,0.0,0.0,0.0,0.0,0.0,0.0,0.0,0.0,0.0,0.0,0.0,0.0,0.0,0.0,0.0,0.0,0.0,0.0,0.0,0.0,0.0,0.0,0.0,0.0,0.0,0.0,0.0,0.0,0.0,0.0,0.0,0.0,0.0,0.0,0.0,0.0,0.0,0.0,0.0,0.0,0.0,0.0,0.0,0.0,0.0,0.0,0.0,0.0,0.0,0.0,0.0,0.0,0.0,0.0,0.0,0.0,0.0,0.0,0.0,0.0,0.0,0.0,0.0,0.0,0.0,0.0,0.0,0.0,0.0,0.0,0.0,0.0,0.0,0.0,0.0,0.0,0.0,0.0,0.0,0.0,0.0,0.0,0.0,0.0,0.0,0.0,0.0,0.0,0.0,0.0,0.0,0.0,0.0
277,-1.4457807242125633,-1.6631804689032443,1.699946615774106e-05,0.0,5.0,0.4168321893793323,0.14589413440095966,0.057095356638778495,0.0,0.0,0.0,0.0,0.0,0.0,0.0,0.0,0.0,0.0,0.0,0.0,0.0,0.0,0.0,0.0,0.0,0.0,0.0,0.0,0.0,0.0,0.0,0.0,0.0,0.0,0.0,0.0,0.0,0.0,0.0,0.0,0.0,0.0,0.0,0.0,0.0,0.0,0.0,0.0,0.0,0.0,0.0,0.0,0.0,0.0,0.0,0.0,0.0,0.0,0.0,0.0,0.0,0.0,0.0,0.0,0.0,0.0,0.0,0.0,0.0,0.0,0.0,0.0,0.0,0.0,0.0,0.0,0.0,0.0,0.0,0.0,0.0,0.0,0.0,0.0,0.0,0.0,0.0,0.0,0.0,0.0,0.0,0.0,0.0,0.0,0.0,0.0,0.0,0.0,0.0,0.0,0.0,0.0,0.0,0.0
278,-1.530843472222162,-1.5852348211544607,3.206772365871302e-06,0.0,5.0,0.3400397822113819,0.09534183997278015,0.01330315088068421,0.0,0.0,0.0,0.0,0.0,0.0,0.0,0.0,0.0,0.0,0.0,0.0,0.0,0.0,0.0,0.0,0.0,0.0,0.0,0.0,0.0,0.0,0.0,0.0,0.0,0.0,0.0,0.0,0.0,0.0,0.0,0.0,0.0,0.0,0.0,0.0,0.0,0.0,0.0,0.0,0.0,0.0,0.0,0.0,0.0,0.0,0.0,0.0,0.0,0.0,0.0,0.0,0.0,0.0,0.0,0.0,0.0,0.0,0.0,0.0,0.0,0.0,0.0,0.0,0.0,0.0,0.0,0.0,0.0,0.0,0.0,0.0,0.0,0.0,0.0,0.0,0.0,0.0,0.0,0.0,0.0,0.0,0.0,0.0,0.0,0.0,0.0,0.0,0.0,0.0,0.0,0.0,0.0,0.0,0.0,0.0
279,-1.416534023283619,-1.6881595112801824,2.9640754441118133e-05,0.0,5.0,0.44356056639803887,0.16385123362787993,0.07286461876386603,0.0,0.0,0.0,0.0,0.0,0.0,0.0,0.0,0.0,0.0,0.0,0.0,0.0,0.0,0.0,0.0,0.0,0.0,0.0,0.0,0.0,0.0,0.0,0.0,0.0,0.0,0.0,0.0,0.0,0.0,0.0,0.0,0.0,0.0,0.0,0.0,0.0,0.0,0.0,0.0,0.0,0.0,0.0,0.0,0.0,0.0,0.0,0.0,0.0,0.0,0.0,0.0,0.0,0.0,0.0,0.0,0.0,0.0,0.0,0.0,0.0,0.0,0.0,0.0,0.0,0.0,0.0,0.0,0.0,0.0,0.0,0.0,0.0,0.0,0.0,0.0,0.0,0.0,0.0,0.0,0.0,0.0,0.0,0.0,0.0,0.0,0.0,0.0,0.0,0.0,0.0,0.0,0.0,0.0,0.0,0.0
280,0.0,0.0,1.8391269740458682e-06,0.0,5.0,0.31550853175922855,0.07951755498641688,0.0,0.0,0.0,0.0,0.0,0.0,0.0,0.0,0.0,0.0,0.0,0.0,0.0,0.0,0.0,0.0,0.0,0.0,0.0,0.0,0.0,0.0,0.0,0.0,0.0,0.0,0.0,0.0,0.0,0.0,0.0,0.0,0.0,0.0,0.0,0.0,0.0,0.0,0.0,0.0,0.0,0.0,0.0,0.0,0.0,0.0,0.0,0.0,0.0,0.0,0.0,0.0,0.0,0.0,0.0,0.0,0.0,0.0,0.0,0.0,0.0,0.0,0.0,0.0,0.0,0.0,0.0,0.0,0.0,0.0,0.0,0.0,0.0,0.0,0.0,0.0,0.0,0.0,0.0,0.0,0.0,0.0,0.0,0.0,0.0,0.0,0.0,0.0,0.0,0.0,0.0,0.0,0.0,0.0,0.0,0.0,0.0
281,-1.386855832368909,-1.712624323916416,5.168222261708877e-05,0.0,5.0,0.47087952977058045,0.18239337868956143,0.0892637837666513,0.0,0.0,0.0,0.0,0.0,0.0,0.0,0.0,0.0,0.0,0.0,0.0,0.0,0.0,0.0,0.0,0.0,0.0,0.0,0.0,0.0,0.0,0.0,0.0,0.0,0.0,0.0,0.0,0.0,0.0,0.0,0.0,0.0,0.0,0.0,0.0,0.0,0.0,0.0,0.0,0.0,0.0,0.0,0.0,0.0,0.0,0.0,0.0,0.0,0.0,0.0,0.0,0.0,0.0,0.0,0.0,0.0,0.0,0.0,0.0,0.0,0.0,0.0,0.0,0.0,0.0,0.0,0.0,0.0,0.0,0.0,0.0,0.0,0.0,0.0,0.0,0.0,0.0,0.0,0.0,0.0,0.0,0.0,0.0,0.0,0.0,0.0,0.0,0.0,0.0,0.0,0.0,0.0,0.0,0.0,0.0
282,0.0,0.0,9.011343654852233e-05,0.0,5.0,0.49879721975912605,0.2015318859457476,0.1063078192569728,0.0,0.0,0.0,0.0,0.0,0.0,0.0,0.0,0.0,0.0,0.0,0.0,0.0,0.0,0.0,0.0,0.0,0.0,0.0,0.0,0.0,0.0,0.0,0.0,0.0,0.0,0.0,0.0,0.0,0.0,0.0,0.0,0.0,0.0,0.0,0.0,0.0,0.0,0.0,0.0,0.0,0.0,0.0,0.0,0.0,0.0,0.0,0.0,0.0,0.0,0.0,0.0,0.0,0.0,0.0,0.0,0.0,0.0,0.0,0.0,0.0,0.0,0.0,0.0,0.0,0.0,0.0,0.0,0.0,0.0,0.0,0.0,0.0,0.0,0.0,0.0,0.0,0.0,0.0,0.0,0.0,0.0,0.0,0.0,0.0,0.0,0.0,0.0,0.0,0.0,0.0,0.0,0.0,0.0,0.0,0.0
283,-1.3567551917328837,-1.7365674545930216,9.011343654852233e-05,0.0,5.0,0.49879721975912605,0.2015318859457476,0.1063078192569728,0.0,0.0,0.0,0.0,0.0,0.0,0.0,0.0,0.0,0.0,0.0,0.0,0.0,0.0,0.0,0.0,0.0,0.0,0.0,0.0,0.0,0.0,0.0,0.0,0.0,0.0,0.0,0.0,0.0,0.0,0.0,0.0,0.0,0.0,0.0,0.0,0.0,0.0,0.0,0.0,0.0,0.0,0.0,0.0,0.0,0.0,0.0,0.0,0.0,0.0,0.0,0.0,0.0,0.0,0.0,0.0,0.0,0.0,0.0,0.0,0.0,0.0,0.0,0.0,0.0,0.0,0.0,0.0,0.0,0.0,0.0,0.0,0.0,0.0,0.0,0.0,0.0,0.0,0.0,0.0,0.0,0.0,0.0,0.0,0.0,0.0,0.0,0.0,0.0,0.0,0.0,0.0,0.0,0.0,0.0,0.0
284,-1.3262412703222757,-1.7599816100004502,0.00015712008892998508,0.0,5.0,0.527315635977619,0.22127097135361934,0.12400158513400641,0.0,0.0,0.0,0.0,0.0,0.0,0.0,0.0,0.0,0.0,0.0,0.0,0.0,0.0,0.0,0.0,0.0,0.0,0.0,0.0,0.0,0.0,0.0,0.0,0.0,0.0,0.0,0.0,0.0,0.0,0.0,0.0,0.0,0.0,0.0,0.0,0.0,0.0,0.0,0.0,0.0,0.0,0.0,0.0,0.0,0.0,0.0,0.0,0.0,0.0,0.0,0.0,0.0,0.0,0.0,0.0,0.0,0.0,0.0,0.0,0.0,0.0,0.0,0.0,0.0,0.0,0.0,0.0,0.0,0.0,0.0,0.0,0.0,0.0,0.0,0.0,0.0,0.0,0.0,0.0,0.0,0.0,0.0,0.0,0.0,0.0,0.0,0.0,0.0,0.0,0.0,0.0,0.0,0.0,0.0,0.0
285,-1.2953233629731395,-1.7828596579601483,0.00027394479970954677,0.0,5.0,0.5564308862465589,0.24160768143182196,0.14233937511582773,0.0,0.0,0.0,0.0,0.0,0.0,0.0,0.0,0.0,0.0,0.0,0.0,0.0,0.0,0.0,0.0,0.0,0.0,0.0,0.0,0.0,0.0,0.0,0.0,0.0,0.0,0.0,0.0,0.0,0.0,0.0,0.0,0.0,0.0,0.0,0.0,0.0,0.0,0.0,0.0,0.0,0.0,0.0,0.0,0.0,0.0,0.0,0.0,0.0,0.0,0.0,0.0,0.0,0.0,0.0,0.0,0.0,0.0,0.0,0.0,0.0,0.0,0.0,0.0,0.0,0.0,0.0,0.0,0.0,0.0,0.0,0.0,0.0,0.0,0.0,0.0,0.0,0.0,0.0,0.0,0.0,0.0,0.0,0.0,0.0,0.0,0.0,0.0,0.0,0.0,0.0,0.0,0.0,0.0,0.0,0.0
286,-1.2640108875795628,-1.8051946295970822,0.00047761234297383215,0.0,5.0,0.5861362932968575,0.2625347835923282,0.16130811773745088,0.0,0.0,0.0,0.0,0.0,0.0,0.0,0.0,0.0,0.0,0.0,0.0,0.0,0.0,0.0,0.0,0.0,0.0,0.0,0.0,0.0,0.0,0.0,0.0,0.0,0.0,0.0,0.0,0.0,0.0,0.0,0.0,0.0,0.0,0.0,0.0,0.0,0.0,0.0,0.0,0.0,0.0,0.0,0.0,0.0,0.0,0.0,0.0,0.0,0.0,0.0,0.0,0.0,0.0,0.0,0.0,0.0,0.0,0.0,0.0,0.0,0.0,0.0,0.0,0.0,0.0,0.0,0.0,0.0,0.0,0.0,0.0,0.0,0.0,0.0,0.0,0.0,0.0,0.0,0.0,0.0,0.0,0.0,0.0,0.0,0.0,0.0,0.0,0.0,0.0,0.0,0.0,0.0,0.0,0.0,0.0
287,-1.386855832368909,-1.712624323916416,5.168222261708877e-05,0.0,5.0,0.47087952977058045,0.18239337868956143,0.0892637837666513,0.0,0.0,0.0,0.0,0.0,0.0,0.0,0.0,0.0,0.0,0.0,0.0,0.0,0.0,0.0,0.0,0.0,0.0,0.0,0.0,0.0,0.0,0.0,0.0,0.0,0.0,0.0,0.0,0.0,0.0,0.0,0.0,0.0,0.0,0.0,0.0,0.0,0.0,0.0,0.0,0.0,0.0,0.0,0.0,0.0,0.0,0.0,0.0,0.0,0.0,0.0,0.0,0.0,0.0,0.0,0.0,0.0,0.0,0.0,0.0,0.0,0.0,0.0,0.0,0.0,0.0,0.0,0.0,0.0,0.0,0.0,0.0,0.0,0.0,0.0,0.0,0.0,0.0,0.0,0.0,0.0,0.0,0.0,0.0,0.0,0.0,0.0,0.0,0.0,0.0,0.0,0.0,0.0,0.0,0.0,0.0
288,-1.232313382224879,-1.8269797214625287,0.0008326359141452855,0.0,5.0,0.6164309396753024,0.2840494438108514,0.18089803044455366,0.046267773247894085,0.0,0.0,0.0,0.0,0.0,0.0,0.0,0.0,0.0,0.0,0.0,0.0,0.0,0.0,0.0,0.0,0.0,0.0,0.0,0.0,0.0,0.0,0.0,0.0,0.0,0.0,0.0,0.0,0.0,0.0,0.0,0.0,0.0,0.0,0.0,0.0,0.0,0.0,0.0,0.0,0.0,0.0,0.0,0.0,0.0,0.0,0.0,0.0,0.0,0.0,0.0,0.0,0.0,0.0,0.0,0.0,0.0,0.0,0.0,0.0,0.0,0.0,0.0,0.0,0.0,0.0,0.0,0.0,0.0,0.0,0.0,0.0,0.0,0.0,0.0,0.0,0.0,0.0,0.0,0.0,0.0,0.0,0.0,0.0,0.0,0.0,0.0,0.0,0.0,0.0,0.0,0.0,0.0,0.0,0.0
289,0.0,0.0,2.9640754441118133e-05,0.0,5.0,0.44356056639803887,0.16385123362787993,0.07286461876386603,0.0,0.0,0.0,0.0,0.0,0.0,0.0,0.0,0.0,0.0,0.0,0.0,0.0,0.0,0.0,0.0,0.0,0.0,0.0,0.0,0.0,0.0,0.0,0.0,0.0,0.0,0.0,0.0,0.0,0.0,0.0,0.0,0.0,0.0,0.0,0.0,0.0,0.0,0.0,0.0,0.0,0.0,0.0,0.0,0.0,0.0,0.0,0.0,0.0,0.0,0.0,0.0,0.0,0.0,0.0,0.0,0.0,0.0,0.0,0.0,0.0,0.0,0.0,0.0,0.0,0.0,0.0,0.0,0.0,0.0,0.0,0.0,0.0,0.0,0.0,0.0,0.0,0.0,0.0,0.0,0.0,0.0,0.0,0.0,0.0,0.0,0.0,0.0,0.0,0.0,0.0,0.0,0.0,0.0,0.0,0.0
290,-1.2002405022762836,-1.848208297606467,0.0014513675943019777,0.0,5.0,0.6473373471712623,0.30617180273858385,0.20112630131677986,0.06067546085933383,0.0,0.0,0.0,0.0,0.0,0.0,0.0,0.0,0.0,0.0,0.0,0.0,0.0,0.0,0.0,0.0,0.0,0.0,0.0,0.0,0.0,0.0,0.0,0.0,0.0,0.0,0.0,0.0,0.0,0.0,0.0,0.0,0.0,0.0,0.0,0.0,0.0,0.0,0.0,0.0,0.0,0.0,0.0,0.0,0.0,0.0,0.0,0.0,0.0,0.0,0.0,0.0,0.0,0.0,0.0,0.0,0.0,0.0,0.0,0.0,0.0,0.0,0.0,0.0,0.0,0.0,0.0,0.0,0.0,0.0,0.0,0.0,0.0,0.0,0.0,0.0,0.0,0.0,0.0,0.0,0.0,0.0,0.0,0.0,0.0,0.0,0.0,0.0,0.0,0.0,0.0,0.0,0.0,0.0,0.0
291,0.0,0.0,0.0025292970341296295,0.0,5.0,0.6789330558212966,0.3289788334661857,0.22208119888158434,0.07561210080197794,0.0,0.0,0.0,0.0,0.0,0.0,0.0,0.0,0.0,0.0,0.0,0.0,0.0,0.0,0.0,0.0,0.0,0.0,0.0,0.0,0.0,0.0,0.0,0.0,0.0,0.0,0.0,0.0,0.0,0.0,0.0,0.0,0.0,0.0,0.0,0.0,0.0,0.0,0.0,0.0,0.0,0.0,0.0,0.0,0.0,0.0,0.0,0.0,0.0,0.0,0.0,0.0,0.0,0.0,0.0,0.0,0.0,0.0,0.0,0.0,0.0,0.0,0.0,0.0,0.0,0.0,0.0,0.0,0.0,0.0,0.0,0.0,0.0,0.0,0.0,0.0,0.0,0.0,0.0,0.0,0.0,0.0,0.0,0.0,0.0,0.0,0.0,0.0,0.0,0.0,0.0,0.0,0.0,0.0,0.0
292,-1.1678020174437043,-1.8688738915989584,0.0025292970341296295,0.0,5.0,0.6789330558212966,0.3289788334661857,0.22208119888158434,0.07561210080197794,0.0,0.0,0.0,0.0,0.0,0.0,0.0,0.0,0.0,0.0,0.0,0.0,0.0,0.0,0.0,0.0,0.0,0.0,0.0,0.0,0.0,0.0,0.0,0.0,0.0,0.0,0.0,0.0,0.0,0.0,0.0,0.0,0.0,0.0,0.0,0.0,0.0,0.0,0.0,0.0,0.0,0.0,0.0,0.0,0.0,0.0,0.0,0.0,0.0,0.0,0.0,0.0,0.0,0.0,0.0,0.0,0.0,0.0,0.0,0.0,0.0,0.0,0.0,0.0,0.0,0.0,0.0,0.0,0.0,0.0,0.0,0.0,0.0,0.0,0.0,0.0,0.0,0.0,0.0,0.0,0.0,0.0,0.0,0.0,0.0,0.0,0.0,0.0,0.0,0.0,0.0,0.0,0.0,0.0,0.0
293,-1.135007808803859,-1.8889702084998807,0.004406038755858432,0.0,5.0,0.7114016488704403,0.35265988008241517,0.2439955800213601,0.09136817305398967,0.0,0.0,0.0,0.0,0.0,0.0,0.0,0.0,0.0,0.0,0.0,0.0,0.0,0.0,0.0,0.0,0.0,0.0,0.0,0.0,0.0,0.0,0.0,0.0,0.0,0.0,0.0,0.0,0.0,0.0,0.0,0.0,0.0,0.0,0.0,0.0,0.0,0.0,0.0,0.0,0.0,0.0,0.0,0.0,0.0,0.0,0.0,0.0,0.0,0.0,0.0,0.0,0.0,0.0,0.0,0.0,0.0,0.0,0.0,0.0,0.0,0.0,0.0,0.0,0.0,0.0,0.0,0.0,0.0,0.0,0.0,0.0,0.0,0.0,0.0,0.0,0.0,0.0,0.0,0.0,0.0,0.0,0.0,0.0,0.0,0.0,0.0,0.0,0.0,0.0,0.0,0.0,0.0,0.0,0.0
294,-1.1018678657903849,-1.9084911267764288,0.007669978143887701,0.0,5.0,0.74510903352814,0.3776008144778128,0.26735982988132856,0.10861191891869948,0.0,0.0,0.0,0.0,0.0,0.0,0.0,0.0,0.0,0.0,0.0,0.0,0.0,0.0,0.0,0.0,0.0,0.0,0.0,0.0,0.0,0.0,0.0,0.0,0.0,0.0,0.0,0.0,0.0,0.0,0.0,0.0,0.0,0.0,0.0,0.0,0.0,0.0,0.0,0.0,0.0,0.0,0.0,0.0,0.0,0.0,0.0,0.0,0.0,0.0,0.0,0.0,0.0,0.0,0.0,0.0,0.0,0.0,0.0,0.0,0.0,0.0,0.0,0.0,0.0,0.0,0.0,0.0,0.0,0.0,0.0,0.0,0.0,0.0,0.0,0.0,0.0,0.0,0.0,0.0,0.0,0.0,0.0,0.0,0.0,0.0,0.0,0.0,0.0,0.0,0.0,0.0,0.0,0.0,0.0
295,-1.2002405022762836,-1.848208297606467,0.0014513675943019777,0.0,5.0,0.6473373471712623,0.30617180273858385,0.20112630131677986,0.06067546085933383,0.0,0.0,0.0,0.0,0.0,0.0,0.0,0.0,0.0,0.0,0.0,0.0,0.0,0.0,0.0,0.0,0.0,0.0,0.0,0.0,0.0,0.0,0.0,0.0,0.0,0.0,0.0,0.0,0.0,0.0,0.0,0.0,0.0,0.0,0.0,0.0,0.0,0.0,0.0,0.0,0.0,0.0,0.0,0.0,0.0,0.0,0.0,0.0,0.0,0.0,0.0,0.0,0.0,0.0,0.0,0.0,0.0,0.0,0.0,0.0,0.0,0.0,0.0,0.0,0.0,0.0,0.0,0.0,0.0,0.0,0.0,0.0,0.0,0.0,0.0,0.0,0.0,0.0,0.0,0.0,0.0,0.0,0.0,0.0,0.0,0.0,0.0,0.0,0.0,0.0,0.0,0.0,0.0,0.0,0.0
296,-1.0683922831509551,-1.9274307001677933,0.013335646104469023,0.0,5.0,0.780709683456872,0.40450288566323517,0.29308360893969704,0.12864441282587913,0.0,0.0,0.0,0.0,0.0,0.0,0.0,0.0,0.0,0.0,0.0,0.0,0.0,0.0,0.0,0.0,0.0,0.0,0.0,0.0,0.0,0.0,0.0,0.0,0.0,0.0,0.0,0.0,0.0,0.0,0.0,0.0,0.0,0.0,0.0,0.0,0.0,0.0,0.0,0.0,0.0,0.0,0.0,0.0,0.0,0.0,0.0,0.0,0.0,0.0,0.0,0.0,0.0,0.0,0.0,0.0,0.0,0.0,0.0,0.0,0.0,0.0,0.0,0.0,0.0,0.0,0.0,0.0,0.0,0.0,0.0,0.0,0.0,0.0,0.0,0.0,0.0,0.0,0.0,0.0,0.0,0.0,0.0,0.0,0.0,0.0,0.0,0.0,0.0,0.0,0.0,0.0,0.0,0.0,0.0
297,0.0,0.0,0.0008326359141452855,0.0,5.0,0.6164309396753024,0.2840494438108514,0.18089803044455366,0.046267773247894085,0.0,0.0,0.0,0.0,0.0,0.0,0.0,0.0,0.0,0.0,0.0,0.0,0.0,0.0,0.0,0.0,0.0,0.0,0.0,0.0,0.0,0.0,0.0,0.0,0.0,0.0,0.0,0.0,0.0,0.0,0.0,0.0,0.0,0.0,0.0,0.0,0.0,0.0,0.0,0.0,0.0,0.0,0.0,0.0,0.0,0.0,0.0,0.0,0.0,0.0,0.0,0.0,0.0,0.0,0.0,0.0,0.0,0.0,0.0,0.0,0.0,0.0,0.0,0.0,0.0,0.0,0.0,0.0,0.0,0.0,0.0,0.0,0.0,0.0,0.0,0.0,0.0,0.0,0.0,0.0,0.0,0.0,0.0,0.0,0.0,0.0,0.0,0.0,0.0,0.0,0.0,0.0,0.0,0.0,0.0
298,-1.0345912578723313,-1.945783159496445,0.023137832237998146,0.0,5.0,0.8192816231447495,0.43453613139131303,0.3227079345741239,0.15374355941758563,0.0,0.0,0.0,0.0,0.0,0.0,0.0,0.0,0.0,0.0,0.0,0.0,0.0,0.0,0.0,0.0,0.0,0.0,0.0,0.0,0.0,0.0,0.0,0.0,0.0,0.0,0.0,0.0,0.0,0.0,0.0,0.0,0.0,0.0,0.0,0.0,0.0,0.0,0.0,0.0,0.0,0.0,0.0,0.0,0.0,0.0,0.0,0.0,0.0,0.0,0.0,0.0,0.0,0.0,0.0,0.0,0.0,0.0,0.0,0.0,0.0,0.0,0.0,0.0,0.0,0.0,0.0,0.0,0.0,0.0,0.0,0.0,0.0,0.0,0.0,0.0,0.0,0.0,0.0,0.0,0.0,0.0,0.0,0.0,0.0,0.0,0.0,0.0,0.0,0.0,0.0,0.0,0.0,0.0,0.0
299,0.0,0.0,0.03999991632968769,0.0,5.0,0.8624702234227247,0.46950644681100184,0.3586410681089849,0.18756091105576334,0.0,0.0,0.0,0.0,0.0,0.0,0.0,0.0,0.0,0.0,0.0,0.0,0.0,0.0,0.0,0.0,0.0,0.0,0.0,0.0,0.0,0.0,0.0,0.0,0.0,0.0,0.0,0.0,0.0,0.0,0.0,0.0,0.0,0.0,0.0,0.0,0.0,0.0,0.0,0.0,0.0,0.0,0.0,0.0,0.0,0.0,0.0,0.0,0.0,0.0,0.0,0.0,0.0,0.0,0.0,0.0,0.0,0.0,0.0,0.0,0.0,0.0,0.0,0.0,0.0,0.0,0.0,0.0,0.0,0.0,0.0,0.0,0.0,0.0,0.0,0.0,0.0,0.0,0.0,0.0,0.0,0.0,0.0,0.0,0.0,0.0,0.0,0.0,0.0,0.0,0.0,0.0,0.0,0.0,0.0
300,-1.0004750860742486,-1.9635429144254894,0.03999991632968769,0.0,5.0,0.8624702234227247,0.46950644681100184,0.3586410681089849,0.18756091105576334,0.0,0.0,0.0,0.0,0.0,0.0,0.0,0.0,0.0,0.0,0.0,0.0,0.0,0.0,0.0,0.0,0.0,0.0,0.0,0.0,0.0,0.0,0.0,0.0,0.0,0.0,0.0,0.0,0.0,0.0,0.0,0.0,0.0,0.0,0.0,0.0,0.0,0.0,0.0,0.0,0.0,0.0,0.0,0.0,0.0,0.0,0.0,0.0,0.0,0.0,0.0,0.0,0.0,0.0,0.0,0.0,0.0,0.0,0.0,0.0,0.0,0.0,0.0,0.0,0.0,0.0,0.0,0.0,0.0,0.0,0.0,0.0,0.0,0.0,0.0,0.0,0.0,0.0,0.0,0.0,0.0,0.0,0.0,0.0,0.0,0.0,0.0,0.0,0.0,0.0,0.0,0.0,0.0,0.0,0.0
301,-0.9660541598731283,-1.9807045551615325,0.06872333112231,0.0,5.0,0.9125800857207038,0.5119690581723464,0.40432757703516414,0.23543098187792416,0.02995114629844288,0.0,0.0,0.0,0.0,0.0,0.0,0.0,0.0,0.0,0.0,0.0,0.0,0.0,0.0,0.0,0.0,0.0,0.0,0.0,0.0,0.0,0.0,0.0,0.0,0.0,0.0,0.0,0.0,0.0,0.0,0.0,0.0,0.0,0.0,0.0,0.0,0.0,0.0,0.0,0.0,0.0,0.0,0.0,0.0,0.0,0.0,0.0,0.0,0.0,0.0,0.0,0.0,0.0,0.0,0.0,0.0,0.0,0.0,0.0,0.0,0.0,0.0,0.0,0.0,0.0,0.0,0.0,0.0,0.0,0.0,0.0,0.0,0.0,0.0,0.0,0.0,0.0,0.0,0.0,0.0,0.0,0.0,0.0,0.0,0.0,0.0,0.0,0.0,0.0,0.0,0.0,0.0,0.0,0.0
302,-0.9313389642165322,-1.9972628541025588,0.11684306417595292,0.0,5.0,0.9724940499992616,0.5651516116263838,0.4641622340726488,0.3042892765931342,0.09695116641526924,0.0,0.0,0.0,0.0,0.0,0.0,0.0,0.0,0.0,0.0,0.0,0.0,0.0,0.0,0.0,0.0,0.0,0.0,0.0,0.0,0.0,0.0,0.0,0.0,0.0,0.0,0.0,0.0,0.0,0.0,0.0,0.0,0.0,0.0,0.0,0.0,0.0,0.0,0.0,0.0,0.0,0.0,0.0,0.0,0.0,0.0,0.0,0.0,0.0,0.0,0.0,0.0,0.0,0.0,0.0,0.0,0.0,0.0,0.0,0.0,0.0,0.0,0.0,0.0,0.0,0.0,0.0,0.0,0.0,0.0,0.0,0.0,0.0,0.0,0.0,0.0,0.0,0.0,0.0,0.0,0.0,0.0,0.0,0.0,0.0,0.0,0.0,0.0,0.0,0.0,0.0,0.0,0.0,0.0
303,-0.896340073689354,-2.0132127674303044,0.19524965386138082,0.0,5.0,1.0452532803021413,0.6324963345468582,0.5428825351286053,0.4017580542004679,0.20284249568826054,0.04497541680857714,0.05234976323740873,0.02456286431531569,0.0,0.0,0.0,0.0,0.0,0.0,0.0,0.0,0.0,0.0,0.0,0.0,0.0,0.0,0.0,0.0,0.0,0.0,0.0,0.0,0.0,0.0,0.0,0.0,0.0,0.0,0.0,0.0,0.0,0.0,0.0,0.0,0.0,0.0,0.0,0.0,0.0,0.0,0.0,0.0,0.0,0.0,0.0,0.0,0.0,0.0,0.0,0.0,0.0,0.0,0.0,0.0,0.0,0.0,0.0,0.0,0.0,0.0,0.0,0.0,0.0,0.0,0.0,0.0,0.0,0.0,0.0,0.0,0.0,0.0,0.0,0.0,0.0,0.0,0.0,0.0,0.0,0.0,0.0,0.0,0.0,0.0,0.0,0.0,0.0,0.0,0.0,0.0,0.0,0.0,0.0
304,-1.0345912578723313,-1.945783159496445,0.023137832237998146,0.0,5.0,0.8192816231447495,0.43453613139131303,0.3227079345741239,0.15374355941758563,0.0,0.0,0.0,0.0,0.0,0.0,0.0,0.0,0.0,0.0,0.0,0.0,0.0,0.0,0.0,0.0,0.0,0.0,0.0,0.0,0.0,0.0,0.0,0.0,0.0,0.0,0.0,0.0,0.0,0.0,0.0,0.0,0.0,0.0,0.0,0.0,0.0,0.0,0.0,0.0,0.0,0.0,0.0,0.0,0.0,0.0,0.0,0.0,0.0,0.0,0.0,0.0,0.0,0.0,0.0,0.0,0.0,0.0,0.0,0.0,0.0,0.0,0.0,0.0,0.0,0.0,0.0,0.0,0.0,0.0,0.0,0.0,0.0,0.0,0.0,0.0,0.0,0.0,0.0,0.0,0.0,0.0,0.0,0.0,0.0,0.0,0.0,0.0,0.0,0.0,0.0,0.0,0.0,0.0,0.0
305,-0.8610681492926888,-2.0285494366466605,0.3174023464825906,0.0,5.0,1.1331779143116512,0.7166791141937887,0.644235935652312,0.5340465658143025,0.35716272435549673,0.2126314291348096,0.21981182293706208,0.19527200714642134,0.14344778553562632,0.060199783905734064,0.0,0.0,0.0,0.0,0.0,0.0,0.0,0.0,0.0,0.0,0.0,0.0,0.0,0.0,0.0,0.0,0.0,0.0,0.0,0.0,0.0,0.0,0.0,0.0,0.0,0.0,0.0,0.0,0.0,0.0,0.0,0.0,0.0,0.0,0.0,0.0,0.0,0.0,0.0,0.0,0.0,0.0,0.0,0.0,0.0,0.0,0.0,0.0,0.0,0.0,0.0,0.0,0.0,0.0,0.0,0.0,0.0,0.0,0.0,0.0,0.0,0.0,0.0,0.0,0.0,0.0,0.0,0.0,0.0,0.0,0.0,0.0,0.0,0.0,0.0,0.0,0.0,0.0,0.0,0.0,0.0,0.0,0.0,0.0,0.0,0.0,0.0,0.0,0.0
306,0.0,0.0,0.013335646104469023,0.0,5.0,0.780709683456872,0.40450288566323517,0.29308360893969704,0.12864441282587913,0.0,0.0,0.0,0.0,0.0,0.0,0.0,0.0,0.0,0.0,0.0,0.0,0.0,0.0,0.0,0.0,0.0,0.0,0.0,0.0,0.0,0.0,0.0,0.0,0.0,0.0,0.0,0.0,0.0,0.0,0.0,0.0,0.0,0.0,0.0,0.0,0.0,0.0,0.0,0.0,0.0,0.0,0.0,0.0,0.0,0.0,0.0,0.0,0.0,0.0,0.0,0.0,0.0,0.0,0.0,0.0,0.0,0.0,0.0,0.0,0.0,0.0,0.0,0.0,0.0,0.0,0.0,0.0,0.0,0.0,0.0,0.0,0.0,0.0,0.0,0.0,0.0,0.0,0.0,0.0,0.0,0.0,0.0,0.0,0.0,0.0,0.0,0.0,0.0,0.0,0.0,0.0,0.0,0.0,0.0
307,-0.8255339351963945,-2.043268190053615,0.49501532733773435,0.0,5.0,1.236627042044283,0.8182104320333129,0.7690570117857537,0.7028565617589915,0.5631113485314267,0.4440395091141753,0.4504701220579193,0.43101006655900775,0.390625122506779,0.3295670251028153,0.28131120740226623,0.27052305738221705,0.2545117796245867,0.23286372756674525,0.2337293131218955,0.2305739737584159,0.22180892922782675,0.2102721743742055,0.19077878742249788,0.17551405756422728,0.18114348965083144,0.18004062088136877,0.1726201446054828,0.16396159178081188,0.16161263021996933,0.1574016356086029,0.15314736556858086,0.14636413833594913,0.13824322507658782,0.13798119431312317,0.1379947790501556,0.13810851086768267,0.13828130311782194,0.13809255936972117,0.1346477464265664,0.13235170430763085,0.1287299550709804,0.12759980869521814,0.12682945245393423,0.1262004942092521,0.1251349563238976,0.12393240656662091,0.121658092961175,0.12119264655545149,0.12071712381747482,0.11982034019784636,0.11869689240118922,0.11739717207505743,0.11552696527920392,0.11556519517183404,0.11557238197499492,0.11558435278469448,0.11560605047415105,0.11563785108963302,0.11548518613372234,0.11465218186115965,0.11373561354872583,0.11358119299756345,0.11352595065683366,0.11346080710372325,0.11309190365838562,0.11281106454262106,0.11252274007999723,0.11252274012626867,0.1125227402480264,0.11252274069136758,0.11252274108758599,0.11252274179204597,0.11252274255596033,0.1125227436986698,0.11252274486166333,0.11252274591895924,0.1125227468647771,0.11252274787033921,0.11252274884972195,0.11252275004852613,0.11252275089792722,0.1125227517692769,0.11252275280688115,0.11252275372091974,0.11252275465946493,0.11252275575563167,0.11252275668421602,0.11252275770900662,0.11252275867518738,0.11252275957409327,0.11252276063153847,0.11252276167875455,0.1125227627800769,0.1125227636608968,0.11252276464373023,0.11252276566451785,0.1125227666583273,0.11252276762592325,0.11252276873521372,0.11252276977604851,0.11252277068929151,0.11252277171850196,0.11252277267486346
308,0.0,0.0,0.7289587250550743,0.0,5.0,1.3528789272789181,0.9341592984162039,0.9134962576978916,0.9024806638814831,0.8131219733111982,0.7304630309979365,0.7358897248478995,0.7236021716218304,0.6987199391363177,0.6639105165068417,0.6401526560576818,0.6380401866591712,0.6349870177944545,0.6312498400356307,0.6317708122096589,0.6316768165122488,0.6316305210391713,0.633782885554343,0.641121712642978,0.6539115440855844,0.6499491746479454,0.6518538880463727,0.6607813928899903,0.6711954439716716,0.6733722385020905,0.6767084384690432,0.6807306916498517,0.6879632423804608,0.699707877121163,0.6987321601680542,0.69878959660666,0.6993416158906202,0.6997071300644689,0.7046291211361447,0.7122679511619856,0.7161466661928912,0.72192857574748,0.7249380278394151,0.7271629037859618,0.7300527653858201,0.7332430044994946,0.7363534555495447,0.7411661118105601,0.7416970436837683,0.7421547353868222,0.7435745224791411,0.7452578530579752,0.7468602993034814,0.750841144332826,0.7508502429244791,0.750859874387497,0.7508873341784058,0.7509739045363215,0.7514015624447127,0.751988069171753,0.754174392988101,0.7564321261908372,0.756693351134036,0.7567336883970845,0.7568860316287805,0.7577495893264934,0.7586291058242479,0.7594996383344379,0.7594996384723772,0.759499638778532,0.7594996385850351,0.7594996387622477,0.7594996383270112,0.7594996379407081,0.7594996372845025,0.7594996362028481,0.7594996356829995,0.7594996354071591,0.759499635200076,0.7594996353063098,0.7594996351566985,0.759499635298255,0.7594996355548269,0.7594996358191206,0.7594996362871353,0.7594996366120284,0.7594996370987908,0.7594996374597902,0.759499637831312,0.7594996382278618,0.7594996385693967,0.7594996390122694,0.7594996394761327,0.7594996398977515,0.7594996402479264,0.7594996406926254,0.75949964112794,0.7594996416404203,0.7594996421093358,0.7594996426384495,0.7594996431431728,0.7594996435995313,0.7594996440835621,0.7594996445861715
309,-0.3067007354605947,-2.182289126929278,1.9974707029658703,0.0,5.0,2.1761094097868643,1.7190231846925037,1.8517477848308137,2.1096289029140363,2.1950880591418813,2.2101757367473,2.2003174711439533,2.191348927888923,2.180318236181592,2.1707720368108907,2.1664062965548667,2.166264098022084,2.166488984761673,2.1665334968753385,2.1669777503000143,2.167276276704512,2.1680432946239145,2.1692446121879243,2.1699721792277793,2.1698514981494816,2.169382242446432,2.168957824907547,2.1675688227007854,2.1670488173420925,2.16688077089656,2.167094879953464,2.167441812933972,2.168146483636944,2.169150885849278,2.1690122871430777,2.169012185251778,2.168994055705931,2.169082835419137,2.169493625225169,2.169645205562445,2.1696238264547993,2.169336770571959,2.168928555708997,2.1685098097814888,2.167943745612929,2.1677790952725977,2.1677867336311474,2.168069463321723,2.168191644258702,2.1683689991696777,2.1685905408190913,2.1688647314165053,2.169372062890305,2.1693385804822984,2.169327152282975,2.1693211276261835,2.1693061059855707,2.169264602670393,2.1691061874363764,2.1690255403934677,2.169023647004063,2.168971477373635,2.1690053126054076,2.1690242496644356,2.1689843475350754,2.168805520282421,2.168506900628576,2.168466421883915,2.168466421790789,2.1684664216455993,2.168466421442836,2.1684664212983344,2.1684664211547995,2.1684664210859683,2.168466421087809,2.16846642114694,2.168466421116275,2.168466421110536,2.1684664212400557,2.1684664213369014,2.1684664215085685,2.168466421625423,2.168466421876141,2.168466422124419,2.1684664223941947,2.168466422657193,2.1684664230157367,2.1684664233108077,2.168466423600812,2.1684664239156164,2.1684664241962697,2.168466424588988,2.168466424964864,2.1684664253089547,2.168466425604453,2.1684664260046302,2.1684664263632274,2.168466426754398,2.1684664271091174,2.168466427522022,2.1684664279014667,2.1684664282641526,2.16846642863617,2.168466429048384
310,-0.26856782664620976,-2.187309419614964,1.998548632405698,0.0,5.0,2.191350085593805,1.7305370187704459,1.8623245248204237,2.116390118608238,2.193764991851006,2.202670637070204,2.192721683117513,2.1824668758799954,2.1691861361711045,2.1575562426614936,2.1536833490066503,2.1544026825445215,2.1555834523368076,2.1560433742670524,2.1564681677033564,2.1566763468222763,2.1572287551310083,2.157942363820874,2.1579265565438535,2.1573044129079264,2.1571774133215667,2.1568601723531686,2.1558958802561428,2.1557870452796104,2.1557580689792237,2.1560945220404064,2.1565943241557175,2.157420115886998,2.1584945713509773,2.1583116842239116,2.1582973373754775,2.1581393970980525,2.1581226200383226,2.1577236532389614,2.1574798417204506,2.1574156015677626,2.157205696015287,2.1568777947483975,2.1566012809194284,2.156330050657799,2.156352862611055,2.1566289971689816,2.1571217830052194,2.15722529522999,2.157333957554381,2.1574942441317715,2.157667682045415,2.157859709981783,2.157710067624517,2.1577254798316883,2.157719227426088,2.1577084856736413,2.1576812292045844,2.1575627535475133,2.1574693012673336,2.157306045389169,2.157101057461438,2.1571182321266593,2.1571440601702974,2.1571234189992965,2.157039792826852,2.15696394016427,2.1568987331710465,2.1568987331622353,2.1568987332512335,2.15689873339692,2.1568987336476524,2.156898733923875,2.15689873427559,2.1568987348151056,2.156898735300026,2.156898735781397,2.1568987362249974,2.1568987367135946,2.156898737236053,2.1568987378126647,2.156898738273943,2.156898738804307,2.15689873938479,2.156898739929533,2.156898740460476,2.156898741069029,2.1568987415928196,2.156898742144169,2.1568987426876363,2.156898743169897,2.1568987437681026,2.1568987443533714,2.1568987449217096,2.156898745398285,2.1568987459897113,2.1568987465514966,2.156898747103283,2.156898747626752,2.1568987482418893,2.156898748800734,2.1568987493252614,2.156898749896962,2.1568987504771
311,-0.3447402202598796,-2.17660408783522,1.9955939612441416,0.0,5.0,2.1584876363212877,1.7055059060494215,1.8390769953941979,2.1009344822351292,2.1954839458884625,2.2178965197369207,2.2081980160768664,2.200855404969547,2.1927077970002076,2.186036833324502,2.181427569962744,2.1802524402686947,2.1792302442576457,2.1784602608116677,2.1789515632769203,2.179296106482905,2.180159064409539,2.181775703495138,2.183422878787203,2.1842472395012016,2.1833301496506823,2.1828778148316887,2.1813311122104295,2.180475904041637,2.1801633472966273,2.180164275111153,2.1802105336789666,2.180547767028531,2.1809066153457075,2.1810364553768786,2.1810523363970042,2.1811913681256323,2.1813581044418258,2.1824936722236896,2.1830032180732664,2.1830836845980777,2.1828872866921025,2.182585866589456,2.1822107475441315,2.181616181453259,2.181352961541058,2.1810685396024976,2.1809462230698813,2.181011035823325,2.1811501539989906,2.1812900929153916,2.181489762637246,2.182004567982906,2.182083295553643,2.1820528187382444,2.1820511092909287,2.182041499893377,2.1820117812127875,2.181913704080388,2.1819006361735687,2.1821169268704077,2.1822862481090417,2.1823329350617233,2.1823641338512365,2.182360888895041,2.1822679832325904,2.1819994720231777,2.1820134572085412,2.1820134570764647,2.182013456750132,2.182013456253268,2.182013455695851,2.1820134550818233,2.1820134544553005,2.1820134536559657,2.1820134529830293,2.1820134522114034,2.182013451480297,2.182013450867157,2.182013450122979,2.1820134493381294,2.182013448712591,2.1820134482001947,2.1820134475119275,2.182013446955706,2.1820134463846834,2.1820134457776863,2.1820134452684665,2.1820134446522568,2.182013444142227,2.1820134436435907,2.182013443151676,2.1820134426464417,2.182013442056509,2.182013441602341,2.182013441174425,2.182013440642921,2.182013440229992,2.1820134397641517,2.1820134392416897,2.182013438717741,2.1820134383096383,2.182013437776796,2.1820134373711677
312,-0.23035310947015544,-2.1916634366624934,1.9991673640858547,0.0,5.0,2.204440125770242,1.74028846351714,1.871111432256556,2.1216276414691433,2.191958278770299,2.195771794617031,2.1857727686399326,2.1745150408243954,2.159502229617838,2.1463705613920867,2.1430628977721335,2.1444582024899566,2.146331593873599,2.1469351801568313,2.1473595041265394,2.147463032205441,2.1477635726322735,2.14803077765725,2.1475359704764605,2.14680823558143,2.146888378182142,2.1467088726988295,2.1462485572367807,2.146461778926809,2.1465296248593,2.146875183494103,2.1473630444426237,2.1480821929480345,2.148810857906201,2.1487388233856506,2.1487168341136775,2.1484842146403573,2.1483817808392724,2.147421808520935,2.146929098689733,2.146888383242781,2.146863915586352,2.14672942303255,2.146680599288818,2.1467780115068815,2.146964824562595,2.1473524654030154,2.1477864699656686,2.1478168651146494,2.1478033965008945,2.1478174267708745,2.1478056638883807,2.14761193979291,2.1474322596219113,2.147465838118455,2.1474628527183066,2.1474621432655585,2.1474632658319424,2.147448008962452,2.1473971796972777,2.1472163925501837,2.1470090260538144,2.1470147688151524,2.147054272766866,2.147081372923025,2.1471530812691353,2.1473189387077096,2.1472669854466666,2.1472669854941664,2.1472669856667954,2.1472669859253757,2.147266986230309,2.1472669865477685,2.1472669868768386,2.147266987319578,2.147266987657788,2.1472669880865207,2.147266988425348,2.1472669887288656,2.1472669890537808,2.147266989346653,2.1472669896124077,2.14726698988878,2.147266990151549,2.1472669904057224,2.147266990635361,2.147266990859859,2.147266991070753,2.147266991273834,2.147266991490545,2.147266991656356,2.147266991885989,2.1472669921007603,2.1472669922655814,2.14726699241873,2.147266992660166,2.147266992837959,2.1472669930325967,2.1472669931871855,2.1472669933824333,2.1472669935223463,2.1472669936929334,2.14726699385784,2.147266994073322
313,0.0,0.0,1.9866643538955313,0.0,5.0,2.1142434792584,1.67048213871436,1.8048988826003616,2.0741240376606673,2.1891280125140766,2.229489448263191,2.2204946036249535,2.2176758690381635,2.2177331736095796,2.220356425637243,2.217347783710894,2.213985887552257,2.2098970099662822,2.206094135642958,2.2067829794831524,2.2069567879342755,2.207286863381976,2.208794717575257,2.2116764846228603,2.214882632396286,2.213254026492912,2.2131175324265,2.212605254855361,2.2121125092245477,2.211723810239562,2.211339550540379,2.2107721875287223,2.210141562483796,2.2081717237132805,2.2092863034706363,2.209312816327783,2.2095563281303443,2.209630318035934,2.2105553475637487,2.2108428153377404,2.2111066911163744,2.2114259358825765,2.2117361701681126,2.2119630427808334,2.2122500657324236,2.2122940205791433,2.2120241000310488,2.21145783490797,2.211299439713279,2.2111287825364383,2.2108778766596004,2.2105857956599797,2.210118606002504,2.2101304407776814,2.2101231584220207,2.2101287923291313,2.210141916858402,2.2101769247217686,2.2103167729750424,2.2104008844138745,2.2104962490496853,2.2105907659584916,2.210588713885763,2.2106152249798634,2.210694050014662,2.2109479449378604,2.2113646650331518,2.2114284359636827,2.21142843606913,2.2114284363152645,2.211428436631235,2.2114284369882817,2.2114284373119597,2.211428437616203,2.2114284379679434,2.2114284381320792,2.2114284384871397,2.211428438755726,2.2114284389111982,2.2114284390979946,2.211428439131254,2.2114284392412697,2.211428439243953,2.2114284391632273,2.211428439108582,2.211428439001068,2.211428438751156,2.2114284386042855,2.211428438406951,2.2114284382526748,2.2114284380342584,2.2114284377727658,2.211428437523938,2.2114284372174224,2.2114284369893715,2.211428436742745,2.2114284364094807,2.211428436105439,2.211428435767811,2.21142843541766,2.2114284349904896,2.211428434684489,2.2114284342977055,2.2114284339474115
314,-0.38267469384849984,-2.17025603405077,1.9923300218561124,0.0,5.0,2.1380841158964117,1.6895601065876966,1.823766165049043,2.089541089410059,2.194048765612953,2.2249278550105793,2.2154990424843666,2.2101866123642107,2.2056911355425934,2.2029672906073827,2.1986625434603417,2.1963571675250537,2.193838802515449,2.1917698954999563,2.192342542515853,2.1926540463912128,2.19339674868845,2.1951809855759374,2.197677766795211,2.1997472969947283,2.1983818011892247,2.198022946108606,2.1967556976819096,2.1958575207970044,2.195452844187078,2.195221103848743,2.19491229423932,2.1947344300534524,2.193963232359148,2.1945629488407046,2.1945896379101284,2.194835032510373,2.195003546678424,2.196387958211302,2.1969884543159557,2.1971852329519512,2.1972267797566296,2.1972049211457056,2.1970778968468423,2.1968045831591847,2.196613630394155,2.1961942260938647,2.195696200651935,2.1956471192731604,2.1956446753877814,2.195586332570123,2.195547745886867,2.195671505123198,2.195763742364136,2.195734984214889,2.195738803348619,2.1957415726503275,2.195744772248748,2.195776568522885,2.195839763917267,2.1961401844018735,2.1964114669206913,2.1964508872410637,2.1964997699196553,2.1965644805366247,2.1967043938896187,2.1967816091611896,2.1968448861527787,2.1968448860964833,2.196844885903962,2.1968448855697877,2.1968448851352966,2.1968448846092157,2.196844883996587,2.196844883126978,2.196844882289758,2.1968448814709953,2.1968448806372427,2.1968448797797753,2.1968448787894452,2.1968448776021674,2.196844876712778,2.196844875804972,2.1968448746161546,2.196844873593261,2.1968448725317247,2.196844871254887,2.1968448702257932,2.1968448690277973,2.1968448679747334,2.1968448669347187,2.19684486578153,2.1968448646307217,2.196844863364644,2.196844862368334,2.1968448613102933,2.196844860101753,2.196844859035393,2.1968448579137423,2.196844856660694,2.1968448553969924,2.1968448543708723,2.196844853127577,2.196844852043202
315,-0.19206822450547584,-2.1953498517960948,1.9995223876570263,0.0,5.0,2.2155013263838366,1.748402413786417,1.8782620002493733,2.1255344977726915,2.189843725585305,2.1895854590763517,2.179558303962708,2.1675367826783987,2.151221627667442,2.137025018444442,2.134261829345841,2.1361625328601948,2.1385179475231957,2.139109872772718,2.13954481885636,2.139549670771369,2.13961394758594,2.139528345036454,2.1387986773167573,2.1382271336042344,2.1383973429225693,2.1383486964471112,2.138335936806425,2.138709788924025,2.1388215884657504,2.1390822526364857,2.1394329605531515,2.139905529856679,2.1401243958515517,2.140221746312406,2.1402001648374487,2.1399720285646446,2.139830835559029,2.1387120279203184,2.1381839364225126,2.1382084977494573,2.138381715483784,2.138447652704792,2.138596249414042,2.1389524334273604,2.139199755288347,2.1395102099840595,2.139694238860114,2.1396397805646,2.13952152425573,2.139396930082943,2.1392356427971406,2.1388069387713724,2.1387118426238745,2.1387447393428864,2.138745681065888,2.138753865137284,2.1387790248651894,2.1388609100898237,2.138873743101208,2.138787095052985,2.138690977559632,2.1386932762374955,2.138737597892425,2.1388013676582216,2.1389624329816153,2.139218253830065,2.1392025751284645,2.1392025751780737,2.1392025752681656,2.1392025753962374,2.1392025754788375,2.1392025755485293,2.139202575576212,2.1392025755677957,2.1392025754825665,2.1392025755389357,2.139202575498828,2.139202575422299,2.1392025753097164,2.139202575107723,2.1392025749926886,2.1392025748765295,2.1392025746633943,2.13920257450258,2.1392025743110903,2.139202574060359,2.139202573863401,2.139202573609345,2.1392025734041775,2.139202573174955,2.1392025729673603,2.139202572734583,2.1392025724022,2.1392025721555576,2.1392025719765417,2.139202571691662,2.1392025714770497,2.1392025712001836,2.1392025708919187,2.1392025705384072,2.1392025702826754,2.1392025699508403,2.139202569735811
316,0.0,0.0,1.9997260552002905,0.0,5.0,2.2245890480769464,1.7549335786806401,1.8838398657454987,2.1281783233116642,2.1874501431534434,2.1840720937266016,2.1740271158621027,2.161448158276269,2.144196224756403,2.129275490121523,2.126992900763288,2.129252692738629,2.131931491577679,2.1324415967125123,2.132892172587045,2.1328152229272086,2.132685528012853,2.132349827139818,2.1315593007674187,2.1312650170299046,2.131445525027853,2.1315004397947512,2.1318140748253556,2.1321946920468404,2.1323063015804653,2.1324285021315204,2.1325795683060043,2.132765628470193,2.132521469363492,2.1327703942095346,2.1327557305503775,2.1325958880027733,2.1324652879475683,2.131558184908098,2.1311683770404173,2.1312636559358107,2.131565906407733,2.1317581846421616,2.1319995074456344,2.132412912312553,2.1326016510334096,2.132707231995872,2.1326040185598787,2.1324917400907824,2.132335450559611,2.132152623973881,2.1319578982546012,2.131542502913792,2.131608512616222,2.131622228337428,2.1316248986174715,2.131635485439883,2.1316667559549796,2.1317831608736793,2.131839293334902,2.1318650554657315,2.131897337421693,2.1319034454114565,2.1319392281768788,2.1320070242347917,2.1321456391060547,2.1323184622868303,2.1323369613616427,2.1323369613760574,2.1323369613250414,2.132336961244983,2.132336961078056,2.132336960883609,2.1323369606468803,2.1323369602846394,2.1323369599054707,2.132336959654981,2.132336959341077,2.13233695904953,2.132336958673923,2.1323369582117486,2.1323369578829636,2.1323369575711943,2.132336957129556,2.132336956776345,2.132336956393649,2.13233695595079,2.1323369555796825,2.1323369551302087,2.1323369547465236,2.1323369543558135,2.132336953980558,2.132336953570125,2.132336953032532,2.132336952620799,2.1323369522754065,2.132336951805686,2.1323369514352777,2.1323369509894112,2.132336950477577,2.13233694992652,2.1323369494955235,2.1323369489572968,2.132336948571708
317,-0.15372483369900522,-2.1983675420980076,1.9997260552002905,0.0,5.0,2.2245890480769464,1.7549335786806401,1.8838398657454987,2.1281783233116642,2.1874501431534434,2.1840720937266016,2.1740271158621027,2.161448158276269,2.144196224756403,2.129275490121523,2.126992900763288,2.129252692738629,2.131931491577679,2.1324415967125123,2.132892172587045,2.1328152229272086,2.132685528012853,2.132349827139818,2.1315593007674187,2.1312650170299046,2.131445525027853,2.1315004397947512,2.1318140748253556,2.1321946920468404,2.1323063015804653,2.1324285021315204,2.1325795683060043,2.132765628470193,2.132521469363492,2.1327703942095346,2.1327557305503775,2.1325958880027733,2.1324652879475683,2.131558184908098,2.1311683770404173,2.1312636559358107,2.131565906407733,2.1317581846421616,2.1319995074456344,2.132412912312553,2.1326016510334096,2.132707231995872,2.1326040185598787,2.1324917400907824,2.132335450559611,2.132152623973881,2.1319578982546012,2.131542502913792,2.131608512616222,2.131622228337428,2.1316248986174715,2.131635485439883,2.1316667559549796,2.1317831608736793,2.131839293334902,2.1318650554657315,2.131897337421693,2.1319034454114565,2.1319392281768788,2.1320070242347917,2.1321456391060547,2.1323184622868303,2.1323369613616427,2.1323369613760574,2.1323369613250414,2.132336961244983,2.132336961078056,2.132336960883609,2.1323369606468803,2.1323369602846394,2.1323369599054707,2.132336959654981,2.132336959341077,2.13233695904953,2.132336958673923,2.1323369582117486,2.1323369578829636,2.1323369575711943,2.132336957129556,2.132336956776345,2.132336956393649,2.13233695595079,2.1323369555796825,2.1323369551302087,2.1323369547465236,2.1323369543558135,2.132336953980558,2.132336953570125,2.132336953032532,2.132336952620799,2.1323369522754065,2.132336951805686,2.1323369514352777,2.1323369509894112,2.132336950477577,2.13233694992652,2.1323369494955235,2.1323369489572968,2.132336948571708
318,-0.11533461681902389,-2.2007155883505325,1.99984287991107,0.0,5.0,2.2317198617028775,1.7598961899402017,1.887857619465172,2.129557958182606,2.184731314148275,2.1791253086004008,2.1690659406790496,2.1561123768968447,2.138243875072807,2.122877635324649,2.120994921528516,2.123490664249013,2.1263749456085503,2.126786011280693,2.127253107544213,2.127115369178696,2.1268425664123374,2.1263458776399515,2.125591200571895,2.125588387382835,2.1257368634184646,2.1258623015546823,2.1263739252075933,2.1266595407673234,2.1267444727109406,2.1267168927627433,2.1266643540355297,2.1265987589423254,2.1260478229058015,2.126393238538306,2.126388855015912,2.126330072485022,2.1262442924973706,2.1257723442891283,2.1256016224559784,2.1257451586855085,2.126073985129597,2.1262913172668165,2.1265093072068226,2.1267956134633406,2.1268473916994464,2.126721582267849,2.126427287794008,2.1263019652505557,2.1261830102113204,2.126042239645746,2.125937241482004,2.1257386164491305,2.125968326206385,2.1259532476374523,2.125954282597865,2.1259596519640964,2.1259768076013197,2.1260498403921138,2.126105628666954,2.1261813084509558,2.126276323418559,2.126291250613615,2.1263126629076305,2.1263562613568805,2.1263975778987763,2.1264029957547845,2.12643343881076,2.1264334387841712,2.1264334386440353,2.1264334384395203,2.126433438185355,2.1264334379064764,2.126433437628088,2.126433437247332,2.1264334368912996,2.126433436601069,2.126433436290268,2.126433436062457,2.1264334357418693,2.126433435374255,2.126433435105861,2.12643343487507,2.12643343454035,2.126433434284074,2.126433434005428,2.12643343369786,2.1264334334373567,2.126433433113258,2.126433432847723,2.1264334325718943,2.126433432333149,2.1264334320580454,2.1264334316675266,2.1264334313753066,2.1264334311593744,2.1264334308330612,2.126433430591486,2.1264334302817374,2.1264334299266543,2.1264334295330487,2.1264334292356084,2.126433428850431,2.126433428603487
319,-0.0769092678974861,-2.202393275316035,1.9999098865634515,0.0,5.0,2.236888822194272,1.7632823159135327,1.8903003962513862,2.1296368967517583,2.1816065917803904,2.1746140594760175,2.164539971511325,2.1513780285511057,2.133181531152233,2.1176083159962986,2.116039885658534,2.1186664928296413,2.121666022817668,2.1219888321442544,2.1224708669092807,2.1222935932673326,2.1219272332719123,2.121337833535317,2.120653528176319,2.1208926815497073,2.1209952953553732,2.121161581093588,2.1217681781814735,2.121920235537651,2.121970152322424,2.121814128832245,2.121594798746526,2.121350643875138,2.120662716797133,2.121046913199121,2.1210528375037003,2.1210951436159533,2.1210663423513267,2.121075331104531,2.121112456164299,2.121271764570906,2.1215402965061196,2.1217040072135234,2.1218219402568743,2.121886868022577,2.1217884032816725,2.121490236187166,2.121152910536563,2.1210529814949877,2.1210186789257617,2.1209871918579895,2.1210387228216825,2.1211275458337315,2.1214561684386535,2.1214145758382554,2.1214115653462273,2.1214071423818037,2.12139831485574,2.12137750986863,2.121393948260658,2.121434911499143,2.1215030776800137,2.121529111538257,2.1215422057458126,2.1215542941258096,2.121497521052506,2.1213631542108438,2.121378250463211,2.1213782504114587,2.121378250273004,2.1213782500792107,2.1213782499189677,2.1213782497461438,2.1213782496226226,2.121378249492756,2.1213782493908364,2.121378249281672,2.1213782491771362,2.1213782491784947,2.1213782491125914,2.121378249039007,2.121378248993574,2.121378248997939,2.1213782489509643,2.1213782489432647,2.121378248922204,2.121378248907213,2.1213782488999278,2.1213782488621855,2.1213782488638047,2.121378248838114,2.121378248878748,2.1213782488907316,2.121378248825749,2.121378248797884,2.12137824885578,2.1213782488361996,2.12137824885888,2.12137824883609,2.1213782488213937,2.1213782487674435,2.121378248765193,2.121378248721309,2.121378248769181
320,-0.03846049166791184,-2.2034000919548142,1.999948317777383,0.0,5.0,2.24007970040584,1.7650725498170086,1.8911394276488527,2.128361892454123,2.1779822283315577,2.170403285277043,2.160312405008709,2.147096745954982,2.12883895540522,2.113271449906674,2.111931342287476,2.114596024130455,2.117637133785332,2.1178942273759267,2.1183883353450046,2.1181913263060257,2.117775829953538,2.1171429337033825,2.1165229234148377,2.1169260173452913,2.1169866289011696,2.117171019822857,2.117804740655585,2.1178376679622652,2.1178582005444904,2.1176148248108535,2.1172869864954915,2.1169461388509467,2.116248510606379,2.1166303552585486,2.116644039961041,2.116762292139525,2.1167825614092712,2.117172396417251,2.117345619960996,2.117494087489802,2.117660970639077,2.117740729769926,2.117742352114553,2.117599923433169,2.1173958229072793,2.1170258685895185,2.116763660914956,2.116706038242545,2.1167588854194572,2.1168435866890705,2.11703720459318,2.1173440258288,2.117676411468659,2.117620052804336,2.1176128477935356,2.1175991478261667,2.117565791798026,2.117450698845442,2.1174141959580943,2.117372345193892,2.117359077722162,2.1173956220705707,2.1174138224930195,2.1174084044213615,2.117312372643334,2.1171338872745706,2.1171169834102392,2.117116983353046,2.1171169832726617,2.117116983169027,2.117116983169481,2.1171169831661105,2.117116983235905,2.1171169833876387,2.117116983544241,2.1171169836516452,2.1171169837615595,2.1171169839606043,2.117116984125819,2.117116984299403,2.1171169844487574,2.1171169846538613,2.1171169848468914,2.117116985043166,2.1171169852323652,2.117116985446643,2.1171169856416907,2.1171169858321175,2.117116986046788,2.117116986217581,2.1171169864734654,2.1171169867101725,2.1171169869056787,2.117116987089795,2.1171169873620057,2.117116987585396,2.117116987812344,2.1171169880159613,2.117116988273767,2.117116988492357,2.1171169887289802,2.117116988961234,2.1171169892430743
321,-0.19206822450547584,-2.1953498517960948,1.9995223876570263,0.0,5.0,2.2155013263838366,1.748402413786417,1.8782620002493733,2.1255344977726915,2.189843725585305,2.1895854590763517,2.179558303962708,2.1675367826783987,2.151221627667442,2.137025018444442,2.134261829345841,2.1361625328601948,2.1385179475231957,2.139109872772718,2.13954481885636,2.139549670771369,2.13961394758594,2.139528345036454,2.1387986773167573,2.1382271336042344,2.1383973429225693,2.1383486964471112,2.138335936806425,2.138709788924025,2.1388215884657504,2.1390822526364857,2.1394329605531515,2.139905529856679,2.1401243958515517,2.140221746312406,2.1402001648374487,2.1399720285646446,2.139830835559029,2.1387120279203184,2.1381839364225126,2.1382084977494573,2.138381715483784,2.138447652704792,2.138596249414042,2.1389524334273604,2.139199755288347,2.1395102099840595,2.139694238860114,2.1396397805646,2.13952152425573,2.139396930082943,2.1392356427971406,2.1388069387713724,2.1387118426238745,2.1387447393428864,2.138745681065888,2.138753865137284,2.1387790248651894,2.1388609100898237,2.138873743101208,2.138787095052985,2.138690977559632,2.1386932762374955,2.138737597892425,2.1388013676582216,2.1389624329816153,2.139218253830065,2.1392025751284645,2.1392025751780737,2.1392025752681656,2.1392025753962374,2.1392025754788375,2.1392025755485293,2.139202575576212,2.1392025755677957,2.1392025754825665,2.1392025755389357,2.139202575498828,2.139202575422299,2.1392025753097164,2.139202575107723,2.1392025749926886,2.1392025748765295,2.1392025746633943,2.13920257450258,2.1392025743110903,2.139202574060359,2.139202573863401,2.139202573609345,2.1392025734041775,2.139202573174955,2.1392025729673603,2.139202572734583,2.1392025724022,2.1392025721555576,2.1392025719765417,2.139202571691662,2.1392025714770497,2.1392025712001836,2.1392025708919187,2.1392025705384072,2.1392025702826754,2.1392025699508403,2.139202569735811
322,-4.048196864770556e-16,-2.2037357315807675,1.9999703592455589,0.0,5.0,2.2412705866484472,1.7652417586620046,1.89033918943965,2.125672361868973,2.1737613031383134,2.1663624234652463,2.1562522954602708,2.143129716211558,2.1250625073962026,2.1096969806661034,2.108499912854523,2.1111170760818867,2.1141342430378924,2.1143503062506404,2.114853131783238,2.114654330919635,2.114228556495397,2.1135876049924796,2.1130037603456016,2.11348487470128,2.1135163395373353,2.1137024049473485,2.1143238226347423,2.1142841943525537,2.114288916199295,2.114007289743666,2.113635532778529,2.1132720190942917,2.1126357044795316,2.11299424641747,2.113011702823402,2.1131667519630253,2.113215145615941,2.1137999071538824,2.1140130729922584,2.1141367115344174,2.1142084293432233,2.1142199482208963,2.114140878329062,2.113886154296195,2.1136533616280135,2.113312033216495,2.1131742095761554,2.1131527486279507,2.1132565373071404,2.113409970731375,2.113667034297676,2.114036785297728,2.1142894196605146,2.114234107666724,2.114224748813253,2.114206675240973,2.114161551156928,2.1139968527723374,2.1139230501386694,2.1138102826357117,2.1137202676658062,2.113763733728622,2.113798834172954,2.1137993766414955,2.1137395525509395,2.113616934070558,2.113569778597239,2.113569778547226,2.113569778521996,2.113569778498467,2.113569778594347,2.1135697786842367,2.1135697788377352,2.113569779093848,2.1135697793296897,2.1135697795259767,2.113569779702823,2.1135697799342377,2.113569780148232,2.113569780360334,2.1135697805462006,2.113569780790608,2.11356978102629,2.1135697812554888,2.113569781478462,2.113569781722606,2.1135697819468033,2.113569782168456,2.113569782412645,2.1135697826078834,2.1135697828881956,2.1135697831528626,2.113569783385404,2.113569783600225,2.113569783898011,2.1135697841543912,2.113569784403674,2.1135697846370314,2.1135697849338375,2.1135697851917983,2.1135697854639965,2.113569785736964,2.1135697860499207
323,0.0,0.0,1.9991673640858547,0.0,5.0,2.204440125770242,1.74028846351714,1.871111432256556,2.1216276414691433,2.191958278770299,2.195771794617031,2.1857727686399326,2.1745150408243954,2.159502229617838,2.1463705613920867,2.1430628977721335,2.1444582024899566,2.146331593873599,2.1469351801568313,2.1473595041265394,2.147463032205441,2.1477635726322735,2.14803077765725,2.1475359704764605,2.14680823558143,2.146888378182142,2.1467088726988295,2.1462485572367807,2.146461778926809,2.1465296248593,2.146875183494103,2.1473630444426237,2.1480821929480345,2.148810857906201,2.1487388233856506,2.1487168341136775,2.1484842146403573,2.1483817808392724,2.147421808520935,2.146929098689733,2.146888383242781,2.146863915586352,2.14672942303255,2.146680599288818,2.1467780115068815,2.146964824562595,2.1473524654030154,2.1477864699656686,2.1478168651146494,2.1478033965008945,2.1478174267708745,2.1478056638883807,2.14761193979291,2.1474322596219113,2.147465838118455,2.1474628527183066,2.1474621432655585,2.1474632658319424,2.147448008962452,2.1473971796972777,2.1472163925501837,2.1470090260538144,2.1470147688151524,2.147054272766866,2.147081372923025,2.1471530812691353,2.1473189387077096,2.1472669854466666,2.1472669854941664,2.1472669856667954,2.1472669859253757,2.147266986230309,2.1472669865477685,2.1472669868768386,2.147266987319578,2.147266987657788,2.1472669880865207,2.147266988425348,2.1472669887288656,2.1472669890537808,2.147266989346653,2.1472669896124077,2.14726698988878,2.147266990151549,2.1472669904057224,2.147266990635361,2.147266990859859,2.147266991070753,2.147266991273834,2.147266991490545,2.147266991656356,2.147266991885989,2.1472669921007603,2.1472669922655814,2.14726699241873,2.147266992660166,2.147266992837959,2.1472669930325967,2.1472669931871855,2.1472669933824333,2.1472669935223463,2.1472669936929334,2.14726699385784,2.147266994073322
324,0.03846049166791103,-2.2034000919548142,1.999948317777383,0.0,5.0,2.2404367891845105,1.763762021802135,1.8878610096995436,2.1215050098982533,2.168848381871209,2.162369168045437,2.1522380021320773,2.13935046690532,2.121716656043254,2.1067405273827156,2.1056026216908066,2.108090135429698,2.111020453709375,2.111217776498297,2.111725972581513,2.1115418469764786,2.11114064626114,2.1105199965931942,2.1099368652628603,2.1104122261896157,2.110429969881628,2.1106047882171786,2.111188359359835,2.111132324385709,2.111136870508391,2.1108654330327936,2.1105110868973025,2.1101861408435565,2.10964153712681,2.1099694097841524,2.109986319754064,2.110135884274947,2.1101869248427954,2.1107574026093423,2.110916441427862,2.1110112114676105,2.11102226149225,2.111004796814615,2.110904479617006,2.1106614374591373,2.110478847642677,2.110241888379083,2.110218006272311,2.1102130050727066,2.110314445598238,2.1104642511136795,2.1106841214514502,2.1109525049940303,2.111077783628922,2.111037808863253,2.1110293105830835,2.111013466652984,2.1109737066153147,2.1108234939816386,2.110744710148944,2.1106130967541623,2.110491833296677,2.110535610674734,2.110589832596402,2.1106135929980137,2.1106378392886787,2.1106278997415013,2.1105669956526736,2.110566995615018,2.110566995607746,2.1105669956051916,2.110566995678393,2.1105669957349504,2.110566995823791,2.1105669959638154,2.1105669960718907,2.110566996192096,2.110566996265782,2.110566996364224,2.110566996436659,2.110566996481463,2.1105669965430507,2.1105669966609537,2.1105669967410274,2.110566996832465,2.1105669969137955,2.1105669969936045,2.1105669970765737,2.1105669971361483,2.1105669972289665,2.110566997280824,2.110566997401675,2.110566997502022,2.110566997549196,2.110566997613885,2.1105669977519477,2.110566997833622,2.1105669979282977,2.11056699799702,2.1105669980994235,2.1105669981623914,2.110566998264558,2.1105669983406723,2.1105669984831086
325,0.0,0.0,1.9999098865634515,0.0,5.0,2.237551949364669,1.760603757925239,1.8836644522405261,2.115795618101315,2.1631514127336744,2.158311240953769,2.148158916723061,2.135646530571208,2.118685613722567,2.10428548713311,2.103126829931949,2.105403988736747,2.1081844934707976,2.1083825931466813,2.1088931341225625,2.1087396607184865,2.108397057473668,2.1078263734125993,2.1072169414371116,2.1076146113279344,2.1076302049824527,2.1077816499848643,2.1083030690855558,2.108280088195218,2.1082980498883837,2.1080799942977726,2.107797225597272,2.107563771007492,2.1071336102413785,2.1074259260223975,2.107438611197516,2.1075467203645153,2.1075786113370647,2.1079592978977266,2.107993144203012,2.1080596690263387,2.108047243926983,2.108036627652778,2.1079668655412998,2.1078360222684256,2.107761139749984,2.107674040086794,2.1077339840611744,2.1077264196490773,2.107781133829022,2.1078673288759053,2.1079746059830464,2.10803673339627,2.1080300669230496,2.10801414832521,2.108008942371489,2.1080005003179956,2.107979624949162,2.107896208597222,2.1078426429455908,2.1077462845117525,2.107643371648661,2.107679094033173,2.10774254882309,2.107790021261702,2.107895277795017,2.1079959395585557,2.1079426427396575,2.107942642717268,2.1079426426998342,2.1079426426755212,2.1079426426563037,2.1079426426107886,2.1079426425653742,2.107942642493665,2.1079426423901353,2.10794264236217,2.1079426422683367,2.1079426421853813,2.1079426420545735,2.1079426418719347,2.107942641759437,2.10794264169338,2.10794264155284,2.107942641451006,2.1079426413339455,2.1079426411882287,2.1079426410753563,2.1079426409116446,2.1079426407947697,2.107942640650217,2.107942640554829,2.107942640429409,2.1079426402169403,2.1079426400706525,2.1079426399882952,2.1079426398264154,2.1079426397103096,2.1079426395501524,2.107942639378962,2.10794263916596,2.1079426390261125,2.1079426388228324,2.107942638726771
326,-0.7897482554663128,-2.0573645441762953,0.7289587250550743,0.0,5.0,1.3528789272789181,0.9341592984162039,0.9134962576978916,0.9024806638814831,0.8131219733111982,0.7304630309979365,0.7358897248478995,0.7236021716218304,0.6987199391363177,0.6639105165068417,0.6401526560576818,0.6380401866591712,0.6349870177944545,0.6312498400356307,0.6317708122096589,0.6316768165122488,0.6316305210391713,0.633782885554343,0.641121712642978,0.6539115440855844,0.6499491746479454,0.6518538880463727,0.6607813928899903,0.6711954439716716,0.6733722385020905,0.6767084384690432,0.6807306916498517,0.6879632423804608,0.699707877121163,0.6987321601680542,0.69878959660666,0.6993416158906202,0.6997071300644689,0.7046291211361447,0.7122679511619856,0.7161466661928912,0.72192857574748,0.7249380278394151,0.7271629037859618,0.7300527653858201,0.7332430044994946,0.7363534555495447,0.7411661118105601,0.7416970436837683,0.7421547353868222,0.7435745224791411,0.7452578530579752,0.7468602993034814,0.750841144332826,0.7508502429244791,0.750859874387497,0.7508873341784058,0.7509739045363215,0.7514015624447127,0.751988069171753,0.754174392988101,0.7564321261908372,0.756693351134036,0.7567336883970845,0.7568860316287805,0.7577495893264934,0.7586291058242479,0.7594996383344379,0.7594996384723772,0.759499638778532,0.7594996385850351,0.7594996387622477,0.7594996383270112,0.7594996379407081,0.7594996372845025,0.7594996362028481,0.7594996356829995,0.7594996354071591,0.759499635200076,0.7594996353063098,0.7594996351566985,0.759499635298255,0.7594996355548269,0.7594996358191206,0.7594996362871353,0.7594996366120284,0.7594996370987908,0.7594996374597902,0.759499637831312,0.7594996382278618,0.7594996385693967,0.7594996390122694,0.7594996394761327,0.7594996398977515,0.7594996402479264,0.7594996406926254,0.75949964112794,0.7594996416404203,0.7594996421093358,0.7594996426384495,0.7594996431431728,0.7594996435995313,0.7594996440835621,0.7594996445861715
327,-0.7537220107671513,-2.0708342051286825,1.0000000000000062,0.0,5.0,1.4759152246705878,1.0578918308390846,1.0686362695769824,1.1191131451728318,1.087684821718602,1.0477073694102732,1.051985689155674,1.0480838905194534,1.041091496845335,1.0350081881443933,1.0344664017077498,1.0381892348927082,1.0428362625724177,1.0473991267873823,1.047843499549375,1.0487559067673655,1.0513315280654414,1.0556951707013167,1.064034707515341,1.0722525401208285,1.0691480699197433,1.069662654161682,1.0725544851414157,1.0748694569961823,1.0752534971034713,1.075760690871125,1.0757838109593525,1.0756359353439584,1.0717472484611672,1.0743518262830425,1.074313460127925,1.0739087585509448,1.0732660403181162,1.0685744285809833,1.0639414759313635,1.0626921911403584,1.0607650164906748,1.0586779263408772,1.0568181319666154,1.0536242940927611,1.0504654456593479,1.0470303210221672,1.0421018822755135,1.0417595305253242,1.0414787414400553,1.0400843269647895,1.0382744877771053,1.0359503331177748,1.0318358195804318,1.0318155570271428,1.0318107988028702,1.031793910097683,1.031734720869402,1.0314098923005213,1.0308785516314756,1.0286484254066046,1.0262954361273655,1.0259829915304521,1.0258441782057746,1.0255641617938527,1.0240900859328093,1.0222614867257211,1.0213693360396272,1.021369335717413,1.0213693347017134,1.0213693339550036,1.0213693324110915,1.0213693315215138,1.0213693301323894,1.0213693284426468,1.0213693276039486,1.0213693254231095,1.0213693230047503,1.0213693204044971,1.021369316941283,1.021369313207625,1.0213693099557328,1.0213693062898999,1.021369301676166,1.0213692971973236,1.0213692928203624,1.0213692872140336,1.0213692828574188,1.0213692778775394,1.021369273364495,1.0213692689891214,1.0213692637996972,1.0213692586895036,1.021369253478031,1.021369249317817,1.0213692445226275,1.0213692393590288,1.0213692343906904,1.021369229434493,1.021369223970506,1.0213692185429546,1.0213692140589254,1.0213692088160673,1.0213692038606104
328,-0.7174661750420425,-2.0836730699215655,1.271041274944924,0.0,5.0,1.5976667878165358,1.180464858858057,1.2223912062036084,1.333862107071378,1.359739495397136,1.3617461451508206,1.3646773000709753,1.3686886026507574,1.3785464882299188,1.398676182904896,1.4174176924875377,1.4247371428889655,1.433674311896422,1.441810577063314,1.4423169807628173,1.4434761393169386,1.4465169953162937,1.449953928548254,1.4544216323527215,1.4548795637526128,1.454263195111967,1.4536913943887408,1.451664775010468,1.4487330718350615,1.4481081677745993,1.4472782786670677,1.445857127791277,1.4433924946117782,1.4374173969148725,1.4392716248921509,1.439268830832824,1.4392197793824595,1.4389993973367727,1.4369997484632047,1.4341506133107764,1.4331679395827492,1.4318463255719058,1.4314315804348208,1.431318733417748,1.4316748833135495,1.4318033087507378,1.4326690263650483,1.4342009280077184,1.4342610723572944,1.4344658700241768,1.43507955658761,1.4361702865277022,1.4384594547517817,1.4405123189053306,1.4404886418761293,1.4404996927057212,1.440501260030657,1.4404906175225953,1.4405188473384913,1.4407904976984813,1.4425176071519326,1.4442352047502784,1.4445259871910863,1.4447863214663181,1.4451221099542262,1.4466005370618487,1.4484290302985354,1.4490306511936568,1.449030651469732,1.4490306526410286,1.4490306537913442,1.4490306559825907,1.4490306577028291,1.4490306602936567,1.4490306637833243,1.4490306662675558,1.4490306703727913,1.4490306746406876,1.4490306793040661,1.449030685011755,1.4490306914433326,1.4490306967695186,1.4490307028402503,1.44903071034704,1.4490307175942492,1.449030724728328,1.449030733821945,1.44903074098208,1.4490307490757686,1.4490307565247014,1.4490307636907591,1.4490307722541034,1.4490307806969136,1.4490307893318854,1.4490307962391729,1.4490308042067175,1.4490308126841143,1.449030820950522,1.4490308291236265,1.4490308382021613,1.4490308471374962,1.4490308546319595,1.4490308632774793,1.4490308714826603
329,-0.6809917921697651,-2.0958772277123563,1.5049846726622644,0.0,5.0,1.7103526978781083,1.293261410402051,1.3631250772792196,1.5285644728408931,1.6033216869591613,1.639980742180215,1.6412865024825998,1.6510823317660186,1.6733435944454944,1.7119301428247127,1.7423683896777729,1.750595869593099,1.7602128430089246,1.767994981784628,1.7686493873924147,1.7696135741082897,1.7719527973914224,1.7735670982594218,1.774415235277564,1.770404594841346,1.7716278821825642,1.7708904460482828,1.7680007891430731,1.7649932776444046,1.7645097460079635,1.7640908442771928,1.7635492002336841,1.762743658904269,1.7619681333701818,1.7616936631090847,1.7617289818754809,1.7620603052108585,1.7623814800470097,1.7644847926679756,1.7659587735805808,1.7662661271760682,1.7666717151778446,1.7674515445533812,1.7681975516211283,1.769681541419322,1.7711051517604763,1.7727004009942153,1.7748855133710824,1.77494472742401,1.774961670909314,1.7754065159018095,1.775877446174548,1.7759172628896234,1.776744437209282,1.7767961196346738,1.7767877230978415,1.7767862602938367,1.7767948218866587,1.776799735841623,1.776768957736728,1.7764786975841143,1.7761983971769255,1.776136947196916,1.7759251935672284,1.7756367592330908,1.7747328440690993,1.7734745297389296,1.7734433329916583,1.7734433328001387,1.7734433320248475,1.7734433309441833,1.7734433292818685,1.7734433276181674,1.7734433252186228,1.773443321993454,1.773443319363436,1.7734433155766243,1.7734433117852941,1.773443307686191,1.773443302901666,1.7734432973084338,1.7734432928455024,1.7734432878473776,1.7734432815367585,1.773443275598856,1.7734432696301117,1.7734432619921627,1.7734432560235631,1.7734432491833365,1.773443242977151,1.7734432369278714,1.7734432297194356,1.7734432226460055,1.7734432153581503,1.7734432095506547,1.773443202891315,1.773443195711847,1.773443188790635,1.7734431818836716,1.7734431742471621,1.773443166642535,1.7734431603468492,1.773443153014617,1.7734431460904072
330,-0.8255339351963945,-2.043268190053615,0.49501532733773435,0.0,5.0,1.236627042044283,0.8182104320333129,0.7690570117857537,0.7028565617589915,0.5631113485314267,0.4440395091141753,0.4504701220579193,0.43101006655900775,0.390625122506779,0.3295670251028153,0.28131120740226623,0.27052305738221705,0.2545117796245867,0.23286372756674525,0.2337293131218955,0.2305739737584159,0.22180892922782675,0.2102721743742055,0.19077878742249788,0.17551405756422728,0.18114348965083144,0.18004062088136877,0.1726201446054828,0.16396159178081188,0.16161263021996933,0.1574016356086029,0.15314736556858086,0.14636413833594913,0.13824322507658782,0.13798119431312317,0.1379947790501556,0.13810851086768267,0.13828130311782194,0.13809255936972117,0.1346477464265664,0.13235170430763085,0.1287299550709804,0.12759980869521814,0.12682945245393423,0.1262004942092521,0.1251349563238976,0.12393240656662091,0.121658092961175,0.12119264655545149,0.12071712381747482,0.11982034019784636,0.11869689240118922,0.11739717207505743,0.11552696527920392,0.11556519517183404,0.11557238197499492,0.11558435278469448,0.11560605047415105,0.11563785108963302,0.11548518613372234,0.11465218186115965,0.11373561354872583,0.11358119299756345,0.11352595065683366,0.11346080710372325,0.11309190365838562,0.11281106454262106,0.11252274007999723,0.11252274012626867,0.1125227402480264,0.11252274069136758,0.11252274108758599,0.11252274179204597,0.11252274255596033,0.1125227436986698,0.11252274486166333,0.11252274591895924,0.1125227468647771,0.11252274787033921,0.11252274884972195,0.11252275004852613,0.11252275089792722,0.1125227517692769,0.11252275280688115,0.11252275372091974,0.11252275465946493,0.11252275575563167,0.11252275668421602,0.11252275770900662,0.11252275867518738,0.11252275957409327,0.11252276063153847,0.11252276167875455,0.1125227627800769,0.1125227636608968,0.11252276464373023,0.11252276566451785,0.1125227666583273,0.11252276762592325,0.11252276873521372,0.11252276977604851,0.11252277068929151,0.11252277171850196,0.11252277267486346
331,-0.6443099726006772,-2.107442960996367,1.6825976535174085,0.0,5.0,1.8086398133310375,1.390422053071095,1.4829871379393664,1.6911386965306918,1.8015063810060807,1.8615607264989467,1.8609883703615777,1.8735787196569678,1.902041410256204,1.9488240396432803,1.9819946105560375,1.9885019658740186,1.9954452516870784,1.9995931637570141,2.000435233752473,2.0008938319528573,2.001746394844865,2.001236623585345,1.9992492547535545,1.993712749267025,1.995913347778765,1.9955055324584432,1.9937684961493862,1.9925810515269855,1.9925349138517754,1.9927548804128392,1.9932516479367126,1.994144039243535,1.997166721717356,1.9957004270019263,1.995727964797168,1.9959822312221982,1.9963696045462451,1.9988969878701401,2.001235089274353,2.001723375837957,2.002146643853066,2.002344890618924,2.0023656554263947,2.0022809581974075,2.002517928772821,2.00234921820814,2.002011615344852,2.001973533280551,2.0018712007166557,2.0016207082195665,2.001054468203104,1.9996034723744152,1.9983310892892687,1.99837751504437,1.9983738662398183,1.998377862191866,1.9983924060549363,1.9983904262083283,1.9982224761966172,1.997268017578796,1.996270129117374,1.9961568638108171,1.996128996740318,1.9960759531807475,1.9957863880182822,1.9955919847597958,1.9952987879547621,1.9952987880245348,1.995298788219648,1.9952987887360403,1.9952987892636203,1.9952987900616632,1.9952987909808884,1.9952987923457293,1.995298793685521,1.9952987950560959,1.9952987963082591,1.9952987977449403,1.9952987992518743,1.9952988011530564,1.9952988025478398,1.9952988042408328,1.9952988062966523,1.9952988082307246,1.9952988102095197,1.995298812808832,1.9952988148525788,1.9952988171470278,1.9952988193025842,1.9952988214044478,1.995298823992623,1.9952988265339089,1.9952988291732812,1.9952988312913886,1.9952988337856716,1.9952988364239659,1.9952988390779578,1.9952988416898654,1.9952988446206728,1.9952988475718914,1.995298850091232,1.9952988529561084,1.9952988557497318
332,0.0,0.0,0.3174023464825906,0.0,5.0,1.1331779143116512,0.7166791141937887,0.644235935652312,0.5340465658143025,0.35716272435549673,0.2126314291348096,0.21981182293706208,0.19527200714642134,0.14344778553562632,0.060199783905734064,0.0,0.0,0.0,0.0,0.0,0.0,0.0,0.0,0.0,0.0,0.0,0.0,0.0,0.0,0.0,0.0,0.0,0.0,0.0,0.0,0.0,0.0,0.0,0.0,0.0,0.0,0.0,0.0,0.0,0.0,0.0,0.0,0.0,0.0,0.0,0.0,0.0,0.0,0.0,0.0,0.0,0.0,0.0,0.0,0.0,0.0,0.0,0.0,0.0,0.0,0.0,0.0,0.0,0.0,0.0,0.0,0.0,0.0,0.0,0.0,0.0,0.0,0.0,0.0,0.0,0.0,0.0,0.0,0.0,0.0,0.0,0.0,0.0,0.0,0.0,0.0,0.0,0.0,0.0,0.0,0.0,0.0,0.0,0.0,0.0,0.0,0.0,0.0,0.0
333,-0.6074318899723623,-2.1183667467392007,1.8047503461386234,0.0,5.0,1.8904971520032001,1.4697938919680507,1.5791960866061208,1.8175940536299948,1.9492800041289617,2.0209820492706236,2.018427457851089,2.0309517081308193,2.0597235305258503,2.105419763190385,2.134135772231699,2.1373514637104143,2.1398086345533947,2.1389626219807503,2.13996687197668,2.139863476870194,2.1391441911286213,2.1369835402457715,2.1334976688784613,2.128649198117628,2.130939225970788,2.130970853231706,2.1307829223024823,2.1312668047449463,2.1314950899982263,2.1319319855714958,2.1327577129548567,2.134042718431475,2.1372956658910063,2.135964102452937,2.135961641734409,2.135918104023006,2.136043190224075,2.1365831159771482,2.1373457487875496,2.1373850632174305,2.137159506749744,2.1365877988903863,2.135934076512626,2.1347237730179556,2.1339912653244215,2.1330275346707905,2.1318920876087417,2.1319040148036166,2.131965819818307,2.131770853075824,2.1314690857313945,2.1312135629879982,2.1303506182546244,2.1303391621973433,2.1303458153925776,2.1303482176551345,2.1303419358547964,2.1303183080729644,2.130297287735641,2.1304274790886804,2.130486849165358,2.1305629344342436,2.1308000459818874,2.131079141048511,2.131919852196813,2.1329699193402463,2.1329339933757803,2.132933993482473,2.1329339939314655,2.13293399452871,2.132933995378903,2.1329339961579863,2.132933997262576,2.132933998670746,2.132933999662771,2.1329340014215896,2.13293400304821,2.1329340046022978,2.132934006450124,2.1329340084310533,2.132934010107803,2.132934011833068,2.1329340139174087,2.1329340159163115,2.132934017832166,2.1329340201164984,2.1329340219591724,2.132934024004172,2.132934025869259,2.1329340276042448,2.1329340296526875,2.1329340316444942,2.1329340335612033,2.1329340350894923,2.1329340368978893,2.1329340387217837,2.1329340405241815,2.1329340422104623,2.13293404404521,2.1329340456930495,2.1329340470849996,2.132934048693823,2.1329340502520866
334,0.0,0.0,1.8831569358240499,0.0,5.0,1.9566661341048668,1.5323139925475855,1.6531668192971978,1.9105497197692172,2.051175994687497,2.124816425777855,2.1203734807962453,2.130759457591683,2.1556151352493016,2.194076376214703,2.214612667007787,2.214392886600105,2.2125075603776088,2.20750762829166,2.2085928069811493,2.2081316537399975,2.2064618748683213,2.203810843982395,2.2006930390782724,2.198209373156322,2.19975290521219,2.2001342096623295,2.2012210342437344,2.2027223334436057,2.203016204978946,2.2033424319295984,2.203946875273626,2.204773967685644,2.206250401666398,2.2058053731173386,2.205783374723845,2.2055463740003636,2.205397719028302,2.204118480503542,2.2033721807432536,2.203173636449456,2.2028406344618,2.202297597521731,2.201807194692897,2.2010354992706556,2.200521471880044,2.2002167168461892,2.200129012329209,2.200213632278599,2.2003991260065514,2.200589156171405,2.200953090727705,2.2019298946060752,2.202344164518835,2.202308147658919,2.2023117301143094,2.2023049104290378,2.2022763756075117,2.202199347681946,2.202258500145747,2.202912897937432,2.2035254999073466,2.2036514549771575,2.203788814457996,2.2039280146477025,2.204377967648188,2.204687535348203,2.2048187794490577,2.2048187793318745,2.2048187790265117,2.204818778409967,2.204818777678991,2.2048187766941747,2.204818775595318,2.204818774004052,2.2048187724341677,2.2048187709919,2.2048187695433334,2.2048187679239724,2.2048187661567753,2.2048187639989654,2.2048187624039155,2.2048187606536986,2.2048187584205174,2.2048187564531965,2.2048187543972184,2.204818751824958,2.2048187497733407,2.204818747398406,2.204818745251896,2.204818743147907,2.204818740707276,2.204818738280721,2.2048187356472173,2.2048187335470333,2.2048187312453726,2.204818728681315,2.2048187263246164,2.2048187238758143,2.204818721112263,2.2048187183026617,2.204818715967376,2.204818713225743,2.2048187107374013
335,-0.5703687777060389,-2.1286452574498975,1.8831569358240499,0.0,5.0,1.9566661341048668,1.5323139925475855,1.6531668192971978,1.9105497197692172,2.051175994687497,2.124816425777855,2.1203734807962453,2.130759457591683,2.1556151352493016,2.194076376214703,2.214612667007787,2.214392886600105,2.2125075603776088,2.20750762829166,2.2085928069811493,2.2081316537399975,2.2064618748683213,2.203810843982395,2.2006930390782724,2.198209373156322,2.19975290521219,2.2001342096623295,2.2012210342437344,2.2027223334436057,2.203016204978946,2.2033424319295984,2.203946875273626,2.204773967685644,2.206250401666398,2.2058053731173386,2.205783374723845,2.2055463740003636,2.205397719028302,2.204118480503542,2.2033721807432536,2.203173636449456,2.2028406344618,2.202297597521731,2.201807194692897,2.2010354992706556,2.200521471880044,2.2002167168461892,2.200129012329209,2.200213632278599,2.2003991260065514,2.200589156171405,2.200953090727705,2.2019298946060752,2.202344164518835,2.202308147658919,2.2023117301143094,2.2023049104290378,2.2022763756075117,2.202199347681946,2.202258500145747,2.202912897937432,2.2035254999073466,2.2036514549771575,2.203788814457996,2.2039280146477025,2.204377967648188,2.204687535348203,2.2048187794490577,2.2048187793318745,2.2048187790265117,2.204818778409967,2.204818777678991,2.2048187766941747,2.204818775595318,2.204818774004052,2.2048187724341677,2.2048187709919,2.2048187695433334,2.2048187679239724,2.2048187661567753,2.2048187639989654,2.2048187624039155,2.2048187606536986,2.2048187584205174,2.2048187564531965,2.2048187543972184,2.204818751824958,2.2048187497733407,2.204818747398406,2.204818745251896,2.204818743147907,2.204818740707276,2.204818738280721,2.2048187356472173,2.2048187335470333,2.2048187312453726,2.204818728681315,2.2048187263246164,2.2048187238758143,2.204818721112263,2.2048187183026617,2.204818715967376,2.204818713225743,2.2048187107374013
336,-0.53313192558474,-2.138275362194525,1.9312766688776897,0.0,5.0,2.009471084004698,1.5806567203614816,1.7086368195450217,1.9761768283976757,2.1166335521866464,2.185566002794083,2.179489684661392,2.1866244883248696,2.2053338548920984,2.233855956043988,2.245735785465697,2.2429905111709023,2.238236067762396,2.2311650066448174,2.2322313913179164,2.231717185316634,2.2299700579004877,2.228014047677028,2.226714295728407,2.227175875660819,2.2275111933925777,2.228033288917076,2.2297035645783514,2.2314240030468655,2.231613414357391,2.231681918865571,2.231819552799688,2.2319155982780585,2.231225979215905,2.2317942029663453,2.231773260739114,2.2315470984668897,2.2312727854543235,2.2294138924174463,2.2281179156043973,2.228002637760604,2.228028594411113,2.2279944417157496,2.228065331750692,2.2283064881527976,2.2283995663903915,2.228821470595796,2.2294916584739517,2.2295182072814073,2.229584555726266,2.2298003337410632,2.2301962792137022,2.2308369465024103,2.2315417347394377,2.2315294397340777,2.2315246469549033,2.2315156151002777,2.2314946461732554,2.231421366501307,2.2314188171565488,2.2315147209650332,2.231615388371498,2.2316223486918427,2.231522647305384,2.231372710492423,2.2309257947517986,2.2302411586526105,2.2302900205516294,2.230290020405182,2.2302900199266653,2.230290019205154,2.230290018282494,2.23029001730811,2.2302900161236785,2.230290014612,2.2302900133878194,2.2302900117583557,2.230290010200446,2.2302900087451376,2.23029000703444,2.2302900051770402,2.230290003666643,2.2302900022317464,2.230290000396268,2.2302899987754072,2.2302899971533487,2.230289995284171,2.230289993767135,2.230289992005632,2.230289990470985,2.230289989004943,2.230289987377645,2.2302899857730765,2.2302899841041803,2.2302899827888485,2.230289981363547,2.2302899797953746,2.230289978405887,2.230289976990749,2.230289975432725,2.2302899739470394,2.230289972747082,2.2302899712831445,2.230289969998025
337,-0.49573267631434287,-2.14725412754989,1.9600000836703122,0.0,5.0,2.0517084474984237,1.6179835337493254,1.7499521388484962,2.021452639828394,2.155939673993188,2.216424444494727,2.2090505457048346,2.212610541300152,2.224559627362145,2.2430128219165617,2.247759271075633,2.243785210988145,2.237988685224375,2.2309390495820303,2.231906886722372,2.231574022069932,2.2304010442524236,2.229774242049217,2.2306396501793873,2.233366807715186,2.232564590397779,2.2329892247894048,2.234394900791665,2.2356029649293996,2.2355805340856865,2.235377304393921,2.2350538421126713,2.234532026177202,2.232316552388376,2.2335712653345094,2.233566192642475,2.2334973187020797,2.233264386082373,2.2319842560988414,2.230961439351968,2.23104496542342,2.2314280367359567,2.231830813793211,2.2323007312479515,2.233149970627004,2.233551972676977,2.2340574020174673,2.23450832286511,2.234400910842408,2.234254351113985,2.234195652874005,2.234173263026667,2.233840800888148,2.234153458477126,2.2341691049680814,2.2341639542309855,2.2341651662532165,2.2341785289975276,2.2342100671392235,2.2341821520335063,2.2337829202977275,2.2334143565480216,2.2333347378834167,2.2331743455313937,2.2329902613297756,2.232474907459322,2.2320109582993175,2.231988696121922,2.231988696186536,2.2319886963340427,2.2319886966194233,2.231988696995731,2.2319886975079903,2.231988698066286,2.2319886989907025,2.231988699915462,2.2319887006775065,2.231988701452887,2.231988702446027,2.2319887034971537,2.2319887047904587,2.231988705746346,2.2319887069060753,2.231988708276909,2.231988709557177,2.2319887108579537,2.231988712511694,2.2319887138583883,2.231988715346642,2.231988716775674,2.23198871812839,2.2319887197644137,2.231988721399099,2.231988723129571,2.2319887245361594,2.2319887261374864,2.231988727826723,2.231988729466331,2.231988731114238,2.231988733009731,2.2319887348887963,2.231988736529284,2.231988738375114,2.2319887401165963
338,-0.4581824220684702,-2.1555788184970854,1.9768621677620017,0.0,5.0,2.085949110298289,1.6471687061464613,1.781020958587009,2.052528459552028,2.1779119944794316,2.2284033804539134,2.220071732786871,2.2202333572275643,2.225810140373808,2.2354710375188582,2.2353063531300603,2.2312557965115207,2.225887828246041,2.2202160737674284,2.221045212554303,2.2209832209313873,2.220618551506457,2.2212883431312815,2.2236788164467556,2.2272928234162594,2.2258059973660798,2.2259681463398815,2.2264891948932535,2.2268038392707044,2.226557350149371,2.2261797183817795,2.2255917775082086,2.2248049038052207,2.2221856390109216,2.223599728879728,2.2236139123703973,2.223735536762239,2.223649597371289,2.223523757202421,2.22317045965816,2.223400371020913,2.2238791496379093,2.224387095153795,2.224881149110094,2.2256682168526116,2.2259842101716463,2.226113099844668,2.2259340069855806,2.2257451817189677,2.225499615201786,2.2252256703313726,2.224896424464889,2.2241245626548363,2.2241400898570536,2.224155713430668,2.2241569255764935,2.2241694528872635,2.2242097515005375,2.2243484989068674,2.2243791972897142,2.2240911584477496,2.2238281522824694,2.2237652602902727,2.2236990824614473,2.2236681663964903,2.2236380985856616,2.223868522618398,2.2238790241291713,2.223879024321172,2.2238790248386633,2.223879025619007,2.223879026602458,2.2238790276839273,2.2238790288800447,2.2238790305506164,2.223879031956013,2.223879033538814,2.2238790350411652,2.22387903656671,2.223879038282571,2.223879040129554,2.2238790416189875,2.2238790431278455,2.2238790449114596,2.223879046539029,2.223879048141314,2.2238790499826924,2.2238790515343636,2.2238790532572894,2.223879054866127,2.223879056336638,2.2238790580354144,2.223879059737412,2.2238790615026223,2.223879062934235,2.223879064528728,2.22387906618805,2.2238790677382387,2.2238790692859784,2.2238790710690997,2.2238790727425592,2.223879074213722,2.2238790758925346,2.223879077429744
339,-0.42049260101832087,-2.1632468992546063,1.9866643538955313,0.0,5.0,2.1142434792584,1.67048213871436,1.8048988826003616,2.0741240376606673,2.1891280125140766,2.229489448263191,2.2204946036249535,2.2176758690381635,2.2177331736095796,2.220356425637243,2.217347783710894,2.213985887552257,2.2098970099662822,2.206094135642958,2.2067829794831524,2.2069567879342755,2.207286863381976,2.208794717575257,2.2116764846228603,2.214882632396286,2.213254026492912,2.2131175324265,2.212605254855361,2.2121125092245477,2.211723810239562,2.211339550540379,2.2107721875287223,2.210141562483796,2.2081717237132805,2.2092863034706363,2.209312816327783,2.2095563281303443,2.209630318035934,2.2105553475637487,2.2108428153377404,2.2111066911163744,2.2114259358825765,2.2117361701681126,2.2119630427808334,2.2122500657324236,2.2122940205791433,2.2120241000310488,2.21145783490797,2.211299439713279,2.2111287825364383,2.2108778766596004,2.2105857956599797,2.210118606002504,2.2101304407776814,2.2101231584220207,2.2101287923291313,2.210141916858402,2.2101769247217686,2.2103167729750424,2.2104008844138745,2.2104962490496853,2.2105907659584916,2.210588713885763,2.2106152249798634,2.210694050014662,2.2109479449378604,2.2113646650331518,2.2114284359636827,2.21142843606913,2.2114284363152645,2.211428436631235,2.2114284369882817,2.2114284373119597,2.211428437616203,2.2114284379679434,2.2114284381320792,2.2114284384871397,2.211428438755726,2.2114284389111982,2.2114284390979946,2.211428439131254,2.2114284392412697,2.211428439243953,2.2114284391632273,2.211428439108582,2.211428439001068,2.211428438751156,2.2114284386042855,2.211428438406951,2.2114284382526748,2.2114284380342584,2.2114284377727658,2.211428437523938,2.2114284372174224,2.2114284369893715,2.211428436742745,2.2114284364094807,2.211428436105439,2.211428435767811,2.21142843541766,2.2114284349904896,2.211428434684489,2.2114284342977055,2.2114284339474115
340,-0.6074318899723623,-2.1183667467392007,1.8047503461386234,0.0,5.0,1.8904971520032001,1.4697938919680507,1.5791960866061208,1.8175940536299948,1.9492800041289617,2.0209820492706236,2.018427457851089,2.0309517081308193,2.0597235305258503,2.105419763190385,2.134135772231699,2.1373514637104143,2.1398086345533947,2.1389626219807503,2.13996687197668,2.139863476870194,2.1391441911286213,2.1369835402457715,2.1334976688784613,2.128649198117628,2.130939225970788,2.130970853231706,2.1307829223024823,2.1312668047449463,2.1314950899982263,2.1319319855714958,2.1327577129548567,2.134042718431475,2.1372956658910063,2.135964102452937,2.135961641734409,2.135918104023006,2.136043190224075,2.1365831159771482,2.1373457487875496,2.1373850632174305,2.137159506749744,2.1365877988903863,2.135934076512626,2.1347237730179556,2.1339912653244215,2.1330275346707905,2.1318920876087417,2.1319040148036166,2.131965819818307,2.131770853075824,2.1314690857313945,2.1312135629879982,2.1303506182546244,2.1303391621973433,2.1303458153925776,2.1303482176551345,2.1303419358547964,2.1303183080729644,2.130297287735641,2.1304274790886804,2.130486849165358,2.1305629344342436,2.1308000459818874,2.131079141048511,2.131919852196813,2.1329699193402463,2.1329339933757803,2.132933993482473,2.1329339939314655,2.13293399452871,2.132933995378903,2.1329339961579863,2.132933997262576,2.132933998670746,2.132933999662771,2.1329340014215896,2.13293400304821,2.1329340046022978,2.132934006450124,2.1329340084310533,2.132934010107803,2.132934011833068,2.1329340139174087,2.1329340159163115,2.132934017832166,2.1329340201164984,2.1329340219591724,2.132934024004172,2.132934025869259,2.1329340276042448,2.1329340296526875,2.1329340316444942,2.1329340335612033,2.1329340350894923,2.1329340368978893,2.1329340387217837,2.1329340405241815,2.1329340422104623,2.13293404404521,2.1329340456930495,2.1329340470849996,2.132934048693823,2.1329340502520866
341,-0.38267469384849984,-2.17025603405077,1.9923300218561124,0.0,5.0,2.1380841158964117,1.6895601065876966,1.823766165049043,2.089541089410059,2.194048765612953,2.2249278550105793,2.2154990424843666,2.2101866123642107,2.2056911355425934,2.2029672906073827,2.1986625434603417,2.1963571675250537,2.193838802515449,2.1917698954999563,2.192342542515853,2.1926540463912128,2.19339674868845,2.1951809855759374,2.197677766795211,2.1997472969947283,2.1983818011892247,2.198022946108606,2.1967556976819096,2.1958575207970044,2.195452844187078,2.195221103848743,2.19491229423932,2.1947344300534524,2.193963232359148,2.1945629488407046,2.1945896379101284,2.194835032510373,2.195003546678424,2.196387958211302,2.1969884543159557,2.1971852329519512,2.1972267797566296,2.1972049211457056,2.1970778968468423,2.1968045831591847,2.196613630394155,2.1961942260938647,2.195696200651935,2.1956471192731604,2.1956446753877814,2.195586332570123,2.195547745886867,2.195671505123198,2.195763742364136,2.195734984214889,2.195738803348619,2.1957415726503275,2.195744772248748,2.195776568522885,2.195839763917267,2.1961401844018735,2.1964114669206913,2.1964508872410637,2.1964997699196553,2.1965644805366247,2.1967043938896187,2.1967816091611896,2.1968448861527787,2.1968448860964833,2.196844885903962,2.1968448855697877,2.1968448851352966,2.1968448846092157,2.196844883996587,2.196844883126978,2.196844882289758,2.1968448814709953,2.1968448806372427,2.1968448797797753,2.1968448787894452,2.1968448776021674,2.196844876712778,2.196844875804972,2.1968448746161546,2.196844873593261,2.1968448725317247,2.196844871254887,2.1968448702257932,2.1968448690277973,2.1968448679747334,2.1968448669347187,2.19684486578153,2.1968448646307217,2.196844863364644,2.196844862368334,2.1968448613102933,2.196844860101753,2.196844859035393,2.1968448579137423,2.196844856660694,2.1968448553969924,2.1968448543708723,2.196844853127577,2.196844852043202
342,0.0,0.0,1.6825976535174085,0.0,5.0,1.8086398133310375,1.390422053071095,1.4829871379393664,1.6911386965306918,1.8015063810060807,1.8615607264989467,1.8609883703615777,1.8735787196569678,1.902041410256204,1.9488240396432803,1.9819946105560375,1.9885019658740186,1.9954452516870784,1.9995931637570141,2.000435233752473,2.0008938319528573,2.001746394844865,2.001236623585345,1.9992492547535545,1.993712749267025,1.995913347778765,1.9955055324584432,1.9937684961493862,1.9925810515269855,1.9925349138517754,1.9927548804128392,1.9932516479367126,1.994144039243535,1.997166721717356,1.9957004270019263,1.995727964797168,1.9959822312221982,1.9963696045462451,1.9988969878701401,2.001235089274353,2.001723375837957,2.002146643853066,2.002344890618924,2.0023656554263947,2.0022809581974075,2.002517928772821,2.00234921820814,2.002011615344852,2.001973533280551,2.0018712007166557,2.0016207082195665,2.001054468203104,1.9996034723744152,1.9983310892892687,1.99837751504437,1.9983738662398183,1.998377862191866,1.9983924060549363,1.9983904262083283,1.9982224761966172,1.997268017578796,1.996270129117374,1.9961568638108171,1.996128996740318,1.9960759531807475,1.9957863880182822,1.9955919847597958,1.9952987879547621,1.9952987880245348,1.995298788219648,1.9952987887360403,1.9952987892636203,1.9952987900616632,1.9952987909808884,1.9952987923457293,1.995298793685521,1.9952987950560959,1.9952987963082591,1.9952987977449403,1.9952987992518743,1.9952988011530564,1.9952988025478398,1.9952988042408328,1.9952988062966523,1.9952988082307246,1.9952988102095197,1.995298812808832,1.9952988148525788,1.9952988171470278,1.9952988193025842,1.9952988214044478,1.995298823992623,1.9952988265339089,1.9952988291732812,1.9952988312913886,1.9952988337856716,1.9952988364239659,1.9952988390779578,1.9952988416898654,1.9952988446206728,1.9952988475718914,1.995298850091232,1.9952988529561084,1.9952988557497318
343,0.0,0.0,1.9955939612441416,0.0,5.0,2.1584876363212877,1.7055059060494215,1.8390769953941979,2.1009344822351292,2.1954839458884625,2.2178965197369207,2.2081980160768664,2.200855404969547,2.1927077970002076,2.186036833324502,2.181427569962744,2.1802524402686947,2.1792302442576457,2.1784602608116677,2.1789515632769203,2.179296106482905,2.180159064409539,2.181775703495138,2.183422878787203,2.1842472395012016,2.1833301496506823,2.1828778148316887,2.1813311122104295,2.180475904041637,2.1801633472966273,2.180164275111153,2.1802105336789666,2.180547767028531,2.1809066153457075,2.1810364553768786,2.1810523363970042,2.1811913681256323,2.1813581044418258,2.1824936722236896,2.1830032180732664,2.1830836845980777,2.1828872866921025,2.182585866589456,2.1822107475441315,2.181616181453259,2.181352961541058,2.1810685396024976,2.1809462230698813,2.181011035823325,2.1811501539989906,2.1812900929153916,2.181489762637246,2.182004567982906,2.182083295553643,2.1820528187382444,2.1820511092909287,2.182041499893377,2.1820117812127875,2.181913704080388,2.1819006361735687,2.1821169268704077,2.1822862481090417,2.1823329350617233,2.1823641338512365,2.182360888895041,2.1822679832325904,2.1819994720231777,2.1820134572085412,2.1820134570764647,2.182013456750132,2.182013456253268,2.182013455695851,2.1820134550818233,2.1820134544553005,2.1820134536559657,2.1820134529830293,2.1820134522114034,2.182013451480297,2.182013450867157,2.182013450122979,2.1820134493381294,2.182013448712591,2.1820134482001947,2.1820134475119275,2.182013446955706,2.1820134463846834,2.1820134457776863,2.1820134452684665,2.1820134446522568,2.182013444142227,2.1820134436435907,2.182013443151676,2.1820134426464417,2.182013442056509,2.182013441602341,2.182013441174425,2.182013440642921,2.182013440229992,2.1820134397641517,2.1820134392416897,2.182013438717741,2.1820134383096383,2.182013437776796,2.1820134373711677
344,0.07690926789748724,-2.202393275316035,1.9999098865634515,0.0,5.0,2.237551949364669,1.760603757925239,1.8836644522405261,2.115795618101315,2.1631514127336744,2.158311240953769,2.148158916723061,2.135646530571208,2.118685613722567,2.10428548713311,2.103126829931949,2.105403988736747,2.1081844934707976,2.1083825931466813,2.1088931341225625,2.1087396607184865,2.108397057473668,2.1078263734125993,2.1072169414371116,2.1076146113279344,2.1076302049824527,2.1077816499848643,2.1083030690855558,2.108280088195218,2.1082980498883837,2.1080799942977726,2.107797225597272,2.107563771007492,2.1071336102413785,2.1074259260223975,2.107438611197516,2.1075467203645153,2.1075786113370647,2.1079592978977266,2.107993144203012,2.1080596690263387,2.108047243926983,2.108036627652778,2.1079668655412998,2.1078360222684256,2.107761139749984,2.107674040086794,2.1077339840611744,2.1077264196490773,2.107781133829022,2.1078673288759053,2.1079746059830464,2.10803673339627,2.1080300669230496,2.10801414832521,2.108008942371489,2.1080005003179956,2.107979624949162,2.107896208597222,2.1078426429455908,2.1077462845117525,2.107643371648661,2.107679094033173,2.10774254882309,2.107790021261702,2.107895277795017,2.1079959395585557,2.1079426427396575,2.107942642717268,2.1079426426998342,2.1079426426755212,2.1079426426563037,2.1079426426107886,2.1079426425653742,2.107942642493665,2.1079426423901353,2.10794264236217,2.1079426422683367,2.1079426421853813,2.1079426420545735,2.1079426418719347,2.107942641759437,2.10794264169338,2.10794264155284,2.107942641451006,2.1079426413339455,2.1079426411882287,2.1079426410753563,2.1079426409116446,2.1079426407947697,2.107942640650217,2.107942640554829,2.107942640429409,2.1079426402169403,2.1079426400706525,2.1079426399882952,2.1079426398264154,2.1079426397103096,2.1079426395501524,2.107942639378962,2.10794263916596,2.1079426390261125,2.1079426388228324,2.107942638726771
345,0.11533461681902313,-2.2007155883505325,1.99984287991107,0.0,5.0,2.2325864415237624,1.7557339275276063,1.8777048599861963,2.1084751404845914,2.1565760494509303,2.1540792090651704,2.1439082593636516,2.131911865445102,2.1158649891706096,2.102233461671626,2.1009794844597387,2.102964297914586,2.1055279222371697,2.105740366923493,2.1062509290557414,2.106143942478061,2.105894463819161,2.105409855056807,2.104765527458286,2.105030193920767,2.1050471256280474,2.1051611908922214,2.105584392101485,2.105620197261384,2.105658807987217,2.105526631143621,2.1053571900859684,2.1052600634896055,2.1049801867443807,2.105226580502398,2.105232755450255,2.105277077596242,2.1052780534132505,2.105370029670626,2.105242914961803,2.1052805038507403,2.10526174533839,2.1052685069902557,2.1052485541430426,2.1052671480839007,2.1053191470591757,2.105394965685679,2.1055195359511636,2.105501761474171,2.1054927779322368,2.105493320569975,2.1054675558345446,2.105315276927568,2.1052059600938375,2.105215324522173,2.105214209101474,2.1052148081474806,2.1052172904548723,2.105219386836673,2.1052047435360666,2.105170267692964,2.1051105919272484,2.10513057417748,2.10518484961663,2.105238665654758,2.105372965618484,2.1055306040281163,2.1055007007381294,2.105500700733683,2.1055007007082573,2.1055007006672835,2.105500700576018,2.1055007004595834,2.1055007003270045,2.1055007001234682,2.10550069989033,2.105500699772586,2.105500699584313,2.1055006994100123,2.1055006991715803,2.1055006988737337,2.1055006986707485,2.105500698498977,2.1055006982364146,2.105500698026799,2.105500697799869,2.105500697529559,2.1055006973079493,2.105500697020815,2.1055006967865277,2.105500696532512,2.10550069631801,2.105500696065857,2.105500695704517,2.1055006954366835,2.1055006952267075,2.1055006949248667,2.105500694689592,2.10550069439819,2.1055006940679672,2.1055006936921927,2.1055006934081963,2.1055006930391316,2.1055006928031292
346,0.15372483369900442,-2.1983675420980076,1.9997260552002905,0.0,5.0,2.2255044417424417,1.7491128955363862,1.8699292706500388,2.0994637777216547,2.1490181349056487,2.1495581913813546,2.139374980626436,2.1280388895331597,2.113154108287262,2.1004973216184015,2.099080860776023,2.1006870490983047,2.102957439443036,2.103185713599822,2.1036951978071485,2.103650099540548,2.103528381704886,2.1031753157830084,2.1025154841412284,2.1026178055659455,2.1026270455143536,2.1026869681069336,2.102958293003586,2.1030429470016507,2.1030997247079983,2.1030695490905367,2.1030360465553595,2.10310658590943,2.1030273255103653,2.1032109775962318,2.103210295634971,2.103187477321426,2.1031596654164475,2.10296959408096,2.102692904928846,2.1026993385451624,2.102664927992134,2.102669087040229,2.1026783028986946,2.1028077456920653,2.102962262010558,2.1031784980223414,2.103363498985665,2.1033417418008677,2.1032836967263004,2.1032189690611287,2.1030973013859358,2.10281772591222,2.102656164598733,2.102684795282096,2.1026868876338756,2.1026944459845205,2.1027150529573313,2.102784878636131,2.102804125148671,2.1028301455296483,2.1028131861935107,2.102813853015474,2.1028404194205312,2.102874584693561,2.102964171251806,2.1030992436649885,2.1030986832816314,2.103098683294447,2.1030986832808427,2.1030986832552316,2.1030986831642418,2.1030986830620892,2.103098682947485,2.1030986827788603,2.103098682579769,2.10309868249008,2.1030986823411766,2.103098682223323,2.1030986820412476,2.1030986818143735,2.103098681661984,2.1030986815288237,2.103098681320504,2.1030986811559007,2.1030986809774252,2.1030986807630736,2.103098680589337,2.1030986803570357,2.103098680172373,2.1030986799649813,2.103098679804459,2.1030986796053854,2.1030986793018793,2.1030986790801984,2.1030986789135535,2.1030986786643946,2.103098678476729,2.1030986782361967,2.1030986779639282,2.1030986776431004,2.10309867740452,2.103098677088072,2.103098676898084
347,0.03846049166791103,-2.2034000919548142,1.999948317777383,0.0,5.0,2.2404367891845105,1.763762021802135,1.8878610096995436,2.1215050098982533,2.168848381871209,2.162369168045437,2.1522380021320773,2.13935046690532,2.121716656043254,2.1067405273827156,2.1056026216908066,2.108090135429698,2.111020453709375,2.111217776498297,2.111725972581513,2.1115418469764786,2.11114064626114,2.1105199965931942,2.1099368652628603,2.1104122261896157,2.110429969881628,2.1106047882171786,2.111188359359835,2.111132324385709,2.111136870508391,2.1108654330327936,2.1105110868973025,2.1101861408435565,2.10964153712681,2.1099694097841524,2.109986319754064,2.110135884274947,2.1101869248427954,2.1107574026093423,2.110916441427862,2.1110112114676105,2.11102226149225,2.111004796814615,2.110904479617006,2.1106614374591373,2.110478847642677,2.110241888379083,2.110218006272311,2.1102130050727066,2.110314445598238,2.1104642511136795,2.1106841214514502,2.1109525049940303,2.111077783628922,2.111037808863253,2.1110293105830835,2.111013466652984,2.1109737066153147,2.1108234939816386,2.110744710148944,2.1106130967541623,2.110491833296677,2.110535610674734,2.110589832596402,2.1106135929980137,2.1106378392886787,2.1106278997415013,2.1105669956526736,2.110566995615018,2.110566995607746,2.1105669956051916,2.110566995678393,2.1105669957349504,2.110566995823791,2.1105669959638154,2.1105669960718907,2.110566996192096,2.110566996265782,2.110566996364224,2.110566996436659,2.110566996481463,2.1105669965430507,2.1105669966609537,2.1105669967410274,2.110566996832465,2.1105669969137955,2.1105669969936045,2.1105669970765737,2.1105669971361483,2.1105669972289665,2.110566997280824,2.110566997401675,2.110566997502022,2.110566997549196,2.110566997613885,2.1105669977519477,2.110566997833622,2.1105669979282977,2.11056699799702,2.1105669980994235,2.1105669981623914,2.110566998264558,2.1105669983406723,2.1105669984831086
348,0.19206822450547503,-2.1953498517960948,1.9995223876570263,0.0,5.0,2.2162592591316628,1.7406894962802377,1.8602700788787612,2.0886620401654827,2.140352937320893,2.1446167415989534,2.134433075540655,2.1239084047494954,2.1104472439874136,2.098995255123305,2.0973615515392017,2.098495876716965,2.1003815311876513,2.100605602622268,2.101114849350444,2.1011455015260374,2.1011837118834156,2.1010171164918763,2.1003991220105407,2.1003529445583187,2.1003279085291684,2.100316177301801,2.1003703439042654,2.100455560117496,2.1005168105210767,2.100583158820418,2.100681176878541,2.100925150451966,2.1010866843952187,2.1011931777537285,2.1011874297014197,2.1011150776323473,2.1010744397084062,2.1007199148303393,2.1003585825152413,2.1003357099640785,2.1002621331479108,2.100227066832587,2.1002182253657016,2.1003640593499435,2.1005619227103565,2.100858258114534,2.1010918951523734,2.101079627628709,2.1010071820377787,2.1009218625276014,2.1007729612836545,2.100503766659049,2.100344305113226,2.100381329661305,2.1003848904184523,2.1003952192439534,2.100422993682121,2.1005214462570403,2.1005592247740044,2.10063508111273,2.1006530392727703,2.100637184055589,2.100626727236034,2.1006215293962383,2.1006109867543215,2.1006557908369934,2.100682380546382,2.1006823805691077,2.1006823805776413,2.1006823805833643,2.100682380543472,2.1006823805113384,2.1006823804799,2.1006823804529966,2.100682380395313,2.1006823803968735,2.1006823803623007,2.1006823803835983,2.1006823803517216,2.1006823803021604,2.1006823802802854,2.1006823802764534,2.1006823802307557,2.100682380204854,2.1006823801731516,2.100682380128014,2.1006823801016554,2.1006823800369046,2.1006823800099843,2.100682379949442,2.100682379953041,2.1006823799245673,2.10068237981995,2.100682379759589,2.100682379749317,2.1006823796830685,2.1006823796527327,2.100682379587506,2.1006823795246192,2.100682379413803,2.100682379356621,2.100682379247696,2.100682379231902
349,0.0,0.0,1.9999703592455589,0.0,5.0,2.2412705866484472,1.7652417586620046,1.89033918943965,2.125672361868973,2.1737613031383134,2.1663624234652463,2.1562522954602708,2.143129716211558,2.1250625073962026,2.1096969806661034,2.108499912854523,2.1111170760818867,2.1141342430378924,2.1143503062506404,2.114853131783238,2.114654330919635,2.114228556495397,2.1135876049924796,2.1130037603456016,2.11348487470128,2.1135163395373353,2.1137024049473485,2.1143238226347423,2.1142841943525537,2.114288916199295,2.114007289743666,2.113635532778529,2.1132720190942917,2.1126357044795316,2.11299424641747,2.113011702823402,2.1131667519630253,2.113215145615941,2.1137999071538824,2.1140130729922584,2.1141367115344174,2.1142084293432233,2.1142199482208963,2.114140878329062,2.113886154296195,2.1136533616280135,2.113312033216495,2.1131742095761554,2.1131527486279507,2.1132565373071404,2.113409970731375,2.113667034297676,2.114036785297728,2.1142894196605146,2.114234107666724,2.114224748813253,2.114206675240973,2.114161551156928,2.1139968527723374,2.1139230501386694,2.1138102826357117,2.1137202676658062,2.113763733728622,2.113798834172954,2.1137993766414955,2.1137395525509395,2.113616934070558,2.113569778597239,2.113569778547226,2.113569778521996,2.113569778498467,2.113569778594347,2.1135697786842367,2.1135697788377352,2.113569779093848,2.1135697793296897,2.1135697795259767,2.113569779702823,2.1135697799342377,2.113569780148232,2.113569780360334,2.1135697805462006,2.113569780790608,2.11356978102629,2.1135697812554888,2.113569781478462,2.113569781722606,2.1135697819468033,2.113569782168456,2.113569782412645,2.1135697826078834,2.1135697828881956,2.1135697831528626,2.113569783385404,2.113569783600225,2.113569783898011,2.1135697841543912,2.113569784403674,2.1135697846370314,2.1135697849338375,2.1135697851917983,2.1135697854639965,2.113569785736964,2.1135697860499207
350,0.23035310947015464,-2.1916634366624934,1.9991673640858547,0.0,5.0,2.2047857108218993,1.7303929253936239,1.8486345580395573,2.0759357857450804,2.130416745709855,2.139087365482531,2.12892277034034,2.1193716219924528,2.1076174836283275,2.097638955525722,2.0957557828745736,2.0963165012775224,2.0977047753191305,2.097869492559629,2.0983822077198884,2.0984985529380373,2.0987202650226617,2.0987988930883663,2.098322774898042,2.0982052766411785,2.098098585592799,2.0980021551982353,2.0977816063826937,2.0977910383110405,2.0978332920805847,2.0979661597185517,2.0981577620188037,2.0985396188590815,2.098924606157639,2.0989594987385427,2.0989522402551595,2.098865315465949,2.0988362709442216,2.09851412382111,2.0981752894037795,2.098135756968787,2.098008892191254,2.097908348053512,2.097837142212182,2.0978979263629056,2.098069281511295,2.098358136607711,2.098597186422282,2.098603608959381,2.0985501067168597,2.098483399804488,2.0983662660597484,2.0982220707054164,2.0981025039620023,2.0981362991819545,2.098139798991856,2.0981489999449146,2.0981734972530948,2.098263452254557,2.098305470871009,2.0984254454922873,2.0984770878346373,2.098452900375126,2.098410643835293,2.098364944787282,2.098250914187492,2.0981891299563618,2.098236497541442,2.0982364975636054,2.0982364975867407,2.0982364976099306,2.098236497617304,2.09823649764397,2.098236497677896,2.0982364977700745,2.098236497835024,2.098236497891744,2.0982364979373833,2.0982364980600257,2.0982364981392463,2.0982364982204085,2.098236498293352,2.098236498392479,2.098236498473661,2.098236498554377,2.0982364986380126,2.0982364987255515,2.098236498818334,2.098236498888562,2.0982364989927595,2.098236499052219,2.098236499187234,2.0982364993010756,2.098236499373562,2.0982364994581273,2.098236499578806,2.098236499672128,2.0982364997726424,2.0982364998623715,2.098236499990713,2.0982365000763514,2.098236500190819,2.098236500275471,2.0982365004144934
351,0.0,0.0,1.998548632405698,0.0,5.0,2.190988159157283,1.7181198993936233,1.8348881044117669,2.0610918312641564,2.1189759203511325,2.1327325988843837,2.1226175531892375,2.114218088321666,2.104486766570135,2.0963095937017435,2.0941860589878987,2.094064523237017,2.0948179723633236,2.0948168240901555,2.0953406066258,2.095544799390582,2.0959545430469517,2.0963265976415846,2.0961262369607843,2.0960906792836407,2.0958366299718385,2.0956549269664118,2.0951417704859994,2.0949989895426455,2.094995030435006,2.095143349111486,2.0953583521998906,2.095792451985724,2.0962787394527167,2.096286298303507,2.0962817555350406,2.096221856560171,2.096226623022116,2.0961388677484916,2.0959338930763582,2.0959025592831524,2.0957385301992613,2.095582564616149,2.095439824086365,2.095366581560996,2.095464774826119,2.095663582842394,2.0958400952458853,2.095861421377997,2.095839841061668,2.095803188884456,2.095735822814385,2.0957431720613906,2.095670683846796,2.095693318259818,2.095696013676487,2.0957022241242154,2.0957183989716173,2.095782002709877,2.09582103050363,2.0959772969518973,2.096061066505463,2.0960374963530803,2.0959800997938633,2.0959118779472696,2.0957455174008186,2.0956265009482586,2.0956862186995036,2.09568621871692,2.0956862187479226,2.0956862187746093,2.0956862188048793,2.09568621885245,2.095686218899291,2.0956862190238694,2.095686219122408,2.0956862191660037,2.0956862192131216,2.0956862193418995,2.0956862194304864,2.095686219518964,2.0956862195961174,2.0956862197069333,2.095686219800468,2.0956862198870474,2.0956862199814847,2.0956862200774484,2.0956862201856175,2.0956862202727295,2.0956862203993727,2.0956862204745295,2.0956862206210256,2.09568622075731,2.0956862208770075,2.0956862210020453,2.0956862211395815,2.095686221267745,2.095686221384528,2.0956862215109395,2.0956862216948746,2.0956862218426897,2.0956862220139736,2.095686222158591,2.0956862223314054
352,0.2685678266462109,-2.187309419614964,1.998548632405698,0.0,5.0,2.190988159157283,1.7181198993936233,1.8348881044117669,2.0610918312641564,2.1189759203511325,2.1327325988843837,2.1226175531892375,2.114218088321666,2.104486766570135,2.0963095937017435,2.0941860589878987,2.094064523237017,2.0948179723633236,2.0948168240901555,2.0953406066258,2.095544799390582,2.0959545430469517,2.0963265976415846,2.0961262369607843,2.0960906792836407,2.0958366299718385,2.0956549269664118,2.0951417704859994,2.0949989895426455,2.094995030435006,2.095143349111486,2.0953583521998906,2.095792451985724,2.0962787394527167,2.096286298303507,2.0962817555350406,2.096221856560171,2.096226623022116,2.0961388677484916,2.0959338930763582,2.0959025592831524,2.0957385301992613,2.095582564616149,2.095439824086365,2.095366581560996,2.095464774826119,2.095663582842394,2.0958400952458853,2.095861421377997,2.095839841061668,2.095803188884456,2.095735822814385,2.0957431720613906,2.095670683846796,2.095693318259818,2.095696013676487,2.0957022241242154,2.0957183989716173,2.095782002709877,2.09582103050363,2.0959772969518973,2.096061066505463,2.0960374963530803,2.0959800997938633,2.0959118779472696,2.0957455174008186,2.0956265009482586,2.0956862186995036,2.09568621871692,2.0956862187479226,2.0956862187746093,2.0956862188048793,2.09568621885245,2.095686218899291,2.0956862190238694,2.095686219122408,2.0956862191660037,2.0956862192131216,2.0956862193418995,2.0956862194304864,2.095686219518964,2.0956862195961174,2.0956862197069333,2.095686219800468,2.0956862198870474,2.0956862199814847,2.0956862200774484,2.0956862201856175,2.0956862202727295,2.0956862203993727,2.0956862204745295,2.0956862206210256,2.09568622075731,2.0956862208770075,2.0956862210020453,2.0956862211395815,2.095686221267745,2.095686221384528,2.0956862215109395,2.0956862216948746,2.0956862218426897,2.0956862220139736,2.095686222158591,2.0956862223314054
353,0.3067007354605939,-2.182289126929278,1.9974707029658703,0.0,5.0,2.1747223899443013,1.7037149942633731,1.818828295877606,2.043839378467474,2.105676260613522,2.1251874593576883,2.1151678499273268,2.1081198606499094,2.100771592871589,2.094810321321917,2.0925288193697713,2.0916177590550666,2.091577905232769,2.091239637106943,2.0917868026589366,2.0920682150358014,2.092637440963196,2.093315766398427,2.0935264594065894,2.093790608576776,2.0933184157756806,2.093071931374886,2.092324384076193,2.0919973526102686,2.0919273916783068,2.0920326031522296,2.0921844664640203,2.092547304300736,2.092898492714721,2.092968057956066,2.092969451340896,2.0929683177466685,2.09301391261545,2.093267146178162,2.0932520320644765,2.093257125260117,2.093104316813662,2.0929450870891135,2.0927711766845363,2.092603118272958,2.0926299742809014,2.092703743895542,2.092768297616621,2.092788402536923,2.0927867780258915,2.0927644747365814,2.0927245422893197,2.0928120846464644,2.0927697654370983,2.092779509899438,2.092781241298771,2.092784741891171,2.0927936757899586,2.0928338631887606,2.092867719960642,2.093031744247409,2.0931272084804564,2.0931084769728634,2.0930531353476183,2.092986119558392,2.092835328605582,2.0927400381737407,2.092801468175387,2.0928014681951836,2.0928014682465044,2.0928014682948093,2.092801468353514,2.0928014684200495,2.0928014684696072,2.092801468592712,2.0928014686782968,2.092801468706409,2.092801468734661,2.0928014688298857,2.092801468887935,2.0928014689281405,2.092801468973483,2.092801469051625,2.0928014691024863,2.0928014691472465,2.092801469199639,2.0928014692385286,2.0928014693053076,2.0928014693447805,2.0928014694310026,2.0928014694617305,2.0928014695511172,2.0928014696375956,2.0928014697176693,2.0928014698122865,2.0928014698962536,2.092801469977605,2.09280147003896,2.092801470121586,2.0928014702642765,2.0928014703734785,2.0928014705138738,2.0928014706192135,2.092801470741426
354,0.34474022025987877,-2.17660408783522,1.9955939612441416,0.0,5.0,2.1557692539703117,1.6869417171412489,1.8001462760951426,2.023731306368323,2.089963276390865,2.115865562751914,2.106008486500223,2.100538106054536,2.095988690254739,2.0927769903188174,2.090542158099873,2.08875552084942,2.0877620706408093,2.0868513910267676,2.0874390324460514,2.0877696084281143,2.0884228983744997,2.089352407734078,2.090048811997821,2.090839584801029,2.090101321511588,2.089836129982082,2.0890106388582113,2.0885581202329653,2.088423525512941,2.0884427624709145,2.088460935111709,2.088633099117984,2.0885639399991667,2.0888088944388166,2.088816803065831,2.0888801567399637,2.088949679176583,2.089474668261081,2.0895989376453445,2.0896554444438173,2.089571478131566,2.0894776529278722,2.089343429936902,2.08918741933011,2.089187546659981,2.0891695513755555,2.089136612423119,2.0891374363293016,2.0891324226416117,2.089104027354977,2.0890619037500806,2.0891239801549877,2.0890998610755496,2.089100017111281,2.089100641501079,2.08910253406354,2.089108027168729,2.0891359916268177,2.08916262439436,2.089285398630574,2.089352222973936,2.089336513549952,2.0892904940555144,2.089237301613909,2.089136243841305,2.0891127293098317,2.089164363918676,2.0891643639515127,2.089164364042175,2.089164364146403,2.0891643642637017,2.089164364383753,2.089164364474841,2.0891643646397835,2.0891643647448235,2.089164364824067,2.089164364886199,2.0891643649941787,2.0891643650740708,2.0891643651233354,2.0891643651841316,2.0891643652717455,2.0891643653335925,2.089164365385424,2.089164365442263,2.089164365479148,2.0891643655460963,2.0891643655850514,2.0891643656698418,2.0891643656949648,2.0891643657740655,2.0891643658519707,2.0891643659250403,2.089164366014008,2.0891643660832395,2.089164366153356,2.0891643661975294,2.089164366266377,2.0891643663954773,2.089164366488104,2.089164366614155,2.0891643667031237,2.0891643668048068
355,0.382674693848499,-2.1702560340507704,1.9923300218561124,0.0,5.0,2.133798177915379,1.6674419589546576,1.7783719492059167,2.0000788912420844,2.070962286881579,2.1038129252945015,2.094213543008828,2.0905739630833486,2.089298842360085,2.0895192451672284,2.0877232426756502,2.0850324819920196,2.0829676700482485,2.0812172455967746,2.0818657418703674,2.082198775360712,2.08280878066062,2.083837287027714,2.084949972194121,2.086394924660888,2.085406289280172,2.0851880824281874,2.0845199262918435,2.084108672377935,2.0839411365971965,2.0838714054189844,2.0837403264235013,2.083668964514866,2.082989383528482,2.0834932433950075,2.083505009152469,2.0836066223041336,2.0836628945977775,2.084219003232405,2.0843310762634353,2.0844286007223385,2.0844458999535025,2.0844568566961894,2.0844168877077407,2.084370755283528,2.0843901205928126,2.084352531724174,2.0842957752095788,2.084269921437971,2.084248245141027,2.0842119602610496,2.084166591721366,2.084155223365793,2.0841674826173535,2.0841622607409978,2.084161436587388,2.084162195431362,2.084166349359329,2.0841871923892046,2.084203599314257,2.084248679972422,2.0842566766650696,2.0842411766070685,2.0842019692458136,2.084159918734226,2.084094187687212,2.084122365064971,2.0841568383716687,2.084156838417079,2.0841568385383717,2.084156838694222,2.0841568388645935,2.084156839040934,2.0841568391861176,2.0841568394147565,2.08415683956871,2.0841568397297,2.0841568398559343,2.084156840017951,2.084156840160963,2.0841568402773105,2.0841568403939363,2.0841568405347335,2.084156840664956,2.0841568407761075,2.0841568408910165,2.084156840996201,2.0841568411167115,2.0841568412157225,2.0841568413525917,2.084156841427552,2.0841568415649006,2.0841568416973377,2.0841568418228955,2.0841568419530665,2.0841568420714607,2.0841568421947367,2.0841568422875567,2.084156842402616,2.0841568425811334,2.08415684271887,2.0841568428814012,2.084156843015453,2.0841568431630795
356,0.23035310947015464,-2.1916634366624934,1.9991673640858547,0.0,5.0,2.2047857108218993,1.7303929253936239,1.8486345580395573,2.0759357857450804,2.130416745709855,2.139087365482531,2.12892277034034,2.1193716219924528,2.1076174836283275,2.097638955525722,2.0957557828745736,2.0963165012775224,2.0977047753191305,2.097869492559629,2.0983822077198884,2.0984985529380373,2.0987202650226617,2.0987988930883663,2.098322774898042,2.0982052766411785,2.098098585592799,2.0980021551982353,2.0977816063826937,2.0977910383110405,2.0978332920805847,2.0979661597185517,2.0981577620188037,2.0985396188590815,2.098924606157639,2.0989594987385427,2.0989522402551595,2.098865315465949,2.0988362709442216,2.09851412382111,2.0981752894037795,2.098135756968787,2.098008892191254,2.097908348053512,2.097837142212182,2.0978979263629056,2.098069281511295,2.098358136607711,2.098597186422282,2.098603608959381,2.0985501067168597,2.098483399804488,2.0983662660597484,2.0982220707054164,2.0981025039620023,2.0981362991819545,2.098139798991856,2.0981489999449146,2.0981734972530948,2.098263452254557,2.098305470871009,2.0984254454922873,2.0984770878346373,2.098452900375126,2.098410643835293,2.098364944787282,2.098250914187492,2.0981891299563618,2.098236497541442,2.0982364975636054,2.0982364975867407,2.0982364976099306,2.098236497617304,2.09823649764397,2.098236497677896,2.0982364977700745,2.098236497835024,2.098236497891744,2.0982364979373833,2.0982364980600257,2.0982364981392463,2.0982364982204085,2.098236498293352,2.098236498392479,2.098236498473661,2.098236498554377,2.0982364986380126,2.0982364987255515,2.098236498818334,2.098236498888562,2.0982364989927595,2.098236499052219,2.098236499187234,2.0982364993010756,2.098236499373562,2.0982364994581273,2.098236499578806,2.098236499672128,2.0982364997726424,2.0982364998623715,2.098236499990713,2.0982365000763514,2.098236500190819,2.098236500275471,2.0982365004144934
357,0.4204926010183219,-2.163246899254606,1.986664353895531,0.0,5.0,2.108319965215461,1.6446827972098281,1.7528010621102703,1.9718354146134762,2.0473086619453764,2.0874934897344892,2.078281810960088,2.0767440876198626,2.0792633960772084,2.0837553606264207,2.0830472375112374,2.079535459154702,2.0764002183230295,2.07359292164328,2.0743220914620624,2.074599009339842,2.0750032939704726,2.07587846561342,2.0771246165440442,2.0791130473123975,2.0779929255378344,2.07788583952882,2.077607257137131,2.0774631175511047,2.0773193829660928,2.0772063271246264,2.0769875781020315,2.076734290948822,2.0755084915859463,2.076256407401283,2.0762673602525514,2.076361130664999,2.076366063724103,2.076666592840188,2.076604712550684,2.0767141983514046,2.07682262183955,2.076917274126276,2.0769683223496602,2.0770399085600912,2.0770789462543733,2.077066566618614,2.077051886211191,2.0770070248709502,2.07697645115911,2.0769497057485866,2.0769297412622283,2.0768882816340106,2.07697015481389,2.0769610798680627,2.0769586419525408,2.0769578278859386,2.07695945339054,2.0769684458945874,2.0769738085419167,2.076952472103828,2.0769135511918972,2.0769009212109886,2.0768673946725564,2.076831432793846,2.0767754309230444,2.0768019450134734,2.076820072577788,2.0768200726195425,2.0768200727247073,2.0768200728665893,2.076820073018334,2.076820073178727,2.076820073312696,2.076820073524428,2.076820073670762,2.076820073837364,2.0768200739623026,2.0768200741282112,2.076820074271581,2.0768200743992495,2.0768200745212653,2.0768200746694,2.0768200748155503,2.0768200749406827,2.0768200750702546,2.0768200752010837,2.076820075336255,2.076820075451387,2.076820075599984,2.076820075691684,2.07682007585456,2.0768200760048328,2.076820076139593,2.0768200762759026,2.0768200764149296,2.076820076557625,2.0768200766736857,2.0768200768043403,2.07682007699399,2.0768200771420195,2.0768200773104333,2.076820077454789,2.076820077625876
358,0.0,0.0,1.9995223876570263,0.0,5.0,2.2162592591316628,1.7406894962802377,1.8602700788787612,2.0886620401654827,2.140352937320893,2.1446167415989534,2.134433075540655,2.1239084047494954,2.1104472439874136,2.098995255123305,2.0973615515392017,2.098495876716965,2.1003815311876513,2.100605602622268,2.101114849350444,2.1011455015260374,2.1011837118834156,2.1010171164918763,2.1003991220105407,2.1003529445583187,2.1003279085291684,2.100316177301801,2.1003703439042654,2.100455560117496,2.1005168105210767,2.100583158820418,2.100681176878541,2.100925150451966,2.1010866843952187,2.1011931777537285,2.1011874297014197,2.1011150776323473,2.1010744397084062,2.1007199148303393,2.1003585825152413,2.1003357099640785,2.1002621331479108,2.100227066832587,2.1002182253657016,2.1003640593499435,2.1005619227103565,2.100858258114534,2.1010918951523734,2.101079627628709,2.1010071820377787,2.1009218625276014,2.1007729612836545,2.100503766659049,2.100344305113226,2.100381329661305,2.1003848904184523,2.1003952192439534,2.100422993682121,2.1005214462570403,2.1005592247740044,2.10063508111273,2.1006530392727703,2.100637184055589,2.100626727236034,2.1006215293962383,2.1006109867543215,2.1006557908369934,2.100682380546382,2.1006823805691077,2.1006823805776413,2.1006823805833643,2.100682380543472,2.1006823805113384,2.1006823804799,2.1006823804529966,2.100682380395313,2.1006823803968735,2.1006823803623007,2.1006823803835983,2.1006823803517216,2.1006823803021604,2.1006823802802854,2.1006823802764534,2.1006823802307557,2.100682380204854,2.1006823801731516,2.100682380128014,2.1006823801016554,2.1006823800369046,2.1006823800099843,2.100682379949442,2.100682379953041,2.1006823799245673,2.10068237981995,2.100682379759589,2.100682379749317,2.1006823796830685,2.1006823796527327,2.100682379587506,2.1006823795246192,2.100682379413803,2.100682379356621,2.100682379247696,2.100682379231902
359,0.45818242206846943,-2.1555788184970854,1.9768621677620022,0.0,5.0,2.0786319441632584,1.6178935325568173,1.7224073635963357,1.9374515346109873,2.0169277210713608,2.064499963359571,2.055845108579537,2.056669533580636,2.0634941857302502,2.073204723031238,2.074529888007787,2.0704552610913223,2.066470918119968,2.0625798329742504,2.063402447950888,2.0635719407001925,2.063624986311948,2.064047883092406,2.0649433961424553,2.067032902039815,2.066012053667505,2.0660455086397747,2.066254349159156,2.0665367529630383,2.066473363841989,2.0663897889523946,2.066200891047835,2.065926715823552,2.06452005052995,2.065362465501673,2.065368649099022,2.0654155609717395,2.065356741698932,2.065263202149967,2.064990905854213,2.0650900695703567,2.0652544158574897,2.065367856627828,2.0654520361064663,2.0655496955601484,2.0655605533271895,2.065549324704992,2.0655689695547115,2.0655203956039774,2.0655002401012745,2.065497437113946,2.0655242819385675,2.065522153920787,2.0656708309168357,2.06565703291799,2.065653399874621,2.065650575385506,2.0656474666131275,2.065638173479935,2.0656351989732458,2.06559637868623,2.065553897963511,2.06555193300827,2.0655331253865565,2.06550979183338,2.065470354753631,2.065474160566995,2.0654812123551007,2.065481212374023,2.065481212413677,2.065481212465827,2.0654812125161346,2.065481212568032,2.0654812126037068,2.0654812126801043,2.065481212718391,2.0654812127826396,2.065481212808059,2.0654812128836273,2.0654812129188875,2.0654812129412097,2.0654812129759144,2.0654812130364397,2.0654812130845612,2.065481213123926,2.065481213167788,2.065481213208541,2.0654812132612372,2.065481213282838,2.06548121334215,2.065481213357368,2.0654812134413487,2.0654812135024376,2.06548121352832,2.0654812135757084,2.0654812136369882,2.0654812136901675,2.0654812137323857,2.0654812137758434,2.0654812138569465,2.0654812138979306,2.065481213971512,2.0654812140097336,2.0654812141038095
360,0.0,0.0,1.9600000836703129,0.0,5.0,2.0437664684763868,1.5860046706987483,1.6857549543237846,1.894723820256414,1.9767897343027763,2.0312149204587078,2.023322732251783,2.0266982169288514,2.0382099629307704,2.054032319888163,2.058577129375442,2.0544182189824847,2.0501191585892142,2.045476490968523,2.0463902584549634,2.046439354201735,2.046100335006059,2.045854766031989,2.0458807874684957,2.0473687016069713,2.0467311042772702,2.046871367320225,2.0474220451314706,2.0480789043429035,2.048116391845844,2.048115344116057,2.0480615983640575,2.0479300899232027,2.046836786322604,2.0475376110848797,2.047538220519506,2.0475304848256237,2.047434591090261,2.0470717706090986,2.046739574382458,2.0468329719998044,2.047026505569994,2.0471063766609134,2.0471630538562304,2.047181170403775,2.0471237748561295,2.047057249298646,2.0470496342702362,2.0470085649327823,2.0470102148873823,2.047026013096142,2.0470834597459535,2.047124155632563,2.047276702691348,2.0472584655445174,2.0472544230978804,2.047250037392968,2.047242215912164,2.0472158428471277,2.0472073171253062,2.047185232046977,2.0471650563623984,2.0471787080980564,2.047187668216406,2.047191036332763,2.04719962538987,2.0472066241473463,2.047203641890777,2.0472036418811133,2.0472036418452153,2.047203641790851,2.047203641723181,2.047203641644682,2.047203641567332,2.0472036414814507,2.0472036413815182,2.047203641326591,2.0472036412356434,2.0472036411969126,2.0472036410981325,2.0472036409811634,2.0472036409055043,2.047203640848991,2.0472036407638887,2.047203640687372,2.0472036406134815,2.047203640522988,2.047203640459326,2.047203640349722,2.0472036402835494,2.047203640187411,2.0472036401518934,2.047203640081878,2.047203639950209,2.047203639869131,2.0472036398110007,2.047203639727564,2.0472036396531226,2.0472036395630053,2.047203639480831,2.047203639357707,2.047203639287021,2.0472036391626838,2.0472036391294033
361,0.7537220107671522,-2.0708342051286825,0.9999999999999991,0.0,5.0,1.5627819369561091,1.1151816889561759,1.1089566947077822,1.1272678795979059,1.074355739358908,1.0628158164501895,1.0638436503245023,1.064522262922068,1.0670128862764166,1.0696545191209375,1.071196164448366,1.0701270637637486,1.069719458833858,1.0682740091105893,1.0690851030473003,1.0692880372023352,1.0694818833402349,1.069675912784755,1.0694186918467843,1.0699412326124762,1.0695205676091981,1.0694450515852447,1.0693308861287993,1.0694462633585458,1.069477492410749,1.0695603460854615,1.0696256607316792,1.069671485895123,1.069171021088707,1.069526035910758,1.0695263636244947,1.069518322871199,1.0694863329844166,1.0694300859468897,1.0693726400105301,1.0694508282956072,1.0695652253655659,1.069587931806616,1.0695788114521443,1.0695076334766096,1.0694751312365072,1.0694485789751738,1.069504178048796,1.069491356997659,1.069508673610364,1.069528888042366,1.0695423836999467,1.0695016899877967,1.0694818330667097,1.0694766237221773,1.069473999402436,1.0694721889421386,1.0694698645593648,1.0694621132378546,1.0694575569317641,1.0694779121748006,1.0694778831496619,1.0694939118150422,1.0695214169294547,1.0695389143177976,1.0695220561374097,1.0694765841190343,1.0694743766263464,1.0694743766122328,1.0694743765969252,1.0694743765893573,1.0694743765933619,1.0694743766114738,1.0694743766307222,1.069474376677026,1.0694743767071608,1.0694743767314998,1.069474376735973,1.069474376814925,1.0694743768314576,1.0694743768447799,1.0694743768654003,1.069474376892435,1.069474376939291,1.0694743769579227,1.0694743769888886,1.0694743770122266,1.0694743770502664,1.0694743770594348,1.0694743771024586,1.069474377106358,1.0694743771718462,1.0694743772079653,1.069474377220012,1.0694743772540478,1.069474377280585,1.069474377328233,1.0694743773364557,1.0694743773577953,1.06947437741998,1.0694743774436528,1.0694743774959758,1.0694743775154638,1.0694743775896047
362,0.789748255466312,-2.0573645441762958,0.7289587250550809,0.0,5.0,1.4682078781099777,1.020734324025498,0.9910354293077294,0.9644750544225184,0.8722680908703525,0.8347942549792564,0.8369844808946163,0.8333090951684219,0.8263541805572542,0.8144473308215213,0.8058549063510031,0.8029172611294136,0.8000502537404267,0.7958757651660782,0.7966800829901378,0.7965138710654567,0.7957736572926725,0.7951211144166856,0.7937261683967857,0.7942832555414412,0.7938498692855197,0.7938144396583866,0.7936921355206574,0.7937798461070285,0.793734197523591,0.7936416431964082,0.7935704918664986,0.7934907472050893,0.7930411029668313,0.7933450132190961,0.7933490375915628,0.7933776438837687,0.7933781472927312,0.7935866682418633,0.7936254998893494,0.7937189880519617,0.7938207077868895,0.7938832650635214,0.7938941589610612,0.7938609771788179,0.7938547825394876,0.7938247733215876,0.7938298412144483,0.7938070948690276,0.7938027936808018,0.7937917674630302,0.7937570168872113,0.7936679053618149,0.7936312357991959,0.7936277242834877,0.7936260182513984,0.7936263823844856,0.7936300840352941,0.7936472876417799,0.7936579649427514,0.7937038520462383,0.7937236112641407,0.7937312540529835,0.7937465623022408,0.7937576576204753,0.7937286713220484,0.7936848262203972,0.7936959961355211,0.7936959961319476,0.7936959961329667,0.79369599614775,0.7936959961694364,0.7936959962108128,0.7936959962489981,0.7936959963230736,0.7936959963750747,0.7936959964199141,0.7936959964481083,0.793695996553046,0.7936959965985523,0.7936959966438639,0.7936959966887615,0.7936959967320726,0.7936959968042495,0.7936959968424304,0.7936959968943447,0.7936959969403329,0.7936959969995467,0.7936959970326173,0.793695997098257,0.7936959971220557,0.7936959972064492,0.79369599726423,0.7936959973065766,0.7936959973646454,0.7936959974047222,0.7936959974755978,0.7936959974994489,0.7936959975429374,0.793695997634016,0.7936959976860423,0.7936959977616679,0.7936959978072173,0.7936959978968545
363,0.7174661750420417,-2.083673069921566,1.2710412749449307,0.0,5.0,1.6568918605225345,1.2094007393718231,1.2267685458137123,1.290195150518163,1.2768389654528505,1.2913518394788452,1.2911914252262873,1.2962156859641736,1.3081477645093336,1.3253593658723772,1.3370870468666964,1.3379127282631313,1.3399953308895503,1.3413068952516558,1.3421231662714586,1.342696748172997,1.3438302310673962,1.344877476477954,1.345773915346117,1.34626908498584,1.3458594833173891,1.3457443065104588,1.3456400039522909,1.3457807529296246,1.3458889773387417,1.3461470267261582,1.3463482360321988,1.34652118666146,1.3459747087613134,1.3463799479078846,1.3463765580493277,1.3463316613563663,1.3462673132477145,1.3459451673180856,1.3457887340767838,1.3458508219630096,1.3459760122338742,1.3459587458123858,1.3459296782840338,1.3458219125973119,1.3457633844052388,1.3457401037251668,1.3458450415631,1.3458418368190503,1.3458804520617256,1.3459319635082836,1.3459948397971506,1.3460060691537512,1.346005360126084,1.3459980012972346,1.345994313495979,1.3459901171113653,1.3459813357895078,1.3459470484054683,1.3459262587040612,1.3459177427337687,1.3458951425876988,1.345919809271458,1.3459602001973083,1.3459852775847827,1.3459867611674188,1.345944606609017,1.345927494076579,1.3459274940507266,1.3459274940133925,1.3459274939752741,1.3459274939507642,1.3459274939336554,1.3459274939249333,1.345927493930546,1.3459274939271422,1.3459274939249557,1.3459274938983496,1.3459274939409756,1.3459274939179526,1.3459274938893158,1.3459274938774657,1.3459274938782084,1.3459274938887233,1.3459274938788455,1.345927493879669,1.3459274938705665,1.3459274938782562,1.3459274938527146,1.3459274938623957,1.3459274938377839,1.345927493875614,1.3459274938795491,1.3459274938469887,1.345927493845055,1.3459274938487948,1.345927493861442,1.345927493845628,1.3459274938334214,1.3459274938516577,1.3459274938313408,1.3459274938462982,1.3459274938242676,1.3459274938721908
364,0.825533935196394,-2.043268190053615,0.49501532733773435,0.0,5.0,1.3780543161830292,0.9314565274450128,0.8802800339880845,0.8131379725346113,0.6867021012049416,0.6274913399178101,0.6308970405034476,0.6239284933530087,0.6097510014474089,0.5870128901812768,0.571639894706741,0.5679386779087324,0.5641347059238428,0.5590181587652953,0.5597832119669832,0.5594906830900592,0.5584828222817035,0.5577965886325804,0.5565044873950695,0.5578122867312597,0.5570671564171454,0.5570774325724945,0.5571396751677934,0.5573842981898316,0.557331946383742,0.5572091816241229,0.5571042534729564,0.5570360023815525,0.5565668420823972,0.5569637049418662,0.5569690487480095,0.5570107308767445,0.5570100014533377,0.5572560880808286,0.557265143823956,0.5573743931131976,0.5574825133408141,0.5575538431942046,0.5575641575461185,0.5575344701265851,0.5575226765426772,0.5574854354710922,0.5574585339232343,0.5574346108023103,0.5574232501045399,0.5573980967274696,0.55734641324251,0.5572644696318084,0.5572319073839077,0.5572276611875043,0.5572262190959849,0.5572271685474119,0.5572326967053077,0.557258968764573,0.5572774921725033,0.5573438745314825,0.5573803009548052,0.5573834036414302,0.5573893346399138,0.5573938444023079,0.5573563278269759,0.5573086300281368,0.5573291111990585,0.5573291111989455,0.5573291112007825,0.5573291112138556,0.5573291112274438,0.557329111261368,0.5573291112891284,0.5573291113518819,0.5573291113928501,0.5573291114244489,0.5573291114426232,0.5573291115362574,0.5573291115708877,0.5573291116065309,0.5573291116421446,0.5573291116689997,0.5573291117269226,0.5573291117501071,0.5573291117882628,0.5573291118174809,0.5573291118645413,0.5573291118828295,0.5573291119355736,0.5573291119475803,0.5573291120156232,0.5573291120585215,0.5573291120905,0.5573291121397856,0.5573291121614182,0.5573291122194183,0.5573291122273555,0.5573291122587989,0.5573291123385633,0.557329112379933,0.557329112445469,0.5573291124789012,0.5573291125526346
365,0.0,0.0,1.6825976535174123,0.0,5.0,1.825416935002999,1.376955380104129,1.4348760440248973,1.5742450949355251,1.6230695766170322,1.6751182320730407,1.6722553944679872,1.6820991666883747,1.704899480398881,1.7381476158652072,1.7588692894901095,1.7599341555501888,1.762120420176265,1.7632778551234967,1.7641931359337257,1.764741641080151,1.7656730136540977,1.7659815753848098,1.7656142881603436,1.7642805020008667,1.7646722231004546,1.7645117686123337,1.7640561764898348,1.763889350103369,1.7639725291345638,1.7641784761087291,1.7643830177364852,1.764491970075184,1.764199863287726,1.7642897696848132,1.7642859305272258,1.7642365019281934,1.7642032582233529,1.7640168934347307,1.7640463274094142,1.764100105118427,1.764221691369175,1.7642237924969482,1.7642159034658644,1.7641312000430165,1.7641053301111485,1.7640799753975684,1.7641966463035181,1.764186596806636,1.7642239245820557,1.7642831220107862,1.7643526824209856,1.7643221187261635,1.764311734716473,1.7643036449002458,1.7642991560830703,1.7642939516169522,1.7642828511883446,1.764236855804271,1.7642034416252048,1.7641437366442814,1.7640791753703142,1.7641102220372586,1.7641694995568815,1.7642152974110794,1.7642744582902672,1.7642828863733109,1.7642434195400911,1.7642434195064822,1.7642434194413272,1.7642434193687069,1.7642434193010847,1.7642434192347187,1.7642434191972303,1.7642434191522165,1.7642434191008887,1.764243419095969,1.76424341905102,1.7642434190592398,1.7642434189996916,1.7642434189340148,1.764243418895287,1.7642434188677605,1.7642434188395542,1.7642434188045388,1.764243418775772,1.764243418737391,1.764243418711716,1.7642434186481408,1.7642434186164624,1.7642434185597524,1.7642434185719196,1.7642434185374218,1.7642434184348275,1.7642434183747011,1.7642434183516877,1.7642434183116753,1.7642434182696065,1.7642434182060627,1.7642434181488804,1.7642434180470496,1.764243417989764,1.7642434178895194,1.764243417893523
366,0.6809917921697642,-2.0958772277123563,1.5049846726622695,0.0,5.0,1.7456309008080704,1.2979687831848858,1.3371618672172518,1.4418819481373264,1.4635135118617362,1.5000980063737421,1.49864364406769,1.5069294304771121,1.5260579104775733,1.5541404273975485,1.5727794239650812,1.5744376591787128,1.5775358968577096,1.5798565640362472,1.580707669656655,1.5814096491353247,1.5828207354913006,1.583912571022241,1.5847394210903631,1.5844950238199997,1.5843964268686273,1.584236539176614,1.5839498385392565,1.5839238928832462,1.584038338465706,1.5843243214067928,1.5845564376027947,1.5847208844356797,1.5842092241939287,1.5845169001580552,1.5845121557627013,1.5844538310321554,1.5843915553318526,1.5840312261632754,1.583898095880219,1.5839419722155899,1.5840548423266871,1.58402882037523,1.5840008162713963,1.583894283421424,1.5838426825441894,1.583826164574429,1.5839592049642532,1.583956121795848,1.5840006071339625,1.5840661419668027,1.5841489565246063,1.5841631633345428,1.5841655051511883,1.584157548239363,1.584153173316533,1.5841477834951885,1.5841359516880273,1.5840881295555231,1.5840566648512635,1.584017782645644,1.5839702424089135,1.5839999793807866,1.584051338299081,1.5840860477326857,1.584113685893888,1.5840903412780816,1.5840597067776714,1.5840597067454696,1.58405970669237,1.5840597066342477,1.5840597065883584,1.5840597065459554,1.5840597065224624,1.584059706503286,1.584059706477943,1.5840597064724105,1.5840597064352266,1.5840597064599706,1.584059706418209,1.5840597063712336,1.584059706345733,1.5840597063349402,1.584059706328831,1.5840597063088395,1.5840597062975885,1.5840597062777315,1.584059706271827,1.5840597062306605,1.5840597062231216,1.5840597061860344,1.5840597062154298,1.5840597062046367,1.584059706142387,1.5840597061158095,1.5840597061117538,1.5840597061040886,1.5840597060803852,1.5840597060481785,1.5840597060355033,1.5840597059819865,1.5840597059675783,1.5840597059142236,1.5840597059476347
367,0.8610681492926879,-2.028549436646661,0.31740234648259436,0.0,5.0,1.2958469778570658,0.8512155940297278,0.7818652150519787,0.6812042699913371,0.5287712843564775,0.454593226272972,0.45927431723903106,0.4506771197333103,0.4327462476591461,0.40484151904530097,0.3875368831903963,0.3845190062413183,0.38172330612475025,0.37784003539844485,0.37853439453674786,0.37839300710435275,0.37786530634246285,0.37795968622254905,0.37788471637552307,0.3802797446628777,0.379051855189723,0.37906423292766733,0.37929428619776395,0.379659358153153,0.37963602821497083,0.3795863588587624,0.37950228912878176,0.379491834974166,0.37883209706347387,0.3794346584925175,0.37943909830388095,0.37947188996198683,0.37944443401372097,0.37952163532766736,0.37936144584244635,0.3794569483229792,0.3795464148450644,0.3795905696123712,0.3795821861273364,0.3795394612553448,0.37950510734271314,0.3794758631203456,0.37945777945740744,0.3794387828752288,0.37943203676088416,0.3794122713922898,0.3793777746690395,0.3793568040855139,0.3793494858055879,0.37934319962169893,0.37934120842811503,0.37934103724579266,0.3793439946969048,0.3793618241804098,0.3793781465619864,0.3794496752165123,0.3794898640380319,0.37949186022565334,0.3794910219603642,0.3794879466769356,0.37944481612397063,0.37939018289037424,0.3794137146111488,0.3794137146097379,0.3794137146052661,0.37941371460541645,0.37941371460099615,0.3794137146140319,0.3794137146198204,0.37941371465666224,0.3794137146752752,0.37941371468311763,0.37941371467931084,0.3794137147465362,0.3794137147561897,0.3794137147696937,0.379413714785352,0.37941371478865543,0.37941371482394665,0.3794137148257391,0.3794137148437552,0.37941371485125264,0.37941371488067277,0.3794137148769341,0.3794137149100406,0.37941371490608167,0.37941371495456216,0.37941371497787635,0.3794137149924159,0.37941371502702775,0.3794137150286598,0.3794137150703603,0.37941371506136845,0.379413715077447,0.3794137151405778,0.37941371516680084,0.3794137152181124,0.379413715235322,0.37941371529329415
368,0.0,0.0,0.19524965386138327,0.0,5.0,1.2231637972082432,0.781692538466727,0.6979755860933549,0.5718495306278544,0.40256304373208984,0.3207288603942537,0.32666993753881096,0.31811038354916593,0.29988011124924696,0.27222588028596156,0.25717815615024786,0.25582262489510516,0.25526197325608835,0.2537903571347465,0.25441371134612284,0.2545415072727915,0.25478632504409104,0.25579690685882367,0.25690114937777697,0.25972291881851617,0.25824190844899303,0.2581710766181747,0.25824087631999015,0.25839571031976255,0.2583693472015025,0.2583739243220866,0.25828517217005775,0.2582614824981313,0.2573739369376632,0.2580959891280332,0.25809954800492557,0.2581238972472596,0.25808612411576853,0.2580450227288874,0.25774938922270785,0.25780240620194284,0.25783132286279736,0.25784798215159943,0.25782968585445,0.2578055919637749,0.2577842302459718,0.2578017684014249,0.2578455536720846,0.25783089561168726,0.25782785798922225,0.25782406636258476,0.25781830850836723,0.2578565468058835,0.2578786610436125,0.2578718437694362,0.25786874647410046,0.25786686588896407,0.2578661054705322,0.25786942727528045,0.25787665715424785,0.25792822242993135,0.25794907663725314,0.2579502192166074,0.2579442313208449,0.25793418411496705,0.2578918892780108,0.2578397906197575,0.25785947218078303,0.2578594721802572,0.25785947217705313,0.2578594721767842,0.2578594721681251,0.25785947217479166,0.2578594721742717,0.25785947220519545,0.2578594722186127,0.257859472226497,0.2578594722196085,0.25785947227498196,0.25785947227838607,0.257859472291902,0.2578594723048117,0.2578594723037142,0.2578594723400294,0.257859472342025,0.25785947236135087,0.2578594723736074,0.25785947240582835,0.2578594724025528,0.2578594724357332,0.2578594724360867,0.2578594724894679,0.25785947251585856,0.2578594725340306,0.25785947257046765,0.2578594725751729,0.2578594726233622,0.25785947262063885,0.25785947264213815,0.25785947271032955,0.2578594727422608,0.25785947279657495,0.2578594728187362,0.2578594728840216
369,0.49573267631434215,-2.1472541275498904,1.9600000836703129,0.0,5.0,2.0437664684763868,1.5860046706987483,1.6857549543237846,1.894723820256414,1.9767897343027763,2.0312149204587078,2.023322732251783,2.0266982169288514,2.0382099629307704,2.054032319888163,2.058577129375442,2.0544182189824847,2.0501191585892142,2.045476490968523,2.0463902584549634,2.046439354201735,2.046100335006059,2.045854766031989,2.0458807874684957,2.0473687016069713,2.0467311042772702,2.046871367320225,2.0474220451314706,2.0480789043429035,2.048116391845844,2.048115344116057,2.0480615983640575,2.0479300899232027,2.046836786322604,2.0475376110848797,2.047538220519506,2.0475304848256237,2.047434591090261,2.0470717706090986,2.046739574382458,2.0468329719998044,2.047026505569994,2.0471063766609134,2.0471630538562304,2.047181170403775,2.0471237748561295,2.047057249298646,2.0470496342702362,2.0470085649327823,2.0470102148873823,2.047026013096142,2.0470834597459535,2.047124155632563,2.047276702691348,2.0472584655445174,2.0472544230978804,2.047250037392968,2.047242215912164,2.0472158428471277,2.0472073171253062,2.047185232046977,2.0471650563623984,2.0471787080980564,2.047187668216406,2.047191036332763,2.04719962538987,2.0472066241473463,2.047203641890777,2.0472036418811133,2.0472036418452153,2.047203641790851,2.047203641723181,2.047203641644682,2.047203641567332,2.0472036414814507,2.0472036413815182,2.047203641326591,2.0472036412356434,2.0472036411969126,2.0472036410981325,2.0472036409811634,2.0472036409055043,2.047203640848991,2.0472036407638887,2.047203640687372,2.0472036406134815,2.047203640522988,2.047203640459326,2.047203640349722,2.0472036402835494,2.047203640187411,2.0472036401518934,2.047203640081878,2.047203639950209,2.047203639869131,2.0472036398110007,2.047203639727564,2.0472036396531226,2.0472036395630053,2.047203639480831,2.047203639357707,2.047203639287021,2.0472036391626838,2.0472036391294033
370,0.5331319255847392,-2.138275362194525,1.9312766688776906,0.0,5.0,2.002468612312778,1.5476173845956989,1.6409491553344309,1.8406953989357464,1.9227214546115332,1.982519565516033,1.975618239543306,1.9815585582420017,1.9977986044825173,2.0202383012645573,2.0291882769501846,2.0256201445387356,2.0218622263539787,2.0172636473035306,2.018245027154078,2.018230243544894,2.0176547705152528,2.016783477352123,2.0157111358249584,2.0159550595004885,2.0158992806973517,2.016052286648009,2.016582176951135,2.0173136709729143,2.0174180337794114,2.0174961686726727,2.017598306997134,2.01765495741126,2.0171624502525773,2.0175367942409785,2.017534168891219,2.0174951176607157,2.0174104464507536,2.0170646716662635,2.0168972403076872,2.01700315488796,2.0172149162699764,2.0172605776559203,2.017276796378378,2.0171961139102508,2.0170942781837335,2.0169645603414437,2.016908519580637,2.016877245715018,2.0168959966753572,2.0169166257102025,2.0169693285378174,2.016988431230477,2.0170729606459794,2.0170538915987355,2.0170499342923205,2.0170450831571802,2.0170351801529707,2.0170003271913406,2.0169859845971785,2.016969617555426,2.0169546386719204,2.0169804127660456,2.0170197851234577,2.0170541295007864,2.0171204616773037,2.017155413124963,2.0171379012547406,2.017137901225904,2.0171379011438173,2.0171379010295483,2.017137900897047,2.017137900748479,2.0171379006209826,2.01713790045477,2.017137900284195,2.017137900185566,2.017137900047645,2.0171378999573064,2.0171378997956,2.01713789961293,2.0171378994866895,2.0171378993702715,2.0171378992210247,2.0171378990888487,2.0171378989574853,2.017137898801873,2.017137898678242,2.0171378985019137,2.017137898368644,2.0171378982143247,2.017137898117712,2.017137897976203,2.0171378977517507,2.017137897594117,2.017137897469935,2.0171378973084537,2.017137897168699,2.017137896998866,2.017137896815954,2.017137896588204,2.0171378964241757,2.017137896196715,2.017137896086321
371,0.5703687777060382,-2.1286452574498975,1.8831569358240514,0.0,5.0,1.953251766076761,1.5010583769384631,1.5857012754642332,1.7717295518646088,1.849452260762993,1.9117784398592705,1.9060880217680451,1.9142868876079995,1.934653967103132,1.9632991308417216,1.9773355167084519,1.975074615390346,1.972856693671786,1.9694443181184078,1.9704495789437912,1.9705012804467898,1.9700611475971852,1.9689771499603341,1.9671859175164559,1.9660764970878106,1.96655318318636,1.966614231191537,1.9667642094132278,1.9672017411532998,1.9673107485432102,1.967426446991812,1.96761520179106,1.9677628178236528,1.9677235837419675,1.9677797286921548,1.9677766607387293,1.9677339859503078,1.967689873906581,1.9675388935810594,1.9676142662200393,1.9677288670950803,1.9679376646327937,1.9679757353166865,1.9679783878387627,1.967865747059499,1.9677850676161281,1.9676541299586772,1.9676124186210797,1.9675885694531048,1.9676140065194563,1.9676389843991733,1.9676766511807822,1.9676335162547083,1.9676410621784939,1.9676256555749472,1.9676217058298544,1.9676170815197045,1.9676074720710017,1.9675710578705707,1.9675493344870494,1.9675120825821784,1.9674739905970786,1.9675043796151896,1.9675628448553522,1.9676159120946908,1.9677112272886874,1.9677626279755258,1.9677295636990018,1.9677295636639314,1.967729563572287,1.9677295634545375,1.9677295633210359,1.9677295631767653,1.9677295630658234,1.967729562914517,1.967729562759303,1.9677295626873694,1.9677295625706048,1.9677295624974611,1.9677295623502509,1.9677295621855946,1.9677295620730686,1.9677295619646389,1.9677295618317454,1.967729561712109,1.9677295615936652,1.967729561452342,1.967729561337854,1.9677295611730359,1.9677295610463608,1.9677295609010519,1.9677295608166865,1.9677295606815057,1.9677295604561567,1.9677295602965612,1.9677295601789284,1.9677295600227165,1.9677295598885853,1.9677295597184843,1.9677295595308173,1.967729559295174,1.9677295591222526,1.967729558888259,1.9677295587803973
372,0.6074318899723634,-2.1183667467392002,1.8047503461386212,0.0,5.0,1.8946039858081944,1.444603647065202,1.5176237925767724,1.6839487399167288,1.7511913153788543,1.8114967766358603,1.807184665119648,1.816864876579564,1.8397933881668465,1.8726897750565932,1.891269407779906,1.8907640662434702,1.8908043236077685,1.8895961596310056,1.8905742696383756,1.8908435736286668,1.8909843951177518,1.8903507168259133,1.8888042314272568,1.887026219448308,1.8876886070423426,1.8876145714116537,1.8873179104273903,1.8873338419208716,1.8874163531371257,1.887556167796988,1.8877552200708327,1.8878797754346035,1.8878614339413446,1.887811120562884,1.8878082149332722,1.8877677383911895,1.8877486923230054,1.8876928846929402,1.8878525666933172,1.8879442075328832,1.8881132240881835,1.8881450501110657,1.8881495349068658,1.8880588964795006,1.8880250346553389,1.887951058421745,1.8879928997416133,1.887975345689435,1.8880046581079346,1.8880452253282844,1.8880898752267505,1.8880225109650568,1.8880015865290523,1.887991056198714,1.8879868386637138,1.887982184030524,1.887972589496187,1.8879333757820678,1.8879044179663735,1.8878450695851727,1.8877830822220791,1.8878140386034006,1.887877183171095,1.8879317275762353,1.888018876584324,1.8880578931830667,1.8880167299902302,1.8880167299556643,1.888016729875506,1.8880167297809822,1.8880167296798311,1.8880167295756767,1.888016729506177,1.8880167294116716,1.8880167293116077,1.8880167292828889,1.8880167292085552,1.8880167291798777,1.8880167290797,1.8880167289684202,1.888016728895875,1.8880167288287206,1.8880167287500262,1.8880167286744347,1.8880167286022989,1.8880167285138592,1.8880167284438583,1.8880167283299938,1.8880167282496605,1.8880167281485458,1.8880167281134166,1.8880167280273266,1.8880167278580224,1.8880167277434343,1.8880167276725932,1.8880167275714712,1.888016727482632,1.888016727361743,1.8880167272323838,1.8880167270553068,1.8880167269324712,1.8880167267576782,1.8880167267025765
373,0.6443099726006764,-2.107442960996367,1.6825976535174123,0.0,5.0,1.825416935002999,1.376955380104129,1.4348760440248973,1.5742450949355251,1.6230695766170322,1.6751182320730407,1.6722553944679872,1.6820991666883747,1.704899480398881,1.7381476158652072,1.7588692894901095,1.7599341555501888,1.762120420176265,1.7632778551234967,1.7641931359337257,1.764741641080151,1.7656730136540977,1.7659815753848098,1.7656142881603436,1.7642805020008667,1.7646722231004546,1.7645117686123337,1.7640561764898348,1.763889350103369,1.7639725291345638,1.7641784761087291,1.7643830177364852,1.764491970075184,1.764199863287726,1.7642897696848132,1.7642859305272258,1.7642365019281934,1.7642032582233529,1.7640168934347307,1.7640463274094142,1.764100105118427,1.764221691369175,1.7642237924969482,1.7642159034658644,1.7641312000430165,1.7641053301111485,1.7640799753975684,1.7641966463035181,1.764186596806636,1.7642239245820557,1.7642831220107862,1.7643526824209856,1.7643221187261635,1.764311734716473,1.7643036449002458,1.7642991560830703,1.7642939516169522,1.7642828511883446,1.764236855804271,1.7642034416252048,1.7641437366442814,1.7640791753703142,1.7641102220372586,1.7641694995568815,1.7642152974110794,1.7642744582902672,1.7642828863733109,1.7642434195400911,1.7642434195064822,1.7642434194413272,1.7642434193687069,1.7642434193010847,1.7642434192347187,1.7642434191972303,1.7642434191522165,1.7642434191008887,1.764243419095969,1.76424341905102,1.7642434190592398,1.7642434189996916,1.7642434189340148,1.764243418895287,1.7642434188677605,1.7642434188395542,1.7642434188045388,1.764243418775772,1.764243418737391,1.764243418711716,1.7642434186481408,1.7642434186164624,1.7642434185597524,1.7642434185719196,1.7642434185374218,1.7642434184348275,1.7642434183747011,1.7642434183516877,1.7642434183116753,1.7642434182696065,1.7642434182060627,1.7642434181488804,1.7642434180470496,1.764243417989764,1.7642434178895194,1.764243417893523
374,0.45818242206846943,-2.1555788184970854,1.9768621677620022,0.0,5.0,2.0786319441632584,1.6178935325568173,1.7224073635963357,1.9374515346109873,2.0169277210713608,2.064499963359571,2.055845108579537,2.056669533580636,2.0634941857302502,2.073204723031238,2.074529888007787,2.0704552610913223,2.066470918119968,2.0625798329742504,2.063402447950888,2.0635719407001925,2.063624986311948,2.064047883092406,2.0649433961424553,2.067032902039815,2.066012053667505,2.0660455086397747,2.066254349159156,2.0665367529630383,2.066473363841989,2.0663897889523946,2.066200891047835,2.065926715823552,2.06452005052995,2.065362465501673,2.065368649099022,2.0654155609717395,2.065356741698932,2.065263202149967,2.064990905854213,2.0650900695703567,2.0652544158574897,2.065367856627828,2.0654520361064663,2.0655496955601484,2.0655605533271895,2.065549324704992,2.0655689695547115,2.0655203956039774,2.0655002401012745,2.065497437113946,2.0655242819385675,2.065522153920787,2.0656708309168357,2.06565703291799,2.065653399874621,2.065650575385506,2.0656474666131275,2.065638173479935,2.0656351989732458,2.06559637868623,2.065553897963511,2.06555193300827,2.0655331253865565,2.06550979183338,2.065470354753631,2.065474160566995,2.0654812123551007,2.065481212374023,2.065481212413677,2.065481212465827,2.0654812125161346,2.065481212568032,2.0654812126037068,2.0654812126801043,2.065481212718391,2.0654812127826396,2.065481212808059,2.0654812128836273,2.0654812129188875,2.0654812129412097,2.0654812129759144,2.0654812130364397,2.0654812130845612,2.065481213123926,2.065481213167788,2.065481213208541,2.0654812132612372,2.065481213282838,2.06548121334215,2.065481213357368,2.0654812134413487,2.0654812135024376,2.06548121352832,2.0654812135757084,2.0654812136369882,2.0654812136901675,2.0654812137323857,2.0654812137758434,2.0654812138569465,2.0654812138979306,2.065481213971512,2.0654812140097336,2.0654812141038095
375,0.6809917921697642,-2.0958772277123563,1.5049846726622695,0.0,5.0,1.7456309008080704,1.2979687831848858,1.3371618672172518,1.4418819481373264,1.4635135118617362,1.5000980063737421,1.49864364406769,1.5069294304771121,1.5260579104775733,1.5541404273975485,1.5727794239650812,1.5744376591787128,1.5775358968577096,1.5798565640362472,1.580707669656655,1.5814096491353247,1.5828207354913006,1.583912571022241,1.5847394210903631,1.5844950238199997,1.5843964268686273,1.584236539176614,1.5839498385392565,1.5839238928832462,1.584038338465706,1.5843243214067928,1.5845564376027947,1.5847208844356797,1.5842092241939287,1.5845169001580552,1.5845121557627013,1.5844538310321554,1.5843915553318526,1.5840312261632754,1.583898095880219,1.5839419722155899,1.5840548423266871,1.58402882037523,1.5840008162713963,1.583894283421424,1.5838426825441894,1.583826164574429,1.5839592049642532,1.583956121795848,1.5840006071339625,1.5840661419668027,1.5841489565246063,1.5841631633345428,1.5841655051511883,1.584157548239363,1.584153173316533,1.5841477834951885,1.5841359516880273,1.5840881295555231,1.5840566648512635,1.584017782645644,1.5839702424089135,1.5839999793807866,1.584051338299081,1.5840860477326857,1.584113685893888,1.5840903412780816,1.5840597067776714,1.5840597067454696,1.58405970669237,1.5840597066342477,1.5840597065883584,1.5840597065459554,1.5840597065224624,1.584059706503286,1.584059706477943,1.5840597064724105,1.5840597064352266,1.5840597064599706,1.584059706418209,1.5840597063712336,1.584059706345733,1.5840597063349402,1.584059706328831,1.5840597063088395,1.5840597062975885,1.5840597062777315,1.584059706271827,1.5840597062306605,1.5840597062231216,1.5840597061860344,1.5840597062154298,1.5840597062046367,1.584059706142387,1.5840597061158095,1.5840597061117538,1.5840597061040886,1.5840597060803852,1.5840597060481785,1.5840597060355033,1.5840597059819865,1.5840597059675783,1.5840597059142236,1.5840597059476347
376,0.0,0.0,1.986664353895531,0.0,5.0,2.108319965215461,1.6446827972098281,1.7528010621102703,1.9718354146134762,2.0473086619453764,2.0874934897344892,2.078281810960088,2.0767440876198626,2.0792633960772084,2.0837553606264207,2.0830472375112374,2.079535459154702,2.0764002183230295,2.07359292164328,2.0743220914620624,2.074599009339842,2.0750032939704726,2.07587846561342,2.0771246165440442,2.0791130473123975,2.0779929255378344,2.07788583952882,2.077607257137131,2.0774631175511047,2.0773193829660928,2.0772063271246264,2.0769875781020315,2.076734290948822,2.0755084915859463,2.076256407401283,2.0762673602525514,2.076361130664999,2.076366063724103,2.076666592840188,2.076604712550684,2.0767141983514046,2.07682262183955,2.076917274126276,2.0769683223496602,2.0770399085600912,2.0770789462543733,2.077066566618614,2.077051886211191,2.0770070248709502,2.07697645115911,2.0769497057485866,2.0769297412622283,2.0768882816340106,2.07697015481389,2.0769610798680627,2.0769586419525408,2.0769578278859386,2.07695945339054,2.0769684458945874,2.0769738085419167,2.076952472103828,2.0769135511918972,2.0769009212109886,2.0768673946725564,2.076831432793846,2.0767754309230444,2.0768019450134734,2.076820072577788,2.0768200726195425,2.0768200727247073,2.0768200728665893,2.076820073018334,2.076820073178727,2.076820073312696,2.076820073524428,2.076820073670762,2.076820073837364,2.0768200739623026,2.0768200741282112,2.076820074271581,2.0768200743992495,2.0768200745212653,2.0768200746694,2.0768200748155503,2.0768200749406827,2.0768200750702546,2.0768200752010837,2.076820075336255,2.076820075451387,2.076820075599984,2.076820075691684,2.07682007585456,2.0768200760048328,2.076820076139593,2.0768200762759026,2.0768200764149296,2.076820076557625,2.0768200766736857,2.0768200768043403,2.07682007699399,2.0768200771420195,2.0768200773104333,2.076820077454789,2.076820077625876
377,0.0,0.0,1.2710412749449307,0.0,5.0,1.6568918605225345,1.2094007393718231,1.2267685458137123,1.290195150518163,1.2768389654528505,1.2913518394788452,1.2911914252262873,1.2962156859641736,1.3081477645093336,1.3253593658723772,1.3370870468666964,1.3379127282631313,1.3399953308895503,1.3413068952516558,1.3421231662714586,1.342696748172997,1.3438302310673962,1.344877476477954,1.345773915346117,1.34626908498584,1.3458594833173891,1.3457443065104588,1.3456400039522909,1.3457807529296246,1.3458889773387417,1.3461470267261582,1.3463482360321988,1.34652118666146,1.3459747087613134,1.3463799479078846,1.3463765580493277,1.3463316613563663,1.3462673132477145,1.3459451673180856,1.3457887340767838,1.3458508219630096,1.3459760122338742,1.3459587458123858,1.3459296782840338,1.3458219125973119,1.3457633844052388,1.3457401037251668,1.3458450415631,1.3458418368190503,1.3458804520617256,1.3459319635082836,1.3459948397971506,1.3460060691537512,1.346005360126084,1.3459980012972346,1.345994313495979,1.3459901171113653,1.3459813357895078,1.3459470484054683,1.3459262587040612,1.3459177427337687,1.3458951425876988,1.345919809271458,1.3459602001973083,1.3459852775847827,1.3459867611674188,1.345944606609017,1.345927494076579,1.3459274940507266,1.3459274940133925,1.3459274939752741,1.3459274939507642,1.3459274939336554,1.3459274939249333,1.345927493930546,1.3459274939271422,1.3459274939249557,1.3459274938983496,1.3459274939409756,1.3459274939179526,1.3459274938893158,1.3459274938774657,1.3459274938782084,1.3459274938887233,1.3459274938788455,1.345927493879669,1.3459274938705665,1.3459274938782562,1.3459274938527146,1.3459274938623957,1.3459274938377839,1.345927493875614,1.3459274938795491,1.3459274938469887,1.345927493845055,1.3459274938487948,1.345927493861442,1.345927493845628,1.3459274938334214,1.3459274938516577,1.3459274938313408,1.3459274938462982,1.3459274938242676,1.3459274938721908
378,0.8963400736893531,-2.0132127674303044,0.19524965386138327,0.0,5.0,1.2231637972082432,0.781692538466727,0.6979755860933549,0.5718495306278544,0.40256304373208984,0.3207288603942537,0.32666993753881096,0.31811038354916593,0.29988011124924696,0.27222588028596156,0.25717815615024786,0.25582262489510516,0.25526197325608835,0.2537903571347465,0.25441371134612284,0.2545415072727915,0.25478632504409104,0.25579690685882367,0.25690114937777697,0.25972291881851617,0.25824190844899303,0.2581710766181747,0.25824087631999015,0.25839571031976255,0.2583693472015025,0.2583739243220866,0.25828517217005775,0.2582614824981313,0.2573739369376632,0.2580959891280332,0.25809954800492557,0.2581238972472596,0.25808612411576853,0.2580450227288874,0.25774938922270785,0.25780240620194284,0.25783132286279736,0.25784798215159943,0.25782968585445,0.2578055919637749,0.2577842302459718,0.2578017684014249,0.2578455536720846,0.25783089561168726,0.25782785798922225,0.25782406636258476,0.25781830850836723,0.2578565468058835,0.2578786610436125,0.2578718437694362,0.25786874647410046,0.25786686588896407,0.2578661054705322,0.25786942727528045,0.25787665715424785,0.25792822242993135,0.25794907663725314,0.2579502192166074,0.2579442313208449,0.25793418411496705,0.2578918892780108,0.2578397906197575,0.25785947218078303,0.2578594721802572,0.25785947217705313,0.2578594721767842,0.2578594721681251,0.25785947217479166,0.2578594721742717,0.25785947220519545,0.2578594722186127,0.257859472226497,0.2578594722196085,0.25785947227498196,0.25785947227838607,0.257859472291902,0.2578594723048117,0.2578594723037142,0.2578594723400294,0.257859472342025,0.25785947236135087,0.2578594723736074,0.25785947240582835,0.2578594724025528,0.2578594724357332,0.2578594724360867,0.2578594724894679,0.25785947251585856,0.2578594725340306,0.25785947257046765,0.2578594725751729,0.2578594726233622,0.25785947262063885,0.25785947264213815,0.25785947271032955,0.2578594727422608,0.25785947279657495,0.2578594728187362,0.2578594728840216
379,0.931338964216533,-1.9972628541025583,0.11684306417595136,0.0,5.0,1.1598862326999415,0.72267747085547,0.6282277901465324,0.4842038391201111,0.30632003369076205,0.22312942741952224,0.23020315913141767,0.22293401387893244,0.20698356833506865,0.18334412776987508,0.17288905693302548,0.17337689203803208,0.17514971689148823,0.17590181135302663,0.17648796584955867,0.17681613758012896,0.17760689960774353,0.17902298071282238,0.18035931812293085,0.18249498697755767,0.18122162366871367,0.18102207328588152,0.18065093878695707,0.18035687840956754,0.18030013800992115,0.18031364258610041,0.18022279553887816,0.18018005560519937,0.17937412291008206,0.1799635063093651,0.17996730130850622,0.17999455752788104,0.1799865417354708,0.1800558347531666,0.17983808497256332,0.17986284110523915,0.1798362225896961,0.17984972204474522,0.1798364366112407,0.17985030314270287,0.1798819655900649,0.17995327314943174,0.18006091611267191,0.18004822722067249,0.18004266964195922,0.18004924272744727,0.1800532654844253,0.18009674096462322,0.18011705027088454,0.18011146137297984,0.18010719499166528,0.18010404764865903,0.18010104477017205,0.1800941218516127,0.18009017651003947,0.18009948143643514,0.18007897988579635,0.18007772399242705,0.18007037527187364,0.18005917845421396,0.18003293805216236,0.1800055838602103,0.18001420587847383,0.18001420588333902,0.18001420589082195,0.18001420590785322,0.18001420590979633,0.18001420592812306,0.18001420593944958,0.18001420598414325,0.18001420600700274,0.1800142060415785,0.18001420605097052,0.18001420610717825,0.18001420611879304,0.18001420614673672,0.1800142061690526,0.18001420617266647,0.18001420622128958,0.18001420623306122,0.18001420626257247,0.18001420628821896,0.18001420632972806,0.1800142063342448,0.18001420637250498,0.18001420638226553,0.18001420644652086,0.1800142064801829,0.18001420650269556,0.18001420654096478,0.18001420655228234,0.18001420660842452,0.1800142066147953,0.18001420664151777,0.18001420671247584,0.18001420674563312,0.18001420679847677,0.18001420682180522,0.18001420689357786
380,0.9660541598731275,-1.980704555161533,0.068723331122311,0.0,5.0,1.1048661971008609,0.6728291924716152,0.5707242312309538,0.4150761651810658,0.2350668188148643,0.15511812398570266,0.1631020234540977,0.15783397187052078,0.14561497099307624,0.12780411654180932,0.12241926764246415,0.12430244105633224,0.1276860112407665,0.12963335458683276,0.13023080937571607,0.13060397111415745,0.1314862752974598,0.13263807094194227,0.13324906213191168,0.13402984948131239,0.13330832963962067,0.13302659898298563,0.132291702683442,0.13167920389297308,0.13162357517217343,0.1316571882809943,0.13163817917909162,0.1316910447766665,0.13140530256100452,0.13164975617111793,0.1316531838041455,0.1316775211097285,0.13171474818700482,0.13199202933474435,0.13200496296360517,0.132031759400724,0.13198337988867853,0.1319928064326868,0.13196981805902444,0.13197140962838755,0.13203199757030828,0.13209890808995237,0.13219512705684786,0.13218437768104177,0.1321765594737615,0.13217885019193687,0.13216838609351267,0.1321858478223185,0.13216447977921505,0.13215859211068995,0.1321535158217552,0.1321495065109295,0.132144993243771,0.13213134713449928,0.13211829895189744,0.13209062891430248,0.13203274359342532,0.13203032497383485,0.13202910219976324,0.1320270019335507,0.13204052865584856,0.13206333512945742,0.13205852600653245,0.13205852601650028,0.13205852603276272,0.13205852606557864,0.1320585260734887,0.13205852609755686,0.13205852611684385,0.13205852616391364,0.13205852618124064,0.1320585262423016,0.13205852626405995,0.13205852631212697,0.1320585263216874,0.13205852634943932,0.13205852637206655,0.1320585263671277,0.13205852641211988,0.13205852642016983,0.13205852644485702,0.1320585264644212,0.13205852649861755,0.13205852649263317,0.1320585265177349,0.1320585265191529,0.13205852657383554,0.1320585265931301,0.13205852659331332,0.13205852661155928,0.13205852660708509,0.13205852664509873,0.13205852663753254,0.1320585266435389,0.13205852668587215,0.13205852668676346,0.13205852670873744,0.1320585266998648,0.13205852674876684
381,0.8610681492926879,-2.028549436646661,0.31740234648259436,0.0,5.0,1.2958469778570658,0.8512155940297278,0.7818652150519787,0.6812042699913371,0.5287712843564775,0.454593226272972,0.45927431723903106,0.4506771197333103,0.4327462476591461,0.40484151904530097,0.3875368831903963,0.3845190062413183,0.38172330612475025,0.37784003539844485,0.37853439453674786,0.37839300710435275,0.37786530634246285,0.37795968622254905,0.37788471637552307,0.3802797446628777,0.379051855189723,0.37906423292766733,0.37929428619776395,0.379659358153153,0.37963602821497083,0.3795863588587624,0.37950228912878176,0.379491834974166,0.37883209706347387,0.3794346584925175,0.37943909830388095,0.37947188996198683,0.37944443401372097,0.37952163532766736,0.37936144584244635,0.3794569483229792,0.3795464148450644,0.3795905696123712,0.3795821861273364,0.3795394612553448,0.37950510734271314,0.3794758631203456,0.37945777945740744,0.3794387828752288,0.37943203676088416,0.3794122713922898,0.3793777746690395,0.3793568040855139,0.3793494858055879,0.37934319962169893,0.37934120842811503,0.37934103724579266,0.3793439946969048,0.3793618241804098,0.3793781465619864,0.3794496752165123,0.3794898640380319,0.37949186022565334,0.3794910219603642,0.3794879466769356,0.37944481612397063,0.37939018289037424,0.3794137146111488,0.3794137146097379,0.3794137146052661,0.37941371460541645,0.37941371460099615,0.3794137146140319,0.3794137146198204,0.37941371465666224,0.3794137146752752,0.37941371468311763,0.37941371467931084,0.3794137147465362,0.3794137147561897,0.3794137147696937,0.379413714785352,0.37941371478865543,0.37941371482394665,0.3794137148257391,0.3794137148437552,0.37941371485125264,0.37941371488067277,0.3794137148769341,0.3794137149100406,0.37941371490608167,0.37941371495456216,0.37941371497787635,0.3794137149924159,0.37941371502702775,0.3794137150286598,0.3794137150703603,0.37941371506136845,0.379413715077447,0.3794137151405778,0.37941371516680084,0.3794137152181124,0.379413715235322,0.37941371529329415
382,1.0004750860742482,-1.96354291442549,0.039999916329688245,0.0,5.0,1.0565702189004536,0.6304008415041592,0.5230487710414583,0.3605518693042052,0.18297571847526567,0.10917074529754303,0.11779174031721988,0.1147691466855501,0.10677769405871547,0.09508131722616997,0.09403574484333421,0.0966068496678387,0.1006118687743616,0.10262167632938678,0.10327095924867001,0.10355745880895469,0.10415874121460122,0.1046358645012187,0.10415883567567748,0.10371300647047453,0.10358747966093357,0.10333037736681433,0.10259767649963075,0.10203405894035789,0.10204145189310956,0.10213414987600945,0.10225248382419698,0.10249590203948324,0.10287617572793255,0.10276949041008722,0.10276980005804105,0.10276391387823582,0.10281703733153028,0.10312265077119244,0.10328140557470941,0.10331215312680525,0.10325948672371431,0.10323881902812287,0.10318035425898668,0.10310810162722253,0.10313553604886763,0.10313913968702222,0.10315775552884456,0.10315024127097973,0.10314738842333182,0.10314150397882255,0.10312233701581025,0.10315728632719372,0.10311002466688085,0.10309973420545676,0.10309420543947774,0.10308910665092925,0.10308187155346082,0.10305955576486293,0.10304289195949295,0.10301413677284008,0.10295468658709138,0.10295532090046274,0.10296344316785065,0.10297415513761149,0.1030348548940644,0.10310654880587886,0.10309634864563628,0.10309634865415887,0.10309634866317278,0.10309634868336658,0.10309634866900187,0.10309634866312191,0.10309634865472576,0.10309634865466631,0.10309634862043522,0.10309634866188667,0.10309634865567767,0.10309634865774914,0.10309634862302963,0.10309634860138168,0.1030963485876577,0.10309634853703485,0.10309634853271693,0.10309634849775029,0.1030963484771863,0.1030963484430504,0.10309634843093805,0.10309634837084371,0.1030963483433558,0.10309634829823966,0.10309634829911767,0.10309634826077542,0.10309634819318889,0.10309634815523051,0.10309634809320815,0.10309634806849968,0.10309634800498649,0.10309634794845354,0.103096347915185,0.10309634783774432,0.10309634778968946,0.10309634770239726,0.10309634768443261
383,0.0,0.0,0.49501532733773435,0.0,5.0,1.3780543161830292,0.9314565274450128,0.8802800339880845,0.8131379725346113,0.6867021012049416,0.6274913399178101,0.6308970405034476,0.6239284933530087,0.6097510014474089,0.5870128901812768,0.571639894706741,0.5679386779087324,0.5641347059238428,0.5590181587652953,0.5597832119669832,0.5594906830900592,0.5584828222817035,0.5577965886325804,0.5565044873950695,0.5578122867312597,0.5570671564171454,0.5570774325724945,0.5571396751677934,0.5573842981898316,0.557331946383742,0.5572091816241229,0.5571042534729564,0.5570360023815525,0.5565668420823972,0.5569637049418662,0.5569690487480095,0.5570107308767445,0.5570100014533377,0.5572560880808286,0.557265143823956,0.5573743931131976,0.5574825133408141,0.5575538431942046,0.5575641575461185,0.5575344701265851,0.5575226765426772,0.5574854354710922,0.5574585339232343,0.5574346108023103,0.5574232501045399,0.5573980967274696,0.55734641324251,0.5572644696318084,0.5572319073839077,0.5572276611875043,0.5572262190959849,0.5572271685474119,0.5572326967053077,0.557258968764573,0.5572774921725033,0.5573438745314825,0.5573803009548052,0.5573834036414302,0.5573893346399138,0.5573938444023079,0.5573563278269759,0.5573086300281368,0.5573291111990585,0.5573291111989455,0.5573291112007825,0.5573291112138556,0.5573291112274438,0.557329111261368,0.5573291112891284,0.5573291113518819,0.5573291113928501,0.5573291114244489,0.5573291114426232,0.5573291115362574,0.5573291115708877,0.5573291116065309,0.5573291116421446,0.5573291116689997,0.5573291117269226,0.5573291117501071,0.5573291117882628,0.5573291118174809,0.5573291118645413,0.5573291118828295,0.5573291119355736,0.5573291119475803,0.5573291120156232,0.5573291120585215,0.5573291120905,0.5573291121397856,0.5573291121614182,0.5573291122194183,0.5573291122273555,0.5573291122587989,0.5573291123385633,0.557329112379933,0.557329112445469,0.5573291124789012,0.5573291125526346
384,1.0345912578723304,-1.9457831594964454,0.02313783223799848,0.0,5.0,1.0135021471508918,0.5937095923583681,0.4829023318264566,0.3169863678942223,0.1447825611145652,0.0786778260832179,0.08765685631054727,0.08681142729021143,0.08291540218361944,0.07672321219389935,0.07879924643915784,0.08139894321096658,0.08518933740337374,0.08648812017807539,0.08720916982051066,0.0873528176147465,0.08752069848613851,0.08728546640677642,0.08596381302221716,0.08494313403070587,0.08521223579258334,0.0850741611565915,0.08470653392593314,0.08448459646265635,0.08458786261107452,0.08473984991945784,0.0849704353320777,0.0853552416000564,0.08611180924678744,0.08583959270545308,0.08583456798446844,0.08577631535588179,0.08579781592879163,0.08584884535893536,0.08592534884862517,0.08593985124912412,0.0858896071740392,0.08584002276546612,0.08576000630426568,0.08563879158624474,0.08561487456314391,0.08556927746055747,0.08553132643122428,0.08552407755839557,0.08552732355425374,0.0855217038780804,0.085521372029862,0.08563322426677596,0.08563245204898842,0.08561552455173452,0.08560955090512976,0.085603096921737,0.08559247007375237,0.08556072585794262,0.08554613788408442,0.08554176570759515,0.08550956090579011,0.08551367089594626,0.08552126578684381,0.08553268809146582,0.08560594832602532,0.08568069027847408,0.085677230468572,0.08567723047043982,0.08567723045796331,0.08567723044053704,0.08567723038239944,0.08567723032260999,0.0856772302570708,0.08567723017794081,0.08567723007080633,0.08567723004380612,0.08567722997267431,0.08567722990377177,0.08567722979454122,0.08567722969172924,0.08567722961451861,0.08567722949573334,0.08567722941343915,0.08567722930906872,0.08567722921842319,0.08567722910260062,0.0856772290230464,0.08567722888543411,0.08567722878674339,0.08567722867672004,0.08567722860161654,0.08567722848693923,0.08567722833911412,0.08567722823613359,0.08567722810096715,0.08567722800052772,0.0856772278654088,0.08567722773614887,0.08567722762014465,0.08567722746178,0.0856772273433974,0.08567722717531595,0.08567722708334068
385,0.0,0.0,0.013335646104468801,0.0,5.0,0.9744027736496775,0.5613527915443699,0.44838753848445445,0.2814270640833029,0.1163381769234708,0.058568424040099556,0.06765067482391793,0.0687467828092353,0.06848817778855039,0.06682149817028132,0.0708118542829291,0.07297943493319908,0.07604401653599302,0.07632554464427777,0.07711696442954699,0.07713133725137389,0.07691007860418693,0.0761809947170315,0.07453870373510459,0.07364233792825177,0.07402382579106996,0.07403781725481363,0.07417703897984136,0.07433976787102582,0.07451723680099206,0.07467288350108035,0.07490725512887661,0.07526758495259794,0.0759096968834781,0.07570532780042466,0.07569595975938626,0.07559493845255219,0.07555974782791382,0.07524037757965668,0.07508513577714643,0.0750769799575139,0.07505071695721865,0.07502361100522346,0.07498187768505572,0.07492027400326312,0.07489128436091883,0.07486154254199157,0.0748325809021533,0.07481469732683596,0.07480965644145171,0.07480425076751449,0.07482826608823369,0.07499908167296267,0.07509786071138755,0.07507645754028756,0.07506994822397602,0.07506282174174232,0.07505134709297298,0.0750187841443879,0.07500960666142106,0.07501393433847903,0.07499807064596027,0.07499891076627882,0.07498928825216691,0.07498317732912758,0.07501648690734725,0.07504355588342626,0.07505216632048907,0.07505216632128464,0.07505216629954295,0.07505216626600873,0.07505216619443646,0.07505216612151228,0.0750521660361846,0.07505216594009574,0.07505216582583236,0.07505216576498688,0.07505216567075682,0.07505216558682397,0.07505216546132917,0.07505216534627748,0.07505216525501272,0.07505216512378013,0.07505216503064321,0.07505216491397361,0.07505216481395452,0.0750521646889528,0.07505216460403279,0.07505216446008424,0.07505216435799072,0.07505216424665892,0.07505216416725059,0.07505216405141871,0.07505216391203548,0.07505216381637952,0.0750521636814787,0.07505216358910179,0.07505216345553903,0.07505216333458523,0.07505216323312289,0.07505216309419728,0.07505216299319153,0.0750521628446423,0.0750521627646876
386,1.0683922831509562,-1.9274307001677928,0.013335646104468801,0.0,5.0,0.9744027736496775,0.5613527915443699,0.44838753848445445,0.2814270640833029,0.1163381769234708,0.058568424040099556,0.06765067482391793,0.0687467828092353,0.06848817778855039,0.06682149817028132,0.0708118542829291,0.07297943493319908,0.07604401653599302,0.07632554464427777,0.07711696442954699,0.07713133725137389,0.07691007860418693,0.0761809947170315,0.07453870373510459,0.07364233792825177,0.07402382579106996,0.07403781725481363,0.07417703897984136,0.07433976787102582,0.07451723680099206,0.07467288350108035,0.07490725512887661,0.07526758495259794,0.0759096968834781,0.07570532780042466,0.07569595975938626,0.07559493845255219,0.07555974782791382,0.07524037757965668,0.07508513577714643,0.0750769799575139,0.07505071695721865,0.07502361100522346,0.07498187768505572,0.07492027400326312,0.07489128436091883,0.07486154254199157,0.0748325809021533,0.07481469732683596,0.07480965644145171,0.07480425076751449,0.07482826608823369,0.07499908167296267,0.07509786071138755,0.07507645754028756,0.07506994822397602,0.07506282174174232,0.07505134709297298,0.0750187841443879,0.07500960666142106,0.07501393433847903,0.07499807064596027,0.07499891076627882,0.07498928825216691,0.07498317732912758,0.07501648690734725,0.07504355588342626,0.07505216632048907,0.07505216632128464,0.07505216629954295,0.07505216626600873,0.07505216619443646,0.07505216612151228,0.0750521660361846,0.07505216594009574,0.07505216582583236,0.07505216576498688,0.07505216567075682,0.07505216558682397,0.07505216546132917,0.07505216534627748,0.07505216525501272,0.07505216512378013,0.07505216503064321,0.07505216491397361,0.07505216481395452,0.0750521646889528,0.07505216460403279,0.07505216446008424,0.07505216435799072,0.07505216424665892,0.07505216416725059,0.07505216405141871,0.07505216391203548,0.07505216381637952,0.0750521636814787,0.07505216358910179,0.07505216345553903,0.07505216333458523,0.07505216323312289,0.07505216309419728,0.07505216299319153,0.0750521628446423,0.0750521627646876
387,1.101867865790384,-1.9084911267764293,0.007669978143887812,0.0,5.0,0.9383005435397765,0.5322573514127055,0.41806603394890596,0.2516751541103064,0.09463748876870615,0.04527333512074642,0.054242291378479454,0.056980058047139084,0.05978461439431894,0.06162540628019836,0.0665671238809123,0.06806036477485686,0.07019892531404506,0.06951393336480356,0.07035936843416327,0.07029604014444463,0.06983312311644962,0.06890739749704643,0.06742468051118693,0.06708301804993032,0.0673514842576625,0.06748749999364681,0.06803233090956987,0.06841365808995564,0.0686085192510765,0.0686938586591995,0.0688134501360636,0.06898840750575971,0.06915994189775646,0.0691677417423169,0.0691581871870832,0.06905535704978284,0.06897776229503708,0.06843727733610078,0.06808970999151115,0.06807884901909649,0.06810498853344683,0.06816134492603498,0.06821186423044985,0.06829935290990573,0.06831831294423216,0.06833938810168542,0.06833787374335477,0.06829607899276142,0.06826243880717033,0.0682394406703219,0.06825524113023482,0.0683930374905276,0.06857220453510841,0.06855056396054782,0.06854386937714518,0.06853773379471566,0.0685302684398422,0.06851295679173634,0.06851171827379465,0.06849496932131537,0.06846735752289601,0.06845765200459748,0.06842418519254825,0.0683960842660223,0.06837360030519059,0.06835278524583757,0.06837107681930071,0.06837107683239413,0.06837107683528808,0.06837107684212652,0.06837107682431447,0.06837107681874431,0.06837107679836196,0.06837107680306463,0.06837107678755876,0.06837107679664864,0.06837107678010095,0.06837107678576519,0.06837107675884886,0.06837107675814656,0.06837107675149387,0.06837107670660968,0.06837107672320365,0.06837107669980337,0.06837107669765287,0.0683710766873876,0.06837107670064958,0.06837107666885718,0.06837107667157245,0.06837107666010094,0.06837107669094739,0.06837107668959186,0.0683710766838813,0.06837107669627104,0.06837107666965966,0.06837107670343923,0.06837107667823304,0.06837107667638706,0.06837107671709722,0.06837107672262772,0.06837107674611881,0.0683710767419655,0.06837107678479636
388,1.1350078088038582,-1.8889702084998812,0.004406038755858543,0.0,5.0,0.9044865237466307,0.505646213755972,0.39090533713368425,0.2261801572577487,0.07762270142578875,0.03642399611080001,0.04510365029800339,0.04917878131132893,0.05447405704640636,0.058921792020024094,0.06414575286628613,0.06489314816803779,0.0661209381737648,0.06470621483638227,0.06558242517821622,0.06549993923686583,0.06495848611345749,0.0640840890267591,0.06303503560162894,0.06334464163518898,0.0633879849272368,0.06358201636436639,0.06430015573755056,0.06467206330065342,0.06482840536120087,0.06479796820269985,0.06474168556495577,0.06467090770553499,0.06431737601160452,0.0645469701217786,0.06454208996391354,0.06448539793839143,0.06440506378762001,0.06393953106857679,0.06356389173476838,0.06357630132936994,0.06365671258643897,0.06381047061324199,0.06394929802393869,0.06417008676778962,0.0642397633960382,0.06428021278001261,0.0642608772578119,0.06419168180263755,0.06412408302548889,0.06406721325606618,0.06403820686765493,0.06407223571523801,0.06426548981867233,0.0642459425796907,0.0642398640783007,0.06423614578610878,0.064235845113185,0.06424485161127233,0.06425450070277303,0.06421865451840657,0.06417732579437352,0.06415778266121225,0.06411132545730884,0.0640758513992432,0.06403258119258382,0.06400830355875867,0.06403270165330224,0.06403270168422545,0.06403270172714588,0.06403270179850365,0.06403270185965172,0.06403270194754869,0.0640327020233836,0.06403270216201518,0.06403270226552146,0.06403270238785426,0.0640327024852442,0.0640327026083461,0.06403270271197038,0.06403270285343365,0.06403270295788871,0.0640327030183232,0.06403270316774433,0.06403270325839962,0.0640327033727705,0.06403270349405552,0.06403270361949921,0.06403270371665902,0.06403270383695854,0.06403270393570101,0.0640327040875866,0.06403270421015618,0.06403270434323814,0.06403270446713824,0.0640327045538692,0.06403270471704678,0.06403270480402061,0.06403270492200545,0.06403270510330479,0.06403270524698647,0.06403270538858656,0.06403270552303728,0.06403270568396977
389,1.1678020174437034,-1.868873891598959,0.0025292970341297405,0.0,5.0,0.8724617990686895,0.4809761592563429,0.3661896856354711,0.2038863386585128,0.06393585782479856,0.03051129403268694,0.03876188227560002,0.04389385443443009,0.0511620320333684,0.05748048026788023,0.06256876785332253,0.06260513364638802,0.06305039663855329,0.06118929882584984,0.06207261538609206,0.062017711374412934,0.06152551237958194,0.060849800021556315,0.06029439986487026,0.061115787545820935,0.06092467452313379,0.0611119697637789,0.06177177183235375,0.061969097599691936,0.06205680908559338,0.0619143448304231,0.061698399246139526,0.06143465010837673,0.06075018892272418,0.06111516263657967,0.061117819019411844,0.06113546987753211,0.06109069590760504,0.06094873014829471,0.060699079038550666,0.06074190992893395,0.06083585723343875,0.06103826382139509,0.061201222265322874,0.06144397096489375,0.061518613636178276,0.06152041134562423,0.061440386066312025,0.061357438945211916,0.06127593511290289,0.06119478106159088,0.0611211569367834,0.06107241075948247,0.061221584236633486,0.06120346023482385,0.061198595263768175,0.06119717659388668,0.061202346663571265,0.06123223079887406,0.06125257960951847,0.06123368406092934,0.06120676292906918,0.06118618167157359,0.061145620224254994,0.06112164119563948,0.06110181032205184,0.061105195442078326,0.06113346409528788,0.06113346413196001,0.06113346418619013,0.06113346427600708,0.0611334643577007,0.06113346446884522,0.061133464570227336,0.06113346473585908,0.06113346485648839,0.06113346500685965,0.061133465131419436,0.06113346527708749,0.06113346540551701,0.06113346556690254,0.06113346569047321,0.061133465758904534,0.061133465921930995,0.06113346602221033,0.06113346614555781,0.06113346627036341,0.06113346640082687,0.061133466505615686,0.061133466630455095,0.061133466732133136,0.06113346688328701,0.061133467005745845,0.06113346713912058,0.061133467262627285,0.0611334673435572,0.061133467504216575,0.06113346758549972,0.061133467698269404,0.06113346787394805,0.061133468009017165,0.06113346814205949,0.06113346826874021,0.06113346841840135
390,1.0345912578723304,-1.9457831594964454,0.02313783223799848,0.0,5.0,1.0135021471508918,0.5937095923583681,0.4829023318264566,0.3169863678942223,0.1447825611145652,0.0786778260832179,0.08765685631054727,0.08681142729021143,0.08291540218361944,0.07672321219389935,0.07879924643915784,0.08139894321096658,0.08518933740337374,0.08648812017807539,0.08720916982051066,0.0873528176147465,0.08752069848613851,0.08728546640677642,0.08596381302221716,0.08494313403070587,0.08521223579258334,0.0850741611565915,0.08470653392593314,0.08448459646265635,0.08458786261107452,0.08473984991945784,0.0849704353320777,0.0853552416000564,0.08611180924678744,0.08583959270545308,0.08583456798446844,0.08577631535588179,0.08579781592879163,0.08584884535893536,0.08592534884862517,0.08593985124912412,0.0858896071740392,0.08584002276546612,0.08576000630426568,0.08563879158624474,0.08561487456314391,0.08556927746055747,0.08553132643122428,0.08552407755839557,0.08552732355425374,0.0855217038780804,0.085521372029862,0.08563322426677596,0.08563245204898842,0.08561552455173452,0.08560955090512976,0.085603096921737,0.08559247007375237,0.08556072585794262,0.08554613788408442,0.08554176570759515,0.08550956090579011,0.08551367089594626,0.08552126578684381,0.08553268809146582,0.08560594832602532,0.08568069027847408,0.085677230468572,0.08567723047043982,0.08567723045796331,0.08567723044053704,0.08567723038239944,0.08567723032260999,0.0856772302570708,0.08567723017794081,0.08567723007080633,0.08567723004380612,0.08567722997267431,0.08567722990377177,0.08567722979454122,0.08567722969172924,0.08567722961451861,0.08567722949573334,0.08567722941343915,0.08567722930906872,0.08567722921842319,0.08567722910260062,0.0856772290230464,0.08567722888543411,0.08567722878674339,0.08567722867672004,0.08567722860161654,0.08567722848693923,0.08567722833911412,0.08567722823613359,0.08567722810096715,0.08567722800052772,0.0856772278654088,0.08567722773614887,0.08567722762014465,0.08567722746178,0.0856772273433974,0.08567722717531595,0.08567722708334068
391,1.200240502276283,-1.8482082976064673,0.0014513675943019777,0.0,5.0,0.8418825003427061,0.45787475915832776,0.34343214997259514,0.1840882263229615,0.05269943983161099,0.026597928839263422,0.03430929577679467,0.04025055010164548,0.049043237266763885,0.05665171337423767,0.06136726031286517,0.060779459136850955,0.06060754481738884,0.05854911747487435,0.059419231444921394,0.05942043031954201,0.059054119469813385,0.05862852017625117,0.05848416660540455,0.059581995582437534,0.05920941892943546,0.05934535338856474,0.05979654726461225,0.05976415721775842,0.059783720730183385,0.05957271616789251,0.05926735042323634,0.05892672251152912,0.05819101507439463,0.05857863120714164,0.05858850515696758,0.058677322353941457,0.05868584413933485,0.058945717749030124,0.058878040777696455,0.058934259196173275,0.05897832616422451,0.059150773322102376,0.05925619300497552,0.05939500372203853,0.059425203412747096,0.05936506683116973,0.05924567040332605,0.059174558391537,0.0591139127120798,0.05904416656377817,0.05896509680686872,0.058920912032246205,0.05899947973692481,0.05898153016199707,0.05897769156916836,0.058976851195616284,0.058981790319009804,0.05901173691177436,0.05903515917388092,0.059063050424983575,0.05907263118252395,0.05906040647657557,0.05903849872487716,0.05903282809886757,0.05904743257246057,0.05906319789538985,0.05909118704803673,0.059091187069702976,0.059091187087697714,0.0590911871230872,0.059091187139441316,0.05909118717688583,0.05909118720496875,0.059091187262173044,0.05909118728397831,0.05909118734023692,0.059091187375015064,0.05909118742894937,0.05909118745259843,0.05909118749559589,0.059091187528086356,0.05909118749968753,0.05909118754817017,0.05909118754600415,0.05909118756569096,0.05909118756694945,0.05909118759479138,0.05909118758442993,0.059091187601637715,0.05909118760208929,0.05909118763678941,0.05909118764157437,0.05909118764682567,0.0590911876665232,0.059091187632350224,0.05909118767067991,0.05909118764064919,0.059091187637319,0.05909118767825963,0.05909118767927877,0.059091187695527375,0.05909118768803339,0.0590911877162982
392,0.0,0.0,0.039999916329688245,0.0,5.0,1.0565702189004536,0.6304008415041592,0.5230487710414583,0.3605518693042052,0.18297571847526567,0.10917074529754303,0.11779174031721988,0.1147691466855501,0.10677769405871547,0.09508131722616997,0.09403574484333421,0.0966068496678387,0.1006118687743616,0.10262167632938678,0.10327095924867001,0.10355745880895469,0.10415874121460122,0.1046358645012187,0.10415883567567748,0.10371300647047453,0.10358747966093357,0.10333037736681433,0.10259767649963075,0.10203405894035789,0.10204145189310956,0.10213414987600945,0.10225248382419698,0.10249590203948324,0.10287617572793255,0.10276949041008722,0.10276980005804105,0.10276391387823582,0.10281703733153028,0.10312265077119244,0.10328140557470941,0.10331215312680525,0.10325948672371431,0.10323881902812287,0.10318035425898668,0.10310810162722253,0.10313553604886763,0.10313913968702222,0.10315775552884456,0.10315024127097973,0.10314738842333182,0.10314150397882255,0.10312233701581025,0.10315728632719372,0.10311002466688085,0.10309973420545676,0.10309420543947774,0.10308910665092925,0.10308187155346082,0.10305955576486293,0.10304289195949295,0.10301413677284008,0.10295468658709138,0.10295532090046274,0.10296344316785065,0.10297415513761149,0.1030348548940644,0.10310654880587886,0.10309634864563628,0.10309634865415887,0.10309634866317278,0.10309634868336658,0.10309634866900187,0.10309634866312191,0.10309634865472576,0.10309634865466631,0.10309634862043522,0.10309634866188667,0.10309634865567767,0.10309634865774914,0.10309634862302963,0.10309634860138168,0.1030963485876577,0.10309634853703485,0.10309634853271693,0.10309634849775029,0.1030963484771863,0.1030963484430504,0.10309634843093805,0.10309634837084371,0.1030963483433558,0.10309634829823966,0.10309634829911767,0.10309634826077542,0.10309634819318889,0.10309634815523051,0.10309634809320815,0.10309634806849968,0.10309634800498649,0.10309634794845354,0.103096347915185,0.10309634783774432,0.10309634778968946,0.10309634770239726,0.10309634768443261
393,1.2323133822248802,-1.8269797214625283,0.0008326359141452855,0.0,5.0,0.8125130038189415,0.43608765047453313,0.32230239921053255,0.1663154270003196,0.043348659885394,0.024106933881967926,0.031191931465734225,0.037727539142335086,0.04766233897528765,0.05610674259769695,0.060328439649976924,0.05921930263472458,0.0585888776513868,0.05651705465694492,0.057358463413228165,0.05742753172260668,0.05721828344751017,0.05702821470159107,0.057153400383119876,0.05830414534042371,0.05782465426847298,0.05789035115936674,0.05808217161955116,0.057856710409694326,0.05782978586704795,0.0576090847175569,0.057299268385684825,0.056997983876247826,0.05643061586226534,0.05675606429540619,0.056770266090323575,0.056901783413437754,0.05695724006178179,0.057524267076651904,0.05759456934844918,0.05763678427615382,0.057582566193132026,0.05766450523242406,0.057661665571029246,0.05763315789371796,0.057604660382002716,0.057516040293596,0.05743684740511176,0.05740092965504391,0.05738829762083411,0.05736725402005141,0.05732687981673185,0.05735957099220353,0.057360297349851604,0.05734350537118429,0.05733986626255424,0.05733757370788085,0.05733668859123654,0.05734435623943126,0.05735777911059583,0.057424297569680746,0.057458151013872964,0.057457550756885765,0.057455540637106166,0.057461407285280444,0.05748945176639993,0.05748202645097381,0.05750199559446084,0.057501995589891844,0.057501995552811436,0.05750199550746959,0.057501995432642075,0.05750199537046333,0.05750199530212144,0.057501995227529114,0.057501995139729374,0.05750199507498259,0.05750199499760315,0.057501994945656255,0.05750199484739745,0.05750199476329607,0.05750199469306212,0.057501994567356114,0.05750199450076738,0.05750199439645962,0.057501994314787475,0.05750199420161896,0.05750199413257227,0.057501994012401095,0.05750199392815935,0.0575019938355241,0.05750199376601297,0.057501993664825855,0.057501993555033326,0.05750199348146476,0.05750199334604421,0.057501993277169886,0.0575019931522223,0.05750199304921816,0.05750199297345562,0.05750199286110835,0.057501992777720626,0.05750199265520475,0.05750199258192758
394,0.0,0.0,0.00047761234297383215,0.0,5.0,0.7841900838996588,0.4154387112674084,0.30257289023498735,0.15024896131051468,0.035514024318917564,0.022678786233583787,0.029067784056896497,0.036011408643438894,0.04676205430700257,0.05568417285524937,0.059359055643685855,0.05782779972871179,0.056872081828204635,0.0549056836682293,0.05570761021781852,0.055844314079292336,0.055791879591651695,0.055789352950891435,0.05604470675217939,0.05709019567668733,0.0565724809237395,0.05657008248556985,0.05652854899858279,0.05619235359113067,0.05614816199091733,0.055969229019049944,0.055722876284543664,0.05553563812077413,0.0552301336173436,0.055457644423265805,0.055472294737386935,0.055608395912569906,0.0556887365095167,0.05637395525199825,0.05649094363616219,0.05649958004572359,0.056340395647794174,0.05631781915263602,0.05620876523014345,0.056035392557713025,0.05597344404614929,0.05591885813133266,0.05595865703708196,0.05596633629503065,0.056005088725668346,0.05604539395322957,0.056058370908951605,0.05617031629540383,0.05609073676058196,0.056078548034611035,0.05607435731024991,0.05606979440787043,0.05606154098201682,0.0560385463339885,0.0560319729355674,0.05610017493388642,0.05612201247731663,0.056129520727328706,0.056141340600603266,0.056148702940250074,0.056168275558734805,0.05612618898432869,0.056130933632760394,0.05613093360886832,0.056130933543035215,0.056130933458925183,0.056130933346658855,0.05613093324689336,0.05613093314900588,0.056130933040726895,0.05613093293445589,0.05613093283414923,0.05613093272745043,0.056130932654037756,0.05613093253002986,0.0561309324290557,0.05613093234037602,0.056130932206966015,0.056130932134175804,0.05613093202344013,0.056130931938023564,0.05613093182511689,0.05613093175483122,0.05613093163256026,0.056130931546033686,0.05613093145428877,0.0561309313875378,0.056130931288294335,0.05613093118089192,0.05613093110854683,0.05613093097454358,0.05613093091043668,0.056130930792132716,0.056130930694816415,0.05613093062370567,0.05613093051795923,0.05613093043778904,0.056130930319995456,0.05613093025238948
395,1.264010887579562,-1.8051946295970827,0.00047761234297383215,0.0,5.0,0.7841900838996588,0.4154387112674084,0.30257289023498735,0.15024896131051468,0.035514024318917564,0.022678786233583787,0.029067784056896497,0.036011408643438894,0.04676205430700257,0.05568417285524937,0.059359055643685855,0.05782779972871179,0.056872081828204635,0.0549056836682293,0.05570761021781852,0.055844314079292336,0.055791879591651695,0.055789352950891435,0.05604470675217939,0.05709019567668733,0.0565724809237395,0.05657008248556985,0.05652854899858279,0.05619235359113067,0.05614816199091733,0.055969229019049944,0.055722876284543664,0.05553563812077413,0.0552301336173436,0.055457644423265805,0.055472294737386935,0.055608395912569906,0.0556887365095167,0.05637395525199825,0.05649094363616219,0.05649958004572359,0.056340395647794174,0.05631781915263602,0.05620876523014345,0.056035392557713025,0.05597344404614929,0.05591885813133266,0.05595865703708196,0.05596633629503065,0.056005088725668346,0.05604539395322957,0.056058370908951605,0.05617031629540383,0.05609073676058196,0.056078548034611035,0.05607435731024991,0.05606979440787043,0.05606154098201682,0.0560385463339885,0.0560319729355674,0.05610017493388642,0.05612201247731663,0.056129520727328706,0.056141340600603266,0.056148702940250074,0.056168275558734805,0.05612618898432869,0.056130933632760394,0.05613093360886832,0.056130933543035215,0.056130933458925183,0.056130933346658855,0.05613093324689336,0.05613093314900588,0.056130933040726895,0.05613093293445589,0.05613093283414923,0.05613093272745043,0.056130932654037756,0.05613093253002986,0.0561309324290557,0.05613093234037602,0.056130932206966015,0.056130932134175804,0.05613093202344013,0.056130931938023564,0.05613093182511689,0.05613093175483122,0.05613093163256026,0.056130931546033686,0.05613093145428877,0.0561309313875378,0.056130931288294335,0.05613093118089192,0.05613093110854683,0.05613093097454358,0.05613093091043668,0.056130930792132716,0.056130930694816415,0.05613093062370567,0.05613093051795923,0.05613093043778904,0.056130930319995456,0.05613093025238948
396,1.2953233629731389,-1.7828596579601488,0.00027394479970954677,0.0,5.0,0.7567972963386105,0.3958019494776865,0.28408135216024016,0.1356642728479274,0.028944084052382323,0.022080696060247842,0.027717466137187122,0.03490666807474039,0.04619264205682714,0.05530515529661285,0.05841797229115911,0.05655212181830564,0.055375392682485626,0.053581833985799465,0.05433740424201016,0.05453453663532521,0.05462131194649837,0.05474943371474201,0.05502859282632897,0.055885501242386795,0.05537989583294495,0.05532389487595633,0.0551154627717402,0.054753731343209266,0.05471831523750496,0.05461268830381534,0.05446607716822418,0.054414975152253686,0.054347900594688206,0.054484540664304235,0.05449630505951947,0.0546043397577083,0.05468393052195829,0.055297947026551456,0.05538064935461514,0.05535377905197654,0.05512622388995269,0.05502969621615708,0.05485916060115046,0.05462042371340005,0.05456651283350035,0.05459199842056169,0.05477260556212771,0.054813853105997776,0.05488344352751313,0.0549654880495862,0.055009646094725535,0.05514290367808297,0.05498883015222482,0.05498470981391503,0.05497989423563499,0.05497400259417583,0.05496177268161857,0.054919207674548075,0.05489367797664543,0.054932702374721316,0.05491597718263718,0.05492516837576407,0.05494348887091125,0.05494796922420732,0.054957145173029145,0.0549040780545212,0.05489317575265603,0.054893175726958864,0.054893175675993645,0.054893175618164335,0.05489317554160576,0.0548931754845191,0.05489317543639748,0.05489317540142311,0.054893175365845724,0.054893175328685796,0.05489317528348088,0.054893175271590884,0.05489317521826631,0.054893175200867735,0.054893175174935305,0.05489317511040084,0.054893175123585686,0.05489317508650206,0.05489317507737172,0.054893175052961006,0.05489317505686104,0.05489317501822497,0.054893175007389404,0.05489317498832658,0.05489317500336773,0.0548931749867546,0.054893174969787524,0.054893174969590265,0.05489317491166163,0.05489317493389442,0.05489317489386906,0.05489317487739926,0.054893174898555365,0.05489317488393854,0.054893174880125926,0.05489317485286497,0.05489317486509613
397,1.3262412703222748,-1.7599816100004508,0.00015712008892998508,0.0,5.0,0.7302476250097248,0.37708267745703244,0.26670595579866097,0.12239434473652597,0.023457157232920446,0.022151972590095555,0.026990806236154807,0.03428298602195861,0.04586095936954963,0.05492964722793767,0.05748575228298112,0.05535966777108081,0.05404109704504422,0.05245285145486609,0.053158077688791015,0.05340536254370487,0.05360688069075193,0.05381397079858197,0.05405088887003068,0.054695862081551375,0.054232625977944544,0.054141808503271056,0.053841789353429224,0.05351717344797998,0.053508033952706764,0.053485433327538766,0.053443999879750285,0.053509511742101584,0.05358866516276951,0.05366552779221351,0.05367249165153793,0.053733838026286035,0.05379276994514935,0.05420845691972653,0.05421805791555499,0.054169839299841274,0.053935088904740774,0.05381772605299144,0.05364605472999493,0.0534298815422225,0.05341438725833901,0.053521488075139005,0.0537941106457366,0.0538466300332794,0.053915452836617465,0.05400041955575824,0.05403568834074533,0.05412209534187539,0.05391962857543507,0.05392417344527243,0.05391934008304913,0.0539141112505598,0.05390386406360328,0.05386497532473966,0.05383315314756596,0.05384284132273799,0.05379351497856571,0.053799112512338376,0.05381776217483509,0.05382090366880386,0.05383170344976797,0.053800273972353166,0.05378228934286184,0.05378228932955638,0.053782289316163676,0.05378228931536753,0.053782289299755794,0.05378228931071188,0.05378228932866044,0.053782289382453566,0.05378228942180782,0.05378228946588555,0.05378228949449089,0.05378228954813302,0.0537822895719962,0.05378228963592468,0.053782289675018934,0.05378228967320001,0.05378228976360622,0.0537822897916582,0.053782289848803566,0.05378228989658384,0.053782289962647355,0.05378228999502454,0.05378229004771127,0.05378229008774002,0.05378229016677327,0.05378229021622204,0.053782290272650836,0.0537822903311332,0.05378229033168994,0.05378229042165535,0.05378229044089108,0.05378229048694918,0.053782290580651815,0.05378229063645497,0.05378229069197695,0.05378229073569631,0.05378229080722641
398,1.3567551917328846,-1.736567454593021,9.011343654852233e-05,0.0,5.0,0.7044722599123527,0.35920547158894633,0.2503496126715955,0.11030689147988726,0.018912529317754695,0.022772694486745383,0.026776463673910133,0.03404578840352002,0.045703340147443254,0.0545354127183828,0.05655227427862469,0.054228708729977995,0.0528283974738599,0.05145688775811308,0.05210975687231515,0.05239632258563967,0.052687588540799406,0.05293288541290899,0.05309579417713856,0.0535429192594803,0.05313616599563803,0.05302818313553643,0.05270123213380604,0.052446360888074715,0.05247177589000023,0.0525251069703221,0.05257285501464623,0.052713630276337624,0.052830261088296665,0.05288363182265185,0.05288541916606432,0.052896580181801815,0.052924661172827916,0.05309557397079323,0.05303698718213804,0.05298902534392813,0.052807937785775604,0.05272038622112449,0.05259784090052342,0.05246335168741737,0.052491917463041,0.052640644480130394,0.05291521009624532,0.05295507859503171,0.05299625454693105,0.05304757387491432,0.05304203263398741,0.05304733964924406,0.052844242944295516,0.052854095598018964,0.0528500083370555,0.05284716485525921,0.05284380340738468,0.052830065469991916,0.0528089644766027,0.0528152202177957,0.052765537789129735,0.05276510474870208,0.052778557183792874,0.052782524525482884,0.05280265958083957,0.052804995576636864,0.052793418081998104,0.05279341808461759,0.05279341809926837,0.052793418137462585,0.05279341815122509,0.05279341819363997,0.05279341823031095,0.05279341830315563,0.05279341835039425,0.05279341841457138,0.05279341845713229,0.05279341851620329,0.05279341854882128,0.0527934186136086,0.05279341865675165,0.052793418651602676,0.05279341873829648,0.05279341876048083,0.05279341881157217,0.05279341884725222,0.052793418905295666,0.05279341893029096,0.05279341897483657,0.05279341900542658,0.05279341907022664,0.05279341910796336,0.05279341915465436,0.05279341920528655,0.05279341919000046,0.05279341926754461,0.052793419272847,0.05279341930696366,0.052793419388465,0.0527934194318106,0.052793419475924745,0.052793419507663926,0.052793419562437265
399,1.2323133822248802,-1.8269797214625283,0.0008326359141452855,0.0,5.0,0.8125130038189415,0.43608765047453313,0.32230239921053255,0.1663154270003196,0.043348659885394,0.024106933881967926,0.031191931465734225,0.037727539142335086,0.04766233897528765,0.05610674259769695,0.060328439649976924,0.05921930263472458,0.0585888776513868,0.05651705465694492,0.057358463413228165,0.05742753172260668,0.05721828344751017,0.05702821470159107,0.057153400383119876,0.05830414534042371,0.05782465426847298,0.05789035115936674,0.05808217161955116,0.057856710409694326,0.05782978586704795,0.0576090847175569,0.057299268385684825,0.056997983876247826,0.05643061586226534,0.05675606429540619,0.056770266090323575,0.056901783413437754,0.05695724006178179,0.057524267076651904,0.05759456934844918,0.05763678427615382,0.057582566193132026,0.05766450523242406,0.057661665571029246,0.05763315789371796,0.057604660382002716,0.057516040293596,0.05743684740511176,0.05740092965504391,0.05738829762083411,0.05736725402005141,0.05732687981673185,0.05735957099220353,0.057360297349851604,0.05734350537118429,0.05733986626255424,0.05733757370788085,0.05733668859123654,0.05734435623943126,0.05735777911059583,0.057424297569680746,0.057458151013872964,0.057457550756885765,0.057455540637106166,0.057461407285280444,0.05748945176639993,0.05748202645097381,0.05750199559446084,0.057501995589891844,0.057501995552811436,0.05750199550746959,0.057501995432642075,0.05750199537046333,0.05750199530212144,0.057501995227529114,0.057501995139729374,0.05750199507498259,0.05750199499760315,0.057501994945656255,0.05750199484739745,0.05750199476329607,0.05750199469306212,0.057501994567356114,0.05750199450076738,0.05750199439645962,0.057501994314787475,0.05750199420161896,0.05750199413257227,0.057501994012401095,0.05750199392815935,0.0575019938355241,0.05750199376601297,0.057501993664825855,0.057501993555033326,0.05750199348146476,0.05750199334604421,0.057501993277169886,0.0575019931522223,0.05750199304921816,0.05750199297345562,0.05750199286110835,0.057501992777720626,0.05750199265520475,0.05750199258192758
400,1.3868558323689084,-1.7126243239164165,5.168222261708877e-05,0.0,5.0,0.6794136545802235,0.3421068026731751,0.23493047173255438,0.09929085898490517,0.015194035563406594,0.0238466016561708,0.026985470605512735,0.03412069224754704,0.04567196191807128,0.05410870672470729,0.055612210627706105,0.05314473366377892,0.051709357593458884,0.05055467955444394,0.05115445888766615,0.05147011616698614,0.0518286250616872,0.05208273406424235,0.0521632180988157,0.05244370529227025,0.05209703375247346,0.05198576145426543,0.05167803798504728,0.05149996127910899,0.051561043310930324,0.05167390778295829,0.05178490440242628,0.051956178561509476,0.05202165221069893,0.05208049417572979,0.05207786610425053,0.05204645787723385,0.052042595539171316,0.05198770035945739,0.05189223424499161,0.05186396459786877,0.051778006437011415,0.051752092712276154,0.05170500299723476,0.05166972731793721,0.051726582727839296,0.05186024216977986,0.05205222576204668,0.05206308283004823,0.0520646273471687,0.05206427419024997,0.0520099394005206,0.051945408049220196,0.05179569630760066,0.051804847442534524,0.05180181704055814,0.05180178190470169,0.05180657059375609,0.05182617429410394,0.051827266367660364,0.05185695600379754,0.051839320770773266,0.05183281164797072,0.051835881417386535,0.05183927011398949,0.051862287519108104,0.0518843054267952,0.05189006464598669,0.05189006466027611,0.05189006468075133,0.051890064722746244,0.051890064723688976,0.0518900647509935,0.05189006475613404,0.0518900647805382,0.05189006477738486,0.05189006479843995,0.05189006479835519,0.05189006481329742,0.051890064796522396,0.05189006479902564,0.05189006479621794,0.051890064737442565,0.051890064759504084,0.051890064722951275,0.05189006471494879,0.05189006467916952,0.051890064679336975,0.05189006464118788,0.05189006462724928,0.05189006460099276,0.05189006459831066,0.05189006457136511,0.05189006455218322,0.05189006455017336,0.05189006446915182,0.05189006448071377,0.05189006442358012,0.05189006439674213,0.0518900644103413,0.05189006438779524,0.05189006437477922,0.051890064340417985,0.05189006432901557
401,0.0,0.0,0.0014513675943019777,0.0,5.0,0.8418825003427061,0.45787475915832776,0.34343214997259514,0.1840882263229615,0.05269943983161099,0.026597928839263422,0.03430929577679467,0.04025055010164548,0.049043237266763885,0.05665171337423767,0.06136726031286517,0.060779459136850955,0.06060754481738884,0.05854911747487435,0.059419231444921394,0.05942043031954201,0.059054119469813385,0.05862852017625117,0.05848416660540455,0.059581995582437534,0.05920941892943546,0.05934535338856474,0.05979654726461225,0.05976415721775842,0.059783720730183385,0.05957271616789251,0.05926735042323634,0.05892672251152912,0.05819101507439463,0.05857863120714164,0.05858850515696758,0.058677322353941457,0.05868584413933485,0.058945717749030124,0.058878040777696455,0.058934259196173275,0.05897832616422451,0.059150773322102376,0.05925619300497552,0.05939500372203853,0.059425203412747096,0.05936506683116973,0.05924567040332605,0.059174558391537,0.0591139127120798,0.05904416656377817,0.05896509680686872,0.058920912032246205,0.05899947973692481,0.05898153016199707,0.05897769156916836,0.058976851195616284,0.058981790319009804,0.05901173691177436,0.05903515917388092,0.059063050424983575,0.05907263118252395,0.05906040647657557,0.05903849872487716,0.05903282809886757,0.05904743257246057,0.05906319789538985,0.05909118704803673,0.059091187069702976,0.059091187087697714,0.0590911871230872,0.059091187139441316,0.05909118717688583,0.05909118720496875,0.059091187262173044,0.05909118728397831,0.05909118734023692,0.059091187375015064,0.05909118742894937,0.05909118745259843,0.05909118749559589,0.059091187528086356,0.05909118749968753,0.05909118754817017,0.05909118754600415,0.05909118756569096,0.05909118756694945,0.05909118759479138,0.05909118758442993,0.059091187601637715,0.05909118760208929,0.05909118763678941,0.05909118764157437,0.05909118764682567,0.0590911876665232,0.059091187632350224,0.05909118767067991,0.05909118764064919,0.059091187637319,0.05909118767825963,0.05909118767927877,0.059091187695527375,0.05909118768803339,0.0590911877162982
402,1.4165340232836183,-1.6881595112801828,2.9640754441118133e-05,0.0,5.0,0.6550214219172842,0.32573072341888865,0.2203764179120026,0.08924877980997942,0.012201125771977236,0.025292211393649736,0.027542756725227095,0.03444568511787062,0.04572838450623847,0.053640461363164874,0.054663422474237854,0.052098641957854595,0.05066572505240198,0.04972257031697828,0.0502693338102989,0.050605060846244575,0.051011714049292646,0.05125458330835886,0.05125694098269507,0.051404810927892806,0.05111639685179293,0.05101132510130046,0.050750491450252615,0.050640077977541234,0.05073371051154143,0.05088729797520276,0.05103518746418384,0.051201115875520564,0.05116388534226932,0.05124448347691931,0.0512387473595214,0.05117765762689672,0.05114679047013947,0.05092064226276972,0.05082431881460082,0.05082650835797639,0.05084944146448119,0.05089326878239323,0.05092267244778339,0.05096977091277084,0.051030353322628515,0.051103691710239735,0.051170846123268485,0.051148292814998955,0.05111492940914156,0.05106833761303456,0.050981769114184325,0.05088813949879266,0.0508304592923244,0.050832840500963594,0.05083043874269147,0.05083210815240411,0.050842249981284005,0.05088661830969499,0.05090963064372654,0.05096767528036776,0.05099105536106835,0.05097971854124958,0.0509687935610115,0.05096669650352886,0.05097606104248625,0.05099204198229643,0.05101749510701293,0.05101749512768454,0.051017495143632,0.05101749517473155,0.051017495156360136,0.0510174951622625,0.05101749513621417,0.051017495119018305,0.05101749507720694,0.05101749505655623,0.051017495021690534,0.05101749500810734,0.0510174949579433,0.05101749491969045,0.051017494886144134,0.0510174947914812,0.05101749477107933,0.05101749469580057,0.051017494649650615,0.05101749456797011,0.05101749453192591,0.051017494455291766,0.051017494406152004,0.05101749434529641,0.05101749430043664,0.051017494234749314,0.05101749417880542,0.051017494147846995,0.051017494026097815,0.05101749399925892,0.05101749390405976,0.051017493842450426,0.05101749381894594,0.051017493761530835,0.051017493718158315,0.051017493648472884,0.05101749359754348
403,0.0,0.0,1.699946615774106e-05,0.0,5.0,0.6312500247435706,0.3100264632386345,0.206622033092178,0.08009263461043242,0.009844227541217684,0.02703843587306682,0.028383000594547125,0.034967391152984265,0.045840643446560636,0.05312478199434714,0.053706148520880556,0.05108534357072655,0.04968609063022178,0.04894695596386901,0.04944128426464255,0.049789294247516755,0.050228281956696146,0.05044661187253539,0.05037984078470788,0.050423689761605155,0.05018993712057336,0.05009662505673607,0.04989539870639653,0.04983646362913382,0.0499578672652847,0.05013569840789292,0.050299652026736336,0.05043907154544008,0.050286791791086465,0.050392455796600406,0.050384954545298,0.0503073223627263,0.05025705882576688,0.049922223550322456,0.04985027353469259,0.0498829406573108,0.05000216855922329,0.05010343344844258,0.05019116062115329,0.05028444941718142,0.05032710523599685,0.050322429874068986,0.05027592546409197,0.05022685335038589,0.050175513417485086,0.0501063736544833,0.050019088991559525,0.04994353967659859,0.04998838165849292,0.0499801004395222,0.04997734551315829,0.049978641356310624,0.04998876439464009,0.05003740470704107,0.05007113406732963,0.05013718272965789,0.05018318806390926,0.05016905442178043,0.050144039489559436,0.050131345776868695,0.050111395743079545,0.05009999317284493,0.05013791903212449,0.05013791905571303,0.050137919072738485,0.050137919104253935,0.05013791909531149,0.050137919112340355,0.05013791909928742,0.050137919108075205,0.05013791909364885,0.05013791908815306,0.05013791907770325,0.05013791909860995,0.050137919086214136,0.05013791908994823,0.050137919088837885,0.05013791902608882,0.05013791904604523,0.05013791900526443,0.05013791899565002,0.05013791895519016,0.05013791895603985,0.05013791892335356,0.05013791891489096,0.05013791889152237,0.050137918886227165,0.05013791886413292,0.05013791886077813,0.050137918872845424,0.0501379187891216,0.05013791880924377,0.050137918752778725,0.05013791873603115,0.050137918767263236,0.05013791876547,0.050137918769439495,0.05013791875506253,0.05013791874565424
404,1.445780724212563,-1.6631804689032448,1.699946615774106e-05,0.0,5.0,0.6312500247435706,0.3100264632386345,0.206622033092178,0.08009263461043242,0.009844227541217684,0.02703843587306682,0.028383000594547125,0.034967391152984265,0.045840643446560636,0.05312478199434714,0.053706148520880556,0.05108534357072655,0.04968609063022178,0.04894695596386901,0.04944128426464255,0.049789294247516755,0.050228281956696146,0.05044661187253539,0.05037984078470788,0.050423689761605155,0.05018993712057336,0.05009662505673607,0.04989539870639653,0.04983646362913382,0.0499578672652847,0.05013569840789292,0.050299652026736336,0.05043907154544008,0.050286791791086465,0.050392455796600406,0.050384954545298,0.0503073223627263,0.05025705882576688,0.049922223550322456,0.04985027353469259,0.0498829406573108,0.05000216855922329,0.05010343344844258,0.05019116062115329,0.05028444941718142,0.05032710523599685,0.050322429874068986,0.05027592546409197,0.05022685335038589,0.050175513417485086,0.0501063736544833,0.050019088991559525,0.04994353967659859,0.04998838165849292,0.0499801004395222,0.04997734551315829,0.049978641356310624,0.04998876439464009,0.05003740470704107,0.05007113406732963,0.05013718272965789,0.05018318806390926,0.05016905442178043,0.050144039489559436,0.050131345776868695,0.050111395743079545,0.05009999317284493,0.05013791903212449,0.05013791905571303,0.050137919072738485,0.050137919104253935,0.05013791909531149,0.050137919112340355,0.05013791909928742,0.050137919108075205,0.05013791909364885,0.05013791908815306,0.05013791907770325,0.05013791909860995,0.050137919086214136,0.05013791908994823,0.050137919088837885,0.05013791902608882,0.05013791904604523,0.05013791900526443,0.05013791899565002,0.05013791895519016,0.05013791895603985,0.05013791892335356,0.05013791891489096,0.05013791889152237,0.050137918886227165,0.05013791886413292,0.05013791886077813,0.050137918872845424,0.0501379187891216,0.05013791880924377,0.050137918752778725,0.05013791873603115,0.050137918767263236,0.05013791876547,0.050137918769439495,0.05013791875506253,0.05013791874565424
405,1.4745870263273202,-1.637694805643888,9.749450582297037e-06,0.0,5.0,0.6080575458640023,0.29494715433526864,0.19360699640412468,0.07174170344433206,0.008042451587434286,0.029022526530451655,0.029448693337249518,0.03563936233818911,0.04598197232785771,0.05255826387485807,0.052742240741313444,0.0501023701766868,0.048763350154289405,0.04822014750009797,0.048662945481488654,0.04901661048504233,0.04947501257219788,0.04966018142575989,0.04953318327826305,0.04949259156628411,0.049310217724815586,0.04923103144707817,0.04909103472442842,0.049066245704244504,0.04921054661089153,0.04940067963148812,0.049567722273901535,0.04967473760448934,0.04942839302626307,0.049551618912114716,0.04954344838003413,0.049459912624356145,0.049398286775847455,0.04900981425390793,0.04897214482413828,0.049026460261955625,0.0492106306144212,0.049343783845095905,0.04946068677116334,0.04955754691725798,0.04956823700284737,0.049493741652524494,0.04938247107375636,0.04932074763307985,0.04927313373264999,0.04921228239531775,0.04915750308428547,0.049137823193904584,0.04926907287768997,0.04924930630391681,0.04924519374370596,0.04924404245181143,0.049248638864313056,0.04927901023229368,0.049308134114668535,0.04935384278274806,0.049393522329601716,0.049379771517594796,0.04934569126574286,0.049321527285781985,0.049268863292371796,0.049221971712404854,0.04925991068779344,0.049259910710499295,0.049259910733989644,0.049259910777175585,0.049259910800046,0.049259910852935,0.04925991088436684,0.04925991096509973,0.04925991102264308,0.04925991107230942,0.04925991112412725,0.04925991121590277,0.049259911283490325,0.04925991137873895,0.049259911447700165,0.049259911460176706,0.04925991157278572,0.04925991161284149,0.04925991168718495,0.049259911744202765,0.04925991182834205,0.049259911891601206,0.04925991197152458,0.049259912031772615,0.0492599121192933,0.049259912193778475,0.04925991229962464,0.049259912400197205,0.049259912406618894,0.0492599125293448,0.04925991256291714,0.049259912643122954,0.049259912788425994,0.04925991290130026,0.049259913003130984,0.0492599131032314,0.04925991319019556
406,1.5029441549492142,-1.6117102846820248,5.591448509201236e-06,0.0,5.0,0.5854050710085514,0.2804491902665089,0.1812752762323381,0.06412147550503297,0.006722507027087879,0.03118916627959426,0.030689281997491352,0.03642132742864956,0.04613023161569461,0.05193955146017451,0.05177430241384987,0.04914847347923573,0.047892483241812125,0.04753736856951892,0.04792975497270561,0.04828355109742771,0.04875109437214905,0.04889810678021096,0.04871799688570938,0.04860319613484835,0.048469897400729586,0.048404582050922476,0.048318752790334284,0.04831123676785627,0.048473847794902006,0.04866869624111187,0.048832863529268904,0.04891358779792171,0.048617758343038796,0.048743337747406065,0.0487353163385381,0.04865375996374636,0.04858852041379771,0.04819244783104839,0.048189791097954106,0.048252938892227336,0.048463070869494924,0.048598127155734,0.04871232985870176,0.04877240605834154,0.04874344087816844,0.04861875220845853,0.04849734397975952,0.04843772802565828,0.0484123049123146,0.048384572612647704,0.04838356053222287,0.048437899159586094,0.0486211534663536,0.048591850701574096,0.048585921615601095,0.048581210292532845,0.048576992041072485,0.04857468655556892,0.04858802560052056,0.04859924749257021,0.048615228087875044,0.04860650984307786,0.04857397807811686,0.048545292180808185,0.04847777684722577,0.04840745105679603,0.0484343046098778,0.04843430462612012,0.04843430464876774,0.04843430469377545,0.048434304733855994,0.04843430480453324,0.04843430485913306,0.0484343049778002,0.048434305075943915,0.04843430515283872,0.048434305233628155,0.04843430535509726,0.04843430545799954,0.048434305594189195,0.04843430569407363,0.04843430574453354,0.048434305903135653,0.048434305982646565,0.04843430609902968,0.04843430620481009,0.048434306330761005,0.048434306442553796,0.04843430656683915,0.04843430667026874,0.04843430680572209,0.04843430693050067,0.04843430709378998,0.04843430724107256,0.04843430729633855,0.0484343074749267,0.04843430755793547,0.04843430769112389,0.048434307898784654,0.04843430807605359,0.04843430823257715,0.048434308397560195,0.048434308539688976
407,1.530843472222162,-1.5852348211544607,3.206772365871302e-06,0.0,5.0,0.5632563945176255,0.26649191164211167,0.1695747238853734,0.057163074324772946,0.0058182206358206,0.03349014104948552,0.03206085698341643,0.03727892296982688,0.046267693078447726,0.05126902932020683,0.050804820918956904,0.04822228467137275,0.047068582487288034,0.04689439840733569,0.04723764339354776,0.047587185306577136,0.04805633224757751,0.048163947616749185,0.04793733832388156,0.047751705854978864,0.04766549922396944,0.04761152674951629,0.04756502573760404,0.047556166510709215,0.04773211396393036,0.04792624573830714,0.04808504035306731,0.048150919686519994,0.047859763279271925,0.04796903055104357,0.04796183180726374,0.047888734157794294,0.047827569724357845,0.047467770602006104,0.04750320861787832,0.04756465014882225,0.04776684977525621,0.04787973598189693,0.04796574464413338,0.047960171820669036,0.04788961605681037,0.04773194764947354,0.047632450556317756,0.04758489192468708,0.04759005326361255,0.04760341024117754,0.04765423613214193,0.04776941930660076,0.04795720709672662,0.04792237831611702,0.04791496036327421,0.04790703089411017,0.04789427427990552,0.04785880488631664,0.04785351854644544,0.047836099314129375,0.0478291221820175,0.04783012793468752,0.04781290262675865,0.04779375296593423,0.04774899672484785,0.04769022142183986,0.047700213622087435,0.0477002136280894,0.04770021363903358,0.04770021366811716,0.047700213694200425,0.04770021374419783,0.04770021377719689,0.04770021386149316,0.04770021392887117,0.04770021397748997,0.04770021402473322,0.04770021410130252,0.0477002141576667,0.04770021423846231,0.04770021429685247,0.04770021430778132,0.04770021441674568,0.047700214450870616,0.0477002145218746,0.0477002145712381,0.04770021465096138,0.04770021471134103,0.047700214786462095,0.047700214844925794,0.04770021492805552,0.04770021500046693,0.04770021510615534,0.04770021520718263,0.04770021521473361,0.04770021534113283,0.047700215377119284,0.04770021546016234,0.04770021560955799,0.04770021573043173,0.04770021583783923,0.04770021594848779,0.04770021604212102
408,1.4165340232836183,-1.6881595112801828,2.9640754441118133e-05,0.0,5.0,0.6550214219172842,0.32573072341888865,0.2203764179120026,0.08924877980997942,0.012201125771977236,0.025292211393649736,0.027542756725227095,0.03444568511787062,0.04572838450623847,0.053640461363164874,0.054663422474237854,0.052098641957854595,0.05066572505240198,0.04972257031697828,0.0502693338102989,0.050605060846244575,0.051011714049292646,0.05125458330835886,0.05125694098269507,0.051404810927892806,0.05111639685179293,0.05101132510130046,0.050750491450252615,0.050640077977541234,0.05073371051154143,0.05088729797520276,0.05103518746418384,0.051201115875520564,0.05116388534226932,0.05124448347691931,0.0512387473595214,0.05117765762689672,0.05114679047013947,0.05092064226276972,0.05082431881460082,0.05082650835797639,0.05084944146448119,0.05089326878239323,0.05092267244778339,0.05096977091277084,0.051030353322628515,0.051103691710239735,0.051170846123268485,0.051148292814998955,0.05111492940914156,0.05106833761303456,0.050981769114184325,0.05088813949879266,0.0508304592923244,0.050832840500963594,0.05083043874269147,0.05083210815240411,0.050842249981284005,0.05088661830969499,0.05090963064372654,0.05096767528036776,0.05099105536106835,0.05097971854124958,0.0509687935610115,0.05096669650352886,0.05097606104248625,0.05099204198229643,0.05101749510701293,0.05101749512768454,0.051017495143632,0.05101749517473155,0.051017495156360136,0.0510174951622625,0.05101749513621417,0.051017495119018305,0.05101749507720694,0.05101749505655623,0.051017495021690534,0.05101749500810734,0.0510174949579433,0.05101749491969045,0.051017494886144134,0.0510174947914812,0.05101749477107933,0.05101749469580057,0.051017494649650615,0.05101749456797011,0.05101749453192591,0.051017494455291766,0.051017494406152004,0.05101749434529641,0.05101749430043664,0.051017494234749314,0.05101749417880542,0.051017494147846995,0.051017494026097815,0.05101749399925892,0.05101749390405976,0.051017493842450426,0.05101749381894594,0.051017493761530835,0.051017493718158315,0.051017493648472884,0.05101749359754348
409,1.5582764797438577,-1.5582764797438582,1.8391269740458682e-06,0.0,5.0,0.5415778767056548,0.2530374419832581,0.15845684695206294,0.05080290097495373,0.005270377661551157,0.035884388229745066,0.033526204702089585,0.03818378066643443,0.04638115926002793,0.05054879213570219,0.04983551020043166,0.047321156119265136,0.04628501910570445,0.04628525219051349,0.046580763499248425,0.04692290256553696,0.047389196267583526,0.04746111822266137,0.04719844899134209,0.0469446651519742,0.04690185062877952,0.046854920797166556,0.04682638858644554,0.04679231715860652,0.046975085705524694,0.047161844961485566,0.04731086319027263,0.04736898538380346,0.04712515061714873,0.04720265846458966,0.047196921719671034,0.04713848434088995,0.04708876002609533,0.046809812435702494,0.046895011959432166,0.046951091022609866,0.047127100733924086,0.047209911931406105,0.04725842483218948,0.0471831804741225,0.047080492006114055,0.04690510758905813,0.0468343926833563,0.04680137121096214,0.04683266439410635,0.046876306864841295,0.04695289550895551,0.047079071587123905,0.0472169141852345,0.04718188988805707,0.047173817098048194,0.04716419902089618,0.047146378962899145,0.04708952903949895,0.04706898360174331,0.047032652162391254,0.047006994578720505,0.047018949530108475,0.04702691800608367,0.04703017562158105,0.04704209277106215,0.047033163344874306,0.04702471964591595,0.047024719643655226,0.04702471964384115,0.047024719657813255,0.04702471966309995,0.04702471968307415,0.047024719687243484,0.04702471971828674,0.0470247197305941,0.04702471974967405,0.04702471975660269,0.04702471977561728,0.047024719772278775,0.04702471978008166,0.04702471978620864,0.04702471974184739,0.047024719782771465,0.04702471975658205,0.047024719764806475,0.04702471973585645,0.04702471974938922,0.047024719735800684,0.04702471973834745,0.04702471972994799,0.047024719736585875,0.047024719729229704,0.047024719740302895,0.047024719764439955,0.04702471969646395,0.047024719736335194,0.04702471969714803,0.047024719695500185,0.04702471974286677,0.04702471975984092,0.04702471977587003,0.04702471978503269,0.0470247197918628
410,0.0,0.0,5.168222261708877e-05,0.0,5.0,0.6794136545802235,0.3421068026731751,0.23493047173255438,0.09929085898490517,0.015194035563406594,0.0238466016561708,0.026985470605512735,0.03412069224754704,0.04567196191807128,0.05410870672470729,0.055612210627706105,0.05314473366377892,0.051709357593458884,0.05055467955444394,0.05115445888766615,0.05147011616698614,0.0518286250616872,0.05208273406424235,0.0521632180988157,0.05244370529227025,0.05209703375247346,0.05198576145426543,0.05167803798504728,0.05149996127910899,0.051561043310930324,0.05167390778295829,0.05178490440242628,0.051956178561509476,0.05202165221069893,0.05208049417572979,0.05207786610425053,0.05204645787723385,0.052042595539171316,0.05198770035945739,0.05189223424499161,0.05186396459786877,0.051778006437011415,0.051752092712276154,0.05170500299723476,0.05166972731793721,0.051726582727839296,0.05186024216977986,0.05205222576204668,0.05206308283004823,0.0520646273471687,0.05206427419024997,0.0520099394005206,0.051945408049220196,0.05179569630760066,0.051804847442534524,0.05180181704055814,0.05180178190470169,0.05180657059375609,0.05182617429410394,0.051827266367660364,0.05185695600379754,0.051839320770773266,0.05183281164797072,0.051835881417386535,0.05183927011398949,0.051862287519108104,0.0518843054267952,0.05189006464598669,0.05189006466027611,0.05189006468075133,0.051890064722746244,0.051890064723688976,0.0518900647509935,0.05189006475613404,0.0518900647805382,0.05189006477738486,0.05189006479843995,0.05189006479835519,0.05189006481329742,0.051890064796522396,0.05189006479902564,0.05189006479621794,0.051890064737442565,0.051890064759504084,0.051890064722951275,0.05189006471494879,0.05189006467916952,0.051890064679336975,0.05189006464118788,0.05189006462724928,0.05189006460099276,0.05189006459831066,0.05189006457136511,0.05189006455218322,0.05189006455017336,0.05189006446915182,0.05189006448071377,0.05189006442358012,0.05189006439674213,0.0518900644103413,0.05189006438779524,0.05189006437477922,0.051890064340417985,0.05189006432901557
411,1.58523482115446,-1.5308434722221629,1.0547636858371234e-06,0.0,5.0,0.520338358469449,0.24005057803139918,0.14787664493083963,0.044982345436248704,0.005026788141445197,0.03833842667564129,0.03505524914063934,0.03911404528896679,0.046462589950025966,0.04978320508226847,0.04886718175842225,0.046440366566546654,0.04553161303761652,0.04569912221842618,0.04594850701754893,0.04628133566553011,0.046743559663597195,0.04679004017747411,0.046512591786970765,0.04620381610102776,0.046195631176097755,0.046151116717285036,0.046118087307423235,0.04603028192631203,0.046211484850374164,0.046380509561945574,0.04650877911332892,0.04655230312414128,0.0463610397028945,0.04640375871018231,0.04639996942446297,0.04636094096891105,0.046327467790168365,0.046160228137552564,0.0463041003456125,0.04635642436800859,0.04650455510385453,0.04656857586537082,0.04659088413972051,0.046475728605256277,0.046368257725695604,0.046202194380986314,0.046168541048625694,0.04614730130226767,0.04619195314323499,0.04624796879484966,0.04631777290596226,0.04639268364636662,0.04644155001771323,0.04641173229853203,0.04640378475652002,0.04639429342719187,0.046376062436079175,0.046314076984262105,0.04628341925619342,0.046227800155951224,0.04617891154590342,0.04619742883752672,0.046228661918673385,0.046254489659569464,0.046319124935610384,0.04636027556461998,0.04633385994937209,0.046333859942724674,0.04633385993628314,0.04633385994525399,0.04633385993870299,0.046333859944516,0.046333859942962755,0.04633385995374325,0.04633385994241578,0.046333859969677336,0.04633385997466934,0.046333859983217235,0.04633385996996257,0.04633385996665215,0.04633385996699228,0.0463338599172377,0.0463338599534974,0.04633385992545401,0.04633385993016611,0.04633385989775362,0.04633385990384563,0.046333859883350176,0.04633385987367386,0.04633385985730006,0.04633385985793066,0.04633385983874007,0.04633385982301088,0.04633385982409791,0.0463338597442954,0.04633385976443687,0.04633385971574761,0.04633385969285597,0.04633385970720498,0.04633385968708113,0.04633385966685653,0.046333859639187645,0.046333859621955104
412,0.0,0.0,6.049208469693923e-07,0.0,5.0,0.49950908568843333,0.22749868773182064,0.13779245154646844,0.039647500359905705,0.005042624222282825,0.040827370040497635,0.03662610768646328,0.040055618645203704,0.046510671832071394,0.048980715553439226,0.04790090798748359,0.04557333707288476,0.044793122488308905,0.045116050521264925,0.04532130224311522,0.045643692282315795,0.04610276945415533,0.046140762503749815,0.04588752469913768,0.04556254387686572,0.0455716072136715,0.04552776492758042,0.0454803931148803,0.045318065111923315,0.04548997163074432,0.04562937004377555,0.045720749651440615,0.04572851784364829,0.04554525633815689,0.04556936940099283,0.045567474251061744,0.04554731592001616,0.045528492833318196,0.045459502592724084,0.04564001237186109,0.045686127486313614,0.04580739498591833,0.045869861691339206,0.04588683246401913,0.04577959067635366,0.04570252362566935,0.04558684001608114,0.045620612899393655,0.045608389456238414,0.045655596345265476,0.04571600963002488,0.0457672098413698,0.04577034943586604,0.045739856900192104,0.04571859189864005,0.045711241917108965,0.04570312387892606,0.045687943227923494,0.04563373808920967,0.04559959431651006,0.04553124901994097,0.04546337707896304,0.04548237074744913,0.04552430943382483,0.04555968748977549,0.0456359107966569,0.045680464632233624,0.045641996447415296,0.04564199643498,0.04564199640952821,0.04564199639882261,0.04564199636082855,0.04564199634027475,0.04564199631773495,0.04564199629624571,0.04564199626156331,0.0456419962715648,0.04564199625729784,0.04564199625143364,0.04564199621752054,0.04564199619898627,0.04564199618455634,0.04564199612416035,0.04564199615007565,0.04564199611386861,0.045641996111864626,0.04564199607608998,0.045641996074945734,0.04564199604848167,0.04564199602918546,0.04564199600855873,0.04564199600876059,0.04564199598435373,0.045641995953178,0.04564199594086563,0.04564199585817704,0.045641995870419866,0.04564199582345058,0.04564199579344432,0.04564199579286805,0.0456419957577071,0.04564199572075115,0.04564199567750875,0.04564199565498385
413,1.6117102846820255,-1.5029441549492133,6.049208469693923e-07,0.0,5.0,0.49950908568843333,0.22749868773182064,0.13779245154646844,0.039647500359905705,0.005042624222282825,0.040827370040497635,0.03662610768646328,0.040055618645203704,0.046510671832071394,0.048980715553439226,0.04790090798748359,0.04557333707288476,0.044793122488308905,0.045116050521264925,0.04532130224311522,0.045643692282315795,0.04610276945415533,0.046140762503749815,0.04588752469913768,0.04556254387686572,0.0455716072136715,0.04552776492758042,0.0454803931148803,0.045318065111923315,0.04548997163074432,0.04562937004377555,0.045720749651440615,0.04572851784364829,0.04554525633815689,0.04556936940099283,0.045567474251061744,0.04554731592001616,0.045528492833318196,0.045459502592724084,0.04564001237186109,0.045686127486313614,0.04580739498591833,0.045869861691339206,0.04588683246401913,0.04577959067635366,0.04570252362566935,0.04558684001608114,0.045620612899393655,0.045608389456238414,0.045655596345265476,0.04571600963002488,0.0457672098413698,0.04577034943586604,0.045739856900192104,0.04571859189864005,0.045711241917108965,0.04570312387892606,0.045687943227923494,0.04563373808920967,0.04559959431651006,0.04553124901994097,0.04546337707896304,0.04548237074744913,0.04552430943382483,0.04555968748977549,0.0456359107966569,0.045680464632233624,0.045641996447415296,0.04564199643498,0.04564199640952821,0.04564199639882261,0.04564199636082855,0.04564199634027475,0.04564199631773495,0.04564199629624571,0.04564199626156331,0.0456419962715648,0.04564199625729784,0.04564199625143364,0.04564199621752054,0.04564199619898627,0.04564199618455634,0.04564199612416035,0.04564199615007565,0.04564199611386861,0.045641996111864626,0.04564199607608998,0.045641996074945734,0.04564199604848167,0.04564199602918546,0.04564199600855873,0.04564199600876059,0.04564199598435373,0.045641995953178,0.04564199594086563,0.04564199585817704,0.045641995870419866,0.04564199582345058,0.04564199579344432,0.04564199579286805,0.0456419957577071,0.04564199572075115,0.04564199567750875,0.04564199565498385
414,1.6376948056438874,-1.4745870263273209,3.469300289271615e-07,0.0,5.0,0.4790636232374337,0.21535159696288458,0.1281657625821949,0.03474885611036316,0.005281153721536034,0.04333686730979634,0.038227144420019864,0.041004625432483066,0.046534064422753464,0.04815809692555741,0.04694207382174523,0.04471447386806777,0.04404946067890104,0.044501754938512356,0.0446656183360651,0.04497558292099046,0.04543008384094391,0.04547759736642027,0.04530232441467342,0.04503384236799958,0.04503444022535973,0.04499677837695739,0.04495743427028858,0.04473341999202135,0.0448952373736896,0.045001163146531506,0.04504694853331521,0.045003379562343314,0.044767251487642386,0.04480137862889144,0.04480050824503829,0.04479060340162735,0.04477696534010745,0.0447340687494974,0.044884615143325535,0.044910220471626836,0.04499072164661233,0.045050023779121984,0.04506676724274301,0.04498750487921686,0.04494979190632362,0.0449047086923317,0.045023191493580625,0.045019201775137546,0.045066167261128776,0.04513294177888046,0.04517672519601418,0.045150491360038146,0.04509034316283995,0.045077281068103596,0.045070932992499514,0.04506470559978508,0.04505387171299193,0.04501446052432731,0.044986489877310985,0.044941752844706806,0.044889844396582695,0.04490799797398534,0.04495008408308707,0.04498412008239993,0.04504392629675251,0.045057648641021984,0.04502187669966378,0.045021876678638745,0.045021876622277884,0.04502187656885251,0.04502187647457523,0.045021876399711724,0.04502187631942458,0.045021876220587106,0.04502187612591013,0.045021876055731186,0.04502187596892743,0.04502187589747846,0.04502187578412916,0.0450218756804164,0.04502187559573346,0.04502187546221118,0.04502187539932448,0.04502187528109466,0.04502187519902903,0.04502187506565785,0.04502187498527857,0.04502187487149571,0.0450218747699951,0.045021874673558566,0.04502187458616043,0.04502187447375254,0.045021874347318275,0.04502187425873808,0.04502187409497835,0.04502187401851351,0.045021873891760475,0.04502187377821665,0.04502187368158645,0.04502187355317151,0.04502187343571561,0.04502187330158067,0.04502187319713891
415,1.6631804689032441,-1.4457807242125638,1.9896890468551476e-07,0.0,5.0,0.458977753175925,0.20358146075570285,0.11896104568878708,0.030240977420635175,0.005715605623809031,0.04586758487652503,0.039861755278447875,0.041973227188223605,0.04655929967841738,0.04735189014345514,0.04601445904528027,0.043872979566888196,0.04328764828978414,0.043813298368717654,0.04393977033509043,0.044231002792045865,0.04466716140427013,0.044726098961566624,0.044667609121940614,0.04453809403445875,0.044507792623371276,0.04449051237181312,0.044520193712289706,0.044300599872046535,0.04446435794784111,0.044552727442049536,0.044570727952455175,0.044501844913021185,0.044226159870379894,0.04428245359784422,0.04428144709731103,0.0442702860515757,0.04425163946199126,0.04415822670823789,0.04422084855744178,0.04421322854157611,0.04423549125926497,0.04426812144747018,0.04426456819219263,0.044179320444090904,0.04414590812614783,0.044133645066919705,0.04428302737479707,0.044284918832371574,0.04433088117578498,0.04439514586597165,0.044430514548869204,0.04441331439197329,0.04434262300651139,0.04433491641065785,0.04432998186335255,0.04432578274373518,0.0443192776064636,0.04429716487534215,0.04428253379861451,0.044295704356372465,0.04429265325252268,0.04431127055814601,0.04435182151609027,0.04438479187743412,0.044438352790736706,0.04444261301447991,0.044422294514213166,0.04442229449148688,0.044422294430035564,0.04442229436333588,0.04442229426113155,0.0444222941760527,0.04442229409268157,0.04442229399197851,0.044422293895037414,0.04442229381644368,0.04442229373284048,0.044422293672642825,0.04442229357264708,0.044422293481853385,0.04442229340881867,0.044422293285988915,0.04442229323686263,0.044422293131516334,0.04442229306315811,0.04442229294241735,0.04442229287440277,0.044422292777542324,0.04442229268985177,0.04442229260656957,0.044422292531905376,0.04442229243389544,0.044422292322569945,0.04442229224661418,0.04442229209473076,0.044422292031501096,0.044422291916602775,0.0444222918155112,0.04442229173343078,0.04442229161900023,0.044422291512130035,0.044422291392149864,0.04442229129608677
416,1.58523482115446,-1.5308434722221629,1.0547636858371234e-06,0.0,5.0,0.520338358469449,0.24005057803139918,0.14787664493083963,0.044982345436248704,0.005026788141445197,0.03833842667564129,0.03505524914063934,0.03911404528896679,0.046462589950025966,0.04978320508226847,0.04886718175842225,0.046440366566546654,0.04553161303761652,0.04569912221842618,0.04594850701754893,0.04628133566553011,0.046743559663597195,0.04679004017747411,0.046512591786970765,0.04620381610102776,0.046195631176097755,0.046151116717285036,0.046118087307423235,0.04603028192631203,0.046211484850374164,0.046380509561945574,0.04650877911332892,0.04655230312414128,0.0463610397028945,0.04640375871018231,0.04639996942446297,0.04636094096891105,0.046327467790168365,0.046160228137552564,0.0463041003456125,0.04635642436800859,0.04650455510385453,0.04656857586537082,0.04659088413972051,0.046475728605256277,0.046368257725695604,0.046202194380986314,0.046168541048625694,0.04614730130226767,0.04619195314323499,0.04624796879484966,0.04631777290596226,0.04639268364636662,0.04644155001771323,0.04641173229853203,0.04640378475652002,0.04639429342719187,0.046376062436079175,0.046314076984262105,0.04628341925619342,0.046227800155951224,0.04617891154590342,0.04619742883752672,0.046228661918673385,0.046254489659569464,0.046319124935610384,0.04636027556461998,0.04633385994937209,0.046333859942724674,0.04633385993628314,0.04633385994525399,0.04633385993870299,0.046333859944516,0.046333859942962755,0.04633385995374325,0.04633385994241578,0.046333859969677336,0.04633385997466934,0.046333859983217235,0.04633385996996257,0.04633385996665215,0.04633385996699228,0.0463338599172377,0.0463338599534974,0.04633385992545401,0.04633385993016611,0.04633385989775362,0.04633385990384563,0.046333859883350176,0.04633385987367386,0.04633385985730006,0.04633385985793066,0.04633385983874007,0.04633385982301088,0.04633385982409791,0.0463338597442954,0.04633385976443687,0.04633385971574761,0.04633385969285597,0.04633385970720498,0.04633385968708113,0.04633385966685653,0.046333859639187645,0.046333859621955104
417,1.6881595112801822,-1.4165340232836192,1.1411126299432084e-07,0.0,5.0,0.4392293588394976,0.192162621594309,0.11014553652112472,0.026082170458891465,0.006332578231279826,0.048443457389300705,0.041557331165161006,0.04300080289844204,0.0466466661237623,0.04664350457932634,0.045195814060820655,0.04311231195642213,0.04254541712850642,0.04304332834594321,0.0431379815587584,0.04339521012740676,0.043772901747554716,0.04379927768370722,0.043811352438744955,0.04382430088162975,0.0437736971012643,0.04378979097532596,0.04394085812517347,0.04380268410969433,0.04398522072078889,0.04408299900546783,0.04411339817857597,0.044088003464838085,0.04391255745117333,0.04395555486273579,0.043954252318901633,0.04394029418439525,0.04391932051889301,0.04379959220100355,0.043820559481813556,0.04379741929982406,0.04378201864649625,0.04378388808329188,0.04374955719078159,0.04362601391586987,0.04356875439098753,0.04353471313398092,0.04363083162518745,0.04363311847295842,0.043671050951505044,0.04370918270528477,0.04370557988486669,0.04365915434474975,0.04353458968321685,0.0435303519191237,0.04352667107441127,0.04352434465582276,0.04352196969774538,0.04351606249613377,0.04351047892275743,0.04355083001916079,0.043565658273555144,0.04357813400548863,0.04361054866243957,0.043635925505655544,0.04366447532557092,0.04365247570128652,0.0436402970065592,0.04364029698881052,0.04364029694224338,0.043640296898970976,0.043640296830535316,0.04364029678840248,0.04364029675689823,0.04364029673401776,0.043640296709121736,0.04364029669211559,0.04364029667854524,0.04364029669950374,0.0436402966890974,0.043640296700078095,0.04364029670564944,0.043640296667160024,0.043640296721755005,0.043640296709711576,0.04364029673839705,0.04364029673303349,0.04364029676150323,0.04364029677769924,0.04364029679343333,0.04364029680858543,0.043640296845718594,0.04364029686289979,0.04364029687842684,0.043640296905120946,0.04364029686073985,0.04364029691685369,0.043640296911936466,0.04364029692670417,0.04364029697895824,0.04364029699998471,0.04364029700728227,0.04364029701994425,0.04364029703771047
418,0.0,0.0,1.8391269740458682e-06,0.0,5.0,0.5415778767056548,0.2530374419832581,0.15845684695206294,0.05080290097495373,0.005270377661551157,0.035884388229745066,0.033526204702089585,0.03818378066643443,0.04638115926002793,0.05054879213570219,0.04983551020043166,0.047321156119265136,0.04628501910570445,0.04628525219051349,0.046580763499248425,0.04692290256553696,0.047389196267583526,0.04746111822266137,0.04719844899134209,0.0469446651519742,0.04690185062877952,0.046854920797166556,0.04682638858644554,0.04679231715860652,0.046975085705524694,0.047161844961485566,0.04731086319027263,0.04736898538380346,0.04712515061714873,0.04720265846458966,0.047196921719671034,0.04713848434088995,0.04708876002609533,0.046809812435702494,0.046895011959432166,0.046951091022609866,0.047127100733924086,0.047209911931406105,0.04725842483218948,0.0471831804741225,0.047080492006114055,0.04690510758905813,0.0468343926833563,0.04680137121096214,0.04683266439410635,0.046876306864841295,0.04695289550895551,0.047079071587123905,0.0472169141852345,0.04718188988805707,0.047173817098048194,0.04716419902089618,0.047146378962899145,0.04708952903949895,0.04706898360174331,0.047032652162391254,0.047006994578720505,0.047018949530108475,0.04702691800608367,0.04703017562158105,0.04704209277106215,0.047033163344874306,0.04702471964591595,0.047024719643655226,0.04702471964384115,0.047024719657813255,0.04702471966309995,0.04702471968307415,0.047024719687243484,0.04702471971828674,0.0470247197305941,0.04702471974967405,0.04702471975660269,0.04702471977561728,0.047024719772278775,0.04702471978008166,0.04702471978620864,0.04702471974184739,0.047024719782771465,0.04702471975658205,0.047024719764806475,0.04702471973585645,0.04702471974938922,0.047024719735800684,0.04702471973834745,0.04702471972994799,0.047024719736585875,0.047024719729229704,0.047024719740302895,0.047024719764439955,0.04702471969646395,0.047024719736335194,0.04702471969714803,0.047024719695500185,0.04702471974286677,0.04702471975984092,0.04702471977587003,0.04702471978503269,0.0470247197918628
419,1.712624323916416,-1.386855832368909,6.544429709265387e-08,0.0,5.0,0.419798299370149,0.18107145987576365,0.10168902812600954,0.022234150748475696,0.007140123908210009,0.05113057733199323,0.04338581837448149,0.04417968376418692,0.04692724210192162,0.046220357783686265,0.04471218009431995,0.042662814828395304,0.04205197725151756,0.042399370096966836,0.04246841791914238,0.04266860085667897,0.04292345435236258,0.04281780302929946,0.04271837033411861,0.042698724128157284,0.04269699394564066,0.04273779844869996,0.04295842827789898,0.042872359849126435,0.04306859372145001,0.043172760120777816,0.04322761210053159,0.04327471550794038,0.04333612872650012,0.04329928149751974,0.043299016227373074,0.04329561733313093,0.04329076065142866,0.04328525043697807,0.043407274752481406,0.04341216527311984,0.04342169599256044,0.04344626545952063,0.04342445796523251,0.043326809418372136,0.04330554947531169,0.0432936702828403,0.04339095776393226,0.04339429907839282,0.04342171404846182,0.043444718936496506,0.04341379767517005,0.04333314513606022,0.04319667322480918,0.043195476055261854,0.04319247138851473,0.04319175833576032,0.04319381017926807,0.04320523446138111,0.04320883995236573,0.04325929650301816,0.04327847988531236,0.043280595706410775,0.04329378723747132,0.043299769636392024,0.04327387403091351,0.04321573931198683,0.043211911546623905,0.04321191153408815,0.04321191149321158,0.04321191146066657,0.043211911396096744,0.04321191136787424,0.043211911331939454,0.04321191131030557,0.043211911294338406,0.04321191124175294,0.04321191119891258,0.043211911188953234,0.04321191113918271,0.04321191109807134,0.043211911059921955,0.043211910966520786,0.043211910948953824,0.043211910862107836,0.04321191081964814,0.04321191071196883,0.043211910667999225,0.04321191060448285,0.043211910548332594,0.04321191049025623,0.043211910431593545,0.04321191036222686,0.04321191030094536,0.04321191026817779,0.04321191013991812,0.04321191011207609,0.04321191001658032,0.04321190995121352,0.04321190992314351,0.04321190986724136,0.04321190981263214,0.043211909753274,0.043211909686299114
420,0.0,0.0,3.7533157248859084e-08,0.0,5.0,0.40066627971604235,0.1702862418324031,0.09356366044703682,0.018661720644694083,0.008160470737780506,0.05402794344127262,0.04545619391932496,0.04565056414411811,0.04760573744973395,0.04639979182696289,0.04500053297012839,0.04301185554648551,0.042364866843935214,0.04251686947806251,0.0425640952399623,0.04269226544520314,0.042780163109659944,0.04244965476931134,0.042009078413584304,0.04164517177207864,0.04179216311600575,0.04181573829327895,0.041901129250525006,0.041638742603738656,0.04179743628382539,0.04183099911119151,0.041824571573427664,0.04180016336582075,0.04190175841022102,0.041786112174188046,0.04178707838423496,0.04179623971062122,0.04181199076370009,0.041923182915152776,0.042095220014374414,0.04209055726933642,0.04207414984352193,0.0421248692784725,0.042128680318265097,0.04209706260610261,0.04213544604602402,0.04218177107411784,0.04233235814746967,0.04233453582004729,0.04235282673248369,0.04237970076339123,0.04235680404192386,0.04231050687765713,0.04223935771378129,0.042239358871401476,0.042236843605078796,0.04223727475031978,0.0422426936704951,0.042269482594269665,0.04228790514033696,0.042383383920150605,0.042445413999433954,0.04244457010819095,0.04244410106998137,0.04243938726031414,0.042406036748644134,0.0423663768551544,0.04238611948164423,0.0423861194861934,0.04238611949319113,0.04238611951618952,0.042386119527554715,0.04238611957109643,0.04238611960960445,0.0423861196933403,0.042386119759290734,0.042386119797539784,0.04238611985312183,0.04238611994876888,0.04238612002931009,0.0423861201282276,0.04238612020530072,0.042386120239937854,0.04238612037752188,0.04238612043453277,0.042386120536966436,0.0423861206047144,0.04238612070539864,0.04238612080829078,0.04238612090573931,0.04238612099274297,0.04238612109917025,0.04238612120029988,0.04238612132582043,0.04238612144419755,0.04238612147491665,0.04238612162277417,0.04238612168928168,0.04238612179466633,0.04238612196440436,0.04238612210752916,0.042386122221044535,0.04238612235587032,0.042386122456566734
421,1.7365674545930214,-1.356755191732884,3.7533157248859084e-08,0.0,5.0,0.40066627971604235,0.1702862418324031,0.09356366044703682,0.018661720644694083,0.008160470737780506,0.05402794344127262,0.04545619391932496,0.04565056414411811,0.04760573744973395,0.04639979182696289,0.04500053297012839,0.04301185554648551,0.042364866843935214,0.04251686947806251,0.0425640952399623,0.04269226544520314,0.042780163109659944,0.04244965476931134,0.042009078413584304,0.04164517177207864,0.04179216311600575,0.04181573829327895,0.041901129250525006,0.041638742603738656,0.04179743628382539,0.04183099911119151,0.041824571573427664,0.04180016336582075,0.04190175841022102,0.041786112174188046,0.04178707838423496,0.04179623971062122,0.04181199076370009,0.041923182915152776,0.042095220014374414,0.04209055726933642,0.04207414984352193,0.0421248692784725,0.042128680318265097,0.04209706260610261,0.04213544604602402,0.04218177107411784,0.04233235814746967,0.04233453582004729,0.04235282673248369,0.04237970076339123,0.04235680404192386,0.04231050687765713,0.04223935771378129,0.042239358871401476,0.042236843605078796,0.04223727475031978,0.0422426936704951,0.042269482594269665,0.04228790514033696,0.042383383920150605,0.042445413999433954,0.04244457010819095,0.04244410106998137,0.04243938726031414,0.042406036748644134,0.0423663768551544,0.04238611948164423,0.0423861194861934,0.04238611949319113,0.04238611951618952,0.042386119527554715,0.04238611957109643,0.04238611960960445,0.0423861196933403,0.042386119759290734,0.042386119797539784,0.04238611985312183,0.04238611994876888,0.04238612002931009,0.0423861201282276,0.04238612020530072,0.042386120239937854,0.04238612037752188,0.04238612043453277,0.042386120536966436,0.0423861206047144,0.04238612070539864,0.04238612080829078,0.04238612090573931,0.04238612099274297,0.04238612109917025,0.04238612120029988,0.04238612132582043,0.04238612144419755,0.04238612147491665,0.04238612162277417,0.04238612168928168,0.04238612179466633,0.04238612196440436,0.04238612210752916,0.042386122221044535,0.04238612235587032,0.042386122456566734
422,1.7599816100004502,-1.3262412703222757,2.1525754734241787e-08,0.0,5.0,0.3818167205593171,0.15978696945625007,0.08574371565540058,0.015332461619930958,0.009410150157689357,0.05723113199782784,0.04787858287252384,0.04756459510735058,0.04892032713549881,0.04759543483436171,0.04670668189821601,0.044934394570196226,0.044463152061335935,0.0446731962319889,0.04469415518033043,0.04478680827526489,0.04481050052062601,0.044392184507012065,0.043807284090804574,0.04320706944660912,0.04344768867592776,0.0434443569518461,0.043374896998109966,0.04289366650831309,0.043005019742447574,0.04295595065549002,0.04285546881902005,0.042689564417192336,0.04261001913176947,0.04249571309504667,0.042495999657127984,0.042498716690030705,0.04251291585265512,0.042559581955382765,0.04258970444721058,0.04250911472084423,0.042371733218817875,0.0423728968922888,0.04234105909278236,0.04227651403839518,0.04226858636654052,0.0422622451922522,0.04230892799484714,0.042297136116672386,0.04229785437143663,0.042288343881340305,0.042226519398603224,0.04216117643323351,0.042036300739320014,0.04203511355729423,0.042032363847399126,0.042032436016877416,0.042037121979327276,0.04206055745098289,0.04207201804366588,0.04212930440330137,0.0421507464620648,0.04213883723835764,0.042123359868393426,0.04210226527743175,0.04202883727667943,0.04196512723519463,0.04197529314399787,0.041975293154292215,0.04197529317291726,0.041975293221019415,0.04197529324576996,0.041975293315317345,0.041975293362253044,0.04197529346309631,0.04197529355165765,0.04197529358682136,0.04197529363485025,0.04197529371612296,0.041975293777530204,0.0419752938522261,0.041975293906382626,0.041975293912872635,0.04197529401135985,0.04197529402527543,0.04197529408816428,0.041975294096753775,0.041975294156871526,0.04197529421506707,0.0419752942718854,0.041975294317387876,0.041975294367525576,0.04197529441915269,0.04197529450249698,0.04197529458847694,0.04197529457051626,0.041975294669398575,0.04197529468200373,0.041975294740759624,0.04197529486486154,0.04197529496445606,0.041975295042433795,0.04197529513606466,0.0419752951843306
423,1.7828596579601481,-1.2953233629731398,1.2345300670624226e-08,0.0,5.0,0.36323463162867453,0.1495552358659335,0.07820542354265976,0.0,0.0,0.050997590135508364,0.04125651031035921,0.040817582261320914,0.04198322509113089,0.041003906409986614,0.041082855073996984,0.03970908009719807,0.039732258840926085,0.04048961642501612,0.04046963801387056,0.04061126499934899,0.04080726177410436,0.040668679114471994,0.040637637304458636,0.040516897491980904,0.040599115436890244,0.040639698947432204,0.04081046898824579,0.040570653080681925,0.04074346069828576,0.040794683471901884,0.040795753121122234,0.040813812360257384,0.04097923994630298,0.04087094869970695,0.040871067826533165,0.040872554510943,0.040883645712975425,0.040943636095116344,0.04106099425470909,0.041043515570587996,0.04100190785182164,0.041044327527400296,0.041043436890905505,0.04102095702666137,0.041055155873396344,0.04108897678436304,0.041193556260816895,0.04119111045917882,0.041199161355727286,0.041211920494014224,0.04118676618132454,0.041188422433253366,0.0411580841914211,0.04115345463853195,0.04115028905938724,0.041149808190127264,0.04115383860962007,0.041178123393012515,0.04119839795086125,0.04129126359905815,0.04135186110694405,0.04134313304877964,0.041322917289691494,0.04130007408751956,0.041248026936205766,0.04122426023199503,0.04125166028739588,0.041251660307639895,0.041251660352257004,0.04125166042136228,0.0412516604744138,0.04125166055771125,0.04125166061512361,0.04125166072706722,0.04125166081010538,0.04125166086265871,0.04125166092946266,0.04125166102586647,0.04125166111895979,0.04125166122230115,0.04125166130607935,0.04125166135045685,0.041251661493335735,0.04125166155299572,0.04125166166003455,0.041251661724668785,0.04125166182955935,0.041251661939759716,0.04125166204395013,0.04125166213538983,0.041251662237713954,0.04125166234437725,0.041251662486056655,0.04125166261960266,0.04125166265369303,0.04125166280825962,0.041251662875019184,0.041251662989865275,0.041251663178341155,0.041251663344201044,0.041251663476582635,0.041251663633705304,0.041251663736182866
424,1.805194629597082,-1.264010887579563,7.080190767005945e-09,0.0,5.0,0.3449064908370785,0.13957408850366393,0.07092677981842178,0.0,0.0,0.05047270518792229,0.040041378307177515,0.038951322772155364,0.03937470413427001,0.038270683157798004,0.03904524958240452,0.03805181623403435,0.038465132729615305,0.03954424291960339,0.039497411657376975,0.039651208939098945,0.039925503751906816,0.03994504693944679,0.0402323998662042,0.040371915737687065,0.04036958163379238,0.040428687354723866,0.04070041493973974,0.04054227005625184,0.04073453933182339,0.04081729108771178,0.04084377468239703,0.04091291623277961,0.04111127936945741,0.04103082806862751,0.04102986730856173,0.04102105997847172,0.041021854473440596,0.04100930675250961,0.04107763303753076,0.04105664367475814,0.041010749074268646,0.04103978652206985,0.041027513284029114,0.040986161235426435,0.04099344422210707,0.040992315410580155,0.041039040100845345,0.041032851807711594,0.04103646845741937,0.04103588098316485,0.04100116137389684,0.04100391079275179,0.040959643275444324,0.04095150658880049,0.04094743857305491,0.040945608105616024,0.04094681871311767,0.040960344985490255,0.04097168096964696,0.04102586738111456,0.04105074832711087,0.04103744996637703,0.04101142175897766,0.040982209207964936,0.0409192508567249,0.040891323911966856,0.04090666135175346,0.040906661371448806,0.040906661407849265,0.040906661470115624,0.040906661497990784,0.04090666155908676,0.04090666157807481,0.04090666163667938,0.04090666167625573,0.04090666167500057,0.0409066616799743,0.04090666169982681,0.04090666170694682,0.04090666171075289,0.040906661714584125,0.040906661669102264,0.040906661698243536,0.04090666164996225,0.04090666165009126,0.040906661576380884,0.040906661573067826,0.04090666156127651,0.040906661551834554,0.04090666153514126,0.040906661506597185,0.04090666148519227,0.04090666149307691,0.04090666152004595,0.04090666143437739,0.04090666145734881,0.0409066613982882,0.04090666138653558,0.04090666143406202,0.04090666146062863,0.04090666147494661,0.04090666149733778,0.04090666147044382
425,1.712624323916416,-1.386855832368909,6.544429709265387e-08,0.0,5.0,0.419798299370149,0.18107145987576365,0.10168902812600954,0.022234150748475696,0.007140123908210009,0.05113057733199323,0.04338581837448149,0.04417968376418692,0.04692724210192162,0.046220357783686265,0.04471218009431995,0.042662814828395304,0.04205197725151756,0.042399370096966836,0.04246841791914238,0.04266860085667897,0.04292345435236258,0.04281780302929946,0.04271837033411861,0.042698724128157284,0.04269699394564066,0.04273779844869996,0.04295842827789898,0.042872359849126435,0.04306859372145001,0.043172760120777816,0.04322761210053159,0.04327471550794038,0.04333612872650012,0.04329928149751974,0.043299016227373074,0.04329561733313093,0.04329076065142866,0.04328525043697807,0.043407274752481406,0.04341216527311984,0.04342169599256044,0.04344626545952063,0.04342445796523251,0.043326809418372136,0.04330554947531169,0.0432936702828403,0.04339095776393226,0.04339429907839282,0.04342171404846182,0.043444718936496506,0.04341379767517005,0.04333314513606022,0.04319667322480918,0.043195476055261854,0.04319247138851473,0.04319175833576032,0.04319381017926807,0.04320523446138111,0.04320883995236573,0.04325929650301816,0.04327847988531236,0.043280595706410775,0.04329378723747132,0.043299769636392024,0.04327387403091351,0.04321573931198683,0.043211911546623905,0.04321191153408815,0.04321191149321158,0.04321191146066657,0.043211911396096744,0.04321191136787424,0.043211911331939454,0.04321191131030557,0.043211911294338406,0.04321191124175294,0.04321191119891258,0.043211911188953234,0.04321191113918271,0.04321191109807134,0.043211911059921955,0.043211910966520786,0.043211910948953824,0.043211910862107836,0.04321191081964814,0.04321191071196883,0.043211910667999225,0.04321191060448285,0.043211910548332594,0.04321191049025623,0.043211910431593545,0.04321191036222686,0.04321191030094536,0.04321191026817779,0.04321191013991812,0.04321191011207609,0.04321191001658032,0.04321190995121352,0.04321190992314351,0.04321190986724136,0.04321190981263214,0.043211909753274,0.043211909686299114
426,1.8269797214625287,-1.232313382224879,4.0605816487016e-09,0.0,5.0,0.3268201307756785,0.12982790165842267,0.06388737891764837,0.0,0.003077765318185158,0.05418188029097709,0.04294025711785543,0.041133570674670904,0.04064468340076687,0.03908995359118755,0.04013604632310766,0.03928981520421417,0.039750261706774016,0.04071062937602721,0.040645545254572,0.040741539451647095,0.04089561775224132,0.040774426373501246,0.04082049504978769,0.040677475135103905,0.04078476619962166,0.04081508955722924,0.04091870077757457,0.040553944260458386,0.04069658013535518,0.04069813578499762,0.04063953290954505,0.040578399457183105,0.04062837247988855,0.0405346960672013,0.04053324162794106,0.04052001948152793,0.04052281414389947,0.04048564045129637,0.040473429792090815,0.04040285121561207,0.04028326645813558,0.04029830103236531,0.04028256331190997,0.04025533321520521,0.04025704828728016,0.04024941164480697,0.04027236212337644,0.040257860426339,0.04025354397723523,0.040247145529500615,0.040215791226839104,0.04024299260893189,0.04021637580896642,0.04020539578469628,0.04020056023129484,0.040197598990186476,0.0401964966283542,0.04020182111284353,0.04020843370464159,0.040246531088023396,0.04025966007754661,0.04024715403361571,0.04022277553242387,0.04019721252667346,0.040159053696955806,0.0401703166704617,0.04018179022374224,0.040181790249545324,0.040181790304477515,0.04018179039142648,0.040181790451764135,0.04018179054251333,0.04018179060356579,0.04018179071727608,0.04018179079902575,0.04018179087263767,0.04018179094689778,0.0401817910331854,0.04018179112426786,0.040181791225477055,0.040181791308322605,0.04018179135179568,0.04018179149128585,0.04018179154872081,0.04018179165463187,0.04018179171474545,0.04018179181582348,0.0401817919240224,0.04018179202123797,0.04018179211142313,0.04018179220991257,0.040181792312103434,0.04018179244141829,0.040181792565385094,0.04018179259989791,0.040181792745609166,0.0401817928094729,0.04018179291531969,0.040181793090877146,0.04018179324426401,0.04018179336219878,0.04018179350791975,0.040181793600479486
427,0.0,0.0,1.1411126299432084e-07,0.0,5.0,0.4392293588394976,0.192162621594309,0.11014553652112472,0.026082170458891465,0.006332578231279826,0.048443457389300705,0.041557331165161006,0.04300080289844204,0.0466466661237623,0.04664350457932634,0.045195814060820655,0.04311231195642213,0.04254541712850642,0.04304332834594321,0.0431379815587584,0.04339521012740676,0.043772901747554716,0.04379927768370722,0.043811352438744955,0.04382430088162975,0.0437736971012643,0.04378979097532596,0.04394085812517347,0.04380268410969433,0.04398522072078889,0.04408299900546783,0.04411339817857597,0.044088003464838085,0.04391255745117333,0.04395555486273579,0.043954252318901633,0.04394029418439525,0.04391932051889301,0.04379959220100355,0.043820559481813556,0.04379741929982406,0.04378201864649625,0.04378388808329188,0.04374955719078159,0.04362601391586987,0.04356875439098753,0.04353471313398092,0.04363083162518745,0.04363311847295842,0.043671050951505044,0.04370918270528477,0.04370557988486669,0.04365915434474975,0.04353458968321685,0.0435303519191237,0.04352667107441127,0.04352434465582276,0.04352196969774538,0.04351606249613377,0.04351047892275743,0.04355083001916079,0.043565658273555144,0.04357813400548863,0.04361054866243957,0.043635925505655544,0.04366447532557092,0.04365247570128652,0.0436402970065592,0.04364029698881052,0.04364029694224338,0.043640296898970976,0.043640296830535316,0.04364029678840248,0.04364029675689823,0.04364029673401776,0.043640296709121736,0.04364029669211559,0.04364029667854524,0.04364029669950374,0.0436402966890974,0.043640296700078095,0.04364029670564944,0.043640296667160024,0.043640296721755005,0.043640296709711576,0.04364029673839705,0.04364029673303349,0.04364029676150323,0.04364029677769924,0.04364029679343333,0.04364029680858543,0.043640296845718594,0.04364029686289979,0.04364029687842684,0.043640296905120946,0.04364029686073985,0.04364029691685369,0.043640296911936466,0.04364029692670417,0.04364029697895824,0.04364029699998471,0.04364029700728227,0.04364029701994425,0.04364029703771047
428,1.848208297606467,-1.2002405022762836,2.328796488981766e-09,0.0,5.0,0.30896463338784225,0.1203022591502461,0.05706826180229679,0.0,0.006557032099245103,0.05824880188580476,0.046167795264243645,0.04355685327296149,0.041969609907335524,0.03965689341643767,0.04066550050003913,0.03984694581560378,0.04019071352275375,0.040854821618518965,0.04077505743321869,0.04079271627005597,0.04077156829078455,0.04045683631046345,0.040208953070363394,0.039822693668627514,0.04003773646423355,0.04005903294394814,0.04007833307569186,0.039631167598420475,0.03975055544297,0.0397142275772033,0.03963368956709984,0.03955391275331805,0.0396897020990818,0.03952631510111109,0.039525407205815495,0.039518184043817656,0.039535786354514976,0.03959625133707608,0.039665257255290624,0.03961019408390269,0.039511564929482386,0.039564329524558094,0.039582242089029746,0.03961408132044832,0.03966334483982506,0.039692611781770894,0.039756910764238866,0.039741515052147174,0.03973424017122022,0.039739263845277074,0.03972641256675738,0.03977247323572942,0.03979815621861772,0.03978506077672524,0.0397793500357123,0.039775515684467515,0.03977322792128466,0.039774897456590956,0.039780722253026736,0.03980953531049594,0.03981950768173821,0.03980851784308396,0.03978383085917934,0.03975961587716173,0.03973241752021238,0.039754378499972216,0.039764481902349214,0.03976448192659806,0.039764481971059036,0.03976448204101175,0.03976448207876181,0.039764482141721756,0.03976448217379341,0.03976448224420138,0.03976448228650418,0.039764482327073886,0.03976448236514636,0.03976448240471208,0.03976448244804693,0.039764482493279185,0.03976448253355496,0.03976448252773286,0.03976448260591992,0.03976448260797328,0.039764482657807965,0.03976448264553853,0.039764482688080575,0.03976448273122503,0.03976448276501092,0.03976448279822133,0.03976448282887228,0.03976448286147898,0.03976448291015871,0.039764482969626945,0.039764482943147626,0.03976448301527158,0.0397644830131656,0.03976448304641903,0.03976448313732132,0.039764483205911326,0.03976448325049665,0.03976448331556668,0.03976448333761342
429,0.0,0.0,1.335595078977292e-09,0.0,5.0,0.2913302331076554,0.11098384753030663,0.05045177802689467,0.0,0.009645753172968261,0.061608306032492774,0.0487043296561544,0.04524551346324771,0.042473567212946456,0.039290574283462804,0.04019822468545507,0.03941859279510344,0.039678392837784106,0.04013279899778295,0.040035586798437654,0.03999683788298208,0.0398653027888341,0.03947972393849089,0.03918480994333896,0.03884829099624253,0.03906744148634137,0.03910938300768731,0.039201918274949545,0.03885273311901629,0.038987481110134115,0.03897571680252118,0.038937517177870425,0.03893896657529743,0.03925045486386364,0.039043888984152404,0.03904256586039397,0.039031775393680176,0.03905221902728361,0.039143659175079906,0.03927462137897838,0.03924617903659513,0.0391838193404042,0.03924709735362256,0.039268318432327746,0.03929230856613958,0.03933338835212357,0.039333670280534264,0.0393540540879054,0.039337252114337556,0.039328070067509886,0.039325737121760296,0.039305551119976814,0.03933778106177774,0.03935347934323152,0.039337172918020406,0.03933068289660208,0.0393258247435233,0.03932155122986188,0.0393158008663053,0.03931543907334083,0.039315569686287306,0.03930132190918683,0.03929010001113421,0.039268329347429264,0.039247573184339704,0.03922332312026757,0.03924048071309742,0.03923819560232283,0.039238195619113216,0.03923819563864133,0.03923819568045549,0.03923819568152382,0.03923819571069163,0.039238195713097036,0.039238195741360476,0.03923819575320982,0.039238195763706414,0.03923819576777163,0.03923819576730015,0.03923819576386601,0.03923819576114261,0.039238195761147586,0.03923819571126602,0.0392381957359014,0.03923819568946999,0.039238195692161255,0.03923819562203248,0.039238195616078,0.03923819560653093,0.039238195587950185,0.03923819557680293,0.039238195556945084,0.03923819553555316,0.03923819551865103,0.039238195525503575,0.039238195455154494,0.03923819547099302,0.039238195421817126,0.03923819539993494,0.039238195424657576,0.03923819542833248,0.03923819541592996,0.03923819541933569,0.03923819539189418
430,1.9972628541025585,-0.9313389642165321,2.7256974455269756e-11,0.0,5.0,0.17346451710805016,0.05063067015588028,0.008543277499779008,0.0,0.025851427653992613,0.07710141009140163,0.059318938198187,0.05062608571503025,0.040783763347563964,0.033373414169297205,0.034926911510141934,0.03502790347868415,0.03564039800526421,0.03601612962498066,0.03577699017562845,0.035591414546359716,0.035346964215795085,0.0352811408867567,0.03543551754785973,0.03549697144266606,0.03553055302683205,0.035533773772612874,0.035521034506395266,0.035230584508285104,0.035329838982560965,0.03535946674110889,0.03537930235542394,0.03546591663224009,0.03579882286131607,0.03563229465056906,0.03562634932840012,0.035573382934624094,0.035572702701753126,0.035525331578535595,0.035597813297507275,0.03556407859270142,0.03551039492987064,0.035549853342536394,0.03555848717887137,0.03555858068446766,0.03556707429404293,0.03553917305005614,0.03551615669841359,0.035508311191417036,0.035508742743703234,0.03551877090752285,0.03553390607157401,0.035614213382926314,0.03566548598084383,0.03564129587953674,0.035632730757844996,0.03562447363280318,0.03561254879838041,0.03557955388095652,0.03556681422523877,0.035551136129106556,0.035539948240613656,0.03554753992263843,0.03555956900976332,0.03557072067838596,0.03558475056695108,0.035607437074331554,0.0355801874957245,0.035580187481066984,0.035580187436500745,0.035580187399000075,0.03558018734164462,0.03558018730574866,0.03558018727392815,0.03558018724004828,0.03558018721140444,0.03558018718852848,0.035580187162601355,0.03558018713203598,0.0355801870989527,0.03558018705720268,0.03558018703327975,0.03558018697789264,0.03558018698199798,0.0355801869252289,0.035580186920502604,0.035580186829967705,0.03558018680312651,0.03558018679139189,0.03558018674950023,0.03558018673571846,0.03558018670978995,0.03558018667529817,0.03558018660431124,0.03558018657270927,0.035580186527861844,0.03558018652001775,0.03558018646829855,0.03558018641493449,0.03558018639182312,0.03558018635316808,0.035580186296242405,0.0355801862711154,0.03558018623324017
431,2.013212767430304,-0.896340073689354,1.5632273253629592e-11,0.0,5.0,0.15735988782332935,0.042595623931563006,0.003024465846699995,0.0,0.02783182307253853,0.07904630772620307,0.06070324459579167,0.05146062438514152,0.040945957777915064,0.03330317331332923,0.03500072139241646,0.03515631725250888,0.03571111127610333,0.03593523602836247,0.03568690355153276,0.03546441992802744,0.03515086005277822,0.03504409031033869,0.03511470369583407,0.035113069250123786,0.035170696486397625,0.03516694607639945,0.03511687731941321,0.0348137665927456,0.034902468644872967,0.03492428698578182,0.03494119268986247,0.03501503372256768,0.035331659952343185,0.035159191320862905,0.03515277401352885,0.035095561448664395,0.03509333310834714,0.03503270065159282,0.03509179968853682,0.035047649755257884,0.03497875606791384,0.035004685514737774,0.03500227952014804,0.03498600775753657,0.034986061574089795,0.03495880985285115,0.03494382526867254,0.03494086221354139,0.03494750799418177,0.034965773289283304,0.034992891314654155,0.03509406045418779,0.03515297543685106,0.035128360334439855,0.03511973317694068,0.03511112963963873,0.03509812255931071,0.03506134972914707,0.03504802472979408,0.03504003945044087,0.03503704841395727,0.035046328481943854,0.03505854404462354,0.03506727292756479,0.03506569894213856,0.035064230922679615,0.03503640470594984,0.03503640468370551,0.03503640462054563,0.03503640455679052,0.03503640446995731,0.035036404403936273,0.03503640434011259,0.03503640426565536,0.03503640420801255,0.03503640414343033,0.03503640408149181,0.0350364040251942,0.03503640396064205,0.03503640388690492,0.03503640383653785,0.03503640376452661,0.035036403744824744,0.03503640366863127,0.035036403646228995,0.03503640353867564,0.035036403496329936,0.03503640347022617,0.03503640341434918,0.03503640338921725,0.035036403351699115,0.035036403306899354,0.03503640322319228,0.035036403182574796,0.0350364031322186,0.03503640311458896,0.03503640305790628,0.0350364029985263,0.03503640296796732,0.035036402926026194,0.03503640286508366,0.035036402836002824,0.03503640279413763
432,1.9807045551615325,-0.9660541598731283,4.752631621585124e-11,0.0,5.0,0.18974453666542887,0.05879643151132576,0.01415302100399007,0.0,0.023864532529672557,0.07524597981229339,0.05806263586332687,0.04999161157576741,0.040948188965266,0.03391851246385475,0.03537530473884158,0.035409840820926214,0.03606055681209896,0.03655829935057452,0.03633148361017168,0.03617911557390276,0.03599055862086798,0.0359406185026946,0.03613207560309239,0.03620379954981858,0.03623185206550438,0.03623628122373926,0.03622722377643274,0.03590112857836679,0.03599935301435016,0.03601509952507516,0.03601131028870983,0.03606598385327233,0.03634436002213801,0.03619383027324503,0.03618860659409691,0.03614232690162471,0.03614355467851501,0.036109432705708384,0.03617899855481433,0.03614613571398464,0.03609498623320629,0.036147965041964866,0.03616928164553051,0.03618977367547446,0.036203847998879844,0.036168240195666265,0.03611992159362018,0.036102737300097464,0.036091457304095416,0.0360842404093221,0.03607567614910534,0.036117075524386574,0.03614896731665134,0.03612578457676775,0.03611746368994481,0.03610994304649398,0.03610006971912811,0.036074203425626034,0.036062761135623754,0.03603548573454181,0.03601205708674415,0.0360165442167944,0.036027910027327845,0.036041955581322005,0.03607396819384252,0.0361278925678751,0.036100619558589404,0.03610061955431337,0.03610061953413881,0.036100619532061395,0.036100619512702194,0.036100619516975074,0.03610061952797426,0.03610061954893416,0.03610061956072358,0.03610061959591833,0.03610061962082553,0.03610061963092549,0.036100619646045023,0.03610061965506499,0.036100619672586896,0.036100619649548235,0.03610061969683212,0.036100619677565685,0.036100619708672975,0.036100619658137496,0.036100619664866655,0.036100619688160446,0.03610061967907993,0.03610061969447729,0.03610061970150825,0.036100619698506344,0.03610061966205534,0.036100619656835566,0.03610061963657437,0.0361006196593221,0.03610061963314047,0.03610061960628186,0.036100619613137104,0.03610061959981533,0.03610061956518435,0.03610061956503797,0.03610061955072681
433,2.0285494366466605,-0.8610681492926888,8.965272968453064e-12,0.0,5.0,0.14142811748317602,0.03468441869800462,0.0,0.0,0.028908399061633075,0.07965629523650147,0.06094776117033156,0.051286724251452705,0.04027005686744924,0.03258463908452616,0.03454742774869288,0.03479408171504048,0.03535250426527709,0.03550321744666695,0.03524691149595369,0.03500136560798919,0.034653987134541986,0.03455357222457908,0.03462584900137484,0.03463545696708018,0.034689106052629426,0.034683116254115666,0.03462389128938566,0.034328955436796746,0.03441231484016134,0.034433171011448285,0.034449805558775214,0.03451633798623947,0.034810225745533566,0.03464491811434925,0.034638540426113175,0.034582127201775587,0.03457947493804969,0.03452650812527684,0.03459743647396433,0.03455672918301424,0.03449516828665335,0.034521779074560506,0.03451924309212871,0.034497300334710886,0.03449241616566218,0.034456107728877104,0.034424487035659694,0.03442142884624053,0.03442643079019925,0.03443894273337294,0.03445736418570491,0.0345397995550978,0.03458727170223234,0.03456325029042638,0.03455489536064973,0.034546755122208436,0.034534787983972165,0.034501875038336766,0.034490510034382145,0.03448648469507166,0.03448825188607309,0.0344982973927064,0.03451364272364496,0.034526143776715076,0.034530954474769684,0.03454142811814042,0.03451319168431688,0.03451319166327269,0.03451319160374121,0.03451319154494073,0.03451319146232286,0.03451319139957582,0.03451319133712255,0.03451319126097426,0.03451319119964782,0.03451319113429023,0.034513191070432214,0.03451319100984232,0.034513190940994136,0.034513190854920585,0.0345131907982686,0.0345131907187276,0.03451319068499461,0.034513190596115,0.034513190560694955,0.03451319043214832,0.03451319037415385,0.034513190333667024,0.034513190262207595,0.034513190221267115,0.034513190163012374,0.034513190099610215,0.034513189993761864,0.03451318993645273,0.03451318986925185,0.03451318982927613,0.03451318975293144,0.03451318967274122,0.03451318961848279,0.03451318955308649,0.03451318947166663,0.03451318942087023,0.034513189355712535
434,0.0,0.0,1.4449341723121734e-10,0.0,5.0,0.22284389428674986,0.07554973012352954,0.025698036033705844,0.0,0.019688715777881484,0.07142276769509501,0.05553636390838246,0.04885787935962332,0.04165919530096579,0.03562194653845908,0.03682515174318115,0.0366143263334057,0.03717536046615356,0.037706866343089306,0.0375167152814813,0.03740515946368904,0.03725076048956394,0.03712535298781602,0.037246024305166325,0.037270268371029154,0.03732842973370265,0.037347696340842215,0.03737843500683794,0.03701424041487488,0.03711574064906966,0.037101089540779765,0.037052565356160264,0.03704115038666692,0.03722090615821535,0.037091978472710924,0.03708796010445415,0.037052626479003904,0.03705500149925147,0.03702891617274785,0.03708073440352171,0.03704539508467835,0.03699514378978769,0.03707261669063703,0.037118605258542416,0.0371853512885217,0.037226552966386356,0.03721797705229523,0.03720175586267613,0.037177657658353624,0.037159641712514506,0.03715300740230323,0.037146860676544324,0.03719607259901876,0.03726082107667414,0.03723834327108159,0.03723026168416006,0.03722334722788429,0.037215220935217855,0.03719626704626701,0.03718979030759567,0.03716801296136571,0.037148072834572186,0.03714709893880451,0.03714455453656434,0.037145393601254934,0.03715474062373345,0.03718130607927589,0.03716248478862855,0.03716248478532941,0.03716248475257886,0.03716248472905387,0.037162484671637686,0.03716248463786957,0.0371624846003202,0.03716248456241193,0.03716248452505227,0.037162484499833025,0.037162484467465846,0.037162484425737254,0.037162484379330424,0.03716248433159422,0.037162484298051,0.037162484222843836,0.03716248421324328,0.03716248414283114,0.037162484123324166,0.03716248402479361,0.037162483989417655,0.0371624839583903,0.037162483905942935,0.037162483879421754,0.037162483843824666,0.03716248379702259,0.037162483722419794,0.037162483684770424,0.03716248361743494,0.037162483601985985,0.03716248354014283,0.03716248348155072,0.037162483453108304,0.03716248340677838,0.03716248334541234,0.037162483307705316,0.037162483262378525
435,1.9635429144254894,-1.0004750860742486,8.286882291486108e-11,0.0,5.0,0.2062030741010576,0.06710018620947453,0.01986704597928311,0.0,0.021822596078632055,0.0733778045285891,0.05682710234654172,0.049430906902352086,0.04127488632056214,0.034710444831455335,0.0360538407239232,0.03598393302760609,0.036616158031234206,0.03716228913863732,0.0369519639592806,0.03682338674743437,0.0366621135766617,0.036586655392238265,0.03675362703910197,0.03679446216025031,0.03683635144305606,0.03684325166324475,0.03683414271111375,0.03646523393499829,0.036560022703164004,0.03655423410981367,0.03651975516201876,0.03652950730540974,0.0367409406786999,0.036603697213308334,0.03659928230038133,0.03656053574633126,0.03656401582074165,0.03654588264034251,0.03661285651376026,0.036580093903382314,0.03653195555246053,0.036603438762524275,0.036643095667137596,0.036696480641576434,0.03672896678108055,0.03670665732674729,0.03666737378118452,0.03664391604049101,0.036624974231199973,0.03661220361104597,0.03659632517981247,0.03662400644428943,0.036664265608680864,0.03664194238632862,0.036633782080735984,0.03662680744680636,0.03661854052886217,0.036598564422208574,0.036589714575426306,0.03655949331716027,0.036532593236136425,0.03653385422077036,0.036539624560990996,0.03654972238412557,0.03657933993754382,0.036634587871577785,0.03661060459525576,0.036610604595646565,0.03661060458122971,0.03661060458646888,0.03661060457063321,0.03661060457962218,0.03661060459383364,0.03661060462093726,0.03661060463655832,0.0366106046790741,0.036610604710206544,0.03661060472684295,0.03661060474924281,0.03661060477081311,0.036610604796264344,0.036610604780143524,0.036610604839835865,0.03661060483214104,0.03661060487468665,0.03661060484315635,0.03661060486383497,0.03661060489978022,0.036610604904765,0.0366106049331944,0.03661060495792716,0.03661060497134197,0.03661060495493484,0.036610604964682755,0.036610604956626984,0.03661060499801603,0.036610604989170695,0.03661060498118515,0.0366106050091358,0.036610605016257604,0.036610604999348206,0.036610605017169465,0.03661060502156176
436,2.043268190053615,-0.8255339351963946,5.141664871644025e-12,0.0,5.0,0.12566723309749828,0.026890403638281102,0.0,0.0,0.028871023831097083,0.078593194596158,0.059748160243084,0.04980941292843046,0.03846278972147024,0.030919179865850823,0.0332726464466117,0.03365441698032637,0.03429124715980686,0.03446430317919733,0.03420082061514897,0.033948690087706734,0.033609915848323055,0.03357311476217003,0.033750765577681294,0.03386379657229701,0.033879163542181547,0.033877452590772635,0.033847526315682885,0.03359334217147931,0.03367954699863255,0.03371116990932898,0.0337352934624521,0.03380809494223949,0.03408212025995155,0.033937657887703976,0.033931774150423276,0.033880649364242586,0.03387815142649496,0.03385162412371918,0.03396328858337192,0.03394366718212889,0.03391919205912287,0.033966228234188496,0.03398015853985927,0.03397445108133957,0.03397954921657432,0.033941685711040816,0.03389545075251775,0.03388986440551581,0.0338880815065967,0.03388895657144084,0.03388849879609322,0.033924237801577786,0.03395579147997446,0.033933429067833656,0.033925485948687,0.033918354012115896,0.033909014732896946,0.033885521577092285,0.0338778179257169,0.033872467973073556,0.03387455852610539,0.033884331984722744,0.033903461874252645,0.0339225106360216,0.033946702280303075,0.0339942440831391,0.033966450791903316,0.03396645078030204,0.03396645074676349,0.03396645072441355,0.03396645068393064,0.03396645066315103,0.03396645064414007,0.03396645062058764,0.033966450597263574,0.033966450585778844,0.03396645057044764,0.03396645055001443,0.033966450529928124,0.03396645048505567,0.03396645046726503,0.03396645042129778,0.033966450423344896,0.03396645036604335,0.03396645036070507,0.03396645025779026,0.03396645022376941,0.03396645021374743,0.033966450166818964,0.03396645014649199,0.03396645010733535,0.033966450065453915,0.03396644997917862,0.033966449938511716,0.03396644988984004,0.033966449865476,0.0339664498030788,0.03396644973613342,0.033966449696771206,0.03396644964302881,0.03396644957112947,0.033966449534372924,0.03396644947681148
437,0.0,0.0,2.9488633757068783e-12,0.0,5.0,0.11007578450496915,0.019206855032241774,0.0,0.0,0.028846290243699006,0.07765077989370367,0.058703756841886306,0.048557817144385416,0.037006183676279815,0.029750225756705953,0.032551973368581656,0.033069740845958054,0.033784923888243605,0.03397522789169035,0.03370655081764452,0.03344706390045056,0.03311165640930047,0.03312179493206973,0.033370137473797745,0.03353918963782502,0.0335322861397286,0.033528869021146684,0.033495371113368005,0.033232739375174486,0.033310470402087046,0.03333135228212558,0.03333516741743507,0.03336500095409307,0.03352955413583921,0.03342265971149029,0.03341709761627932,0.03336952228433615,0.03336392047223185,0.03333297175593391,0.033441298294125094,0.03342494275258569,0.03341468519610199,0.03347666550654394,0.033506428024815245,0.03352299622172494,0.03353810555983082,0.033505860891251314,0.03345245179819878,0.03344283945573598,0.03343282598410171,0.033422013083562636,0.0334032946780595,0.03339024557906187,0.033401336930888655,0.0333810298648087,0.03337324137772039,0.03336679209236153,0.03335938532524858,0.03334179756875901,0.033333592018149116,0.03330887965061112,0.033293567578190325,0.03330005423362443,0.03331753308377022,0.03333550090383462,0.03335599449168233,0.03341463201343485,0.03338288301292646,0.033382883009264626,0.03338288299752795,0.03338288301019256,0.03338288300997636,0.03338288303543701,0.033382883065536426,0.033382883108771175,0.03338288314401745,0.033382883196033934,0.03338288324099097,0.03338288328189711,0.0333828833312718,0.0333828833600396,0.03338288340190495,0.0333828834202167,0.03338288349655938,0.03338288350643696,0.03338288356931468,0.03338288354505846,0.033382883576084536,0.03338288364291458,0.0333828836642922,0.03338288370823142,0.03338288374172197,0.033382883774384156,0.03338288376491079,0.03338288378681767,0.033382883808642745,0.03338288385692836,0.03338288386393864,0.03338288386683531,0.03338288390606861,0.03338288392972624,0.03338288392267826,0.03338288396309102,0.03338288397263973
438,1.8688738915989584,-1.1678020174437043,1.335595078977292e-09,0.0,5.0,0.2913302331076554,0.11098384753030663,0.05045177802689467,0.0,0.009645753172968261,0.061608306032492774,0.0487043296561544,0.04524551346324771,0.042473567212946456,0.039290574283462804,0.04019822468545507,0.03941859279510344,0.039678392837784106,0.04013279899778295,0.040035586798437654,0.03999683788298208,0.0398653027888341,0.03947972393849089,0.03918480994333896,0.03884829099624253,0.03906744148634137,0.03910938300768731,0.039201918274949545,0.03885273311901629,0.038987481110134115,0.03897571680252118,0.038937517177870425,0.03893896657529743,0.03925045486386364,0.039043888984152404,0.03904256586039397,0.039031775393680176,0.03905221902728361,0.039143659175079906,0.03927462137897838,0.03924617903659513,0.0391838193404042,0.03924709735362256,0.039268318432327746,0.03929230856613958,0.03933338835212357,0.039333670280534264,0.0393540540879054,0.039337252114337556,0.039328070067509886,0.039325737121760296,0.039305551119976814,0.03933778106177774,0.03935347934323152,0.039337172918020406,0.03933068289660208,0.0393258247435233,0.03932155122986188,0.0393158008663053,0.03931543907334083,0.039315569686287306,0.03930132190918683,0.03929010001113421,0.039268329347429264,0.039247573184339704,0.03922332312026757,0.03924048071309742,0.03923819560232283,0.039238195619113216,0.03923819563864133,0.03923819568045549,0.03923819568152382,0.03923819571069163,0.039238195713097036,0.039238195741360476,0.03923819575320982,0.039238195763706414,0.03923819576777163,0.03923819576730015,0.03923819576386601,0.03923819576114261,0.039238195761147586,0.03923819571126602,0.0392381957359014,0.03923819568946999,0.039238195692161255,0.03923819562203248,0.039238195616078,0.03923819560653093,0.039238195587950185,0.03923819557680293,0.039238195556945084,0.03923819553555316,0.03923819551865103,0.039238195525503575,0.039238195455154494,0.03923819547099302,0.039238195421817126,0.03923819539993494,0.039238195424657576,0.03923819542833248,0.03923819541592996,0.03923819541933569,0.03923819539189418
439,1.8889702084998807,-1.135007808803859,7.659811673832451e-10,0.0,5.0,0.2739082283691464,0.10186035983002292,0.04402145973035173,0.0,0.012449030479188682,0.06449095372198049,0.05079189852819261,0.046485899525924024,0.04253085314562061,0.038508732922733165,0.03938474405161154,0.038701166135329285,0.03896992621129134,0.03935905648504157,0.0392401892859478,0.03917102941896252,0.03900255596113762,0.0386563055979361,0.03848313231116966,0.03832757086574616,0.038490082952736274,0.038550418597459744,0.03872565067890688,0.0384726575620107,0.03862047751658118,0.038632452513406905,0.038621634617692656,0.038669369631826454,0.039017461981742385,0.03882805065133603,0.03882522741606849,0.038800072056150665,0.03880866904584502,0.03881999362408015,0.038902089859745526,0.03886782151970643,0.03879921948672198,0.0388399358084847,0.03884051362600778,0.038823449456966426,0.03882050958814845,0.03876993804055593,0.038723896574782875,0.03870546164412702,0.038698159705458535,0.038688991871710106,0.03866978565451049,0.038725742609239354,0.03874169409162509,0.03872099032034921,0.03871409909688818,0.038708216642214244,0.03870132021905741,0.03868709400635626,0.03868431596458169,0.03868750656784665,0.03867983632561087,0.038673891372442266,0.038662427480819155,0.03865355674354733,0.03865815579037065,0.03869754497454631,0.03869047933146951,0.0386904793413945,0.03869047934583994,0.03869047936695956,0.038690479353609815,0.038690479364075055,0.03869047936593492,0.038690479389446336,0.038690479395823256,0.03869047942399175,0.03869047944504726,0.03869047946041626,0.03869047947838442,0.03869047950345052,0.03869047952702534,0.03869047950438355,0.03869047956430782,0.03869047955501247,0.03869047959431186,0.03869047957138747,0.03869047959961759,0.03869047963147178,0.03869047964595063,0.03869047967224907,0.03869047969861719,0.03869047971807826,0.038690479730891326,0.03869047976119977,0.038690479735023216,0.038690479787462276,0.03869047978042678,0.03869047979100526,0.03869047984578882,0.03869047987743192,0.03869047988505129,0.03869047991653763,0.03869047992414185
440,1.9084911267764288,-1.1018678657903849,4.3930015181103954e-10,0.0,5.0,0.2566909011484874,0.09292040961774022,0.03776190277616843,0.0,0.015030950289980286,0.06703456070821351,0.052573113386309045,0.04744279902793847,0.04234745489513697,0.03756927799183893,0.0385035608962577,0.03796371067028204,0.038312002585274355,0.03872957309526189,0.038586609144873295,0.03850104044431843,0.03833310838293397,0.03806657744248485,0.03803357512237169,0.0380107921412113,0.03811805772337999,0.03817615271137637,0.03835095106247296,0.038100262386502645,0.038240094362603824,0.03824897879873198,0.03822907954229004,0.038260891197510014,0.03853188301384081,0.03838102091136519,0.038377074618921175,0.03834132058553842,0.038339678660465344,0.03827868793220925,0.038300046587154295,0.03825321283945548,0.038174635741330454,0.03821075236134592,0.038212807829559985,0.038202173965717026,0.03819226983765229,0.038140349271187264,0.038092250631118985,0.03807306740344605,0.03806712661364425,0.03806389534814564,0.03806259166965207,0.03815755947030416,0.03821208767795478,0.03818854439518348,0.0381812611796289,0.03817460205127677,0.038165933720363684,0.03814647739422803,0.03814457098875915,0.038161057724943,0.03817114791907094,0.038170664032435714,0.038165248591170146,0.03816302411126796,0.038181265026940345,0.03822185608179353,0.03821550395118206,0.038215503951857084,0.038215503931085186,0.03821550391398169,0.038215503862063516,0.03821550382686042,0.038215503787917514,0.03821550375200394,0.03821550370686604,0.03821550368675332,0.03821550366216918,0.03821550362971826,0.0382155035961508,0.038215503563443276,0.0382155035430545,0.038215503476103516,0.03821550348116674,0.03821550342484124,0.038215503416507514,0.03821550333553452,0.038215503314827155,0.03821550329378979,0.03821550325608736,0.038215503237078355,0.03821550321133131,0.03821550317598559,0.03821550312188246,0.038215503098915984,0.03821550302771724,0.038215503022155164,0.03821550296522231,0.03821550291834854,0.038215502904610836,0.03821550286852631,0.03821550281691596,0.038215502783880854,0.038215502737901
441,1.9274307001677933,-1.0683922831509554,2.519443542681188e-10,0.0,5.0,0.2396714440412691,0.08415345480569808,0.03165864634029363,0.0,0.017433834854414618,0.06932524062106625,0.05413493002544473,0.04821254648660286,0.04203468187309618,0.036588654830158315,0.03764441810332319,0.03727030752234346,0.037727662844696454,0.03820658752854986,0.038039301038840144,0.03794121184680797,0.03778233625614841,0.03759290482420773,0.03765452395772742,0.03767534050616748,0.037750826385949114,0.03779069738671964,0.037897764729835325,0.037587634394968476,0.03770708766101141,0.03770046270135054,0.037659851530468996,0.037659468430261044,0.03785735883645135,0.03772785939031074,0.03772374681031948,0.037686916837821924,0.03768504027219974,0.037625591029871674,0.03764656475981142,0.03760235232803625,0.037535950349213545,0.03759470021904146,0.037622256765350554,0.037658521971546795,0.03767834921659946,0.03765626789633345,0.037636692994453325,0.0376153180524302,0.037604368943645286,0.03760417224514776,0.03760907438361898,0.0376969749993122,0.037774351299272015,0.03775080532163758,0.03774302378926491,0.037736049041944594,0.03772724482050114,0.03770689552685329,0.03770335675105523,0.037705292201640636,0.03770563550868091,0.037705347281436825,0.03769970309787962,0.03769677988591126,0.037703603989414615,0.03772340540750304,0.03771215453476503,0.03771215452925715,0.037712154488232695,0.03771215444664039,0.03771215436509542,0.037712154302007896,0.03771215423117684,0.03771215415086602,0.03771215407410303,0.03771215400761302,0.037712153937559535,0.03771215385988215,0.037712153773076754,0.037712153682392176,0.03771215361436925,0.03771215350173128,0.0377121534487043,0.03771215333943627,0.03771215327993455,0.03771215313688209,0.03771215306502454,0.037712152989148304,0.03771215289883009,0.03771215283386831,0.03771215275506738,0.0377121526657983,0.03771215255084251,0.037712152480027454,0.03771215236677054,0.037712152308797174,0.03771215220576267,0.037712152108668046,0.03771215203741909,0.03771215194805748,0.03771215185088442,0.037712151768064604,0.037712151680015404
442,1.945783159496445,-1.0345912578723313,1.4449341723121734e-10,0.0,5.0,0.22284389428674986,0.07554973012352954,0.025698036033705844,0.0,0.019688715777881484,0.07142276769509501,0.05553636390838246,0.04885787935962332,0.04165919530096579,0.03562194653845908,0.03682515174318115,0.0366143263334057,0.03717536046615356,0.037706866343089306,0.0375167152814813,0.03740515946368904,0.03725076048956394,0.03712535298781602,0.037246024305166325,0.037270268371029154,0.03732842973370265,0.037347696340842215,0.03737843500683794,0.03701424041487488,0.03711574064906966,0.037101089540779765,0.037052565356160264,0.03704115038666692,0.03722090615821535,0.037091978472710924,0.03708796010445415,0.037052626479003904,0.03705500149925147,0.03702891617274785,0.03708073440352171,0.03704539508467835,0.03699514378978769,0.03707261669063703,0.037118605258542416,0.0371853512885217,0.037226552966386356,0.03721797705229523,0.03720175586267613,0.037177657658353624,0.037159641712514506,0.03715300740230323,0.037146860676544324,0.03719607259901876,0.03726082107667414,0.03723834327108159,0.03723026168416006,0.03722334722788429,0.037215220935217855,0.03719626704626701,0.03718979030759567,0.03716801296136571,0.037148072834572186,0.03714709893880451,0.03714455453656434,0.037145393601254934,0.03715474062373345,0.03718130607927589,0.03716248478862855,0.03716248478532941,0.03716248475257886,0.03716248472905387,0.037162484671637686,0.03716248463786957,0.0371624846003202,0.03716248456241193,0.03716248452505227,0.037162484499833025,0.037162484467465846,0.037162484425737254,0.037162484379330424,0.03716248433159422,0.037162484298051,0.037162484222843836,0.03716248421324328,0.03716248414283114,0.037162484123324166,0.03716248402479361,0.037162483989417655,0.0371624839583903,0.037162483905942935,0.037162483879421754,0.037162483843824666,0.03716248379702259,0.037162483722419794,0.037162483684770424,0.03716248361743494,0.037162483601985985,0.03716248354014283,0.03716248348155072,0.037162483453108304,0.03716248340677838,0.03716248334541234,0.037162483307705316,0.037162483262378525
443,1.848208297606467,-1.2002405022762836,2.328796488981766e-09,0.0,5.0,0.30896463338784225,0.1203022591502461,0.05706826180229679,0.0,0.006557032099245103,0.05824880188580476,0.046167795264243645,0.04355685327296149,0.041969609907335524,0.03965689341643767,0.04066550050003913,0.03984694581560378,0.04019071352275375,0.040854821618518965,0.04077505743321869,0.04079271627005597,0.04077156829078455,0.04045683631046345,0.040208953070363394,0.039822693668627514,0.04003773646423355,0.04005903294394814,0.04007833307569186,0.039631167598420475,0.03975055544297,0.0397142275772033,0.03963368956709984,0.03955391275331805,0.0396897020990818,0.03952631510111109,0.039525407205815495,0.039518184043817656,0.039535786354514976,0.03959625133707608,0.039665257255290624,0.03961019408390269,0.039511564929482386,0.039564329524558094,0.039582242089029746,0.03961408132044832,0.03966334483982506,0.039692611781770894,0.039756910764238866,0.039741515052147174,0.03973424017122022,0.039739263845277074,0.03972641256675738,0.03977247323572942,0.03979815621861772,0.03978506077672524,0.0397793500357123,0.039775515684467515,0.03977322792128466,0.039774897456590956,0.039780722253026736,0.03980953531049594,0.03981950768173821,0.03980851784308396,0.03978383085917934,0.03975961587716173,0.03973241752021238,0.039754378499972216,0.039764481902349214,0.03976448192659806,0.039764481971059036,0.03976448204101175,0.03976448207876181,0.039764482141721756,0.03976448217379341,0.03976448224420138,0.03976448228650418,0.039764482327073886,0.03976448236514636,0.03976448240471208,0.03976448244804693,0.039764482493279185,0.03976448253355496,0.03976448252773286,0.03976448260591992,0.03976448260797328,0.039764482657807965,0.03976448264553853,0.039764482688080575,0.03976448273122503,0.03976448276501092,0.03976448279822133,0.03976448282887228,0.03976448286147898,0.03976448291015871,0.039764482969626945,0.039764482943147626,0.03976448301527158,0.0397644830131656,0.03976448304641903,0.03976448313732132,0.039764483205911326,0.03976448325049665,0.03976448331556668,0.03976448333761342
444,1.9635429144254894,-1.0004750860742486,8.286882291486108e-11,0.0,5.0,0.2062030741010576,0.06710018620947453,0.01986704597928311,0.0,0.021822596078632055,0.0733778045285891,0.05682710234654172,0.049430906902352086,0.04127488632056214,0.034710444831455335,0.0360538407239232,0.03598393302760609,0.036616158031234206,0.03716228913863732,0.0369519639592806,0.03682338674743437,0.0366621135766617,0.036586655392238265,0.03675362703910197,0.03679446216025031,0.03683635144305606,0.03684325166324475,0.03683414271111375,0.03646523393499829,0.036560022703164004,0.03655423410981367,0.03651975516201876,0.03652950730540974,0.0367409406786999,0.036603697213308334,0.03659928230038133,0.03656053574633126,0.03656401582074165,0.03654588264034251,0.03661285651376026,0.036580093903382314,0.03653195555246053,0.036603438762524275,0.036643095667137596,0.036696480641576434,0.03672896678108055,0.03670665732674729,0.03666737378118452,0.03664391604049101,0.036624974231199973,0.03661220361104597,0.03659632517981247,0.03662400644428943,0.036664265608680864,0.03664194238632862,0.036633782080735984,0.03662680744680636,0.03661854052886217,0.036598564422208574,0.036589714575426306,0.03655949331716027,0.036532593236136425,0.03653385422077036,0.036539624560990996,0.03654972238412557,0.03657933993754382,0.036634587871577785,0.03661060459525576,0.036610604595646565,0.03661060458122971,0.03661060458646888,0.03661060457063321,0.03661060457962218,0.03661060459383364,0.03661060462093726,0.03661060463655832,0.0366106046790741,0.036610604710206544,0.03661060472684295,0.03661060474924281,0.03661060477081311,0.036610604796264344,0.036610604780143524,0.036610604839835865,0.03661060483214104,0.03661060487468665,0.03661060484315635,0.03661060486383497,0.03661060489978022,0.036610604904765,0.0366106049331944,0.03661060495792716,0.03661060497134197,0.03661060495493484,0.036610604964682755,0.036610604956626984,0.03661060499801603,0.036610604989170695,0.03661060498118515,0.0366106050091358,0.036610605016257604,0.036610604999348206,0.036610605017169465,0.03661060502156176
445,0.0,0.0,4.0605816487016e-09,0.0,5.0,0.3268201307756785,0.12982790165842267,0.06388737891764837,0.0,0.003077765318185158,0.05418188029097709,0.04294025711785543,0.041133570674670904,0.04064468340076687,0.03908995359118755,0.04013604632310766,0.03928981520421417,0.039750261706774016,0.04071062937602721,0.040645545254572,0.040741539451647095,0.04089561775224132,0.040774426373501246,0.04082049504978769,0.040677475135103905,0.04078476619962166,0.04081508955722924,0.04091870077757457,0.040553944260458386,0.04069658013535518,0.04069813578499762,0.04063953290954505,0.040578399457183105,0.04062837247988855,0.0405346960672013,0.04053324162794106,0.04052001948152793,0.04052281414389947,0.04048564045129637,0.040473429792090815,0.04040285121561207,0.04028326645813558,0.04029830103236531,0.04028256331190997,0.04025533321520521,0.04025704828728016,0.04024941164480697,0.04027236212337644,0.040257860426339,0.04025354397723523,0.040247145529500615,0.040215791226839104,0.04024299260893189,0.04021637580896642,0.04020539578469628,0.04020056023129484,0.040197598990186476,0.0401964966283542,0.04020182111284353,0.04020843370464159,0.040246531088023396,0.04025966007754661,0.04024715403361571,0.04022277553242387,0.04019721252667346,0.040159053696955806,0.0401703166704617,0.04018179022374224,0.040181790249545324,0.040181790304477515,0.04018179039142648,0.040181790451764135,0.04018179054251333,0.04018179060356579,0.04018179071727608,0.04018179079902575,0.04018179087263767,0.04018179094689778,0.0401817910331854,0.04018179112426786,0.040181791225477055,0.040181791308322605,0.04018179135179568,0.04018179149128585,0.04018179154872081,0.04018179165463187,0.04018179171474545,0.04018179181582348,0.0401817919240224,0.04018179202123797,0.04018179211142313,0.04018179220991257,0.040181792312103434,0.04018179244141829,0.040181792565385094,0.04018179259989791,0.040181792745609166,0.0401817928094729,0.04018179291531969,0.040181793090877146,0.04018179324426401,0.04018179336219878,0.04018179350791975,0.040181793600479486
446,0.0,0.0,4.752631621585124e-11,0.0,5.0,0.18974453666542887,0.05879643151132576,0.01415302100399007,0.0,0.023864532529672557,0.07524597981229339,0.05806263586332687,0.04999161157576741,0.040948188965266,0.03391851246385475,0.03537530473884158,0.035409840820926214,0.03606055681209896,0.03655829935057452,0.03633148361017168,0.03617911557390276,0.03599055862086798,0.0359406185026946,0.03613207560309239,0.03620379954981858,0.03623185206550438,0.03623628122373926,0.03622722377643274,0.03590112857836679,0.03599935301435016,0.03601509952507516,0.03601131028870983,0.03606598385327233,0.03634436002213801,0.03619383027324503,0.03618860659409691,0.03614232690162471,0.03614355467851501,0.036109432705708384,0.03617899855481433,0.03614613571398464,0.03609498623320629,0.036147965041964866,0.03616928164553051,0.03618977367547446,0.036203847998879844,0.036168240195666265,0.03611992159362018,0.036102737300097464,0.036091457304095416,0.0360842404093221,0.03607567614910534,0.036117075524386574,0.03614896731665134,0.03612578457676775,0.03611746368994481,0.03610994304649398,0.03610006971912811,0.036074203425626034,0.036062761135623754,0.03603548573454181,0.03601205708674415,0.0360165442167944,0.036027910027327845,0.036041955581322005,0.03607396819384252,0.0361278925678751,0.036100619558589404,0.03610061955431337,0.03610061953413881,0.036100619532061395,0.036100619512702194,0.036100619516975074,0.03610061952797426,0.03610061954893416,0.03610061956072358,0.03610061959591833,0.03610061962082553,0.03610061963092549,0.036100619646045023,0.03610061965506499,0.036100619672586896,0.036100619649548235,0.03610061969683212,0.036100619677565685,0.036100619708672975,0.036100619658137496,0.036100619664866655,0.036100619688160446,0.03610061967907993,0.03610061969447729,0.03610061970150825,0.036100619698506344,0.03610061966205534,0.036100619656835566,0.03610061963657437,0.0361006196593221,0.03610061963314047,0.03610061960628186,0.036100619613137104,0.03610061959981533,0.03610061956518435,0.03610061956503797,0.03610061955072681
447,2.0573645441762953,-0.7897482554663131,2.9488633757068783e-12,0.0,5.0,0.11007578450496915,0.019206855032241774,0.0,0.0,0.028846290243699006,0.07765077989370367,0.058703756841886306,0.048557817144385416,0.037006183676279815,0.029750225756705953,0.032551973368581656,0.033069740845958054,0.033784923888243605,0.03397522789169035,0.03370655081764452,0.03344706390045056,0.03311165640930047,0.03312179493206973,0.033370137473797745,0.03353918963782502,0.0335322861397286,0.033528869021146684,0.033495371113368005,0.033232739375174486,0.033310470402087046,0.03333135228212558,0.03333516741743507,0.03336500095409307,0.03352955413583921,0.03342265971149029,0.03341709761627932,0.03336952228433615,0.03336392047223185,0.03333297175593391,0.033441298294125094,0.03342494275258569,0.03341468519610199,0.03347666550654394,0.033506428024815245,0.03352299622172494,0.03353810555983082,0.033505860891251314,0.03345245179819878,0.03344283945573598,0.03343282598410171,0.033422013083562636,0.0334032946780595,0.03339024557906187,0.033401336930888655,0.0333810298648087,0.03337324137772039,0.03336679209236153,0.03335938532524858,0.03334179756875901,0.033333592018149116,0.03330887965061112,0.033293567578190325,0.03330005423362443,0.03331753308377022,0.03333550090383462,0.03335599449168233,0.03341463201343485,0.03338288301292646,0.033382883009264626,0.03338288299752795,0.03338288301019256,0.03338288300997636,0.03338288303543701,0.033382883065536426,0.033382883108771175,0.03338288314401745,0.033382883196033934,0.03338288324099097,0.03338288328189711,0.0333828833312718,0.0333828833600396,0.03338288340190495,0.0333828834202167,0.03338288349655938,0.03338288350643696,0.03338288356931468,0.03338288354505846,0.033382883576084536,0.03338288364291458,0.0333828836642922,0.03338288370823142,0.03338288374172197,0.033382883774384156,0.03338288376491079,0.03338288378681767,0.033382883808642745,0.03338288385692836,0.03338288386393864,0.03338288386683531,0.03338288390606861,0.03338288392972624,0.03338288392267826,0.03338288396309102,0.03338288397263973
448,2.0708342051286825,-0.7537220107671513,1.691202733411501e-12,0.0,5.0,0.09465281067459355,0.011626489228139688,0.0,0.0,0.02876983924819344,0.07669666349058409,0.05767629313961938,0.04737013208356727,0.03569034948377922,0.028784272357241514,0.03201352823916258,0.03264107042049111,0.03339674192707027,0.03355468599650096,0.03328351371825517,0.03300976291878708,0.032655780276311365,0.032676903140784225,0.03294221801133706,0.03312936462405599,0.033118721652495645,0.033115534616230236,0.033079793248534224,0.03280814246076023,0.03287743013882945,0.032883913896974634,0.03286465967486017,0.03284370201159031,0.032887924953409885,0.03281678697193936,0.03281116859909123,0.032763375119576645,0.032751812234621654,0.03268988086646511,0.03276944681098827,0.032746758984895895,0.03273778088392461,0.03280790346167091,0.0328498306867742,0.03288954360869191,0.032920076326269504,0.0329158367156945,0.03289965404746851,0.032892206377333616,0.03288338354968103,0.032880734896184746,0.032873127032088514,0.03286330867723781,0.03289273941622437,0.03287342810110485,0.03286550170411438,0.03285898374675417,0.03285155722850994,0.03283326688587725,0.032824147326484726,0.03279229017679524,0.032771907800969675,0.03277643314529666,0.032787469416976904,0.032796283193464,0.03278921377538816,0.03281905003731109,0.03278661150512966,0.03278661149934525,0.032786611480094076,0.03278661148329724,0.032786611470200774,0.03278661148545065,0.03278661150065131,0.03278661152892332,0.03278661155857141,0.03278661158750199,0.03278661161370138,0.032786611645194245,0.03278661168196206,0.03278661170007222,0.0327866117312546,0.032786611750767726,0.03278661182415025,0.03278661183296245,0.03278661189759282,0.03278661188067799,0.03278661191635066,0.032786611991340635,0.03278661202042232,0.03278661207338482,0.032786612119209996,0.032786612166699584,0.03278661217366128,0.03278661221012775,0.032786612250111355,0.03278661231626844,0.03278661234451318,0.03278661236966132,0.032786612434181905,0.03278661248841349,0.03278661250674739,0.03278661257654817,0.03278661261167147
449,2.0836730699215655,-0.7174661750420426,9.698908343125368e-13,0.0,5.0,0.07939780722466853,0.004140668656356208,0.0,0.0,0.02858179072980884,0.07561231346975315,0.05654414153737361,0.04610786657185006,0.034343205501866265,0.027796406266491918,0.03139538409196293,0.03210135098383158,0.03285510555589035,0.03293188826246706,0.03266035432818329,0.03236646090581653,0.031975519750720285,0.031981725102142394,0.03224050033373773,0.03245922679373587,0.03244938616247687,0.03245853794380596,0.03247249634900251,0.03225977262320036,0.03233700886334194,0.03235298478716112,0.03234292808370208,0.032322386923457534,0.032337958299170286,0.03228233863303862,0.03227618206984381,0.032223357771954834,0.03220396491216335,0.03209566785747975,0.03214722791864539,0.0321188225948351,0.032106648236332386,0.03216529390273882,0.03219836794913654,0.03222352936286586,0.0322479811911798,0.032256598790411234,0.03227512469685414,0.032276559626329256,0.0322800236651471,0.03229731299287037,0.0323193967416816,0.03236077622545451,0.03242719103773429,0.03240683473956342,0.03239885524012391,0.03239180778636259,0.032382730724796756,0.032359204015359175,0.03235151358550996,0.03234103595568167,0.032342777577384164,0.032350019990842194,0.0323584810551799,0.032361476347049875,0.03233730904495152,0.03233928449120708,0.03231146943940421,0.032311469424220855,0.03231146937787222,0.032311469337057225,0.03231146926964768,0.03231146922367003,0.03231146916561512,0.03231146909557751,0.03231146904269979,0.032311468965888435,0.03231146889278392,0.03231146882473502,0.03231146874898468,0.03231146863678495,0.03231146856607471,0.032311468483375766,0.03231146842526945,0.032311468314983625,0.03231146826103427,0.03231146809895764,0.032311468018216015,0.032311467963546434,0.03231146787377468,0.032311467813162686,0.032311467725805704,0.03231146764433932,0.03231146751660482,0.03231146744665151,0.032311467367691485,0.03231146730378309,0.03231146721204283,0.03231146711714934,0.032311467047180596,0.03231146697245726,0.03231146688209115,0.032311466826129565,0.03231146674178235
450,2.043268190053615,-0.8255339351963946,5.141664871644025e-12,0.0,5.0,0.12566723309749828,0.026890403638281102,0.0,0.0,0.028871023831097083,0.078593194596158,0.059748160243084,0.04980941292843046,0.03846278972147024,0.030919179865850823,0.0332726464466117,0.03365441698032637,0.03429124715980686,0.03446430317919733,0.03420082061514897,0.033948690087706734,0.033609915848323055,0.03357311476217003,0.033750765577681294,0.03386379657229701,0.033879163542181547,0.033877452590772635,0.033847526315682885,0.03359334217147931,0.03367954699863255,0.03371116990932898,0.0337352934624521,0.03380809494223949,0.03408212025995155,0.033937657887703976,0.033931774150423276,0.033880649364242586,0.03387815142649496,0.03385162412371918,0.03396328858337192,0.03394366718212889,0.03391919205912287,0.033966228234188496,0.03398015853985927,0.03397445108133957,0.03397954921657432,0.033941685711040816,0.03389545075251775,0.03388986440551581,0.0338880815065967,0.03388895657144084,0.03388849879609322,0.033924237801577786,0.03395579147997446,0.033933429067833656,0.033925485948687,0.033918354012115896,0.033909014732896946,0.033885521577092285,0.0338778179257169,0.033872467973073556,0.03387455852610539,0.033884331984722744,0.033903461874252645,0.0339225106360216,0.033946702280303075,0.0339942440831391,0.033966450791903316,0.03396645078030204,0.03396645074676349,0.03396645072441355,0.03396645068393064,0.03396645066315103,0.03396645064414007,0.03396645062058764,0.033966450597263574,0.033966450585778844,0.03396645057044764,0.03396645055001443,0.033966450529928124,0.03396645048505567,0.03396645046726503,0.03396645042129778,0.033966450423344896,0.03396645036604335,0.03396645036070507,0.03396645025779026,0.03396645022376941,0.03396645021374743,0.033966450166818964,0.03396645014649199,0.03396645010733535,0.033966450065453915,0.03396644997917862,0.033966449938511716,0.03396644988984004,0.033966449865476,0.0339664498030788,0.03396644973613342,0.033966449696771206,0.03396644964302881,0.03396644957112947,0.033966449534372924,0.03396644947681148
451,2.0958772277123563,-0.6809917921697651,5.562217353372034e-13,0.0,5.0,0.06431069459762974,0.0,0.0,0.0,0.028393491466725138,0.07478282572352864,0.055640051102057414,0.045094791881561666,0.033282473699771914,0.027087165541001056,0.030981984044867163,0.03173661035004301,0.03244464520977531,0.03239106743502185,0.03211968637500652,0.031798280861755034,0.03134780647903518,0.03130113478156921,0.031493138298473715,0.03170260242487538,0.031714486947149394,0.03174011254241969,0.03181939197528519,0.03169895194612833,0.03179347712762643,0.0318347041088208,0.03185923087555244,0.0318819217097694,0.03196751888308814,0.03189525500233501,0.031888468683841126,0.03182966683761241,0.031805489214008116,0.0316671766020122,0.03170979707622145,0.03167581161628062,0.031650253660083325,0.03167320959944576,0.03166943695891797,0.03162489040042107,0.03160300988321238,0.03157033748435682,0.03155202817962553,0.03156117120971167,0.031576857595371585,0.03159878544692973,0.03162922439846948,0.031704221647416826,0.031763450317078355,0.03174122717421784,0.03173359415348498,0.03172630125709369,0.03171576965715097,0.03168810345327719,0.0316822475433758,0.031700076320446365,0.031728623460526816,0.03174105973915463,0.03175705119405757,0.03176742916226364,0.031767556185234254,0.031798212113719755,0.03177453246734182,0.031774532451322904,0.031774532410066204,0.031774532369895137,0.031774532311258395,0.03177453226589491,0.03177453221685137,0.03177453215513277,0.03177453210151345,0.03177453204005045,0.031774531983402486,0.03177453192654882,0.03177453186913151,0.03177453176780754,0.031774531712254896,0.03177453164286444,0.03177453159642664,0.031774531498902706,0.03177453145534606,0.03177453129874106,0.031774531224128204,0.03177453117851128,0.03177453109412334,0.03177453103659438,0.031774530949504526,0.03177453087012969,0.03177453073925607,0.03177453066744856,0.03177453058742985,0.03177453051755015,0.031774530421603796,0.03177453032006074,0.031774530240378365,0.03177453015213935,0.03177453004907532,0.03177452998094308,0.03177452988138743
452,0.0,0.0,8.965272968453064e-12,0.0,5.0,0.14142811748317602,0.03468441869800462,0.0,0.0,0.028908399061633075,0.07965629523650147,0.06094776117033156,0.051286724251452705,0.04027005686744924,0.03258463908452616,0.03454742774869288,0.03479408171504048,0.03535250426527709,0.03550321744666695,0.03524691149595369,0.03500136560798919,0.034653987134541986,0.03455357222457908,0.03462584900137484,0.03463545696708018,0.034689106052629426,0.034683116254115666,0.03462389128938566,0.034328955436796746,0.03441231484016134,0.034433171011448285,0.034449805558775214,0.03451633798623947,0.034810225745533566,0.03464491811434925,0.034638540426113175,0.034582127201775587,0.03457947493804969,0.03452650812527684,0.03459743647396433,0.03455672918301424,0.03449516828665335,0.034521779074560506,0.03451924309212871,0.034497300334710886,0.03449241616566218,0.034456107728877104,0.034424487035659694,0.03442142884624053,0.03442643079019925,0.03443894273337294,0.03445736418570491,0.0345397995550978,0.03458727170223234,0.03456325029042638,0.03455489536064973,0.034546755122208436,0.034534787983972165,0.034501875038336766,0.034490510034382145,0.03448648469507166,0.03448825188607309,0.0344982973927064,0.03451364272364496,0.034526143776715076,0.034530954474769684,0.03454142811814042,0.03451319168431688,0.03451319166327269,0.03451319160374121,0.03451319154494073,0.03451319146232286,0.03451319139957582,0.03451319133712255,0.03451319126097426,0.03451319119964782,0.03451319113429023,0.034513191070432214,0.03451319100984232,0.034513190940994136,0.034513190854920585,0.0345131907982686,0.0345131907187276,0.03451319068499461,0.034513190596115,0.034513190560694955,0.03451319043214832,0.03451319037415385,0.034513190333667024,0.034513190262207595,0.034513190221267115,0.034513190163012374,0.034513190099610215,0.034513189993761864,0.03451318993645273,0.03451318986925185,0.03451318982927613,0.03451318975293144,0.03451318967274122,0.03451318961848279,0.03451318955308649,0.03451318947166663,0.03451318942087023,0.034513189355712535
453,2.1074429609963667,-0.6443099726006773,3.1907809727727e-13,0.0,5.0,0.04939178634617874,0.0,0.0,0.0,0.028221534909777635,0.07428179854436613,0.05502516027493937,0.04438892689986083,0.03256472109485807,0.026719186899950217,0.030861823889018914,0.03165664793819221,0.032305758607434135,0.03211008219256474,0.03183737371411565,0.031485011839761504,0.03096270297282144,0.030829789258888306,0.03087232511375749,0.03096687599110286,0.031035613410589077,0.03106632539305294,0.0311582582971231,0.031086628544785028,0.031191075734763627,0.0312510091694087,0.031309495836115274,0.031380791724884755,0.031596254766460025,0.03147204694707056,0.031465599624379545,0.03141044395232487,0.031393560469256614,0.031311623516404326,0.03141891298716014,0.031396501629824554,0.03137720704381721,0.03138221429419162,0.031353366326702256,0.03125272313067366,0.031197410776360783,0.031115880563407475,0.031032509518374808,0.031043754888071172,0.03106045508400331,0.031067062953041093,0.031070766915181583,0.031102529744429577,0.03109905852296061,0.03107726973786099,0.03106994096742598,0.031062968460175755,0.031052816486161594,0.031025677062824566,0.031016713422056752,0.031020317534078974,0.03103284312363607,0.031043688263640172,0.031063927535085266,0.031078989821340743,0.031091811493720388,0.031150488325257134,0.031119885921076666,0.031119885912001842,0.031119885896695534,0.031119885898315207,0.03111988589604237,0.031119885913449316,0.031119885946897668,0.031119885998293923,0.031119886042023804,0.031119886102165307,0.031119886164112674,0.03111988623164735,0.03111988631656597,0.031119886376640975,0.031119886449944956,0.031119886522652986,0.031119886648456958,0.031119886711252872,0.03111988682893059,0.031119886870214854,0.031119886953750068,0.0311198870902385,0.031119887170023897,0.031119887270156313,0.03111988736788724,0.031119887472319273,0.031119887528519997,0.031119887606860148,0.031119887699317908,0.03111988781051624,0.031119887890675546,0.031119887963240746,0.03111988807590024,0.0311198881762983,0.03111988823023792,0.03111988834624035,0.031119888416769218
454,0.0,0.0,1.829647544582258e-13,0.0,5.0,0.03464175705803714,0.0,0.0,0.0,0.02786014900884837,0.0734925909057062,0.05414795828855312,0.04343628803323584,0.03162009233962229,0.026129927684565245,0.03053259700392678,0.031400645916657074,0.03204748966800165,0.031790115283878644,0.03151258780220645,0.031140147276441366,0.030573134132190545,0.030373113833641573,0.030251328427400817,0.030150483003508644,0.030290649503664068,0.030304614629313262,0.030316760732994698,0.030190532007333473,0.030283228017974208,0.030333853676530083,0.03039235183070007,0.030461869942128367,0.030747147294577684,0.030570367425366115,0.030565447917479904,0.03052579279949817,0.030526395122226827,0.03057753835868986,0.030807407139650383,0.030815121277099074,0.030836893293390812,0.03087801413103677,0.03087738357372762,0.030818458362144342,0.030809667748889796,0.030764580759860317,0.030718204659148797,0.03073142564968092,0.030743126120469314,0.030748401377420125,0.03073893156798431,0.030712684235432476,0.030689929266802623,0.030671516060326143,0.030664077178470115,0.030657675669470613,0.03064951888656957,0.030627727213191694,0.030615894026596136,0.030584499196624045,0.03056282247634845,0.030565897727399316,0.030575140318361022,0.030576705842375488,0.03054484531858294,0.03055648909894732,0.030517037063032555,0.030517037051406765,0.03051703701772221,0.030517037002095702,0.030517036962646394,0.030517036953117027,0.030517036940942485,0.03051703693440296,0.030517036940727015,0.030517036925519988,0.03051703691159933,0.0305170369029334,0.030517036894108587,0.03051703684983993,0.030517036835646747,0.030517036819474517,0.030517036829931815,0.030517036783589798,0.03051703679568871,0.030517036706676222,0.030517036686711053,0.030517036708227616,0.030517036682896206,0.03051703668319605,0.030517036663600578,0.03051703665494442,0.03051703659598592,0.030517036583520972,0.030517036573748393,0.030517036573958788,0.03051703655158884,0.03051703652289467,0.03051703652338884,0.030517036518582293,0.030517036484986933,0.030517036499700983,0.03051703647360893
455,2.1183667467392007,-0.6074318899723625,1.829647544582258e-13,0.0,5.0,0.03464175705803714,0.0,0.0,0.0,0.02786014900884837,0.0734925909057062,0.05414795828855312,0.04343628803323584,0.03162009233962229,0.026129927684565245,0.03053259700392678,0.031400645916657074,0.03204748966800165,0.031790115283878644,0.03151258780220645,0.031140147276441366,0.030573134132190545,0.030373113833641573,0.030251328427400817,0.030150483003508644,0.030290649503664068,0.030304614629313262,0.030316760732994698,0.030190532007333473,0.030283228017974208,0.030333853676530083,0.03039235183070007,0.030461869942128367,0.030747147294577684,0.030570367425366115,0.030565447917479904,0.03052579279949817,0.030526395122226827,0.03057753835868986,0.030807407139650383,0.030815121277099074,0.030836893293390812,0.03087801413103677,0.03087738357372762,0.030818458362144342,0.030809667748889796,0.030764580759860317,0.030718204659148797,0.03073142564968092,0.030743126120469314,0.030748401377420125,0.03073893156798431,0.030712684235432476,0.030689929266802623,0.030671516060326143,0.030664077178470115,0.030657675669470613,0.03064951888656957,0.030627727213191694,0.030615894026596136,0.030584499196624045,0.03056282247634845,0.030565897727399316,0.030575140318361022,0.030576705842375488,0.03054484531858294,0.03055648909894732,0.030517037063032555,0.030517037051406765,0.03051703701772221,0.030517037002095702,0.030517036962646394,0.030517036953117027,0.030517036940942485,0.03051703693440296,0.030517036940727015,0.030517036925519988,0.03051703691159933,0.0305170369029334,0.030517036894108587,0.03051703684983993,0.030517036835646747,0.030517036819474517,0.030517036829931815,0.030517036783589798,0.03051703679568871,0.030517036706676222,0.030517036686711053,0.030517036708227616,0.030517036682896206,0.03051703668319605,0.030517036663600578,0.03051703665494442,0.03051703659598592,0.030517036583520972,0.030517036573748393,0.030517036573958788,0.03051703655158884,0.03051703652289467,0.03051703652338884,0.030517036518582293,0.030517036484986933,0.030517036499700983,0.03051703647360893
456,2.1286452574498975,-0.5703687777060391,1.0491607582707729e-13,0.0,5.0,0.02006160949069656,0.0,0.0,0.0,0.027298597588368095,0.07238626717841426,0.052977769935079216,0.04220040573210446,0.03040345530690177,0.02527508155837144,0.02998250142461173,0.030988918452673507,0.03174610882164675,0.03159842771853397,0.031309636643594575,0.03094492741941723,0.030409070714394915,0.030240647529263937,0.03008454799520282,0.029843284265932944,0.03001478110819847,0.029994894646402055,0.029864604678357616,0.029585908865446507,0.029643589254801872,0.02964942376617595,0.029650105925437712,0.029614964196098027,0.02972645086484208,0.029570658489824413,0.029566487978867313,0.02953459581703715,0.029539684909505107,0.02961777973183831,0.0298443604951382,0.02984327118153363,0.029862127993479308,0.029934153140625974,0.02997074615525354,0.02999136064537444,0.030048933201668248,0.03009367722758364,0.030165254265958945,0.03018345952485233,0.030197093477365666,0.03022918143754553,0.03025720033558364,0.030277528184519495,0.030343168898827766,0.030327110445851083,0.03031997672516512,0.030314290090638667,0.03030815708258616,0.030295305784522608,0.03029472137474467,0.030306778456837123,0.030330799222010367,0.03033756690850448,0.03034313123039726,0.030341793431950252,0.030314974166173687,0.030333597559721506,0.03031176164499097,0.03031176163459045,0.030311761597819408,0.030311761563283406,0.03031176150005018,0.03031176145215921,0.03031176138721937,0.030311761303742902,0.03031176123392601,0.030311761135569007,0.030311761043183002,0.030311760946840915,0.03031176084640894,0.030311760684144488,0.03031176058397829,0.03031176047334069,0.030311760360577256,0.030311760202237123,0.03031176009911958,0.030311759860776548,0.03031175972344953,0.030311759612960648,0.030311759465480186,0.030311759345987205,0.030311759181323814,0.03031175903252613,0.030311758825168546,0.03031175869514583,0.030311758551659313,0.030311758404734965,0.030311758242195737,0.030311758072657964,0.030311757914920474,0.030311757751850903,0.03031175758521896,0.03031175744737164,0.030311757273738932
457,2.138275362194525,-0.5331319255847401,6.017408793468348e-14,0.0,5.0,0.005652640586878128,0.0,0.0,0.0,0.02649032283688399,0.07085278464457496,0.05139703453205552,0.04053852354580479,0.02872217261391361,0.023881765663552764,0.02887358505246188,0.030070594493520796,0.031043408198280657,0.031195688278834073,0.030888621361067212,0.03056848829295845,0.03016796879374516,0.03019843548506091,0.030317619883537164,0.030244458698969818,0.030328326490222875,0.03029362922475204,0.030132122470305056,0.02979586694631768,0.02983722617913124,0.029824084856348528,0.029775194366245174,0.029633316619867775,0.02942328735391695,0.029382225631485126,0.0293761110692199,0.029325127688495916,0.029303248702003546,0.02916905418072162,0.02916891950473795,0.02909363147306201,0.02901296368538238,0.029015710202903028,0.02900286451761313,0.028956965777112764,0.02893871413658752,0.02892695956363291,0.02891365696022593,0.028926058304267515,0.028935691021824535,0.0289456644314113,0.028954973465196415,0.028982426327793676,0.029008676399912746,0.028992502425978867,0.028986017407317505,0.028980653158694122,0.028974378856983177,0.02896119876310014,0.028961042462552763,0.02898785041727863,0.02902485789995129,0.029034380774004342,0.029048704786550465,0.02905830509879241,0.029073383032441422,0.029157361782123005,0.029138146135982264,0.029138146137555224,0.02913814614699441,0.029138146174293778,0.029138146202992304,0.029138146245071304,0.02913814630405104,0.029138146388315838,0.029138146453267587,0.02913814654696963,0.029138146645954276,0.029138146755339208,0.029138146897585558,0.029138147013739173,0.029138147138342372,0.02913814728582239,0.029138147490669057,0.029138147635009676,0.029138147834831592,0.029138147983808108,0.02913814815005482,0.02913814838743329,0.029138148557100847,0.029138148745453438,0.029138148948504732,0.029138149163383,0.029138149328521278,0.029138149496793143,0.029138149698447698,0.029138149918353406,0.029138150115660344,0.029138150302974477,0.029138150540011835,0.029138150770456957,0.029138150931773514,0.02913815117459127,0.02913815136011879
458,2.14725412754989,-0.4957326763143431,3.4583447217073626e-14,0.0,0.0,0.0,0.0,0.0,0.0,0.025227298806278747,0.06873009216535879,0.04919583549285194,0.03817940320118589,0.026197665917517984,0.021381272918056787,0.026427132274655936,0.027766081174721444,0.02892174102596709,0.029404103756533028,0.02907626500944352,0.028818075465958045,0.028604801534390215,0.028954219373954558,0.029660248933810016,0.03020650279685056,0.030063204054343158,0.030081689532498106,0.030223425583904766,0.030236650299135807,0.030354843634894286,0.03047201722825677,0.030552822831047936,0.03061224908718178,0.030584231567029163,0.03059699996293936,0.030589782945061993,0.03052810903777842,0.030488043982670486,0.030272427228600643,0.030290604374801366,0.030262600479226683,0.03025558544634617,0.030246593753998102,0.030213777228714975,0.030107478750806296,0.03004218684428782,0.02996890537155159,0.029862359643448085,0.029876604528925207,0.029882671752870096,0.029861350402681106,0.029820626666993914,0.029750675288283308,0.029668277490005713,0.029653294390397437,0.0296465895919132,0.029641165940519274,0.02963484233938792,0.02961804815752,0.029604442564450963,0.02955662506742515,0.0295176037639391,0.02951420051989034,0.029516885234647006,0.02950971822705149,0.029454910948977252,0.02945463011760991,0.029407681113204905,0.029407681101102343,0.029407681055731685,0.029407681027044247,0.029407680950789047,0.029407680907293503,0.02940768083617819,0.029407680744832326,0.02940768068013393,0.02940768056276162,0.029407680441950648,0.029407680304691115,0.029407680148980993,0.029407679918278435,0.0294076797613661,0.029407679585286856,0.029407679381480173,0.02940767913405031,0.02940767894456875,0.02940767858875554,0.029407678361372796,0.029407678152983854,0.02940767791295945,0.029407677703093715,0.029407677426961303,0.029407677172749003,0.029407676854447153,0.029407676637329773,0.029407676394804873,0.029407676135764185,0.029407675868509,0.02940767559384015,0.029407675317838756,0.02940767503810045,0.02940767477370115,0.02940767452516086,0.02940767424058842
459,2.1074429609963667,-0.6443099726006773,3.1907809727727e-13,0.0,5.0,0.04939178634617874,0.0,0.0,0.0,0.028221534909777635,0.07428179854436613,0.05502516027493937,0.04438892689986083,0.03256472109485807,0.026719186899950217,0.030861823889018914,0.03165664793819221,0.032305758607434135,0.03211008219256474,0.03183737371411565,0.031485011839761504,0.03096270297282144,0.030829789258888306,0.03087232511375749,0.03096687599110286,0.031035613410589077,0.03106632539305294,0.0311582582971231,0.031086628544785028,0.031191075734763627,0.0312510091694087,0.031309495836115274,0.031380791724884755,0.031596254766460025,0.03147204694707056,0.031465599624379545,0.03141044395232487,0.031393560469256614,0.031311623516404326,0.03141891298716014,0.031396501629824554,0.03137720704381721,0.03138221429419162,0.031353366326702256,0.03125272313067366,0.031197410776360783,0.031115880563407475,0.031032509518374808,0.031043754888071172,0.03106045508400331,0.031067062953041093,0.031070766915181583,0.031102529744429577,0.03109905852296061,0.03107726973786099,0.03106994096742598,0.031062968460175755,0.031052816486161594,0.031025677062824566,0.031016713422056752,0.031020317534078974,0.03103284312363607,0.031043688263640172,0.031063927535085266,0.031078989821340743,0.031091811493720388,0.031150488325257134,0.031119885921076666,0.031119885912001842,0.031119885896695534,0.031119885898315207,0.03111988589604237,0.031119885913449316,0.031119885946897668,0.031119885998293923,0.031119886042023804,0.031119886102165307,0.031119886164112674,0.03111988623164735,0.03111988631656597,0.031119886376640975,0.031119886449944956,0.031119886522652986,0.031119886648456958,0.031119886711252872,0.03111988682893059,0.031119886870214854,0.031119886953750068,0.0311198870902385,0.031119887170023897,0.031119887270156313,0.03111988736788724,0.031119887472319273,0.031119887528519997,0.031119887606860148,0.031119887699317908,0.03111988781051624,0.031119887890675546,0.031119887963240746,0.03111988807590024,0.0311198881762983,0.03111988823023792,0.03111988834624035,0.031119888416769218
460,2.1555788184970854,-0.45818242206847026,1.9817480989559044e-14,0.0,0.0,0.0,0.0,0.0,0.0,0.023468103669670698,0.06578943294456314,0.046134150562588516,0.034820325259608875,0.02238438849724714,0.01702758800954104,0.02149156556054364,0.022700050552928928,0.023647828408532537,0.023954944020682555,0.02361813635870778,0.023343653750147214,0.023094600918541326,0.023435293498598072,0.024162325184600916,0.024845960197491183,0.0246633855750917,0.024711336324462096,0.02499390669410329,0.025216280263419297,0.025379480107853764,0.025575671807818463,0.025762949470183937,0.02600817445883175,0.026351566075070932,0.026283194897427784,0.026278019559312346,0.026237031797803193,0.02621895323792521,0.02621838538494724,0.026524717406481463,0.026619847878113806,0.026799598384631574,0.026910007222503026,0.026974237456185393,0.027016306723549557,0.02711073347179826,0.027214012524365214,0.027369281022006853,0.027410416645782705,0.027438889114412824,0.027494428598616304,0.027550711997905052,0.02759812955361926,0.027733847327105925,0.02772026356342675,0.02771419462033706,0.027710132795058524,0.027707850872659576,0.027712004959484046,0.027730174536518798,0.027813744297413574,0.027910935023513973,0.027924547201234072,0.027934167362438894,0.027941215341829497,0.02796554486637825,0.02806953600928787,0.028075159044478253,0.028075159053682235,0.028075159078636225,0.02807515911068523,0.02807515915370702,0.02807515919499874,0.028075159251130206,0.028075159327604966,0.028075159373649815,0.028075159452652203,0.02807515954459112,0.028075159643185986,0.028075159784731123,0.028075159882774012,0.028075160003038193,0.02807516014635604,0.028075160336087097,0.028075160470283144,0.02807516065652543,0.028075160781741597,0.028075160931105854,0.028075161152550484,0.028075161305694016,0.02807516147581279,0.02807516165193381,0.028075161846162894,0.028075161986740815,0.02807516213748489,0.028075162320002522,0.028075162513550956,0.028075162688277595,0.028075162852936666,0.028075163063850436,0.028075163268646154,0.02807516340891712,0.028075163630062013,0.028075163788406736
461,0.0,0.0,5.562217353372034e-13,0.0,5.0,0.06431069459762974,0.0,0.0,0.0,0.028393491466725138,0.07478282572352864,0.055640051102057414,0.045094791881561666,0.033282473699771914,0.027087165541001056,0.030981984044867163,0.03173661035004301,0.03244464520977531,0.03239106743502185,0.03211968637500652,0.031798280861755034,0.03134780647903518,0.03130113478156921,0.031493138298473715,0.03170260242487538,0.031714486947149394,0.03174011254241969,0.03181939197528519,0.03169895194612833,0.03179347712762643,0.0318347041088208,0.03185923087555244,0.0318819217097694,0.03196751888308814,0.03189525500233501,0.031888468683841126,0.03182966683761241,0.031805489214008116,0.0316671766020122,0.03170979707622145,0.03167581161628062,0.031650253660083325,0.03167320959944576,0.03166943695891797,0.03162489040042107,0.03160300988321238,0.03157033748435682,0.03155202817962553,0.03156117120971167,0.031576857595371585,0.03159878544692973,0.03162922439846948,0.031704221647416826,0.031763450317078355,0.03174122717421784,0.03173359415348498,0.03172630125709369,0.03171576965715097,0.03168810345327719,0.0316822475433758,0.031700076320446365,0.031728623460526816,0.03174105973915463,0.03175705119405757,0.03176742916226364,0.031767556185234254,0.031798212113719755,0.03177453246734182,0.031774532451322904,0.031774532410066204,0.031774532369895137,0.031774532311258395,0.03177453226589491,0.03177453221685137,0.03177453215513277,0.03177453210151345,0.03177453204005045,0.031774531983402486,0.03177453192654882,0.03177453186913151,0.03177453176780754,0.031774531712254896,0.03177453164286444,0.03177453159642664,0.031774531498902706,0.03177453145534606,0.03177453129874106,0.031774531224128204,0.03177453117851128,0.03177453109412334,0.03177453103659438,0.031774530949504526,0.03177453087012969,0.03177453073925607,0.03177453066744856,0.03177453058742985,0.03177453051755015,0.031774530421603796,0.03177453032006074,0.031774530240378365,0.03177453015213935,0.03177453004907532,0.03177452998094308,0.03177452988138743
462,2.1632468992546063,-0.4204926010183209,1.1435297153639112e-14,0.0,0.0,0.0,0.0,0.0,0.013300905827671305,0.03927309400232058,0.08168560266915577,0.061334535913273834,0.049425698227864016,0.036263696621639085,0.030066315136819958,0.03349163152761985,0.034297199493685454,0.03458334175375096,0.03405040168658329,0.033720491389940335,0.03331186695261319,0.03269095648722685,0.03246972355213378,0.032104955291731054,0.031691912413299855,0.03188742231584624,0.031824400352998584,0.03149715832349242,0.031037964015289448,0.0310361766413981,0.030962061230832928,0.030862258830351645,0.03061770822306677,0.030305365630787475,0.030231395566544774,0.03022463486616813,0.03016804551855057,0.03014688730037312,0.02998380665863329,0.029909385558499597,0.02978125941785869,0.0296137467561079,0.02956010958833479,0.029499753370178797,0.02938480946373294,0.029306867095650516,0.02923027190881867,0.029089764978226216,0.029095823199221056,0.029088459589468377,0.029046687295325325,0.028977466631348387,0.028872200915514387,0.028734794668703576,0.02872329355841275,0.028716808283025686,0.028711836765181693,0.028706426499829216,0.02869092757871268,0.02867187785419248,0.028594394896169377,0.028523753782198256,0.028512579810661617,0.028506262538804703,0.02848716175830059,0.02839692634234685,0.02837033451544598,0.028314938426279867,0.0283149384174703,0.028314938383020734,0.028314938379232487,0.02831493833464506,0.028314938336677573,0.028314938322072585,0.028314938317008462,0.028314938340122085,0.028314938301046214,0.02831493826108307,0.028314938217855582,0.02831493816527607,0.028314938056811144,0.028314937992438987,0.028314937925722303,0.028314937849829705,0.028314937720265415,0.028314937651869238,0.02831493744620455,0.028314937339121143,0.028314937270490014,0.028314937156831456,0.028314937069292175,0.028314936935095406,0.02831493682511189,0.02831493665503812,0.028314936558058553,0.028314936453985882,0.02831493633796447,0.02831493621126857,0.028314936076866554,0.028314935956045235,0.028314935831666787,0.028314935697443915,0.02831493560178295,0.02831493545521051
463,0.0,0.0,6.772360450213455e-15,0.0,0.0,0.0,0.0,0.0,0.013234188454456411,0.03733584594580847,0.07858616746684176,0.05816188952901985,0.046018232466212866,0.03249287492085274,0.025797824565377894,0.02860558659739363,0.02927343955449728,0.029354787395480645,0.028661197878737305,0.028322211743159593,0.02790014039364552,0.02724649752107265,0.027007869838110578,0.026648971756292668,0.026351773646945884,0.026516498708564328,0.026482386555124606,0.026293016949237715,0.026041564808496478,0.026086620532918575,0.026094570317130847,0.02610700732662991,0.026060985313595457,0.026157039275792576,0.025987789829207113,0.025983078830177486,0.02594722234408176,0.025950094161721268,0.026010551149963014,0.026227994952452857,0.02622015555776832,0.026229168716534693,0.0262820370361008,0.026304575460714637,0.026312562512955568,0.026376496986342205,0.026457973535274033,0.02656656484391281,0.026601812031255074,0.02662326341239935,0.026664867868649987,0.026704670267006254,0.02675083699745617,0.026845872461784666,0.02683359440069978,0.026827754388413377,0.026823723922115808,0.026820979881406717,0.026822555812589403,0.026836750015001253,0.026909956269606173,0.026994605274739843,0.02700422325870247,0.027008556296577953,0.027007164353795955,0.027003030593032034,0.02707596451751351,0.027075629619976223,0.027075629624050846,0.027075629634788743,0.02707562965184569,0.0270756296752626,0.027075629703303957,0.027075629748243103,0.0270756298154566,0.027075629864525698,0.02707562993157176,0.027075630016054494,0.027075630117907663,0.027075630260044056,0.02707563036505727,0.027075630487607336,0.027075630648663564,0.027075630853832224,0.027075631005993875,0.027075631212638156,0.027075631371295303,0.02707563154389009,0.027075631795057047,0.027075631974658516,0.027075632173095394,0.027075632384349825,0.02707563261614812,0.027075632792183953,0.0270756329726731,0.02707563319492975,0.0270756334250443,0.027075633643249997,0.02707563384935238,0.027075634103153355,0.027075634355269853,0.02707563453403627,0.02707563480049955,0.027075635000557083
464,2.2007155883505325,-0.11533461681902403,9.992007221626409e-15,0.0,0.0,0.0,0.0,0.0,0.011727665086290267,0.027096706890761612,0.06692377402146991,0.047075777336811876,0.03613285927245072,0.025201628122760025,0.021699522699614816,0.024646876226148723,0.025501153331757138,0.025753994336843195,0.025662700738202857,0.025266557949159642,0.024965683035104214,0.024594594351317115,0.0245871779945929,0.024698010127637404,0.02478900326059278,0.024834467746298307,0.024863798939290787,0.024994927086409154,0.025043087560196107,0.02517994974245367,0.025309224080009397,0.025435165368421043,0.02555900838166355,0.025869578378862723,0.025692602417318737,0.025684933164080437,0.025621363402058065,0.02559794927366957,0.025450440345372465,0.025571331584303084,0.025567622282201885,0.025579281578594248,0.025560714083360324,0.025512623240685445,0.025375516371163854,0.02528469414609934,0.025184331682667784,0.025033097575656665,0.025064632209003707,0.025083953945565125,0.025074548617180628,0.02505657562713562,0.025022693914838388,0.024984135704653174,0.02496535180913457,0.02495895775290009,0.024953264057850408,0.02494563414906028,0.024926651933188923,0.024920109289408236,0.024911273257043964,0.02492411354229154,0.024931874716613865,0.024949347986361205,0.024958090379126566,0.024947113539953995,0.025003349914821504,0.024965528328159188,0.0249655283164742,0.02496552828483931,0.024965528263790226,0.02496552822482571,0.024965528201375858,0.024965528184760954,0.024965528157002658,0.024965528140489,0.024965528118700606,0.024965528101314135,0.024965528079786588,0.02496552807505143,0.024965527996751082,0.02496552797848529,0.024965527989309053,0.024965527986830233,0.024965527952355918,0.024965527967490412,0.02496552789009602,0.024965527867112088,0.02496552790401964,0.024965527881094716,0.0249655278873946,0.02496552786333297,0.024965527871041285,0.024965527796155778,0.02496552777911369,0.02496552780005407,0.024965527787082203,0.024965527789430855,0.024965527769218995,0.024965527757485093,0.0249655277502071,0.02496552771039876,0.02496552772992942,0.024965527697480644
465,2.202393275316035,-0.07690926789748623,1.73749903353837e-14,0.0,0.0,0.0,0.0,0.0,0.011360029464021475,0.025595865360942043,0.06555338185805559,0.04588131736945902,0.03528950275598001,0.025013300006502537,0.022185009607998733,0.025098832089367584,0.025881376930537263,0.026010499070955644,0.02578113689174348,0.02538777045800167,0.025066533890184147,0.0246202505612206,0.024450765935738628,0.024299953451154637,0.024127869009050493,0.024281406749991147,0.024301379990943756,0.024354953560267473,0.024305281746317096,0.024425792627911853,0.024519268104709665,0.024617590969023037,0.02471300670939157,0.025104210432703597,0.02485517644120168,0.02484943556648688,0.024805319167023724,0.024804372861885114,0.024819056065742143,0.025088639375767535,0.025132937649445356,0.025221095199643086,0.02529652663606994,0.025335337479014317,0.02535279981643714,0.02539488531434334,0.025437292186091347,0.025473308077104503,0.02551189923443682,0.025532296561682356,0.02556468229006306,0.025596261455428704,0.02558611739035686,0.025661383800095975,0.025644974768201937,0.02563785577158161,0.02563209803712878,0.02562570850874727,0.02561129187962763,0.025609399760741922,0.02560013583631344,0.02561933754103852,0.02562557016806559,0.02562864719490471,0.025620087937557386,0.025556945012421874,0.02554050073575761,0.0255103747386548,0.02551037471783113,0.02551037464633509,0.025510374565193533,0.025510374441352048,0.02551037432908055,0.025510374186494884,0.02551037398855802,0.025510373834532137,0.02551037361138147,0.025510373398530607,0.025510373170188696,0.025510372927253555,0.025510372569358893,0.025510372328989343,0.025510372092633068,0.0255103717787664,0.02551037145124852,0.025510371171591325,0.02551037071981852,0.025510370401937568,0.025510370102961644,0.02551036977356435,0.025510369482743312,0.02551036910110742,0.025510368759658255,0.025510368325555897,0.025510368022510953,0.02551036771592418,0.025510367349606135,0.025510367008586624,0.02551036664797989,0.02551036625847179,0.025510365877780654,0.02551036552739999,0.025510365187527105,0.025510364812642093
466,2.2034000919548142,-0.03846049166791198,3.008704396734174e-14,0.0,0.0,0.0,0.0,0.0,0.010932838201036452,0.024012741814219574,0.06415151782746334,0.04468784875201078,0.034502944327054155,0.02498567592964149,0.022999732328147546,0.02607442087307929,0.026884179226063214,0.027035903023877025,0.026849039043488204,0.02645317535138513,0.026135282866149863,0.025676838089453594,0.02540694162358659,0.025019697468962817,0.024471746561516926,0.024743460201119553,0.024709235793800605,0.024486922600614868,0.024070528178980196,0.02411192532841206,0.024069893002589503,0.024003002468056863,0.02382719575526237,0.023802737497307047,0.02359646076252616,0.02359049490903043,0.023544286346045818,0.023540101097327095,0.023469298439899818,0.023549061611759972,0.023501104091537044,0.023458519633830475,0.02350848518261684,0.023544309448446953,0.023596624578079158,0.02363829454995964,0.023705126826653218,0.023761835116339877,0.02379125927370228,0.023804871747728388,0.023841696295197133,0.023892520912063737,0.023936284030774062,0.024062329619055828,0.024045780528124238,0.024038963579876546,0.024033371331088738,0.024027077325061715,0.02401450652129179,0.024019245925532742,0.024050935463305934,0.024114207164565707,0.024130122602348425,0.024147054599664965,0.024157663713405192,0.024171997526215256,0.02426868132701114,0.02425716864180015,0.024257168646972097,0.024257168675480615,0.024257168722368997,0.024257168801836287,0.024257168884228488,0.024257169007306623,0.024257169172008635,0.02425716931177919,0.024257169492084684,0.02425716968719606,0.02425716990227974,0.024257170183236136,0.02425717042753901,0.02425717067174397,0.024257170982095923,0.02425717134740114,0.024257171663241074,0.024257172024718936,0.024257172390082165,0.024257172714393097,0.024257173145939642,0.024257173485048116,0.024257173841510365,0.024257174228956548,0.02425717464659815,0.024257174994806372,0.024257175317253642,0.024257175730539225,0.02425717613320988,0.024257176536168587,0.024257176916490857,0.024257177349880355,0.02425717778611391,0.024257178119192323,0.02425717857165744,0.02425717894487033
467,2.1983675420980076,-0.15372483369900533,5.88418203051333e-15,0.0,0.0,0.0,0.0,0.0,0.012049350212578051,0.02854714580718207,0.068300945285818,0.04830385034171451,0.03705653089255175,0.0255507353034507,0.021474809855830255,0.024532135428780116,0.025484918578401024,0.02589578810308293,0.025964948255064534,0.025565612390091613,0.02528307946137183,0.024977190863834983,0.025086331425349745,0.02531249360353908,0.025427616440841877,0.025433687389394805,0.025432110540077647,0.025451412515552534,0.025381677937351386,0.025487878184236826,0.025584913613566337,0.025662482146519245,0.025701809952085406,0.025816491622643288,0.025696993032623933,0.025689659332884907,0.025629190196590473,0.025603974263964345,0.02544333671758038,0.025517162946831092,0.025491836862573725,0.025477433975596896,0.025460884888014176,0.025421544003693754,0.025311682427846184,0.025243159776041604,0.025180748492738866,0.025084716904755347,0.02511661504721654,0.025137505806537327,0.025141665346083607,0.02514571968185214,0.02515766616006612,0.0251712568678834,0.02515332175232132,0.02514737492701007,0.025142248740753766,0.02513586423302665,0.0251232634183076,0.025126355361020248,0.025164432920509315,0.025222821588655034,0.025236221811112257,0.025257932369380436,0.025274270839023196,0.02530454183511978,0.02541836855715901,0.02539824700049031,0.025398247000419004,0.02539824700723274,0.02539824702628365,0.025398247050053616,0.02539824707691845,0.02539824712483161,0.025398247180589965,0.025398247218201924,0.02539824728829526,0.025398247363925264,0.025398247431803023,0.025398247539781246,0.025398247579004402,0.025398247661780025,0.02539824777129545,0.02539824789240467,0.025398247971665802,0.02539824809697933,0.025398248143904668,0.02539824822496766,0.02539824837823377,0.025398248460233683,0.02539824856279072,0.02539824864771684,0.0253982487624567,0.025398248797315944,0.02539824886745836,0.025398248981071195,0.025398249069177942,0.025398249160951993,0.025398249230317083,0.02539824931953118,0.025398249402679877,0.025398249438195984,0.025398249546591894,0.025398249592365616
468,2.2037357315807675,0.0,5.2458037913538647e-14,0.0,0.0,0.0,0.0,0.0,0.010423087668541397,0.02227301634648506,0.06260215935087146,0.04338301138478313,0.03365959989325689,0.02500906952019189,0.024078308800281296,0.027628437263862576,0.02866169264243985,0.029152167118815547,0.029478789596361524,0.029067656780843432,0.02883629038933629,0.0286037598176874,0.028615315980355854,0.028728003069100127,0.028573938687313092,0.028690484494078346,0.028674604948854977,0.0285762200270419,0.028237607700585306,0.028302209566446097,0.028291884709205458,0.02822976737575758,0.028058246659894315,0.02790094054651242,0.02779088125876788,0.0277829700453955,0.02771744024116701,0.02768680553988957,0.027408904954394697,0.02728240265932862,0.02717653617159792,0.02704086102948825,0.026991420903268438,0.026937429976572645,0.026832238178671926,0.02671026032805353,0.02658409679811145,0.0263489789726034,0.026357201068687892,0.02634851070792854,0.026297985830335987,0.026230813959525624,0.026100217029772714,0.025967584894240035,0.02595022476416448,0.02594264425775493,0.02593581242030705,0.025926047840057417,0.025893204919153066,0.025861532048554223,0.025727093560723578,0.025621377013206315,0.025615260349959614,0.025621716743560653,0.02561305761443612,0.02552231977674496,0.025485467673529088,0.02541000049663629,0.025410000477020942,0.025410000419476074,0.02541000039280719,0.0254100003242923,0.02541000030123937,0.02541000025938108,0.02541000020280023,0.025410000194508023,0.025410000107459484,0.025410000014095355,0.02540999990136099,0.02540999977510906,0.02540999955378189,0.02540999941278644,0.02540999927376013,0.02540999907636357,0.025409998848305304,0.025409998670235898,0.02540999833740555,0.025409998116230726,0.025409997927668786,0.025409997697392633,0.025409997501234505,0.02540999722323204,0.025409996986712733,0.02540999666162123,0.025409996445999308,0.02540999623981736,0.02540999597520282,0.025409995727695065,0.025409995460724866,0.02540999517481086,0.025409994893896535,0.025409994628907633,0.025409994390246417,0.025409994105469524
469,0.0,0.0,2.55351295663786e-15,0.0,0.0,0.0,0.0,0.0,0.012580595472308723,0.03134845146591083,0.071118283696034,0.050885766619969505,0.039135241512514206,0.02663817738906414,0.021498432487928997,0.02468384794470476,0.025754256932569188,0.026369113583902613,0.026607838315163158,0.026209405557258415,0.025941311762026496,0.025697974146481853,0.02593639200451205,0.026247487492006474,0.026309181545151803,0.026286162364332424,0.026227585049694378,0.026024227820858253,0.02572775867976676,0.025776443721346756,0.025811722034587013,0.02581046564377941,0.02572948317961945,0.025633596963032544,0.025559422660215114,0.025554845594604237,0.02552132168505236,0.025515200439790022,0.025512606471972555,0.025680853403593155,0.02567862405519499,0.025708811530355306,0.025778046113454526,0.025823040345077063,0.02586983251632764,0.025937585656387693,0.0260196606066407,0.026096033460773247,0.026125087671217004,0.026132116756846943,0.02615120300364234,0.026159093129980906,0.02610686237634489,0.026144668471368586,0.026134146600682275,0.02612735363531537,0.026122726575631087,0.02611940027846062,0.026113968759668406,0.026110499120361147,0.02607863941075367,0.026067060589336347,0.026063136569539135,0.026052227947890753,0.026029446955776164,0.025944914960941805,0.02593182114714297,0.025901246931415444,0.025901246928343533,0.02590124690616685,0.025901246900064696,0.025901246866582187,0.025901246859747627,0.025901246834365267,0.025901246809332708,0.025901246806296154,0.02590124674584158,0.02590124669456777,0.025901246644815856,0.0259012466016303,0.025901246487778157,0.025901246431234343,0.02590124639755959,0.025901246344581186,0.025901246250979084,0.02590124621412879,0.025901246062101854,0.02590124598943479,0.025901245966718913,0.025901245893821322,0.0259012458492376,0.02590124576462239,0.025901245713179623,0.02590124559528362,0.02590124554397067,0.025901245507671023,0.025901245449016008,0.02590124539392136,0.025901245327757477,0.025901245277027085,0.0259012452337265,0.02590124516771877,0.025901245153684603,0.025901245082367123
470,2.1953498517960948,-0.19206822450547598,3.7192471324942744e-15,0.0,0.0,0.0,0.0,0.0,0.012332372479473446,0.029959496917295377,0.06969224681081616,0.049567820224761805,0.038052522432531544,0.02602815138779047,0.021416664631424536,0.024569505628682712,0.025601733287299804,0.026141953037916315,0.026326048485278003,0.025925617553840454,0.025653130045431134,0.02538664692788514,0.02556548753146987,0.025818202368575627,0.025860452096616818,0.025862230634163735,0.02582140858782116,0.02568363127242439,0.025452250335043742,0.025519321501043326,0.02557270348961949,0.025596039954289523,0.025552660793955725,0.02553729658181401,0.025438202160603652,0.02543281731999871,0.025391511541281435,0.025380943525504383,0.025337574509135822,0.025487046368846897,0.025480861590883416,0.025502229427736386,0.025549695461100502,0.025572892927588874,0.02557797648063029,0.025608120974456666,0.025649000199385905,0.025675638435597135,0.025705743627604024,0.025716896041436902,0.025732554219405852,0.025740959863942828,0.025707783370976497,0.025742885243989596,0.02572992886596287,0.02572332996713932,0.025718491166597874,0.025714152993205657,0.025706229016469146,0.025704602006481215,0.025692084515754797,0.02570090332806541,0.02570227743184883,0.025700969723211668,0.025689515727548958,0.025636303402300883,0.025655344612935057,0.02562719742199365,0.025627197417763908,0.025627197396836852,0.02562719738794194,0.025627197356828606,0.025627197344662313,0.02562719732160155,0.025627197293126347,0.02562719727942516,0.025627197229358634,0.025627197187339378,0.025627197141882246,0.02562719710837872,0.02562719699851022,0.025627196950894663,0.025627196924685805,0.02562719687865274,0.025627196795375756,0.02562719676519939,0.02562719662102561,0.02562719655262196,0.025627196535572022,0.02562719646576504,0.02562719642383884,0.025627196340789256,0.02562719629100014,0.02562719616787708,0.025627196112387902,0.025627196076502972,0.025627196012509984,0.02562719595543914,0.025627195883281037,0.02562719582172436,0.025627195764701242,0.025627195685829936,0.025627195658599132,0.025627195575895264
471,2.2034000919548142,0.03846049166791188,9.14823772291129e-14,0.0,0.0,0.0,0.0010322273620972284,0.00010652821086350101,0.0,0.006964638944947497,0.04613369257672841,0.0275705272220298,0.01840992431607742,0.010564456964152001,0.010390984933359692,0.014201819360071994,0.015452058750678196,0.016322443009229803,0.017282451259798087,0.016852460324707903,0.016738480698442134,0.016820290323931796,0.017292214171356773,0.018340580051380475,0.01918585306858002,0.01896206394348907,0.01905846078479239,0.01955766954581519,0.019903811895885165,0.02013564380379362,0.020398641306020406,0.020642433228654417,0.02101225021281973,0.021711815779591505,0.021525678173865977,0.021521004165128744,0.021487905301673268,0.021482008566995562,0.02152207632317968,0.021919390415172303,0.02208220322965273,0.022348084429807055,0.022506515924489337,0.022609607296038822,0.022717420931739285,0.02283133107861497,0.022955068458870857,0.023120909187027725,0.023178189551659838,0.023218034311182224,0.02330268320025327,0.023410900653703458,0.023507531171181553,0.023756019503400706,0.023736011680485704,0.023729259357474695,0.02372383827913204,0.023718464710128357,0.023713668504573234,0.02373578751391961,0.02383893830602625,0.02398050224409731,0.02401016969227438,0.024039778243666834,0.024068007291907334,0.024135590865777337,0.024276059960730557,0.024288286546562267,0.024288286548862163,0.02428828656684183,0.024288286577985256,0.024288286621884897,0.024288286641530394,0.024288286692232458,0.024288286741121205,0.024288286760194445,0.02428828683526557,0.024288286928065592,0.024288287023035086,0.02428828718120328,0.024288287264255696,0.024288287395273413,0.024288287577280042,0.02428828777961365,0.02428828795349509,0.024288288163372165,0.02428828834335814,0.024288288515040828,0.02428828877344673,0.024288288953395847,0.024288289156076216,0.024288289358117665,0.024288289595300355,0.02428828974898334,0.02428828991628568,0.024288290160687818,0.024288290374784118,0.024288290601546112,0.02428829080236023,0.02428829103070925,0.02428829126393339,0.024288291426762133,0.024288291682809975,0.024288291874030032
472,0.0,0.0,1.59539048638635e-13,0.0,0.0,0.0,0.0034132547140439426,0.0034817806148748085,0.012193531273974795,0.020199557678077774,0.059523649544122564,0.04079098580714564,0.031658873242552135,0.024023419466467452,0.023904875868101732,0.027124613157360384,0.028129907640575748,0.028616171049489512,0.029093157125167957,0.02867121493251686,0.028478827211492842,0.02832031531392618,0.028358913475261927,0.028558386429760056,0.02845650299786707,0.02855260786730637,0.028542437914655217,0.028463778857764462,0.02810428829535586,0.028173523360915723,0.028160758632020024,0.028094402858948295,0.02794840735799139,0.027906419303605323,0.027757547893403782,0.027750646045988925,0.02769531396241969,0.027676840476788374,0.02746338464831285,0.02736071799149549,0.02726048144861774,0.027111158284311956,0.027053966079140346,0.026986673342692117,0.026864654663801737,0.0267259996657235,0.02657720145509179,0.02631355050748476,0.02632428664960835,0.026319767916591137,0.0262723751418706,0.026212399070074745,0.02610920119965359,0.025987872133653972,0.025967951640882416,0.025960446926788516,0.025953297249081873,0.025942410388834415,0.02590694818032915,0.025877736486198625,0.025765207106480115,0.025682987229191226,0.025682707716812813,0.02569807826266131,0.025699478422433666,0.02562783354883487,0.02559326898740712,0.02552043369661155,0.02552043366691928,0.02552043358072673,0.025520433509329806,0.02552043338604785,0.025520433298713036,0.025520433186709303,0.02552043302655677,0.025520432926326584,0.02552043274760666,0.025520432564078512,0.025520432356356156,0.02552043212480722,0.02552043178095858,0.02552043154667419,0.025520431311367706,0.02552043099346257,0.025520430661868574,0.025520430375433608,0.025520429921250597,0.025520429595099325,0.025520429287328516,0.025520428948189393,0.025520428650331033,0.02552042825322349,0.02552042789965429,0.0255204274462908,0.0255204271279421,0.02552042681500935,0.025520426428982407,0.02552042607338519,0.025520425694032213,0.0255204252764599,0.025520424868302898,0.025520424495442874,0.025520424131253504,0.025520423734644956
473,2.17025603405077,-0.3826746938484999,6.772360450213455e-15,0.0,0.0,0.0,0.0,0.0,0.013234188454456411,0.03733584594580847,0.07858616746684176,0.05816188952901985,0.046018232466212866,0.03249287492085274,0.025797824565377894,0.02860558659739363,0.02927343955449728,0.029354787395480645,0.028661197878737305,0.028322211743159593,0.02790014039364552,0.02724649752107265,0.027007869838110578,0.026648971756292668,0.026351773646945884,0.026516498708564328,0.026482386555124606,0.026293016949237715,0.026041564808496478,0.026086620532918575,0.026094570317130847,0.02610700732662991,0.026060985313595457,0.026157039275792576,0.025987789829207113,0.025983078830177486,0.02594722234408176,0.025950094161721268,0.026010551149963014,0.026227994952452857,0.02622015555776832,0.026229168716534693,0.0262820370361008,0.026304575460714637,0.026312562512955568,0.026376496986342205,0.026457973535274033,0.02656656484391281,0.026601812031255074,0.02662326341239935,0.026664867868649987,0.026704670267006254,0.02675083699745617,0.026845872461784666,0.02683359440069978,0.026827754388413377,0.026823723922115808,0.026820979881406717,0.026822555812589403,0.026836750015001253,0.026909956269606173,0.026994605274739843,0.02700422325870247,0.027008556296577953,0.027007164353795955,0.027003030593032034,0.02707596451751351,0.027075629619976223,0.027075629624050846,0.027075629634788743,0.02707562965184569,0.0270756296752626,0.027075629703303957,0.027075629748243103,0.0270756298154566,0.027075629864525698,0.02707562993157176,0.027075630016054494,0.027075630117907663,0.027075630260044056,0.02707563036505727,0.027075630487607336,0.027075630648663564,0.027075630853832224,0.027075631005993875,0.027075631212638156,0.027075631371295303,0.02707563154389009,0.027075631795057047,0.027075631974658516,0.027075632173095394,0.027075632384349825,0.02707563261614812,0.027075632792183953,0.0270756329726731,0.02707563319492975,0.0270756334250443,0.027075633643249997,0.02707563384935238,0.027075634103153355,0.027075634355269853,0.02707563453403627,0.02707563480049955,0.027075635000557083
474,2.17660408783522,-0.3447402202598798,4.107825191113079e-15,0.0,0.0,0.0,0.0,0.0,0.013124658967521647,0.03565806527683472,0.07618683163868062,0.055757265136321676,0.04357092131935052,0.03005529740213867,0.023465913960110343,0.026256473329776955,0.027047302482212838,0.02731501955302566,0.026981673089362862,0.026621499526616164,0.02626781101135582,0.025809548104275434,0.02587616901521287,0.026079627343039903,0.02636295903425172,0.026314840466801,0.026331980977440043,0.026436166328435,0.026524623538422325,0.026648324228670833,0.0267894994598079,0.026938609860823515,0.0271124567341411,0.027452231635201527,0.02731204530763429,0.027306433672590957,0.027261841442619006,0.027251496446241433,0.027257586186291437,0.02751167587835847,0.027551179312947566,0.027624726473021728,0.027652658622697206,0.0276390081273599,0.027555265549656555,0.02754906306271891,0.02753952023909206,0.02752780993887404,0.027566138960582173,0.027589997318804873,0.027604276295546584,0.027602487765509557,0.027580127254763654,0.027573562590250525,0.027559756464697376,0.027553658190080713,0.02754905287543749,0.02754463751798423,0.027537783870123986,0.027539083276469516,0.02755369090368767,0.02757851049357578,0.027579652116434483,0.02757870685327022,0.027567397515283636,0.027510011581371775,0.027507144500896356,0.027480421151770056,0.0274804211361718,0.027480421076532504,0.02748042101177461,0.027480420898558535,0.027480420802086753,0.02748042067354305,0.027480420501068567,0.027480420360728012,0.027480420159535956,0.027480419966792978,0.027480419758636097,0.02748041953247994,0.027480419208323472,0.027480418986723702,0.027480418756412748,0.027480418469815995,0.02748041815604303,0.027480417897267132,0.027480417459875017,0.027480417163691387,0.02748041688347636,0.02748041657502383,0.027480416300558173,0.02748041594604174,0.02748041562210997,0.027480415222071154,0.02748041494271647,0.02748041463924637,0.02748041430169629,0.027480413972792807,0.027480413632438992,0.02748041327700702,0.02748041292392339,0.027480412596519184,0.027480412277951928,0.027480411923295534
475,2.182289126929278,-0.30670073546059484,2.7200464103316335e-15,0.0,0.0,0.0,0.0,0.0,0.01297746994180839,0.0341516742259317,0.07426276755767594,0.053872504529863426,0.041766901934852246,0.028486466146092154,0.022301914721180465,0.02526945447260531,0.026218225871685832,0.02670528287348239,0.02672153703907114,0.026342154469029263,0.026044375179939364,0.025738435348706647,0.025992199933217688,0.026449137672400893,0.026854081071567934,0.026733387033136272,0.026731413879253253,0.026783202719326382,0.02678529586615111,0.02689126542047518,0.027010237103187108,0.027108876089691692,0.0271850206602168,0.027256659852226556,0.02720594996441204,0.027198885249139458,0.027140036632793536,0.0271100398652634,0.02694913741847154,0.027010933481650616,0.026983328830467553,0.026960892620304506,0.026922283538951375,0.026858047962405967,0.02670134184150761,0.02661204099440009,0.02652638778421254,0.026405170598454177,0.026435296363658906,0.026454481311779077,0.02644346432127919,0.026418650369008416,0.026395347745381128,0.026338989645577064,0.02632359270308155,0.02631788578022285,0.026313193053700952,0.0263076897104623,0.02629683134047813,0.026295481498429498,0.026313338255605303,0.02634117275415176,0.026346205401458465,0.02635852655662989,0.026363549506409817,0.026361848047347283,0.026442386413681993,0.026414766666059512,0.026414766665993367,0.026414766668556362,0.026414766690590348,0.026414766705746214,0.026414766737570743,0.026414766781783068,0.026414766842236335,0.026414766891504408,0.026414766951740557,0.026414767016446933,0.026414767078455834,0.026414767169268535,0.026414767205420114,0.02641476727461084,0.026414767366950753,0.026414767478522363,0.026414767540324496,0.02641476765584617,0.026414767689478952,0.026414767765003143,0.02641476790894237,0.026414767986618116,0.02641476808492081,0.026414768171459158,0.026414768283301707,0.026414768329622876,0.026414768407262767,0.02641476851512686,0.026414768614302937,0.026414768708599125,0.026414768788060934,0.026414768897548953,0.02641476900341994,0.02641476905932346,0.02641476918662175,0.026414769251169565
476,2.187309419614964,-0.26856782664620993,2.275957200481571e-15,0.0,0.0,0.0,0.0,0.0,0.01279563320282203,0.032734689094382326,0.07261793233280694,0.05229603600568298,0.04034513499690396,0.02742292290420276,0.021752014548375727,0.024877002186726938,0.025925022963092053,0.026532590355117947,0.026734913468430207,0.026342875765641215,0.026070485208734114,0.02582615304138422,0.026111518012061206,0.02653540371101873,0.026767421596035148,0.02668566629256078,0.026644117307721482,0.0265248885490241,0.02632335362086657,0.026388046817975172,0.02644831915410397,0.026471898907109496,0.026425892303023345,0.026321044195291774,0.02628255546352728,0.026276677103452214,0.02622991470032113,0.02620944873022716,0.026105027616648416,0.026182989743132566,0.026153651157232054,0.026139221461811243,0.026151765885870686,0.026143831052416917,0.02609928318244462,0.0260940750647963,0.026107517286771097,0.02610846612039908,0.026138682959746244,0.02615374885198189,0.026166095151795497,0.02617275519898494,0.02616796800902301,0.026192120284222728,0.026178944713006795,0.0261729310093988,0.026168451818410862,0.02616431277707381,0.02615846690414394,0.02616164251553976,0.026184938392676438,0.026223692785558184,0.026229161283960092,0.026235069734380896,0.02623367458763721,0.02622283573185728,0.0262993911975978,0.02628115156200854,0.02628115156771254,0.026281151584517992,0.026281151620827857,0.026281151658138543,0.026281151708229786,0.026281151768160666,0.026281151850691093,0.02628115191777211,0.02628115199077124,0.026281152071148412,0.026281152148607254,0.026281152261777938,0.026281152315890604,0.026281152402298516,0.026281152511799466,0.02628115263975476,0.026281152716024554,0.02628115284414953,0.026281152887690236,0.026281152973293365,0.026281153128737973,0.026281153216324123,0.02628115332220837,0.026281153412331053,0.026281153530864233,0.026281153583825746,0.026281153667791574,0.026281153782053625,0.026281153884957064,0.026281153979959445,0.02628115406104325,0.026281154172752414,0.026281154278955162,0.026281154336250338,0.02628115446680928,0.026281154529273598
477,2.1916634366624934,-0.23035310947015564,2.55351295663786e-15,0.0,0.0,0.0,0.0,0.0,0.012580595472308723,0.03134845146591083,0.071118283696034,0.050885766619969505,0.039135241512514206,0.02663817738906414,0.021498432487928997,0.02468384794470476,0.025754256932569188,0.026369113583902613,0.026607838315163158,0.026209405557258415,0.025941311762026496,0.025697974146481853,0.02593639200451205,0.026247487492006474,0.026309181545151803,0.026286162364332424,0.026227585049694378,0.026024227820858253,0.02572775867976676,0.025776443721346756,0.025811722034587013,0.02581046564377941,0.02572948317961945,0.025633596963032544,0.025559422660215114,0.025554845594604237,0.02552132168505236,0.025515200439790022,0.025512606471972555,0.025680853403593155,0.02567862405519499,0.025708811530355306,0.025778046113454526,0.025823040345077063,0.02586983251632764,0.025937585656387693,0.0260196606066407,0.026096033460773247,0.026125087671217004,0.026132116756846943,0.02615120300364234,0.026159093129980906,0.02610686237634489,0.026144668471368586,0.026134146600682275,0.02612735363531537,0.026122726575631087,0.02611940027846062,0.026113968759668406,0.026110499120361147,0.02607863941075367,0.026067060589336347,0.026063136569539135,0.026052227947890753,0.026029446955776164,0.025944914960941805,0.02593182114714297,0.025901246931415444,0.025901246928343533,0.02590124690616685,0.025901246900064696,0.025901246866582187,0.025901246859747627,0.025901246834365267,0.025901246809332708,0.025901246806296154,0.02590124674584158,0.02590124669456777,0.025901246644815856,0.0259012466016303,0.025901246487778157,0.025901246431234343,0.02590124639755959,0.025901246344581186,0.025901246250979084,0.02590124621412879,0.025901246062101854,0.02590124598943479,0.025901245966718913,0.025901245893821322,0.0259012458492376,0.02590124576462239,0.025901245713179623,0.02590124559528362,0.02590124554397067,0.025901245507671023,0.025901245449016008,0.02590124539392136,0.025901245327757477,0.025901245277027085,0.0259012452337265,0.02590124516771877,0.025901245153684603,0.025901245082367123
478,2.1632468992546063,-0.4204926010183209,1.1435297153639112e-14,0.0,0.0,0.0,0.0,0.0,0.013300905827671305,0.03927309400232058,0.08168560266915577,0.061334535913273834,0.049425698227864016,0.036263696621639085,0.030066315136819958,0.03349163152761985,0.034297199493685454,0.03458334175375096,0.03405040168658329,0.033720491389940335,0.03331186695261319,0.03269095648722685,0.03246972355213378,0.032104955291731054,0.031691912413299855,0.03188742231584624,0.031824400352998584,0.03149715832349242,0.031037964015289448,0.0310361766413981,0.030962061230832928,0.030862258830351645,0.03061770822306677,0.030305365630787475,0.030231395566544774,0.03022463486616813,0.03016804551855057,0.03014688730037312,0.02998380665863329,0.029909385558499597,0.02978125941785869,0.0296137467561079,0.02956010958833479,0.029499753370178797,0.02938480946373294,0.029306867095650516,0.02923027190881867,0.029089764978226216,0.029095823199221056,0.029088459589468377,0.029046687295325325,0.028977466631348387,0.028872200915514387,0.028734794668703576,0.02872329355841275,0.028716808283025686,0.028711836765181693,0.028706426499829216,0.02869092757871268,0.02867187785419248,0.028594394896169377,0.028523753782198256,0.028512579810661617,0.028506262538804703,0.02848716175830059,0.02839692634234685,0.02837033451544598,0.028314938426279867,0.0283149384174703,0.028314938383020734,0.028314938379232487,0.02831493833464506,0.028314938336677573,0.028314938322072585,0.028314938317008462,0.028314938340122085,0.028314938301046214,0.02831493826108307,0.028314938217855582,0.02831493816527607,0.028314938056811144,0.028314937992438987,0.028314937925722303,0.028314937849829705,0.028314937720265415,0.028314937651869238,0.02831493744620455,0.028314937339121143,0.028314937270490014,0.028314937156831456,0.028314937069292175,0.028314936935095406,0.02831493682511189,0.02831493665503812,0.028314936558058553,0.028314936453985882,0.02831493633796447,0.02831493621126857,0.028314936076866554,0.028314935956045235,0.028314935831666787,0.028314935697443915,0.02831493560178295,0.02831493545521051
479,2.1953498517960948,-0.19206822450547598,3.7192471324942744e-15,0.0,0.0,0.0,0.0,0.0,0.012332372479473446,0.029959496917295377,0.06969224681081616,0.049567820224761805,0.038052522432531544,0.02602815138779047,0.021416664631424536,0.024569505628682712,0.025601733287299804,0.026141953037916315,0.026326048485278003,0.025925617553840454,0.025653130045431134,0.02538664692788514,0.02556548753146987,0.025818202368575627,0.025860452096616818,0.025862230634163735,0.02582140858782116,0.02568363127242439,0.025452250335043742,0.025519321501043326,0.02557270348961949,0.025596039954289523,0.025552660793955725,0.02553729658181401,0.025438202160603652,0.02543281731999871,0.025391511541281435,0.025380943525504383,0.025337574509135822,0.025487046368846897,0.025480861590883416,0.025502229427736386,0.025549695461100502,0.025572892927588874,0.02557797648063029,0.025608120974456666,0.025649000199385905,0.025675638435597135,0.025705743627604024,0.025716896041436902,0.025732554219405852,0.025740959863942828,0.025707783370976497,0.025742885243989596,0.02572992886596287,0.02572332996713932,0.025718491166597874,0.025714152993205657,0.025706229016469146,0.025704602006481215,0.025692084515754797,0.02570090332806541,0.02570227743184883,0.025700969723211668,0.025689515727548958,0.025636303402300883,0.025655344612935057,0.02562719742199365,0.025627197417763908,0.025627197396836852,0.02562719738794194,0.025627197356828606,0.025627197344662313,0.02562719732160155,0.025627197293126347,0.02562719727942516,0.025627197229358634,0.025627197187339378,0.025627197141882246,0.02562719710837872,0.02562719699851022,0.025627196950894663,0.025627196924685805,0.02562719687865274,0.025627196795375756,0.02562719676519939,0.02562719662102561,0.02562719655262196,0.025627196535572022,0.02562719646576504,0.02562719642383884,0.025627196340789256,0.02562719629100014,0.02562719616787708,0.025627196112387902,0.025627196076502972,0.025627196012509984,0.02562719595543914,0.025627195883281037,0.02562719582172436,0.025627195764701242,0.025627195685829936,0.025627195658599132,0.025627195575895264
480,0.0,0.0,1.9817480989559044e-14,0.0,0.0,0.0,0.0,0.0,0.0,0.023468103669670698,0.06578943294456314,0.046134150562588516,0.034820325259608875,0.02238438849724714,0.01702758800954104,0.02149156556054364,0.022700050552928928,0.023647828408532537,0.023954944020682555,0.02361813635870778,0.023343653750147214,0.023094600918541326,0.023435293498598072,0.024162325184600916,0.024845960197491183,0.0246633855750917,0.024711336324462096,0.02499390669410329,0.025216280263419297,0.025379480107853764,0.025575671807818463,0.025762949470183937,0.02600817445883175,0.026351566075070932,0.026283194897427784,0.026278019559312346,0.026237031797803193,0.02621895323792521,0.02621838538494724,0.026524717406481463,0.026619847878113806,0.026799598384631574,0.026910007222503026,0.026974237456185393,0.027016306723549557,0.02711073347179826,0.027214012524365214,0.027369281022006853,0.027410416645782705,0.027438889114412824,0.027494428598616304,0.027550711997905052,0.02759812955361926,0.027733847327105925,0.02772026356342675,0.02771419462033706,0.027710132795058524,0.027707850872659576,0.027712004959484046,0.027730174536518798,0.027813744297413574,0.027910935023513973,0.027924547201234072,0.027934167362438894,0.027941215341829497,0.02796554486637825,0.02806953600928787,0.028075159044478253,0.028075159053682235,0.028075159078636225,0.02807515911068523,0.02807515915370702,0.02807515919499874,0.028075159251130206,0.028075159327604966,0.028075159373649815,0.028075159452652203,0.02807515954459112,0.028075159643185986,0.028075159784731123,0.028075159882774012,0.028075160003038193,0.02807516014635604,0.028075160336087097,0.028075160470283144,0.02807516065652543,0.028075160781741597,0.028075160931105854,0.028075161152550484,0.028075161305694016,0.02807516147581279,0.02807516165193381,0.028075161846162894,0.028075161986740815,0.02807516213748489,0.028075162320002522,0.028075162513550956,0.028075162688277595,0.028075162852936666,0.028075163063850436,0.028075163268646154,0.02807516340891712,0.028075163630062013,0.028075163788406736
481,0.0,0.0,5.88418203051333e-15,0.0,0.0,0.0,0.0,0.0,0.012049350212578051,0.02854714580718207,0.068300945285818,0.04830385034171451,0.03705653089255175,0.0255507353034507,0.021474809855830255,0.024532135428780116,0.025484918578401024,0.02589578810308293,0.025964948255064534,0.025565612390091613,0.02528307946137183,0.024977190863834983,0.025086331425349745,0.02531249360353908,0.025427616440841877,0.025433687389394805,0.025432110540077647,0.025451412515552534,0.025381677937351386,0.025487878184236826,0.025584913613566337,0.025662482146519245,0.025701809952085406,0.025816491622643288,0.025696993032623933,0.025689659332884907,0.025629190196590473,0.025603974263964345,0.02544333671758038,0.025517162946831092,0.025491836862573725,0.025477433975596896,0.025460884888014176,0.025421544003693754,0.025311682427846184,0.025243159776041604,0.025180748492738866,0.025084716904755347,0.02511661504721654,0.025137505806537327,0.025141665346083607,0.02514571968185214,0.02515766616006612,0.0251712568678834,0.02515332175232132,0.02514737492701007,0.025142248740753766,0.02513586423302665,0.0251232634183076,0.025126355361020248,0.025164432920509315,0.025222821588655034,0.025236221811112257,0.025257932369380436,0.025274270839023196,0.02530454183511978,0.02541836855715901,0.02539824700049031,0.025398247000419004,0.02539824700723274,0.02539824702628365,0.025398247050053616,0.02539824707691845,0.02539824712483161,0.025398247180589965,0.025398247218201924,0.02539824728829526,0.025398247363925264,0.025398247431803023,0.025398247539781246,0.025398247579004402,0.025398247661780025,0.02539824777129545,0.02539824789240467,0.025398247971665802,0.02539824809697933,0.025398248143904668,0.02539824822496766,0.02539824837823377,0.025398248460233683,0.02539824856279072,0.02539824864771684,0.0253982487624567,0.025398248797315944,0.02539824886745836,0.025398248981071195,0.025398249069177942,0.025398249160951993,0.025398249230317083,0.02539824931953118,0.025398249402679877,0.025398249438195984,0.025398249546591894,0.025398249592365616
482,2.202393275316035,0.07690926789748656,1.59539048638635e-13,0.0,0.0,0.0,0.0034132547140439426,0.0034817806148748085,0.012193531273974795,0.020199557678077774,0.059523649544122564,0.04079098580714564,0.031658873242552135,0.024023419466467452,0.023904875868101732,0.027124613157360384,0.028129907640575748,0.028616171049489512,0.029093157125167957,0.02867121493251686,0.028478827211492842,0.02832031531392618,0.028358913475261927,0.028558386429760056,0.02845650299786707,0.02855260786730637,0.028542437914655217,0.028463778857764462,0.02810428829535586,0.028173523360915723,0.028160758632020024,0.028094402858948295,0.02794840735799139,0.027906419303605323,0.027757547893403782,0.027750646045988925,0.02769531396241969,0.027676840476788374,0.02746338464831285,0.02736071799149549,0.02726048144861774,0.027111158284311956,0.027053966079140346,0.026986673342692117,0.026864654663801737,0.0267259996657235,0.02657720145509179,0.02631355050748476,0.02632428664960835,0.026319767916591137,0.0262723751418706,0.026212399070074745,0.02610920119965359,0.025987872133653972,0.025967951640882416,0.025960446926788516,0.025953297249081873,0.025942410388834415,0.02590694818032915,0.025877736486198625,0.025765207106480115,0.025682987229191226,0.025682707716812813,0.02569807826266131,0.025699478422433666,0.02562783354883487,0.02559326898740712,0.02552043369661155,0.02552043366691928,0.02552043358072673,0.025520433509329806,0.02552043338604785,0.025520433298713036,0.025520433186709303,0.02552043302655677,0.025520432926326584,0.02552043274760666,0.025520432564078512,0.025520432356356156,0.02552043212480722,0.02552043178095858,0.02552043154667419,0.025520431311367706,0.02552043099346257,0.025520430661868574,0.025520430375433608,0.025520429921250597,0.025520429595099325,0.025520429287328516,0.025520428948189393,0.025520428650331033,0.02552042825322349,0.02552042789965429,0.0255204274462908,0.0255204271279421,0.02552042681500935,0.025520426428982407,0.02552042607338519,0.025520425694032213,0.0255204252764599,0.025520424868302898,0.025520424495442874,0.025520424131253504,0.025520423734644956
483,2.2007155883505325,0.11533461681902286,2.781108676686017e-13,0.0,0.0,0.0,0.005799006445872943,0.006816571879322033,0.015475725973314735,0.02118088445336251,0.0593111317657237,0.04077875178728355,0.0317374396206818,0.024199964361983003,0.023779366361470794,0.026127947120896604,0.026843459445725314,0.026924875109644437,0.026948734715493097,0.026533894535727638,0.026278892644097714,0.025926256604098297,0.02564679911281809,0.02531613446095335,0.02475912541575438,0.025031028204066576,0.02499818220641413,0.024756178918238565,0.024225611369492965,0.024258534780981056,0.024179934960451118,0.024069159503166366,0.023882303134544293,0.023993956951241985,0.023717559090219796,0.023713393968499457,0.02368544831237033,0.02370361378286802,0.023737355558435962,0.02382606660846048,0.023771389940490956,0.0236804804978838,0.02371655023449481,0.023732747852864958,0.02377072058143627,0.023786648546247686,0.023817457916168638,0.02381552761551665,0.02384474118605923,0.023858402598877122,0.023891389425565044,0.023941315664413803,0.024003107754524033,0.024125517076238844,0.024105631970653837,0.024098723954367563,0.024092525718912426,0.024084404341729714,0.024066275751288387,0.024070329078570978,0.024111703541167855,0.024188608267676683,0.024211502411911674,0.024242444127055576,0.024268853219239925,0.024311494459308282,0.024416671817528046,0.02440361634875321,0.024403616343646583,0.02440361634757451,0.024403616358768854,0.02440361639887751,0.024403616433979782,0.024403616511171553,0.02440361660227729,0.024403616678149866,0.024403616801977633,0.02440361694017077,0.02440361709197974,0.024403617305068882,0.024403617466301254,0.024403617650030004,0.02440361789721974,0.024403618180831,0.024403618431510364,0.02440361871937354,0.024403619010055357,0.024403619263197764,0.024403619613316486,0.024403619877659023,0.024403620165846334,0.02440362046925647,0.02440362080646915,0.024403621060709608,0.024403621307909847,0.02440362165073239,0.02440362196480246,0.02440362229259661,0.024403622591612367,0.024403622924456886,0.024403623263556603,0.024403623514432548,0.024403623872059334,0.02440362416249394
484,2.1983675420980076,0.1537248336990046,4.849454171562684e-13,0.0,0.0,0.0,0.008190793957495564,0.010127479090619267,0.018607466171409896,0.021889453893551073,0.058783884756453984,0.040483854088818175,0.03157068672555719,0.024206143266602562,0.023650502239343084,0.02540164420803806,0.026002716449701077,0.025962866208634954,0.025961365822490246,0.02554228306231486,0.025301822389348548,0.02497732992473311,0.024745811031134254,0.024610700815095532,0.024387286191169154,0.02456068960493022,0.0245856441666531,0.024611963259846437,0.024388416447080452,0.024494063711883583,0.024523656012201096,0.02454638901630481,0.024603356523490192,0.025157798098767774,0.024810437124600744,0.02480712405985231,0.02478777893616928,0.024816960631722743,0.024968769547445452,0.0252476204998453,0.02528742081700145,0.02532411107191941,0.025407235686620903,0.0254482194938262,0.025502375249635837,0.025548429235600092,0.025586590881862523,0.025588465500892395,0.0256252376634595,0.02563927233537429,0.02566809353622867,0.025697694171391568,0.025684504368243658,0.025759789219571096,0.025740903453839267,0.025733184849957843,0.025726506881876568,0.02571810766010866,0.025696136062833726,0.02568873518318435,0.0256589168570515,0.02566591776526992,0.0256772005634251,0.025692935641861266,0.025698546187567284,0.025656411341330017,0.025645146333215827,0.025608988331968216,0.025608988307050978,0.025608988234444897,0.02560898815670096,0.025608988049956663,0.025608987954373018,0.025608987843241955,0.025608987679583046,0.025608987561374683,0.025608987386446777,0.025608987220161014,0.02560898703676856,0.025608986850186408,0.02560898654959432,0.02560898635911085,0.02560898617718152,0.025608985924461005,0.02560898566388059,0.025608985440664023,0.025608985076927666,0.025608984816396563,0.02560898458095315,0.025608984309651684,0.025608984078431655,0.025608983757279543,0.025608983481540924,0.025608983105293,0.025608982848874074,0.02560898261223119,0.02560898230345654,0.025608982025195508,0.02560898172210993,0.025608981385997594,0.025608981060243487,0.025608980757059422,0.02560898047338695,0.025608980154434864
485,2.2034000919548142,0.03846049166791188,9.14823772291129e-14,0.0,0.0,0.0,0.0010322273620972284,0.00010652821086350101,0.0,0.006964638944947497,0.04613369257672841,0.0275705272220298,0.01840992431607742,0.010564456964152001,0.010390984933359692,0.014201819360071994,0.015452058750678196,0.016322443009229803,0.017282451259798087,0.016852460324707903,0.016738480698442134,0.016820290323931796,0.017292214171356773,0.018340580051380475,0.01918585306858002,0.01896206394348907,0.01905846078479239,0.01955766954581519,0.019903811895885165,0.02013564380379362,0.020398641306020406,0.020642433228654417,0.02101225021281973,0.021711815779591505,0.021525678173865977,0.021521004165128744,0.021487905301673268,0.021482008566995562,0.02152207632317968,0.021919390415172303,0.02208220322965273,0.022348084429807055,0.022506515924489337,0.022609607296038822,0.022717420931739285,0.02283133107861497,0.022955068458870857,0.023120909187027725,0.023178189551659838,0.023218034311182224,0.02330268320025327,0.023410900653703458,0.023507531171181553,0.023756019503400706,0.023736011680485704,0.023729259357474695,0.02372383827913204,0.023718464710128357,0.023713668504573234,0.02373578751391961,0.02383893830602625,0.02398050224409731,0.02401016969227438,0.024039778243666834,0.024068007291907334,0.024135590865777337,0.024276059960730557,0.024288286546562267,0.024288286548862163,0.02428828656684183,0.024288286577985256,0.024288286621884897,0.024288286641530394,0.024288286692232458,0.024288286741121205,0.024288286760194445,0.02428828683526557,0.024288286928065592,0.024288287023035086,0.02428828718120328,0.024288287264255696,0.024288287395273413,0.024288287577280042,0.02428828777961365,0.02428828795349509,0.024288288163372165,0.02428828834335814,0.024288288515040828,0.02428828877344673,0.024288288953395847,0.024288289156076216,0.024288289358117665,0.024288289595300355,0.02428828974898334,0.02428828991628568,0.024288290160687818,0.024288290374784118,0.024288290601546112,0.02428829080236023,0.02428829103070925,0.02428829126393339,0.024288291426762133,0.024288291682809975,0.024288291874030032
486,2.1953498517960948,0.19206822450547564,8.456013667057505e-13,0.0,0.0,0.0,0.01058976923979034,0.01342632377661748,0.021641940644125356,0.022446405087718484,0.05811871729498938,0.040081367870270355,0.03134209169693877,0.02423875739998687,0.02371152474463384,0.02507139324298116,0.02565921765096548,0.02564501346108937,0.02579805587633329,0.025369895519881724,0.02516824163217862,0.024938091335065807,0.02482896902515255,0.024956513209309528,0.02502520059837305,0.025090934146355375,0.02514186644443008,0.025298629248626702,0.02517744257254419,0.025306821623298167,0.025362561024765844,0.02539860067195986,0.02547649879956658,0.02597434190378052,0.025686740914669593,0.025681250452186197,0.02564030280518232,0.025645458812834,0.025605101054003973,0.025700714803436386,0.025692288777337063,0.025652936441258885,0.02565905596070156,0.02563336917578571,0.02558149670386453,0.025520061389288175,0.025450829694797776,0.025298071423276523,0.02532783368741666,0.02533691322080869,0.025328362262780946,0.025315652162902883,0.025273678346774856,0.02525080080353818,0.025229823502730547,0.02522215958047536,0.025214888999034128,0.025204238142011906,0.02517270731508154,0.02515479756905301,0.025093793514957045,0.02506763721055183,0.02507761712470861,0.02510221272188117,0.0251174514621971,0.02510030439780689,0.025127288753026965,0.025077818301428467,0.02507781828409196,0.02507781824766148,0.025077818230952332,0.025077818211288832,0.025077818213373328,0.02507781823528045,0.025077818255433953,0.02507781829793163,0.025077818328563588,0.025077818362859723,0.025077818394707362,0.025077818454210057,0.02507781844505297,0.025077818482692187,0.025077818558646593,0.025077818627836715,0.025077818671049995,0.02507781875275474,0.02507781878365753,0.02507781883086556,0.025077818945257752,0.0250778189949463,0.025077819076933586,0.025077819129311743,0.025077819221988824,0.025077819226858252,0.02507781927464838,0.0250778193894717,0.025077819456473242,0.02507781954426195,0.025077819605842704,0.025077819673855722,0.025077819752350957,0.02507781978756503,0.025077819895017037,0.02507781994774174
487,0.0,0.0,5.2458037913538647e-14,0.0,0.0,0.0,0.0,0.0,0.010423087668541397,0.02227301634648506,0.06260215935087146,0.04338301138478313,0.03365959989325689,0.02500906952019189,0.024078308800281296,0.027628437263862576,0.02866169264243985,0.029152167118815547,0.029478789596361524,0.029067656780843432,0.02883629038933629,0.0286037598176874,0.028615315980355854,0.028728003069100127,0.028573938687313092,0.028690484494078346,0.028674604948854977,0.0285762200270419,0.028237607700585306,0.028302209566446097,0.028291884709205458,0.02822976737575758,0.028058246659894315,0.02790094054651242,0.02779088125876788,0.0277829700453955,0.02771744024116701,0.02768680553988957,0.027408904954394697,0.02728240265932862,0.02717653617159792,0.02704086102948825,0.026991420903268438,0.026937429976572645,0.026832238178671926,0.02671026032805353,0.02658409679811145,0.0263489789726034,0.026357201068687892,0.02634851070792854,0.026297985830335987,0.026230813959525624,0.026100217029772714,0.025967584894240035,0.02595022476416448,0.02594264425775493,0.02593581242030705,0.025926047840057417,0.025893204919153066,0.025861532048554223,0.025727093560723578,0.025621377013206315,0.025615260349959614,0.025621716743560653,0.02561305761443612,0.02552231977674496,0.025485467673529088,0.02541000049663629,0.025410000477020942,0.025410000419476074,0.02541000039280719,0.0254100003242923,0.02541000030123937,0.02541000025938108,0.02541000020280023,0.025410000194508023,0.025410000107459484,0.025410000014095355,0.02540999990136099,0.02540999977510906,0.02540999955378189,0.02540999941278644,0.02540999927376013,0.02540999907636357,0.025409998848305304,0.025409998670235898,0.02540999833740555,0.025409998116230726,0.025409997927668786,0.025409997697392633,0.025409997501234505,0.02540999722323204,0.025409996986712733,0.02540999666162123,0.025409996445999308,0.02540999623981736,0.02540999597520282,0.025409995727695065,0.025409995460724866,0.02540999517481086,0.025409994893896535,0.025409994628907633,0.025409994390246417,0.025409994105469524
488,2.1916634366624934,0.23035310947015575,1.4744316878534391e-12,0.0,0.0,0.0,0.012996939328341717,0.01672101883884342,0.02461318557459593,0.022912599418070917,0.05738813714946827,0.0396390311004646,0.031113663314308117,0.02434533909133723,0.023965270783568606,0.025051911552511397,0.025665093942905327,0.025721477621830927,0.026054699499828003,0.025617392188096125,0.025451812553065677,0.025305119525467927,0.025272741524943413,0.02552084615786349,0.025660565596299534,0.025685391242487345,0.025728515325712093,0.025857197436275677,0.025659812212877806,0.025774464053361486,0.02579999864041783,0.02578578101961133,0.02578319910516159,0.0261041533458788,0.025869488776063168,0.02586318624941357,0.025814271993616925,0.025808094364337886,0.0256625795610612,0.02562815177653558,0.025582348324523645,0.025494851296926795,0.025492307812042692,0.025471231909965395,0.02545322223467931,0.025404298051717365,0.02537757091424674,0.02528297295063859,0.025314875541631938,0.025328180058901625,0.025340735272028687,0.025369463987779554,0.025418893490695968,0.025486356686737086,0.025463992420180076,0.025456538036200724,0.02544914601340346,0.025437988333366947,0.025407482842497806,0.02539994961779955,0.025398887090500224,0.02543501015545071,0.025454415226210676,0.025485302403902572,0.02550996570016795,0.025537900928810357,0.02561285417321443,0.025585042027543765,0.02558504201443632,0.02558504199484756,0.025585041982861843,0.02558504198321106,0.025585041984565703,0.025585042011273783,0.025585042029251607,0.025585042051430047,0.025585042090845424,0.025585042137205923,0.025585042170726338,0.025585042247064056,0.02558504224257749,0.02558504229471513,0.02558504237874673,0.025585042456951285,0.02558504251373048,0.025585042601478463,0.025585042637471786,0.0255850426878181,0.02558504280353681,0.02558504285395472,0.025585042934334553,0.025585042979280846,0.025585043066268208,0.025585043060910702,0.02558504310021202,0.025585043205533044,0.02558504325908326,0.025585043332060572,0.025585043377407322,0.025585043424448554,0.02558504347667445,0.02558504348959986,0.025585043572113438,0.02558504359927327
489,0.0,0.0,2.5708324358220125e-12,0.0,0.0,0.0,0.015413184011358352,0.020016861747144742,0.02754206710683014,0.023313849463253912,0.056608986052317414,0.03916862404926913,0.030886900538411578,0.024505039133683456,0.0243415457344124,0.02520158294316027,0.025839027774272372,0.025953003840954624,0.02642106224579592,0.025977009492216933,0.0258358704467323,0.025737897625681537,0.025714878647139026,0.025943763535991083,0.02600144004963652,0.026042845891055447,0.026067886378323104,0.02611661339764771,0.025809325714465987,0.025904990768538985,0.025899019854557545,0.025845439839988982,0.02578990106173989,0.026064283217800417,0.025820423844612195,0.025815086539583677,0.025775892854930194,0.025779013648847226,0.025687478343761568,0.02567590259317165,0.02563731954398644,0.025562337536601237,0.02560008212110821,0.02562045992309947,0.025686024619608377,0.025697771339364576,0.025735217395234905,0.025708600933756473,0.025738419335784586,0.0257438495761684,0.02576364814807919,0.0258014283481684,0.02584436660327734,0.02595144117635173,0.025930691697645118,0.02592284561090402,0.02591553087086938,0.025905425364047305,0.025878164054797606,0.02587077820346808,0.025851472411718188,0.025872692711920567,0.0258870624092819,0.025905657012759906,0.025916637791547105,0.025904307273639314,0.025924187757555364,0.02589598630431307,0.025895986284965946,0.025895986233670943,0.02589598617921552,0.02589598611209926,0.025895986048180056,0.025895985981452208,0.025895985873808675,0.025895985797233338,0.025895985693850303,0.025895985598793494,0.025895985483468702,0.02589598538684239,0.025895985187058358,0.025895985080533895,0.025895984993354833,0.025895984858540385,0.025895984717371708,0.025895984607013985,0.02589598440314929,0.02589598426006831,0.02589598415465316,0.025895984005414326,0.025895983895500584,0.025895983715105677,0.02589598358186719,0.02589598335203256,0.02589598321208149,0.025895983113844993,0.02589598294980598,0.025895982815803735,0.02589598265661877,0.025895982475850194,0.025895982308459898,0.02589598213901098,0.025895982008249663,0.025895981836400447
490,2.187309419614964,0.2685678266462105,2.5708324358220125e-12,0.0,0.0,0.0,0.015413184011358352,0.020016861747144742,0.02754206710683014,0.023313849463253912,0.056608986052317414,0.03916862404926913,0.030886900538411578,0.024505039133683456,0.0243415457344124,0.02520158294316027,0.025839027774272372,0.025953003840954624,0.02642106224579592,0.025977009492216933,0.0258358704467323,0.025737897625681537,0.025714878647139026,0.025943763535991083,0.02600144004963652,0.026042845891055447,0.026067886378323104,0.02611661339764771,0.025809325714465987,0.025904990768538985,0.025899019854557545,0.025845439839988982,0.02578990106173989,0.026064283217800417,0.025820423844612195,0.025815086539583677,0.025775892854930194,0.025779013648847226,0.025687478343761568,0.02567590259317165,0.02563731954398644,0.025562337536601237,0.02560008212110821,0.02562045992309947,0.025686024619608377,0.025697771339364576,0.025735217395234905,0.025708600933756473,0.025738419335784586,0.0257438495761684,0.02576364814807919,0.0258014283481684,0.02584436660327734,0.02595144117635173,0.025930691697645118,0.02592284561090402,0.02591553087086938,0.025905425364047305,0.025878164054797606,0.02587077820346808,0.025851472411718188,0.025872692711920567,0.0258870624092819,0.025905657012759906,0.025916637791547105,0.025904307273639314,0.025924187757555364,0.02589598630431307,0.025895986284965946,0.025895986233670943,0.02589598617921552,0.02589598611209926,0.025895986048180056,0.025895985981452208,0.025895985873808675,0.025895985797233338,0.025895985693850303,0.025895985598793494,0.025895985483468702,0.02589598538684239,0.025895985187058358,0.025895985080533895,0.025895984993354833,0.025895984858540385,0.025895984717371708,0.025895984607013985,0.02589598440314929,0.02589598426006831,0.02589598415465316,0.025895984005414326,0.025895983895500584,0.025895983715105677,0.02589598358186719,0.02589598335203256,0.02589598321208149,0.025895983113844993,0.02589598294980598,0.025895982815803735,0.02589598265661877,0.025895982475850194,0.025895982308459898,0.02589598213901098,0.025895982008249663,0.025895981836400447
491,2.182289126929278,0.30670073546059384,4.482636484226532e-12,0.0,0.0,0.0,0.01783927665790518,0.023317608009066352,0.030442058896401728,0.023665877084191125,0.055789655152336554,0.038675343412768855,0.030660405793072887,0.024702987964961863,0.02480001869589713,0.02545053094546918,0.02609947457036434,0.026245931768640825,0.026802169361610482,0.026354064186566613,0.026229001551887222,0.02615573674961782,0.026105544944334622,0.02626220575862258,0.026212235366380073,0.026288558326506433,0.026303718067210158,0.02630741118956158,0.02594799487205191,0.026039539097567687,0.02602654164146166,0.025970010606760078,0.02592297497186225,0.026285259322342065,0.02599323344517466,0.0259891099294287,0.02596207311507474,0.025980195265962083,0.02598691742079191,0.026051697859107128,0.026033711003402113,0.025980003988314765,0.026041993357083074,0.026080097421407062,0.02617311408489737,0.026203731299790662,0.02623728257934279,0.02618218516555252,0.02620572653221625,0.02619847368853129,0.026199224841494135,0.026206718059429986,0.026186841369188,0.026259287363908545,0.026239766142381736,0.026231818559364736,0.026224959989952248,0.026216544152159012,0.026194135889465172,0.026183572307255737,0.026126620223726423,0.026111555989270452,0.026119251744154488,0.02613266739547127,0.026139793026701504,0.026115358431637502,0.026127844051907878,0.02609195836163982,0.02609195834817567,0.02609195830896344,0.026091958281142018,0.026091958242874906,0.026091958219461427,0.026091958200595677,0.02609195816188539,0.026091958152624235,0.026091958121425958,0.0260919580956416,0.02609195805752124,0.026091958045996344,0.026091957952445857,0.026091957924869104,0.026091957927915223,0.026091957906406636,0.026091957871349263,0.026091957868005358,0.02609195780746443,0.02609195777442978,0.026091957792655673,0.026091957758109043,0.02609195776121297,0.026091957714935863,0.02609195771465749,0.02609195762396447,0.02609195759481637,0.026091957624230902,0.02609195759709912,0.026091957596771822,0.02609195757158378,0.02609195753867392,0.026091957520537133,0.02609195747661285,0.026091957490168696,0.026091957455807998
492,2.17660408783522,0.34474022025987916,7.816136626814796e-12,0.0,0.0,0.0,0.02027590761927722,0.02662608597071618,0.033322362941496875,0.023978270942180108,0.054933033567974986,0.03815991058815446,0.030430248841440417,0.024926374314610134,0.02531420405846776,0.02576129142369746,0.026407594389687216,0.026563757574153916,0.027175730762510758,0.026725828418584414,0.026612902789408983,0.02655351631860691,0.02646620908667872,0.026551891265450933,0.026426923604687198,0.026533558147418455,0.0265495280656045,0.02655473711760315,0.026196886573397825,0.026295955762549564,0.026291087469543443,0.02624936551596226,0.02623376099153338,0.02670347361319304,0.026366381209981648,0.026362650622905194,0.0263395780078014,0.026365495084738882,0.0264142814669845,0.026509757807102963,0.026496843636970697,0.02643804295299608,0.026489550154901505,0.02651272009424439,0.026576583234171496,0.026582127979112222,0.026572967560141922,0.026453398538536625,0.026473989039063492,0.02646310605165761,0.026448625029407574,0.026437517366522566,0.026405507643037902,0.026455035480078385,0.02643414497713085,0.026426516487036707,0.026419947988691198,0.026412003510738462,0.0263921286391984,0.0263835354283794,0.026332580580331534,0.0263231841399294,0.026331947746054806,0.02635107339236336,0.026367482939847708,0.026375581665010476,0.026428280019377137,0.026394384207590885,0.026394384200448637,0.026394384181201675,0.02639438418005807,0.026394384179163035,0.026394384190832225,0.026394384220497877,0.02639438424286674,0.026394384278681942,0.02639438432301258,0.02639438436904574,0.026394384396928327,0.026394384466024066,0.02639438445945474,0.026394384504632433,0.02639438457761803,0.026394384643662474,0.026394384691603615,0.026394384766884826,0.02639438480313524,0.02639438484586481,0.026394384947913924,0.026394384989230864,0.026394385064156235,0.026394385098431335,0.026394385178021913,0.026394385166371385,0.026394385199448478,0.026394385299606585,0.026394385345984598,0.02639438541538509,0.026394385457927067,0.026394385496982094,0.026394385544625167,0.02639438555529781,0.02639438563294909,0.026394385658155568
493,2.17025603405077,0.38267469384849984,1.3628487227634878e-11,0.0,0.0,0.0,0.022723709513510746,0.02994457533268063,0.036189735160115755,0.024257423793474234,0.054039607632654585,0.037621274233858006,0.030191978839838825,0.025164701148247103,0.02586650534748814,0.02611397672695171,0.02674554254786259,0.026894272954867533,0.027542983500408583,0.027092984056677222,0.026991283890912716,0.02694361018949406,0.026823354163838683,0.026858103159682508,0.02669810126141928,0.026823318437972067,0.02684633069912225,0.02687963278315091,0.02654506381967908,0.026654861477457954,0.026659167226583937,0.02662976166952918,0.026634603224929353,0.02716207517189778,0.02680200023890189,0.02679798351720536,0.02677212088372859,0.02679755353799803,0.02682798897163818,0.026901921904718,0.02688091798862044,0.026802839759623484,0.02683426650588163,0.026837997697857524,0.02687237219382263,0.026853843913958446,0.026823215911731698,0.026682338887292125,0.02670578157904804,0.02670074171176408,0.026690707767334083,0.026691967411390953,0.026705929335491103,0.026777199942350675,0.026753827120941993,0.026746364934328644,0.026739476556897814,0.02673030174069686,0.026707649886363666,0.026702522805830336,0.02667916636201789,0.02669720878802587,0.02670984330220594,0.026731979267861417,0.02675249580266216,0.02677891165054588,0.02684178850553651,0.026815476959342357,0.026815476948163466,0.026815476916878238,0.026815476890933037,0.026815476861086825,0.026815476833424653,0.026815476819207464,0.02681547677673773,0.026815476749858333,0.026815476735487762,0.026815476724161784,0.026815476683910548,0.026815476681312633,0.026815476587729505,0.026815476568075505,0.026815476566027476,0.02681547653965308,0.026815476505704518,0.026815476494603176,0.02681547642710202,0.02681547638436501,0.026815476387167293,0.026815476338503834,0.026815476326839602,0.02681547625700094,0.0268154762347979,0.026815476115640353,0.0268154760620827,0.02681547606415696,0.02681547600446413,0.026815475974008872,0.026815475915871623,0.026815475839574325,0.02681547577223,0.026815475686321914,0.02681547565124361,0.026815475571876673
494,2.1916634366624934,0.23035310947015575,1.4744316878534391e-12,0.0,0.0,0.0,0.012996939328341717,0.01672101883884342,0.02461318557459593,0.022912599418070917,0.05738813714946827,0.0396390311004646,0.031113663314308117,0.02434533909133723,0.023965270783568606,0.025051911552511397,0.025665093942905327,0.025721477621830927,0.026054699499828003,0.025617392188096125,0.025451812553065677,0.025305119525467927,0.025272741524943413,0.02552084615786349,0.025660565596299534,0.025685391242487345,0.025728515325712093,0.025857197436275677,0.025659812212877806,0.025774464053361486,0.02579999864041783,0.02578578101961133,0.02578319910516159,0.0261041533458788,0.025869488776063168,0.02586318624941357,0.025814271993616925,0.025808094364337886,0.0256625795610612,0.02562815177653558,0.025582348324523645,0.025494851296926795,0.025492307812042692,0.025471231909965395,0.02545322223467931,0.025404298051717365,0.02537757091424674,0.02528297295063859,0.025314875541631938,0.025328180058901625,0.025340735272028687,0.025369463987779554,0.025418893490695968,0.025486356686737086,0.025463992420180076,0.025456538036200724,0.02544914601340346,0.025437988333366947,0.025407482842497806,0.02539994961779955,0.025398887090500224,0.02543501015545071,0.025454415226210676,0.025485302403902572,0.02550996570016795,0.025537900928810357,0.02561285417321443,0.025585042027543765,0.02558504201443632,0.02558504199484756,0.025585041982861843,0.02558504198321106,0.025585041984565703,0.025585042011273783,0.025585042029251607,0.025585042051430047,0.025585042090845424,0.025585042137205923,0.025585042170726338,0.025585042247064056,0.02558504224257749,0.02558504229471513,0.02558504237874673,0.025585042456951285,0.02558504251373048,0.025585042601478463,0.025585042637471786,0.0255850426878181,0.02558504280353681,0.02558504285395472,0.025585042934334553,0.025585042979280846,0.025585043066268208,0.025585043060910702,0.02558504310021202,0.025585043205533044,0.02558504325908326,0.025585043332060572,0.025585043377407322,0.025585043424448554,0.02558504347667445,0.02558504348959986,0.025585043572113438,0.02558504359927327
495,2.1632468992546063,0.42049260101832125,2.376315810792562e-11,0.0,0.0,0.0,0.025183283706039835,0.03327504949848983,0.03904955946745455,0.024507961304367446,0.05310856900445254,0.03705743027930448,0.029940867596415274,0.02540867417710308,0.02644366519794562,0.026496286710838295,0.027103432817436254,0.027232276890891718,0.027907108876621355,0.027458284180360705,0.027368353374792175,0.027334221572685776,0.027189815345063255,0.027192692924098972,0.02702437320148851,0.027157674954462616,0.027189090717924483,0.02725597323301969,0.026942838876353015,0.027061141524209777,0.027068825118940265,0.02704137504220559,0.0270461247312803,0.027576970454896946,0.027213518795663916,0.027209151100986463,0.02717985754846562,0.027201480231107057,0.02719459042951158,0.02723085242622033,0.027201116494856212,0.027109655873988753,0.02713287542889162,0.027131608447468446,0.027165683240689114,0.027145653029731372,0.027126545569318993,0.027007175920525747,0.027034721641860902,0.027035285327130714,0.027036703189589104,0.02705755284073936,0.027112153143029553,0.027212755977967334,0.027188219107114997,0.02718054364361186,0.027173045295490483,0.027162283293100026,0.027134240739444707,0.027128408353247674,0.027110350534783553,0.02713446695909488,0.027146973062285144,0.027163705670132727,0.02717687894397468,0.02718679649156704,0.027219818437217935,0.02719688922609846,0.027196889208772355,0.027196889157866083,0.027196889101507225,0.0271968890338472,0.02719688896535261,0.02719688890189051,0.027196888795275966,0.027196888717300177,0.027196888634440333,0.027196888559185766,0.027196888455178325,0.02719688838125696,0.027196888211400212,0.027196888129123027,0.027196888065340888,0.027196887963393868,0.027196887862778553,0.027196887784063047,0.027196887644063656,0.027196887539246734,0.02719688746933803,0.027196887357295182,0.027196887286819533,0.027196887148579752,0.02719688706060285,0.02719688687602048,0.027196886769902846,0.027196886711798453,0.027196886589418774,0.02719688650166033,0.027196886388079985,0.02719688624875072,0.02719688612378524,0.027196885990267,0.027196885897417842,0.027196885765454447
496,0.0,0.0,8.456013667057505e-13,0.0,0.0,0.0,0.01058976923979034,0.01342632377661748,0.021641940644125356,0.022446405087718484,0.05811871729498938,0.040081367870270355,0.03134209169693877,0.02423875739998687,0.02371152474463384,0.02507139324298116,0.02565921765096548,0.02564501346108937,0.02579805587633329,0.025369895519881724,0.02516824163217862,0.024938091335065807,0.02482896902515255,0.024956513209309528,0.02502520059837305,0.025090934146355375,0.02514186644443008,0.025298629248626702,0.02517744257254419,0.025306821623298167,0.025362561024765844,0.02539860067195986,0.02547649879956658,0.02597434190378052,0.025686740914669593,0.025681250452186197,0.02564030280518232,0.025645458812834,0.025605101054003973,0.025700714803436386,0.025692288777337063,0.025652936441258885,0.02565905596070156,0.02563336917578571,0.02558149670386453,0.025520061389288175,0.025450829694797776,0.025298071423276523,0.02532783368741666,0.02533691322080869,0.025328362262780946,0.025315652162902883,0.025273678346774856,0.02525080080353818,0.025229823502730547,0.02522215958047536,0.025214888999034128,0.025204238142011906,0.02517270731508154,0.02515479756905301,0.025093793514957045,0.02506763721055183,0.02507761712470861,0.02510221272188117,0.0251174514621971,0.02510030439780689,0.025127288753026965,0.025077818301428467,0.02507781828409196,0.02507781824766148,0.025077818230952332,0.025077818211288832,0.025077818213373328,0.02507781823528045,0.025077818255433953,0.02507781829793163,0.025077818328563588,0.025077818362859723,0.025077818394707362,0.025077818454210057,0.02507781844505297,0.025077818482692187,0.025077818558646593,0.025077818627836715,0.025077818671049995,0.02507781875275474,0.02507781878365753,0.02507781883086556,0.025077818945257752,0.0250778189949463,0.025077819076933586,0.025077819129311743,0.025077819221988824,0.025077819226858252,0.02507781927464838,0.0250778193894717,0.025077819456473242,0.02507781954426195,0.025077819605842704,0.025077819673855722,0.025077819752350957,0.02507781978756503,0.025077819895017037,0.02507781994774174
497,2.1555788184970854,0.4581824220684692,4.143441145743054e-11,0.0,0.0,0.0,0.027655227375261125,0.036619340718867584,0.04190651987474718,0.024733763414703257,0.05213881245678284,0.036466275041781994,0.02967250761525678,0.025650208864686934,0.027035329174850676,0.02690010717400914,0.027475210016111695,0.027574929494756643,0.028269619918116863,0.02782297315371808,0.027745851202185805,0.02772837070943287,0.027568821318280607,0.027552156877996694,0.027387932612255077,0.02752222661501894,0.02756056864481589,0.027655105428180594,0.027353797237617092,0.027477047842476333,0.027482543252078766,0.02744864322862161,0.02743909922222875,0.027943882145065522,0.027586597249420274,0.027582242505746327,0.02755312366465198,0.02757210952761984,0.027543259666670112,0.02755426044723815,0.02752186115684819,0.027429004300510228,0.027457599734394673,0.027464173727407615,0.02751849800615287,0.02751135888862812,0.02751435889867383,0.027420462990232614,0.027449240190433315,0.027449139454947653,0.02745418919654075,0.027479750861127507,0.02753448142364692,0.027642255084744275,0.02761852786146604,0.02761061849347749,0.027602897517099403,0.027591797628373594,0.027561596376661057,0.02755266740012872,0.027517048358930797,0.027524702255894432,0.027533565175250265,0.027542840032794134,0.0275470221566001,0.027537292757276836,0.02754873772486594,0.02752504286486638,0.027525042849801805,0.027525042804886928,0.02752504275955575,0.027525042706733463,0.027525042657960474,0.027525042615613022,0.02752504254335949,0.02752504250149225,0.027525042446543243,0.02752504240100065,0.027525042331191466,0.027525042296449108,0.02752504217686189,0.027525042130690916,0.027525042109527748,0.02752504206095308,0.027525042010161316,0.027525041981212067,0.02752504191030781,0.02752504185848283,0.02752504184614111,0.027525041789622336,0.027525041773321386,0.027525041697461294,0.027525041673543083,0.02752504155998891,0.02752504151044313,0.027525041513019363,0.02752504145842141,0.027525041434665637,0.02752504138832638,0.02752504132412164,0.027525041275941912,0.02752504120823091,0.027525041189727456,0.02752504112588599
498,0.0,0.0,7.224670861560867e-11,0.0,0.0,0.0,0.030140160661791437,0.03997925652390292,0.044765023528820606,0.0249385344406898,0.05112940339374614,0.035845976584917484,0.029383000318355147,0.025882216131327174,0.027632965780134775,0.027319495772417154,0.02785649087110301,0.027919795930740583,0.028629795034816982,0.028186193737039344,0.028122916948974876,0.02812514700604477,0.027958147205363566,0.02792787050735078,0.027770675059566464,0.027901861177368432,0.027944660828013758,0.02805771598681895,0.02776040755983155,0.02788589789094039,0.027886712843743684,0.027843066971096987,0.027814486084136333,0.028287134044977832,0.027937588811225295,0.027933680538414146,0.027909016661808717,0.027928167684054712,0.027902589188935373,0.027907207628883268,0.027877249307344917,0.027789242395130715,0.027827364712835815,0.027843784493855814,0.02791775624468109,0.02792230261518549,0.02793787635245414,0.02785032266807855,0.027877572199223714,0.027872360863158006,0.027871536412442718,0.027886814432756618,0.027915369392189356,0.02801192700676508,0.02798999627806056,0.027982202901038415,0.027974921013031336,0.02796505729213933,0.02793843374869522,0.027928709110861132,0.027878039101248926,0.027871086604397906,0.02787655336447996,0.027882329371124913,0.02788389614272962,0.027875063806118185,0.02789521238771156,0.027871604767838884,0.027871604761199223,0.02787160473952298,0.027871604728847896,0.0278716047187444,0.027871604716659837,0.027871604725312547,0.027871604722991026,0.027871604741094177,0.027871604753105975,0.027871604771937383,0.027871604762910628,0.027871604799896248,0.02787160475934903,0.027871604775858944,0.027871604816285967,0.027871604843861753,0.027871604862362793,0.027871604900715042,0.02787160491291158,0.027871604927513362,0.02787160498793402,0.027871604999379646,0.027871605046796623,0.0278716050414195,0.027871605089754843,0.02787160505435261,0.02787160506682252,0.027871605134384386,0.027871605151623013,0.027871605193369394,0.027871605215255644,0.02787160522704046,0.027871605252358777,0.02787160524777564,0.02787160530173639,0.027871605302312856
499,2.1472541275498904,0.49573267631434237,7.224670861560867e-11,0.0,0.0,0.0,0.030140160661791437,0.03997925652390292,0.044765023528820606,0.0249385344406898,0.05112940339374614,0.035845976584917484,0.029383000318355147,0.025882216131327174,0.027632965780134775,0.027319495772417154,0.02785649087110301,0.027919795930740583,0.028629795034816982,0.028186193737039344,0.028122916948974876,0.02812514700604477,0.027958147205363566,0.02792787050735078,0.027770675059566464,0.027901861177368432,0.027944660828013758,0.02805771598681895,0.02776040755983155,0.02788589789094039,0.027886712843743684,0.027843066971096987,0.027814486084136333,0.028287134044977832,0.027937588811225295,0.027933680538414146,0.027909016661808717,0.027928167684054712,0.027902589188935373,0.027907207628883268,0.027877249307344917,0.027789242395130715,0.027827364712835815,0.027843784493855814,0.02791775624468109,0.02792230261518549,0.02793787635245414,0.02785032266807855,0.027877572199223714,0.027872360863158006,0.027871536412442718,0.027886814432756618,0.027915369392189356,0.02801192700676508,0.02798999627806056,0.027982202901038415,0.027974921013031336,0.02796505729213933,0.02793843374869522,0.027928709110861132,0.027878039101248926,0.027871086604397906,0.02787655336447996,0.027882329371124913,0.02788389614272962,0.027875063806118185,0.02789521238771156,0.027871604767838884,0.027871604761199223,0.02787160473952298,0.027871604728847896,0.0278716047187444,0.027871604716659837,0.027871604725312547,0.027871604722991026,0.027871604741094177,0.027871604753105975,0.027871604771937383,0.027871604762910628,0.027871604799896248,0.02787160475934903,0.027871604775858944,0.027871604816285967,0.027871604843861753,0.027871604862362793,0.027871604900715042,0.02787160491291158,0.027871604927513362,0.02787160498793402,0.027871604999379646,0.027871605046796623,0.0278716050414195,0.027871605089754843,0.02787160505435261,0.02787160506682252,0.027871605134384386,0.027871605151623013,0.027871605193369394,0.027871605215255644,0.02787160522704046,0.027871605252358777,0.02787160524777564,0.02787160530173639,0.027871605302312856
500,2.138275362194525,0.5331319255847399,1.259721771340594e-10,0.0,0.0,0.0,0.032638753518808475,0.04335666571971999,0.04762947231935641,0.025126127680658316,0.05007979374990689,0.03519512961895197,0.029068988618620673,0.02609837798049828,0.028229155058729333,0.02774959681269853,0.028243566087099815,0.02826424162088249,0.02898521035656853,0.02854547830535849,0.028496864478934188,0.02852129399553001,0.02835307216788554,0.028310845534368696,0.02815902969337005,0.028284902038855576,0.028329747165440084,0.028453249190359936,0.028156937498949864,0.028283318944597954,0.028279954170729843,0.028227549765888107,0.028181577240598762,0.02862729200815293,0.028283704039199,0.0282805208149663,0.02826304913099966,0.028284584090353185,0.02828044411394945,0.0282907510484891,0.028264625738418234,0.02818033754476489,0.028223697072561994,0.02824396380486251,0.028324418300831027,0.028332119480711727,0.02834776848056784,0.02825193724536256,0.028277635222245738,0.02826799192721371,0.02825907377902902,0.028261135675269587,0.02826595729700155,0.028349386949677084,0.02832912598032225,0.028321807493802798,0.028315357095439548,0.028307431236948954,0.028287721476866628,0.028280914410852922,0.028232426060293435,0.02822696888277822,0.028231034484954648,0.028236845013093044,0.028240614893678885,0.028245590329072943,0.028284746189426852,0.02826443926732212,0.028264439266792542,0.028264439258923565,0.02826443926610054,0.028264439274593576,0.028264439289851798,0.028264439314517945,0.02826443932979111,0.028264439357747157,0.028264439388842114,0.02826443942378886,0.028264439421691972,0.028264439470227304,0.028264439436673474,0.028264439461387018,0.028264439502794784,0.028264439531647444,0.02826443955188855,0.028264439588647033,0.02826443959950436,0.028264439611919694,0.028264439667546087,0.028264439675667875,0.028264439718255967,0.028264439703778708,0.02826443974515828,0.02826443970371903,0.028264439710632205,0.02826443976771315,0.028264439775477868,0.028264439807237373,0.028264439820494053,0.028264439821065628,0.028264439833674354,0.028264439819208124,0.028264439860780265,0.028264439848194538
501,2.128645257449897,0.5703687777060391,2.1965007590551977e-10,0.0,0.0,0.0,0.03515175199844785,0.046753565588249155,0.05050444349293503,0.025300727618770395,0.048989899821474656,0.0345127939970368,0.028727611287463338,0.026292932340431997,0.028817092004672296,0.028186020923044678,0.028632919142130765,0.028605302071326173,0.02933235560944984,0.028897328618769633,0.028863907689464337,0.028912329763454682,0.028747981890899457,0.028693263887762402,0.028543872481036396,0.028663139299589684,0.02870806286313056,0.02883628725553601,0.02854226138874629,0.028669240088505726,0.02866403182769985,0.028606166139841013,0.02854690001632281,0.028971992965690155,0.02863264414440491,0.028630261265444195,0.028620710855956355,0.028645458208610593,0.02866907327143923,0.02868823908662302,0.028664721129642346,0.028579746072918213,0.028621358273523752,0.02863791656513464,0.028711387170505222,0.02871538401672342,0.028726373014710736,0.02862290623724911,0.02864932248311123,0.028639178818615222,0.028626442109038756,0.028621342298531943,0.02861805241269998,0.028694041483246006,0.02867502007405109,0.02866829940706252,0.028662650294722192,0.028656353134429616,0.028642932076741318,0.028640488404850062,0.028606193272088604,0.028613263457402505,0.028617082797601924,0.028622981593147516,0.028628205834863002,0.02864170136489877,0.02868576245664466,0.028670581800016692,0.02867058179966246,0.02867058178718837,0.028670581784568376,0.028670581776866946,0.028670581772273454,0.028670581772165603,0.028670581750482232,0.028670581742993723,0.02867058174072013,0.028670581742847933,0.028670581703142666,0.028670581711092304,0.028670581629795713,0.028670581618140432,0.02867058161861511,0.028670581597817567,0.02867058157512707,0.028670581566079018,0.02867058152745325,0.02867058149657201,0.028670581500867393,0.028670581463842347,0.028670581462909545,0.028670581397001932,0.028670581388831558,0.02867058129635547,0.028670581261606525,0.028670581269023936,0.028670581225601732,0.028670581210790656,0.028670581178037845,0.02867058112440835,0.02867058108407878,0.028670581025161495,0.02867058101322119,0.028670580951628083
502,2.1183667467392002,0.607431889972363,3.8299058369162253e-10,0.0,0.0,0.0,0.03768000381141125,0.050172137833368005,0.0533948183152039,0.02546696718569711,0.04786013946512106,0.03379850737459251,0.0283564613333599,0.02646052642289453,0.029390290391858823,0.02862455101660248,0.029021070279349373,0.028939800932274776,0.02966720945450827,0.029237764458687105,0.029219775651077643,0.029293327853569515,0.029137228810089993,0.02906875503860285,0.02891926631220212,0.029030887346681286,0.029074391154724637,0.029203729611153823,0.02891592512748327,0.029043769072637907,0.02903976058224867,0.028980400814432792,0.02891180929136079,0.02931882248571545,0.028983540967738572,0.0289818838519666,0.028979514214700814,0.02900707496726933,0.029055568668495044,0.029081364403018208,0.029058691384349924,0.028969623610185305,0.029004280481918457,0.02901227694665407,0.02907137758343996,0.0290697245756767,0.029079201727945012,0.028978671973849516,0.02900852465754446,0.029001743804946727,0.02899079320943149,0.02898537018624639,0.028984633347088676,0.029055565426080707,0.029037731389252173,0.02903153019890625,0.029026445064684294,0.029021091382747388,0.029011294268528574,0.029011952703284334,0.02899167346826541,0.02901056442282343,0.02901396136792761,0.029018168494199137,0.029021413153967633,0.02903144050725587,0.029063510526406912,0.029053029641579894,0.0290530296384777,0.029053029614815342,0.029053029593971234,0.029053029562439655,0.029053029532001423,0.029053029503518873,0.02905302944408473,0.029053029404979065,0.029053029366942904,0.0290530293371558,0.029053029268145937,0.02905302924296701,0.029053029127643112,0.02905302908807305,0.02905302906132219,0.02905302900841359,0.029053028959236057,0.029053028921852377,0.029053028858463142,0.029053028803336534,0.029053028777674114,0.029053028715728336,0.029053028691264113,0.029053028598571874,0.029053028565132102,0.029053028447638952,0.02905302839206582,0.029053028373039948,0.029053028304091153,0.029053028267541206,0.02905302821412139,0.029053028134628466,0.029053028070287017,0.02905302799108128,0.02905302795309094,0.029053027868321556
503,2.1555788184970854,0.4581824220684692,4.143441145743054e-11,0.0,0.0,0.0,0.027655227375261125,0.036619340718867584,0.04190651987474718,0.024733763414703257,0.05213881245678284,0.036466275041781994,0.02967250761525678,0.025650208864686934,0.027035329174850676,0.02690010717400914,0.027475210016111695,0.027574929494756643,0.028269619918116863,0.02782297315371808,0.027745851202185805,0.02772837070943287,0.027568821318280607,0.027552156877996694,0.027387932612255077,0.02752222661501894,0.02756056864481589,0.027655105428180594,0.027353797237617092,0.027477047842476333,0.027482543252078766,0.02744864322862161,0.02743909922222875,0.027943882145065522,0.027586597249420274,0.027582242505746327,0.02755312366465198,0.02757210952761984,0.027543259666670112,0.02755426044723815,0.02752186115684819,0.027429004300510228,0.027457599734394673,0.027464173727407615,0.02751849800615287,0.02751135888862812,0.02751435889867383,0.027420462990232614,0.027449240190433315,0.027449139454947653,0.02745418919654075,0.027479750861127507,0.02753448142364692,0.027642255084744275,0.02761852786146604,0.02761061849347749,0.027602897517099403,0.027591797628373594,0.027561596376661057,0.02755266740012872,0.027517048358930797,0.027524702255894432,0.027533565175250265,0.027542840032794134,0.0275470221566001,0.027537292757276836,0.02754873772486594,0.02752504286486638,0.027525042849801805,0.027525042804886928,0.02752504275955575,0.027525042706733463,0.027525042657960474,0.027525042615613022,0.02752504254335949,0.02752504250149225,0.027525042446543243,0.02752504240100065,0.027525042331191466,0.027525042296449108,0.02752504217686189,0.027525042130690916,0.027525042109527748,0.02752504206095308,0.027525042010161316,0.027525041981212067,0.02752504191030781,0.02752504185848283,0.02752504184614111,0.027525041789622336,0.027525041773321386,0.027525041697461294,0.027525041673543083,0.02752504155998891,0.02752504151044313,0.027525041513019363,0.02752504145842141,0.027525041434665637,0.02752504138832638,0.02752504132412164,0.027525041275941912,0.02752504120823091,0.027525041189727456,0.02752504112588599
504,2.107442960996367,0.6443099726006765,6.67797539488646e-10,0.0,0.0,0.0,0.040224483091088024,0.05361479795821916,0.056305882651348775,0.02563001979674535,0.04669146941589875,0.033052306855516494,0.027953572982491598,0.026596138926328,0.029942426064979998,0.029061029733623286,0.029404574089390064,0.029264536269778832,0.02998567529237285,0.029562742016325173,0.029560152545773054,0.029659399729115306,0.029515528423214955,0.029432192826417784,0.029281206765269286,0.029384029380083915,0.029424962161271096,0.02955318396151669,0.029276643031319483,0.029405778786308418,0.029405986337156804,0.029348835542855563,0.02927370147905688,0.029660630906373366,0.029330906183137613,0.029329827493534497,0.029333194714990282,0.029362456477880258,0.029428451686917836,0.029457299082250143,0.029434546323386875,0.029340981789485233,0.029366721961788463,0.02936494014304376,0.029408467369269553,0.02940274081155918,0.029416673113271823,0.02932997196698381,0.029364990747305787,0.029363463902572894,0.029357470803478062,0.02935454783590225,0.0293561124484049,0.029418575243515318,0.029402341100826707,0.029396542916188866,0.02939184790463158,0.029387011934406404,0.02937874831175168,0.029380386698925683,0.029367247216769296,0.029390970232182644,0.029393315283754176,0.029394758551814344,0.029393881652202743,0.029394507741505933,0.02941059713653569,0.029403384553820997,0.029403384549493462,0.02940338452208334,0.02940338449497801,0.029403384456993604,0.029403384420665236,0.029403384387235984,0.029403384324350662,0.029403384285294903,0.029403384241903526,0.029403384210895202,0.029403384145454205,0.029403384123922863,0.029403384016470392,0.02940338398140821,0.02940338396123348,0.029403383917611225,0.029403383878460962,0.029403383849672424,0.029403383804596787,0.029403383761193093,0.029403383746129958,0.0294033836965095,0.029403383683320485,0.02940338360330452,0.029403383584347947,0.029403383484871207,0.029403383443021895,0.029403383434321206,0.029403383380196074,0.029403383358111886,0.029403383321665342,0.02940338325953646,0.02940338321320226,0.029403383149614416,0.029403383127321523,0.02940338305629546
505,0.0,0.0,2.376315810792562e-11,0.0,0.0,0.0,0.025183283706039835,0.03327504949848983,0.03904955946745455,0.024507961304367446,0.05310856900445254,0.03705743027930448,0.029940867596415274,0.02540867417710308,0.02644366519794562,0.026496286710838295,0.027103432817436254,0.027232276890891718,0.027907108876621355,0.027458284180360705,0.027368353374792175,0.027334221572685776,0.027189815345063255,0.027192692924098972,0.02702437320148851,0.027157674954462616,0.027189090717924483,0.02725597323301969,0.026942838876353015,0.027061141524209777,0.027068825118940265,0.02704137504220559,0.0270461247312803,0.027576970454896946,0.027213518795663916,0.027209151100986463,0.02717985754846562,0.027201480231107057,0.02719459042951158,0.02723085242622033,0.027201116494856212,0.027109655873988753,0.02713287542889162,0.027131608447468446,0.027165683240689114,0.027145653029731372,0.027126545569318993,0.027007175920525747,0.027034721641860902,0.027035285327130714,0.027036703189589104,0.02705755284073936,0.027112153143029553,0.027212755977967334,0.027188219107114997,0.02718054364361186,0.027173045295490483,0.027162283293100026,0.027134240739444707,0.027128408353247674,0.027110350534783553,0.02713446695909488,0.027146973062285144,0.027163705670132727,0.02717687894397468,0.02718679649156704,0.027219818437217935,0.02719688922609846,0.027196889208772355,0.027196889157866083,0.027196889101507225,0.0271968890338472,0.02719688896535261,0.02719688890189051,0.027196888795275966,0.027196888717300177,0.027196888634440333,0.027196888559185766,0.027196888455178325,0.02719688838125696,0.027196888211400212,0.027196888129123027,0.027196888065340888,0.027196887963393868,0.027196887862778553,0.027196887784063047,0.027196887644063656,0.027196887539246734,0.02719688746933803,0.027196887357295182,0.027196887286819533,0.027196887148579752,0.02719688706060285,0.02719688687602048,0.027196886769902846,0.027196886711798453,0.027196886589418774,0.02719688650166033,0.027196886388079985,0.02719688624875072,0.02719688612378524,0.027196885990267,0.027196885897417842,0.027196885765454447
506,2.0958772277123563,0.6809917921697647,1.164398244490883e-09,0.0,0.0,0.0,0.042786314368365656,0.057084240905288235,0.05924341356522658,0.025795686806568605,0.045485439902016374,0.03227477278599225,0.027517442802194703,0.02669505953961965,0.03046727012442671,0.02949133691030804,0.02978007439331476,0.029576453552354776,0.030283872306448276,0.029868434644813566,0.029880957963002615,0.030005961072683676,0.029878096661579194,0.029779382314008885,0.029626723912305336,0.02971933307789132,0.029756746608315364,0.02988227008518018,0.029622099991188484,0.029752866452403423,0.029759932161244132,0.02970808092178776,0.02962794832718894,0.029989499914797865,0.02966797258743701,0.029667310828517857,0.02967484497207974,0.029704457289630545,0.02977980160252328,0.029809218921026174,0.029786676527402616,0.02969112931629535,0.029708616709210697,0.02969841423423426,0.029728529157721777,0.029721102106818827,0.029743675820607305,0.029676205623098237,0.02971674420934551,0.02972039007013699,0.029719479973822342,0.029718005161823487,0.029715025506871134,0.029763741902162598,0.029749650334229303,0.029744211392302315,0.02973990336426542,0.029735613252173398,0.02972853396800889,0.029729913249686962,0.029718039852737868,0.029740870864656228,0.029741846053052672,0.029740917348717293,0.029736243439027015,0.02972979958740027,0.029737264356677295,0.029732252232779952,0.029732252230434495,0.02973225221020764,0.029732252192804117,0.029732252167820637,0.0297322521460077,0.029732252127971533,0.029732252088457464,0.02973225207121658,0.029732252045999503,0.029732252035248864,0.029732251991635556,0.029732251995228155,0.029732251916344675,0.029732251903217034,0.029732251905121923,0.02973225188899307,0.029732251875067357,0.029732251869834397,0.029732251857773385,0.029732251839517717,0.02973225185028366,0.02973225182686465,0.02973225183693385,0.02973225178190308,0.029732251790534542,0.02973225172427915,0.0297322517084565,0.029732251721633116,0.029732251695542274,0.029732251698269017,0.029732251690520514,0.029732251660118704,0.02973225164530253,0.02973225160940646,0.029732251616955932,0.029732251570762577
507,0.0,0.0,2.0302908243508e-09,0.0,0.0,0.0,0.04536679580878331,0.06058348462641733,0.062213759873660075,0.02597048930030428,0.04424426994473536,0.0314670954405832,0.02704708014433469,0.02675290905004558,0.030958672133466116,0.02991139815201483,0.030144361414232275,0.029872770015170608,0.03055830379628996,0.030151395584880395,0.030178500786179015,0.030328852908658648,0.030220653929476822,0.030106779931701973,0.029953344787978797,0.030034041632066348,0.030067078619246127,0.030188445344605398,0.02994926398986262,0.030081799071406953,0.030097901479799332,0.030053825684683892,0.02996939852036252,0.03029875259175103,0.02998858418499433,0.02998819297324735,0.029998483082024532,0.030027151875938293,0.030104853600286113,0.030134171490927824,0.030113086428145704,0.030019904343552523,0.030031129344576843,0.030014932670403647,0.030034366912768666,0.030026517889709555,0.030058264044379876,0.030009264212427073,0.03005466812015988,0.030062420272406975,0.03006501554537181,0.030062580768019057,0.03004838287763469,0.030080696239841744,0.030069044094689256,0.030063997194319354,0.030060183597712706,0.030056730900739705,0.030051768497831803,0.030052988149664898,0.030040876053656167,0.030061610358081338,0.03006131532183004,0.030059017756410976,0.03005204211040383,0.030043633895864386,0.03005108616327527,0.03004810530523667,0.0300481053068885,0.03004810529934439,0.030048105299009913,0.030048105293872193,0.030048105292732327,0.030048105293236375,0.03004810527908428,0.03004810528288975,0.030048105276823268,0.03004810528527738,0.03004810525876668,0.030048105282940798,0.030048105224260085,0.030048105227769094,0.030048105244876482,0.030048105247011254,0.030048105249488477,0.030048105258622455,0.03004810526706905,0.03004810526430838,0.0300481052901142,0.0300481052830923,0.030048105306310236,0.030048105263939473,0.030048105288461528,0.03004810524398279,0.030048105245108057,0.030048105268814074,0.030048105259093343,0.030048105274822105,0.030048105284622765,0.030048105274022536,0.030048105279052346,0.030048105261328256,0.030048105287500022,0.030048105254890087
508,2.0836730699215655,0.7174661750420426,2.0302908243508e-09,0.0,0.0,0.0,0.04536679580878331,0.06058348462641733,0.062213759873660075,0.02597048930030428,0.04424426994473536,0.0314670954405832,0.02704708014433469,0.02675290905004558,0.030958672133466116,0.02991139815201483,0.030144361414232275,0.029872770015170608,0.03055830379628996,0.030151395584880395,0.030178500786179015,0.030328852908658648,0.030220653929476822,0.030106779931701973,0.029953344787978797,0.030034041632066348,0.030067078619246127,0.030188445344605398,0.02994926398986262,0.030081799071406953,0.030097901479799332,0.030053825684683892,0.02996939852036252,0.03029875259175103,0.02998858418499433,0.02998819297324735,0.029998483082024532,0.030027151875938293,0.030104853600286113,0.030134171490927824,0.030113086428145704,0.030019904343552523,0.030031129344576843,0.030014932670403647,0.030034366912768666,0.030026517889709555,0.030058264044379876,0.030009264212427073,0.03005466812015988,0.030062420272406975,0.03006501554537181,0.030062580768019057,0.03004838287763469,0.030080696239841744,0.030069044094689256,0.030063997194319354,0.030060183597712706,0.030056730900739705,0.030051768497831803,0.030052988149664898,0.030040876053656167,0.030061610358081338,0.03006131532183004,0.030059017756410976,0.03005204211040383,0.030043633895864386,0.03005108616327527,0.03004810530523667,0.0300481053068885,0.03004810529934439,0.030048105299009913,0.030048105293872193,0.030048105292732327,0.030048105293236375,0.03004810527908428,0.03004810528288975,0.030048105276823268,0.03004810528527738,0.03004810525876668,0.030048105282940798,0.030048105224260085,0.030048105227769094,0.030048105244876482,0.030048105247011254,0.030048105249488477,0.030048105258622455,0.03004810526706905,0.03004810526430838,0.0300481052901142,0.0300481052830923,0.030048105306310236,0.030048105263939473,0.030048105288461528,0.03004810524398279,0.030048105245108057,0.030048105268814074,0.030048105259093343,0.030048105274822105,0.030048105284622765,0.030048105274022536,0.030048105279052346,0.030048105261328256,0.030048105287500022,0.030048105254890087
509,2.0708342051286825,0.7537220107671515,3.5400953835029725e-09,0.0,0.0,0.0,0.04796742179543766,0.064115912541997,0.06522392091078444,0.02616176742029674,0.04297094166333049,0.03063116138135846,0.026542080189346194,0.026765686218806956,0.0314105675481827,0.03031719355325873,0.0304944074992508,0.030151045316589062,0.03080593760737766,0.0304086353976136,0.030449546930453285,0.03062437757661832,0.030539375317628847,0.03041129340469298,0.03025882823153775,0.030325672412023344,0.030353499351164912,0.03046907231729625,0.030254793055026513,0.030389005401128977,0.030415898785361238,0.030381602902495905,0.03029323618243746,0.030583558583800127,0.030287917417235768,0.030287671133317796,0.030299516749631668,0.030326123749118368,0.03040081407374022,0.03043080687199062,0.030412916386546647,0.030327100967897175,0.030334311730748763,0.03031454207903295,0.030325106293990697,0.0303165004779858,0.030354763669091844,0.030319545711199474,0.030368732813491534,0.03037950734775468,0.030383890734275686,0.03037892920017289,0.03035090751427383,0.030368459064234177,0.030359127108741602,0.03035452608512511,0.03035130931489493,0.03034895808253733,0.03034723361553868,0.030349184571750773,0.030338691679311983,0.03035959974488596,0.03035829061587282,0.030355192988536946,0.03034693887735196,0.030338917142889433,0.03034896009295398,0.030348546234020633,0.0303485462396584,0.030348546243632864,0.03034854625819366,0.03034854626861164,0.030348546282907625,0.030348546294211978,0.030348546293541216,0.030348546306972174,0.030348546308805898,0.0303485463247877,0.03034854630306181,0.030348546333853397,0.030348546278985488,0.030348546286628034,0.030348546306690476,0.030348546311841067,0.0303485463172266,0.030348546327106204,0.03034854634049652,0.03034854634012514,0.03034854636624471,0.03034854636231305,0.030348546385918045,0.030348546341873315,0.030348546368031245,0.03034854633041675,0.030348546336562195,0.03034854635742663,0.030348546349880264,0.03034854636549587,0.030348546379720995,0.030348546374096314,0.03034854638479604,0.030348546373205873,0.03034854640371698,0.030348546371732676
510,2.0573645441762958,0.7897482554663119,6.172650335312113e-09,0.0,0.0,0.0,0.05058990494260399,0.06768531541439558,0.06828162562915185,0.026377787755004208,0.04166931049963742,0.029769655608226808,0.026002713733317185,0.026729831762706897,0.031816994537761246,0.03070475287520751,0.03082737449745475,0.030409205509694972,0.031024229498625256,0.03063764348684987,0.030691333707438342,0.030889290462337696,0.030830829083899464,0.030690158890960342,0.03054106901969888,0.030591943730900812,0.03061372246266646,0.030721556956085607,0.030535354920211286,0.030670937468386176,0.03071002917105333,0.030687210036789155,0.03059532076397386,0.030840803855737377,0.03056252191536875,0.03056230824468524,0.030574642399787036,0.030598251881299745,0.030665816628016804,0.030697911548130608,0.03068502464529258,0.03061137585195132,0.030616524320907817,0.030595146997292353,0.0305975361305502,0.03058669057740175,0.030627181678979026,0.03059982408033517,0.03065171879994212,0.030664874820831838,0.030670017344491603,0.030662538906047455,0.030622210278277436,0.03062980249991714,0.030622325644035296,0.030618195418507223,0.03061560022809757,0.030614419086970237,0.030616469537945116,0.030620083267171815,0.030613923006533716,0.030638230806390675,0.030636114423413702,0.030632052440346294,0.030622492436188423,0.030613072338022823,0.0306218103057623,0.030624714110452086,0.030624714118773804,0.03062471412987394,0.03062471415305788,0.030624714171934856,0.030624714194373702,0.03062471420947832,0.030624714213190365,0.03062471422918827,0.030624714230530717,0.030624714246781707,0.030624714224695888,0.030624714255458298,0.030624714198264468,0.03062471420474556,0.030624714223444365,0.030624714226667207,0.0306247142308789,0.030624714237567116,0.030624714252516425,0.030624714251180907,0.030624714273882876,0.030624714269711535,0.030624714290814217,0.030624714242462044,0.03062471426725346,0.030624714232970328,0.030624714241275792,0.03062471425670615,0.03062471424843909,0.03062471426163784,0.03062471427770095,0.030624714273813473,0.030624714287231868,0.030624714279096323,0.030624714310696036,0.030624714277042605
511,2.043268190053615,0.8255339351963941,1.0762877367120893e-08,0.0,0.0,0.0,0.05323619759360393,0.07129593287856194,0.07139541295670468,0.026627858311389065,0.040344228654767764,0.028886176478507646,0.025430029800024803,0.026642303953954945,0.03217211349462266,0.031070133911661118,0.031140594586878408,0.030645530932028642,0.031211111926567607,0.030836375319765245,0.03090155338685795,0.0311207716886714,0.03109192141271697,0.030940875591688607,0.030798090197028245,0.03083076724945881,0.03084565249559436,0.030943471547006166,0.030787809964795205,0.0309242651713533,0.030976679575037625,0.030966849552368808,0.03087219864231091,0.031068697991172543,0.03081006470452288,0.030809773472489945,0.030821550132504,0.030841369747217483,0.030898323924613637,0.03093381450847968,0.030927523593668998,0.03087014819314482,0.03087474983070032,0.03085326323738902,0.030847599339589353,0.030832731847286705,0.030871146112468977,0.030846400051587876,0.030900131147449245,0.03091544424171388,0.030921034050812812,0.030912126603437024,0.030862890875896144,0.030866079280747964,0.030859858553236023,0.03085618064148022,0.030854152750100124,0.030854021516691206,0.03085967108724072,0.030865477647057833,0.030865435331390856,0.03089550818017149,0.030892751945403987,0.030887292605857427,0.030875893161097727,0.030861439203738208,0.030862411844003217,0.030869126647232143,0.030869126656629244,0.030869126670390167,0.030869126696306842,0.03086912671876711,0.030869126744984505,0.03086912676220602,0.03086912676943405,0.030869126789107016,0.030869126789332922,0.030869126806871764,0.030869126788199017,0.030869126822081212,0.030869126767881477,0.03086912677663197,0.030869126797732224,0.030869126804285177,0.030869126812167597,0.03086912682076499,0.03086912684406266,0.03086912684699522,0.030869126872276692,0.030869126873251013,0.030869126897348557,0.030869126851539395,0.030869126881226297,0.030869126856320966,0.030869126871579115,0.03086912688782334,0.030869126885246442,0.030869126902244373,0.030869126926005224,0.030869126930133214,0.030869126952375064,0.03086912695274757,0.030869126991437113,0.030869126962477716
512,2.0958772277123563,0.6809917921697647,1.164398244490883e-09,0.0,0.0,0.0,0.042786314368365656,0.057084240905288235,0.05924341356522658,0.025795686806568605,0.045485439902016374,0.03227477278599225,0.027517442802194703,0.02669505953961965,0.03046727012442671,0.02949133691030804,0.02978007439331476,0.029576453552354776,0.030283872306448276,0.029868434644813566,0.029880957963002615,0.030005961072683676,0.029878096661579194,0.029779382314008885,0.029626723912305336,0.02971933307789132,0.029756746608315364,0.02988227008518018,0.029622099991188484,0.029752866452403423,0.029759932161244132,0.02970808092178776,0.02962794832718894,0.029989499914797865,0.02966797258743701,0.029667310828517857,0.02967484497207974,0.029704457289630545,0.02977980160252328,0.029809218921026174,0.029786676527402616,0.02969112931629535,0.029708616709210697,0.02969841423423426,0.029728529157721777,0.029721102106818827,0.029743675820607305,0.029676205623098237,0.02971674420934551,0.02972039007013699,0.029719479973822342,0.029718005161823487,0.029715025506871134,0.029763741902162598,0.029749650334229303,0.029744211392302315,0.02973990336426542,0.029735613252173398,0.02972853396800889,0.029729913249686962,0.029718039852737868,0.029740870864656228,0.029741846053052672,0.029740917348717293,0.029736243439027015,0.02972979958740027,0.029737264356677295,0.029732252232779952,0.029732252230434495,0.02973225221020764,0.029732252192804117,0.029732252167820637,0.0297322521460077,0.029732252127971533,0.029732252088457464,0.02973225207121658,0.029732252045999503,0.029732252035248864,0.029732251991635556,0.029732251995228155,0.029732251916344675,0.029732251903217034,0.029732251905121923,0.02973225188899307,0.029732251875067357,0.029732251869834397,0.029732251857773385,0.029732251839517717,0.02973225185028366,0.02973225182686465,0.02973225183693385,0.02973225178190308,0.029732251790534542,0.02973225172427915,0.0297322517084565,0.029732251721633116,0.029732251695542274,0.029732251698269017,0.029732251690520514,0.029732251660118704,0.02973225164530253,0.02973225160940646,0.029732251616955932,0.029732251570762577
513,2.028549436646661,0.8610681492926886,1.8766578624429542e-08,0.0,0.0,0.0,0.055908512791096474,0.07495249464722127,0.07457471359661844,0.02692245027375638,0.03900167986565177,0.027985361505569302,0.02482596900253035,0.02650066359895282,0.03247022791346844,0.031409386453331724,0.031431530100165236,0.030858618090392687,0.031364962179789076,0.031003218875234374,0.031078319156948215,0.03131638938510806,0.031319851202368604,0.03116117628032775,0.031028072942557907,0.03104026712814159,0.031047417890008266,0.031132634263102726,0.03100927224511212,0.03114593093970223,0.031212535985612532,0.031217083225792325,0.031120938195927456,0.03126636032577554,0.0310289943396869,0.031028509161789834,0.031038619067342833,0.031053965536591375,0.0310969590267292,0.031136424664772584,0.0311379288202652,0.03109997230523039,0.03110514572675123,0.031084724214792036,0.031071231685996584,0.031051033575505788,0.03108424426405573,0.0310585212019892,0.031113463739587108,0.031130882050712207,0.031136965964304358,0.031127858784567038,0.03107244537181652,0.031075307517296796,0.031069834675061164,0.03106655962892682,0.031065005868772297,0.031065717956521546,0.031074360365402166,0.031082394433721162,0.031088737066639213,0.031125432552472267,0.03112230385111769,0.03111547244945969,0.031102160109344103,0.03108058457995511,0.031069333578013832,0.031079768914296126,0.03107976892338232,0.031079768936222284,0.03107976896036362,0.0310797689831498,0.03107976901039962,0.031079769030067907,0.031079769042346557,0.031079769068598065,0.03107976906995198,0.03107976909206832,0.03107976908180608,0.031079769123561193,0.03107976907901778,0.031079769094714535,0.031079769122400645,0.03107976913806811,0.03107976915480504,0.03107976917066184,0.031079769208874074,0.03107976922124001,0.031079769255024755,0.031079769266294296,0.0310797692986871,0.031079769261930422,0.03107976930231204,0.03107976929210837,0.03107976931850081,0.03107976934147044,0.031079769350416106,0.031079769376921022,0.03107976941351026,0.031079769431031527,0.031079769467148226,0.031079769480209893,0.031079769531148615,0.031079769512704077
514,0.0,0.0,6.67797539488646e-10,0.0,0.0,0.0,0.040224483091088024,0.05361479795821916,0.056305882651348775,0.02563001979674535,0.04669146941589875,0.033052306855516494,0.027953572982491598,0.026596138926328,0.029942426064979998,0.029061029733623286,0.029404574089390064,0.029264536269778832,0.02998567529237285,0.029562742016325173,0.029560152545773054,0.029659399729115306,0.029515528423214955,0.029432192826417784,0.029281206765269286,0.029384029380083915,0.029424962161271096,0.02955318396151669,0.029276643031319483,0.029405778786308418,0.029405986337156804,0.029348835542855563,0.02927370147905688,0.029660630906373366,0.029330906183137613,0.029329827493534497,0.029333194714990282,0.029362456477880258,0.029428451686917836,0.029457299082250143,0.029434546323386875,0.029340981789485233,0.029366721961788463,0.02936494014304376,0.029408467369269553,0.02940274081155918,0.029416673113271823,0.02932997196698381,0.029364990747305787,0.029363463902572894,0.029357470803478062,0.02935454783590225,0.0293561124484049,0.029418575243515318,0.029402341100826707,0.029396542916188866,0.02939184790463158,0.029387011934406404,0.02937874831175168,0.029380386698925683,0.029367247216769296,0.029390970232182644,0.029393315283754176,0.029394758551814344,0.029393881652202743,0.029394507741505933,0.02941059713653569,0.029403384553820997,0.029403384549493462,0.02940338452208334,0.02940338449497801,0.029403384456993604,0.029403384420665236,0.029403384387235984,0.029403384324350662,0.029403384285294903,0.029403384241903526,0.029403384210895202,0.029403384145454205,0.029403384123922863,0.029403384016470392,0.02940338398140821,0.02940338396123348,0.029403383917611225,0.029403383878460962,0.029403383849672424,0.029403383804596787,0.029403383761193093,0.029403383746129958,0.0294033836965095,0.029403383683320485,0.02940338360330452,0.029403383584347947,0.029403383484871207,0.029403383443021895,0.029403383434321206,0.029403383380196074,0.029403383358111886,0.029403383321665342,0.02940338325953646,0.02940338321320226,0.029403383149614416,0.029403383127321523,0.02940338305629546
515,2.013212767430304,0.8963400736893541,3.2722148546326935e-08,0.0,0.0,0.0,0.05860934461913833,0.07866026118395178,0.07782993291770013,0.027273325574143848,0.03764892430538886,0.027073022984910475,0.024193486871100667,0.026303168320101447,0.032705808646415035,0.03171850730088624,0.03169771943564798,0.031047324165086366,0.03148455748607256,0.031136947860079554,0.03122012008369524,0.03147405817457954,0.03151207127693497,0.03134901631972741,0.031229399871896192,0.03121880766886084,0.03121740437054489,0.0312871519683178,0.031197090308218788,0.031333114740142984,0.031414500967354916,0.03143468076944692,0.03133888025030655,0.031433451152485664,0.0312182032740886,0.031217399848455202,0.031224652044744925,0.031234952912710116,0.03126062747937253,0.031303631841368446,0.03131362673919429,0.03129707301428647,0.03130355469468666,0.031285114323920706,0.03126449877303039,0.031238576110475466,0.031265278911748504,0.031237077559749672,0.03129286033290683,0.03131232367377022,0.03131902223658915,0.031310446722702674,0.031249418760267825,0.03125328867674658,0.031248285119048768,0.03124534718827451,0.031244169735493696,0.03124551614961604,0.03125638385464488,0.03126622058910565,0.031277687221441995,0.03132029025869493,0.031317262473909036,0.031310011904762236,0.03129582058067399,0.03126884619727186,0.031245765635146208,0.03125909670299438,0.03125909671078455,0.03125909671985941,0.03125909673854563,0.03125909675768269,0.0312590967818477,0.03125909680145016,0.03125909681516933,0.03125909684525385,0.03125909684644966,0.03125909687165201,0.031259096868421356,0.03125909691611182,0.03125909687975935,0.031259096901093186,0.031259096933405096,0.03125909695627213,0.031259096980279615,0.031259097001745645,0.031259097053230794,0.031259097073233114,0.03125909711351112,0.0312590971328702,0.031259097171912956,0.03125909714285445,0.03125909719175822,0.03125909719277358,0.031259097227372565,0.0312590972554819,0.03125909727347265,0.03125909730778483,0.031259097354514605,0.0312590973817206,0.031259097427787715,0.03125909744998912,0.03125909750936926,0.03125909749938927
516,0.0,0.0,5.705563149716042e-08,0.0,0.0,0.0,0.061341487696541436,0.0824250634006487,0.08117253409459374,0.0276936690033094,0.03629465258918505,0.02615629270791161,0.023536686954379507,0.026048877191151145,0.03287352540978108,0.03199339355962505,0.031936717091327824,0.031210702057499703,0.03156902140612771,0.031236666111248645,0.03132576825370532,0.03159199249052215,0.03166624914825251,0.0315025677328138,0.03140070448755779,0.03136502431238045,0.03135428907394051,0.03140545141751071,0.03134879934283241,0.03148316659124727,0.031579573557512716,0.031616426340214616,0.03152335097013631,0.03156981060565344,0.031376681375220414,0.03137543419630268,0.031378620580660516,0.03138346545743621,0.03138875988686782,0.03143385694953562,0.03145246817376334,0.031457931729166264,0.03146596744359663,0.03145004535046408,0.031423378482331184,0.03139225799544247,0.031413056273212864,0.0313831022543239,0.03143965144216113,0.03146112658100774,0.031468679341338374,0.031460909295475126,0.03139282353326616,0.03139626451826945,0.03139168559792766,0.031389001932071836,0.03138809596635185,0.031389859017393225,0.03140199836004501,0.03141273571576991,0.031426497477980674,0.031472650751749265,0.0314703664027612,0.03146449753039365,0.03145148316323077,0.03142465077730595,0.0313953386111958,0.03141004883355306,0.031410048839634476,0.03141004884327362,0.03141004885415651,0.03141004886515215,0.03141004888083997,0.03141004889444387,0.03141004889995782,0.0314100489245188,0.03141004891974698,0.03141004894068101,0.03141004893576406,0.03141004897976418,0.03141004894089669,0.03141004895972322,0.03141004898821996,0.03141004900814549,0.031410049030655765,0.03141004904864311,0.03141004910323492,0.03141004912180728,0.03141004915823531,0.03141004917585381,0.031410049212606546,0.03141004918162183,0.03141004922861398,0.031410049228416316,0.03141004926108941,0.031410049284859236,0.03141004930080012,0.03141004933343996,0.0314100493795891,0.031410049403523314,0.03141004944654191,0.03141004946650727,0.03141004952133821,0.031410049509474985
517,1.9972628541025583,0.9313389642165326,5.705563149716042e-08,0.0,0.0,0.0,0.061341487696541436,0.0824250634006487,0.08117253409459374,0.0276936690033094,0.03629465258918505,0.02615629270791161,0.023536686954379507,0.026048877191151145,0.03287352540978108,0.03199339355962505,0.031936717091327824,0.031210702057499703,0.03156902140612771,0.031236666111248645,0.03132576825370532,0.03159199249052215,0.03166624914825251,0.0315025677328138,0.03140070448755779,0.03136502431238045,0.03135428907394051,0.03140545141751071,0.03134879934283241,0.03148316659124727,0.031579573557512716,0.031616426340214616,0.03152335097013631,0.03156981060565344,0.031376681375220414,0.03137543419630268,0.031378620580660516,0.03138346545743621,0.03138875988686782,0.03143385694953562,0.03145246817376334,0.031457931729166264,0.03146596744359663,0.03145004535046408,0.031423378482331184,0.03139225799544247,0.031413056273212864,0.0313831022543239,0.03143965144216113,0.03146112658100774,0.031468679341338374,0.031460909295475126,0.03139282353326616,0.03139626451826945,0.03139168559792766,0.031389001932071836,0.03138809596635185,0.031389859017393225,0.03140199836004501,0.03141273571576991,0.031426497477980674,0.031472650751749265,0.0314703664027612,0.03146449753039365,0.03145148316323077,0.03142465077730595,0.0313953386111958,0.03141004883355306,0.031410048839634476,0.03141004884327362,0.03141004885415651,0.03141004886515215,0.03141004888083997,0.03141004889444387,0.03141004889995782,0.0314100489245188,0.03141004891974698,0.03141004894068101,0.03141004893576406,0.03141004897976418,0.03141004894089669,0.03141004895972322,0.03141004898821996,0.03141004900814549,0.031410049030655765,0.03141004904864311,0.03141004910323492,0.03141004912180728,0.03141004915823531,0.03141004917585381,0.031410049212606546,0.03141004918162183,0.03141004922861398,0.031410049228416316,0.03141004926108941,0.031410049284859236,0.03141004930080012,0.03141004933343996,0.0314100493795891,0.031410049403523314,0.03141004944654191,0.03141004946650727,0.03141004952133821,0.031410049509474985
518,1.980704555161533,0.9660541598731275,9.948445234275738e-08,0.0,0.0,0.0,0.06410805548624593,0.08625334069832515,0.08461512016334327,0.02819822304046816,0.03494914744533071,0.025243774668395735,0.022860963282457587,0.02573776685031418,0.03296829007235942,0.032229802609356685,0.032146036976871344,0.031347934696274234,0.03161776570535367,0.03130174753984192,0.031394341047158415,0.03166865366049654,0.03178021950178589,0.0316202055680238,0.03154092417102866,0.031477856629330926,0.031457080282596354,0.03148633070558528,0.03146210082630414,0.03159356753524124,0.03170475432990759,0.031758942189067337,0.03167136985798667,0.031675031478329556,0.03150312398911617,0.03150132146406786,0.03149936433726955,0.03149860205658309,0.031481497562979875,0.03152656570943691,0.03155334342472448,0.031579896910943164,0.03158904422675575,0.03157552434763554,0.031543672225411816,0.03150837615990619,0.03152527422725315,0.031496290169624526,0.03155389060976296,0.03157759737328881,0.031586697734261274,0.03158022043996259,0.031503377089525914,0.03150339392199083,0.0314992999203263,0.03149675600919126,0.03149597391237472,0.031497838348924806,0.03150982167639996,0.031520029874489555,0.031531660050740914,0.03157732891358708,0.031576413722796216,0.03157393497450799,0.03156434764721208,0.031544706963283174,0.03151777704763926,0.03153192829421727,0.03153192829895915,0.03153192829794116,0.03153192830196318,0.03153192830326582,0.03153192830777431,0.03153192831064901,0.03153192829929295,0.03153192830897624,0.03153192829317444,0.0315319283023645,0.031531928285862834,0.031531928315726425,0.031531928261979966,0.03153192826918017,0.031531928284744964,0.031531928290410516,0.03153192830153526,0.03153192830572426,0.03153192835159973,0.03153192835842496,0.03153192837917353,0.031531928383964535,0.03153192840805514,0.0315319283636519,0.03153192839670727,0.031531928381553845,0.031531928401157504,0.031531928409472165,0.03153192841068244,0.031531928430388136,0.031531928463764375,0.03153192847006317,0.03153192849571848,0.031531928501023064,0.03153192853696862,0.03153192851115608
519,1.96354291442549,1.0004750860742484,1.7346501446358076e-07,0.0,0.0,0.0,0.0669124970114225,0.09015217650651079,0.08817151324130774,0.028803422845424205,0.03362445059655292,0.024345703668191363,0.022173150762184277,0.025370859222766978,0.03298531569170735,0.03242332779532103,0.03232310965391923,0.03145827993269047,0.0316304353352897,0.03133177933747951,0.031425124762717964,0.03170269260014004,0.031851921884554,0.031700470512287214,0.031649345911875744,0.03155657586646179,0.03152516177111109,0.031529058988517884,0.0315349286612701,0.031661984699002645,0.0317870469688397,0.03185860252864092,0.031779406323187556,0.031747921508258586,0.031595485015781175,0.03159305074755515,0.03158521183087142,0.03157907046388727,0.031539639369030315,0.031582533433875466,0.03161655967077226,0.03166174610433796,0.03167074746910371,0.03165860325444292,0.03162147383252668,0.031582789499985345,0.03159807630013092,0.031573810962992714,0.031633086237268494,0.03165972144183426,0.031671825054978474,0.0316681876588466,0.03158325662060002,0.031577473090694426,0.03157381912470194,0.03157126051079051,0.03157037790818783,0.03157184309573658,0.03158154490406247,0.031589394052457115,0.031593496009423745,0.03163358897738774,0.031634409101754316,0.03163659079685428,0.031631675568311216,0.031624051886145144,0.03160690974017735,0.031618663000456,0.031618663004942656,0.0316186630031394,0.03161866300572928,0.03161866300207333,0.03161866299952207,0.031618662993821524,0.03161866296689188,0.03161866296120813,0.03161866293677734,0.03161866293432693,0.031618662903789715,0.03161866291767197,0.03161866284573597,0.03161866283935917,0.031618662840081364,0.03161866282872294,0.031618662825867415,0.03161866281337284,0.03161866284674476,0.03161866283868215,0.03161866284005953,0.03161866282858001,0.031618662836545366,0.031618662774606496,0.031618662789584015,0.031618662755077416,0.03161866275807951,0.0316186627471626,0.03161866272935095,0.03161866273178194,0.03161866274804843,0.031618662731951665,0.03161866273550531,0.031618662722153607,0.03161866273455301,0.03161866269052373
520,2.013212767430304,0.8963400736893541,3.2722148546326935e-08,0.0,0.0,0.0,0.05860934461913833,0.07866026118395178,0.07782993291770013,0.027273325574143848,0.03764892430538886,0.027073022984910475,0.024193486871100667,0.026303168320101447,0.032705808646415035,0.03171850730088624,0.03169771943564798,0.031047324165086366,0.03148455748607256,0.031136947860079554,0.03122012008369524,0.03147405817457954,0.03151207127693497,0.03134901631972741,0.031229399871896192,0.03121880766886084,0.03121740437054489,0.0312871519683178,0.031197090308218788,0.031333114740142984,0.031414500967354916,0.03143468076944692,0.03133888025030655,0.031433451152485664,0.0312182032740886,0.031217399848455202,0.031224652044744925,0.031234952912710116,0.03126062747937253,0.031303631841368446,0.03131362673919429,0.03129707301428647,0.03130355469468666,0.031285114323920706,0.03126449877303039,0.031238576110475466,0.031265278911748504,0.031237077559749672,0.03129286033290683,0.03131232367377022,0.03131902223658915,0.031310446722702674,0.031249418760267825,0.03125328867674658,0.031248285119048768,0.03124534718827451,0.031244169735493696,0.03124551614961604,0.03125638385464488,0.03126622058910565,0.031277687221441995,0.03132029025869493,0.031317262473909036,0.031310011904762236,0.03129582058067399,0.03126884619727186,0.031245765635146208,0.03125909670299438,0.03125909671078455,0.03125909671985941,0.03125909673854563,0.03125909675768269,0.0312590967818477,0.03125909680145016,0.03125909681516933,0.03125909684525385,0.03125909684644966,0.03125909687165201,0.031259096868421356,0.03125909691611182,0.03125909687975935,0.031259096901093186,0.031259096933405096,0.03125909695627213,0.031259096980279615,0.031259097001745645,0.031259097053230794,0.031259097073233114,0.03125909711351112,0.0312590971328702,0.031259097171912956,0.03125909714285445,0.03125909719175822,0.03125909719277358,0.031259097227372565,0.0312590972554819,0.03125909727347265,0.03125909730778483,0.031259097354514605,0.0312590973817206,0.031259097427787715,0.03125909744998912,0.03125909750936926,0.03125909749938927
521,1.945783159496445,1.0345912578723313,3.0246042348469615e-07,0.0,0.0,0.0,0.06975861163440321,0.0941293305457604,0.09185682907250271,0.02952752821294622,0.032334530984823695,0.02347410624070523,0.02148168033400658,0.024950358839994538,0.03292019310242319,0.03256939843518723,0.03246526550057702,0.03154104152467926,0.031606871555010234,0.031326523320713284,0.03141757311496712,0.03169289735859932,0.03187932205811495,0.031741985880894524,0.03172561281829739,0.031600783702215675,0.03155832397084315,0.03153353491964101,0.03156565619378994,0.03168648550214999,0.03182363756472489,0.03191163624425026,0.031843289669190984,0.03178590945516284,0.03165054985868846,0.03164746476233651,0.03163356371934972,0.03162274707839064,0.03156418529297202,0.03160359405192896,0.031643752520156165,0.03170397307641077,0.03171093632224579,0.031698261156027495,0.031654367627866276,0.03161210948475592,0.03162681265846655,0.031610034158854106,0.031671721715311026,0.03170239391978614,0.03171954338274858,0.0317216422292456,0.03163376985439031,0.03162281289885608,0.031619259918360745,0.03161651541511514,0.03161524783822254,0.0316156586702402,0.03162053202967261,0.03162432215673936,0.03161642604056481,0.03164665294688526,0.03164916162164955,0.03165575826062235,0.03165485101974794,0.031658524694271606,0.0316527017089818,0.03166102542321463,0.03166102542861259,0.031661025431338946,0.031661025440244885,0.03166102544152572,0.03166102544223702,0.03166102543779359,0.031661025408766225,0.031661025399160325,0.031661025377153706,0.03166102537315946,0.03166102533751022,0.03166102534607539,0.03166102526686546,0.031661025255755176,0.03166102525066223,0.0316610252328978,0.031661025225057704,0.03166102520495545,0.031661025235574444,0.031661025221253185,0.03166102521297525,0.03166102519430256,0.03166102519433573,0.03166102512362079,0.03166102512973648,0.03166102508675886,0.031661025082021,0.03166102506070674,0.03166102503373566,0.03166102502676847,0.03166102503491429,0.03166102500753863,0.031661025000080355,0.03166102497784964,0.03166102497792849,0.03166102492487837
522,0.0,0.0,1.8766578624429542e-08,0.0,0.0,0.0,0.055908512791096474,0.07495249464722127,0.07457471359661844,0.02692245027375638,0.03900167986565177,0.027985361505569302,0.02482596900253035,0.02650066359895282,0.03247022791346844,0.031409386453331724,0.031431530100165236,0.030858618090392687,0.031364962179789076,0.031003218875234374,0.031078319156948215,0.03131638938510806,0.031319851202368604,0.03116117628032775,0.031028072942557907,0.03104026712814159,0.031047417890008266,0.031132634263102726,0.03100927224511212,0.03114593093970223,0.031212535985612532,0.031217083225792325,0.031120938195927456,0.03126636032577554,0.0310289943396869,0.031028509161789834,0.031038619067342833,0.031053965536591375,0.0310969590267292,0.031136424664772584,0.0311379288202652,0.03109997230523039,0.03110514572675123,0.031084724214792036,0.031071231685996584,0.031051033575505788,0.03108424426405573,0.0310585212019892,0.031113463739587108,0.031130882050712207,0.031136965964304358,0.031127858784567038,0.03107244537181652,0.031075307517296796,0.031069834675061164,0.03106655962892682,0.031065005868772297,0.031065717956521546,0.031074360365402166,0.031082394433721162,0.031088737066639213,0.031125432552472267,0.03112230385111769,0.03111547244945969,0.031102160109344103,0.03108058457995511,0.031069333578013832,0.031079768914296126,0.03107976892338232,0.031079768936222284,0.03107976896036362,0.0310797689831498,0.03107976901039962,0.031079769030067907,0.031079769042346557,0.031079769068598065,0.03107976906995198,0.03107976909206832,0.03107976908180608,0.031079769123561193,0.03107976907901778,0.031079769094714535,0.031079769122400645,0.03107976913806811,0.03107976915480504,0.03107976917066184,0.031079769208874074,0.03107976922124001,0.031079769255024755,0.031079769266294296,0.0310797692986871,0.031079769261930422,0.03107976930231204,0.03107976929210837,0.03107976931850081,0.03107976934147044,0.031079769350416106,0.031079769376921022,0.03107976941351026,0.031079769431031527,0.031079769467148226,0.031079769480209893,0.031079769531148615,0.031079769512704077
523,1.927430700167793,1.0683922831509556,5.273818429185617e-07,0.0,0.0,0.0,0.07265056192759867,0.09819326763829739,0.09568754582453448,0.030390749384971775,0.03109544921942907,0.02264295881842617,0.02079673359069109,0.024479794463764578,0.03276898244585567,0.032663309847448765,0.0325697556073993,0.03159558632913333,0.031547119713872404,0.031285921323372254,0.03137130587708145,0.03163816804388879,0.031860327147571164,0.03174330313843857,0.031769627805303347,0.031610335146899635,0.03155673695747949,0.03150047665831827,0.03155347197254203,0.03166595391753715,0.0318123255212975,0.03191453403302305,0.031858440758279045,0.03178461737507159,0.03166373762623003,0.03166005384427789,0.03164060757490941,0.03162629923242103,0.03155540582591182,0.03159161151537158,0.03163700994799122,0.031708396356728535,0.03171148616521602,0.03169608066069539,0.031643021095473574,0.03159576499319748,0.03160826070028933,0.03159803397873051,0.031662503100392196,0.03169814922064547,0.03172198314250982,0.03173310887559544,0.03165169952281203,0.03164047371714908,0.031636351060247675,0.031633297006637605,0.03163139690372198,0.03163017057434986,0.03162825508093198,0.0316273290174559,0.031606741762927965,0.03162639456813464,0.031630181303425216,0.031639341499317276,0.03163995888817194,0.031648050013101996,0.031646954294022804,0.03165229505369698,0.0316522950602815,0.031652295070575084,0.031652295090455106,0.03165229510509407,0.0316522951187165,0.031652295126363916,0.031652295112005034,0.031652295114593006,0.031652295107043385,0.031652295114722,0.03165229508867108,0.031652295108297784,0.031652295040362974,0.0316522950386379,0.03165229504251751,0.03165229503632385,0.031652295039020666,0.03165229502733182,0.03165229507343932,0.03165229506866928,0.03165229506869655,0.03165229505967297,0.03165229506742641,0.03165229500524606,0.03165229502042299,0.031652294989676776,0.0316522949940223,0.03165229497949981,0.03165229496256939,0.03165229496242412,0.03165229498037949,0.03165229496333405,0.031652294966560204,0.031652294954356806,0.031652294963817426,0.03165229492011154
524,0.0,0.0,9.195634870229341e-07,0.0,0.0,0.0,0.07559288559039772,0.10235318455593972,0.09968156867387123,0.031415365821802106,0.029925513417191744,0.021868337830359647,0.020130390096928377,0.023964155891642004,0.032528309827044785,0.03270028182166207,0.03263381816382715,0.031621430585141705,0.03145152303064078,0.03121018465500979,0.031286188893105374,0.03153756220161222,0.03179272760246736,0.03170265712905513,0.031781258250973624,0.031585114682624746,0.03152078826063596,0.03143155392708395,0.031498883048247724,0.031600683561662034,0.031752225115706696,0.03186484684236221,0.03182062749015031,0.03173803057372472,0.031629492075996524,0.03162532691114593,0.03160149301019868,0.03158519090854095,0.03151160776805114,0.03154661791688456,0.03159702760210287,0.03167665915478449,0.031675287222467485,0.03165588235361182,0.03159213706442203,0.03153794476332143,0.031543734129570324,0.03153332901419344,0.031599970834657105,0.03164029978931876,0.0316703990483424,0.03169193712343078,0.03162684494804925,0.0316233104491958,0.03161782860777696,0.03161446963907592,0.03161187980196651,0.03160888163024168,0.0316002535156805,0.03159585493876643,0.031567743642602605,0.0315817251780195,0.03158624293934706,0.03159533885893061,0.03159450859301024,0.03159738721981379,0.0315891516161472,0.03159367487776474,0.03159367488443188,0.03159367490000893,0.031593674927714734,0.03159367495516431,0.03159367498225363,0.03159367500420422,0.03159367501029067,0.031593675032615794,0.031593675041025324,0.03159367506483425,0.03159367505662167,0.0315936750955266,0.03159367504968086,0.031593675064801534,0.03159367508614567,0.0315936751022339,0.031593675124817075,0.031593675131570007,0.0315936752053309,0.031593675220549615,0.03159367524087083,0.03159367525293824,0.0315936752792943,0.03159367523798952,0.0315936752749313,0.031593675271285857,0.03159367529684375,0.03159367530157756,0.03159367530868742,0.03159367532730175,0.031593675368373667,0.03159367537774544,0.03159367540816371,0.03159367542032273,0.03159367545546175,0.031593675435028265
525,1.9084911267764297,1.1018678657903835,9.195634870229341e-07,0.0,0.0,0.0,0.07559288559039772,0.10235318455593972,0.09968156867387123,0.031415365821802106,0.029925513417191744,0.021868337830359647,0.020130390096928377,0.023964155891642004,0.032528309827044785,0.03270028182166207,0.03263381816382715,0.031621430585141705,0.03145152303064078,0.03121018465500979,0.031286188893105374,0.03153756220161222,0.03179272760246736,0.03170265712905513,0.031781258250973624,0.031585114682624746,0.03152078826063596,0.03143155392708395,0.031498883048247724,0.031600683561662034,0.031752225115706696,0.03186484684236221,0.03182062749015031,0.03173803057372472,0.031629492075996524,0.03162532691114593,0.03160149301019868,0.03158519090854095,0.03151160776805114,0.03154661791688456,0.03159702760210287,0.03167665915478449,0.031675287222467485,0.03165588235361182,0.03159213706442203,0.03153794476332143,0.031543734129570324,0.03153332901419344,0.031599970834657105,0.03164029978931876,0.0316703990483424,0.03169193712343078,0.03162684494804925,0.0316233104491958,0.03161782860777696,0.03161446963907592,0.03161187980196651,0.03160888163024168,0.0316002535156805,0.03159585493876643,0.031567743642602605,0.0315817251780195,0.03158624293934706,0.03159533885893061,0.03159450859301024,0.03159738721981379,0.0315891516161472,0.03159367487776474,0.03159367488443188,0.03159367490000893,0.031593674927714734,0.03159367495516431,0.03159367498225363,0.03159367500420422,0.03159367501029067,0.031593675032615794,0.031593675041025324,0.03159367506483425,0.03159367505662167,0.0315936750955266,0.03159367504968086,0.031593675064801534,0.03159367508614567,0.0315936751022339,0.031593675124817075,0.031593675131570007,0.0315936752053309,0.031593675220549615,0.03159367524087083,0.03159367525293824,0.0315936752792943,0.03159367523798952,0.0315936752749313,0.031593675271285857,0.03159367529684375,0.03159367530157756,0.03159367530868742,0.03159367532730175,0.031593675368373667,0.03159367537774544,0.03159367540816371,0.03159367542032273,0.03159367545546175,0.031593675435028265
526,1.8889702084998812,1.1350078088038582,1.603386182935651e-06,0.0,0.0,0.0,0.07859050934225531,0.10661903998525313,0.10385829784545285,0.03262584373293448,0.028845426023072707,0.021168559847175725,0.01949676201293176,0.023410013967674916,0.03219544909778194,0.0326755294266695,0.032654786220587366,0.031618414163038094,0.03132095785845894,0.031100020876137537,0.031162553560309177,0.031390480344883134,0.03167423692005293,0.031617644293245206,0.03175973314161554,0.031524587582864,0.03145068644971052,0.03132928854184306,0.03140417156023267,0.03149298037767494,0.03164461419321589,0.03176233150564633,0.03172737224748938,0.031639845983411456,0.031542690171964496,0.031538189601942906,0.03151140951538467,0.031494545079800956,0.03142819172068254,0.031464616954521546,0.031520640848408533,0.031607579891074794,0.03160366058053115,0.03158142314967695,0.03150917959043991,0.031447494925906996,0.031441163710888995,0.03141874783929754,0.03148559880773008,0.031528060910404894,0.031560526550249476,0.031589339597594385,0.03154426870861646,0.03155541452574254,0.03154810454554871,0.03154461316425005,0.03154158669880514,0.03153744670010453,0.03152522116311529,0.03152056083325389,0.031494857145863225,0.031512612596294044,0.03151738932335574,0.03152438507345542,0.03152056016633507,0.03151187304546581,0.031486958202585666,0.03149395663430118,0.031493956639351076,0.031493956653728755,0.03149395667962075,0.03149395670967921,0.03149395674017323,0.03149395676690633,0.031493956781986646,0.03149395681575655,0.031493956827290046,0.031493956857427646,0.03149395686087259,0.031493956910732555,0.03149395687936028,0.03149395690445792,0.031493956936726485,0.03149395696765656,0.03149395700362296,0.031493957022740035,0.031493957117860336,0.03149395714779511,0.03149395718271404,0.03149395721091508,0.03149395725149148,0.03149395722639615,0.031493957280334044,0.03149395729913336,0.03149395734226993,0.03149395736233561,0.031493957389318844,0.03149395742268069,0.03149395748314646,0.03149395751503774,0.03149395756941951,0.03149395760322684,0.03149395766060446,0.03149395766035102
527,1.8688738915989584,1.1678020174437038,2.795724254600618e-06,0.0,0.0,0.0,0.08164877140171456,0.11100159959711967,0.10823872021275269,0.03404897369453347,0.027878434899399486,0.020564321931998697,0.018912119549080758,0.02282561408252552,0.031768357562284584,0.03258430606243745,0.03263020842636741,0.03158696348378354,0.031157270976539787,0.03095705523576444,0.03100162404457893,0.031197088568097907,0.03150275459177246,0.031484915256227826,0.03170267539629241,0.031427092053680994,0.03134575337185152,0.031196472770220435,0.03127343326681856,0.03134738318894964,0.03149354782845088,0.03161010801663111,0.03157984739865636,0.031486453920571374,0.031401301815318625,0.03139657274879541,0.03136790385852408,0.03135129615636037,0.03129809863544988,0.03133646617451211,0.03139907772344652,0.03149435910594586,0.03149270518711286,0.031472094050093075,0.03139965576372579,0.03133370004469958,0.03131313491848794,0.03126689917028868,0.03133097762546226,0.031370653063871975,0.03139834945325089,0.031425975530857714,0.03139298177967017,0.03141990247970274,0.03141107094983576,0.03140772839662655,0.03140479694020794,0.031400872907246025,0.03139066734030856,0.031389674131892864,0.0313758036452547,0.03140618735524789,0.03141080656224863,0.0314152382449445,0.031409373714769234,0.031390366809756806,0.03134886565890265,0.03136126598918617,0.03136126599208778,0.03136126600013913,0.03136126601629413,0.031361266038122323,0.03136126606052748,0.031361266079790596,0.03136126608621087,0.031361266115495744,0.031361266114354996,0.03136126613609823,0.03136126613721422,0.03136126618146937,0.031361266146167265,0.0313612661667859,0.031361266194057276,0.03136126622083945,0.03136126625341226,0.031361266267999705,0.031361266364675275,0.03136126639276829,0.031361266423852834,0.03136126645109315,0.03136126648997731,0.0313612664631844,0.03136126651568283,0.03136126653662107,0.03136126658100983,0.03136126659941082,0.03136126662734636,0.03136126665829694,0.03136126672016326,0.031361266753863797,0.031361266811830886,0.03136126684982053,0.031361266909202525,0.03136126691150357
528,1.848208297606467,1.2002405022762839,4.874725291148518e-06,0.0,0.0,0.0,0.08477346561719758,0.11551252053511905,0.11284556768223235,0.03571408111865766,0.027050533909971163,0.020078881751248168,0.01839503601303753,0.02222094929783935,0.03124562835229173,0.032421845263693454,0.032557913310775365,0.03152840090375363,0.03096395883816089,0.03078448298100235,0.03080620788924172,0.030959087793021037,0.03127704107222385,0.03130011999834447,0.031604896326368266,0.03128898744605929,0.03120345400100003,0.031034861582307352,0.03111162680899734,0.031169857683254677,0.03130551082184384,0.03141503075423618,0.031384485573041486,0.0312812703098035,0.031209814404525138,0.03120484533715537,0.031174173738844315,0.031157538537516516,0.031114914148295265,0.031150116306639906,0.031219405476449164,0.03132420209643268,0.03133096183085693,0.031318656773808906,0.03125994805847243,0.0311978372433922,0.031168771533284644,0.031095420330932672,0.031154033808378185,0.031185234105798335,0.03120072205431593,0.031216435534769167,0.031177232204148173,0.03121310581793867,0.031203957465283653,0.0312009950449874,0.031198728130233024,0.031196541686252462,0.03119396716682107,0.031199074931497078,0.03119913129123442,0.031243761901376357,0.031247661809858364,0.031250454131619025,0.031245133952267617,0.03122309458409478,0.031174822424349602,0.03119340647586738,0.03119340647832718,0.03119340648143467,0.03119340648981802,0.03119340650300288,0.03119340651667969,0.031193406527253872,0.031193406520728877,0.031193406539579256,0.031193406524815965,0.03119340653557264,0.031193406529347795,0.03119340656251168,0.031193406515743434,0.03119340652673979,0.03119340654125636,0.031193406554705972,0.03119340657565705,0.031193406577000562,0.031193406663892042,0.03119340668067703,0.0311934066974202,0.031193406713379324,0.03119340674092165,0.031193406701387056,0.031193406740575896,0.031193406749499747,0.031193406783628436,0.031193406789291753,0.03119340680513032,0.031193406821947545,0.03119340687212887,0.031193406892133214,0.03119340693760682,0.03119340696591828,0.031193407011724208,0.03119340700354256
529,1.927430700167793,1.0683922831509556,5.273818429185617e-07,0.0,0.0,0.0,0.07265056192759867,0.09819326763829739,0.09568754582453448,0.030390749384971775,0.03109544921942907,0.02264295881842617,0.02079673359069109,0.024479794463764578,0.03276898244585567,0.032663309847448765,0.0325697556073993,0.03159558632913333,0.031547119713872404,0.031285921323372254,0.03137130587708145,0.03163816804388879,0.031860327147571164,0.03174330313843857,0.031769627805303347,0.031610335146899635,0.03155673695747949,0.03150047665831827,0.03155347197254203,0.03166595391753715,0.0318123255212975,0.03191453403302305,0.031858440758279045,0.03178461737507159,0.03166373762623003,0.03166005384427789,0.03164060757490941,0.03162629923242103,0.03155540582591182,0.03159161151537158,0.03163700994799122,0.031708396356728535,0.03171148616521602,0.03169608066069539,0.031643021095473574,0.03159576499319748,0.03160826070028933,0.03159803397873051,0.031662503100392196,0.03169814922064547,0.03172198314250982,0.03173310887559544,0.03165169952281203,0.03164047371714908,0.031636351060247675,0.031633297006637605,0.03163139690372198,0.03163017057434986,0.03162825508093198,0.0316273290174559,0.031606741762927965,0.03162639456813464,0.031630181303425216,0.031639341499317276,0.03163995888817194,0.031648050013101996,0.031646954294022804,0.03165229505369698,0.0316522950602815,0.031652295070575084,0.031652295090455106,0.03165229510509407,0.0316522951187165,0.031652295126363916,0.031652295112005034,0.031652295114593006,0.031652295107043385,0.031652295114722,0.03165229508867108,0.031652295108297784,0.031652295040362974,0.0316522950386379,0.03165229504251751,0.03165229503632385,0.031652295039020666,0.03165229502733182,0.03165229507343932,0.03165229506866928,0.03165229506869655,0.03165229505967297,0.03165229506742641,0.03165229500524606,0.03165229502042299,0.031652294989676776,0.0316522949940223,0.03165229497949981,0.03165229496256939,0.03165229496242412,0.03165229498037949,0.03165229496333405,0.031652294966560204,0.031652294954356806,0.031652294963817426,0.03165229492011154
530,1.8269797214625283,1.23231338222488,8.49973307887053e-06,0.0,0.0,0.0,0.08797093102278634,0.12016452044238318,0.11770362594278078,0.037653420955282235,0.026390823498659687,0.01973837873710943,0.017966638308628474,0.02160786498654476,0.030626336293757286,0.03218309228844826,0.03243589011450469,0.03144517930242152,0.030747055662772194,0.030587916532725756,0.030581642923697066,0.03068090648401042,0.030998038812938482,0.03105857170199227,0.03145749051162506,0.031104103526019094,0.031018533743160673,0.030843144069619192,0.030922061057575362,0.030965245032739144,0.031087151307583775,0.031186011343707517,0.031152674204734453,0.03103849730848458,0.030981528226092403,0.03097614526347371,0.030941743029711182,0.030923662698565887,0.03087895445516788,0.03089816086202966,0.030971718194111604,0.031083838082433115,0.031102599257616874,0.03110375133909212,0.03107273693228288,0.0310251355957156,0.031002084672185456,0.03091341850877409,0.03096603514366026,0.030985455136612473,0.030985821586481246,0.030983271372885004,0.030920235118868565,0.030954033736504183,0.030946197597177146,0.030943628466001984,0.030942277121932503,0.030942601661113005,0.03094979607452502,0.03096015475681275,0.030966276811116546,0.031016993584821517,0.031019513810418578,0.0310219199870158,0.03101911766899115,0.031000750344199197,0.03095653101041887,0.03097909298264731,0.030979092987305955,0.030979092991770766,0.030979093002495038,0.030979093017055884,0.03097909303307853,0.03097909304689184,0.030979093041674653,0.03097909306095363,0.030979093049461896,0.03097909306308251,0.03097909306042349,0.0309790930954545,0.030979093050945712,0.03097909306359576,0.03097909307533719,0.030979093087923838,0.030979093108296184,0.030979093107153643,0.030979093196060885,0.030979093211021783,0.030979093224134883,0.0309790932378305,0.030979093262881185,0.03097909322087051,0.030979093255999447,0.030979093260983807,0.03097909329111739,0.030979093293023875,0.030979093305198154,0.0309790933160828,0.030979093361553,0.03097909337497723,0.03097909341394229,0.030979093437429907,0.03097909347603263,0.03097909346459834
531,0.0,0.0,3.0246042348469615e-07,0.0,0.0,0.0,0.06975861163440321,0.0941293305457604,0.09185682907250271,0.02952752821294622,0.032334530984823695,0.02347410624070523,0.02148168033400658,0.024950358839994538,0.03292019310242319,0.03256939843518723,0.03246526550057702,0.03154104152467926,0.031606871555010234,0.031326523320713284,0.03141757311496712,0.03169289735859932,0.03187932205811495,0.031741985880894524,0.03172561281829739,0.031600783702215675,0.03155832397084315,0.03153353491964101,0.03156565619378994,0.03168648550214999,0.03182363756472489,0.03191163624425026,0.031843289669190984,0.03178590945516284,0.03165054985868846,0.03164746476233651,0.03163356371934972,0.03162274707839064,0.03156418529297202,0.03160359405192896,0.031643752520156165,0.03170397307641077,0.03171093632224579,0.031698261156027495,0.031654367627866276,0.03161210948475592,0.03162681265846655,0.031610034158854106,0.031671721715311026,0.03170239391978614,0.03171954338274858,0.0317216422292456,0.03163376985439031,0.03162281289885608,0.031619259918360745,0.03161651541511514,0.03161524783822254,0.0316156586702402,0.03162053202967261,0.03162432215673936,0.03161642604056481,0.03164665294688526,0.03164916162164955,0.03165575826062235,0.03165485101974794,0.031658524694271606,0.0316527017089818,0.03166102542321463,0.03166102542861259,0.031661025431338946,0.031661025440244885,0.03166102544152572,0.03166102544223702,0.03166102543779359,0.031661025408766225,0.031661025399160325,0.031661025377153706,0.03166102537315946,0.03166102533751022,0.03166102534607539,0.03166102526686546,0.031661025255755176,0.03166102525066223,0.0316610252328978,0.031661025225057704,0.03166102520495545,0.031661025235574444,0.031661025221253185,0.03166102521297525,0.03166102519430256,0.03166102519433573,0.03166102512362079,0.03166102512973648,0.03166102508675886,0.031661025082021,0.03166102506070674,0.03166102503373566,0.03166102502676847,0.03166102503491429,0.03166102500753863,0.031661025000080355,0.03166102497784964,0.03166102497792849,0.03166102492487837
532,1.8051946295970827,1.264010887579562,1.4820377220559067e-05,0.0,0.0,0.0,0.09124822756814482,0.12497170962796125,0.12284034410809477,0.03990297074031029,0.02593226432228532,0.019572515797929704,0.01765116354799909,0.021000351399246976,0.02990981889512971,0.031862101868668204,0.03226179743453239,0.031340798378163094,0.03051603273674663,0.03037623072352054,0.030336837877925,0.030371259750121834,0.03067103377676284,0.030757367671954992,0.03124848206203943,0.03086450259587035,0.030783240592266115,0.03061494239884719,0.030702379199410976,0.030732824620194565,0.03084054241152271,0.030929132862496354,0.0308963703533097,0.03078216228903281,0.03073616130800078,0.030730083160861392,0.030689142858685396,0.030667941925193627,0.030603819777026368,0.03058944949641357,0.030661646456358358,0.030772284804491092,0.0307993995688076,0.030812336857699935,0.03081314687400708,0.030786906757528015,0.030786926784109294,0.030707059390326554,0.030756528680660155,0.030766221330860825,0.03075657453567011,0.03073981753246543,0.030651295298165838,0.030675191445080265,0.03066976990267111,0.030667347006620525,0.030666606617314497,0.03066877042533585,0.030682255715814816,0.030693891597905042,0.030693844440139423,0.030738168308151393,0.03073922538288674,0.030742243290130075,0.03074203325964959,0.030728712990438653,0.030691074888788458,0.030713459190817534,0.0307134591981944,0.030713459207124722,0.030713459226137555,0.030713459248724647,0.03071345927501687,0.0307134593013747,0.030713459310121018,0.030713459341552892,0.030713459347284373,0.030713459375514632,0.030713459387037435,0.030713459436377002,0.030713459409591738,0.030713459435434395,0.03071345945739593,0.03071345948530483,0.030713459519653246,0.03071345953083463,0.030713459639957683,0.030713459667452248,0.030713459692913718,0.030713459718589117,0.030713459755472086,0.030713459728176278,0.030713459775409853,0.030713459792319497,0.030713459831012525,0.030713459845351433,0.030713459870311786,0.030713459891286335,0.030713459947153385,0.030713459970380604,0.03071346001876701,0.030713460050701802,0.030713460097993823,0.030713460099580155
533,0.0,0.0,2.5841111308544384e-05,0.0,0.0,0.0,0.09461346456373874,0.12995021663661002,0.12828700208183777,0.0425040074505847,0.025713273381420355,0.019616033080376776,0.017477236126480094,0.02041539240453776,0.029095607133878244,0.03145103829594337,0.03203188485688178,0.031219003793805492,0.03028420542819664,0.03016191232464857,0.03008493591616322,0.030044688037191458,0.03030858176421759,0.0303998377077169,0.030967177935257707,0.03056427217683446,0.030490459664493305,0.030339044760611656,0.030440996797969827,0.030461818650282517,0.030557373916141533,0.030640209657220082,0.030618747829786828,0.03053541491199425,0.030489136249271482,0.030482166010125322,0.030432694770984783,0.030408302618088776,0.030316822828598714,0.030256931131021913,0.030320670687660943,0.030414826188463032,0.030437804815108226,0.030450973033066906,0.030469769796688886,0.030460994273603215,0.030491601124437048,0.030442044996732434,0.030493776672554696,0.030501286120351166,0.03049304766122634,0.0304758389636846,0.03038235060716985,0.030395741504943216,0.03039248500298143,0.030389842709662933,0.03038895122961586,0.03039096427795018,0.03040281337750348,0.030410858926296042,0.030398020175378057,0.030428932101856345,0.030429880620653833,0.030435009516464162,0.030436928101040622,0.03042794486641229,0.03039228594827263,0.030410736781546554,0.030410736788475543,0.030410736796304853,0.030410736815940465,0.03041073683808809,0.030410736865399312,0.03041073689531241,0.03041073690657777,0.030410736941819425,0.030410736954656632,0.030410736986956635,0.03041073700182526,0.03041073705360472,0.030410737033775132,0.03041073706331353,0.030410737088282375,0.03041073712283209,0.030410737163659572,0.03041073718004063,0.030410737302500847,0.0304107373361659,0.03041073736637139,0.030410737397104863,0.03041073744029436,0.03041073742245008,0.030410737475748306,0.03041073749746887,0.0304107375389279,0.03041073756139716,0.030410737593815608,0.030410737620995557,0.03041073768246518,0.030410737709477262,0.030410737762020124,0.030410737797708566,0.030410737848311817,0.03041073785981287
534,1.7828596579601486,1.2953233629731393,2.5841111308544384e-05,0.0,0.0,0.0,0.09461346456373874,0.12995021663661002,0.12828700208183777,0.0425040074505847,0.025713273381420355,0.019616033080376776,0.017477236126480094,0.02041539240453776,0.029095607133878244,0.03145103829594337,0.03203188485688178,0.031219003793805492,0.03028420542819664,0.03016191232464857,0.03008493591616322,0.030044688037191458,0.03030858176421759,0.0303998377077169,0.030967177935257707,0.03056427217683446,0.030490459664493305,0.030339044760611656,0.030440996797969827,0.030461818650282517,0.030557373916141533,0.030640209657220082,0.030618747829786828,0.03053541491199425,0.030489136249271482,0.030482166010125322,0.030432694770984783,0.030408302618088776,0.030316822828598714,0.030256931131021913,0.030320670687660943,0.030414826188463032,0.030437804815108226,0.030450973033066906,0.030469769796688886,0.030460994273603215,0.030491601124437048,0.030442044996732434,0.030493776672554696,0.030501286120351166,0.03049304766122634,0.0304758389636846,0.03038235060716985,0.030395741504943216,0.03039248500298143,0.030389842709662933,0.03038895122961586,0.03039096427795018,0.03040281337750348,0.030410858926296042,0.030398020175378057,0.030428932101856345,0.030429880620653833,0.030435009516464162,0.030436928101040622,0.03042794486641229,0.03039228594827263,0.030410736781546554,0.030410736788475543,0.030410736796304853,0.030410736815940465,0.03041073683808809,0.030410736865399312,0.03041073689531241,0.03041073690657777,0.030410736941819425,0.030410736954656632,0.030410736986956635,0.03041073700182526,0.03041073705360472,0.030410737033775132,0.03041073706331353,0.030410737088282375,0.03041073712283209,0.030410737163659572,0.03041073718004063,0.030410737302500847,0.0304107373361659,0.03041073736637139,0.030410737397104863,0.03041073744029436,0.03041073742245008,0.030410737475748306,0.03041073749746887,0.0304107375389279,0.03041073756139716,0.030410737593815608,0.030410737620995557,0.03041073768246518,0.030410737709477262,0.030410737762020124,0.030410737797708566,0.030410737848311817,0.03041073785981287
535,1.7599816100004502,1.3262412703222757,4.5056718274261165e-05,0.0,0.0,0.0,0.09807638615763871,0.13511931434242586,0.13408085524931632,0.045506128653440295,0.025780977586770303,0.019911768452585694,0.01748065733969333,0.019875138731073237,0.02818410758355716,0.030938963969973556,0.031739223791061824,0.031081743527626104,0.03006765794236152,0.02995995030674957,0.02984260711082951,0.029722025272381786,0.02993334323974185,0.03000264046201647,0.03061475318228148,0.030208291436923038,0.030142101758449117,0.030005907379812107,0.03011934385174346,0.030132411963339416,0.030217699811203126,0.030300191657268986,0.030304221122055264,0.030299802385948052,0.03023409851886059,0.030226394552296913,0.030169905304925505,0.03014587132431252,0.03004571878692064,0.029948307882579586,0.029999497817603686,0.030062404363501057,0.030065364675075406,0.030061228127765172,0.030069274566133525,0.03006284486953394,0.030113054000183066,0.030094836967724227,0.030153717206156505,0.030168002853206876,0.03017159394535444,0.03016800047349757,0.030099233756781394,0.030104504367528883,0.03010182465300393,0.030098692897391192,0.0300968446227653,0.030096443726927435,0.03009848104491719,0.030099686089925925,0.030076944961661974,0.03009680874075051,0.030100185067681178,0.030110217007732833,0.03011560129363777,0.030115187739704192,0.030080379839628156,0.030093128058470413,0.03009312806045735,0.03009312805806297,0.03009312806386593,0.030093128069654064,0.030093128078865557,0.03009312809310717,0.030093128080369902,0.03009312809618226,0.03009312809256641,0.030093128105649385,0.030093128098856874,0.030093128125722075,0.0300931280829583,0.030093128092703113,0.030093128097338245,0.030093128109914803,0.030093128131934436,0.030093128128031485,0.03009312823396596,0.030093128249026286,0.03009312825559723,0.030093128265363454,0.030093128290685608,0.03009312825504206,0.03009312828669476,0.03009312828313816,0.030093128303162946,0.030093128308308008,0.0300931283201346,0.030093128328205706,0.03009312836886644,0.03009312836925207,0.030093128396246647,0.03009312841027535,0.03009312843469498,0.030093128430305552
536,1.7365674545930214,1.3567551917328842,7.856004446499254e-05,0.0,0.0,0.0,0.1016493722970462,0.14050336574853173,0.14026892089790477,0.048972812543840116,0.026197546038985005,0.020516710283505532,0.017710154204070044,0.019411909398634464,0.027179448145523564,0.030311308970450472,0.03137166003968899,0.030925496762998883,0.02988113766141226,0.029783770789769213,0.029626304732099935,0.029427683783816192,0.02957831384634064,0.029603479323398515,0.030221364703018627,0.029825923221683426,0.029763447516272138,0.029624521027411345,0.029728101214651605,0.02973140979581718,0.029803661323375637,0.029885320930794945,0.02992147422489052,0.03003852444416823,0.029933271705144603,0.029925500345902543,0.029868546559358618,0.029852284045271855,0.02979424823608349,0.02969320371353361,0.02973503995695005,0.02976189550447365,0.029737305908378003,0.029703961278435526,0.02967619422161005,0.029656280235788816,0.029701960474144612,0.029692668400302585,0.029759572055655326,0.02978492293797335,0.029802421767768927,0.029816073890553334,0.02978711954548824,0.02978333758184519,0.029779267822389717,0.02977556574494231,0.02977234293736366,0.02976827989289359,0.029756492314438155,0.029750100333352906,0.029722462138868595,0.02973610803714161,0.02974365805792678,0.029761126104238214,0.02977256253394386,0.029788772369825304,0.029761497686550488,0.029768304339576484,0.02976830433488406,0.029768304319527865,0.02976830430626436,0.029768304291059977,0.029768304275042862,0.02976830426820122,0.029768304222944367,0.029768304210024927,0.029768304185117837,0.02976830417382062,0.02976830413795988,0.029768304132648894,0.02976830405779323,0.029768304041558356,0.029768304018091492,0.02976830399924438,0.02976830399434035,0.02976830396146915,0.02976830403955355,0.02976830402689382,0.029768303999411088,0.029768303978280758,0.0297683039761341,0.029768303911502383,0.0297683039100043,0.029768303867988902,0.029768303855894327,0.02976830383222152,0.029768303810532293,0.029768303787610605,0.02976830379479083,0.029768303753752796,0.029768303739745944,0.029768303718739758,0.02976830370165601,0.02976830366752514
537,1.7126243239164167,1.3868558323689082,0.00013697239985477339,0.0,0.0,0.0,0.10534909212832143,0.146135074373185,0.14691444522218486,0.052991310282543835,0.027052049086658668,0.02151349788023438,0.018238693295295857,0.0190789033551188,0.02609760718809573,0.029552753419198524,0.0309115809465406,0.030736844181636323,0.029729575989613503,0.029636954002899073,0.0294437910876861,0.02918083907092194,0.02927965088639369,0.029262130000379378,0.029861888346881717,0.029482615976583873,0.029417191964182993,0.02924699872274159,0.029300930965000558,0.029287622708066445,0.029336087585322874,0.029403929711875935,0.029458033853912626,0.029695210237975726,0.029543760187804323,0.02953687686730805,0.02948890683188953,0.02948823747329913,0.029532351488581094,0.02947027728604963,0.029512090044248505,0.029512450838381943,0.029470234006942136,0.02941295995791938,0.02935090672709413,0.02931576626162507,0.029338927989224738,0.029312111535909305,0.029382834697918584,0.029415724450913873,0.02944071781861079,0.029464148711075184,0.029466051907519362,0.029453248010487168,0.029446527800742056,0.029442287672674733,0.02943778997211186,0.029430397157595038,0.029406490386626644,0.02939375990866319,0.029359819928203558,0.029366661347009184,0.029377418253811276,0.02940118008031872,0.029418632962256906,0.02945226614033872,0.029436519936547265,0.029437889422612853,0.029437889413294255,0.029437889389781733,0.02943788936487402,0.02943788933807931,0.029437889307355535,0.029437889292031245,0.029437889231716308,0.029437889204696265,0.029437889176615828,0.02943788915864072,0.02943788911187216,0.02943788909489114,0.02943788901071791,0.029437888986679882,0.02943788895286784,0.029437888924565076,0.02943788891252997,0.029437888870527843,0.029437888943810834,0.029437888922574103,0.029437888882867563,0.029437888850626297,0.02943788883944142,0.029437888766869227,0.02943788875322416,0.02943788869485849,0.029437888668338855,0.029437888634692853,0.02943788859993468,0.029437888564710173,0.029437888557524772,0.029437888496768216,0.02943788846243885,0.0294378884237979,0.029437888385458574,0.029437888339395563
538,1.8051946295970827,1.264010887579562,1.4820377220559067e-05,0.0,0.0,0.0,0.09124822756814482,0.12497170962796125,0.12284034410809477,0.03990297074031029,0.02593226432228532,0.019572515797929704,0.01765116354799909,0.021000351399246976,0.02990981889512971,0.031862101868668204,0.03226179743453239,0.031340798378163094,0.03051603273674663,0.03037623072352054,0.030336837877925,0.030371259750121834,0.03067103377676284,0.030757367671954992,0.03124848206203943,0.03086450259587035,0.030783240592266115,0.03061494239884719,0.030702379199410976,0.030732824620194565,0.03084054241152271,0.030929132862496354,0.0308963703533097,0.03078216228903281,0.03073616130800078,0.030730083160861392,0.030689142858685396,0.030667941925193627,0.030603819777026368,0.03058944949641357,0.030661646456358358,0.030772284804491092,0.0307993995688076,0.030812336857699935,0.03081314687400708,0.030786906757528015,0.030786926784109294,0.030707059390326554,0.030756528680660155,0.030766221330860825,0.03075657453567011,0.03073981753246543,0.030651295298165838,0.030675191445080265,0.03066976990267111,0.030667347006620525,0.030666606617314497,0.03066877042533585,0.030682255715814816,0.030693891597905042,0.030693844440139423,0.030738168308151393,0.03073922538288674,0.030742243290130075,0.03074203325964959,0.030728712990438653,0.030691074888788458,0.030713459190817534,0.0307134591981944,0.030713459207124722,0.030713459226137555,0.030713459248724647,0.03071345927501687,0.0307134593013747,0.030713459310121018,0.030713459341552892,0.030713459347284373,0.030713459375514632,0.030713459387037435,0.030713459436377002,0.030713459409591738,0.030713459435434395,0.03071345945739593,0.03071345948530483,0.030713459519653246,0.03071345953083463,0.030713459639957683,0.030713459667452248,0.030713459692913718,0.030713459718589117,0.030713459755472086,0.030713459728176278,0.030713459775409853,0.030713459792319497,0.030713459831012525,0.030713459845351433,0.030713459870311786,0.030713459891286335,0.030713459947153385,0.030713459970380604,0.03071346001876701,0.030713460050701802,0.030713460097993823,0.030713460099580155
539,1.6881595112801828,1.4165340232836183,0.00023880617148691607,0.0,0.0,0.0,0.10919916510936205,0.15206077900754342,0.15410768633240907,0.057689835601913785,0.028482100151690507,0.023031700918447563,0.019185098055872294,0.0189721768868856,0.02498661276329401,0.02866088673138687,0.030344438234015718,0.030493039925372275,0.02959805247113373,0.029503632238560538,0.029283092647078606,0.0289804876133781,0.029057854086141935,0.029041776355250154,0.029648021393551893,0.02927077699677762,0.029198186542283913,0.028980385903494058,0.02894725245561918,0.028909411677768063,0.028918806611675046,0.028949106298649177,0.028984635882717217,0.029271691976661896,0.02909458870161402,0.029089204054150088,0.029056283986760977,0.029072929006909328,0.02923993152168319,0.029229996929903853,0.029278950747069554,0.029269088008590155,0.029231651067232627,0.029171853947510547,0.029107334667862746,0.029071608434748226,0.029074462380679095,0.029021216088554166,0.029088762658285416,0.029120522910528218,0.029144720943229094,0.02916960802929488,0.02918654618849023,0.029178648389170166,0.029168934288370457,0.029164221073124073,0.029158869302244924,0.029149551176446745,0.02911909623475099,0.029103105973258672,0.029059277938963724,0.029057570343424655,0.02906858497559414,0.029092956939549757,0.02911193236657424,0.029151803841556235,0.02914020853094291,0.0291385899556053,0.029138589944937173,0.029138589918006715,0.029138589889170056,0.029138589858370294,0.029138589823303956,0.029138589807830035,0.029138589745938064,0.029138589718150188,0.029138589695961628,0.02913858968128058,0.029138589636638627,0.029138589621536863,0.029138589544054256,0.029138589523821302,0.029138589492159157,0.029138589469559266,0.029138589463422758,0.029138589426133434,0.029138589511315233,0.029138589495734335,0.029138589460182898,0.02913858943238224,0.029138589426542565,0.029138589362410018,0.02913858935377681,0.029138589299208366,0.029138589274659295,0.029138589247013097,0.029138589217663685,0.02913858918637798,0.02913858918294053,0.029138589124182036,0.029138589091717734,0.02913858905462995,0.02913858901678447,0.029138588976993916
540,0.0,0.0,8.49973307887053e-06,0.0,0.0,0.0,0.08797093102278634,0.12016452044238318,0.11770362594278078,0.037653420955282235,0.026390823498659687,0.01973837873710943,0.017966638308628474,0.02160786498654476,0.030626336293757286,0.03218309228844826,0.03243589011450469,0.03144517930242152,0.030747055662772194,0.030587916532725756,0.030581642923697066,0.03068090648401042,0.030998038812938482,0.03105857170199227,0.03145749051162506,0.031104103526019094,0.031018533743160673,0.030843144069619192,0.030922061057575362,0.030965245032739144,0.031087151307583775,0.031186011343707517,0.031152674204734453,0.03103849730848458,0.030981528226092403,0.03097614526347371,0.030941743029711182,0.030923662698565887,0.03087895445516788,0.03089816086202966,0.030971718194111604,0.031083838082433115,0.031102599257616874,0.03110375133909212,0.03107273693228288,0.0310251355957156,0.031002084672185456,0.03091341850877409,0.03096603514366026,0.030985455136612473,0.030985821586481246,0.030983271372885004,0.030920235118868565,0.030954033736504183,0.030946197597177146,0.030943628466001984,0.030942277121932503,0.030942601661113005,0.03094979607452502,0.03096015475681275,0.030966276811116546,0.031016993584821517,0.031019513810418578,0.0310219199870158,0.03101911766899115,0.031000750344199197,0.03095653101041887,0.03097909298264731,0.030979092987305955,0.030979092991770766,0.030979093002495038,0.030979093017055884,0.03097909303307853,0.03097909304689184,0.030979093041674653,0.03097909306095363,0.030979093049461896,0.03097909306308251,0.03097909306042349,0.0309790930954545,0.030979093050945712,0.03097909306359576,0.03097909307533719,0.030979093087923838,0.030979093108296184,0.030979093107153643,0.030979093196060885,0.030979093211021783,0.030979093224134883,0.0309790932378305,0.030979093262881185,0.03097909322087051,0.030979093255999447,0.030979093260983807,0.03097909329111739,0.030979093293023875,0.030979093305198154,0.0309790933160828,0.030979093361553,0.03097909337497723,0.03097909341394229,0.030979093437429907,0.03097909347603263,0.03097909346459834
541,1.6631804689032443,1.4457807242125633,0.00041631795707264274,0.0,0.0,0.0,0.11323435278928379,0.15834890310513233,0.1619835517954477,0.06326689168518254,0.030712578487292294,0.02528641356677927,0.020754455630278588,0.019274375502016758,0.023972974622577574,0.02768849029415163,0.02969493721857585,0.030187355441341164,0.02945909892061486,0.02935644913137721,0.029117140437712838,0.028800632388483852,0.02889829714256033,0.028966861639146864,0.029671513016643017,0.029261232140231467,0.029187109501951563,0.028949654337454524,0.028834347969908577,0.028771946918335175,0.02873515609942688,0.028709569587775048,0.02869104518126636,0.028919939227206856,0.028761486665385548,0.02875724449780861,0.028735877542304472,0.02876104518092026,0.028996742655840416,0.02899786909303597,0.029051654378860405,0.02904217936409614,0.02902664932155969,0.028985687826782687,0.028955164191750947,0.028932747079663274,0.02892782569016283,0.0288516555826035,0.028909695806480663,0.028931992105166775,0.02894930188693107,0.028972997372506686,0.029001890207921648,0.029025127509658362,0.029012417420084872,0.02900736526448403,0.029001638284434146,0.028991908380926742,0.02896112779860508,0.028946463858529742,0.028897325215538366,0.028893506510700342,0.02890250192010679,0.028921228192103157,0.0289365567052963,0.02897121235107551,0.02895539864889891,0.028956198130684747,0.028956198121499563,0.02895619809403233,0.028956198063968496,0.02895619803028128,0.028956197992349116,0.02895619797270266,0.028956197905300997,0.028956197873642647,0.028956197847370087,0.02895619782792441,0.02895619777932984,0.028956197758884774,0.02895619767911473,0.028956197655309258,0.028956197618525702,0.0289561975919412,0.028956197582252013,0.02895619754075132,0.02895619762667938,0.028956197608716004,0.028956197568462558,0.02895619753791745,0.028956197529789337,0.02895619746456647,0.028956197452954198,0.02895619739681228,0.028956197370361703,0.02895619734113518,0.028956197310817663,0.028956197275844836,0.028956197270932047,0.028956197210199985,0.0289561971770075,0.0289561971400298,0.028956197100191983,0.028956197061742885
542,0.0,0.0,0.0007256837971509889,0.0,0.0,0.0,0.11750691056633102,0.16510293463317474,0.17074939105500403,0.07003945281986536,0.03412216510670613,0.028645426291252375,0.023310397257808094,0.02033727073321475,0.023359530293424,0.026849988300945173,0.029131562804082942,0.029927240927039758,0.029354127000274517,0.029238540021742133,0.028981538649253347,0.02865554827500344,0.028792170551888843,0.029011943212610223,0.02993316203313773,0.029453871076873108,0.029396265462306902,0.029220000925011386,0.029094362301038113,0.02902211866593488,0.028952678298531542,0.02887950069713592,0.028809615264927223,0.028924942110466065,0.02882273847434536,0.0288183962668406,0.02879630690258703,0.028814922092868893,0.029017848930338076,0.028964678573104943,0.02901686144082276,0.0290128179724563,0.029020333397575253,0.0290052278163119,0.029021449765714066,0.029010347296967262,0.029000517422639233,0.02889562691747837,0.028940687660638825,0.028948500207561068,0.028952575661611864,0.028971914881346802,0.029014592908387753,0.029083102742178887,0.029067528333097246,0.029062358067973068,0.02905666835019759,0.029047629216315998,0.029021196163491896,0.029011747320767913,0.028966165207924895,0.028969724003742488,0.02897581311790408,0.02898595614419663,0.0289957682877741,0.029023497479442346,0.029006294109393566,0.02901459623065211,0.029014596226062415,0.029014596204523707,0.029014596180066927,0.02901459615110381,0.029014596116739365,0.029014596096183662,0.029014596027470942,0.02901459599323133,0.029014595963515726,0.02901459594078756,0.02901459588912671,0.029014595865381538,0.029014595782746875,0.029014595756078475,0.029014595714200085,0.029014595682817307,0.02901459566861779,0.02901459562183305,0.029014595705756617,0.02901459568428769,0.02901459563838752,0.029014595604746545,0.029014595592876773,0.02901459552391016,0.029014595508012126,0.0290145954510554,0.029014595423647885,0.02901459539086908,0.02901459535883022,0.02901459531778184,0.02901459531094171,0.029014595249232136,0.02901459521667302,0.029014595181537258,0.02901459514118965,0.029014595102811017
543,1.5308434722221622,1.5852348211544607,0.006667823052234456,0.0,0.0,0.0,0.13900332018610137,0.20086534149495266,0.22317944403327644,0.12292027295428877,0.07750135159933023,0.07097142900261284,0.06199914667151443,0.052269984542683834,0.04680292388063205,0.04733766383238972,0.04996875435860175,0.051118845372825614,0.05030116924994802,0.05011511138855675,0.04964794421522294,0.048856787622788875,0.048393455507781104,0.04786938026112207,0.04855455460761897,0.04827384197821025,0.04829287192358272,0.0483378663221792,0.04835347951401123,0.04831194025574924,0.04821702074807581,0.04816357375784897,0.048171758914383266,0.04858797193027847,0.04836181624966316,0.04835157935277801,0.04827252945120817,0.04826726327258121,0.048263316641937413,0.04807943073200562,0.04811628926364515,0.048112804874009235,0.04814481111971934,0.04817216490309344,0.0482917384387998,0.048336695373102714,0.04836351254390791,0.04822564513778464,0.04824909743660193,0.048216279009941486,0.048175478370553325,0.048154645890176255,0.04818873552741132,0.04830559504581139,0.04829147512987465,0.04828686495015583,0.0482829031557258,0.04827950769095647,0.04827664953366345,0.04828195979122936,0.048243382005961434,0.048253660819026004,0.048244920379189635,0.04822563433242907,0.048212894895460476,0.04820149844066679,0.048174397815816034,0.04820359602511616,0.048203596042318955,0.04820359606635594,0.04820359610329844,0.048203596143218584,0.04820359618580173,0.04820359623585667,0.04820359626711988,0.048203596319208064,0.048203596366210306,0.048203596420233495,0.04820359644878582,0.04820359651134443,0.04820359652908532,0.048203596576989895,0.048203596603149886,0.04820359665913232,0.0482035967188544,0.04820359674617634,0.04820359692742823,0.048203596982203716,0.04820359701807164,0.04820359706610982,0.04820359712631182,0.04820359714285379,0.04820359721006985,0.04820359725698833,0.048203597311902956,0.04820359735677488,0.04820359741879568,0.048203597445706015,0.0482035975257299,0.04820359756800561,0.04820359764210299,0.04820359770323529,0.04820359776522853,0.04820359781952529
544,1.558276479743858,1.558276479743858,0.003834989071943906,0.0,0.0,0.0,0.13269884621814046,0.1900666374254121,0.20631754461311785,0.10390016275513758,0.05961101581049549,0.0534650515701238,0.0453071679771208,0.03706152630934505,0.03348203042160012,0.03465683630541157,0.037189640916044764,0.03820281768699195,0.03735984666867595,0.03719892195579183,0.0367761637865358,0.03608974021203271,0.035819437380860214,0.035646716620415644,0.03665539270768087,0.03624002791091532,0.0362704408384415,0.036388056501957186,0.0364671900446861,0.03643123593425788,0.03634917064308883,0.036287460626280285,0.036274964788292556,0.036547481333637,0.03641225026307265,0.03640326155336509,0.03633622791892492,0.03632552419259185,0.03631989877454634,0.03613769378467232,0.03619149718521443,0.03622025114465454,0.03626849103716681,0.03630715787393143,0.03642896927676825,0.03646130273969566,0.03646906090674363,0.03631203102973172,0.036332655327837554,0.03630059197015406,0.03625930116161774,0.03624060768642734,0.036268558023843045,0.0363955348805718,0.03637922476932777,0.03637441076748381,0.036370184818768705,0.036366249420088724,0.03636161367834122,0.036366468172292804,0.036323243080475576,0.03633236915817591,0.03632529321903094,0.03630904352108055,0.03629991758027402,0.03629749033231096,0.036279984402996866,0.036307376039599285,0.03630737605694938,0.0363073760813462,0.03630737611890367,0.03630737615899858,0.03630737620001677,0.03630737624651799,0.03630737627111747,0.036307376314930535,0.036307376357592944,0.036307376405684044,0.036307376424184266,0.03630737647800348,0.03630737648107522,0.03630737651988672,0.03630737653579889,0.03630737657763797,0.03630737662507704,0.036307376639621296,0.03630737680127585,0.03630737684217991,0.03630737686343133,0.036307376896934945,0.036307376943575435,0.03630737694167966,0.036307376992692486,0.03630737702108011,0.03630737706166733,0.03630737709088785,0.03630737713457916,0.03630737714667146,0.03630737720949036,0.03630737723286152,0.036307377287387956,0.03630737733129633,0.03630737737524881,0.03630737741023288
545,1.5852348211544607,1.530843472222162,0.002203019377929216,0.0,0.0,0.0,0.1271113177686423,0.18070351593968625,0.19237615090251942,0.08945752249868726,0.047381912933968075,0.041545524561826225,0.034332569893597904,0.027845885782049735,0.026538007124207858,0.02862803891553079,0.031148655305269616,0.03217493572518066,0.03152148174903227,0.03137684601254222,0.03102822636447926,0.03052114299192129,0.03050319409538401,0.030699491234200564,0.03192795843479341,0.03139795835657153,0.03141414204754349,0.03151240803860977,0.03157705627608309,0.031536249776313786,0.03146542787466415,0.03139334844106262,0.031354177456513886,0.03149051565970966,0.03142713123376448,0.03141970710638038,0.03136777527313317,0.03135837660983978,0.031381453199245984,0.031208236482987258,0.03126592660948621,0.031297219048885466,0.031339173594622,0.0313674148398181,0.0314609864366511,0.031469810180117644,0.03145663946183741,0.03129218863670653,0.031315949472875956,0.03129311114952029,0.0312605008042624,0.03125191689641818,0.031287396017868764,0.03140852042031669,0.03139070602915764,0.03138573773508195,0.03138098172525112,0.0313753764369975,0.03136430524475079,0.031366080117825657,0.03132352829203633,0.03133433847061847,0.03133149998920795,0.031323028551078595,0.03132049166967403,0.03133114158508953,0.031319010203719945,0.03134191207471451,0.031341912086158,0.0313419120970954,0.03134191211550553,0.031341912133329965,0.031341912148571294,0.03134191216985093,0.03134191215824331,0.03134191216959422,0.0313419121839116,0.03134191220348038,0.03134191219179579,0.031341912213081725,0.03134191217826026,0.031341912188853197,0.03134191217770444,0.03134191218544088,0.03134191220380692,0.03134191218885741,0.0313419123136102,0.03134191232484695,0.03134191231358651,0.03134191231567831,0.03134191233392248,0.03134191229873285,0.03134191231708189,0.03134191230670671,0.03134191231643339,0.03134191231503525,0.03134191232298946,0.031341912306936656,0.031341912336589554,0.031341912320864716,0.03134191233590421,0.031341912344768304,0.03134191235027139,0.031341912350485904
546,1.611710284682025,1.502944154949214,0.0012646485170648147,0.0,0.0,0.0,0.12209515168374024,0.17247918599908874,0.1807240438486407,0.07851351912372163,0.03934494188741406,0.03373301916500786,0.027489543023751596,0.02281848322786475,0.023801808524016088,0.026737045925319093,0.029195495096999546,0.030179344090710585,0.029650316650878136,0.029520056200788257,0.029230795945355912,0.028854162932953495,0.028978019419142832,0.02929690174521795,0.03045949500682266,0.029916811740246303,0.029895463063540965,0.029861330906788008,0.02982131934722788,0.02976108041573546,0.029685716247039383,0.029599504350604298,0.029525109429366547,0.029589653422506548,0.029535762346906927,0.02953009309171693,0.029495172258336942,0.029497849455242708,0.029602319825164623,0.02947171710089294,0.029524047939888446,0.029535119400519866,0.029560668204098875,0.02956862487869794,0.02962532069887594,0.02961972249113542,0.029602313389070777,0.029459763246781866,0.029492188516633523,0.029483826818146583,0.02946874471635273,0.029475834738270555,0.029521564698890262,0.02962464472119774,0.02960706011669505,0.029601957479168217,0.029596633728716952,0.029589069721454857,0.02956977640258033,0.029566498619522805,0.0295248794299002,0.029535365027299677,0.029537495578085892,0.029538433237401174,0.02954253336609777,0.029563781335866457,0.029550546602178,0.029567077533389673,0.029567077536374855,0.029567077529285453,0.029567077522806448,0.029567077513149884,0.029567077498164784,0.0295670774926016,0.029567077443923,0.029567077424333392,0.029567077409768747,0.029567077401524044,0.029567077363135054,0.029567077354822606,0.02956707728811459,0.02956707727411092,0.029567077241756057,0.02956707722292205,0.029567077219223265,0.02956707718228784,0.029567077280222745,0.029567077269435624,0.02956707723433956,0.029567077212680523,0.029567077210460632,0.02956707715233783,0.029567077147461193,0.02956707710706081,0.029567077092791858,0.02956707707005664,0.029567077051763712,0.029567077017732823,0.029567077023383716,0.029567076977948706,0.02956707696270882,0.02956707694394289,0.029567076919879115,0.029567076895057002
547,1.6376948056438874,1.4745870263273209,0.0007256837971509889,0.0,0.0,0.0,0.11750691056633102,0.16510293463317474,0.17074939105500403,0.07003945281986536,0.03412216510670613,0.028645426291252375,0.023310397257808094,0.02033727073321475,0.023359530293424,0.026849988300945173,0.029131562804082942,0.029927240927039758,0.029354127000274517,0.029238540021742133,0.028981538649253347,0.02865554827500344,0.028792170551888843,0.029011943212610223,0.02993316203313773,0.029453871076873108,0.029396265462306902,0.029220000925011386,0.029094362301038113,0.02902211866593488,0.028952678298531542,0.02887950069713592,0.028809615264927223,0.028924942110466065,0.02882273847434536,0.0288183962668406,0.02879630690258703,0.028814922092868893,0.029017848930338076,0.028964678573104943,0.02901686144082276,0.0290128179724563,0.029020333397575253,0.0290052278163119,0.029021449765714066,0.029010347296967262,0.029000517422639233,0.02889562691747837,0.028940687660638825,0.028948500207561068,0.028952575661611864,0.028971914881346802,0.029014592908387753,0.029083102742178887,0.029067528333097246,0.029062358067973068,0.02905666835019759,0.029047629216315998,0.029021196163491896,0.029011747320767913,0.028966165207924895,0.028969724003742488,0.02897581311790408,0.02898595614419663,0.0289957682877741,0.029023497479442346,0.029006294109393566,0.02901459623065211,0.029014596226062415,0.029014596204523707,0.029014596180066927,0.02901459615110381,0.029014596116739365,0.029014596096183662,0.029014596027470942,0.02901459599323133,0.029014595963515726,0.02901459594078756,0.02901459588912671,0.029014595865381538,0.029014595782746875,0.029014595756078475,0.029014595714200085,0.029014595682817307,0.02901459566861779,0.02901459562183305,0.029014595705756617,0.02901459568428769,0.02901459563838752,0.029014595604746545,0.029014595592876773,0.02901459552391016,0.029014595508012126,0.0290145954510554,0.029014595423647885,0.02901459539086908,0.02901459535883022,0.02901459531778184,0.02901459531094171,0.029014595249232136,0.02901459521667302,0.029014595181537258,0.02901459514118965,0.029014595102811017
548,1.502944154949214,1.611710284682025,0.011568916118998962,0.0,0.0,0.0,0.14611630348470878,0.21328746834705428,0.24336465592006848,0.1472107181761828,0.10199736991749941,0.09501483430440621,0.08542465714665959,0.07462250406532352,0.06787165397700765,0.06824761682561525,0.07115150265115339,0.07273282304644633,0.07237786471561254,0.07215226789040088,0.07171108152047923,0.07100472780015349,0.07058741793180202,0.07005325818470695,0.07061128653236377,0.0703685894401283,0.07036734121257468,0.07035282788498792,0.07032790042852258,0.07029221111171927,0.07022023805700418,0.07020080045577047,0.0702707551757704,0.07084002987663648,0.07055094833247967,0.0705399606740835,0.07045372587451024,0.07045493776404195,0.07046751498904748,0.07029665003627629,0.07032371420070625,0.07029140334510037,0.07029255265544639,0.07029109622881002,0.07037490612570141,0.07041556647264756,0.07044898253327404,0.07033076995359204,0.07036305189322666,0.07033879946499745,0.07030630531975286,0.07029031928739175,0.07034060488630516,0.07043373390759303,0.07042169619648456,0.07041738052131409,0.07041345944954273,0.07040957277400951,0.07040449294579869,0.07040863026570834,0.07038234348767457,0.07039983160929719,0.07039285692611223,0.07037706611088031,0.07036633296535806,0.07035768014296084,0.07032484348856642,0.07035353830090338,0.07035353831195379,0.07035353832061739,0.0703535383345212,0.07035353834677961,0.07035353835963311,0.07035353838200428,0.0703535383747576,0.07035353839476315,0.07035353840867789,0.07035353843122433,0.07035353843127559,0.07035353845860841,0.07035353844240497,0.07035353846161754,0.07035353845955411,0.07035353848270426,0.07035353851333367,0.07035353851139005,0.07035353866295495,0.07035353869010927,0.07035353869363638,0.07035353871246677,0.07035353874530981,0.07035353873464771,0.07035353877106822,0.07035353878375339,0.07035353881038131,0.07035353882670772,0.07035353885794124,0.07035353885641764,0.07035353890723584,0.07035353891380888,0.0703535389531328,0.07035353898460149,0.07035353901064054,0.07035353903769816
549,1.6631804689032443,1.4457807242125633,0.00041631795707264274,0.0,0.0,0.0,0.11323435278928379,0.15834890310513233,0.1619835517954477,0.06326689168518254,0.030712578487292294,0.02528641356677927,0.020754455630278588,0.019274375502016758,0.023972974622577574,0.02768849029415163,0.02969493721857585,0.030187355441341164,0.02945909892061486,0.02935644913137721,0.029117140437712838,0.028800632388483852,0.02889829714256033,0.028966861639146864,0.029671513016643017,0.029261232140231467,0.029187109501951563,0.028949654337454524,0.028834347969908577,0.028771946918335175,0.02873515609942688,0.028709569587775048,0.02869104518126636,0.028919939227206856,0.028761486665385548,0.02875724449780861,0.028735877542304472,0.02876104518092026,0.028996742655840416,0.02899786909303597,0.029051654378860405,0.02904217936409614,0.02902664932155969,0.028985687826782687,0.028955164191750947,0.028932747079663274,0.02892782569016283,0.0288516555826035,0.028909695806480663,0.028931992105166775,0.02894930188693107,0.028972997372506686,0.029001890207921648,0.029025127509658362,0.029012417420084872,0.02900736526448403,0.029001638284434146,0.028991908380926742,0.02896112779860508,0.028946463858529742,0.028897325215538366,0.028893506510700342,0.02890250192010679,0.028921228192103157,0.0289365567052963,0.02897121235107551,0.02895539864889891,0.028956198130684747,0.028956198121499563,0.02895619809403233,0.028956198063968496,0.02895619803028128,0.028956197992349116,0.02895619797270266,0.028956197905300997,0.028956197873642647,0.028956197847370087,0.02895619782792441,0.02895619777932984,0.028956197758884774,0.02895619767911473,0.028956197655309258,0.028956197618525702,0.0289561975919412,0.028956197582252013,0.02895619754075132,0.02895619762667938,0.028956197608716004,0.028956197568462558,0.02895619753791745,0.028956197529789337,0.02895619746456647,0.028956197452954198,0.02895619739681228,0.028956197370361703,0.02895619734113518,0.028956197310817663,0.028956197275844836,0.028956197270932047,0.028956197210199985,0.0289561971770075,0.0289561971400298,0.028956197100191983,0.028956197061742885
550,0.0,0.0,0.0199999581648439,0.0,0.0,0.0,0.15403360314518946,0.2273260443834123,0.26686106681847865,0.17674570798846953,0.13304239472700544,0.1255283312028077,0.11549120984050226,0.1039675180909882,0.0963983316331285,0.09690706548259549,0.10016984790302703,0.10235932187393447,0.10278253707781153,0.10250634571701138,0.10214934811396531,0.10168390061365179,0.10152345751548462,0.10129856764275696,0.10194535311955899,0.10163826009406436,0.10161095672826213,0.10155146370281538,0.10149465195539481,0.10146851970118832,0.1014369503741603,0.10145421901519326,0.10159126255632062,0.10225760853126117,0.10195288932498024,0.10194197910165961,0.10185666474567656,0.10186470707440905,0.10191190995003181,0.10176423020505691,0.10179023401904304,0.10173981530643844,0.10170985463895017,0.1016765326170954,0.10171374435234797,0.10174279587253728,0.10177487050428483,0.10167445141632701,0.1017169451861413,0.10170463115443595,0.10168262091868031,0.10167159905692753,0.10173058289273788,0.10178841720885237,0.10177863853505666,0.1017746932945594,0.10177083242219902,0.1017662835462043,0.10175792263136436,0.10175975326524443,0.10174519509281184,0.10176925967476594,0.10176597129907357,0.1017587344213618,0.10175522966703242,0.10176217614964618,0.10173541962537958,0.10176116480780005,0.10176116481157974,0.10176116480256327,0.10176116479001703,0.10176116476937,0.10176116474533664,0.10176116473312241,0.10176116467467512,0.10176116464907148,0.10176116462273348,0.10176116460450295,0.1017611645637488,0.10176116454229767,0.10176116447525632,0.10176116445379299,0.10176116440990848,0.10176116438334298,0.10176116436997118,0.10176116432309273,0.10176116442528987,0.10176116440834866,0.10176116436104382,0.10176116433284894,0.10176116432129405,0.10176116426427982,0.10176116424987208,0.10176116420479622,0.10176116418404257,0.10176116415240644,0.10176116413082772,0.10176116408157247,0.10176116408181446,0.1017611640271088,0.1017611640052934,0.10176116398427451,0.10176116394849609,0.10176116392613827
551,0.0,0.0,0.00023880617148691607,0.0,0.0,0.0,0.10919916510936205,0.15206077900754342,0.15410768633240907,0.057689835601913785,0.028482100151690507,0.023031700918447563,0.019185098055872294,0.0189721768868856,0.02498661276329401,0.02866088673138687,0.030344438234015718,0.030493039925372275,0.02959805247113373,0.029503632238560538,0.029283092647078606,0.0289804876133781,0.029057854086141935,0.029041776355250154,0.029648021393551893,0.02927077699677762,0.029198186542283913,0.028980385903494058,0.02894725245561918,0.028909411677768063,0.028918806611675046,0.028949106298649177,0.028984635882717217,0.029271691976661896,0.02909458870161402,0.029089204054150088,0.029056283986760977,0.029072929006909328,0.02923993152168319,0.029229996929903853,0.029278950747069554,0.029269088008590155,0.029231651067232627,0.029171853947510547,0.029107334667862746,0.029071608434748226,0.029074462380679095,0.029021216088554166,0.029088762658285416,0.029120522910528218,0.029144720943229094,0.02916960802929488,0.02918654618849023,0.029178648389170166,0.029168934288370457,0.029164221073124073,0.029158869302244924,0.029149551176446745,0.02911909623475099,0.029103105973258672,0.029059277938963724,0.029057570343424655,0.02906858497559414,0.029092956939549757,0.02911193236657424,0.029151803841556235,0.02914020853094291,0.0291385899556053,0.029138589944937173,0.029138589918006715,0.029138589889170056,0.029138589858370294,0.029138589823303956,0.029138589807830035,0.029138589745938064,0.029138589718150188,0.029138589695961628,0.02913858968128058,0.029138589636638627,0.029138589621536863,0.029138589544054256,0.029138589523821302,0.029138589492159157,0.029138589469559266,0.029138589463422758,0.029138589426133434,0.029138589511315233,0.029138589495734335,0.029138589460182898,0.02913858943238224,0.029138589426542565,0.029138589362410018,0.02913858935377681,0.029138589299208366,0.029138589274659295,0.029138589247013097,0.029138589217663685,0.02913858918637798,0.02913858918294053,0.029138589124182036,0.029138589091717734,0.02913858905462995,0.02913858901678447,0.029138588976993916
