,surface_points,surface_disp_step1,surface_disp_step2,surface_disp_step3,surface_disp_step4,surface_disp_step5,surface_disp_step6,surface_disp_step7,surface_disp_step8,surface_disp_step9,surface_disp_step10
0,0.069921875,-173.06379905932516,-305.67225569851956,-415.08446937866137,-505.3582097582727,-579.8412649356029,-641.2957684403156,-692.0006815662952,-733.8363227505545,-768.3541026293976,-796.8340583390091
1,0.06953125,-174.3809682580312,-308.00106997179364,-418.24847259860604,-509.21148757215184,-584.2633247031315,-646.1871566256643,-697.27932491815,-739.4344962912019,-774.2159234007636,-802.9134157363177
2,0.06914062500000001,-175.58971957693555,-310.1336308511454,-421.1427415304834,-512.7340473715383,-588.3041989387161,-650.6556440024287,-702.1006059200536,-744.5468468459303,-779.568420625324,-808.4640468415708
3,0.06875,-176.77211696966253,-312.22446125960806,-423.9836174292909,-516.1939531935205,-592.2749315282998,-655.0478883866787,-706.8406534409196,-749.5738737390677,-784.8322378656806,-813.9232417122804
4,0.068359375,-177.84489373225614,-314.11680286747156,-426.5516426354457,-519.3192867970174,-595.8600110159964,-659.012256151442,-711.1179423580228,-754.1093338872595,-789.5807007241756,-818.8474423727866
5,0.06796875000000001,-178.8906962441087,-315.9664257605191,-429.0650112569757,-522.38048640495,-599.3732947840576,-662.8985853767437,-715.3120866123608,-758.5574643853768,-794.238399740589,-823.6780589134908
6,0.067578125,-179.82584420120722,-317.61562996882583,-431.3028325374464,-525.1037740444234,-602.4970506192385,-666.3527195583911,-719.038786757771,-762.5090391653011,-798.3755046645213,-827.9682344345543
7,0.0671875,-180.73343935996706,-319.22119359511265,-433.48481888855184,-527.7615479602724,-605.5474692417991,-669.7271423177634,-722.6805620197946,-766.3714161037457,-802.4199053214259,-832.1628260313731
8,0.066796875,-181.52951657155432,-320.6247173355598,-435.3889854043223,-530.0785900443148,-608.2050841311257,-672.6657159984147,-725.8509260060475,-769.7330112115342,-805.939271775105,-835.8123597139634
9,0.06640625,-182.29750497447117,-321.98374620764145,-437.23622538566906,-532.3288407582528,-610.7879348953414,-675.5230302078594,-728.9347181584195,-773.0036805071138,-809.364139487719,-839.3644603445307
10,0.066015625,-182.95328375576747,-323.13942492001615,-438.80380034420614,-534.2360635783957,-612.9753097051854,-677.9415107665441,-731.5438557148556,-775.7701105876395,-812.2603386500716,-842.3677224898399
11,0.065625,-183.58048125261814,-324.24982367468175,-440.31344599581547,-536.075321937278,-615.0866108409779,-680.277311675066,-734.0649110007895,-778.4440305203424,-815.0603941031229,-845.2718568025015
12,0.06523437500000001,-184.094950530653,-325.15587543442365,-441.5420122393843,-537.5697844602635,-616.8003723819792,-682.1719693899322,-736.1087982495228,-780.6110289981913,-817.3289591556588,-847.6242153760427
13,0.06484375,-184.58039026789407,-326.015932435728,-442.7117366313939,-538.995215620694,-618.4368698910824,-683.9826571306997,-738.0632314192188,-782.6840788481408,-819.499887344453,-849.8759080636562
14,0.064453125,-184.95275655806435,-326.6709597083829,-443.59939903197017,-540.0746124128635,-619.674374280772,-685.3505689045223,-739.5387149016979,-784.2483022040225,-821.1373179553281,-851.573733352022
15,0.06406250000000001,-185.29568996050295,-327.27934881848597,-444.4273986873223,-541.0840188039951,-620.8335453466589,-686.6333522745924,-740.923513298797,-785.7172865926033,-822.6757727381641,-853.1695138801508
16,0.063671875,-185.5253790425398,-327.68234138542374,-444.9727881021588,-541.7466848352115,-621.5928835119283,-687.4724077121494,-741.8283165262836,-786.6763213030546,-823.6795423216936,-854.2101860133458
17,0.06328125,-185.7252775034498,-328.0381249232336,-445.45778700448545,-542.3385110306729,-622.272942083467,-688.2253103425884,-742.6413467404967,-787.5389772419995,-824.5831537950231,-855.1475962629651
18,0.062890625,-185.8119352261528,-328.1884613021802,-445.66006220366063,-542.583424019767,-622.5529424510215,-688.5342147263485,-742.9740734052916,-787.8913431851646,-824.9517130784285,-855.5295089142784
19,0.0625,-185.86849063730236,-328.2910910036397,-445.8013131125392,-542.7567583475025,-622.7528410960635,-688.7560771372939,-743.2140834942311,-788.1463424369061,-825.2190900518522,-855.8071057522985
20,0.062109375,-185.81198315427002,-328.18853887742824,-445.6601613654553,-542.5835394789917,-622.5530704171082,-688.5343523419479,-742.9742184589695,-787.8914939440356,-824.9518681788131,-855.5296672853309
21,0.06171875,-185.72510836006495,-328.0378567055135,-445.4574469227694,-542.3381153719374,-622.2725018753558,-688.2248336633235,-742.6408398077078,-787.5384449957415,-824.5826002442833,-855.1470247122911
22,0.061328125000000004,-185.52552279783686,-327.68257406771767,-444.973085536823,-541.7470311577961,-621.5932673528523,-687.4728205009033,-741.8287516292601,-786.6767735217836,-823.6800075655269,-854.2106610696735
23,0.060937500000000006,-185.29535191401303,-327.2788127703132,-444.4267190222141,-541.0832280730691,-620.8326655895072,-686.6323996356963,-740.9225002034095,-785.7162229122816,-822.6746664841348,-853.1683716555018
24,0.060546875,-184.95299582664197,-326.6713469804626,-443.59989406620645,-540.0751888031735,-619.6750131040814,-685.3512558968454,-739.5394390227001,-784.2490548017306,-821.1380922217467,-851.5745239403976
25,0.06015625,-184.57988376213433,-326.0151292691444,-442.7107182946743,-538.9940308882316,-618.4355517859694,-683.9812298416555,-738.0617135613667,-782.6824852096536,-819.4982299263773,-849.874196757075
26,0.059765625,-184.09528493687014,-325.1564166854692,-441.5427040881193,-537.5705899996126,-616.8012651651633,-682.172929481737,-736.1098102200165,-780.6120807548695,-817.3300411833335,-847.625320201505
27,0.059375000000000004,-183.57980716631894,-324.2487548205624,-440.31209084139346,-536.0737453969845,-615.0848568602631,-680.2754124383828,-734.0628912740475,-778.4419099757907,-815.0581887043406,-845.2695797056438
28,0.058984375000000006,-182.95371268990633,-323.14011915144204,-438.80468771429724,-534.2370967452944,-612.9764547470652,-677.9427421135343,-731.5451535762323,-775.7714594528255,-812.2617263139108,-842.3691393662723
29,0.05859375,-182.2966641571445,-321.98241302444734,-437.2345351470565,-532.3268744411607,-610.7857473133495,-675.5206614990021,-728.9321992057356,-773.0010358390456,-809.3613890065537,-839.361620451414
30,0.058203125,-181.53003944929722,-320.6255636036319,-435.3900670886848,-530.0798494319763,-608.2064798702926,-672.6672169176073,-725.8525079785708,-769.734655327718,-805.9409631539975,-835.8140866674358
31,0.0578125,-180.73243352895815,-319.2195988987723,-433.4827972320357,-527.7591962171407,-605.5448529692239,-669.7243095083844,-722.677549592671,-766.3682533767116,-802.4166160795121,-832.159429874003
32,0.057421875000000004,-179.82646044418595,-317.61662735141493,-431.3041073705099,-525.1052583072766,-602.4986955734266,-666.3544884618582,-719.0406511699573,-762.5109767940434,-798.3774979650004,-827.9702696254019
33,0.057031250000000006,-178.88952704577818,-315.9645722243501,-429.06266163595615,-522.3777533132824,-599.3702544086673,-662.8952934757654,-715.3085860676475,-758.5537892439219,-794.2345776195641,-823.6741125682216
34,0.056640625,-177.84560236737258,-314.1179497809203,-426.55310857755677,-519.3209935446996,-595.8619025203459,-659.0142901573174,-711.120086154297,-754.1115618329296,-789.5829926363468,-818.8497823969061
35,0.05625,-176.77078628147837,-312.22235192921335,-423.9809437762279,-516.1908433955066,-592.2714722730115,-655.0441430968796,-706.8366708787225,-749.5696926124867,-784.8278895667925,-813.9187521043517
36,0.055859375,-175.59051954993532,-310.1349255841166,-421.14439638449136,-512.7359740356143,-588.3063341358107,-650.657940025972,-702.1030258348313,-744.5493616977185,-779.5710076204078,-808.4666880731844
37,0.055468750000000004,-174.37947822697797,-307.9987083300549,-418.24547941209903,-509.20800637938004,-584.2594525447952,-646.1829644736924,-697.2748673206873,-739.4298165390758,-774.211056595551,-802.9083907941933
38,0.055078125000000006,-173.06468916156007,-305.6736962867193,-415.08631062063824,-505.36035338681364,-579.8436405401823,-641.2983229336056,-692.0033738428165,-733.8391205840591,-768.356980646771,-796.8369966056106
39,0.0546875,-171.71929008480038,-303.30015394841575,-411.865112178149,-501.4400092555066,-575.3465491391238,-636.3254208628548,-686.6379189633543,-728.1497959396155,-762.4004490546635,-790.6600057783323
40,0.054296875,-170.27200588672991,-300.74114084280944,-408.38819249705364,-497.2055043691067,-570.4868707055307,-630.9498708543741,-680.836703241419,-721.9973530461255,-755.9582030759739,-783.9786402827893
41,0.05390625,-168.79432378327527,-298.13393380927954,-404.84968040501207,-492.8988300403919,-565.5465054863241,-625.4867123040515,-674.9422276670975,-715.747024273791,-749.4142785533651,-777.1924837053423
42,0.053515625000000004,-167.2167758919898,-295.3448649814248,-401.06037014079163,-488.28400130634117,-560.250452249774,-619.6285405241649,-668.620232412959,-709.0423184268616,-742.3937931278124,-769.9114459673648
43,0.053125000000000006,-165.60908942828365,-292.5080138891764,-397.2100014390244,-483.5976386905169,-554.8744326368633,-613.6835514078498,-662.2058274596383,-702.2406258457609,-735.27256896233,-762.5265906611652
44,0.052734375,-163.9037101170786,-289.49318936160216,-393.11414251243804,-478.60960049710445,-549.1501689744757,-607.351788599327,-655.3727982551397,-694.993992435434,-727.6846661235686,-754.6571042370015
45,0.05234375,-162.16849836123876,-286.43106885427227,-388.957854991149,-473.550776829981,-543.346786001276,-600.9341376306473,-648.4483567773187,-687.6514263676121,-719.9971255929182,-746.684940206395
46,0.051953125,-160.33791701794476,-283.1951367542096,-384.56176199937175,-468.1972190218887,-537.2031365479962,-594.1385447621088,-641.1148271594969,-679.8740363705703,-711.853502261075,-738.2391359643433
47,0.051562500000000004,-158.47785574174955,-279.9124689497454,-380.10596532898353,-462.7737360662968,-530.9813404672695,-587.2581297521056,-633.6910287640907,-672.0019214604622,-703.6115022143821,-729.6919591686637
48,0.051171875000000006,-156.52489475721663,-276.46041824411094,-375.4164156771546,-457.06291192764974,-524.4277763260957,-580.0091827655001,-625.8683037657623,-663.7057639848294,-694.9247119192859,-720.6828563344485
49,0.05078125,-154.54285220783544,-272.9622652790751,-370.66798129075266,-451.2831336601319,-517.7971624851506,-572.6766150032659,-617.9565979596672,-655.3162413294847,-686.1409640679467,-711.5738492863536
50,0.050390625,-152.47052276693847,-269.29941832527237,-365.6922050682123,-445.22384758329656,-510.8437870742058,-564.9854891575546,-609.6567372124158,-646.5141056938796,-676.9243981830921,-702.0153359795677
51,0.05,-150.36955535947246,-265.5911747461185,-360.658455830591,-439.0966876173388,-503.81458148510245,-557.2120774514106,-601.269326181922,-637.6201145811257,-667.6124499796324,-692.3585479147018
52,0.049609375000000004,-148.1810526064513,-261.72317875828173,-355.40412422342945,-432.6982809958858,-496.47211435196283,-549.0906294221737,-592.5051246012857,-628.3255698332121,-657.8803162785355,-682.2653589116588
53,0.049218750000000006,-145.96440011357925,-257.81056303744003,-350.0928229175773,-426.2331885695159,-489.05515761783784,-540.8883623256819,-583.654944035569,-618.9408274082969,-648.0545296291064,-672.0756837142333
54,0.048828125,-143.6630983363436,-253.74338156784555,-344.5680366337926,-419.5055257011574,-481.33491826116415,-532.3491123093272,-574.4399125080996,-609.1682018424489,-637.8218308380057,-661.4633782043715
55,0.0484375,-141.33417890190694,-249.63242730203424,-338.9873740125637,-412.7124711327595,-473.54164889031864,-523.730639668256,-565.1406116880976,-599.3071819938114,-627.4973599954022,-650.7565314810101
56,0.048046875,-138.9236263245459,-245.37233103761827,-333.20065078020923,-405.66592399567105,-465.4555392903144,-514.7867520594293,-555.4889562198317,-589.0715410380961,-616.7798706394254,-639.6414690543149
57,0.047656250000000004,-136.48603123353618,-241.06937771396423,-327.3592330304814,-398.55538342417327,-457.2979761890828,-505.7653656504783,-545.7548771272095,-578.7494522441671,-605.9726390085334,-628.4339640803015
58,0.047265625000000006,-133.96994444538905,-236.62293463677327,-321.31949423469524,-391.20081540667536,-448.85846213841785,-496.43062839393696,-535.6814765628354,-568.0665748325736,-594.7868806727668,-616.8332790717677
59,0.046875,-131.4274324732075,-232.1346176649918,-315.2263294486339,-383.78375432539036,-440.3491857216914,-487.0202410360229,-525.5276313419065,-557.2993362630175,-583.5135557892794,-605.1424008437557
60,0.046484375,-128.80969088691432,-227.50868324608706,-308.9428868060547,-376.13250399552555,-431.56927819762063,-477.30904502001414,-515.0480151249288,-546.1856912475107,-571.8767724179473,-593.073976713787
61,0.04609375,-126.16618275010418,-222.8419241477354,-302.60737165585067,-368.4203610269626,-422.7214117705642,-467.52416998097374,-504.49006385925753,-534.9899091943006,-560.1547412686975,-580.9177563531148
62,0.045703125000000004,-123.45082245964956,-218.04363050318287,-296.0899124897316,-360.4842242055928,-413.6146463664221,-457.4514862896186,-493.6203874868768,-523.4626293170509,-548.0848719145516,-568.4001974284158
63,0.045312500000000006,-120.7103945541751,-213.2056258709516,-289.52181724493835,-352.488892867289,-404.44183520824345,-447.30721415768744,-482.674613246002,-511.8555707361543,-535.9322132379797,-555.7973834579915
64,0.044921875,-117.9016021068073,-208.24237075634562,-282.7803895368455,-344.28010442644256,-395.02225124754875,-436.8885709704719,-471.4316333415261,-499.93242619463433,-523.4478643838979,-542.8499862273577
65,0.04453125,-115.0684801965111,-203.24058111351567,-275.98984294073495,-336.01391472147617,-385.53864149117555,-426.4005462974558,-460.1149169789616,-487.9319919817257,-510.8833206898565,-529.8200155553598
66,0.044140625,-112.17058626519955,-198.12001673435856,-269.03484012801346,-327.54513006990095,-375.8207607799102,-415.65200538575516,-448.5159659265938,-475.6313635268723,-498.00373807863525,-516.4627394524341
67,0.043750000000000004,-109.2491391838193,-192.9621554029527,-262.03231427882827,-319.0208300784628,-366.0409782888993,-404.8364033236243,-436.84576086746335,-463.25606177889074,-485.0466876502688,-503.02570833431065
68,0.043359375000000006,-106.26661176666721,-187.69217640530823,-254.87445894624707,-310.3051053060938,-356.0397823333709,-393.77453485406807,-424.9087196237221,-450.59691188323603,-471.7917260971379,-489.2791444318421
69,0.04296875,-103.26134448959358,-182.38619728592377,-247.67075271155923,-301.5358409986273,-345.97890954415766,-382.6480355462896,-412.90302423418586,-437.86582859985117,-458.4621523164163,-475.4557766608508
70,0.042578125,-100.19878218440407,-176.97492886260994,-240.3210804324661,-292.58661319820686,-335.7098169684192,-371.28989310174853,-400.64629537146595,-424.86767286937084,-444.8522457744219,-461.3411166249591
71,0.0421875,-97.11432906336569,-171.5290144795481,-232.92730321412714,-283.585908669135,-325.3833702105232,-359.86965659956815,-388.3236258914652,-411.800443249047,-431.170707067702,-447.1527323633514
72,0.041796875000000004,-93.97645366325168,-165.98479930648176,-225.39714481604022,-274.4169743484723,-314.86221198997384,-348.2327497908312,-375.76610404716683,-398.48331908877344,-417.2268358225386,-432.69173443560544
73,0.041406250000000006,-90.81757098838551,-160.40734769345482,-217.82469875325583,-265.1987101568048,-304.2861166406191,-336.53638857996236,-363.1454649495987,-385.1000961002954,-403.214432757853,-418.16021609626296
74,0.041015625,-87.6092204963054,-154.7387335687544,-210.12566352092355,-255.82420478072484,-293.5291126224348,-324.6386570725196,-350.30650879468783,-371.4845329840019,-388.9580922951638,-403.37517280323766
75,0.040625,-84.38077941362548,-149.03834574831424,-202.38622648431564,-246.40259724297246,-282.7196793451427,-312.6842097909346,-337.40736442275573,-357.8059572866112,-374.63643608483966,-388.5229323820314
76,0.040234375,-81.10690047391995,-143.2540722260287,-194.530184008584,-236.83697313394399,-271.74341289118405,-300.543995259847,-324.30676639887446,-343.91294466408755,-360.0896034877354,-373.43663568716966
77,0.039843750000000004,-77.81387944524855,-137.4395388985239,-186.63569152831843,-227.22655232455142,-260.71731239568305,-288.3498987842243,-311.1490108466217,-329.96011266800195,-345.48078254729535,-358.2865800829264
78,0.039453125000000006,-74.47951968216339,-131.54852375431693,-178.63475332527463,-217.48455628290026,-249.5387047033064,-275.98591651284835,-297.8069665189901,-315.8110674651399,-330.6658824679005,-342.92228609707223
79,0.0390625,-71.12699668601088,-125.62881153447789,-170.5973799074211,-207.70014329153142,-238.3129416540745,-263.5709771042923,-284.41089249771767,-301.6054983175566,-315.792427850745,-327.4977812664971
80,0.038671875,-67.73729706058506,-119.64013725307147,-162.46388106217407,-197.7967942421154,-226.94922610439082,-251.00228761065122,-270.8479699353138,-287.22223246285154,-300.7322985068734,-311.87917498197396
81,0.03828125,-64.33044201459585,-113.62437527501716,-154.29602199532965,-187.8534790211424,-215.54111370123695,-238.38565279946553,-257.2342384337345,-272.7858358722249,-285.6171502134325,-296.20401099829473
82,0.037890625000000004,-60.89062867989783,-107.54727467409008,-146.04250164352374,-177.80404425239723,-204.00980859836883,-225.63163168858756,-243.47134568034215,-258.1905218037549,-270.3350072757364,-280.3551688402647
83,0.037500000000000006,-57.434695125831034,-101.4447399299583,-137.75675310175882,-167.71716140105238,-192.43694079812056,-212.83275955741445,-229.660952824003,-243.54556290022822,-255.0014774653402,-264.45352174565795
84,0.037109375,-53.95007151048169,-95.28858216469507,-129.3959354181278,-157.53713341433343,-180.75582280294478,-199.91306813640247,-215.7193061874792,-228.7606999356194,-239.52087884338297,-248.3988750509637
85,0.03671875,-50.45038874735597,-89.10868559995403,-121.00507557532214,-147.3222391832354,-169.03604793273274,-186.95169813534,-201.73355174453218,-213.9297658710045,-223.99261686139505,-232.29527058567638
86,0.036328125,-46.926327360634126,-82.88296168666311,-112.54985011297732,-137.02731175425652,-157.2231245945253,-173.88625303279463,-187.63464301300024,-198.97814544065216,-208.3374263006364,-216.05956784982234
87,0.035937500000000004,-43.38829219585179,-76.63523363500381,-104.0668193677627,-126.7001599718918,-145.37451773172455,-160.78237543271675,-173.49509743316193,-183.98411043527773,-192.63838208159615,-199.7788434988772
88,0.035546875000000006,-39.830226291314446,-70.34954172633495,-95.53022106206002,-116.30620380518536,-133.44799955409061,-147.59131770377448,-159.26066053739908,-168.88878072949856,-176.8327321479759,-183.38711198893836
89,0.03515625,-36.25929465846381,-64.04361711233183,-86.96810194765592,-105.88272142115531,-121.48883446702213,-134.36514256509415,-144.98913146854858,-153.75477056574096,-160.98711904008587,-166.9543784297902
90,0.034765625,-32.67270993098957,-57.70764782424537,-78.3632911867226,-95.40575988317114,-109.46710706197717,-121.06880689228566,-130.64110924600345,-138.5390012880022,-145.05537421399617,-150.43188590917498
91,0.070703125,-170.27102695880416,-300.7395565149796,-408.38616758045305,-497.20314694602206,-570.4842582185566,-630.9470616945928,-680.8337426272128,-721.9942764327278,-755.9550383818688,-783.9754094453161
92,0.0703125,-171.72093704752766,-303.3027639897396,-411.86841984447676,-501.44385587546026,-575.350827484918,-636.3300525430161,-686.6428437495525,-728.1549660463555,-762.4058257442636,-790.6655571437176
93,0.034375,-29.074388564975045,-51.35325145739015,-69.73528840087795,-84.9020226548462,-97.41582831289602,-107.74073321099895,-116.25960824031839,-123.28835800311995,-129.08763201063786,-133.87248867229997
94,0.033984375,-25.46481463250229,-44.97677282463558,-61.07553059547424,-74.35820690015566,-85.31742386076297,-94.35961633937967,-101.82011837459143,-107.97560425055023,-113.05435086876143,-117.24470418119273
95,0.0,-167.21570965534784,-295.3431393829348,-401.0581647243081,-488.2814338057231,-560.2476070201832,-619.6254811699271,-668.6170081974672,-709.0389679830702,-742.3903468789281,-769.9079278230824
96,0.07109375,-168.79612492148334,-298.1367877708795,-404.8532967557888,-492.9030352378418,-565.5511823067034,-625.49177508556,-674.9476106235991,-715.7526752272719,-749.4201552145474,-777.198551248012
97,0.0,-165.61104188914175,-292.51110714726053,-397.2139205049555,-483.6021954203196,-554.8795000057179,-613.6890366353642,-662.2116593263647,-702.2467478852059,-735.2789354196891,-762.5331638643833
98,0.03359375,-21.844652516519393,-38.58370429894552,-52.39495049893756,-63.79041443513411,-73.19261817199589,-80.9502003799529,-87.35082671910205,-92.63184990277425,-96.98910787140194,-100.58418430788618
99,0.033203125,-18.217654405274118,-32.176546732112634,-43.69359565287538,-53.19599853227266,-61.036186880067504,-67.50492954992644,-72.84212767632104,-77.24571604278454,-80.87900526389328,-83.87673893828153
100,0.0328125,-14.581234235206189,-25.754665351928885,-34.97382580079572,-42.5804493691991,-48.85655454282966,-54.03485322459356,-58.307362272534014,-61.83251652854099,-64.74104039768433,-67.14079369229906
101,0.032421875,-10.942403792844724,-19.326706468583158,-26.24428791083274,-31.951765219185408,-36.66083586632528,-40.54615434203592,-43.751818954310906,-46.396719774916996,-48.578949310687314,-50.37944103668969
102,0.032031250000000004,-7.295333366583834,-12.885916042659407,-17.498776405730595,-21.304831691594778,-24.4451619007566,-27.036193314945937,-29.173997901011933,-30.937848331336223,-32.39315391057786,-33.59388427420886
103,0.031640625000000006,-3.6502806426442644,-6.447065440673165,-8.754512782801928,-10.658263850577844,-12.228955653699591,-13.524858999622909,-14.594047165984843,-15.476182180894094,-16.203987182671202,-16.80446072271101
104,0.03125,0.0018157800146484618,0.0027009767487013348,0.003252444739448101,0.0036331375118264816,0.003919132561155389,0.004149321501453247,0.00434477947173276,0.004517240665740966,0.004673355650669305,0.004816878002584324
105,0.030859375,3.647471182653891,6.442516997036346,8.748761923472797,10.651672719661606,12.22178176278611,13.517291794063663,14.586228708979982,15.468219693190242,16.19596144445155,16.796431972651458
106,0.030468750000000003,7.298961543586024,12.891312406581267,17.50527389068308,21.31208898724129,24.45298979543933,27.044480354027165,29.18267476416785,30.946869154190267,32.40248611895051,33.60350279083587
107,0.030078125000000004,10.939599145759855,19.322166169390766,26.238547596013845,31.94518630857462,36.65367532526085,40.538601211796745,43.74401500434705,46.38877201643241,48.570938378535516,50.37142707283229
108,0.029687500000000002,14.584852283468626,25.760044981566374,34.9803011175613,42.587679780629074,48.86435138661337,54.04310551717458,58.31600111711568,61.84149644718598,64.75032917004283,67.15036656440428
109,0.029296875,18.21485939862271,32.17202274873696,43.68787646358575,53.18944410593019,61.029053087360026,67.4974046221669,72.8343527940311,77.2377977968909,80.87102399763009,83.86875459942976
110,0.02890625,21.848253717824015,38.589056095814826,52.401388943536396,63.79760012678991,73.20036336016561,80.95839486308303,87.35940230383775,92.64076175323282,96.99832435534148,100.59368120891193
111,0.028515625000000003,25.462034094703668,44.97227333417124,61.069843121356904,74.35168923141538,85.31033022318262,94.35213374687993,101.81238712228873,107.96773029734591,113.04641411919475,117.23676429081901
112,0.028125,29.077966220994618,51.35856435597312,69.74167531006309,84.90914583547517,97.42350128558779,107.7488468647389,116.26809536319703,123.29717465542684,129.096747381362,133.88187929602776
113,0.027734375,32.669948711037584,57.70318104497961,78.35764607422966,95.39929131236514,109.4600670589952,121.06138084246413,130.63343625954084,138.53118647754692,145.04749689635378,150.42400534810966
114,0.02734375,36.262842175638134,64.04888022445643,86.97442289091511,105.88976457393117,121.49641496958435,134.37315269667576,144.99750526945812,153.76346524071425,160.99610482775745,166.96363282538098
115,0.026953125,39.82748929136615,70.34511597552746,95.52462909225443,116.29979683317814,133.44102684340822,147.58396259314443,159.2530606469653,168.88104010686527,176.82492936951536,183.3793058241752
116,0.026562500000000003,43.39180306157969,76.6404362090376,104.0730600910001,126.70710578435605,145.38198573237838,160.79025958318786,173.50333329054928,183.99265659209564,192.64721005060048,199.78793194249565
117,0.026171875000000004,46.923619523434844,82.8785853616717,112.54432217659685,137.02097901178604,157.21623297583355,173.878983405395,187.62713119616,198.9704941936753,208.32971330319936,216.0518512719929
118,0.025781250000000002,50.45385657087967,89.11381709054251,121.01122209312813,147.32907065714832,169.04338374594374,186.95943421317432,201.74162541650676,213.9381373535933,224.0012591602165,232.30416373240917
119,0.025390625,53.947397803747386,95.2842637183705,129.39048248326523,157.53088762257946,180.74902617177094,199.90589863106277,215.7118975102748,228.75315333004386,239.51327093279383,248.3912632981737
120,0.025,57.43811358611718,101.44978990900843,137.7627915765567,167.7238617042899,192.44412491307665,212.84032564672702,229.6688402389751,243.55373371253268,255.00990638831544,264.4621903793052
121,0.024609375000000003,60.88799414456852,107.54302269942006,146.0371348697308,177.79789836036423,204.00312110156693,225.6245772082398,243.46405547687664,258.18309537017706,270.3275200137181,280.3476773930245
122,0.02421875,64.33380502131385,113.62933370613543,154.30193910433803,187.8600319294799,215.5481272839175,238.3930277103759,257.2419162792558,272.793780797418,285.62533884366763,296.2124266925075
123,0.023828125,67.73470683065274,119.63596052007325,162.45861185043952,197.79076148648613,226.94266220712774,250.99536339439408,270.84081388274757,287.214942073103,300.72494778755254,311.8718196389005
124,0.0234375,71.13029829331876,125.63366862649333,170.60316264508353,207.70653294807946,238.31976627045086,263.5781400655262,284.4183378870637,301.61319256243615,315.80034968550876,327.50591599382744
125,0.023046875,74.4769789049018,131.54443107597183,178.62959313919848,217.47864997148537,249.53227894056013,275.9791378598485,297.7999603381315,315.8039290127551,330.6586841808125,342.9150826224664
126,0.022656250000000003,77.81711380486075,137.44428502563377,186.64132709792364,227.23276310661888,260.7239298570055,288.35682926937903,311.1562011283082,329.96753165756365,345.48841127916205,358.29440598377425
127,0.022265625000000004,81.10441446739628,143.2500727299856,194.52514473940465,236.83120708628732,271.73714036918244,300.5373780795701,324.2999264429368,343.9059746832726,360.0825741601464,373.4296004711415
128,0.021875000000000002,84.38394110043349,149.04297200588357,202.39170304264368,246.40861466048577,282.7260727312354,312.69088864281355,337.41427838625,357.8130779349226,374.6437469243585,388.53042312811067
129,0.021484375,87.60679472647273,154.7348366612944,210.12075743999415,255.81859327007956,293.5230089508537,324.63221780762575,350.29985196336685,371.4777485552276,388.9512489894586,403.36832275113403
130,0.02109375,90.82065472065156,160.4118454221936,217.83000477142357,265.2045200778928,304.29226941338237,336.54279703110257,363.15208176863945,385.10689568960765,403.2214012591773,418.16734567162473
131,0.020703125000000003,93.9740937260494,165.98101464573566,225.39238454022777,274.411532059973,314.85629323322746,348.22650536183863,375.75964772484156,398.4767377706279,417.2201960618209,432.68508688743253
132,0.0203125,97.11732991345674,171.53337562651242,232.93242796168445,283.59149790427074,325.38926687909344,359.87577700269867,388.32992590684876,411.8069002541871,431.1773099857399,447.1594759470123
133,0.019921875,100.19649384323976,176.9712664263905,240.3164790164984,292.58135534039036,335.7040997718169,371.28386104392274,400.64005757167706,424.8613128479595,444.8458276946079,461.3346895083805
134,0.01953125,103.26425783673835,182.39041432610307,247.67568615110503,301.54119717196073,345.98453551596225,382.65385120754684,412.90898877115524,437.87192249141697,458.4683673971609,475.4621104053735
135,0.019140625,106.26440092258929,187.688646445069,254.87002982247589,310.3000475381365,356.0342838390162,393.7687332230243,424.9027188850206,450.59079185882376,471.78554832482064,489.2729561316125
136,0.018750000000000003,109.251960594579,192.96622113811515,262.0370467959542,319.0259412998674,366.0463194928253,404.8418980842702,436.8513717820061,463.2617725391117,485.05249312031594,503.0316088323579
137,0.018359375000000004,112.168459015015,198.11662987865031,269.03059724648864,327.54028867034845,375.8154988173314,415.6464529642624,448.51022153085665,475.62550293976346,497.9978199612538,516.4568090421358
138,0.017968750000000002,115.07120583397486,203.2444893728072,275.99436628398877,336.0187707214865,385.5436856707679,426.40570595500424,460.1201581817806,487.9373017105557,510.88869692750416,529.8254615616634
139,0.017578125,117.89956491690795,208.2391383126023,282.7763477720921,344.2754967849828,395.0172448937509,436.8832878828783,471.42616597120326,499.92684591566604,523.4422267055427,542.8443342039479
140,0.0171875,120.71302095129731,213.2093711284565,289.52612401316895,352.49348437598934,404.44657120997044,447.31202567818275,482.67946985081045,511.86046274544617,535.9371418213819,555.8023548981389
141,0.016796875000000003,123.44888208400222,218.04056432425858,296.0860874639934,360.4798686095512,413.6099157007845,457.44649372928876,493.6152189282442,523.4573513293163,548.0795365583037,568.394845356919
142,0.01640625,126.16870700380669,222.84550185893582,302.6114557513819,368.4246803218572,422.72583016805396,467.5286221843798,504.4945229166657,534.9943687796949,560.1592057770491,580.9222351468002
143,0.016015625,128.807854438469,227.50579585926394,308.93929506518805,376.1284198429929,431.5648445439968,477.3043655134271,515.043168548318,546.1807389378026,571.8717626644153,593.0689475294624
144,0.015625,131.42985230339653,232.13802437388583,315.23018622290755,383.78779540715686,440.35327901444384,487.0243248118635,525.5316820669093,557.3033509390066,583.5175420418648,605.1463711447934
145,0.015234375000000001,133.96821954845043,236.6202395124066,321.31615361262544,391.1970236486704,448.8543485697401,496.42628635494395,535.6769771158683,568.0619736146797,594.7822218460018,616.8285977424342
146,0.014843750000000001,136.48834493706946,241.07261098306594,327.36285919330606,398.5591419075165,457.3017386766136,505.769073816502,545.7585107432567,578.7530115741895,605.9761348812758,628.437412079898
147,0.014453125,138.92202111399016,245.36984259794144,333.19758041512733,405.6624471571753,465.4517706519468,514.7827738126073,555.484831048739,589.0673183702687,616.7755901189328,639.6371625854941
148,0.0140625,141.33638572580512,249.6354863598004,338.990768505966,412.7159453053787,473.5450778817833,523.7339683020227,565.1438228569093,599.310279098562,627.5003569912442,650.7594470265957
149,0.013671875,143.66162148860724,253.7411152526423,344.56525706262255,419.5023879985553,481.3315213060447,532.3455262382284,574.4361909150815,609.1643873904334,637.8179582244699,661.459475805136
150,0.013281250000000001,145.96649979010346,257.81344799952666,350.0959858770798,426.23637813871227,489.05825200094773,540.8913091861366,583.657729156078,618.9434571623068,648.0570209888368,672.0780583480827
151,0.012890625000000001,148.17971335421961,261.72115106458864,355.40165744193376,432.69550841254124,496.4691178270942,549.0874660627024,592.5018381411867,628.322195567081,657.8768834880846,682.2618920839211
152,0.0125,150.37154872810714,265.59388769276705,360.66139003870893,439.0995954709124,503.8173437372345,557.2146441926928,601.2716857674326,637.6222761205725,667.6144332932195,692.3603775662491
153,0.012109375,152.46933125258207,269.29764742751337,365.6900753712605,445.2214688891077,510.84122288514675,564.9827824787066,609.6539210658281,646.5112073335789,676.9214409486569,702.0123400613626
154,0.01171875,154.54474124240508,272.9648103229556,370.6706922779446,451.28576599280063,517.7995988182467,572.6788073319785,617.958536802185,655.3179382189902,686.142441439792,711.5751344324276
155,0.011328125000000001,156.52386218501053,276.458924275506,375.4146500469992,457.0609591537439,524.4256800804908,580.0069707668266,625.8659973778631,663.7033816697561,694.9222704819144,720.6803712053361
156,0.010937500000000001,158.47964387574234,279.9148528196328,380.1084621716445,462.7761033528147,530.9834619429176,587.2599586565649,633.6925572544969,672.0031630847309,703.6124817101226,729.6927063217579
157,0.010546875,160.33705581441126,283.1939421081871,384.5603905244323,468.1957279749634,537.2015481466032,594.1368701254194,641.1130749388776,679.8722153940575,711.8516221303096,738.2372068233674
158,0.01015625,162.17019062971636,286.4333011754561,388.9601507082335,473.55289431684605,543.3486090990206,600.9356200100237,648.4494915819444,687.6522286440562,719.9976219783898,746.6851626716693
159,0.009765625,163.90303406956184,289.49231896380616,393.1131987710623,478.60861123446205,549.1491331596085,607.3506992952961,655.3716502256223,694.9927839307181,727.6833987880954,754.6557823298602
160,0.009375000000000001,165.6106926118308,292.5101074798589,397.2121134170644,483.5995269264756,554.8759798697768,613.6847107553165,662.2065922561263,702.2410120004,735.2726045086662,762.5263093614512
161,0.008984375000000001,167.21630050558727,295.34434694363637,401.0598921021991,488.2835592388817,560.2500198721058,619.6280912108684,668.6197457169577,709.041780952656,742.3931977041753,769.9107902821178
162,0.00859375,168.79584723536254,298.1359061599868,404.85163242043876,492.900517344749,565.5478082336384,625.4875818356021,674.9426565126452,715.7470284016247,749.413886750031,777.1917310138333
163,0.008203125,170.27174891538147,300.74100742793905,408.388223847168,497.2056618829338,570.487100586524,630.9501249346201,680.8369443538365,721.997554924969,755.9583487443482,783.9787200602698
164,0.0078125,171.72074607023168,303.3020278944927,411.86693535201414,501.44153290569295,575.3476490236689,636.3260450482169,686.6380579484493,728.1494647553209,762.3996764352255,790.6588274008254
165,0.007421875,173.06467109335023,305.6739848158938,415.08690202071585,505.3611713902071,579.8446012539744,641.2993545271048,692.004420696165,733.8401421490164,768.3579489927588,796.8378937538137
166,0.00703125,174.38088293958447,308.0005139233593,418.2472147975411,509.2094157889755,584.2604050953257,646.1834030941162,697.2747789483086,739.429214015859,774.2099675845658,802.9068507807723
167,0.006640625000000001,175.59076444881518,310.1356799810692,421.14560759984664,512.7375245675669,588.3081070100689,650.6598372899039,702.1049713990955,744.5512990810321,779.5728965900894,808.4685012529341
168,0.00625,176.77216106165648,312.2241287153596,423.9826455269994,516.1922040197527,592.272351435255,655.044476251815,706.8364394750903,749.5689057205772,784.8265724822746,813.9169390623939
169,0.005859375,177.84613891396754,314.1192224967628,426.55501113603293,519.3233630356708,595.8645853900316,659.0171594428267,711.1230429212819,754.1145317157366,789.5859214988767,818.8526321530404
170,0.0054687500000000005,178.89090023101804,315.96637269476867,429.06440180549316,522.3791525627247,599.3711593760606,662.8956291658861,715.3083259805339,758.552936650221,794.2331537789959,823.6721490954085
171,0.005078125000000001,179.82732375997452,317.61848270345564,431.3067891546316,525.1085531996406,602.5024092440747,666.3584614677801,719.0447588716374,762.5151245848127,798.3816158637967,827.9743072373935
172,0.004687500000000001,180.73384375928734,319.22149463939763,433.4846743114611,527.7607539723649,605.5459203251066,669.7247971146667,722.6774197665632,766.3675009164361,802.4152560022126,832.1574893534839
173,0.004296875,181.53127378685716,320.6280827101658,435.3936391236159,530.0842044880947,608.2113776737294,672.6724612710373,725.8579450091809,769.7401672739361,805.9464617812964,835.8195072806753
174,0.00390625,182.2981657051203,321.98450468318117,437.2366879442567,532.3287601764638,610.7871708323761,675.5215137899822,728.9324270041898,773.000621829755,809.3603389513498,839.3599545906042
175,0.003515625,182.95537481324027,323.1434060367656,438.80929248417925,534.2426851643713,612.9827341337635,677.949474176236,731.5521507988174,775.7785772705104,812.268855215296,842.376197847112
176,0.003125,183.58147546068824,324.25118240030486,440.3147127737319,536.0761957809628,615.0869078342427,680.2769281376578,734.0637968883685,778.4421711352015,815.0577978205874,845.2685466905507
177,0.0027343750000000003,184.09745819544173,325.1606241045451,441.5485510394478,537.5776668430731,616.8092176184595,682.1814695853174,736.1187105663824,780.6211648068014,817.3391738648374,847.63439963564
178,0.0023437500000000003,184.58185322300403,326.0181426954632,442.71415540821533,538.9974704729577,618.4387183568277,683.9839482751669,738.0638772313384,782.68403419491,819.4991362555603,849.8744541868244
179,0.001953125,184.95580336536983,326.67670033639877,443.60729233949985,540.0841309956865,619.6850701698661,685.3620793952477,739.5507527446624,784.2606428670467,821.1497878728533,851.5861998382685
180,0.0015625,185.29785084411637,327.28283850820674,444.4315641356508,541.0883866773844,620.8377895699905,686.6372537708625,740.9269287960396,785.7201262231458,822.6779843592044,853.171071928802
181,0.0011718750000000002,185.529070131161,327.6892582192669,444.98228156714947,541.7581335351106,621.6057621995748,687.4862908995076,741.8428660433569,786.6912713115139,823.6946857499032,854.2253630158249
182,0.00078125,185.72822755082456,328.0430574351339,445.4639197579232,542.3452578083019,622.2798835319714,688.2321513144674,742.6478821140936,787.5450668932806,824.5887047558641,855.1525498234608
183,0.000390625,185.81785230864904,328.199485858373,445.6752113662111,542.6017819469251,622.5737392006105,688.556824086742,742.9979929215646,787.9161725252776,824.9771349969423,855.5552732699599
184,0.0,185.87703995929067,328.30647879926244,445.821964195792,542.781361137943,622.7803631846293,688.7857162372928,743.2452176273007,788.1784894252022,825.2518763130219,855.840242305108
185,0.03359375,-21.844652516519393,-38.58370429894552,-52.39495049893756,-63.79041443513411,-73.19261817199589,-80.9502003799529,-87.35082671910205,-92.63184990277425,-96.98910787140194,-100.58418430788618
186,0.0,-25.46481463250229,-44.97677282463558,-61.07553059547424,-74.35820690015566,-85.31742386076297,-94.35961633937967,-101.82011837459143,-107.97560425055023,-113.05435086876143,-117.24470418119273
187,0.0,-29.074388564975045,-51.35325145739015,-69.73528840087795,-84.9020226548462,-97.41582831289602,-107.74073321099895,-116.25960824031839,-123.28835800311995,-129.08763201063786,-133.87248867229997
188,0.123046875,184.95280854114304,326.6710246243921,443.5995102077189,540.0748057699896,619.6746750819152,685.3509901183188,739.5392597382552,784.2489669047243,821.1380945059457,851.5746113635959
189,0.12265625000000001,184.5796627650161,326.0146981523008,442.71011627167604,538.9932987095863,618.4347242933356,683.9803342628293,738.0607703350842,782.6815090338043,819.4972311510903,849.8731824116059
190,0.12226562500000002,184.09509370508286,325.1560875374555,441.54231195779704,537.5701983578156,616.8009190358255,682.1726566838819,736.1096253891709,780.6119890206655,817.3300414599789,847.6254074844396
191,0.12187500000000001,183.57958073760028,324.24831244034993,440.31147215156915,536.0729919093136,615.0840042651918,680.2744887910208,734.0619177551217,778.4409019189283,815.0571569804804,845.2685317597608
192,0.121484375,182.95351753484425,323.139783258082,438.80428738572374,534.23669659273,612.9761006301413,677.9424624359001,731.5449633592725,775.7713640641499,812.2617247909477,842.36922674475
193,0.12109375,182.29643226123142,321.981959255141,437.23389955715294,532.3260993020547,610.784869173209,675.5197092540747,728.9311947951649,772.9999952485509,809.3603236434817,839.3605381902117
194,0.120703125,181.52984028246757,320.6252208236476,435.3896583847159,530.0794405644156,608.2061175411783,672.6669301215875,725.8523121302167,769.7345560400602,805.9409595951979,835.8141739202617
195,0.1203125,180.73219579692955,319.2191330455914,433.48214374411174,527.7583981585441,605.543947783586,669.7233269711204,722.6765124377606,766.3671782750445,802.4155150043191,832.1583111545248
196,0.11992187500000001,179.8262570075925,317.61627725616347,431.3036897291045,525.1048400551173,602.4983242756989,666.3541937225069,719.0404488139163,762.510872695549,798.3774914374619,827.9703558112603
197,0.11953125,178.88928322712795,315.9640937926793,429.0619895183858,522.3769313867499,599.3693210396611,662.8942793487253,715.3075147411888,758.5526781019252,794.2334392263866,823.6729557298555
198,0.119140625,177.84539458528246,314.11759225317957,426.5526818541488,519.3205657419857,595.8615220709393,659.013987279405,711.1198770894946,754.1114527237336,789.5829829488006,818.8498673400524
199,0.11875000000000001,176.77053628693625,312.2218606968107,423.9802526595458,516.1899970867495,592.270510074555,655.0430966205449,706.8355645282242,749.568544505022,784.8267128770347,813.9175561321349
200,0.11835937500000002,175.59030737709406,310.134560559829,421.1439605054461,512.7355366005285,588.3059444453195,650.6576289146782,702.102809965192,744.5492474859502,779.5709946914385,808.466771708754
201,0.11796875000000001,174.3792219012031,307.9982039592308,418.24476876853845,509.20713497895923,584.2584606440828,646.1818846349202,697.2737248171916,739.4286302452451,774.2098403186268,802.9071543476018
202,0.117578125,173.06447259744616,305.673323778069,415.0858656138042,505.3599063585475,579.8432416550584,641.2980036411839,692.0031512277483,733.8390013396328,768.3569645614512,796.8370790387587
203,0.1171875,171.7190274136244,303.2996363397402,411.86438179658575,501.43911243350726,575.345527093295,636.3243071189005,686.6367396807509,728.1485707674218,762.3991924498023,790.6587280834733
204,0.116796875,170.27178495867022,300.7407609108247,408.38773845597467,497.2050478655601,570.4864627608054,630.9495435291545,680.836474042159,721.9972289453106,755.9581840293882,783.9787217317732
205,0.11640625,168.79405456983983,298.13340254985843,404.8489296512291,492.89790695268994,565.5454522627991,625.4855634601256,674.9410102760106,715.7457587861295,749.4129801007192,777.1911631819172
206,0.11601562500000001,167.21655041992838,295.34447733508756,401.0599066868582,488.2835348738047,560.2500347264867,619.6282045923928,668.6199960125912,709.0421888218585,742.3937704535732,769.9115257587537
207,0.115625,165.60881332671684,292.50746830986475,397.20922933218355,483.5966880708534,554.8733467180265,613.682365731949,662.2045700503925,702.2393179898597,735.271226497537,762.5252250610396
208,0.115234375,163.90347998881242,289.49279382667817,393.1136694233922,478.60912386944096,549.14974156563,607.3514437182155,655.3725542825085,694.9938569357498,727.6846394216305,754.6571819708378
209,0.11484375000000001,162.16821528953386,286.4305087329074,388.95706114641115,473.5497981284937,543.3456666830713,600.9329142826539,648.4470583951676,687.6500750962955,719.9957379978368,746.6835283601546
210,0.11445312500000002,160.33768219311162,283.1947332798368,384.5612792176426,468.1967321298384,537.2026991682343,594.1381908294,641.1145754982642,679.8738948512549,711.8534714049264,738.239211520091
211,0.11406250000000001,158.4775654697919,279.9118938085426,380.10514901430224,462.7727283084314,530.9801865554836,587.2568673465394,633.6896878624563,672.0005250957013,703.6100677073239,729.6904992160408
212,0.113671875,156.52465524476796,276.46000686445177,375.41592325827116,457.0624148362473,524.4273290399527,580.0088198400733,625.8680444686452,663.7056164954188,694.9246769604654,720.6829297718365
213,0.11328125,154.54255476334475,272.9616750769241,370.66714235605696,451.28209657048166,517.7959735790894,572.6753130240753,617.9552139223549,655.3147991725002,686.1394818855578,711.5723404166029
214,0.112890625,152.47027864137948,269.2989991877018,365.69170321918193,445.2233405389087,510.84333015055483,564.9851175202441,609.6564705675372,646.5139525295871,676.9243594266699,702.0154076179008
215,0.1125,150.36925055522028,265.59056907296804,360.65759362724657,439.09562031362225,503.8133564868733,557.2107346102097,601.2678975580942,637.6186250470164,667.6109184300891,692.356988353974
216,0.11210937500000001,148.1808037705143,261.7227517192094,355.40361276064436,432.6977637708871,496.4716475158336,549.0902487515569,592.5048502458204,628.325410597895,657.8802733048666,682.2654283181744
217,0.11171875,145.96408770823237,257.80994138849655,350.09193666625805,426.2320900073335,489.0538952401482,540.8869771211777,583.6534691413949,618.9392886621665,648.0529467563318,672.0740714126262
218,0.111328125,143.66284476391064,253.74294660671256,344.56751553824574,419.5049982648855,481.33444145941513,532.3487225247773,574.4396303344147,609.168036406073,637.8217835018115,661.4634452269488
219,0.11093750000000001,141.33385879012974,249.63178940130243,338.9864632365795,412.71134062852013,473.5403482523657,523.7292110413898,565.1390893098489,599.3055926925051,627.4957243517817,650.7548649099446
220,0.11054687500000002,138.92336805669115,245.3718882501075,333.20012018811354,405.66538650260924,465.45505267752736,514.7863533048435,555.4886663571999,589.0713695165382,616.7798190477977,639.641533797779
221,0.11015625000000001,136.48570326918775,241.0687232128679,327.35829715134525,398.55422016604234,457.2966362580705,505.76389236904384,545.753305859339,578.7478108363787,605.9709489241106,628.4322414766551
222,0.109765625,133.96968149077753,236.62248406507067,321.3189542096205,391.20026792073395,448.8579657617797,496.4302206902128,535.6811790032758,568.0663971916234,594.7868247712828,616.8333414693909
223,0.109375,131.42709658568947,232.13394634078716,315.2253680523388,383.7825576952437,440.34780568045176,487.01872209970804,525.5260100227163,557.2976414499659,583.5118098528345,605.1406207075429
224,0.108984375,128.8094233323973,227.5082250680067,308.9423375932653,376.1319467981195,431.5687723493284,477.30862865403986,515.0477101423933,546.1855077469666,571.8767124553482,593.0740370089778
225,0.10859375,126.16583877294292,222.8412356113786,302.6063841009813,368.41913012656073,422.7199904765316,467.5226040253252,504.488390929892,534.9881592520395,560.152937620245,580.9159167158163
226,0.10820312500000001,123.45055028743221,218.0431647205149,296.08935409783584,360.4836572894698,413.6141310052699,457.45106117648453,493.62007495070293,523.4624397841936,548.084807683497,568.4002553887384
227,0.1078125,120.7100422757561,213.20491965364164,289.52080277872204,352.4876266585396,404.44037135352914,447.30559963035296,482.67288693989684,511.85376371579656,535.9303497777519,555.7954820986697
228,0.107421875,117.90132533966369,208.24189744252914,282.7798220699303,344.2795278969288,395.0217264566134,436.88813715715236,471.4313132575287,499.9322305956556,523.447795816899,542.8500417601834
229,0.10703125000000001,115.06811953900801,203.2398569713043,275.98880110712776,336.0126125190201,385.53713416402405,426.39888207562956,460.11313598466074,487.9301264088872,510.8813958071755,529.8180507530236
230,0.10664062500000002,112.17030501842893,198.1195361231836,269.0342639046327,327.5445442886106,375.82022693040597,415.6515632313401,448.51563863058493,475.63116217114845,498.0036654610028,516.4627928248525
231,0.10625000000000001,109.24877002667888,192.9614130159059,262.03124451487776,319.0194910616025,366.03942641634507,404.83468809994946,436.84392366810647,463.25413595529966,485.0446994943362,503.02367811371073
232,0.105859375,106.26632611673084,187.6916886673131,254.8738741995569,310.3045105284104,356.0392396707117,393.7740845736882,424.90838529097516,450.5967049046686,471.7916495254459,489.2791957105735
233,0.10546875,103.26096670873666,182.38543632530954,247.6696544378971,301.53446432114345,345.977312017881,382.64626796805896,412.9011292578255,437.863840762963,458.460098963737,475.4536789664912
234,0.105078125,100.19849215426903,176.97443408054372,240.32048727752942,292.58600953391334,335.7092655674063,371.28943471736517,400.64595396394463,424.8674601707812,444.85216509867746,461.34116561681884
235,0.1046875,97.11394235694193,171.52823431052659,232.9261754355565,283.5844929756587,325.3817253337831,359.867834658421,388.32167085360425,411.79839087575186,431.1685857938513,447.15056430500465
236,0.10429687500000001,93.9761592895797,165.9842975896915,225.39654340272972,274.4163619457517,314.86165196378573,348.23228336019594,375.76575555832807,398.48310059916275,417.2267509131243,432.69178096185203
237,0.10390625,90.81717528996936,160.40654807921115,217.82354100299062,265.19725472381106,304.2844234302311,336.5345110453582,363.1434483938418,385.09797753470633,403.21224173588104,418.15797570437866
238,0.103515625,87.60892191183332,154.7382251935826,210.1250542221286,255.82358405330373,293.5285443813998,324.6381829735007,350.3061535544972,371.48430898019063,388.9580033777701,403.3752170450553
239,0.10312500000000001,84.38037457062102,149.03752630171746,202.38503808779785,246.40110108804544,282.71793651366795,312.68227508797304,337.40528451294654,357.80377046197833,374.6341730497293,388.52061722529277
240,0.10273437500000002,81.10659779455874,143.2535574439089,194.52956716257947,236.83634444934282,271.7428367864794,300.5435137976318,324.3064046509039,343.912715323131,360.0895106755716,373.4366777013896
241,0.10234375000000001,77.8134653048223,137.438699228687,186.63447179980452,227.22501444395692,260.7155186225249,288.3479052921145,311.14686568764375,329.95785544568906,345.47844514969324,358.2841876339436
242,0.101953125,74.47921308511148,131.5480029251518,178.6341294145931,217.4839201784039,249.53812127312435,275.9854281905479,297.80659871083606,315.8108331707125,330.66578608086945,342.9223261455763
243,0.1015625,71.12657323048506,125.62795147764528,170.59612845960743,207.6985630343033,238.31109601225322,263.5689236261167,284.40868064025744,301.6031690202216,315.79001421313615,327.49530947653454
244,0.101171875,67.73698675194825,119.63961079053921,162.4632506405119,197.79615133655437,226.94863597328944,251.0017930184822,270.8475965995026,287.2219936794315,300.7321989403352,311.8792133961204
245,0.10078125,64.33000904021168,113.62349434710048,154.29473800476697,187.85185520075572,215.53921464287558,238.38353744421883,257.23195767164276,272.78343201200136,285.6146576019356,296.20145692326105
246,0.10039062500000001,60.89031480086946,107.54674288587633,146.04186512119645,177.80339498627734,204.00921217991197,225.63113117545407,243.47096708023687,258.19027870128207,270.33490460758327,280.35520561341684
247,0.1,57.434252534271295,101.44383782351507,137.7554359753811,167.71549310087545,192.4349870735676,212.8305807519829,229.65860128195834,243.54308232792334,254.99890348878128,264.4508827854634
248,0.099609375,53.949754310112745,95.28804554775118,129.39529345795702,157.53647852805224,180.75522084514938,199.91256241032502,215.71892296224863,228.76045307057976,239.52077354429278,248.39891057229102
249,0.09921875000000001,50.44993647114647,89.10776205664087,121.00372477885735,147.32052554829397,169.03403835181663,186.94945436025077,201.73112759256512,213.9272064728743,223.98995915322016,232.29254415364295
250,0.09882812500000002,46.92600709652988,82.88242075735775,112.54920340257247,137.02665201245551,157.22251786456582,173.88574281243424,187.63425580203162,198.97789535804236,208.33731881747363,216.05960247217214
251,0.09843750000000001,43.38783012693236,76.6342883240132,104.06543426249664,126.69840001120232,145.37245093766202,160.78006497262658,173.49259861778333,183.98146984819573,192.63563800190389,199.77602671298757
252,0.098046875,39.82990326858684,70.34899708782493,95.52957040402764,116.30554010546308,133.44738896193385,147.590803854294,159.26027012572703,168.88852811586668,176.83262306283828,183.38714619267554
253,0.09765625,36.25882278059385,64.04264985609541,86.96668209308143,105.88091437325535,121.48670935323636,134.36276396731475,144.98655620514944,153.75204669699494,160.9842862174969,166.9514686722326
254,0.097265625,32.67238450810868,57.707100176872665,78.36263751263729,95.40509327272186,109.46649367896012,121.06829044526049,130.64071658509764,138.5387469927349,145.05526426571143,150.43192032363916
255,0.096875,29.073906819605646,51.35226200297321,69.73383324781335,84.90016761642761,97.41364359851622,107.73828481720024,116.25695450886035,123.28554849649244,129.08470778406542,133.86948301131173
256,0.09648437500000001,25.464487171716687,44.97622288159717,61.07487485279932,74.35753843882954,85.31680876278533,94.35909831928188,101.81972439504615,107.9753490870441,113.05424074443852,117.24473936820863
257,0.09609375,21.84416087249202,38.58269243708617,52.39345954898566,63.78851055347853,73.19037262106347,80.9476805670535,87.34809252245653,92.62895241087712,96.98608957354898,100.58107979009887
258,0.095703125,18.21732532296211,32.17599530612474,43.69293892105054,53.195329432548995,61.035571306828835,67.50441114896591,72.84173347503261,77.24546098541352,80.87889580359207,83.8767756028276
259,0.09531250000000001,14.580732669533557,25.753630884330835,34.97229856200547,42.578495787905574,48.85424690144444,54.03226033446414,58.30454555966095,61.82952863026125,64.73792526742638,67.13758725063111
260,0.09492187500000002,10.942073549371875,19.326154455150334,26.243631378577785,31.951096818157342,36.66022118851177,40.54563688302266,43.75142575334537,46.39646591423303,48.578841459237864,50.37947997559307
261,0.09453125000000001,7.294821891915383,12.884858829005134,17.497212455385178,21.30282762592496,24.442790982329974,27.033525747418803,29.171096665911126,30.934767635270525,32.38993919969458,33.59057283693624
262,0.094140625,3.6499497627392294,6.446513853290623,8.753857795351443,10.65759766662845,12.228343436985979,13.524344005517902,14.593656386331123,15.475930800428406,16.203882068593444,16.804502904937518
263,0.09375,-0.002337117220150101,-0.0037810216941879036,-0.004853464300603806,-0.005688406316472862,-0.006354454644749074,-0.00689311772216687,-0.00733250872679495,-0.00769310911587903,-0.00799039735319737,-0.008236404106647388
264,0.093359375,-3.64780211352411,-6.443067032292061,-8.749413871708596,-10.652334996229532,-12.222389769180793,-13.517802613658157,-14.58661546306143,-15.46846713471744,-16.19606252886087,-16.79638542799829
265,0.09296875,-7.299492672798758,-12.892415329365765,-17.50691229428829,-21.314196139387143,-24.455490619932327,-27.047301917747188,-29.185750965701935,-30.95014259666787,-32.40590829079451,-33.60703357071517
266,0.09257812500000001,-10.939929475931354,-19.322713403880577,-26.23919484809924,-31.945842799862408,-36.654277171439986,-40.5391059427806,-43.744395927284664,-46.38901386734658,-48.57103396007656,-50.371374880305936
267,0.0921875,-14.585393085063087,-25.76117074713237,-34.98197711993451,-42.58983938909183,-48.86691870681999,-54.04600629030293,-58.31916768570133,-61.84486979907011,-64.75385922454487,-67.15401173707019
268,0.091796875,-18.215188396778473,-32.17256578750188,-43.6885171682691,-53.190092708438016,-61.02964658009092,-67.49790109992877,-72.83472583062162,-77.23803216279515,-80.87111237167832,-83.8686952565145
269,0.09140625000000001,-21.84880403979244,-38.59020461562625,-52.40310269733333,-63.799812703884356,-73.20299811797172,-80.9613762512532,-87.3626611173671,-92.64423735535692,-97.001965074659,-100.59744396817459
270,0.09101562500000002,-25.46236095962679,-44.972810651648345,-61.07047525404617,-74.35232764191201,-85.31091295627029,-94.35261959084097,-101.81275000613765,-107.9679550832208,-113.04649339524508,-117.23669612673211
271,0.09062500000000001,-29.07852588578545,-51.35973549924476,-69.7434269208544,-84.91141185167271,-97.42620439394634,-107.75191026329584,-116.271448312074,-123.30075488676405,-129.10050161316528,-133.8857629294575
272,0.090234375,-32.67027255444063,-57.7037109547936,-78.35826739643394,-95.3999169794849,-109.46063635904528,-121.06185339763779,-130.6337864517782,-138.531399324727,-145.04756493415888,-150.42392645982446
273,0.08984375,-36.26341091924358,-64.0500737138839,-86.97621227775568,-105.8920842899677,-121.49918712188735,-134.3762992820474,-145.00095403384984,-153.76715228471238,-160.9999752432773,-166.96764046621192
274,0.089453125,-39.82780910118876,-70.34563656687851,-95.5252370663383,-116.30040685483588,-133.44157965359398,-147.58441880331668,-159.25339520133073,-168.88123825208424,-176.8249836337739,-183.37921392811504
275,0.0890625,-43.39238055157573,-76.64165165093627,-104.074887027069,-126.70947930096894,-145.3848274602353,-160.7934903778266,-173.50687941177102,-183.9964525138996,-192.65119922717858,-199.79206665706374
276,0.08867187500000001,-46.923934192374155,-82.87909454666301,-112.5449140291179,-137.02157021218167,-157.21676594466285,-173.87941991206003,-187.6274468668086,-198.97067458466336,-208.3297509860447,-216.05174383266018
277,0.08828125,-50.454442453692636,-89.1150540545838,-121.01308631272444,-147.33149804500044,-169.04629556844804,-186.96275025121633,-201.7452704766625,-213.94204429167237,-224.00536978326488,-232.30842873106943
278,0.087890625,-53.94770613002068,-95.28475923194462,-129.39105520477312,-157.53145655254735,-180.7495356545239,-199.9063117764093,-215.71219075669907,-228.75331263270374,-239.51328896347948,-248.39113754054216
279,0.08750000000000001,-57.43870743104294,-101.45104783194435,-137.76469264612427,-167.72634284887116,-192.44710716099442,-212.8437277819415,-229.6725856563959,-243.5577536646756,-255.0141410303948,-264.4665887906664
280,0.08710937500000002,-60.88829477401378,-107.5435019992056,-146.03768508038473,-177.7984411356334,-204.003602976887,-225.62496283475565,-243.46432225043583,-258.18322974524466,-270.32751482804986,-280.347530066904
281,0.08671875000000001,-64.33440628001128,-113.63061182198851,-154.30387632906897,-187.862566419035,-215.5511799731554,-238.3965164786557,-257.24576316287215,-272.7979154693484,-285.62969980928483,-296.2169614059729
282,0.086328125,-67.73499823845188,-119.63642075357505,-162.45913575582506,-197.79127373489487,-226.94311181791505,-250.99571678139438,-270.84104956042836,-287.2150471084633,-300.7249152598469,-311.8716469514264
283,0.0859375,-71.13090631441051,-125.6349659899772,-170.60513510018353,-207.70912011213005,-238.3228891471269,-263.581715736076,-284.42228709337763,-301.6174434302918,-315.8048390788759,-327.5105897324884
284,0.085546875,-74.47725940746365,-131.54486909841157,-178.63008655374588,-217.47912686198424,-249.5326911280658,-275.9794537624957,-297.80015976640505,-315.8039997720632,-330.65861967722554,-342.91488029617443
285,0.08515625,-77.81772782133251,-137.44560048836337,-186.64333359613838,-227.2354019775613,-260.7271223544663,-288.3604917987576,-311.16025321379755,-329.97189991978524,-345.4930309564999,-358.29922125805444
286,0.08476562500000001,-81.10468219608977,-143.25048505773256,-194.525603023543,-236.83164325311648,-271.73750938747963,-300.53765063621904,-324.30008384006044,-343.90600560496273,-360.0824724358317,-373.4293636403767
287,0.084375,-84.38456023061174,-149.04430421844793,-202.39374213762434,-246.41130397729123,-282.7293339759526,-312.69463768358116,-337.41843361914084,-357.81756452748687,-374.64849851286516,-388.5353822582525
288,0.083984375,-87.60704763828925,-154.73521948794638,-210.12117552127555,-255.81898283860951,-293.5233284977563,-324.63244057566834,-350.2999609601678,-371.47773349827423,-388.9511042393493,-403.3680460178279
289,0.08359375000000001,-90.82127801983688,-160.41319291815202,-217.8320748693054,-265.2072584226367,-304.2955983822945,-336.5466321067685,-363.15634031935826,-385.1115014902424,-403.2262863735855,-418.1724510158625
290,0.08320312500000002,-93.97432954034382,-165.9813637321101,-225.39275676559305,-274.4118684687682,-314.85655624844276,-348.22667109791,-375.7597011314768,-398.4766697716073,-417.22000167110343,-432.6847640674634
291,0.08281250000000001,-97.11795609731611,-171.53473635182405,-232.93452669068782,-283.59428293920837,-325.3926615291781,-359.8796965518981,-388.3342868234502,-411.81162500290316,-431.1823291054006,-447.1647287439442
292,0.082421875,-100.1967099523144,-176.9715769440146,-240.31679894092582,-292.58163108607056,-335.7042981466678,-371.2839613854661,-400.640047037159,-424.8611837635971,-444.84557586848695,-461.3343132521859
293,0.08203125,-103.26488554724124,-182.3917860847926,-247.6778109566318,-301.5440263613431,-345.98799361072304,-382.6578534951491,-412.9134509608511,-437.876765830648,-458.47352095507983,-475.46751190491045
294,0.081640625,-106.26459451654495,-187.68891318464193,-254.87029048730346,-310.30025451238623,-356.0344088026062,-393.7687591154881,-424.902635359149,-450.59059285748515,-471.7852306053349,-489.27251846299004
295,0.08125,-109.2525882641639,-192.9676013600189,-262.0391946289178,-319.0288115317832,-366.0498381706792,-404.8459807283442,-436.8559335052673,-463.26673348213205,-485.0577809518436,-503.037159728976
296,0.08085937500000001,-112.16862695745836,-198.11684703485597,-269.03079088979814,-327.5404178095575,-375.8155405375522,-415.6463942239368,-448.5100547971346,-475.6252240113237,-497.9974267198081,-516.4563008379788
297,0.08046875,-115.07183160765433,-203.24587497621414,-275.9965334152134,-336.02167808429994,-385.54726119170857,-426.4098656503023,-460.1248167584738,-487.94237833510743,-510.89411795549,-529.8311616745848
298,0.080078125,-117.8997036641772,-208.23929934126167,-282.77646563530044,-344.27553783643543,-395.0171922115062,-436.88313290614735,-471.42590433705925,-499.9264755476473,-523.4417468090986,-542.8437448539675
299,0.07968750000000001,-120.71364271648744,-213.21075856585387,-289.5283060928861,-352.49642423006503,-404.4501990385104,-447.31625828960284,-482.68422176368415,-511.8656523068959,-535.9426941787733,-555.808203303213
300,0.07929687500000002,-123.44898774868925,-218.04066204489496,-296.08611992755607,-360.4798102954924,-413.6097563186791,-457.44622970298167,-493.61484945470903,-523.4568767540302,-548.0789576325191,-568.3941630416186
301,0.07890625000000001,-126.16932235674001,-222.84688705364775,-302.61364772190745,-368.42764719364186,-422.7295048534007,-467.53292261726125,-504.499363675186,-534.9996675713038,-560.1648866660543,-580.928230036639
302,0.078515625,-128.80792265153835,-227.5058222134144,-308.9392313219867,-376.12824946552314,-431.56456457655594,-477.30397792193077,-515.0426765236783,-546.1801455805823,-571.871070523167,-593.0681586365492
303,0.078125,-131.4304583484502,-232.1394023708509,-315.23238184749937,-383.7907824193375,-440.3569935414304,-487.02868629992713,-525.5366054457276,-557.3087534921615,-583.5233469053115,-605.1525089790409
304,0.077734375,-133.9682452922316,-236.62018527084632,-321.31598127191074,-391.1967266100327,-448.85393199654277,-496.4257583799706,-535.6763454135802,-568.0612444195318,-594.7813997927959,-616.8276861506727
305,0.07734375,-136.48893826609083,-241.07397590423992,-327.36505099217493,-398.5621407000936,-457.30548437589096,-505.77348782471665,-545.7635086808247,-578.7585105554184,-605.9820573003269,-628.4436874856245
306,0.07695312500000001,-138.92199878682567,-245.36969746106124,-333.1972856328083,-405.662007115653,-465.45119949588985,-514.7820865313851,-555.4840403436591,-589.0664340327407,-616.7746191953454,-639.6361099279836
307,0.0765625,-141.33696242790097,-249.63683140907213,-338.99294775707386,-412.718946033759,-473.54884442685585,-523.738424524217,-565.148885455122,-599.315865312586,-627.5063886931367,-650.7658528118629
308,0.076171875,-143.66154482990265,-253.740867710529,-344.5648243479092,-419.50178663187194,-481.3307753625021,-532.344658326059,-574.4352193659427,-609.1633260255413,-637.816816868277,-661.4582611215967
309,0.07578125000000001,-145.96705542440773,-257.814765401825,-350.09814252762226,-426.23936936352476,-489.0620272817801,-540.8957954071026,-583.6628445350815,-618.949119403136,-648.0631516973797,-672.0845853545496
310,0.07539062500000002,-148.17957531434084,-261.7207881610377,-355.40106933419935,-432.69472502440095,-496.4681742145093,-549.0863932997353,-592.5006608638056,-628.3209321575779,-657.8755469638629,-682.2604912398047
311,0.07500000000000001,-150.37207797940744,-265.5951680891035,-360.6635118845152,-439.1025631613721,-503.8211127208846,-557.2191450339226,-601.2768387195975,-637.6279997530494,-667.6206492540286,-692.3670131515602
312,0.074609375,-152.46912385168446,-269.29715450191395,-365.68931208550123,-445.22047997648406,-510.84005554997395,-564.9814772060151,-609.6525095515449,-646.5097131202027,-676.9198807179538,-702.0107251047148
313,0.07421875,-154.54523804131995,-272.9660429526932,-370.67276519672015,-451.28869380313637,-517.8033438626765,-572.6833045983465,-617.9637091683454,-655.3237055821457,-686.1487258488493,-711.5818629226798
314,0.073828125,-156.52357631134615,-276.45828459751027,-375.4136889727004,-457.0597377960545,-524.4242590983866,-580.0054011175638,-625.8643186701497,-663.701623286545,-694.920453307994,-720.6785094504138
315,0.0734375,-158.4801007848449,-279.916024444525,-380.11046866402546,-462.7789708497481,-530.9871607690408,-587.2644291013439,-633.6977255222333,-672.008950956902,-703.6188120736247,-729.6995062893732
316,0.07304687500000001,-160.3366809303798,-283.1931363490526,-384.559205502432,-468.1942429519196,-537.199838711557,-594.1349989107167,-641.1110904372844,-679.8701536081595,-711.8495087689229,-738.2350595049957
317,0.07265625,-162.17059889903152,-286.4343961354193,-388.96206995164806,-473.55567703238535,-543.352234844063,-600.9400353906116,-648.4546269456844,-687.6580083094537,-720.0039701876589,-746.6920070206186
318,0.072265625,-163.90255814259567,-289.4913250432253,-393.11175986933046,-478.6068267441446,-549.1470952560702,-607.3484836406063,-655.3693152951942,-694.9903732326413,-727.6809435651543,-754.65330417443
319,0.07187500000000001,-165.61104188914175,-292.51110714726053,-397.2139205049555,-483.6021954203196,-554.8795000057179,-613.6890366353642,-662.2116593263647,-702.2467478852059,-735.2789354196891,-762.5331638643833
320,0.071484375,-167.21570965534784,-295.3431393829348,-401.0581647243081,-488.2814338057231,-560.2476070201832,-619.6254811699271,-668.6170081974672,-709.0389679830702,-742.3903468789281,-769.9079278230824
321,0.12382812500000001,185.5253395251075,327.68225862219896,444.97271011964506,541.7466569464561,621.5929376893102,687.4725620262392,741.8285782073168,786.6766898089041,823.6800122359497,854.2107490443502
322,0.1234375,185.29513630983973,327.27839278635633,444.4261334277089,541.0825168557813,620.8318627516661,686.6315315910721,740.9215866650923,785.7152779582044,822.6736999588888,853.1673901858038
323,0.07109375,-168.79612492148334,-298.1367877708795,-404.8532967557888,-492.9030352378418,-565.5511823067034,-625.49177508556,-674.9476106235991,-715.7526752272719,-749.4201552145474,-777.198551248012
324,0.0,185.81180403297188,328.1882305777396,445.6597947178514,542.5831744929585,622.5527495835375,688.5341016980846,742.9740514790205,787.8914150412916,824.9518759077038,855.5297565269461
325,0.12421875,185.72489822896216,328.037447927617,445.4568777937332,542.3374251029899,622.2717236287289,688.2239930430112,742.6399558104247,787.5375310888776,824.5816657770549,855.1460759175599
326,0.0,185.86828598258543,328.29069336594443,445.8007603050316,542.7560887935026,622.7520871307619,688.7552635604694,743.2132286042328,788.145459100587,825.2181871389582,855.8061891106977
327,0.151171875,46.923853385684716,82.8789572832219,112.54475534705456,137.0214189498493,157.2166414519259,173.87933278167688,187.627401180105,198.97067001470833,208.3297846087764,216.05181137102613
328,0.15078125,50.4543544620578,89.11489133206561,121.01287220485735,147.33125212405383,169.04603149038243,186.96247632070614,201.74499114908693,213.94176143116567,224.00508374946924,232.30813907793146
329,0.150390625,53.94762330916532,95.28461845209236,129.39089228046834,157.53130101680262,180.74940737043755,199.9062216688629,215.71214309192453,228.75330715803358,239.51332275376467,248.39120626727532
330,0.15000000000000002,57.438617127625214,101.45088056031462,137.7644721283687,167.7260890749741,192.4468341572492,212.8434441519663,229.67229608422426,243.55746018019394,255.01384410946622,264.4662880637075
331,0.14960937500000002,60.88820991538457,107.5433576605264,146.03751786506902,177.79828128219097,204.00347086955608,225.62486973595708,243.46427261479468,258.18322339625695,270.3275488402791,280.34760006030183
332,0.14921875,64.33431362188526,113.63043990695901,154.30364925875813,187.8623046082445,215.5508978268865,238.39622290794134,257.2454630881659,272.79761109283464,285.6293917283862,296.2166493317009
333,0.148828125,67.73491129209425,119.636272768843,162.4589641408376,197.79110944731386,226.9429757733598,250.99562058714926,270.84099786459376,287.21503981392686,300.72494944278725,311.871718181086
334,0.1484375,71.13081120372397,125.6347892431639,170.60490120794188,207.70884992681883,238.3225974657764,263.58141178968737,284.42197605000143,301.6171276738042,315.80451933596,327.5102658008051
335,0.14804687500000002,74.47717030592261,131.54471735107654,178.62991039143142,217.47895797665026,249.53255097874344,275.979354309897,297.80010585821213,315.80399139464396,330.6586539109898,342.91495266099463
336,0.14765625000000002,77.81763023367604,137.44541884686905,186.64309278074828,227.2351232824944,260.7268209764395,288.3601772961805,311.15993100931564,329.97157258494593,345.49269935214147,358.2988852720454
337,0.147265625,81.10459090311458,143.25032948464548,194.52542223822704,236.8314696937976,271.73736506607315,300.5375478732535,324.3000276871512,343.9059961346111,360.0825067341233,373.4294371781881
338,0.146875,84.38446005514487,149.04411747015254,202.39349409652692,246.41101639374008,282.72902246096385,312.69431213674767,337.41809973006383,357.8172250658194,374.648154482191,388.5350336435147
339,0.146484375,87.60695403726316,154.73505988869576,210.12098985311414,255.81880430659308,293.5231796827548,324.6323341703187,350.299902229116,371.4777226067583,388.95113828384166,403.3681204233452
340,0.14609375,90.8211751074614,160.41300078575344,217.83181921199878,265.2069614643106,304.2952761662747,336.5462948908612,363.1559940747863,385.11114919716704,403.22592918856486,418.17208902895254
341,0.145703125,93.97423359008506,165.98120003396647,225.39256612553658,274.4116848717937,314.8564028538028,348.22656097688713,375.75963976645863,398.47665742356406,417.2200354486361,432.68483935057833
342,0.1453125,97.11785051791831,171.5345389278529,232.93426352068417,283.59397671688083,325.3923287291734,359.87934779065256,388.33392835601194,411.81126002204434,431.1819589223989,447.1643535555423
343,0.144921875,100.19661169787719,176.97140922131032,240.31660343733267,292.58144257057256,335.7041403589369,371.2838477758152,400.6399833053991,424.8611702653076,444.84560972274926,461.3343897920551
344,0.14453125,103.26477721863921,182.39158320412128,247.67754003198047,301.5437105664188,345.98764986385333,382.6574927838325,412.9130798350249,437.8763877052203,458.47313730392545,475.46712303760825
345,0.14414062500000002,106.26449385065858,187.68874125284077,254.87008988164612,310.3000608051917,356.0342463291462,393.7686417166229,424.90256896066614,450.5905779158277,471.7852642545021,489.272595992034
346,0.14375000000000002,109.25247709682934,192.967392843736,262.0389156883704,319.0284858322014,366.0494830872284,404.84560763248544,436.8555492536634,463.2663417220248,485.0573833281459,503.0367566708735
347,0.143359375,112.16852384679798,198.11667083554647,269.03058511308933,327.5402188430212,375.8153733209611,415.6462729949386,448.5099857118423,475.625207629863,497.99746019269867,516.4563794109465
348,0.14296875,115.07171754830244,203.2456607063467,275.9962462784155,336.02134224498457,385.5468944920146,426.40947985613985,460.12441904315006,487.94197258687853,510.89370599749714,529.8307440613814
349,0.142578125,117.89959803676219,208.23911875022188,282.7762545303885,344.27533343643563,395.01702007290965,436.8830076723458,471.4258324011437,499.92645757819747,523.4417799763615,542.8438243623751
350,0.1421875,120.71352561817285,213.21053826392117,289.52801036327065,352.4960777537443,404.4498201429102,447.3158591523797,482.6838098904223,511.8652318403321,535.9422671314112,555.8077703640168
351,0.141796875,123.44887952751837,218.04047692935967,296.08590332577444,360.4796002738639,413.60957906298853,457.44610027160235,493.6147744846549,523.4568570274081,548.0789903427454,568.3942433540898
352,0.14140625,126.1692022326726,222.84666071322113,302.61334336687025,368.4272900221173,422.72911368270735,467.5325100428461,504.498937541369,534.9992322812792,560.1644444266338,580.9277816751684
353,0.141015625,128.80781183590437,227.50563257091122,308.9390092297394,376.12803384606866,431.56438225102977,477.30384436751604,515.0425986238702,546.1801242325413,571.8711029439698,593.068239952417
354,0.140625,131.43033504286737,232.1391696965598,315.2320684457765,383.79041402359724,440.3565894781351,487.02825960049483,525.5361643098003,557.3083025978145,583.5228886655573,605.1520443693437
355,0.14023437500000002,133.96813175099842,236.61999087660368,321.31575339723577,391.1965050556123,448.8537442360292,496.4256203223256,535.6762641989669,568.06122106806,594.7814315509266,616.8277681096647
356,0.13984375000000002,136.488811740506,241.0737367998233,327.3647283887484,398.56176087229755,457.30506716864653,505.7730467154461,545.7630522344912,578.7580437340623,605.9815827306176,628.4432062972664
357,0.139453125,138.92188247470816,245.36949823692797,333.19705188074397,405.6617795275341,465.45100620768204,514.7819438906857,555.4839557525411,589.0664086381624,616.7746502755626,639.6361925407762
358,0.1390625,141.33683250949056,249.6365855480367,338.99261548651475,412.7185541893279,473.5484133927671,523.7379682434961,565.1484128760856,599.3153816970542,627.5058968944011,650.7653541246044
359,0.138671875,143.66142564972836,253.74066348974387,344.5645845041111,419.5015527664432,481.33057628774833,532.3445108385606,574.4351311378988,609.1632983371902,637.8168470341213,661.4583441691998
360,0.13828125,145.96692207302647,257.81451268261435,350.09780042478593,426.23896527952314,489.06158214949846,540.89532364539,583.6623554860569,618.9486186380627,648.0626423040186,672.0840687991407
361,0.137890625,148.17945328187912,261.7205789693082,355.4008234422069,432.69448494944226,496.4679694493219,549.0862410920438,592.500569157499,628.320902367197,657.8755764401194,682.260574979665
362,0.1375,150.37194120541707,265.5949084949228,360.66315989636644,439.1021467488791,503.820653370552,557.2186576470887,601.2763330398512,637.6274816685634,667.6201220930342,692.3664785569858
363,0.137109375,152.46899895872195,269.2969403241876,365.68906013395883,445.22023369339905,510.83984511451985,564.9813203207304,609.652414435034,646.5096813236805,676.9199096292538,702.0108096907887
364,0.13671875,154.5450977141721,272.9657762255349,370.67240294560077,451.2882645797742,517.802869724356,572.6828009458358,617.9631861628997,655.3231694433811,686.1481801573856,711.5813095081268
365,0.13632812500000002,156.52344846733175,276.45806527844445,375.4134307623198,457.0594850787338,524.4240427526449,580.0052393103887,625.8642199026563,663.7015892528374,694.9204814374177,720.678594683163
366,0.13593750000000002,158.479956912181,279.91575056082905,380.11009608577547,462.77852871108337,530.9866717033564,587.263909016252,633.6971850050156,672.0083965666905,703.6182476501613,729.6989338546142
367,0.135546875,160.33655014829722,283.19291191008614,384.5589410715577,468.19398386177113,537.1996165439174,594.1348322994454,641.110988167792,679.87011751866,711.849536330739,738.235145631496
368,0.13515625,162.17045136381597,286.4341148577208,388.96168669397446,473.55522152411953,543.3517303107545,600.9394982633066,648.4540682535318,687.6574349652558,720.0033863023519,746.6914148184096
369,0.134765625,163.90242440069053,289.49109544672285,393.11148917750114,478.6065612471937,549.1468672458165,607.3483122228118,655.3692095433549,694.9903351318367,727.6809706307821,754.6533912941162
370,0.134375,165.61089070747087,292.51081846403554,397.21352651828215,483.60172645337013,554.8789798809606,613.6884823150333,662.2110822898143,702.2461554067218,735.2783318887118,762.5325517130642
371,0.133984375,167.2155729467646,295.3429046171044,401.0578877666357,488.28116191150684,560.2473731967289,619.6253049991831,668.6168990440094,709.0389279808157,742.3903735891886,769.9080161084008
372,0.13359375,168.79597002297345,298.13649152225156,404.852891791325,492.9025524817568,565.5506461908335,625.4912031179392,674.9470147475532,715.752063090673,749.4195314967094,777.1979185977617
373,0.133203125,170.270887148124,300.73931634955335,408.3858840602961,497.2028683123792,570.4840182108645,630.9468803848076,680.8336296817102,721.9942341424713,755.9550643614538,783.9754985372264
374,0.1328125,171.72077806228282,303.302459504191,411.8680029665863,501.4433581688378,575.3502740291583,636.3294614284541,686.642227415194,728.1543325404466,762.4051800598664,790.6649021651667
375,0.13242187500000002,173.06365590837257,305.6720097279967,415.08417876493195,505.35792375916435,579.841018047914,641.2955812473534,692.0005640528676,733.8362773775583,768.3541270765022,796.834147436939
376,0.13203125000000002,174.38080515880657,308.00075716003784,418.248043650893,509.2109746941226,584.262753630792,646.18654604384,697.2786877734692,739.433841042879,774.2152553660487,802.9127380429647
377,0.131640625,175.58957310102724,310.1333791018963,421.1424438707619,512.7337540802005,588.3039452723988,650.6554510590016,702.1004840045907,744.5467985900423,779.5684437755274,808.4641362169828
378,0.13125,176.77194965588063,312.2241399051716,423.9831760818409,516.1934247109153,592.2743423176627,655.0472577441582,706.8399948371878,749.5731960589186,784.8315467638097,813.9225405706019
379,0.130859375,177.8447439073979,314.1165452987743,426.5513378857039,519.3189861751939,595.8597505444973,659.012057447187,711.1178160505015,754.1092827822155,789.5807226376181,818.8475321142606
380,0.13046875,178.8905247181931,315.96609582139973,429.0645574120139,522.3799421635962,599.3726872303798,662.8979344276881,715.3114062732338,758.5567639766906,794.2376852637618,823.6773340123801
381,0.130078125,179.82569109668827,317.61536670006615,431.30252086905074,525.1034663143193,602.4967836133236,666.3525154106718,719.0386564207515,762.5089856177846,798.3755257911486,827.9683250344101
382,0.1296875,180.73326361976942,319.22085502144233,433.48435243649254,527.7609877908857,605.5468431226874,669.7264707967753,722.6798596479446,766.3706926481955,802.4191671400459,832.1620770383893
383,0.129296875,181.529360001772,320.62444805308746,435.3886664077886,530.0782747261114,608.2048100602809,672.6655058421445,725.8507910532587,769.7329546255645,805.939291518611,835.812450583311
384,0.12890625,182.29732464822354,321.9833983189068,437.23574536943795,532.3282634656141,610.787288816085,675.5223365573622,728.9339920663401,773.0029322164388,809.3633757375754,839.3636853404514
385,0.12851562500000002,182.9531236823565,323.1391495621819,438.803473948789,534.2357406021821,612.9750285073003,677.9412945529142,731.543716115679,775.7700509552974,812.2603570289184,842.3678136766001
386,0.12812500000000002,183.58029645941366,324.2494666255298,440.3129525774977,536.074727678048,615.0859449494253,680.2765960357957,734.0641613268973,778.4432575364991,815.0596049353065,845.2710559526607
387,0.127734375,184.09478685968992,325.1555938447924,441.5416782473919,537.5694536024516,616.8000838190993,682.1717468754983,736.1086537634698,780.6109660891985,817.3289759557903,847.6243066873687
388,0.12734375,184.58020066220683,326.01556558615266,442.7112289051449,538.9946032586042,618.4361828572727,683.9819180133954,738.0624565477264,782.6832794575254,819.4990709720225,849.8750795284819
389,0.126953125,184.95258914112884,326.67067163681986,443.5990571197372,540.0742732971779,619.6740779401109,685.3503396523182,739.5385650795914,784.2482355671001,821.1373327317538,851.5738243562547
390,0.1265625,185.29549546882492,327.2789719894934,444.4268763639713,541.0833879460672,620.8328366871867,686.6325891207796,740.9227126134043,785.7164601369119,822.6749284749851,853.1686569578243
391,0.126171875,185.52520791661607,327.68204689634837,444.9724383689468,541.746337595333,621.5925795623072,687.4721719248912,741.8281616063807,786.6762512126171,823.6795553867928,854.2102770616287
392,0.12578125,185.72507812521488,328.03773805493216,445.45724995360536,542.3378614723664,622.2722115287867,688.2245228272343,742.6405198751485,787.538123326039,824.5822812294873,855.1467105351319
393,0.125390625,185.81176021731997,328.1881600975192,445.6597042633051,542.5830682005667,622.5526303889146,688.5339718646653,742.9739128275758,787.8912690706259,824.9517238624658,855.5295994451355
394,0.125,185.86828598258543,328.29069336594443,445.8007603050316,542.7560887935026,622.7520871307619,688.7552635604694,743.2132286042328,788.145459100587,825.2181871389582,855.8061891106977
395,0.124609375,185.81180403297188,328.1882305777396,445.6597947178514,542.5831744929585,622.5527495835375,688.5341016980846,742.9740514790205,787.8914150412916,824.9518759077038,855.5297565269461
396,0.15195312500000002,39.82773024862784,70.3455027152472,95.52508249407796,116.30025972018268,133.44145880416917,147.58433450768376,159.25335136147143,168.88123447040712,176.82501698950094,183.37928019670656
397,0.15156250000000002,43.392294818917335,76.64149336714392,104.07467916546649,126.70924102418763,145.3845720630761,160.7932258750268,173.50661003821534,183.99617997481485,192.6509237715566,199.79178776666475
398,0.12421875,185.72489822896216,328.037447927617,445.4568777937332,542.3374251029899,622.2717236287289,688.2239930430112,742.6399558104247,787.5375310888776,824.5816657770549,855.1460759175599
399,0.0,32.670195633709824,57.70358047470526,78.35811688775186,95.39977393088402,109.46051912364616,121.06177192502454,130.63374446791588,138.53139636311207,145.04759807795872,150.42399153679534
400,0.15234375,36.26332738612301,64.04991974771711,86.97601048498842,105.89185343238861,121.49894014278517,134.3760439155191,145.000694302664,153.76688974218607,160.99971003343717,166.96737200300362
401,0.0,29.078444524964407,51.359585785121176,69.74323109455531,84.9111882795581,97.42596567459383,107.75166385701665,116.27119803584162,123.30050214726317,129.10024645370657,133.88550469935095
402,0.180078125,-173.06450266372855,-305.6733730468209,-415.0859193877082,-505.3599540001338,-579.8432770821598,-641.2980246237248,-692.0031579866943,-733.838995545423,-768.3569484926268,-796.837055087324
403,0.1796875,-171.71905888579923,-303.2996903220651,-411.86444579883204,-501.43917762914253,-575.34558846272,-636.3243627221337,-686.6367894161428,-728.1486155759178,-762.399233659357,-790.6587670528437
404,0.17929687500000002,-170.2718160240396,-300.7408118846644,-408.387794248064,-497.205097491304,-570.486499889983,-630.9495657787838,-680.8364815605352,-721.9972233858614,-755.9581676907435,-783.9786970471782
405,0.17890625000000002,-168.79408713498907,-298.1334585540515,-404.8489963685726,-492.89797534944597,-565.5455171713995,-625.4856228436596,-674.9410639778112,-715.7458077189173,-749.4130255816242,-777.1912065680577
406,0.178515625,-167.21658258314196,-295.3445301831216,-401.0599647190961,-488.28358674308976,-560.2500738421829,-619.6282284092988,-668.6200045995013,-709.0421838104455,-742.3937541592505,-769.9115006539254
407,0.178125,-165.60884708385692,-292.50752651024914,-397.2092990008123,-483.59675995426295,-554.8734154899518,-613.6824292497844,-662.204628095394,-702.2393714410641,-735.2712766569675,-762.5252732809923
408,0.177734375,-163.90351323071923,-289.4928485174146,-393.11372964887954,-478.60917791679566,-549.1497825815806,-607.3514689943986,-655.3725638082896,-694.9938523219926,-727.6846230019353,-754.6571562585644
409,0.17734375000000002,-162.1682502118129,-286.43056908990513,-388.95713371621184,-473.5498734386555,-543.3457392488207,-600.9329818559024,-648.44712069542,-687.6501329695162,-719.9957927316738,-746.6835813030273
410,0.17695312500000002,-160.3377165707557,-283.19478991227976,-384.56134176527394,-468.19678850315034,-537.2027422427334,-594.1382177273684,-641.114586125377,-679.8738907949327,-711.8534550154101,-738.2391853510649
411,0.1765625,-158.4776016070762,-279.9119564140372,-380.1052246123121,-462.77280720046093,-530.9802630919618,-587.2569391687325,-633.6897546239879,-672.0005876063761,-703.6101272380927,-729.6905571098649
412,0.176171875,-156.5246907150519,-276.4600653672883,-375.4159880287755,-457.06247340788605,-524.4273740170951,-580.0088481766123,-625.8680559882137,-663.7056127642245,-694.9246603478732,-720.6829028745336
413,0.17578125,-154.54259200114032,-272.96173974326194,-370.6672207349586,-451.2821787476536,-517.7960537481215,-572.6753887221563,-617.9552847427557,-655.3148658937317,-686.13954576611,-711.5724027978024
414,0.17539062500000002,-152.4703151346873,-269.29905944461416,-365.6917700529553,-445.22340110828594,-510.8433767910742,-564.9851470202227,-609.6564826717433,-646.5139487865098,-676.9243422283233,-702.015379607528
415,0.17500000000000002,-150.3692889520936,-265.59063590763554,-360.657674935771,-439.0957059580323,-503.8134404968767,-557.2108144130876,-601.2679726820503,-637.6186962356685,-667.6109869267146,-692.3570554963325
416,0.174609375,-148.18084139628263,-261.7228139192241,-355.40368190790826,-432.69782663306665,-496.4716961465688,-549.0902797637243,-592.5048632980496,-628.3254072158267,-657.8802558995869,-682.2653995771745
417,0.17421875,-145.96412728188795,-257.81001042965914,-350.0920209604461,-426.23217918929765,-489.05398317215634,-540.8870611176268,-583.6535486630441,-618.9393644160562,-648.0530199693569,-672.0741434183468
418,0.173828125,-143.6628834295371,-253.74301059444707,-344.5675867869285,-419.5050631556638,-481.33449176820244,-532.3487546933873,-574.4396439398247,-609.16803295565,-637.8217654301563,-661.4634152701108
419,0.17343750000000002,-141.3338994675173,-249.6318605328816,-338.9865503660214,-412.7114331692699,-473.5404399035403,-523.729299007975,-565.1391729880913,-599.3056727555526,-627.4958020125965,-650.7549415002251
420,0.17304687500000002,-138.92340774086722,-245.37195399175042,-333.2001934892404,-405.6654533549176,-465.45510457720275,-514.7863865219358,-555.4886803873387,-589.0713658499527,-616.7798001442471,-639.6415024438456
421,0.17265625,-136.48574507365083,-241.0687964830201,-327.3583871857316,-398.55431615249034,-457.2967317283039,-505.7639844150533,-545.7533938099598,-578.7478953287327,-605.9710311557494,-628.4323227764742
422,0.172265625,-133.9697222552049,-236.62255166813515,-321.3190297034212,-391.2003368956946,-448.85801942501365,-496.4302551332667,-535.6811936357733,-568.0663934837005,-594.7868052061887,-616.8333088834435
423,0.171875,-131.42713957847567,-232.1340218623532,-315.2254611480999,-383.7826573190208,-440.3479051889087,-487.01881846541676,-525.5261025018431,-557.2977306395314,-583.5118969319803,-605.140707000082
424,0.17148437500000002,-128.80946519746533,-227.50829456941906,-308.9424153248909,-376.13201794139616,-431.5688278163356,-477.3086643538962,-515.0477253963854,-546.1855040041216,-571.8766922223349,-593.0740031723873
425,0.17109375000000002,-126.16588297640675,-222.84131343116437,-302.6064803261492,-368.4192334725747,-422.7200941205921,-467.5227048168369,-504.488488049291,-534.988253253971,-560.153029664063,-580.9160081191768
426,0.170703125,-123.45059327667914,-218.04323616266473,-296.0894341197483,-360.4837306554942,-413.6141883261545,-457.45109817473957,-493.620090856752,-523.4624360247833,-548.084786788949,-568.4002202962731
427,0.1703125,-120.71008768348051,-213.20499976966332,-289.52090213600445,-352.4877337327983,-404.4404791404726,-447.3057048544124,-482.6729887043015,-511.85386253184885,-535.9304467846486,-555.7955786077447
428,0.169921875,-117.90136946557776,-208.2419708488557,-282.7799044088026,-344.2796035084999,-395.0217856447688,-436.8881754542896,-471.431329801247,-499.93222678972785,-523.4477742155059,-542.8500053519713
429,0.16953125000000002,-115.0681662398603,-203.23993954424878,-275.9889038175958,-336.01272359162743,-385.53724640259685,-426.39899207093816,-460.11324275555904,-487.93023041766156,-510.8814981685853,-529.8181527687226
430,0.16914062500000002,-112.17035035774758,-198.11961162671713,-269.03434873411976,-327.5446223462357,-375.82028820195467,-415.65160305100756,-448.5156560374071,-475.63115854212043,-498.00364337185385,-516.4627553143318
431,0.16875,-109.24881804864351,-192.9614981029647,-262.03135066100043,-319.01960623549894,-366.0395432244904,-404.8348029950145,-436.84403558087433,-463.25424529623183,-485.0448073517266,-503.0237857781382
432,0.168359375,-106.26637267186621,-187.6917662744159,-254.8739615233101,-310.3045910269298,-356.03930300674693,-393.77412588037924,-424.90840350737824,-450.59670138077877,-471.7916268591123,-489.27915699178595
433,0.16796875,-103.26101605470845,-182.38552394130605,-247.66976404576076,-301.5345836313676,-345.9774334364396,-382.6463878068302,-412.901246357249,-437.86395548003253,-458.4602123591388,-475.4537923191417
434,0.16757812500000002,-100.19853994732888,-176.9745138311977,-240.32057714428075,-292.58609252179446,-335.7093310102698,-371.28947754296877,-400.6459730087826,-424.86745675666117,-444.85214184530446,-461.34112566593484
435,0.16718750000000002,-97.11399310017984,-171.52832459055327,-232.92628869290095,-283.5846166511403,-325.3818516254901,-359.8679597295424,-388.32179344775363,-411.79851129131345,-431.16870505985764,-447.1506836857654
436,0.166796875,-93.97620836112388,-165.98437955542244,-225.39663590355897,-274.41644752237613,-314.8617196139612,-348.2323278006328,-375.7657755192932,-398.4830973721986,-417.2267271387868,-432.6917398335625
437,0.16640625,-90.81722739684459,-160.4066409764402,-217.82365785376055,-265.19738270084315,-304.28455452345173,-336.5346412689892,-363.14357639435013,-385.09810355181145,-403.2123667671,-418.1581009999259
438,0.166015625,-87.60897226104298,-154.7383093752791,-210.12514935308593,-255.82367220394244,-293.5286142083872,-324.63822897975825,-350.3061743627567,-371.4843058516109,-388.9579789743727,-403.3751746132131
439,0.16562500000000002,-84.38042814354326,-149.03762200159417,-202.38515878790096,-246.401233680381,-282.71807276794755,-312.68241085944237,-337.4054183425504,-357.80390252405965,-374.6343043049447,-388.5207489057465
440,0.16523437500000002,-81.10664950483458,-143.25364398617984,-194.5296651126478,-236.8364353924718,-271.742909026152,-300.5435616142691,-324.3064265534785,-343.9127125382487,-360.0894858840027,-373.4366342009825
441,0.16484375,-77.81352036653044,-137.43879778125975,-186.6345964239202,-227.22515174643257,-260.71566014782536,-288.34804673207105,-311.14700547389214,-329.9579936842567,-345.478582762136,-358.28432583280403
442,0.164453125,-74.47926613286516,-131.5480917903647,-178.63423012829242,-217.48401383683972,-249.53819582379776,-275.9854776902542,-297.80662155483606,-315.8108305520664,-330.66576070066156,-342.9222813551847
443,0.1640625,-71.12662972773357,-125.62805280403936,-170.5962569100429,-207.69870493393458,-238.31124268186224,-263.5690705950676,-284.4088262315039,-301.6033132721677,-315.790158009004,-327.4954540103157
444,0.16367187500000002,-67.7370411140585,-119.63970194189375,-162.46335406335376,-197.79624763408123,-226.9487127341509,-251.0018440746443,-270.84762023250255,-287.2219910497479,-300.732172770913,-311.8791670938991
445,0.16328125000000002,-64.3300670224774,-113.62359854377053,-154.2948704191739,-187.85200186908213,-215.5393666548187,-238.38369016017373,-257.23210930034304,-272.7835825198226,-285.61480783033363,-296.20160804521663
446,0.162890625,-60.8903705418903,-107.5468364359632,-146.0419713988863,-177.8034940883723,-204.0092913256983,-225.63118396456596,-243.47099167528606,-258.19027622685536,-270.33487780652086,-280.35515794734954
447,0.1625,-57.4343120520889,-101.44394498895572,-137.75557249428627,-167.71564471292749,-192.4351446297579,-212.8307394370072,-229.65875918458184,-243.5432393379053,-254.99906040223289,-264.45104075176937
448,0.162109375,-53.949811436753244,-95.28814151039644,-129.3954026033403,-157.53658043907222,-180.75530236606699,-199.9126169049411,-215.71894847235905,-228.7604506843058,-239.52074602467772,-248.3988614366602
449,0.16171875000000002,-50.449997540213786,-89.10787223031807,-121.00386546388219,-147.32068218391885,-169.03420154562255,-186.94961911686062,-201.731291876951,-213.92737009516827,-223.99012286191584,-232.2927090730141
450,0.16132812500000002,-46.92606564749256,-82.88251920092934,-112.54931550154606,-137.0267568248897,-157.22260185122818,-173.88579909547772,-187.63428229864851,-198.97789311775506,-208.3372906225604,-216.05955189560484
451,0.1609375,-43.38789279349227,-76.6344015977754,-104.06557924577704,-126.69856183564431,-145.37261995999154,-160.78023601070905,-173.49276950704893,-183.9816403145389,-192.63580874260992,-199.77619882461613
452,0.160546875,-39.82996326729985,-70.34909805451876,-95.52968550706625,-116.30564786856064,-133.4474754550984,-147.59086195320955,-159.2602976200254,-168.88852601502887,-176.83259416798927,-183.387094132867
453,0.16015625,-36.25888706584152,-64.04276627940595,-86.96683145011653,-105.8810814834189,-121.48688431699355,-134.3629414107175,-144.9867338296627,-153.75222414074798,-160.9844641238702,-166.9516481082051
454,0.15976562500000002,-32.67244599209677,-57.707203732796366,-78.36275570199362,-95.40520407373963,-109.46658276229093,-121.06835043420007,-130.6407451378678,-138.53874507660126,-145.05523469966147,-150.43186679275223
455,0.15937500000000002,-29.073972804689422,-51.352381727794985,-69.7339871918274,-84.90034027582816,-97.41382480681132,-107.73846899914784,-116.25713922386997,-123.28573328836112,-129.08489323706573,-133.86967015890943
456,0.158984375,-25.464550207985855,-44.9763291430476,-61.074996277852335,-74.35765244589274,-85.31690061194483,-94.359160373363,-101.81975417524265,-107.97534751477592,-113.05421065437632,-117.24468450042772
457,0.15859375,-21.84422859879621,-38.58281554798486,-52.393618203095905,-63.78868891692563,-73.1905602530216,-80.94787168418966,-87.34828453622612,-92.62914476597332,-96.98628279140937,-100.58127486796305
458,0.158203125,-18.217389943984493,-32.176104330480456,-43.693063651918116,-53.19544671765957,-61.035665987386054,-67.50447532163156,-72.84176452032865,-77.24545977691635,-80.8788651908264,-83.87671938095075
459,0.15781250000000002,-14.580802196537464,-25.753757497227333,-34.972462091867335,-42.57868006205362,-48.8544411957265,-54.0324586492698,-58.30474515141845,-61.82972883880519,-64.73812654681558,-67.13779055849302
460,0.15742187500000002,-10.942139804549042,-19.3262663286999,-26.243759524094113,-31.95121750000748,-36.66031881920673,-40.54570328614258,-43.751458164086266,-46.39646515549736,-48.57881039389082,-50.37942245339937
461,0.15703125,-7.294893264109987,-12.884989034744372,-17.49738099342871,-21.30301797760032,-24.44299213237305,-27.033731472692665,-29.171304061487813,-30.934975930969635,-32.39014877813792,-33.59078461315379
462,0.156640625,-3.6500176900037404,-6.446628642773417,-8.75398943798613,-10.657721831831184,-12.228444099705372,-13.524412710102279,-14.593690218635052,-15.475930530378651,-16.2038505713171,-16.804444084694566
463,0.15625,0.0022638481238959063,0.0036471194198738214,0.004679767910741585,0.005491788413001696,0.006146230080111238,0.006679741030246156,0.007117053070695719,0.007476460316560967,0.0077722486805349746,0.00801588644191066
464,0.15585937500000002,3.647732471116754,6.4429492513714175,8.749278637819792,10.652207247112667,12.222285976807203,13.517731519448871,14.58658013484767,15.468466858119875,16.196094417792366,16.796445524001314
465,0.15546875000000002,7.29941745478542,12.892277625804104,17.506733287473608,21.313993063817755,24.455275098632605,27.047080644656297,29.18552718925138,30.94991732408814,32.40568129583158,33.60680403358446
466,0.155078125,10.939858080188072,19.32259256428312,26.239055940017384,31.945711379960212,36.65417016759064,40.53903238839436,43.74435904796646,46.389013006625014,48.571066222037324,50.37143625244814
467,0.1546875,14.58531587986233,25.761029160403364,34.9817926807952,42.589629700468585,48.866695707396424,54.04577692057332,58.3189353757357,61.844635682747125,64.75362316024516,67.15377295741891
468,0.154296875,18.21511521139576,32.17244182520619,43.68837450751988,53.1899575364825,61.02953628958458,67.49782502239016,72.8346873534477,77.23803068972644,80.8711449980628,83.86875791592813
469,0.15390625000000002,21.848724790747287,38.59005903196636,52.402912660707635,63.79959619410731,73.20276739855565,80.96113851783608,87.36241998925915,92.64399409935635,97.00171963880553,100.59719564129527
470,0.15351562500000002,25.462285934227396,44.97268347866434,61.07032873016827,74.35218859819027,85.3107992602943,94.35254087939572,101.81270983330019,107.96795291596594,113.0465263218732,117.23676002750858
471,0.153125,29.078444524964407,51.359585785121176,69.74323109455531,84.9111882795581,97.42596567459383,107.75166385701665,116.27119803584162,123.30050214726317,129.10024645370657,133.88550469935095
472,0.152734375,32.670195633709824,57.70358047470526,78.35811688775186,95.39977393088402,109.46051912364616,121.06177192502454,130.63374446791588,138.53139636311207,145.04759807795872,150.42399153679534
473,0.18085937500000002,-175.59033646618622,-310.1346081610963,-421.14401230623275,-512.7355823029827,-588.3059782094889,-650.6576486594586,-702.1028159818206,-744.5492414607969,-779.5709788826589,-808.4667484675131
474,0.18046875,-174.3792523152944,-307.9982559839663,-418.2448301435,-509.20719707885115,-584.2585185919719,-646.1819365834921,-697.2737707164936,-739.4286710620903,-774.2098773900664,-802.9071890329627
475,0.15234375,36.26332738612301,64.04991974771711,86.97601048498842,105.89185343238861,121.49894014278517,134.3760439155191,145.000694302664,153.76688974218607,160.99971003343717,166.96737200300362
476,0.18125000000000002,-176.77056572364003,-312.22191090579264,-423.98031159863075,-516.1900563211148,-592.2705648606848,-655.0431451963009,-706.8356068893836,-749.5685816397452,-784.8267461279427,-813.9175868565836
477,0.232421875,117.90136418194378,208.24196286749748,282.779895012237,344.27959229524794,395.0217713465629,436.88815657225774,471.43130504133273,499.9321952170022,523.4477353257655,542.8499590364816
478,0.23203125000000002,115.06816221150984,203.2399372382034,275.9889086499044,336.0127392259448,385.5372748707454,426.39903413352766,460.11329835931394,487.93029901944914,510.88157901567587,529.8182450572255
479,0.23164062500000002,112.17034487296803,198.1196033408327,269.0343390467874,327.5446109395739,375.8202738555462,415.6515842827743,448.515631547451,475.6311273783997,498.00360500817203,516.4627096191492
480,0.23125,109.24881384486848,192.96149547007636,262.03135505681826,319.01962134129604,366.03957107470376,404.83484434398997,436.8440903651942,463.2543129648239,485.0448871474328,503.0238768962069
481,0.230859375,106.26636707216376,187.69175782973917,254.8739517403498,310.30457966285996,356.0392888821509,393.77410752416495,424.90837960883306,450.59667096648286,471.79158937726083,489.27911228489273
482,0.23046875,103.26101174943211,182.38552110615274,247.6697681715888,301.534598409525,345.97746089767617,382.64642869377144,412.9013005916222,437.8640224987665,458.46029139727574,475.4538825681426
483,0.23007812500000002,100.19853426021352,176.97450527313327,240.320567326226,292.5860812744888,335.7093171928228,371.28945969373274,400.6459498047685,424.8674272016878,444.8521053607585,461.3410820671836
484,0.22968750000000002,97.11398863762338,171.528321456629,232.92629241886885,283.5846309464126,325.3818785202812,359.867999958734,388.32184692121706,411.79857743628486,431.16878310545593,447.1507728210308
485,0.229296875,93.97620253761757,165.984370798959,225.39662593605985,274.41643625502763,314.86170594832925,348.2323102884591,375.76575282838655,398.48306848596826,417.22669145367854,432.69169713911543
486,0.22890625,90.81722279324285,160.40663757001647,217.82366121484404,265.1973965555884,304.28458090062196,336.53468089449274,363.1436291650684,385.0981688841417,403.2124438832559,418.1581890855458
487,0.228515625,87.60896633119792,154.7383004702705,210.1251393029995,255.823660998034,293.52860078918644,324.6382119106766,350.30615230094435,371.4842777586396,388.9579442204708,403.3751329608451
488,0.22812500000000002,84.3804233727354,149.037618276635,202.38516172204842,246.4012470195969,282.7180985423574,312.68244978765904,337.405470309872,357.8039669369423,374.6343803793593,388.520835824352
489,0.22773437500000002,81.1066434285395,143.25363486261477,194.52965488577456,236.83642413458767,271.7428957252117,300.5435448484655,324.30640497206946,343.91268508286663,360.0894519001017,373.4365934249642
490,0.22734375,77.81351544751023,137.4387937690024,186.63459897283562,227.22516462068296,260.71568537772134,288.34808502725167,311.1470567068726,329.958057250224,345.4786578696365,358.2844116605187
491,0.226953125,74.47925996816355,131.54808254638544,178.63421985647784,217.48400268702846,249.53818282541147,275.98546143227145,297.80660067560234,315.81080397039864,330.66572773473047,342.9222417132201
492,0.2265625,71.12662473005697,125.62804862213173,170.5962592314344,207.6987175340097,238.3112675856947,263.56910849782156,284.40887698881966,301.60337626410245,315.7902324334138,327.4955390393096
493,0.22617187500000002,67.73703489863395,119.6396926408543,162.46334383191797,197.79623669678077,226.94870015983227,251.0018284604185,270.8476002041009,287.22196550124147,300.7321409914589,311.87912876221276
494,0.22578125000000002,64.33006192259948,113.62359415189196,154.29487245950062,187.85201413104446,215.53939116111633,238.38372759267406,257.2321594992881,272.7836448508191,285.614881481041,296.20169218173055
495,0.225390625,60.89036418634406,107.54682692555924,146.0419610045393,177.8034831193854,204.00927889944478,225.63116869273912,243.47097217671214,258.1902513751115,270.3348468650861,280.355120568295
496,0.225,57.43430675297375,101.44394022115979,137.7555740315634,167.7156563696549,192.43516843540954,212.83077606690017,229.65880846921632,243.54330063284985,254.99913288835688,264.4511235920869
497,0.224609375,53.949804925367026,95.28813176282709,129.39539200973024,157.5365693965102,180.7552900430354,199.91260192947223,215.71892945759276,228.76042648436936,239.5207158777042,248.39882496838808
498,0.22421875000000002,50.449992055940264,89.10786710933887,121.00386652925422,147.3206932742469,169.03422469645733,186.94965499620707,201.73134030435577,213.92743041555954,223.99019424816672,232.2927906842119
499,0.22382812500000002,46.92605897203456,82.88250920104207,112.54930468950637,137.02674568742282,157.22258960961304,173.8857843954369,187.6342637481081,198.9778695522411,208.33726125474016,216.0595163248029
500,0.2234375,43.387887124521086,76.6343961232734,104.06557983985152,126.6985723613116,145.372642459154,160.7802711442501,173.49281708300038,183.98169966735136,192.6358790364248,199.7762792140332
501,0.223046875,39.829956449357375,70.34908783870334,95.52967452695422,116.3056366990325,133.447463369362,147.59084761371466,159.26027962825918,168.88850318711212,176.83256568993858,183.38705957640641
502,0.22265625,36.25888123399873,64.04276048883365,86.966831624297,105.88109150780755,121.48690623845015,134.36297588116773,144.98678064405695,153.7522826215185,160.9845334252492,166.95172737891514
503,0.22226562500000002,32.67243902057995,57.707193282463834,78.36274453029564,95.40519284576229,109.4665708054719,121.06833642862,130.64072767951495,138.53872296267596,145.0552070897732,150.43183323100126
504,0.22187500000000002,29.07396677320155,51.35237555862369,69.73398686297458,84.90034969939784,97.41384603888501,107.73850268469798,116.25718514687865,123.28579076079377,129.0849614041194,133.86974816439763
505,0.221484375,25.464543053780346,44.97631840849709,61.074984848992635,74.35764108211015,85.31688869900142,94.35914661127929,101.81973715660885,107.97532601930702,113.05418381610941,117.24465183663483
506,0.22109375,21.84422235510308,38.5828089780771,52.393617341996524,63.78869770535919,73.19058075819757,80.94790454503834,87.3483295264084,92.6292011871846,96.98634977986559,100.58135156269408
507,0.220703125,18.21738260187576,32.17609330195927,43.693051953745346,53.19543520546625,61.035654106847275,67.50446179397196,72.84174793538259,77.24543889693949,80.87883912440718,83.87668761834489
508,0.22031250000000002,14.580795737075707,25.753750519168833,34.972460688946754,42.57868820480951,48.85446096303967,54.03249067496581,58.30478919887056,61.82978419883444,64.7381923467185,67.13786593201078
509,0.21992187500000002,10.942132270178025,19.326254997127656,26.243747545043774,31.95120582791335,36.660306960510724,40.5456899847251,43.75144200760486,46.39644488887032,48.578785100442374,50.37939159588782
510,0.21953125,7.294886583636407,12.884981637396653,17.497379033147148,21.30302545798211,24.443011143471058,27.033762644014075,29.171347146349884,30.935030209667893,32.39021336894084,33.59085864387498
511,0.219140625,3.6500099599742653,6.446617001596447,8.753977169506152,10.657709992520536,12.228432257085808,13.524399631778289,14.59367449062384,15.475910880587747,16.203826057739636,16.80441414215721
512,0.21875,-0.0022707530135946796,-0.003654941939239092,-0.004682293304763694,-0.005484978508599354,-0.006127983108629328,-0.006649431535136178,-0.007074937770941476,-0.007423269777873223,-0.007708873993596476,-0.007943205972309488
513,0.21835937500000002,-3.647740398983486,-6.442961206402024,-8.74929120037387,-10.652219257077125,-12.222297804066864,-13.517744371901728,-14.586595427715135,-15.468485880577388,-16.196118137377397,-16.79647453408238
514,0.21796875000000002,-7.299424584307164,-12.892285875219423,-17.506736379816846,-21.313986925788676,-24.455257615885426,-27.047051195706704,-29.185486041020443,-30.949865218446963,-32.405619133670534,-33.60673269988398
515,0.217578125,-10.939866207567498,-19.322604836976904,-26.23906880065304,-31.945723563241497,-36.65418197928811,-40.53904501112768,-43.74437389781974,-46.38903138990689,-48.57108913202866,-50.37146431106727
516,0.2171875,-14.58532323379841,-25.761037837470095,-34.98179634082729,-42.589624234209325,-48.866678987392085,-54.045748329236524,-58.31889519037541,-61.84458465697276,-64.75356220520023,-67.15370296517776
517,0.216796875,-18.215123534433683,-32.17245440978305,-43.68838765739513,-53.18996988000486,-61.029548067489266,-67.49783739159416,-72.83470173083543,-77.23804839904075,-80.87116705876407,-83.86878497904607
518,0.21640625000000002,-21.84873236539103,-38.59006813147711,-52.40291688112852,-63.79959138970765,-73.20275142853775,-80.961110768661,-87.36238074899566,-92.64394413393649,-97.00165987021205,-100.59712696929611
519,0.21601562500000002,-25.462294463711267,-44.97269639424498,-61.07034219375921,-74.35220112900227,-85.31081103182666,-94.35255302137145,-101.81272376246727,-107.9679699730834,-113.04654755243754,-117.23678611175433
520,0.215625,-29.07845234271231,-51.359595346320454,-69.7432359276535,-84.91118419905662,-97.42595052384553,-107.75163702480415,-116.27115981981508,-123.30045332498453,-129.10018795753626,-133.88543743648987
521,0.215234375,-32.67020439123767,-57.70359375879801,-78.35813071413143,-95.3997867056495,-109.46053094989897,-121.06178390301035,-130.63375801266403,-138.53141283145615,-145.04761854086425,-150.4240167034535
522,0.21484375,-36.263335473948345,-64.04992981770278,-86.97601599364498,-105.89185015068182,-121.49892589532249,-134.37601809135958,-145.00065720759557,-153.76684216449146,-160.9996529152193,-166.9673062584948
523,0.21445312500000002,-39.82773924038658,-70.34551637914693,-95.5250966972281,-116.30027275322045,-133.44147069796585,-147.58434633185226,-159.25336452866114,-168.88125035336128,-176.82503668473234,-183.3793044426508
524,0.21406250000000002,-43.39230314800381,-76.64150389803869,-104.07468528527713,-126.70923846244092,-145.38455862757175,-160.79320095704213,-173.5065739535256,-183.99613352422915,-192.6508679085316,-199.79172341391612
525,0.213671875,-46.92386258292491,-82.87897127867878,-112.54476986100615,-137.0214321587243,-157.21665331551097,-173.87934434025013,-187.62741384532185,-198.97068517673947,-208.32980339116375,-216.0518345429
526,0.21328125,-50.45436303827537,-89.11490233512514,-121.01287895073378,-147.3312502992891,-169.04601888489492,-186.96245232745113,-201.74495609363225,-213.94171612696763,-224.0050291615648,-232.30807613783125
527,0.212890625,-53.94763274628191,-95.2846328385365,-129.39090718374248,-157.53131449378722,-180.7494193055457,-199.9062330698554,-215.71215536716775,-228.7533217136112,-239.51334073923965,-248.39122848187304
528,0.21250000000000002,-57.43862596414825,-101.45089205926334,-137.7644795319368,-167.72608802438796,-192.44682242281908,-212.8434211272458,-229.6722621039415,-243.5574160702114,-255.01379084633686,-264.4662265878101
529,0.21210937500000002,-60.88821956568994,-107.5433723931875,-146.03753309621985,-177.79829495010205,-204.00348278415802,-225.62488087359412,-243.4642843817969,-258.18323721603946,-270.327565889849,-280.3476211703912
530,0.21171875,-64.33432268160689,-113.63045183982439,-154.3036572366505,-187.86230422996692,-215.55088684571874,-238.3962007205047,-257.24543004065293,-272.7975680256953,-285.62933963163016,-296.21658915630604
531,0.211328125,-67.73492116444366,-119.63628786345423,-162.4589797194386,-197.79112332671392,-226.9429876867751,-250.99563147803838,-270.84100913639907,-287.21505290708484,-300.7249655617558,-311.8717381883563
532,0.2109375,-71.1308205518306,-125.63480172225013,-170.6049099104337,-207.7088504012203,-238.3225874420281,-263.58139066261367,-284.4219441735243,-301.61708590015854,-315.8044686664495,-327.51020719535666
533,0.21054687500000002,-74.47718045686277,-131.5447329046447,-178.62992644601786,-217.47897221972045,-249.53256306042118,-275.9793651358693,-297.80011682538355,-315.8040039578569,-330.65866930027073,-342.914971769292
534,0.21015625000000002,-77.81763989028646,-137.44543190773774,-186.64310225521845,-227.23512466560362,-260.72681197236295,-288.3601572962761,-311.1599003741462,-329.9715321779116,-345.4926501854835,-358.2988283144828
535,0.209765625,-81.10460131794386,-143.25034547278372,-194.52543873447993,-236.83148425580848,-271.7373772606148,-300.53755856840604,-324.30003827381324,-343.90600808287326,-360.08252130055877,-373.42945528726943
536,0.209375,-84.38447000397409,-149.0441310865037,-202.3935043075788,-246.41101864176193,-282.72901442512773,-312.6942932058966,-337.4180702724869,-357.8171859572512,-374.6481067469354,-388.5349782601522
537,0.208984375,-87.60696472715337,-154.73507633132212,-210.1210068163859,-255.81881921523063,-293.5231920177623,-324.6323447605545,-350.29991245855604,-371.4777339603903,-388.9511520447905,-403.3681375478759
538,0.20859375000000002,-90.82118534230881,-160.41301494865147,-217.83183014772382,-265.2069645620631,-304.29526908015856,-336.54627700746676,-363.15596577065594,-385.1111113610773,-403.2258828576307,-418.1720351923793
539,0.20820312500000002,-93.97424450733575,-165.98121685063145,-225.39258344643756,-274.4116999916993,-314.85641517054785,-348.2265712826348,-375.75964944078305,-398.4766679688409,-417.2200481769014,-432.6848552521114
540,0.2078125,-97.11786099524595,-171.5345535647492,-232.9342750838337,-283.5939805459843,-325.39232245639624,-359.8793308032236,-388.3339010414341,-411.81122328464306,-431.1819138143389,-447.1643010786531
541,0.207421875,-100.19662283526411,-176.97142640047966,-240.3166210987786,-292.5814578777664,-335.7041526255939,-371.2838577570078,-400.63999237642804,-424.86117994646327,-444.84562135572907,-461.33440440205726
542,0.20703125,-103.26478796994493,-182.39159837020384,-247.67755229641804,-301.54371521500667,-345.98764450337194,-382.65747679961345,-412.91305362377153,-437.87635218563383,-458.4730935424299,-475.467072048165
543,0.20664062500000002,-106.26450524990288,-187.68875886631062,-254.87010797817308,-310.3000764103932,-356.0342586673781,-393.76865150194004,-424.9025775613324,-450.59058686819895,-471.78527492873746,-489.27260944756284
544,0.20625000000000002,-109.25248812572832,-192.96740854664353,-262.0389286641039,-319.02849131109815,-366.0494786495917,-404.8455926611559,-436.8555241543955,-463.26630742805594,-485.0573409204733,-503.036707176021
545,0.205859375,-112.16853546999556,-198.11668881922228,-269.0306035566448,-327.54023463581274,-375.8153855994835,-415.6462824338755,-448.5099936742693,-475.625215670168,-497.99746971146635,-516.4563915037671
546,0.20546875,-115.07172881265372,-203.24567687563066,-275.9962598705438,-336.02134843796,-385.54689084243256,-426.40946574694175,-460.1243948916306,-487.9419393431533,-510.8936647592575,-529.830695869642
547,0.205078125,-117.89960992385932,-208.2391371725829,-282.7762734105833,-344.2753495209155,-395.0170324050195,-436.8830168834569,-471.42583984640186,-499.92646482821885,-523.4417884610166,-542.8438352127998
548,0.20468750000000002,-120.71353722701825,-213.21055508675565,-289.52802482238366,-352.4960849620557,-404.4498176229825,-447.3158462790493,-482.68378708610857,-511.8652000670341,-535.9422274995856,-555.8077239261188
549,0.20429687500000002,-123.44889169751646,-218.0404958230616,-296.08592268395887,-360.47961669549187,-413.60959149467993,-457.4461092988956,-493.61478145321695,-523.4568635232872,-548.0789978247891,-568.3942529890684
550,0.20390625,-126.16921411959534,-222.84667807766223,-302.61335854218663,-368.4272980616313,-422.7291120796716,-467.5324981682076,-504.4989158265049,-534.9992017035361,-560.1644061122913,-580.9277366908441
551,0.203515625,-128.80782425756448,-227.50565188283647,-308.9390289919516,-376.12805051054704,-431.5643946683097,-477.3038530782904,-515.042604965675,-546.1801298084533,-571.8711092435051,-593.0682481797254
552,0.203125,-131.43034723867018,-232.13918765622572,-315.2320844084068,-383.7904229781258,-440.35658888474336,-487.02824882346727,-525.5361437875389,-557.3082733217282,-583.5228517768945,-605.152000948391
553,0.20273437500000002,-133.96814451113562,-236.62001075471912,-321.31577375908506,-391.19652219426195,-448.8537568963187,-496.4256289926554,-535.6762702031351,-568.0612260220498,-594.7814369719005,-616.8277752370278
554,0.20234375000000002,-136.4888243240282,-241.0737554901083,-327.3647453193437,-398.56177095782556,-457.3050678282218,-505.7730373004344,-545.7630331855112,-578.7580160529352,-605.9815475707605,-628.4431647505444
555,0.201953125,-138.9218955718308,-245.36951867843044,-333.19707283516095,-405.66179712607635,-465.4510190873041,-514.7819524861957,-555.4839613734729,-589.0664129134869,-616.7746547505511,-639.6361984908489
556,0.2015625,-141.33684548558665,-249.6366049781721,-338.9926333963779,-412.718565416944,-473.5484153144827,-523.7379601967061,-565.148395303104,-599.3153556100089,-627.5058634590036,-650.7653144446298
557,0.201171875,-143.6614391787712,-253.74068465629352,-344.56460626480225,-419.50157107764875,-481.3305896680686,-532.3445196611051,-574.4351366917975,-609.1633022598675,-637.8168508956157,-661.45834927858
558,0.20078125000000002,-145.96693555411775,-257.81453304533886,-350.0978195715785,-426.2389779583233,-489.06158568292375,-540.8953173481899,-583.6623397954168,-618.9485945711175,-648.0626110346159,-672.0840314397698
559,0.20039062500000002,-148.17946727502238,-261.72060091572007,-355.4008460796441,-432.69450405298994,-496.46798341415194,-549.0862502259358,-592.5005747267298,-628.3209060161685,-657.8755797628207,-682.2605793185413
560,0.2,-150.37195518352013,-265.594929778172,-360.66318026355,-439.10216085711033,-503.8206584882674,-557.2186530663948,-601.2763191931255,-637.6274595785437,-667.620092942408,-692.3664434677753
561,0.199609375,-152.4690133622204,-269.29696295911543,-365.6890835228627,-445.2202534326923,-510.8398594783451,-564.9813295540964,-609.6524197840179,-646.5096844424054,-676.9199121383336,-702.0108129686571
562,0.19921875,-154.54511210771747,-272.96579829197924,-370.67242434874277,-451.28827989286475,-517.8028761675322,-572.6827977938013,-617.9631738478499,-655.3231489978127,-686.1481527764639,-711.5812763266478
563,0.19882812500000002,-156.5234633103505,-276.45808865202474,-375.41345496739143,-457.05950552703206,-524.4240575925635,-580.0052487208836,-625.8642251074295,-663.7015919145155,-694.9204832026464,-720.6785969662866
564,0.19843750000000002,-158.47997175880266,-279.9157734764202,-380.11011861324647,-462.7785453343257,-530.9866795897883,-587.2639074199407,-633.6971743555852,-672.0083779047766,-703.6182221822801,-729.6989027276504
565,0.198046875,-160.33656540134996,-283.19293597219405,-384.5589660224754,-468.1940049283933,-537.1996317489816,-594.1348417565825,-641.1109930794511,-679.8701195574951,-711.8495371711052,-738.2351467254522
566,0.19765625,-162.17046671317428,-286.43413870886894,-388.961710461441,-473.55523959557394,-543.3517397953285,-600.9394983902699,-648.4540594467592,-687.6574182712668,-720.0033629373628,-746.6913859402798
567,0.197265625,-163.90244015411386,-289.4911203515934,-393.11151507821484,-478.6065831731461,-549.1468830838745,-607.3483220135311,-655.369214462052,-694.9903368569642,-727.6809708613367,-754.6533915177698
568,0.19687500000000002,-165.61090660907286,-292.51084333694985,-397.2135516411207,-483.6017461106677,-554.8789911179288,-613.6884843319461,-662.2110755015665,-702.2461408634298,-735.278310814617,-762.5325252758645
569,0.19648437500000002,-167.2155892137156,-295.34293038752605,-401.05791464473714,-488.2811847245164,-560.2473896920072,-619.6253151419237,-668.6169039810104,-709.0389293958269,-742.3903732058654,-769.9080154504701
570,0.19609375,-168.79598645116434,-298.13651737539925,-404.85291821391587,-492.90257365622296,-565.5506590993626,-625.4912069330204,-674.9470098762948,-715.7520505881712,-749.4195125965824,-777.1978944788947
571,0.195703125,-170.27090392127093,-300.7393429735062,-408.38591189670615,-497.2028919837403,-570.4840353231042,-630.9468908269314,-680.8336345717846,-721.9942351700441,-755.9550632756877,-783.9754968990217
572,0.1953125,-171.72079509843388,-303.30248647869615,-411.86803087851393,-501.44338108838946,-575.3502888671628,-636.3294673232155,-686.642224760925,-728.1543223934227,-762.4051636601553,-790.664880700657
573,0.19492187500000002,-173.06367328601385,-305.67203737397074,-415.0842077832077,-505.35794855407886,-579.8410360730613,-641.295592307341,-692.0005692307226,-733.8362783641137,-768.3541256431453,-796.8341451794566
574,0.19453125000000002,-174.38082278886472,-308.00078523486746,-418.2480730247014,-509.2109993248636,-584.2627703579186,-646.1865539719438,-697.2786872843933,-739.4338331949441,-774.2152414066943,-802.9127191700613
575,0.194140625,-175.58959098760664,-310.1334076081504,-421.1424738515098,-512.7337797284141,-588.3039638951077,-650.6554623819789,-702.1004890808653,-744.5467991166114,-779.5684415504737,-808.464132875081
576,0.19375,-176.77196784540055,-312.22416902514044,-423.9832068449197,-516.1934509651531,-592.2743608330514,-655.0472675936444,-706.8399963920467,-749.5731903814698,-784.831535110675,-813.9225241513308
577,0.193359375,-177.84476226602848,-314.11657460405917,-426.55136874488045,-519.3190125707247,-595.8597696377368,-659.0120688866286,-711.1178208608873,-754.1092826688805,-789.5807194275824,-818.8475274835405
578,0.19296875000000002,-178.89054333785194,-315.96612576971825,-429.0645892749208,-522.3799696914552,-599.3727071337544,-662.8979457566638,-715.3114093958221,-758.5567599657277,-794.2376753906439,-823.6773195031249
579,0.19257812500000002,-179.8257097785097,-317.6153965519498,-431.3025522653557,-525.1034930392285,-602.4968026927874,-666.3525264252706,-719.0386603749977,-762.5089842328528,-798.3755209296603,-827.968318419477
580,0.1921875,-180.73328256454442,-319.22088562216754,-433.4843851636816,-527.7610163065355,-605.5468640855487,-669.7264832408798,-722.679863943682,-766.3706898841136,-802.4191586068164,-832.162063982381
581,0.191796875,-181.52937911823992,-320.62447864225743,-435.3886985933998,-530.0783020786948,-608.2048294578753,-672.6655167880143,-725.850794524274,-769.7329523535242,-805.93928539791,-835.8124423813755
582,0.19140625,-182.2973442018769,-321.98343005809124,-437.2357796124035,-532.3282937543435,-610.7873117312831,-675.5223510959294,-728.9339985836277,-773.0029318029397,-809.3633696920957,-839.3636749206827
583,0.19101562500000002,-182.95314336619754,-323.13918111487305,-438.8035072225236,-534.2357689359668,-612.9750486166024,-677.9413058525973,-731.543719546105,-775.7700482525647,-812.2603501144364,-842.367804358573
584,0.19062500000000002,-183.58031661686476,-324.24949949676363,-440.31298832665163,-536.0747597255154,-615.0859697963053,-680.2766126412241,-734.064170030548,-778.4432594309687,-815.0596013278425,-845.2710481127182
585,0.190234375,-184.0948071477745,-325.15562642398385,-441.5417126888874,-537.5694830058893,-616.8001047308412,-682.1717586177451,-736.1086572367733,-780.6109630323057,-817.3289683161735,-847.6242963136608
586,0.18984375,-184.5802215015399,-326.01559972541213,-442.7112663422481,-538.9946372822808,-618.4362098802261,-683.9819369504974,-738.0624677174246,-782.6832839507109,-819.499070101318,-849.875074572857
587,0.189453125,-184.95261013131326,-326.670705410348,-443.5990929497765,-540.0743040298631,-619.6740999407901,-685.3503521418824,-739.5385689119287,-784.2482324790438,-821.1373246933788,-851.5738132543537
588,0.18906250000000002,-185.2955171232144,-327.27900762791364,-444.4269157992573,-541.0834243196795,-620.8328663099151,-686.6326108528247,-740.922726743249,-785.7164677472933,-822.674930878596,-853.1686554391426
589,0.18867187500000002,-185.52522955450465,-327.68208177489856,-444.9724754633682,-541.7463695010354,-621.5926024639589,-687.4721849448064,-741.8281655532816,-786.6762478246521,-823.6795466588308,-854.2102649217084
590,0.18828125,-185.72510036441471,-328.03777480829734,-445.4572908714262,-542.3378995730083,-622.2722430369107,-688.2245465648336,-742.6405361120192,-787.5381331486188,-824.5822859587369,-855.1467114695757
591,0.187890625,-185.81178248896657,-328.18819606442975,-445.65974259462064,-542.5831012413294,-622.5526541378522,-688.5339853464736,-742.9739168036199,-787.8912652824131,-824.9517143292524,-855.529586138579
592,0.1875,-185.86830901748255,-328.2907316069314,-445.800803203342,-542.7561292258688,-622.7521212100175,-688.7552900576125,-743.2132477534981,-788.1454719840862,-825.2181950748545,-855.8061934066483
593,0.18710937500000002,-185.81182716585005,-328.188268015199,-445.6598347987493,-542.5832092779866,-622.5527748684345,-688.5341163874591,-742.9740562767754,-787.8914116784633,-824.9518664220991,-855.5297429254297
594,0.18671875000000002,-185.72492220019512,-328.0374878721759,-445.45692297540523,-542.3374682188218,-622.2717606866654,-688.2240227369648,-742.6399783444606,-787.5375475238085,-824.581677432305,-855.1460840988186
595,0.186328125,-185.5253634308414,-327.68229737053395,-444.9727517378352,-541.7466932074925,-621.5929641987066,-687.4725775669647,-741.8285834360466,-786.6766864466646,-823.6800023470834,-854.2107346721964
596,0.1859375,-185.29516096911553,-327.27843402699375,-444.42618034478323,-541.0825619985822,-620.8319020358276,-686.6315636550657,-740.9216116919729,-785.7152970028858,-822.6737143486943,-853.1674012354059
597,0.185546875,-184.9528330237919,-326.6710643574484,-443.5995529202996,-540.0748429687644,-619.674702191565,-685.3510058155166,-739.5392646403653,-784.2489627347395,-821.1380833611511,-851.5745953329188
598,0.18515625000000002,-184.5796880674607,-326.0147406179437,-442.7101648301405,-538.9933457667365,-618.4347656740617,-683.9803685530774,-738.0607976984542,-782.6815305220154,-819.4972481008532,-849.8731961488605
599,0.18476562500000002,-184.0951187644522,-325.1561282567616,-441.54235576273504,-537.5702364856288,-616.8009467265504,-682.1726725067065,-736.1096299210184,-780.6119839872439,-817.3300289918673,-847.6253897176384
600,0.184375,-183.5796066464201,-324.2483560725623,-440.3115222735304,-536.0730407860407,-615.0840476315536,-680.2745251821163,-734.0619473161181,-778.4409257002131,-815.0571763292809,-845.2685480150271
601,0.183984375,-182.95354323806652,-323.13982507848385,-438.80433243202305,-534.23673582165,-612.9761290874559,-677.9424785767226,-731.5449677150539,-775.7713583604043,-812.2617111892736,-842.3692074272641
602,0.18359375,-182.29645893298155,-321.9820043240859,-437.23395160513036,-532.3261504349435,-610.784915020055,-675.5197482865887,-728.9312271298435,-773.0000219266327,-809.3603460162022,-839.3605576047083
603,0.18320312500000002,-181.529866726367,-320.62526390971743,-435.38970488734094,-530.0794811450093,-608.2061470389662,-672.666946868528,-725.852316605483,-769.7345499643895,-805.9409451577609,-835.8141533472227
604,0.18281250000000002,-180.7322233309187,-319.21917972338247,-433.48219794867384,-527.7584518239546,-605.5439964220881,-669.7233689823253,-722.6765479025142,-766.3672082202098,-802.415540780875,-832.1583341147514
605,0.182421875,-179.82628432607177,-317.6163218355162,-431.30373798755954,-525.104882339952,-602.4983552041641,-666.3542114916224,-719.0404538416458,-762.5108666914385,-798.3774766133935,-827.9703344341527
606,0.18203125,-178.88931173841462,-315.96414227851164,-429.06204614681155,-522.376987905757,-599.3693728324578,-662.8943247329923,-715.307553754247,-758.5527117502475,-794.2334688558404,-823.6729826942905
607,0.181640625,-177.84542280959636,-314.117638378851,-426.5527319340586,-519.3206098011375,-595.8615544980887,-659.0140061321562,-711.1198827217358,-754.11144683238,-789.5829677677444,-818.8498451770745
608,0.233203125,123.45058815227372,218.0432284135168,296.0894249168169,360.48371951852477,413.6141739431638,457.4510790333853,493.62006567134546,523.4624038794512,548.0847472029225,568.4001731847258
609,0.2328125,120.71008391017644,213.20499792527482,289.5209075854253,352.4877501137616,404.440508475551,447.30574790465573,482.67304542153016,511.85393237655387,535.9305290048795,555.7956723973858
610,0.18125000000000002,-176.77056572364003,-312.22191090579264,-423.98031159863075,-516.1900563211148,-592.2705648606848,-655.0431451963009,-706.8356068893836,-749.5685816397452,-784.8267461279427,-813.9175868565836
611,0.0,128.80946019984773,227.50828699631782,308.94240624016805,376.132006790006,431.5688132457845,477.30864484105774,515.0476996659213,546.1854711607342,571.8766518098263,593.0739551306356
612,0.23359375000000002,126.16587934460257,222.84131185456533,302.6064861327599,368.4192502863028,422.7201239645019,467.52274846037426,504.4885454556443,534.9883238923028,560.1531127871701,580.9161029220096
613,0.0,131.427136130695,232.1340206257671,315.22546740882535,383.78267468288175,440.34793567558484,487.01886284955935,525.5261607550531,557.2978022371022,583.5119811291404,605.140802990972
614,0.0,-175.59033646618622,-310.1346081610963,-421.14401230623275,-512.7355823029827,-588.3059782094889,-650.6576486594586,-702.1028159818206,-744.5492414607969,-779.5709788826589,-808.4667484675131
615,0.0,-174.3792523152944,-307.9982559839663,-418.2448301435,-509.20719707885115,-584.2585185919719,-646.1819365834921,-697.2737707164936,-739.4286710620903,-774.2098773900664,-802.9071890329627
616,0.36992187500000007,179.82630415482555,317.6163489280347,431.30375834725515,525.1048858429695,602.4983365593558,666.354169212943,719.0403889143417,762.5107815144859,798.3773741320834,827.9702176846157
617,0.36953125000000003,178.88934388350785,315.9642108592197,429.06215020234526,522.3771239952509,599.3695367855112,662.8945124328555,715.307761486708,758.5529363582622,794.2337076316969,823.6732333489624
618,0.369140625,177.84544189870692,314.11766427149024,426.55275091268135,519.3206119431945,595.8615346356039,659.0139628398778,711.1198170047825,754.1113610849586,789.5828649169282,818.8497282342948
619,0.36875,176.7705970352052,312.2219779327724,423.98041359278795,516.190190047752,592.2707263131828,655.0433303695179,706.8358121371339,749.5688038411096,784.8269825901549,813.9178352922445
620,0.36835937500000004,175.5903549777877,310.13463313268875,421.1440302796593,512.7355835398432,588.3059576504724,650.6576049279957,702.1027500927694,744.5491557951223,779.5708763423503,808.4666320336975
621,0.36796875,174.37928291723847,307.99832167133957,418.2449303645171,509.20732879051155,584.2586779392886,646.1821196630801,697.2739739422127,739.428891342648,774.2101120425276,802.9074357674706
622,0.367578125,173.06452057033516,305.67339705308075,415.08593629850475,505.35995426399563,579.8432557503644,641.2979803698329,692.0030918363717,733.8389098671589,768.35684616407,796.8369390599565
623,0.3671875,171.7190886493314,303.29975445375686,411.86454395863,501.43930697805763,575.3457453073165,636.3245432691368,686.6369901465064,728.1488334338723,762.399465976891,790.6590115419748
624,0.366796875,170.27183318621837,300.74083469078465,408.3878097836848,497.2050964066212,570.4864773586462,630.9495205340755,680.8364146467247,721.9971371652744,755.9580650219908,783.9785808565103
625,0.36640625000000004,168.79411594050327,298.13352092966517,404.8490922002048,492.89810201357113,565.5456711453246,625.485800451971,674.9412617751259,715.7460226904841,749.4132550791103,777.1914483094057
626,0.36601562500000007,167.2165989402726,295.34455168832324,401.05997874646926,488.2835841509319,560.2500499314485,619.6281819769384,668.6199367115526,709.0420968255587,742.3936509191328,769.9113840613973
627,0.36562500000000003,165.60887495191483,292.5075871677069,397.2093925563073,483.5968839962963,554.8735666634722,613.6826039948513,662.2048230385101,702.2395836071152,735.2715034163789,762.5255123569973
628,0.365234375,163.90352884230933,289.4928688252311,393.1137423084663,478.6091739882775,549.1497574876753,607.3514215910404,655.3724951793496,694.9937648190751,727.6845194471322,754.6570395290836
629,0.36484375,162.16827715774767,286.43062805772655,388.9572250343857,473.54999490462484,543.3458876723644,600.9331537904098,648.4473128377128,687.6503423829172,719.9960168046019,746.683817763499
630,0.36445312500000004,160.33773143070565,283.19480901387567,384.5613530460759,468.19678322545764,537.2027159509585,594.1381693362683,641.1145167364605,679.8738027524882,711.8533511217765,738.2390684577515
631,0.3640625,158.47762768167894,279.91201378094496,380.1053138124696,462.7729262334178,530.9804089264132,587.2571084666922,633.6899441489336,672.0007944571496,703.6103488189198,729.6907911518646
632,0.363671875,156.5247048764067,276.46008335446896,375.41599805466694,457.06246693115895,524.4273466987255,580.0087989858417,625.8679860405595,663.7055243935662,694.9245563343248,720.6827860418917
633,0.36328125,154.54261724098149,272.96179557354213,370.6673079034388,451.2822954506058,517.7961971084568,572.675555506799,617.955471778999,655.3150703137062,686.1397649882267,711.5726345550706
634,0.362890625,152.47032857829882,269.29907628599716,365.6917787824416,445.22339338265607,510.84334838899144,564.9850969662353,609.6564120960069,646.5138600129218,676.9242380152037,702.0152627513321
635,0.36250000000000004,150.3693132443965,265.5906900108585,360.6577598170396,439.0958200205358,503.81358102590565,557.2109782873681,601.268156798604,637.6188977649133,667.6112033055923,692.3572844634414
636,0.36210937500000007,148.18085408336475,261.72282954948287,355.4036892533261,432.6978175521178,496.47166653826923,549.0902287100176,592.5047919454165,628.3253178794916,657.8801513172218,682.2652825188624
637,0.36171875000000003,145.9641507902253,257.8100630860102,350.09210392979435,426.2322910629255,489.0541213819706,540.887222641299,583.6537304569515,618.9395636804777,648.0532341530301,672.0743702600258
638,0.361328125,143.6628955365463,253.7430253150147,344.5675931525435,419.5050532076328,481.334461510074,532.3487032513373,574.4395724657599,609.1679437470531,637.8216611966234,661.4632987492546
639,0.3609375,141.33392226596226,249.63191186976556,338.98663159351526,412.7115430572032,473.54057602235343,523.7294584277462,565.1393527193886,599.3058700243946,627.4960142763114,650.7551664952169
640,0.36054687500000004,138.923419267977,245.37196780354077,333.20019887613677,405.665442540637,465.4550736692586,514.7863346901408,555.4886087884927,589.0712767632853,616.7796962508655,639.6413864486074
641,0.36015625,136.4857671252499,241.0688464389904,327.3584665886886,398.5544239531553,457.2968656373966,505.7641415966101,545.7535713302453,578.7480904408864,605.9712413269654,628.432545742046
642,0.359765625,133.96973317920927,236.62256453252553,321.31903406012214,391.2003251531149,448.8579877963187,496.43020283315934,535.6811218269338,568.0663044278446,594.78670155649,616.8331933125712
643,0.359375,131.42716086385687,232.13407040610073,315.22553868454526,383.7827629804478,440.34803682670696,487.0189733379945,525.526277731715,557.2979235075568,583.512104915755,605.1409278345054
644,0.358984375,128.80947547236056,227.50830640889723,308.9424185477923,376.1320051455355,431.5687953242792,477.3086114281698,515.0476532079159,546.1854147989886,571.8765886272705,593.0738878291986
645,0.35859375000000004,126.16590343929751,222.84136046829474,302.60655586932967,368.4193368401448,422.7202233081994,467.52285718029,504.48866077005704,534.9884436430086,560.1532352112324,580.916226560935
646,0.35820312500000007,123.45060289758976,218.04324696954117,296.08943619862674,360.4837167939424,413.61415495632764,457.4510446069711,493.6200182701371,523.4623466496397,548.0846832249647,568.4001051544426
647,0.35781250000000003,120.71010739708427,213.2050454261082,289.5209758544208,352.487835008451,404.44060610565657,447.30585495610546,482.67315917798015,511.8540507146538,535.9306501754255,555.795794942156
648,0.357421875,117.90137849283524,208.24198072631415,282.779905482001,344.27958874824554,395.02175158742557,436.8881214533477,471.43125704006843,499.9321374795914,523.4476709262739,542.8498906616244
649,0.35703125,115.06818520860239,203.2399838284459,275.9889757219271,336.0128227862455,385.53737115479674,426.39913991750063,460.11341098502925,487.9304163927623,510.8816993966246,529.8183669844641
650,0.35664062500000004,112.1703587772902,198.11962055087355,269.0343487692581,327.54460664747467,375.82025341099484,415.6515485651034,448.5155830446118,475.63106923498356,498.0035402905311,516.4626410040363
651,0.35625,109.24883629201692,192.96154104892463,262.0314207961517,319.01970340107357,366.03966582011265,404.83494864481935,436.84420162465454,463.2544291209685,485.04500647217543,503.02399792754875
652,0.355859375,106.26638056328827,187.69177438107823,254.87396070235323,310.3045746091861,356.0392677324562,393.77407118457,424.9083305778014,450.5966123870821,471.791524308249,489.2790433933734
653,0.35546875,103.26103367949608,182.38556573193713,247.66983265656344,301.53467906203457,345.9775542086806,382.64653162354006,412.90141060259396,437.8641375597511,458.46040979105936,475.45400283151946
654,0.355078125,100.19854729311639,176.9745210907998,240.32057542756306,292.58607533779883,335.70929519865547,371.2894225775717,400.64590007784193,424.8673680075154,444.85203975220395,461.3410127032848
655,0.35468750000000004,97.11400995511508,171.52836496905033,232.926355434567,283.5847099303987,325.3819700963762,359.8681011836304,388.3219553219385,411.79869101714513,431.1689001642587,447.1508918970297
656,0.35429687500000007,93.9762150815405,165.98438583232254,225.39663310917373,274.41642935325063,314.86168301522497,348.23227229040884,375.76570229081796,398.48300855413027,417.226625175714,432.6916271671106
657,0.35390625000000003,90.81724352392315,160.4066800153856,217.82372282339162,265.1974739445397,304.2846708232287,336.5347805011341,363.14373604556994,385.0982810771691,403.21255970097235,418.15830706932
658,0.353515625,87.60897839886444,154.73831474253623,210.1251455789996,255.82365316791234,293.52857695774685,324.63817307357454,350.3061009966336,371.4842171332178,388.9578773168263,403.3750624237438
659,0.353125,84.38044355130317,149.03765971616238,202.38522200516636,246.4013229102389,282.7181869188229,312.68254789062064,337.40557578953917,357.8040778646867,374.6344950806883,388.52095284205075
660,0.35273437500000004,81.10665506796656,143.2536484571339,194.52966037635792,236.8364155101839,271.74287114691344,300.54350533718076,324.30635307587755,343.91262394615313,360.0893845585758,373.4365225145574
661,0.35234375,77.81353508735418,137.43883422718477,186.6346579627553,227.22523904979548,260.715772246699,288.348181665367,311.1471608234922,329.95816694884354,345.4787714889681,358.28452774468866
662,0.351953125,74.47927118120714,131.54809546695802,178.63422456613293,217.48399327269416,249.5381575033685,275.98542124815526,297.80654818647093,315.8107423186413,330.66565994882404,342.92217042015204
663,0.3515625,71.12664384261767,125.62808811989721,170.59631695558545,207.69879053267908,238.31135297933164,263.56920370306904,284.4089797730351,301.60348476253745,315.79034499794807,327.4956542153397
664,0.351171875,67.73704565649282,119.63970483915823,162.46334769523835,197.79622641194564,226.9486739997678,251.00178749736938,270.84754700518266,287.2219032081417,300.73207262659776,311.8790569444541
665,0.35078125000000004,64.3300804662117,113.62363261902881,154.29492882258302,187.85208558158573,215.5394749411471,238.38382120881624,257.2322607787771,272.783751962885,285.6149927927555,296.20180624137436
666,0.35039062500000007,60.89037454219588,107.54683849211632,146.041964141825,177.80347210788705,204.0092520630162,225.63112712634242,243.47091845386535,258.1901886341524,270.3347781202738,280.3550484284804
667,0.35000000000000003,57.43432483131062,101.44397783555692,137.75562927112003,167.71572655640026,192.43525092235976,212.83086844268837,229.65890861445988,243.5434067458267,254.999243347566,264.45123694558094
668,0.349609375,53.9498149132436,95.28814275655824,129.3953944989844,157.53655775051524,180.7552626327405,199.91255986955844,215.71887532562513,228.7603634133169,239.52064687237404,248.39875262649153
669,0.34921875,50.4500096752326,89.1079038833463,121.00392066060753,147.32076221267462,169.03430590404602,186.949746142197,201.7314393222889,213.9275355322388,223.9903038537927,232.29290332680807
670,0.34882812500000004,46.92606861301607,82.882519658773,112.54930657876717,137.0267334630151,157.22256168711908,173.88574190705816,187.634209274151,198.97780621872866,208.33719205639304,216.0594438476187
671,0.3484375,43.38790430992481,76.63443210130231,104.06563292091008,126.69864011865872,145.3727224606475,160.7803611369859,173.4929150520423,183.98180386644546,192.6359878670718,199.77639122396238
672,0.348046875,39.82996575275446,70.3490977765363,95.52967583621735,116.30562391861228,133.4474349580782,147.59080472016282,159.2602248348644,168.88843961210972,176.83249631770116,183.3869869811659
673,0.34765625,36.25889798781287,64.04279567504634,86.96688365905848,105.88115808729815,121.48698503461645,134.36306471825984,144.9868775582937,153.75238589318343,160.9846414673089,166.9518387394338
674,0.347265625,32.6724479763863,57.70720268294661,78.36274523486453,95.40517947942442,109.4665418698061,121.06829308932711,130.64067252125318,138.53865909554042,145.05513748824634,150.4317604580559
675,0.34687500000000004,29.0739830625337,51.35240989733503,69.73403777574728,84.90041500834232,97.4139235205329,107.73859024299374,116.25728087056872,123.28589295798005,129.08506850110166,133.86985871094132
676,0.34648437500000007,25.464551661491647,44.97632727075537,61.074984946795176,74.3576271261087,85.316859232353,94.35910281697585,101.81968162116925,107.97526184462308,113.05411396693788,117.24457886465943
677,0.34609375000000003,21.844238224039405,38.58284254566251,52.39366723449337,63.78876186445047,73.19065705982963,80.94799096909367,87.34842421136989,92.62930246716489,96.98645609312236,100.5814614595863
678,0.345703125,18.217390880566498,32.176101659217714,43.693051488593724,53.19542071108693,61.03562416587347,67.50441760469299,72.84169208484751,77.2453744781627,80.87876909155631,83.87661451133378
679,0.3453125,14.580811175797223,25.75378330055451,34.9725095401629,42.57875118622062,48.8545360500012,54.03257592273025,58.30488279605854,61.829884506733535,64.73829781593983,67.13797511448186
680,0.34492187500000004,10.942140220534178,19.326262851949867,26.243746519865972,31.951190796665134,36.660276545392826,40.545645398427254,43.75138583743881,46.39638021901416,48.578714874244326,50.379318341863716
681,0.34453125,7.294901610203074,12.88501366584146,17.49742688789699,21.303087312601576,24.443085071488365,27.033846773802075,29.17143971534243,30.935129605206434,32.39031805351991,33.59096717123976
682,0.344140625,3.6500175895214646,6.446624367270528,8.753975602005509,10.657694443377041,12.228401388040627,13.524354668885072,14.593618020790482,15.475845978582862,16.203755655806972,16.804340757478112
683,0.34375,-0.0022561397369204733,-0.003623668106754997,-0.004635437853480078,-0.00542425655722978,-0.006055223733631331,-0.0065664337286074495,-0.0069834153771599185,-0.007324809015657293,-0.007605000040457694,-0.007835362838207186
684,0.343359375,-3.6477330922619227,-6.442954333141532,-8.74929331553313,-10.652235332098124,-12.222329138156509,-13.517789725767452,-14.58665221488226,-15.468551035469554,-16.196188738677005,-16.796548075784173
685,0.34296875000000004,-7.299410384266779,-12.89225535444549,-17.506690522537543,-21.313927337130064,-24.455186028978442,-27.046969337498375,-29.18539557678397,-30.94976770768563,-32.40551608885215,-33.60662556230922
686,0.34257812500000007,-10.939859218621969,-19.32259844700202,-26.2390714522501,-31.945740152085133,-36.65421376665189,-40.53909074512955,-43.74443099285265,-46.38909678976252,-48.57115992642766,-50.371538005188945
687,0.34218750000000003,-14.585309435027252,-25.761008048217764,-34.98175145363982,-42.58956574707983,-48.86660853967257,-54.0456675772827,-58.31880575173683,-61.84448806477563,-64.75345995930257,-67.15359650407535
688,0.341796875,-18.21511685789805,-32.17244849363313,-43.68839083373642,-53.18998697018783,-61.02958029583541,-67.49788349430777,-72.83475912361969,-77.23811403525848,-80.87123803929471,-83.86885882025368
689,0.34140625,-21.848718968006885,-38.59003907287617,-52.40287296371953,-63.79953400595247,-73.20268212510224,-80.96103113189852,-87.36229234886905,-92.64384847695948,-97.00155844325066,-100.59702120754143
690,0.34101562500000004,-25.462288096194094,-44.97269094591002,-61.07034588784148,-74.35221871379028,-85.31084369547042,-94.3525994886892,-101.812781450792,-107.9680358454597,-113.046618720938,-117.23686010385396
691,0.340625,-29.078439339194418,-51.35956700457587,-69.74319296242112,-84.91112789967049,-97.4258823460189,-107.75155848601693,-116.27107244302788,-123.30035859024001,-129.10008733863074,-133.88533236506223
692,0.340234375,-32.670198318130055,-57.70358875324693,-78.35813489352824,-95.39980474767788,-109.46056400828309,-121.06183069251134,-130.63381595321997,-138.53147889645018,-145.04768985403982,-150.42409080368947
693,0.33984375,-36.26332282689898,-64.04990212816011,-86.97597389479064,-105.8917948342317,-121.49885873033001,-134.37594052967214,-145.00057072750351,-153.76674822115496,-160.99955297047597,-166.96720174116712
694,0.339453125,-39.82773343822052,-70.34551177624863,-95.52510130920949,-116.30029119049291,-133.44150408229692,-147.58439336985904,-159.25342264434636,-168.88131653150774,-176.8251080615597,-183.37937856900922
695,0.33906250000000004,-43.39229086914072,-76.64147687975428,-104.07464407924834,-126.70918416309266,-145.3844925173202,-160.7931244218189,-173.50648842637983,-183.99604043463697,-192.65076870550712,-199.79161952257553
696,0.33867187500000007,-46.923857066395236,-82.87896710338168,-112.54477494016616,-137.0214510348094,-157.21668707749973,-173.8793916857957,-187.6274722016981,-198.97075153933304,-208.3298749079396,-216.05190877598415
697,0.33828125000000003,-50.45435111667797,-89.11487596853556,-121.01283861207831,-147.331196988324,-169.04595379931936,-186.9623767885643,-201.74487148996525,-213.94162386258424,-224.00493067267283,-232.30797284568283
698,0.337890625,-53.94762750375267,-95.28462907085839,-129.3909127042969,-157.53133377910763,-180.74945341320014,-199.90628068953035,-215.71221393011115,-228.75338822625469,-239.5134123615793,-248.39130278745697
699,0.3375,-57.438614415068635,-101.45086636944667,-137.76444009509444,-167.72603574546773,-192.44675841445553,-212.84334664551199,-229.6721784920288,-243.55732470577234,-255.01369315173682,-264.46612397941504
700,0.33710937500000004,-60.88821462558208,-107.54336908153698,-146.0375391242718,-177.79831472631935,-204.0035173326557,-225.62492887425998,-243.46434326821867,-258.1833040042082,-270.3276377504825,-280.34769568729354
701,0.33671875,-64.33431152010456,-113.63042685163686,-154.30361873586588,-187.86225302661958,-215.55082396705959,-238.39612735681504,-257.24534748898395,-272.7974776363098,-285.62924281202845,-296.21648731695876
702,0.336328125,-67.73491651157498,-119.63628498206698,-162.45898622176168,-197.7911435556067,-226.94302263465227,-250.99567981628283,-270.84106830187767,-287.2151199259853,-300.72503761595476,-311.87181287218937
703,0.3359375,-71.13080974175622,-125.63477737351707,-170.60487226350773,-207.7088001765683,-238.32252558570244,-263.58131830224875,-284.42186256229206,-301.61699636248113,-315.8043725960193,-327.5101059974579
704,0.335546875,-74.47717601638696,-131.54473032621394,-178.62993325334156,-217.47899269880597,-249.53259817891987,-275.97941356222196,-297.8001760041932,-315.8040709290481,-330.65874125970623,-342.9150463240908
705,0.33515625000000004,-77.81762930565709,-137.44540798308634,-186.64306517429193,-227.23507507394385,-260.72675074668234,-288.3600855110406,-311.159819246136,-329.97144301157226,-345.4925543653148,-358.2987272442307
706,0.33476562500000007,-81.10459706273028,-143.25034315112038,-194.52544578605116,-236.83150491339862,-271.7374124698188,-300.5376069967938,-324.3000973753013,-343.90607491228656,-360.0825930686124,-373.42952961450396
707,0.33437500000000003,-84.38445971920977,-149.04410771186295,-202.39346796224413,-246.41096988987326,-282.72895406849614,-312.69422226093303,-337.41798991521824,-357.81709746824134,-374.64801149804873,-388.5348776506019
708,0.333984375,-87.60696071416632,-154.73507436324158,-210.1210142428222,-255.81884021037797,-293.5232275004439,-324.63239339341555,-350.29997170134993,-371.4778008798397,-388.9512238638925,-403.3682118984001
709,0.33359375,-90.82117542067436,-160.41299223062816,-217.83179468119894,-265.2069168242483,-304.2952097931935,-336.5462071254759,-363.1558864250944,-385.1110238051744,-403.2257884475451,-418.17193532011026
710,0.33320312500000004,-93.97424081382533,-165.98121536755554,-225.3925914248152,-274.4117215396549,-314.8564511736711,-348.2266203931471,-375.759709119602,-398.47673529059705,-417.2201203734846,-432.6849299636555
711,0.3328125,-97.11785147789556,-171.53453157249078,-232.9342405893578,-283.5939339364569,-325.3922643714975,-359.8792621321944,-388.3338228686875,-411.8111368337301,-431.1818204235566,-447.1642021308578
712,0.332421875,-100.19661944046653,-176.9714253670004,-240.31662958264735,-292.5814799238891,-335.7041890883851,-371.2839072797874,-400.6400524223909,-424.8612475989282,-444.8456938560196,-461.33447939904596
713,0.33203125,-103.2647788112255,-182.3915770252751,-247.67751866972552,-301.5436696098019,-345.9875874817167,-382.6574091895563,-412.9129764654009,-437.8762666747535,-458.4730010008403,-475.46697385055523
714,0.331640625,-106.26450208815511,-187.68875817076182,-254.87011681913978,-310.30009877724103,-356.0342953893872,-393.7687012183309,-424.9026377413831,-450.5906546069178,-471.78534747924886,-489.27268446935614
715,0.33125000000000004,-109.25247921393866,-192.96738765801413,-262.0388956498157,-319.02844640347394,-366.04942234356537,-404.84552573193076,-436.8554476042998,-463.26622243024417,-485.0572487842287,-503.0366092709971
716,0.33085937500000007,-112.16853253599525,-198.11668845271072,-269.0306127440097,-327.5402573121802,-375.81542256975985,-415.64633233361184,-448.51005397904106,-475.62528348669747,-497.9975423045906,-516.4564665434483
717,0.33046875000000003,-115.07172024767809,-203.24565661280064,-275.9962276967505,-336.02130450539823,-385.54683557109195,-426.4093998524212,-460.12431933260615,-487.94185526494846,-510.89357345413737,-529.8305986983644
718,0.330078125,-117.89960725998611,-208.2391372072983,-282.77628304213465,-344.27537262638583,-395.01706976148415,-436.8830671197341,-471.4259004417035,-499.92653289862034,-523.4418612810148,-542.8439104610665
719,0.3296875,-120.71352903693823,-213.2105354966954,-289.5279935525654,-352.49604208273195,-404.44976347747314,-447.3157815216051,-482.68371263000904,-511.86511702800345,-535.9421371511891,-555.8076276186829
720,0.32929687500000004,-123.44888934483181,-218.04049632911165,-296.08593285489974,-360.47964034678535,-413.6096293722858,-457.44616002197813,-493.61484250207155,-523.4569320210534,-548.0790710536365,-568.3943286346647
721,0.32890625,-126.16920628540939,-222.84665912727718,-302.61332813262953,-368.42725618439476,-422.72905900379476,-467.5324344882303,-504.49884241136266,-534.9991196398877,-560.1643166552135,-580.927641180258
722,0.328515625,-128.80782220280713,-227.50565283784786,-308.9390396735317,-376.128074674669,-431.56443303124144,-477.30390425046784,-515.0426664291142,-546.1801986936977,-571.8711828405659,-593.0683241813313
723,0.328125,-131.4303398024669,-232.13916941686566,-315.23205495589633,-383.7903822221485,-440.3565370173018,-487.02818637676324,-525.5360715837097,-557.3081924159968,-583.5227634036598,-605.1519064352128
724,0.327734375,-133.9681427406206,-236.62001213584617,-321.31578492222945,-391.19654683820784,-448.8537957091896,-496.4256805771669,-535.6763320437354,-568.0612952570775,-594.7815108994101,-616.8278515568983
725,0.32734375000000004,-136.48881720754014,-241.0737378279874,-327.3647166454401,-398.5617311095038,-457.3050169280328,-505.7729758241284,-545.7629619130036,-578.7579360114356,-605.9814599765764,-628.4430709208561
726,0.32695312500000007,-138.92189410751115,-245.36952052373272,-333.1970845327004,-405.6618223161095,-465.45105842835113,-514.7820045717533,-555.4840236890701,-589.0664826039337,-616.7747291207264,-639.6362752466985
727,0.32656250000000003,-141.33683876932182,-249.63658803042716,-338.99260568644576,-412.71852670291696,-473.54836564347585,-523.7378999826894,-565.1483252791043,-599.3152767710086,-627.5057769995022,-650.7652216682085
728,0.326171875,-143.66143799497237,-253.74068692276163,-344.5646184409111,-419.5015967487851,-481.33062946580696,-532.3445721715997,-574.43519940309,-609.1633723242024,-637.8169256253587,-661.4584263862093
729,0.32578125,-145.96692916765429,-257.81451669194325,-350.09779266607967,-426.2389401883627,-489.0615370272176,-540.8952581643157,-583.662270773697,-618.9485166773875,-648.0625254438625,-672.083939443713
730,0.32539062500000004,-148.17946638103706,-261.72060362025366,-355.40085875927696,-432.69453023841834,-496.4680237097919,-549.0863032100771,-592.5006378893853,-628.320976516341,-657.8756549196678,-682.260656850414
731,0.325,-150.3719491341101,-265.59491403173183,-360.6631541811496,-439.10212405675026,-503.8206108806888,-557.2185949526978,-601.2762512205998,-637.627382683229,-667.6200082789944,-692.3663523153147
732,0.324609375,-152.46901274846752,-269.2969660865394,-365.6890966880396,-445.22028011380417,-510.83990025408144,-564.9813829956965,-609.6524833840214,-646.509755366797,-676.9199877131028,-702.0108909179708
733,0.32421875,-154.54510645957848,-272.9657832625846,-370.6723992393868,-451.2882442469551,-517.8028298235171,-572.682740992283,-617.9631071895091,-655.3230733855644,-686.1480693416971,-711.5811863331089
734,0.323828125,-156.52346292210643,-276.4580921107056,-375.4134684981902,-457.0595325627476,-524.4240986916948,-580.0053024517855,-625.8642889684908,-663.7016630811986,-694.9205590096802,-720.6786751451382
735,0.32343750000000004,-158.47996627072547,-279.9157587536787,-380.1100939287338,-462.77851018380943,-530.9866337614465,-587.2638511115574,-633.6971081355673,-672.0083026543558,-703.6181390187236,-729.6988129068101
736,0.32304687500000007,-160.33656515088973,-283.1929396143194,-384.5589797236844,-468.1940320867,-537.1996729110992,-594.1348954944947,-641.111056902648,-679.8701906550064,-711.8496128896164,-738.2352248062932
737,0.32265625000000003,-162.17046142904158,-286.4341243684815,-388.96168630586857,-473.55520507018576,-543.351694635555,-600.9394427485387,-648.4539938568531,-687.6573435904135,-720.0032802665357,-746.6912965254821
738,0.322265625,-163.9024399934465,-289.49112409681726,-393.1115288447391,-478.60661033046046,-549.1469241717508,-607.3483756111415,-655.369278092802,-694.9904077255252,-727.6810463279134,-754.653469334751
739,0.370703125,181.5298872299995,320.6252920942231,435.38972648507774,530.0794858372171,608.206129416272,672.6669053880172,725.8522522356109,769.7344651113319,805.9408427871722,835.8140365217635
740,0.37031250000000004,180.73225638135946,319.2192499831819,433.4823042347001,527.75859048007,605.5441631064131,669.7235594603225,722.6767583869802,766.3674355139668,802.4157821582164,832.1585872826477
741,0.321875,-165.61090147515833,-292.5108292878209,-397.2135278942146,-483.6017120681037,-554.8789464681192,-613.6884291861763,-662.2110103622164,-702.2460665660112,-735.2782284454387,-762.5324360722719
742,0.32148437500000004,-167.21558912070262,-295.3429341992732,-401.0579284298049,-488.28121182725374,-560.2474306477461,-619.625368538631,-668.6169673572018,-709.0389999725691,-742.3904483573494,-769.9080929404474
743,0.0,182.953564456622,323.1398544261975,438.80435536559116,534.2367418230294,612.9761126251055,677.9424380474356,731.5449040675034,775.7712740053825,812.2616091108179,842.3690907129978
744,0.37109375,182.29649278456083,321.98207608859605,437.23405988893546,532.3262913759652,610.7850841124769,675.5199411844752,728.9314399783939,773.0002514930658,809.3605895608235,839.3608128339296
745,0.0,183.5796414669372,324.24842963147245,440.31163294544393,536.0731844840171,615.0842196700968,680.2747210910653,734.0621631626152,778.4411582073083,815.0574227365037,845.2688060227728
746,0.32109375,-168.7959814006078,-298.1365035034673,-404.8528947237675,-492.9025399148739,-565.5506147547865,-625.4911520602673,-674.9469449501336,-715.7519764251672,-749.4194302704112,-777.1978052197798
747,0.419921875,-117.90128204277823,-208.2418240297886,-282.7797338843205,-344.27943594052675,-395.0216377202171,-436.88805585004854,-471.43124180196685,-499.93217020376505,-523.4477468438904,-542.8500039555802
748,0.41953125,-115.0680554989826,-203.2397256699919,-275.9886138121514,-336.01238492246057,-385.53688183197585,-426.39861842269727,-460.1128716831774,-487.9298694190952,-510.88115170111524,-529.8178231431893
749,0.41914062500000004,-112.17026470031962,-198.1194681519715,-269.03418279494787,-327.54446025081,-375.82014630631596,-415.6514897406796,-448.51557435621453,-475.63110811135687,-498.0036218581428,-516.4627593914888
750,0.41875,-109.2487092686894,-192.9612878756914,-262.0310654856741,-319.01927307823394,-366.03918442517437,-404.83443504656566,-436.8436698930055,-463.2538891983227,-485.04446519546366,-503.02345981958825
751,0.418359375,-106.26628881208624,-187.69162618802466,-254.87380022013332,-310.304434460447,-356.03916720427185,-393.77401893841574,-424.90832823116057,-450.5966572065313,-471.7916113205008,-489.2791666763699
752,0.41796875,-103.2609091947381,-182.38531728992334,-247.66948360727633,-301.5342558780751,-345.97708029191426,-382.64602543810014,-412.90088593423746,-437.8636041669035,-458.45987440464495,-475.45346992645506
753,0.417578125,-100.19845778632735,-176.97437695450668,-240.32042023032685,-292.5859411840305,-335.70920095946525,-371.2893765985543,-400.6459037474218,-424.8674184379139,-444.85213187661645,-461.34114055371447
754,0.41718750000000004,-97.1138879905785,-171.5281212248236,-232.92601260478432,-283.584293842465,-325.381503618956,-359.8676023808299,-388.3214376987058,-411.79816415057485,-431.1683706810978,-447.1503642253817
755,0.41679687500000007,-93.97612776460267,-165.98424565002884,-225.39648305274335,-274.41630101833834,-314.8615948660746,-348.23223236578224,-375.7657117576,-398.48306437666315,-417.22672219873846,-432.6917593804642
756,0.41640625000000003,-90.81712397433441,-160.4064407868333,-217.82338597205813,-265.19706466933775,-304.28421147202056,-336.534288748954,-363.14322512512575,-385.0977603910454,-403.2120357769397,-418.1577842925698
757,0.416015625,-87.60889317603116,-154.7381783401286,-210.12500042347332,-255.82353036103885,-293.52849456875134,-324.6381388465174,-350.30611588726657,-371.4842779663557,-388.9579788553091,-403.3751986202911
758,0.415625,-84.38032635033002,-149.0374248874006,-202.38489098029487,-246.40092027242957,-282.7177345042497,-312.68206299348645,-337.40507137655453,-357.80356316884223,-374.6339765343553,-388.52043479008313
759,0.41523437500000004,-81.10657187419925,-143.2535157139123,-194.52951995432593,-236.8362980278131,-271.74279428848365,-300.5434765617439,-324.30637313608685,-343.91268953407666,-360.0894903603851,-373.43666244979056
760,0.41484375,-77.81342019189726,-137.4386037213161,-186.63433266457938,-227.22484293704412,-260.7153266510227,-288.3477035066325,-311.14666280732115,-329.95765814234386,-345.47825823168546,-358.2840143428768
761,0.414453125,-74.4791899661374,-131.5479662868212,-178.63408874340453,-217.48388095244036,-249.53808599282544,-275.98539772989557,-297.8065732172831,-315.81081246378477,-330.6657698223352,-342.9223139117465
762,0.4140625,-71.12653119261847,-125.62786183070963,-170.59599724505924,-207.69840078430195,-238.31091402971452,-263.5687321052035,-284.4084879772864,-301.6029816745742,-315.78983686769686,-327.4951453126736
763,0.413671875,-67.73696638824158,-119.63957915756838,-162.46321638030815,-197.79611914119042,-226.94860771184352,-251.00176910523888,-270.8475768758209,-287.221977784912,-300.7321864551289,-311.87920388728986
764,0.41328125000000004,-64.32997005291172,-113.62341052769898,-154.29461467793743,-187.85170217853496,-215.5390426265932,-238.3833561725661,-257.23177521874163,-272.7832546251892,-285.6144898388479,-296.2013019052189
765,0.41289062500000007,-60.89029718130188,-107.54671623196538,-146.041837226503,-177.80336975490394,-204.00919085059775,-225.63111370514514,-243.4709530074706,-258.1902674891707,-270.33489575788514,-280.35519868685975
766,0.41250000000000003,-57.43421661502994,-101.44375987076384,-137.7553205999109,-167.71534939409497,-192.43482513425275,-212.83040986128992,-229.658429189863,-243.54291506792518,-254.99874549167606,-264.45073711118897
767,0.412109375,-53.949739422844814,-95.28802384572475,-129.39527188200387,-157.53646019229674,-180.75520635911104,-199.9125512759886,-215.718914418524,-228.76044640744882,-239.52076818827112,-248.39890608060998
768,0.41171875,-50.449903598319345,-89.10768994322186,-121.00361732943345,-147.32039113757293,-169.03388647808654,-186.94929384784402,-201.7309658674722,-213.92704935471244,-223.98981094577488,-232.2924078552961
769,0.41132812500000004,-46.925994919360654,-82.88240396261484,-112.54918807523067,-137.02664047593933,-157.22251010093495,-173.88573787177788,-187.63425262727588,-198.9778930698052,-208.33731677048442,-216.05960022326207
770,0.4109375,-43.38780028971067,-76.63422204137864,-104.0653347391261,-126.6982749082442,-145.37230915388386,-160.77991487538827,-173.49244730840758,-183.98132293173572,-192.6354996543645,-199.77589987054523
771,0.410546875,-39.82989378023948,-70.34898515747352,-95.5295612573698,-116.30553527450371,-133.44738780275532,-147.59080496797907,-159.26027216265302,-168.88853003090705,-176.8326241422326,-183.38714599582974
772,0.41015625,-36.258795973170166,-64.04258940436954,-86.96659050739311,-105.88079860402124,-121.48657770006116,-134.3626243399382,-144.98641537913366,-153.75191006170624,-160.98415782006103,-166.95135138566914
773,0.409765625,-32.67237770511427,-57.70709309834686,-78.36263452020768,-95.40509510344324,-109.46649906268938,-121.06829753556951,-130.6407237421466,-138.53875300823012,-145.05526835992734,-150.4319220608436
774,0.40937500000000004,-29.07388305953643,-51.352207422198894,-69.7337496675879,-84.90006127420936,-97.41352219303819,-107.73815579811847,-116.25682432338697,-123.28542231583154,-129.08458952431542,-133.8693754804656
775,0.40898437500000007,-25.46448306889224,-44.9762206736338,-61.07487803041652,-74.3575469382087,-85.31682068565023,-94.35911137174027,-101.81973664815997,-107.9753591709308,-113.05424781508503,-117.24474299633664
776,0.40859375000000003,-21.844140182950067,-38.58264377727748,-52.39338405297141,-63.78841374568222,-73.1902615969964,-80.94756231325337,-87.34797315465124,-92.62883687923612,-96.98598166056853,-100.58098223656543
777,0.408203125,-18.21732392492195,-32.175997970272284,-43.692948260096536,-53.19534457826135,-61.03558973162016,-67.50443011211918,-72.84175076008965,-77.24547506287665,-80.8789057671173,-83.87678103143278
778,0.4078125,-14.580715064989727,-25.7535881810447,-34.972231210313865,-42.57840859957168,-48.85414636710752,-54.03215297499457,-58.304437156536714,-61.82942391000181,-64.73782787655317,-67.13749986070188
779,0.40742187500000004,-10.94207486432414,-19.32616199929037,-26.24364687935468,-31.951118598586458,-36.66024609013997,-40.54566171859831,-43.751448020167196,-46.39648392488439,-48.578854246768195,-50.37948712896077
780,0.40703125,-7.294807386405254,-12.884822117452618,-17.497153308125696,-21.302750142382216,-24.442701046591083,-27.033429412038927,-29.17099937522499,-30.934673889393824,-32.389852506669875,-33.59049579695488
781,0.406640625,-3.6499537949412604,-6.446526278751768,-8.753879449482655,-10.657626059620263,-12.228374778225119,-13.524374661685616,-14.59368356989026,-15.47595266782753,-16.20389759406238,-16.804511689066942
782,0.40625,0.002348507850184641,0.0038117027815388355,0.004904341865195803,0.005756093175533274,0.006433675173202017,0.0069782905833706485,0.007418529881461209,0.007775707855483757,0.008066206840189308,0.008302897845465966
783,0.405859375,3.647795356825305,6.443049718886046,8.749386065399216,10.65230000414552,12.222352015737052,13.517766178072732,14.586583416574259,15.46844147547717,16.19604433988325,16.79637509555203
784,0.40546875000000004,7.2995009294675475,12.892439935291572,17.506954828486787,21.3142539271593,24.455558996386422,27.04737577602933,29.185825545570218,30.950213860147066,32.40597301526248,33.60708930594414
785,0.40507812500000007,10.939919988047583,19.32269119667525,26.239160891767593,31.945801223367706,36.65423303467748,40.53906377075177,43.74435907386682,46.388984483823684,48.57101318521037,50.37136308578046
786,0.40468750000000003,14.585398193472157,25.7611892408862,34.98201124699458,42.58988718699342,48.86697612335835,54.046068696166124,58.31923066783417,61.84492955549744,64.75391267983952,67.154056519828
787,0.404296875,18.215176168241936,32.17253867572093,43.68847705742442,53.190044554208804,61.029596079862465,67.49785322465232,72.83468421601168,77.23799911204719,80.87108907800867,83.8686820757577
788,0.40390625,21.848805979838655,38.59021694982565,52.40312833914785,63.79985040344339,73.20304443830655,80.96142704420718,87.36271232097285,92.64428540736164,97.00200705020504,100.59747757757074
789,0.40351562500000004,25.46234598049073,44.97277862356289,61.070428982933244,74.35227291519082,85.31085611096611,94.35256604415513,101.81270367496204,107.96791842157391,113.04646764963282,117.23668163598136
790,0.403125,29.07852462656531,51.35974160762019,69.74344397356185,84.9114393129449,97.42623944562966,107.75194924292357,116.27148751348246,123.30079099185048,129.10053185161647,133.88578509668906
791,0.402734375,32.67025480180037,57.70367397644997,78.35821492946603,95.39985564953085,109.46057314610886,121.06179416648796,130.63373540068923,138.5313590581854,145.04753675141149,150.42391068205055
792,0.40234375,36.26340642400708,64.05007351968494,86.9762206229938,105.89210135514936,121.49921071184968,134.37632622512,145.00098098492228,153.76717617473287,160.9999934608619,166.96765089562945
793,0.401953125,39.82778853689061,70.34559457809743,95.52517833263894,116.3003388482356,133.44151000176376,147.58435382105313,159.25333936948118,168.88119432608093,176.82495296575698,183.37919682157226
794,0.40156250000000004,43.392372771858405,76.64164505675438,104.0748865181155,126.70948577741378,145.38483935511135,160.79350501630813,173.5068938158942,183.99646386929518,192.6512050864024,199.79206499751743
795,0.40117187500000007,46.9239108065841,82.87904753528385,112.54484902207416,137.02149553312123,157.21668987117457,173.87934920947202,187.62738629814794,198.97062705550098,208.32971790052355,216.0517254756831
796,0.40078125000000003,50.45443138228874,89.11504103262352,121.0130768955522,147.33149385147436,169.0462956614638,186.9627524560228,201.74527218626625,213.94204295018142,224.00536311069183,232.30841480101222
797,0.400390625,53.9476799186551,95.28470719533256,129.39098393034476,157.53137522021,180.74945319352588,199.90623540274743,215.71212551490476,228.75326157747034,239.5132535499045,248.39111803393456
798,0.4,57.43869305910878,101.45102835099226,137.76467426149713,167.7263278972347,192.447095336977,212.84371741436814,229.6725745133272,243.55773945274234,255.01412164080895,264.46656239648405
799,0.39960937500000004,60.88826572290096,107.54344491735397,146.03760752115397,177.79835314089092,204.0035141301805,225.6248808036843,243.46425236103613,258.18317520089613,270.32747713425084,280.34750946878387
800,0.39921875,64.33438855504478,113.63058577561291,154.30384881612463,187.8625404976705,215.5511559753732,238.39649324359547,257.2457388404651,272.79788803508137,285.6296673312204,296.21692216150075
801,0.398828125,67.7349663473628,119.63635863008625,162.45905192598477,197.79117910678102,226.94301663087316,250.99562915461942,270.84097510073036,287.2149891668917,300.724875391282,311.87162537986654
802,0.3984375,71.13088524439642,125.63493337434696,170.6050984351895,207.70908317462406,238.32285290710448,263.58167954558644,284.42224948767955,301.61740265732897,315.80479338697796,327.5105375063968
803,0.398046875,74.47722466694509,131.54480192147653,178.62999644693826,217.47902560442643,249.53258961748267,275.979360570345,297.8000807801196,315.80393848984926,330.65857770275466,342.9148578316379
804,0.39765625000000004,77.81770338270985,137.44556124618683,186.64328768346363,227.23535388966786,260.7270737033303,288.3604424542672,311.1602021019755,329.97184556630464,345.4929717947665,358.29915578415324
805,0.39726562500000007,81.10464459073332,143.25041280543078,194.52550661999237,236.83153535398395,271.73740155210885,300.53755188949043,324.300000350346,343.90594101751964,360.0824284028852,373.4293403419356
806,0.39687500000000003,84.38453238056957,149.044258257816,202.39368683418056,246.4112445474527,282.72927267886445,312.6945749134819,337.41836869970933,357.8174962686304,374.6484255389162,388.5353031817551
807,0.396484375,87.60700712682342,154.73514209397482,210.12107274166726,255.81886821404476,293.5232142544325,324.6323361951674,350.2998728937627,371.4776655395656,388.9510580900449,403.3680218364123
808,0.39609375,90.82124666319703,160.41314005809815,217.83200991227392,265.2071873135811,304.29552403739706,336.54655545543494,363.1562610929973,385.1114187921943,403.2261990271978,418.17235775692484
809,0.39570312500000004,93.97428607482712,165.98128111789944,225.3926475136962,274.4117470145219,314.85643549064866,348.2265609782946,375.7596083866921,398.47659834533334,417.2199533158346,432.68473892129845
810,0.3953125,97.11792124572978,171.53467659026867,232.93445205541394,283.5942001017945,325.39257406346576,359.87960592470375,388.3341931781666,411.81152774068306,431.1822272527352,447.1646211639246
811,0.394921875,100.19666355261086,176.971489146537,240.31668327553112,292.58150288525815,335.7041709818309,371.2838456571221,400.63994976592704,424.8611090418005,444.8455254981079,461.3342873499385
812,0.39453125,103.26484716716722,182.39171934416495,247.67772651740208,301.5439316225266,345.987892808579,382.6577486405569,412.91334261603663,437.8766537012157,458.47340427666677,475.46738967303503
813,0.394140625,106.26454510192886,187.68882006999254,254.8701682381554,310.3001193707676,356.0342750211914,393.7686375597129,424.90253333806965,450.5905146155547,471.7851779967866,489.2724915853854
814,0.39375000000000004,109.25254620221021,192.96752735694136,262.0390999827796,319.0287043827756,366.04972343259703,404.8458609711357,436.8558097241291,463.26660569981493,485.0576486241401,503.0370219932541
815,0.39335937500000007,112.16857446928279,198.1167485062035,269.0306619358888,327.540275591981,375.81539999692444,415.64626669498944,448.50994788055806,475.62514210618093,497.9973717345247,516.4562728525935
816,0.39296875000000003,115.07178588650457,203.24579372615773,275.99642855871383,336.02155849773953,385.5471324662651,426.40973091747514,460.12467745032336,487.9422347958464,510.89396986516846,529.8310083161778
817,0.392578125,117.8996481995824,208.239195566857,282.7763302107043,344.2753888363363,395.01704525753644,436.8829997955004,471.42579295609187,499.92639044501664,523.4416899431769,542.8437162838436
818,0.3921875,120.71359344977515,213.2106702381661,289.5281912277503,352.4962924253371,404.4500565547276,447.31610881586647,482.68406716760677,511.8654932542514,535.9425305744893,555.8080345767941
819,0.39179687500000004,123.44892937827572,218.04055314773885,296.08597820559316,360.47965473277196,413.6096032132021,457.44609130944804,493.61473394079724,523.4567888143833,548.0788992723578,568.3941342966386
820,0.39140625,126.16926953854615,222.846791613391,302.61352277539,368.42750305809545,422.72934846126446,467.5327582200496,504.49919358209195,534.9994927758911,560.1647073037892,580.9280456886701
821,0.391015625,128.80786133295885,227.5057081244725,308.93908321895475,376.128087250101,431.5644052284088,477.30383415649015,515.0425567924409,546.1800547262807,571.871010599459,593.0681296571996
822,0.390625,131.43040184624786,232.13929956694207,315.2322464566728,383.790625489563,440.35682269084157,487.0285063565856,525.5364191742434,557.3085622266416,583.5231510227748,605.1523082218472
823,0.390234375,133.9681809079633,236.62006579327388,321.31582653298693,391.1965574453595,448.8537660793214,496.42560889500515,535.6762211032425,568.0611502805933,594.7813379320792,616.8276565641027
824,0.38984375000000004,136.48887795799234,241.07386550293853,327.36490481651714,398.56197053904185,457.3052985462864,505.7732917447031,545.7633055839025,578.7583021287858,605.9818441733603,628.4434695713393
825,0.38945312500000007,138.92193128818195,245.36957251530845,333.19712416039016,405.6618308949579,465.45102689951284,514.7819312171656,555.4839113479088,589.0663365090059,616.7745553056776,639.6360796523708
826,0.38906250000000003,141.3368982840951,249.63671333231832,338.9927906633761,412.7187624535064,473.54864338059696,523.7382120271577,565.1486652178611,599.3156393837168,627.5061579616487,650.7656173680166
827,0.388671875,143.6614742521158,253.74073735976796,344.5646562351884,419.50160347830064,481.33059623844724,532.3444973599101,574.4350858860444,609.1632253409327,637.816751194934,661.4582304227961
828,0.38828125,145.966987550255,257.81463980080025,350.09797468880805,426.23917254492085,489.06181120095675,540.8955666737374,583.6626073373282,618.9488761529954,648.0629035454679,672.0843325707093
829,0.38789062500000004,148.17950175795622,261.7206525800897,355.4008948243495,432.69453524271165,496.4679889218878,549.0862270880289,592.5005233477839,628.3208287975278,657.8754800258921,682.2604606677195
830,0.3875,150.3720063214536,265.5950348436612,360.6633331088659,439.10235284408435,503.82088128375193,557.2188996900529,601.2765841448194,637.627738732848,667.6203832092682,692.3667425395171
831,0.387109375,152.46904721229672,269.29701351669763,365.68913095382703,445.22028330633077,510.83986380323415,564.9813054454282,609.6523676848976,646.5096067649932,676.9198121948884,702.0106943423509
832,0.38671875,154.54516244811933,272.96590177525474,370.67257506770704,451.28846945506206,517.8030964375201,572.683041929032,617.9634364346516,655.3234259582298,686.1484410387383,711.5815735824556
833,0.386328125,156.52349645486197,276.45813798370665,375.4135009278226,457.0595338967169,524.4240605204737,580.0052234045448,625.8641720312467,663.7015135038523,694.9203827627589,720.6784780611875
834,0.38593750000000004,158.48002110027474,279.9158750382757,380.11026675145587,462.7787319208594,530.9868967022994,587.2641483664019,633.6974338195286,672.0086518648206,703.6185075927165,729.6991972862172
835,0.38554687500000007,160.33659784509354,283.1929840907437,384.5590105322751,468.19403181964594,537.1996333091912,594.1348152635952,641.1109390572242,679.8700404432387,711.8494362621188,738.2350275660932
836,0.38515625000000003,162.1705152034727,286.43423860515793,388.96185636273515,473.555423620521,543.351954219989,600.9397366610532,648.4543163346689,687.6576898037051,720.0036460884855,746.6916784090967
837,0.384765625,163.90247189362088,289.4911672552152,393.1115581371021,478.606608586312,549.1468832760319,607.348294341304,655.3691594875935,694.9902570282702,727.6808694670535,754.6532720823085
838,0.384375,165.61095417189412,292.51094144108106,397.21369513557937,483.6019273661505,554.8792026133002,613.6887196557087,662.2113295154611,702.2464096465607,735.2785913636509,762.5328152935812
839,0.38398437500000004,167.2156203494505,295.3429762513263,401.0579564894695,488.2812089462208,560.2473888423098,619.6252866472942,668.6168484343696,709.0388492498545,742.3902717356932,769.9078961568339
840,0.38359375,168.7960333218042,298.1366140918959,404.85305984415993,492.90275279583244,565.5508684075934,625.4914401219961,674.9472618835324,715.7523175323217,749.4197914870355,777.1981830144354
841,0.383203125,170.27093457150747,300.739388003073,408.3859528051484,497.2029153506266,570.484033815304,630.946861930671,680.8335789024067,721.9941551780163,755.9549622170995,783.975378246647
842,0.3828125,171.7208412740644,303.3025818067529,411.8681706441792,501.4435581102805,575.3504959833078,636.3296983680387,686.642474746938,728.1545874783067,762.4054408658329,790.6651677220591
843,0.382421875,173.06370329007717,305.67208129976825,415.0842473963208,505.3579706334705,579.8410334134414,641.2955624646094,692.0005128508419,733.8361979020374,768.3540243415981,796.8340264881937
844,0.38203125000000004,174.38086801891146,308.0008787515865,418.24821035946474,509.21117354337855,584.262974496825,646.1867820043449,697.278934311653,739.4340954252737,774.2155158842709,802.9130035942668
845,0.38164062500000007,175.5896203662642,310.13345046997676,421.14251222541753,512.7338005898201,588.3039601636657,650.655431680409,702.1004320834521,744.5467182807682,779.5683401040426,808.4640142437898
846,0.38125000000000003,176.77201234452755,312.2242611005467,423.98334224613643,516.1936229804928,592.2745626775232,655.0474933623477,706.8402412617886,749.5734505999677,784.8318077355062,813.9228068793005
847,0.380859375,177.84479105685332,314.11661646999113,426.5514059731809,519.3190323284298,595.8597649649912,659.0120374688561,711.1177633973261,754.1092016165054,789.5806179971089,818.8474090750572
848,0.38046875,178.89058704010637,315.96621629528596,429.0647225976918,522.3801393270671,599.3729064794403,662.898169032722,715.3116518574728,758.5570179026884,794.2379458761932,823.6776002336568
849,0.38007812500000004,179.82573801398877,317.61543748143725,431.30258843024285,525.1035117940146,602.4967971942115,666.3524944178325,719.0386025798799,762.5089031040034,798.3754196586834,827.9682003794056
850,0.3796875,180.73332555139055,319.2209747408668,433.48451660088983,527.7611837947188,605.5470611954653,669.7267043108765,722.6801043017458,766.370945857404,802.4194272807894,832.1623430503693
851,0.379296875,181.52940684043494,320.6245187112866,435.38873379961666,530.0783199591098,608.2048232812712,672.6654843538263,725.8507365721199,769.7328713313711,805.9391844759632,835.8123249039247
852,0.37890625,182.29738647003575,321.98351776888995,437.23590916443277,532.3284590955465,610.7875066047906,675.5225699572205,728.9342368328679,773.0031858043956,809.3636365433669,839.3639523122499
853,0.378515625,182.95317044932904,323.1392201135691,438.803541191696,534.2357856078816,612.9750413821773,677.9412725741431,731.5436609880641,775.7699668621834,812.2602490450051,842.3676869295267
854,0.37812500000000004,183.58035798563915,324.24958549634687,440.31311558862825,536.0749224305963,615.0861618742299,680.2768286763858,734.0644055051218,778.443510754627,815.0598656174162,845.2713230619066
855,0.37773437500000007,184.09483354792988,325.15566428199304,441.5417453299175,537.5694983617481,616.800096317724,682.1717243630657,736.1085979314073,780.610881124138,817.328866942853,847.6241787709872
856,0.37734375000000003,184.580262018206,326.01568409881946,442.7113914300707,538.9947974914127,618.4363993215536,683.9821503328761,738.0627006014225,782.6835327886461,819.499332027229,849.875347282204
857,0.376953125,184.95263584524096,326.67074212615444,443.59912426335256,540.0743180723895,619.6740903532345,685.3503169160031,739.5385088641365,784.2481500571844,821.1372230190591,851.5736955995645
858,0.3765625,185.29555676881895,327.27909034680755,444.42703867616177,541.083581987771,620.8330530612909,686.632821520928,740.922956967092,785.7167140222014,822.6751903563775,853.168925817683
859,0.37617187500000004,185.5252546540828,327.6821174747308,444.97250562125606,541.7463824394423,621.5925919416059,687.4721490116884,741.8281050459555,786.676165186604,823.6794449922272,854.2101474720714
860,0.37578125,185.72513929311768,328.0378561393895,445.45741189652256,542.3380551336365,622.2724275915687,688.2247550594225,742.6407642539648,787.5383774682429,824.582543619287,855.1469801663291
861,0.375390625,185.8118070071293,328.1882308082401,445.65977167989234,542.5831131779385,622.5526427987295,688.533948836648,742.9738559769033,787.8911825755382,824.9516128231443,855.5294690509338
862,0.375,185.8683470997636,328.29081133359557,445.8009220876773,542.7562823296192,622.7523031678401,688.7554959360235,743.2134733352069,788.1457138401431,825.2184503849721,855.8064598678151
863,0.374609375,185.81185098331068,328.18830160347625,445.6598625465099,542.5832198946254,622.5527623507523,688.5340789032199,742.9739947031569,787.8913284504554,824.9517646036942,855.5296257101718
864,0.37421875000000004,185.72495937621562,328.03756589658246,445.45703958955824,542.337618709349,622.2719398682128,688.2242257999395,742.6402011494415,787.5377866850242,824.5819301482481,855.1463480702589
865,0.37382812500000007,185.52538655532567,327.6823298200191,444.97277817305275,541.7467025361207,621.5929505401186,687.4725391503385,741.8285211607163,786.6766027446918,823.6799002647638,854.2106173783786
866,0.37343750000000003,185.29519736201487,327.2785105628589,444.4262949768433,541.0827102237678,620.8320788367133,686.631764336133,740.9218321842778,785.7155339571723,822.6739649770884,853.1676632383637
867,0.373046875,184.95285550655453,326.6710957588962,443.5995781670652,540.0748511609506,619.6746875660825,685.3509666585721,739.5392018691656,784.2488787752402,821.1379812395508,851.574478191441
868,0.37265625,184.57972358268123,326.01481550746746,442.7102772695186,538.993491471275,618.4349398008472,683.9805665262476,738.0610155224736,782.6817648885302,819.497496239439,849.8734557629617
869,0.37226562500000004,184.09514063267596,325.1561586596206,441.5423798895827,537.5702436257586,616.8009312313881,682.1726327168063,736.1095667684712,780.6118998899497,817.3299269544615,847.6252728546048
870,0.371875,183.5796414669372,324.24842963147245,440.31163294544393,536.0731844840171,615.0842196700968,680.2747210910653,734.0621631626152,778.4411582073083,815.0574227365037,845.2688060227728
871,0.371484375,182.953564456622,323.1398544261975,438.80435536559116,534.2367418230294,612.9761126251055,677.9424380474356,731.5449040675034,775.7712740053825,812.2616091108179,842.3690907129978
872,0.42070312500000007,-123.45050415718129,-218.04308610462743,-296.08925914188166,-360.483557768986,-413.61403454693726,-457.45097247075046,-493.6199967535322,-523.4623735179644,-548.0847538139266,-568.4002137006396
873,0.42031250000000003,-120.70997509931551,-213.20478244720258,-289.5206075684317,-352.48738987910326,-404.44010917773846,-447.3053259308973,-482.6726127117876,-511.8534971324684,-535.9300965375107,-555.7952458751234
874,0.37109375,182.29649278456083,321.98207608859605,437.23405988893546,532.3262913759652,610.7850841124769,675.5199411844752,728.9314399783939,773.0002514930658,809.3605895608235,839.3608128339296
875,0.42109375000000004,-126.16576863580136,-222.8410928066162,-302.6061813935101,-368.41888467582623,-422.7197190461644,-467.522320933028,-504.4881074824948,-534.987883827568,-560.1526760363815,-580.9156727016427
876,0.499609375,185.80700628145382,328.1794438018844,445.64790602888553,542.5689687486539,622.5368641742047,688.5170419806815,742.9562143280708,787.873110615315,824.9333452016017,855.5111855608517
877,0.49921875000000004,185.72041322896212,328.02914868541035,445.4455616705501,542.323826960204,622.2564555781477,688.2075474671235,742.6227220033646,787.5198137467954,824.5637012243102,855.1280458304825
878,0.5,185.8590979687401,328.2735296103131,445.7770547408642,542.727179128156,622.7191043772498,688.7191348078966,743.1747040041537,788.1051419147599,825.1765603490765,855.7636380381057
879,0.49882812500000007,185.52257663589103,327.6772687987066,444.96608681038464,541.7389156546144,621.5844876038241,687.4637190819732,741.8195829739046,786.6677236715097,823.671210176449,854.2022098319022
880,0.49843750000000003,185.29160539464505,327.2718717324303,444.4172767860652,541.0719271198549,620.8200392283524,686.6188728077556,740.9084044811565,785.7018133987408,822.6601371053763,853.1538679125671
881,0.498046875,184.9507837388648,326.66738958315835,443.59473736578633,540.0693045595474,619.6687672309433,685.3449202937451,739.5332105179737,784.2430724580684,821.1324513758746,851.5692870447192
882,0.49765625,184.5768348947976,326.00948561893193,442.70306575573005,538.9849126932803,618.4254169335751,683.9704333908477,738.0505296631189,782.6711219655131,819.4868428829676,849.8629001437009
883,0.49726562500000004,184.09349711145578,325.15323132957303,441.5385917124716,537.5659571913224,616.7964246957214,682.1681103534979,736.1051746529852,780.6077398805513,817.3260678123482,847.6217586575617
884,0.496875,183.57726779507837,324.2440560469213,440.305737269515,536.0662053835442,615.0765159972076,680.2665734376437,734.0537854811663,778.4327106534507,815.0490231385087,845.2605392749557
885,0.496484375,182.9522519666241,323.1375294950635,438.80137970344595,534.2334247818746,612.9726889620177,677.9390771402309,731.5417240155004,775.7683542761107,812.259000596226,842.3668232935715
886,0.49609375,182.29450159489826,321.9784106021289,437.2291347127352,532.3204867859654,610.7787094891349,675.5132363524021,728.9245856861749,772.9933810337357,809.3537991471269,839.3541700598687
887,0.495703125,181.52882779973547,320.6234273711858,435.387369398033,530.0769030753604,608.2035209489128,672.6644127097336,725.849971218895,769.7324575756712,805.9391456843615,835.8126687991573
888,0.49531250000000004,180.73057117805305,319.21614989283376,433.4781516175907,527.7537174145414,605.5388382485908,669.7179892139516,722.671096426768,766.3617933751035,802.4102386857304,832.1531963038091
889,0.49492187500000007,179.82544824148096,317.6148544447929,431.30189767888675,525.1028899543321,602.4963762591708,666.3523626841251,719.0388135455047,762.509484561799,798.3763811603282,827.9695388264009
890,0.49453125000000003,178.88790925225013,315.9615728544464,429.0586270154038,522.3730070235653,599.3650604193664,662.8898550830486,715.3030542838358,758.5482728501529,794.2291524300609,823.6688291175803
891,0.494140625,177.84475389241967,314.11647531814975,426.55129890707747,519.3190972626651,595.8601031114777,659.0127127491825,711.1188100426872,754.1106322429345,789.5824302722667,818.8495906768082
892,0.49375,176.76937159369515,312.2197250097044,423.9774133588162,516.186698937781,592.2669493667834,655.0394221356097,706.8318846481218,749.5649355227501,784.8232261987222,813.9142242982581
893,0.49335937500000004,175.58980734695513,310.1336996004562,421.14291899010135,512.7344683513055,588.3049627521183,650.6568114157058,702.1022062031592,744.5488860946265,779.570888937634,808.4669238225624
894,0.49296875,174.37823477821962,307.9963946182774,418.24237138527224,509.2043638526883,584.2554865948285,646.1788358443001,697.2706932875209,739.4256794004822,774.2070115721393,802.9044725810189
895,0.492578125,173.06409162239626,305.6726793974514,415.0851121182342,505.35917418828814,579.8426250395381,641.2975651616827,692.0029287333084,733.8390145102998,768.3572199224036,796.8375738515173
896,0.4921875,171.71819246893725,303.2981062968271,411.8623615596494,501.43678948426225,575.3430499152078,636.3217859230324,686.6342522776325,728.1461695244589,762.3969102839674,790.6565834490692
897,0.491796875,170.27150542609138,300.74030095867977,408.38722940563713,497.20459950663076,570.4861525271644,630.949420805826,680.8365665120938,721.9975485889372,755.9587316583254,783.9794904794504
898,0.49140625000000004,168.79335121526617,298.13211373119384,404.8472342628822,492.8959686794314,565.5433998423522,625.483491304258,674.9389838063364,715.7438208028582,749.4111562496032,777.1894664936948
899,0.49101562500000007,167.21635804638657,295.3441756723097,401.05960666279026,488.28332790967545,560.2499833620947,619.6283465809709,668.6203501544825,709.0427604489412,742.3945555219834,769.9125139713527
900,0.49062500000000003,165.60822491986133,292.5063899498822,397.2078166149437,483.5950833931317,554.8716612214353,613.6806798272993,662.20293825986,702.2377747728618,735.2697912332037,762.5239061752274
901,0.490234375,163.90336289994534,289.4926286894417,393.11354895189817,478.60912306445204,549.1499097015857,607.3518082576353,655.3731262418756,694.9946358954332,727.685617211227,754.6583454514878
902,0.48984375,162.16772763584444,286.42961468052664,388.95589534826973,473.54848386590066,543.3442993583208,600.9315618549915,648.4457657667247,687.6488694352212,719.9946332724378,746.6825290849475
903,0.48945312500000004,160.3376303422159,283.19468623908233,384.5613133625082,468.19690772862,537.2030536450847,594.1387425213188,641.1153285907076,679.8748439482516,711.8546048362314,738.2405138079662
904,0.4890625,158.47716675634035,279.91116231512615,380.1042004675944,462.7716687313097,530.9790971949533,587.2558050285537,633.6886889539574,671.9996103597241,703.609246420116,729.6897725594504
905,0.488671875,156.524660045715,276.4600621628564,375.41609072153153,457.06274147687634,524.4278416718802,580.0095286952151,625.868947733877,663.706704472955,694.9259350225253,720.6843405337639
906,0.48828125,154.54223461602936,272.9610871157683,370.666385180453,451.2812605949024,517.7951272982168,572.6745032944102,617.9544695299114,655.3141352513156,686.1389036460484,711.5718462089212
907,0.487890625,152.47033268031007,269.29914321863777,365.6919856332484,445.22379639598626,510.8439767497203,564.9859578886216,609.6574976257451,646.5151528688318,676.9257159338038,702.0169013745286
908,0.48750000000000004,150.3690002773269,265.5901086910969,360.65700617023214,439.09498201348686,503.81272429554906,557.2101464148271,601.2673753802925,637.6181790525053,667.6105502931003,692.3566940132775
909,0.48710937500000007,148.18090085487617,261.72297308686086,355.4039947618612,432.6983306437849,496.47240799588366,549.0911994414946,592.5059794324756,628.3267016689647,657.8817070644602,682.2669846293255
910,0.48671875000000003,145.9638997652449,257.8095947869433,350.0915002456731,426.23162707921654,489.05345228081023,540.8865839274399,583.6531416850947,618.9390327157761,648.0527609159354,672.0739495661659
911,0.486328125,143.6629794536645,253.7432353081874,344.56798366367485,419.5056602432675,481.3352983141382,532.3497651312579,574.4408429085496,609.1693995813704,637.8232763536776,661.4650466745136
912,0.4859375,141.33372656031506,249.6315444785264,338.9861615109632,412.71103362046284,473.54007291438955,523.7289898610244,565.1389328410798,599.3055028203602,627.4956969943335,650.7548922166491
913,0.48554687500000004,138.92353557776235,245.3722355126797,333.2006626526105,405.6661296969289,465.45599067591354,514.7874718783355,555.4899461517047,589.0727888090411,616.781355496015,639.6431656158799
914,0.48515625,136.48562088371705,241.06856926708053,327.3581157066215,398.55405196943707,457.2965095930112,505.76382311221096,545.753299709293,578.7478662382756,605.9710594696062,628.4323978487773
915,0.484765625,133.96987766583817,236.62288221535624,321.31956072602975,391.20108024431374,448.8589717009877,496.4314014680072,535.6825121409054,568.067858960895,594.7883916847827,616.8349912434734
916,0.484375,131.42705883137302,232.13387388432892,315.2252941420085,383.7825132245665,440.3478110334113,487.0187871684104,525.5261361520609,557.2978240421328,583.512040482533,605.1408888285897
917,0.483984375,128.80964438892607,227.5086671935345,308.94299891413766,376.1328174119286,431.56983442154205,477.30985936496165,515.0490842914555,546.1869999168017,571.878298256712,593.0756938434662
918,0.48359375000000004,126.16584094627682,222.84123610564447,302.6064062814753,368.419195873133,422.7201129738446,467.5227877481706,504.4886333217166,534.9884530276112,560.1532726125423,580.916281358459
919,0.48320312500000007,123.45079295540684,218.04364482678753,296.09006222255744,360.4845768516098,413.61523908331947,457.4523313576239,493.62147966887864,523.4639522103218,548.0864027380104,568.4019103154773
920,0.48281250000000003,120.71008035401336,213.20498578743062,289.5209112755055,352.4877911288318,404.4405984009991,447.30588881091,482.67323219029623,511.85415537128864,535.9307761654445,555.7959308086993
921,0.482421875,117.90158680000665,208.24241035698302,282.78057011274404,344.28048840229354,395.0228719116772,436.8894379549971,471.4327397809781,499.9337548466843,523.4493922086203,542.851687512424
922,0.48203125,115.06818987147538,203.2399821239452,275.9889870888942,336.0128653542509,385.53745444072933,426.3992648844596,460.1135721129929,487.9306040893043,510.88190207124757,529.8185725033076
923,0.48164062500000004,112.17058279357269,198.12007730201728,269.0350458331544,327.545538752517,375.8214022720067,415.65288700751466,448.51707945326496,475.63269108800694,498.0052565378143,516.464423372504
924,0.48125,109.24886946700059,192.96159147455165,262.0315003811352,319.0198233838606,366.0398302699927,404.8351545117427,436.8444405899036,463.25468975798094,485.0452760948283,503.0242638589323
925,0.480859375,106.26661808156892,187.692254208768,254.8746848511134,310.3055330068882,356.04043857183933,393.77542493573503,424.9098342018412,450.59823264493497,471.79322995115047,489.28080632065087
926,0.48046875,103.26109239783626,182.3856629082208,247.66997331066474,301.5348681180413,345.9777907630101,382.6468089905667,412.90171795874863,437.8644618684411,458.46073743738077,475.45432071574686
927,0.480078125,100.19879627832667,176.97502028057406,240.32132176150265,292.587054401309,335.71048204110195,371.2907856139845,400.6474050771483,424.86898118734166,444.8537297913147,461.3427517606934
928,0.47968750000000004,97.11409156043983,171.52850408411962,232.92655077707488,283.5849606371805,325.3822707232851,359.86844175161866,388.3223227670656,411.7990708928281,431.1692780740761,447.1512544229575
929,0.47929687500000007,93.97647379269611,165.98490120305956,225.39739744945285,274.4174243166463,314.8628808460426,348.23363961527286,375.7672038903065,398.48461025376804,417.22829568959895,432.6933389865271
930,0.47890625000000003,90.8173456611823,160.40685680116758,217.82396720758612,265.1977797566301,304.2850284706726,336.5351770202263,363.1441563688525,385.09870952556537,403.2129812255072,418.1587080235716
931,0.478515625,87.6092452487576,154.73884340345504,210.12592414033523,255.82465973050282,293.52978127204165,324.6395402218922,350.30759495639825,371.4858034739922,388.95952488374724,403.3767441034833
932,0.478125,84.38056399974273,149.03787015970119,202.385510129453,246.40167768880298,282.7185949783992,312.68299357120395,337.4060422402118,357.8045483378007,374.63495399284676,388.52138639988
933,0.47773437500000004,81.1069286089394,143.2541877803009,194.5304497291161,236.83742979089374,271.7440778985932,300.5448683213022,324.30783563500324,343.9141915163757,360.0910062009496,373.4381715657968
934,0.47734375,77.81367188621493,137.43907478136597,186.63498515187996,227.22563740224072,260.71622494186244,288.3486706068554,311.1476675736973,329.95867383655633,345.47926249932505,358.28498900677187
935,0.476953125,74.47955015435669,131.54864316818785,178.6350217438955,217.48501194018607,249.53936325456095,275.9867767238239,297.8080162435903,315.8122883669535,330.6672533379408,342.92378498188833
936,0.4765625,71.1267952178035,125.62835557543097,170.59667898760762,207.69922760318346,238.31184512667326,263.56973063193993,284.40952163766116,301.6040230984277,315.7908634500652,327.4961388954713
937,0.476171875,67.73732893500204,119.64025887897141,162.46415006116615,197.7972465233143,226.94987573759656,251.00313256340198,270.84899790507995,287.22342542037364,300.73363585254685,311.880635548788
938,0.47578125000000004,64.33024477082131,113.62392400068856,154.29532178888766,187.85255688199476,215.54000175817316,238.3843812683104,257.23283299127286,272.7843171896434,285.61553442108806,296.2023104192588
939,0.47539062500000007,60.89066109869751,107.54739701780898,146.04276931021198,177.8044910139277,204.0104470921902,225.6324592075538,243.47234986327445,258.1916850040887,270.3363095594095,280.3565898662202
940,0.47500000000000003,57.43450060780357,101.44429050601207,137.75604971497313,167.7162281338081,192.43580821948137,212.8314574054726,229.6595070571446,243.5439949607165,254.99980453601717,264.45175733680475
941,0.474609375,53.95010386081027,95.28870417015757,129.39620042593126,157.5375732057238,180.75644870210488,199.91387685764852,215.72028538663903,228.7618324071273,239.52214536153645,248.40025613016564
942,0.47421875,50.450195579525975,89.10823541192835,121.00436540047708,147.32129043595612,169.03488984150803,186.9503601436902,201.7320602410394,213.92814318722134,223.9908813246739,232.29343696344654
943,0.47382812500000004,46.92635915231724,82.88308252524025,112.55011143855171,137.02774347624253,157.2237368198433,173.8870419747181,187.63559640585206,198.9792465671664,208.33865667812776,216.06090887175836
944,0.4734375,43.3880991296153,76.634780293641,104.06609908999485,126.69919172651674,145.37332960423245,160.78099673811704,173.49355512555073,183.9824278436271,192.63657876237122,199.77693554138244
945,0.473046875,39.83025715749786,70.34966079743185,95.53047798561182,116.30662671013633,133.44859740340502,147.59208626913357,159.26158767902555,168.889850255039,176.83392634452335,183.38841314705417
946,0.47265625,36.259100597103206,64.04315849485586,86.96736859997517,105.88173006006652,121.48761220927686,134.36371874473733,144.98753372615545,153.75302332485347,160.9852431627422,166.95239138607928
947,0.472265625,32.67273961162088,57.70776472629808,78.36354325289159,95.40617352794544,109.46769015677482,121.06955481010979,130.64201000760187,138.54003925293642,145.05653245891085,150.43314763491122
948,0.47187500000000004,29.07419246594357,51.35278553982977,69.73453913880677,84.90100468836309,97.41456794969368,107.73925994039192,116.25795050201299,123.28654140636796,129.085678795483,133.8704177461088
949,0.47148437500000007,25.46484295441187,44.97688732008975,61.07577756609386,74.35861108899553,85.31799208117529,94.36034359357225,101.82099286724561,107.97661091169836,113.0554735783612,117.24592705951926
950,0.47109375000000003,21.84445346598252,38.583229282394974,52.3941827694467,63.78936670565398,73.19131608008242,80.94867369007973,87.34910477026267,92.62995957165506,96.98707284165916,100.582024975946
951,0.470703125,18.21768130913264,32.17665879305088,43.69383756765388,53.19639338991939,61.03674044825613,67.5056364713211,72.84297635016112,77.24669197854034,80.88009315164821,83.87792382210198
952,0.4703125,14.581031424722125,25.754179622000866,34.973037287351254,42.579368984428044,48.855207374450295,54.033269417586325,58.30557215431325,61.83054831678796,64.73891927949019,67.1385416010915
953,0.46992187500000004,10.942429339346482,19.326816286949366,26.244525100748024,31.95215120692032,36.661375364771025,40.54684162866907,43.752642620493624,46.39766590876229,48.58000341213121,50.38058907304944
954,0.46953125,7.2951260888701475,12.885418161757356,17.497965017640592,21.30371601151016,24.44376656872507,27.034548947714782,29.172135892866383,30.935798306663333,32.39094261421216,33.591535220911595
955,0.469140625,3.650304993371623,6.44717339526418,8.754745825670405,10.65864171235085,12.229481963601062,13.525527648784236,14.594846923664907,15.477099704290582,16.20500877505351,16.805573269904837
956,0.46875,-0.0020281364014546246,-0.003212278851777498,-0.004088585164484244,-0.004786516335155298,-0.005365472828636819,-0.005857457032613393,-0.006282180985389398,-0.006652818873338394,-0.006978758897723106,-0.007266969232419907
957,0.468359375,-3.647447760410795,-6.442410332310422,-8.748532192066719,-10.651301944180588,-12.2212674467219,-13.516640469537894,-14.58545145514399,-15.467329302259504,-16.1949708227341,-16.79535332486809
958,0.46796875000000004,-7.299179500321394,-12.89183824346241,-17.50613646273561,-21.313282249508287,-24.454489766541982,-27.046255253848813,-29.184690870234867,-30.949093861312186,-32.404889424540166,-33.60605789771994
959,0.46757812500000007,-10.939576276457439,-19.322060021195767,-26.23832007709856,-31.94482127741218,-36.65317148753563,-40.537965575774905,-43.74325853610112,-46.38790698514922,-48.569976919499474,-50.37038049475004
960,0.46718750000000003,-14.585076262681598,-25.760586293731993,-34.98119158039035,-42.58891486626812,-48.86590735969143,-54.04494993304677,-58.318099012426885,-61.84381365752363,-64.75283400313782,-67.1530305286053
961,0.466796875,-18.21483658105172,-32.17191611441994,-43.687649754857006,-53.189083126685794,-61.02855783696506,-67.49678265520245,-72.83361501526004,-77.23695598996102,-80.87008955340346,-83.8677379490059
962,0.46640625,-21.84848403567571,-38.58961363979657,-52.402308521706374,-63.798878713662766,-73.20197743537635,-80.96031128130288,-87.36158482405958,-92.6431746165356,-97.00093414667106,-100.59645771146725
963,0.46601562500000004,-25.462010723441665,-44.97216501795568,-61.06961556566064,-74.35133032009713,-85.30984136107088,-94.35152312089316,-101.81166563973339,-107.96690930277991,-113.0455042920536,-117.23577520730382
964,0.465625,-29.078203129214273,-51.35913877504394,-69.74262508819953,-84.91046945409029,-97.42517542344223,-107.75083765123837,-116.27036525151375,-123.29968626294321,-129.09946554118207,-133.88477203790495
965,0.465234375,-32.66992407181722,-57.70306964957834,-78.35741574822585,-95.3989321799774,-109.45958206319725,-121.06077890487342,-130.63272836635824,-138.53038358998168,-145.04660902207888,-150.42304123566382
966,0.46484375,-36.26308581751388,-64.04947197347707,-86.97540371321531,-105.89113448628673,-121.4981508531318,-134.3752199458737,-144.99986501482167,-153.76607845510281,-160.99893456928865,-166.96664534597394
967,0.464453125,-39.82746252087884,-70.34499983299548,-95.52439371378284,-116.29943477400136,-133.4405427419599,-147.58336622752688,-159.25236317365258,-168.88025217084706,-176.8240603547647,-183.37836368475402
968,0.46406250000000004,-43.39205345997322,-76.64104553370723,-104.0740725335104,-126.70852295073462,-145.38378472981532,-160.79240507748787,-173.5057850849683,-183.9953740032473,-192.65015434499836,-199.79106757424628
969,0.46367187500000007,-46.923589633002635,-82.87846257294315,-112.54407915768037,-137.02061096776532,-157.2157464208425,-173.87838911381962,-187.62644060000042,-198.96971769926907,-208.3288597264986,-216.0509278110714
970,0.46328125000000003,-50.4541136690852,-89.11444409655378,-121.01226655651101,-147.3305358485712,-169.04524703954078,-186.96165956573003,-201.74417130949428,-213.94096144298712,-224.00432090937386,-232.3074257808514
971,0.462890625,-53.94736365988011,-95.28413211906779,-129.3902288840415,-157.53051012784226,-180.74853337655173,-199.90530246553163,-215.7112098024816,-228.75238433684265,-239.51242896637373,-248.39035484520852
972,0.4625,-57.438377213370195,-101.45043450260314,-137.76386820631149,-167.72537540640036,-192.44605339006762,-212.84263218211314,-229.6714820103193,-243.55666672002334,-255.01308828725163,-264.4655819823648
973,0.46210937500000004,-60.8879544686445,-107.54287985814823,-146.03686739611925,-177.797507538868,-204.0026178387891,-225.6239747697533,-243.46336622297733,-258.1823295093262,-270.32668542744904,-280.34677990752397
974,0.46171875,-64.33407488391185,-113.62999557821989,-154.303047769504,-187.86159431727376,-215.55012150849817,-238.3954164349103,-257.2446554085571,-272.7968246907342,-285.6286433506116,-296.2159507916854
975,0.461328125,-67.73466014589765,-119.635803646617,-162.4583267307032,-197.7903529030624,-226.94214363941342,-250.99474964731195,-270.84011800419336,-287.21417433905214,-300.7241157332337,-311.87092848923106
976,0.4609375,-71.13057394346309,-125.63434719848244,-170.6043028654179,-207.70814379820797,-238.32182638440338,-263.5806115588894,-284.42117543858325,-301.616348917116,-315.8037788984652,-327.5095752086754
977,0.460546875,-74.47692354756094,-131.54425703865763,-178.6292861469045,-217.47821865990673,-249.53173965328705,-275.9785071691522,-297.7992521538273,-315.8031538089032,-330.6578492418277,-342.91419263943527
978,0.46015625000000004,-77.81739463723031,-137.4449794421986,-186.64249803371362,-227.23442178516203,-260.72605556625103,-288.35938367067484,-311.15913773715613,-329.9708016438136,-345.4919669239007,-358.2982026014033
979,0.45976562500000007,-81.10434858658846,-143.24987805335897,-194.52481118959463,-236.83074754459315,-271.73657436555385,-300.53672420621945,-324.2991996653328,-343.9051858192043,-360.0817303501985,-373.42870594853366
980,0.45937500000000003,-84.38422643269894,-149.04368127057788,-202.39290367620887,-246.410320342603,-282.72826355735583,-312.6935259288452,-337.4173145592157,-357.81646263757193,-374.6474306906808,-388.5343594534633
981,0.458984375,-87.60671626390865,-154.73461748922162,-210.12039213892947,-255.81809939985345,-293.52240958317816,-324.63153383393893,-350.2990996196503,-371.4769391651993,-388.9503896695778,-403.3674173622782
982,0.45859375,-90.82094368240601,-160.41256820602675,-217.83123364950964,-265.20627143631435,-304.29452433844494,-336.5455166260441,-363.15521746577065,-385.1103956674563,-403.2252143428906,-418.17142355609764
983,0.45820312500000004,-93.9740004701999,-165.9807668312331,-225.39198190539312,-274.4109973118915,-314.855653370271,-348.2257838776034,-375.7588623593652,-398.47590053031615,-417.21931416981437,-432.68416392603297
984,0.4578125,-97.11762156471335,-171.53411046791987,-232.93368346343516,-283.5932934339745,-325.3915847178351,-359.8785781902819,-388.33316098748196,-411.81051601484205,-431.18125358816997,-447.1636973092537
985,0.457421875,-100.19638329761965,-176.9709853043305,-240.31603277108587,-292.5807723454051,-335.70341137907434,-371.2830936860659,-400.63923075357144,-424.86043945710196,-444.8449152086144,-461.3337413378498
986,0.45703125,-103.2645509092458,-182.39115918759464,-247.67696589288556,-301.5430344714231,-345.9869140969193,-382.6567322314975,-412.9123220297428,-437.8756534758254,-458.47244166940345,-475.46647614436205
987,0.456640625,-106.26427019767146,-187.68832664461547,-254.86953274291628,-310.29940780267106,-356.0335376320693,-393.76791029585996,-424.9018408025987,-450.5898726158272,-471.7845958231374,-489.2719737342916
988,0.45625000000000004,-109.25225356273455,-192.96697352378152,-262.03834778785864,-319.0278172603445,-366.04875587542733,-404.84485638922115,-436.85480120962654,-463.2656174010627,-485.0566974586226,-503.0361191369618
989,0.45585937500000007,-112.16830493693833,-198.1162655045523,-269.0300414044453,-327.5395828690158,-375.81468459720827,-415.64556381091364,-448.509281393752,-475.62452717020903,-497.9968170736647,-516.4557824905576
990,0.45546875000000003,-115.07149691331772,-203.2452463215435,-275.9956849190923,-336.0206815137168,-385.5461761308584,-426.4087381720793,-460.12368095290424,-487.94125830561444,-510.8930299652509,-529.8301159064015
991,0.455078125,-117.899383883911,-208.23872269527337,-282.77572419695247,-344.27471435171134,-395.0163510802491,-436.88232037211367,-471.42515146014625,-499.92580139286787,-523.4411615112,-542.8432520414761
992,0.4546875,-120.71330806952447,-213.2101291594596,-289.5274559923062,-352.49542535871757,-404.44911113599477,-447.3151275122152,-482.6830822044329,-511.8645280084588,-535.9416013050344,-555.8071519193802
993,0.45429687500000004,-123.44867017354828,-218.04009019688164,-296.0853863785932,-360.4789980224994,-413.6089296590003,-457.445434617555,-493.6141165876612,-523.4562246935043,-548.0783960282695,-568.3936950610553
994,0.45390625,-126.16898782785749,-222.84625701186374,-302.61279613461875,-368.42664610354376,-422.72841413239166,-467.53178849451103,-504.4982202460031,-534.9985388235272,-560.1637886739777,-580.927172759743
995,0.453515625,-128.80760723621265,-227.50525505974792,-308.93850548359933,-376.12744813797366,-431.56375202998646,-477.3031998365874,-515.0419631357073,-546.1795150127582,-571.8705319535868,-593.0677147857484
996,0.453125,-131.43012394818024,-232.13877170540601,-315.2315287515424,-383.7897790260713,-440.3558998388338,-487.0275485849562,-525.5354578196262,-557.3076198972246,-583.5222433384699,-605.1514453078258
997,0.452734375,-133.9679319286272,-236.6196226010965,-321.31526282400273,-391.19593579414726,-448.85313301759834,-496.4249966449021,-535.6756507625151,-568.0606345246708,-594.7808833763679,-616.8272655024527
998,0.45234375000000004,-136.4886039558248,-241.07334454109176,-327.3641962509627,-398.56113478286375,-457.30438737631187,-505.7723461070169,-545.7623563594467,-578.7573715392409,-605.9809475232101,-628.4426167384784
999,0.45195312500000007,-138.9216873507171,-245.3691390375201,-333.1965742205567,-405.66122633865285,-465.4504134983533,-514.781340456148,-555.4833636481641,-589.0658439543955,-616.7741240168857,-639.6357115248377
1000,0.45156250000000003,-141.336628118877,-249.63619918636505,-338.9920911160148,-412.7179372305192,-473.54774365605635,-523.7372782212967,-565.1477277585295,-599.3147201126962,-627.5052718770535,-650.7647741107534
1001,0.451171875,-143.66123523024424,-253.7403133518562,-344.5641196931268,-419.50101551569514,-481.33000187091466,-532.3439273451006,-574.4345599819924,-609.1627550554551,-637.8163421701329,-661.4578841715472
1002,0.45078125,-145.9667212161124,-257.8141324760635,-350.09728415860553,-426.23835782865365,-489.0609228568087,-540.8946445899894,-583.6616814885626,-618.9479680051764,-648.0620277971049,-672.0834986339343
1003,0.45039062500000004,-148.179267626694,-261.7202379700318,-355.4003715412573,-432.6939636558881,-496.46741328714444,-549.0856774387207,-592.5000187865949,-628.3203802667582,-657.8750927009005,-682.2601356909329
1004,0.45,-150.3717439956005,-265.5945346560945,-360.66265201201537,-439.101549114203,-503.8200048352562,-557.2179898607617,-601.2756704453916,-637.6268422486385,-667.6195183384266,-692.3659184672364
1005,0.449609375,-152.46881800854212,-269.29660833812966,-365.6886209341611,-445.2197280530417,-510.8393068040771,-564.9807760086261,-609.6518842621084,-646.5091797404938,-676.9194462864408,-702.0103903316693
1006,0.44921875,-154.5449041297824,-272.9654087363365,-370.67190341278103,-451.2876767005471,-517.8022318426144,-572.6821442758909,-617.9625347700977,-655.3225409908632,-686.1475868725272,-711.580759183041
1007,0.448828125,-156.52327210238758,-276.4577420778026,-375.4130039194828,-457.0589946271386,-524.4235217117342,-580.004713647445,-625.8637091375771,-663.7011073128035,-694.9200375479477,-720.6781942567468
1008,0.44843750000000004,-158.4797668033782,-279.9153891838421,-380.1096045809544,-462.777950174263,-530.9860439720671,-587.2632628735213,-633.6965441466022,-672.0077783469396,-703.6176640451555,-729.6983924617193
1009,0.44804687500000007,-160.33637827930727,-283.1925973189787,-384.55852631210587,-468.1935082215551,-537.1991122918264,-594.1343247077116,-641.1104961454314,-679.8696544819837,-711.8491110936635,-738.2347632894184
1010,0.44765625000000003,-162.170264949519,-286.4337599830518,-388.96120373609796,-473.55465293685603,-543.3511133938441,-600.9388633468069,-648.4534386501472,-687.6568277133908,-720.0028131239843,-746.6908831163674
1011,0.447265625,-163.90225709649894,-289.49078955898227,-393.1110865909038,-478.6061004818271,-549.1463798075706,-607.3478226841185,-655.3687362032581,-694.9898909005655,-727.6805639176308,-754.6530268855935
1012,0.446875,-165.61070801670144,-292.5104701571211,-397.2130521912725,-483.6011678984089,-554.8783738457394,-613.6878586689085,-662.2104639602392,-702.245559118131,-735.2777691135124,-762.5320296656637
1013,0.44648437500000004,-167.21541015031397,-295.3426073123787,-401.0574971563963,-488.2807157408427,-560.2469022076201,-619.6248330688571,-668.616443869947,-709.0385019779787,-742.3899847740472,-769.9076689706064
1014,0.44609375,-168.79579103397035,-298.13614976150586,-404.8524260634737,-492.90200390425,-565.5500509503994,-625.4905906197143,-674.9464075347781,-715.7514775782699,-749.4189789139359,-777.1974059781224
1015,0.445703125,-170.2707288570626,-300.73902760131637,-408.3855053573108,-497.20243661252545,-570.4835634872932,-630.946425820678,-680.8331923782761,-721.9938260275586,-755.9546930681399,-783.9751682682404
1016,0.4453125,-171.72060296181073,-303.30212462318707,-411.8675462838884,-501.44282009375615,-575.3496901615617,-636.3288606915303,-686.6416319570526,-728.15375846092,-762.4046383430447,-790.6643996640594
1017,0.444921875,-173.0635020884605,-305.67172945635554,-415.0838118304628,-505.3575063248073,-579.840579316659,-641.295143712204,-692.0001442262932,-733.8358867099554,-768.3537728281473,-796.8338335343913
1018,0.44453125000000004,-174.3806337183775,-308.00042878430446,-418.2475955106361,-509.21044650168164,-584.2621804099639,-646.1859562482136,-697.2781031696858,-739.4332774302185,-774.2147234978596,-802.912244605583
1019,0.44414062500000007,-175.58942357873883,-310.1331069901962,-421.14208824990277,-512.7333503258916,-588.3035218287639,-650.6550297430646,-702.1000807557465,-744.5464243976475,-779.5681055430267,-808.4638376098208
1020,0.44375000000000003,-176.77178195904338,-312.22381819203866,-423.98273669606806,-516.1929066477575,-592.2737800097096,-655.0466791661845,-706.8394213700062,-749.5726432007827,-784.831025039224,-813.9220565025661
1021,0.443359375,-177.84459860062364,-314.1162811868593,-426.5509933349102,-519.3185957730332,-595.8593419802521,-659.0116518699408,-711.1174288370192,-754.1089244727398,-789.5803997909215,-818.8472481464504
1022,0.44296875,-178.8903606042526,-315.9657805110826,-429.0641264333983,-522.3794338010574,-599.3721353317582,-662.8973664973879,-715.3108433162234,-758.5562212014154,-794.237172977306,-823.6768585854569
1023,0.44257812500000004,-179.8255498396643,-317.6151102853867,-431.302186954343,-525.1030887072202,-602.4963892598391,-666.3521248061251,-719.0382843945093,-762.5086422767873,-798.3752173647657,-827.9680547035853
1024,0.4421875,-180.73310298741586,-319.22054595434366,-433.48392965198775,-527.760488863127,-605.5463013165497,-669.725913150725,-722.6793067975661,-766.3701595203238,-802.4186638331485,-832.1616097796509
1025,0.441796875,-181.52922282812617,-320.624199372839,-435.3883431511562,-530.0779099086619,-608.2044298792651,-672.6651301391181,-725.8504341135598,-769.7326261287496,-805.9389973716369,-835.8121937392001
1026,0.44140625,-182.2971678109168,-321.9830960414387,-437.2353315130282,-532.3277748522347,-610.7867580941311,-675.5217902745618,-728.9334504710032,-773.0024099417974,-809.36288266551,-839.3632275494114
1027,0.441015625,-182.95299063129207,-323.13890866319224,-438.80316138572545,-534.2353885863621,-612.9746624815747,-677.9409337048652,-731.5433741895939,-775.7697372088811,-812.2600770532555,-842.3675702035684
1028,0.44062500000000004,-183.5801432385703,-324.2491708447816,-440.31254725731486,-536.0742488984032,-615.0854247515304,-680.2760604870896,-734.0636302993512,-778.4427453814621,-815.0591213295068,-845.2706068365263
1029,0.44023437500000007,-184.09465784517337,-325.1553605610087,-441.541376128726,-537.5691140575336,-616.799731541823,-682.1714004083841,-736.1083263200385,-780.6106665168039,-817.328709540956,-847.6240759514768
1030,0.43984375000000003,-184.58005114382166,-326.0152764603318,-442.7108323353599,-538.9941345663743,-618.4356734636598,-683.9813934975937,-738.0619364008833,-782.6827777480423,-819.4985971721569,-849.8746394424699
1031,0.439453125,-184.9524642141682,-326.67044603706944,-443.59876551280297,-540.0739462768565,-619.6737394451997,-685.3500075795492,-739.538252113966,-784.2479501503718,-821.1370798514223,-851.5736063291406
1032,0.4390625,-185.29534977468782,-327.27868973841447,-444.4264888424324,-541.0829296978065,-620.8323384975544,-686.6320760704843,-740.9222038062829,-785.7159693555539,-822.6744649862094,-853.1682264301355
1033,0.43867187500000004,-185.52508695659844,-327.6818287596745,-444.9721569533061,-541.7460226870178,-621.5922543531419,-687.4718536780051,-741.8278624899826,-786.6759792761974,-823.6793153305733,-854.2100710095276
1034,0.43828125,-185.7249359811189,-328.037462227076,-445.4568708775991,-542.3374129387363,-622.2717237042394,-688.2240203132449,-742.6400214037827,-787.5376424110381,-824.5818269459231,-855.146288429643
1035,0.437890625,-185.8116431562523,-328.1879492969117,-445.6594328448632,-542.5827651473055,-622.5523181475462,-688.5336670744616,-742.9736271472862,-787.8910101689419,-824.9514961608048,-855.5294048848154
1036,0.4375,-185.86814760746051,-328.2904243550704,-445.80039020464557,-542.7556506181108,-622.7516104000964,-688.7547723834266,-743.2127413255852,-788.1449889597848,-825.2177430115704,-855.8057764200164
1037,0.437109375,-185.8116910081183,-328.18802732406925,-445.6595335621079,-542.582883589139,-622.5524506268403,-688.5338106930229,-742.9737795764664,-787.8911695263902,-824.951660927382,-855.5295738404106
1038,0.43671875000000004,-185.72476363307587,-328.0371857345385,-445.45651668760365,-542.3369972951181,-622.2712580086152,-688.2235132104711,-742.6394797379135,-787.5370717338324,-824.5812318283173,-855.1456726717818
1039,0.43632812500000007,-185.52523034167928,-327.68206255749755,-444.9724587320414,-541.7463775680299,-621.5926512889257,-687.4722839850012,-741.8283191910986,-786.6764567315356,-823.6798089884845,-854.2105772143607
1040,0.43593750000000003,-185.29500523045215,-327.2781369858109,-444.4257807489794,-541.0820987383865,-620.8314074677819,-686.6310622547453,-740.9211208885403,-785.7148284358888,-822.6732752035504,-853.166995382236
1041,0.435546875,-184.9527029035445,-326.6708352363042,-443.59926788026723,-540.0745370449106,-619.6744002232653,-685.3507239117223,-739.5390123847352,-784.2487449700859,-821.1379016419885,-851.5744490041288
1042,0.43515625,-184.579535033282,-326.0144484682399,-442.709771656438,-538.9928898466853,-618.4342788492901,-683.9798748784704,-738.0603142733343,-782.6810687377196,-819.4968149669921,-849.8727954219511
1043,0.43476562500000004,-184.09499154763796,-325.15590469994396,-441.5420785029233,-537.5699400410712,-616.8006554220422,-682.1724019722762,-736.109389325053,-780.6117778321251,-817.3298585685379,-847.625254179057
1044,0.434375,-183.5794563493518,-324.2480688761077,-440.3111356104161,-536.0725923170932,-615.0835686805751,-680.2740393821009,-734.0614714368828,-778.4404708861807,-815.0567494161107,-845.2681526475789
1045,0.433984375,-182.95341883117834,-323.13960691127494,-438.8040627047128,-534.2364485463356,-612.9758480865044,-677.9422190136544,-731.5447383549275,-775.7711633760385,-812.2615516176377,-842.3690822375685
1046,0.43359375,-182.2963112053122,-321.9817218010657,-437.2335710834359,-532.3257089759268,-610.7844434445155,-675.5192698189805,-728.9307582227028,-772.9995734884874,-809.3599247185414,-839.3601669891591
1047,0.433203125,-181.52974488547673,-320.6250507015077,-435.38944210237463,-530.0792023160094,-608.2058755112224,-672.6666973622716,-725.852097503186,-769.7343651273582,-805.9407953844385,-835.8140374360069
1048,0.43281250000000004,-180.73207794962437,-319.21890149916186,-433.48182307200153,-527.7580167802415,-605.5435315489747,-669.7228971131378,-722.6760851879973,-766.3667653466208,-802.4151242673739,-832.1579474098108
1049,0.43242187500000007,-179.8261649610029,-317.61611341792957,-431.3034819069874,-525.1046116607217,-602.4980928066934,-666.3539716651435,-719.0402445976894,-762.5106915902628,-798.3773362240265,-827.9702273918501
1050,0.43203125000000003,-178.8891687179456,-315.9638683823693,-429.0616769601357,-522.3765593369529,-599.3689147354786,-662.8938595505796,-715.3070973368427,-758.5522745638393,-794.2330572694339,-823.6726000652633
1051,0.431640625,-177.84530583148447,-314.11743458540525,-426.5524823221627,-519.3203469774801,-595.8613008901408,-659.0137756101404,-711.1196829375555,-754.1112810553759,-789.5828363462873,-818.8497465906162
1052,0.43125,-176.7704250224728,-312.2216412706333,-423.9799480169816,-516.1896341292729,-592.2701134332287,-655.0426865898636,-706.8351566587666,-749.5681500352132,-784.8263393725471,-813.9172082203024
1053,0.43085937500000004,-175.5902218970917,-310.1344090146714,-421.14376918189026,-512.7353273492247,-588.3057334033696,-650.6574274563405,-702.102625678741,-744.5490850408577,-779.5708564777442,-808.4666584047992
1054,0.43046875,-174.37911392483215,-307.9979905983689,-418.2444721566101,-509.2067812567213,-584.2580738315129,-646.18148455751,-697.273326686934,-739.4282450664098,-774.2094755081596,-802.906814449897
1055,0.430078125,-173.06439036764718,-305.67317830100706,-415.0856824088851,-505.3597064948255,-579.8430405931654,-641.2978122069151,-692.0029765982086,-733.8388478943015,-768.3568345045854,-796.8369729458134
1056,0.4296875,-171.71892265521257,-303.299428931924,-411.8640930711406,-501.4387677768956,-575.3451499194275,-636.3239167893719,-686.6363510742339,-728.1481946593211,-762.3988361132351,-790.6583959844467
1057,0.429296875,-170.27170582570199,-300.7406212263387,-408.3875629837246,-497.20485690609013,-570.4862711120795,-630.9493614827686,-680.8363083778987,-721.9970837655536,-755.9580613640762,-783.97862206357
1058,0.42890625000000004,-168.79395289706787,-298.1332008765228,-404.84864852542745,-492.89757101963824,-565.5450843407431,-625.4851824562453,-674.9406307444559,-715.7453912815588,-749.4126317596217,-777.1908383983155
1059,0.42851562500000007,-167.21647438013036,-295.34434342293184,-401.05973890384746,-488.28335274937865,-560.2498523967325,-619.6280318181908,-668.619839181312,-709.0420517642266,-742.3936550305123,-769.9114323651139
1060,0.42812500000000003,-165.6087148839417,-292.5072726235673,-397.20895615086675,-483.5963612826538,-554.8729885320116,-613.6819945905798,-662.2042001756981,-702.2389597102657,-735.2708868088524,-762.5249082823794
1061,0.427734375,-163.90340707402987,-289.49266572713435,-393.1135093672763,-478.60895060863265,-549.1495685718677,-607.3512802224134,-655.3724062822114,-694.9937279935126,-727.6845312330192,-754.6570948464736
1062,0.42734375,-162.16812004598106,-286.43031898724547,-388.9567958530527,-473.5494804209695,-543.3453181627717,-600.9325529293455,-648.4466981012584,-687.649725966743,-719.9954068904992,-746.683219521871
1063,0.42695312500000004,-160.33761246261952,-283.1946110802587,-384.5611269896249,-468.1965678384754,-537.2025356160723,-594.1380367161385,-641.1144364325052,-679.873774129401,-711.853370559616,-738.2391307802535
1064,0.4265625,-158.47747356892083,-279.91171025430555,-380.10489195166144,-462.77242010098047,-530.9798481836552,-587.2565163171785,-633.689337730662,-672.0001857372433,-703.6097458378109,-729.690199006823
1065,0.426171875,-156.52458872275196,-276.4598905931217,-375.41577888126204,-457.0622595266083,-524.4271749293745,-580.0086750983816,-625.8679143184582,-663.7055039706565,-694.9245834346119,-720.6828553957271
1066,0.42578125,-154.5424661334234,-272.9614975986776,-370.66689337663666,-451.2817976912411,-517.7956451651394,-572.6749721146479,-617.9548737402837,-655.3144693690803,-686.1391690384279,-711.5720486254346
1067,0.425390625,-152.47021513582453,-269.2988885051552,-365.6915662237338,-445.2231936291587,-510.8431848043932,-564.9849813944244,-609.656348514366,-646.513847334574,-676.9242723164884,-702.0153386759182
1068,0.42500000000000004,-150.36916497227895,-265.59039729599425,-360.65735223615485,-439.0953301714257,-503.8130373623018,-557.2104030910913,-601.2675665489254,-637.6183039866133,-667.6106137683844,-692.3567041276623
1069,0.42460937500000007,-148.1807432301949,-261.72264652640894,-355.40348300020537,-432.6976250699335,-496.4715107034652,-549.0901209781982,-592.5047360007359,-628.3253124253324,-657.8801922913053,-682.2653644853777
1070,0.42421875000000003,-145.96400528923652,-257.80977551906005,-350.09170314791635,-426.2318089530934,-489.05358581191234,-540.8866554472565,-583.6531478017147,-618.938976878388,-648.0526508471784,-672.0737953491156
1071,0.423828125,-143.66278719965553,-253.7428469105592,-344.56739300827184,-419.5048677530615,-481.3343131455432,-532.3486030550874,-574.4395238385096,-609.1679451908641,-637.8217085175403,-661.4633864374058
1072,0.4234375,-141.33377950400498,-249.63162939322999,-338.98623753659336,-412.7110686034178,-473.5400484594822,-523.7288991518116,-565.1387775811819,-599.3052901315494,-627.4954371482837,-650.7545969712344
1073,0.42304687500000004,-138.92331344745517,-245.37179400361714,-333.2000048120748,-405.6652640734953,-465.45493272807056,-514.786241981408,-555.4885674348405,-589.0712850701765,-616.7797498965512,-639.6414798520191
1074,0.42265625,-136.48562709736143,-241.06856904162774,-327.3580792446422,-398.5539571471304,-457.29634608099553,-505.7635902490711,-545.7530037331671,-578.7475174975257,-605.9706704349688,-628.4319816823207
1075,0.422265625,-133.96962982036948,-236.62239523020486,-321.3188459234143,-391.20015348338654,-448.857854060761,-496.4301173759575,-535.6810875010162,-568.0663193492908,-594.7867612816964,-616.8332921937882
1076,0.421875,-131.42702352573642,-232.1337980099315,-315.2251579519608,-383.7823037063106,-440.34752515374703,-487.0184297949812,-525.5257175561529,-557.2973574025349,-583.5115401604751,-605.1403691539359
1077,0.421484375,-128.8093744821558,-227.50814143269798,-308.9422360995695,-376.13183998000954,-431.5686684595151,-477.3085328581775,-515.0476255264955,-546.1854359418145,-571.8766540362752,-593.0739917956246
1078,0.45859375,-90.82094368240601,-160.41256820602675,-217.83123364950964,-265.20627143631435,-304.29452433844494,-336.5455166260441,-363.15521746577065,-385.1103956674563,-403.2252143428906,-418.17142355609764
1079,0.42109375000000004,-126.16576863580136,-222.8410928066162,-302.6061813935101,-368.41888467582623,-422.7197190461644,-467.522320933028,-504.4881074824948,-534.987883827568,-560.1526760363815,-580.9156727016427
1080,0.0,-87.60671626390865,-154.73461748922162,-210.12039213892947,-255.81809939985345,-293.52240958317816,-324.63153383393893,-350.2990996196503,-371.4769391651993,-388.9503896695778,-403.3674173622782
1081,0.0,-84.38422643269894,-149.04368127057788,-202.39290367620887,-246.410320342603,-282.72826355735583,-312.6935259288452,-337.4173145592157,-357.81646263757193,-374.6474306906808,-388.5343594534633
1082,0.0,-123.45050415718129,-218.04308610462743,-296.08925914188166,-360.483557768986,-413.61403454693726,-457.45097247075046,-493.6199967535322,-523.4623735179644,-548.0847538139266,-568.4002137006396
1083,0.0,-120.70997509931551,-213.20478244720258,-289.5206075684317,-352.48738987910326,-404.44010917773846,-447.3053259308973,-482.6726127117876,-511.8534971324684,-535.9300965375107,-555.7952458751234
1084,0.320703125,-170.27090400166625,-300.73934703266883,-408.3859259445523,-497.20291932917166,-570.4840764882582,-630.9469444008696,-680.8336981016461,-721.9943058877129,-755.9551385645872,-783.9755745302713
1085,0.3203125,-171.72079045849998,-303.3024733416477,-411.8680083943095,-501.44334855587226,-575.3502458664748,-636.3294138700431,-686.6421612830743,-728.1542496721992,-762.4050827428949,-790.6647927990136
1086,0.319921875,-173.06367362898646,-305.67204183334695,-415.08422230057937,-505.3579763943651,-579.841077737957,-641.2956463805145,-692.0006332624349,-733.8363495923044,-768.3542014563923,-796.8342233528045
1087,0.31953125000000004,-174.38081839462927,-308.00077255160215,-418.24805117052586,-509.2109675488097,-584.2627281873434,-646.1865013750523,-697.2786246515371,-739.433761279671,-774.2151612359412,-802.9126319416682
1088,0.31914062500000007,-175.58959153438693,-310.13341236882854,-421.14248870808655,-512.733807908972,-588.304005886603,-650.6555167668778,-702.1005534158284,-744.5468706481173,-779.568517674148,-808.4642113713736
1089,0.31875000000000003,-176.7719636806221,-312.2241567685809,-423.9831855864139,-516.1934199070594,-592.2743194524485,-655.0472158127805,-706.8399345647565,-749.5731192339796,-784.8314556496301,-813.9224375607017
1090,0.318359375,-177.8447629536588,-314.1165795600019,-426.55138380074067,-519.3190409253041,-595.8598117692886,-659.0121233808837,-711.1178852843744,-754.1093542792653,-789.5807956295608,-818.8476060645576
1091,0.31796875,-178.89053940337877,-315.9661139416964,-429.06456861617954,-522.3799393588628,-599.3726665550199,-662.8978948082878,-715.3113483949463,-758.5566896107806,-794.2375966673382,-823.6772335808871
1092,0.31757812500000004,-179.82571072605518,-317.6154019074616,-431.3025677970753,-525.1035219053056,-602.4968453531826,-666.3525814605675,-719.0387253543955,-762.5090564190535,-798.3755977312007,-827.9683976263941
1093,0.3171875,-180.73327899578777,-319.22087445398347,-433.484365416742,-527.7609870793628,-605.5468247458192,-669.726433610009,-722.6798042940319,-766.3706208793226,-802.4190812056446,-832.1619793346018
1094,0.316796875,-181.52938037777525,-320.62448448774614,-435.3887147251024,-530.0783316098587,-608.204872826451,-672.665572565875,-725.8508602800456,-769.7330253520591,-805.9393630490435,-835.8125224755465
1095,0.31640625,-182.29734101374135,-321.98341957643834,-437.235760815866,-532.328265683236,-610.7872736933157,-675.5223028569443,-728.9339403703804,-773.0028642432737,-809.3632937167398,-839.3635916587092
1096,0.316015625,-182.95314483688583,-323.1391872809301,-438.8035237308687,-534.2357988670854,-612.9750923962557,-677.9413620515311,-731.5437857382959,-775.7701217096786,-812.2604282512942,-842.367884968953
1097,0.31562500000000004,-183.58031359376025,-324.24948933606987,-440.3129699936864,-536.0747322269046,-615.0859323999704,-680.276565073536,-734.0641124854847,-778.4431925108306,-815.0595259435385,-845.2709653792269
1098,0.31523437500000007,-184.09480872677884,-325.15563273832106,-441.54172934738324,-537.5695130688997,-616.8001486221737,-682.1718149149394,-736.1087235253207,-780.6110365955424,-817.329046577755,-847.6243770737655
1099,0.31484375000000003,-184.5802186061593,-326.01558982433784,-442.71124839462254,-538.99461026712,-618.436173030629,-683.981889956922,-738.0624107435225,-782.683217574928,-819.4989952158999,-849.8749922794703
1100,0.314453125,-184.9526117028368,-326.67071167848036,-443.59910950198775,-540.0743339202727,-619.6741436025354,-685.3504081680852,-739.5386349064461,-784.2483057423012,-821.1374026621916,-851.5738937387466
1101,0.3140625,-185.29551423764937,-327.27899778738276,-444.42689797348504,-541.083397474359,-620.8328296550493,-686.6325640521143,-740.9226699370666,-785.7164014957089,-822.6748560594937,-853.168573144251
1102,0.31367187500000004,-185.5252311255766,-327.68208801145084,-444.972491933108,-541.7463992528441,-621.592645940901,-687.4722407555964,-741.828231319713,-786.6763208636524,-823.6796244197611,-854.2103452238105
1103,0.31328125,-185.72509756498235,-328.0377651599732,-445.4572733473001,-542.3378731192822,-622.272206835327,-688.2245002475772,-742.6404797917403,-787.5380673630044,-824.5822115678083,-855.1466295520562
1104,0.312890625,-185.81178409246849,-328.1882023278846,-445.6597590642283,-542.5831309589443,-622.5526975546958,-688.5340410849375,-742.9739825014068,-787.8913382710406,-824.9517920689331,-855.5296664562492
1105,0.3125,-185.86830628568634,-328.29072212081604,-445.8007859437247,-542.756103123172,-622.7520854206899,-688.7552441842903,-743.2131918822068,-788.1454066306849,-825.2181210817865,-855.806111839681
1106,0.312109375,-185.81182875836728,-328.18827423392696,-445.6598511760069,-542.5832388547426,-622.5528181088616,-688.5341719311283,-742.9741217797372,-787.8914844885802,-824.9519440117799,-855.529823130287
1107,0.31171875000000004,-185.72491950983257,-328.0374785051742,-445.4569059256819,-542.3374424055714,-622.2717252446851,-688.2239772418795,-742.6399228572434,-787.5374825394131,-824.5816037762104,-855.1460028241464
1108,0.31132812500000007,-185.52536503310378,-327.68230358239833,-444.97276807770317,-541.7467227150045,-621.5930073503597,-687.4726330185299,-741.828648860668,-786.6767592072247,-823.6800799270334,-854.2108149147152
1109,0.31093750000000003,-185.29515832820664,-327.27842479446053,-444.4261635289218,-541.0825365084327,-620.8318669852565,-686.6315185928388,-740.9215566536149,-785.7152324617305,-822.6736411125335,-853.1673203439206
1110,0.310546875,-184.95283458008015,-326.6710704700718,-443.5995691030412,-540.0748722674649,-619.6747451010029,-685.3510610121318,-739.5393298176131,-784.2490352728638,-821.1381607565612,-851.5746754377523
1111,0.31015625,-184.57968540654448,-326.01473140319393,-442.7101480950742,-538.9933204194896,-618.4347308149598,-683.980323709705,-738.0607428850715,-782.6814661933855,-819.4971750494585,-849.873115402705
1112,0.30976562500000004,-184.0951202965121,-325.1561343099271,-441.5423718462324,-537.570265651215,-616.8009894866037,-682.1727275573743,-736.1096949748652,-780.6120564405361,-817.330106352793,-847.6254698461755
1113,0.309375,-183.579604054838,-324.24834702987783,-440.3115058301212,-536.0730158419955,-615.0840132674834,-680.2744808989245,-734.06189310178,-778.44086198636,-815.0571038891906,-845.2684678616145
1114,0.308984375,-182.95354470080508,-323.13983099842,-438.8043483223866,-534.2367647470845,-612.976171583207,-677.9425333625817,-731.5450325255485,-775.7714306098281,-812.2617883991626,-842.3692874665779
1115,0.30859375,-182.29645618140023,-321.98199506493717,-437.2339349366045,-532.3261252754603,-610.7848804519676,-675.5197038014259,-728.9311727031065,-772.999957977788,-809.3602733082329,-839.3604771425856
1116,0.308203125,-181.52986789066173,-320.62526930899816,-435.3897200699886,-530.0795092147674,-608.2061885751045,-672.6670006315279,-725.8523803655129,-769.7346211647051,-805.9410213421785,-835.814232400893
1117,0.30781250000000004,-180.73222028364717,-319.21917001874397,-433.48218075213265,-527.7584260888336,-605.5439612458506,-669.7233238577561,-722.6764928009761,-766.3671435554562,-802.4154673107686,-832.1582528403885
1118,0.30742187500000007,-179.82628515099663,-317.61632664713227,-431.3037523773367,-525.1049094571341,-602.4983956768867,-666.3542641246321,-719.0405164433408,-762.510936735826,-798.3775516679545,-827.9704124012095
1119,0.30703125000000003,-178.88930840433989,-315.9641321449179,-429.062028447678,-522.3769616303119,-599.3693370938413,-662.8942790253132,-715.3074980443827,-758.5526464455402,-794.2333947083051,-823.6729007003507
1120,0.306640625,-177.84542331876037,-314.1176426449684,-426.55274559122745,-519.3206360433368,-595.8615940012689,-659.0140577440536,-711.1199442875892,-754.1115158554674,-789.5830418378895,-818.8499222125255
1121,0.30625,-176.77056216302842,-312.2219004467184,-423.9802935381404,-516.1900296796248,-592.270528762935,-655.0430991339362,-706.8355508213031,-749.568515963601,-784.8266715870386,-813.9175044401063
1122,0.30585937500000004,-175.59033675611366,-310.13461204791656,-421.14402545716234,-512.735607948306,-588.3060170655409,-650.6576996104588,-702.1028769041669,-744.5493098820268,-779.571052410692,-808.4668250328799
1123,0.30546875,-174.37924860988062,-307.99824533952915,-418.24481191213306,-509.2071703051757,-584.2584824065252,-646.1818904701815,-697.273714621547,-739.4286053692203,-774.2098028301873,-802.9071065847722
1124,0.305078125,-173.0645026903666,-305.67337648118934,-415.08593193797725,-505.35997893892414,-579.8433151713872,-641.2980747876609,-692.00321813556,-733.8390632329014,-768.3570213461622,-796.8371310506506
1125,0.3046875,-171.7190548582896,-303.2996791913521,-411.8644269959928,-501.4391502434024,-575.3455516470524,-636.3243159660286,-686.636732663816,-728.1485492055745,-762.3991583962911,-790.6586838706596
1126,0.304296875,-170.27181556159587,-300.7408144837413,-408.3878056878371,-497.2051211121654,-570.4865365198713,-630.949614398554,-680.8365401275855,-721.9972894907435,-755.9582389891306,-783.9787715030676
1127,0.30390625000000004,-168.79408257683258,-298.13344658261366,-404.84897652137494,-492.89794678376563,-565.5454790818192,-625.4855747406691,-674.94100581603,-715.7457398809435,-749.4129487951136,-777.1911218079249
1128,0.30351562500000007,-167.21658159940185,-295.3445318934716,-401.0599749796126,-488.2836089667583,-560.2501089265062,-619.6282753942692,-668.6200614915416,-709.042248238224,-742.3938238075594,-769.9115735076365
1129,0.30312500000000003,-165.60884212216237,-292.5075139148668,-397.2092784013099,-483.5967305638219,-554.8733765344773,-613.6823802519546,-662.2045690126813,-702.239302653918,-735.2711988898318,-762.5251875053518
1130,0.302734375,-163.9035118335375,-289.4928495235187,-393.1137389793582,-478.60919904696306,-549.1498164695572,-607.3515147316064,-655.3726194435841,-694.9939155164628,-727.6846914646636,-754.6572279912225
1131,0.30234375,-162.16824486502156,-286.43055590130984,-388.9571124057422,-473.549843274221,-543.3456994862319,-600.9329320286607,-648.4470607624539,-687.6500633076907,-719.9957140608666,-746.6834945901053
1132,0.30195312500000004,-160.3377147980771,-283.1947902785409,-384.56135025276507,-468.1968086461609,-537.2027750567778,-594.1382623522261,-641.1146406497116,-679.8739529097877,-711.8535224520051,-738.2392561260376
1133,0.3015625,-158.47759603365986,-279.9119429007656,-380.10520295060354,-462.7727766969847,-530.9802230190323,-587.2568890591115,-633.689694428558,-672.000517690172,-703.6100483094755,-729.6904701252934
1134,0.301171875,-156.52468873912247,-276.46006538633884,-375.4159960663361,-457.0624930398028,-524.4274063020528,-580.0088922899139,-625.8681100481567,-663.7056744828881,-694.9247274711507,-720.6829734277306
1135,0.30078125,-154.54258630287654,-272.96172607645036,-370.6671989508855,-451.2821481813411,-517.7960136810167,-572.6753386782692,-617.9552246592459,-655.3147961183115,-686.1394669909703,-711.5723159648272
1136,0.300390625,-152.4703129354189,-269.29905908156195,-365.6917775945547,-445.2234201742081,-510.8434084863574,-564.9851905564195,-609.6565361980759,-646.514010036516,-676.924408962823,-702.0154498602226
1137,0.30000000000000004,-150.36928299191783,-265.5906218529293,-360.65765271513146,-439.0956749491212,-503.8134000037887,-557.2107639603867,-601.267912201346,-637.6186260635114,-667.6109077440774,-692.3569682339075
1138,0.29960937500000007,-148.1808389077978,-261.72281306329677,-355.4036888065644,-432.6978449568809,-496.4717270527875,-549.0903225051287,-592.5049160578745,-628.325467751796,-657.8803219895524,-682.2654692644503
1139,0.29921875000000003,-145.96412116155437,-257.8099961631875,-350.091998540976,-426.2321480268688,-489.0539425831164,-540.8870106215913,-583.6534881783183,-618.9392942628212,-648.0529408128456,-672.0740561740228
1140,0.298828125,-143.66288077030498,-253.74300945008812,-344.56759331915197,-419.50508107443676,-481.33452227164196,-532.3487970683526,-574.4396963952726,-609.1680932674791,-637.8218313880994,-661.4634849226957
1141,0.2984375,-141.33389319294147,-249.6318460644386,-338.9865277611838,-412.71140187084285,-473.5403992393501,-523.7292484929454,-565.1391125263111,-599.3056026502738,-627.4957229126613,-650.754854305306
1142,0.29804687500000004,-138.92340485140366,-245.3719524575983,-333.20019952042327,-405.6654707082454,-465.4551344972076,-514.7864283340188,-555.4887323294895,-589.0714257188342,-616.7798657434369,-639.6415718286901
1143,0.29765625,-136.4857385680581,-241.06878168029203,-327.3583642183808,-398.5542845053564,-457.2966907485889,-505.76393361844936,-545.7533330912711,-578.7478249778044,-605.9709518077435,-628.4322353174816
1144,0.297265625,-133.9697190554204,-236.622549607339,-321.3190350514948,-391.2003534660331,-448.85804851655377,-496.4302961156578,-535.6812447809846,-568.066452612801,-594.7868701393975,-616.8333776852373
1145,0.296875,-131.42713275758098,-232.13400658065774,-315.2254376246104,-383.78262509059454,-440.3478636302831,-487.0187670992784,-525.5260412188427,-557.297659720002,-583.5118170003324,-605.1406189312863
1146,0.296484375,-128.8094616554984,-227.5082919274926,-308.9424199181749,-376.13203364446684,-431.56885598606016,-477.30870440654815,-515.0477756398395,-546.1855622851323,-571.8767563786129,-593.0740712782205
1147,0.29609375,-126.16587587860455,-222.84129773477068,-302.6064563328568,-368.41920076827256,-422.720052104972,-467.5226530170283,-504.4884263496359,-534.9881819232008,-560.152949313704,-580.9159196114908
1148,0.295703125,-123.45058940873915,-218.04323296688972,-296.08943799596966,-360.48374553886964,-413.6142156306775,-457.45113736225113,-493.6201402700136,-523.4624935351355,-548.0848502500643,-568.4002877913946
1149,0.29531250000000003,-120.7100802935541,-213.2049836311679,-289.5208776359778,-352.4877005085007,-404.4404366183031,-447.3056525672032,-482.67292653086906,-511.8537907297645,-535.9303659525829,-555.79548959536
1150,0.294921875,-117.90136528838678,-208.24196712739126,-282.7799076067766,-344.2796176207865,-395.02181214150505,-436.888213841776,-471.4313784559575,-499.93228360642064,-523.4478370626562,-542.850072320767
1151,0.29453125,-115.06815858019907,-203.23992300082875,-275.9888788605178,-336.01268990772235,-385.5372034435,-426.39893937362285,-460.11318019187956,-487.9301582326036,-510.8814169464794,-529.8180633454698
1152,0.29414062500000004,-112.17034588086928,-198.11960739473204,-269.03435127450126,-327.5446357133238,-375.8203139219019,-415.6516406738575,-448.5157039726676,-475.63121470713423,-498.00370564897304,-516.4628218019288
1153,0.29375,-109.24881016152958,-192.9614812234005,-262.0313253377005,-319.01957220095966,-366.03949995285126,-404.83475002452116,-436.8439727739598,-463.2541728830073,-485.0447259001008,-503.0236961085031
1154,0.293359375,-106.26636796903004,-187.69176165645422,-254.87396357359634,-310.3046038523341,-356.039328183771,-393.7741629976418,-424.9084510029508,-450.5967571906763,-471.7916888761741,-489.27922331869706
1155,0.29296875,-103.2610079911884,-182.38550681156715,-247.66973847117788,-301.53454938517365,-345.9773900113375,-382.6463347387367,-412.9011834960156,-437.86388303807655,-458.4601308854993,-475.45370261657075
1156,0.292578125,-100.19853501346998,-176.9745088182734,-240.32057869322284,-292.58610479405667,-335.7093556329946,-371.28951414382374,-400.64602005453963,-424.8675122019028,-444.8522035931494,-461.3411918230741
1157,0.2921875,-97.1139848166928,-171.5283071349848,-232.92626276520318,-283.5845820722552,-325.38180790921086,-359.86790641286854,-388.3217303704803,-411.7984386500523,-431.1686233862252,-447.15059376592484
1158,0.291796875,-93.97620313653675,-165.98437404538018,-225.39663681502694,-274.41645907954404,-314.86174349943497,-348.23236368560447,-375.765821902641,-398.4831522296701,-417.2267883858102,-432.6918055823537
1159,0.29140625000000003,-90.81721883623909,-160.40662309622414,-217.82363143999675,-265.19734762866193,-304.28451033345726,-336.53458750353076,-363.14351288650215,-385.0980304849246,-403.2122846573696,-418.15801061843285
1160,0.291015625,-87.60896674053154,-154.73830335877824,-210.12514961539057,-255.8236830332837,-293.52863734420333,-324.63826413730465,-350.3062200732368,-371.48436011189676,-388.9580397120543,-403.37523994575173
1161,0.290625,-84.38041930197315,-149.0376036884881,-202.38513187629468,-246.40119810037598,-282.71802808799674,-312.68235662764647,-337.405354385414,-357.8038290115984,-374.6342217377655,-388.52065803957316
1162,0.29023437500000004,-81.10664369508581,-143.25363747373402,-194.52966474019246,-236.83644551227513,-271.74293143452036,-300.5435960700922,-324.3064716196966,-343.9127662321527,-360.08954614464506,-373.43669915033854
1163,0.28984375,-77.81351133177672,-137.43877918294373,-186.63456921147377,-227.2251158961833,-260.7156152488985,-288.3479923321402,-311.1469413876003,-329.957920063727,-345.47850008852794,-358.28423484316494
1164,0.289453125,-74.47926012981999,-131.548084944553,-178.63422933943068,-217.48402351201452,-249.5382178084294,-275.9855117801113,-297.80666633877706,-315.81088406277865,-330.6658208843902,-342.9223463347479
1165,0.2890625,-71.12662056135511,-125.62803402340316,-170.59622953360198,-207.69866897824193,-238.3111977517551,-263.5690162334685,-284.4087622374359,-301.60323977656924,-315.7900754707597,-327.4953631453404
1166,0.288671875,-67.7370349497269,-119.63969481646463,-162.4633529306748,-197.7962569536621,-226.94873439834274,-251.0018779139608,-270.8476648597062,-287.2220445110352,-300.7322330180247,-311.8792322489481
1167,0.28828125,-64.33005771410218,-113.62357956147693,-154.29484285216026,-187.8519657758857,-215.53932165740463,-238.38363579766533,-257.2320453567351,-272.7835091051615,-285.6147253813511,-296.2015172566752
1168,0.287890625,-60.890364159478224,-107.54682893355303,-146.04196979264339,-177.80350289728995,-204.0093124946604,-225.6312173631241,-243.47103594338915,-258.19032942668,-270.3349378971902,-280.3552230516827
1169,0.28750000000000003,-57.43430252546334,-101.44392567352227,-137.7555445598961,-167.71560826885138,-192.4350993222566,-212.83068480711125,-229.65869500576932,-243.54316570285596,-254.99897772830752,-264.450949714753
1170,0.287109375,-53.94980483506691,-95.28813362855904,-129.39540052136638,-157.53658873682167,-180.75532304186453,-199.91264986780078,-215.71899238949695,-228.76050363370567,-239.5208059725382,-248.39892650610605
1171,0.28671875,-50.44998783377791,-89.1078526457774,-121.00383724765787,-147.32064549281543,-169.03415604751137,-186.9495643522587,-201.73122760662832,-213.92729639243282,-223.99004012297058,-232.29261795307664
1172,0.28632812500000004,-46.9260588232679,-82.88251093362591,-112.54931293679813,-137.02676460501107,-157.22262202906404,-173.88583162006546,-187.63432586466286,-198.97794581889582,-208.33735043185678,-216.05961693613585
1173,0.2859375,-43.387882901061104,-76.63438173208017,-104.06555073119837,-126.69852487799076,-145.37257424991387,-160.7801810889722,-173.49270512215037,-183.9815665205735,-192.63572591462133,-199.77610759713605
1174,0.285546875,-39.829956226705434,-70.34908941191082,-95.52968247444016,-116.30565515138744,-133.44749516110414,-147.5908940714157,-159.26034087225565,-168.88857851018935,-176.83265388533943,-183.38715919479458
1175,0.28515625,-36.25887698004648,-64.04274611857947,-86.96680261822206,-105.88104423692297,-121.48683837066362,-134.36288630646516,-144.98666930425924,-153.75215022932846,-160.98438118038638,-166.95155674644576
1176,0.284765625,-32.67243871135466,-57.70719467408952,-78.36275214818546,-95.40521079737263,-109.46660192898766,-121.06838207511157,-130.6407880034542,-138.53879729194176,-145.055294250855,-150.43193180184517
1177,0.32109375,-168.7959814006078,-298.1365035034673,-404.8528947237675,-492.9025399148739,-565.5506147547865,-625.4911520602673,-674.9469449501336,-715.7519764251672,-749.4194302704112,-777.1978052197798
1178,0.284375,-29.073962479355433,-51.35236119180302,-69.73395793518037,-84.90030261143312,-97.41377847829591,-107.73841355327981,-116.25707438856357,-123.28565908195759,-129.08480999406893,-133.86957847360898
1179,0.283984375,-25.464542647001966,-44.97631959964991,-61.07499211231788,-74.35765850349314,-85.31691912066003,-94.35919140980593,-101.81979652097183,-107.97539931280798,-113.05426989891222,-117.24474931405769
1180,0.0,-167.21558912070262,-295.3429341992732,-401.0579284298049,-488.28121182725374,-560.2474306477461,-619.625368538631,-668.6169673572018,-709.0389999725691,-742.3904483573494,-769.9080929404474
1181,0.0,-165.61090147515833,-292.5108292878209,-397.2135278942146,-483.6017120681037,-554.8789464681192,-613.6884291861763,-662.2110103622164,-702.2460665660112,-735.2782284454387,-762.5324360722719
1182,0.28359375000000003,-21.844218019055436,-38.58279461011487,-52.39358848576365,-63.78865079198385,-73.19051349501328,-80.94781584623063,-87.3482193384152,-92.62907021051655,-96.98619919376335,-100.58118280313674
1183,0.0,-18.217382091922705,-32.17609428361212,-43.69305885090229,-53.19545208310404,-61.03568381158122,-67.50450572791162,-72.84180632210003,-77.24551113547916,-80.87892410857097,-83.87678398092679
1184,0.0,-14.580791343388237,-25.753736123541763,-34.972431868013565,-42.578641421692076,-48.85439394667502,-54.03240235273534,-58.304679520940844,-61.82965386129156,-64.73804251922157,-67.1376980368897
1185,0.283203125,-18.217382091922705,-32.17609428361212,-43.69305885090229,-53.19545208310404,-61.03568381158122,-67.50450572791162,-72.84180632210003,-77.24551113547916,-80.87892410857097,-83.87678398092679
1186,0.2828125,-14.580791343388237,-25.753736123541763,-34.972431868013565,-42.578641421692076,-48.85439394667502,-54.03240235273534,-58.304679520940844,-61.82965386129156,-64.73804251922157,-67.1376980368897
1187,0.28242187500000004,-10.94213165985501,-19.326255775265434,-26.24375408474251,-31.951222172285362,-36.66033596084822,-40.545733067778976,-43.7514994311593,-46.3965160874673,-48.57886900103261,-50.37948685881455
1188,0.28203125,-7.294882150194388,-12.88496724514459,-17.497350289335927,-21.302978854008167,-24.442944429993457,-27.033674760306308,-29.171238045472954,-30.934900582237727,-32.39006437442613,-33.590691690898566
1189,0.281640625,-3.6500092521184593,-6.446617581290056,-8.753983359534422,-10.657725812389074,-12.228460563499507,-13.524441875562482,-14.593730963363598,-15.475981051815795,-16.203908887267534,-16.80450831786171
1190,0.28125,0.002275234493680255,0.003669346592732403,0.00471098181163237,0.0055314306730015255,0.0061944253875470725,0.006736911826384151,0.007183499314401035,0.007552226611704099,0.00785707625373509,0.008109258384281302
1191,0.280859375,3.647741210818998,6.442960836184279,8.749285374674997,10.652203979252127,12.222270211749548,13.517702989881432,14.586539930401715,15.468416763164845,16.196036407030775,16.796381475316764
1192,0.28046875,7.2994291224572345,12.892300307437022,17.506765034418702,21.31403325259818,24.455323817874493,27.047138307019328,29.185594100366792,30.949993543726276,32.40576658403528,33.60689789295158
1193,0.280078125,10.93986712566524,19.32260467981403,26.239063344040495,31.94570883307023,36.65415510767875,40.53900449850687,43.74431938463427,46.38896333604586,48.57100851164984,50.37137238107128
1194,0.27968750000000003,14.58532782678956,25.761052294897745,34.98182495931372,42.589670433851275,48.86674494769011,54.0458350704315,58.31900274643363,61.84471234939784,64.75370890199137,67.15386729669837
1195,0.279296875,18.215124561367325,32.17245446996575,43.688382575592435,53.189955704479075,61.02952192482783,67.49779775788795,72.83464821259662,77.23798142082383,80.87108756172422,83.86869419243361
1196,0.27890625,21.84873701838826,38.59008262374974,52.40294547746463,63.79963748005561,73.20281716833665,80.96119716361447,87.3624878277098,92.64407122093169,97.00180584188209,100.59729046835875
1197,0.27851562500000004,25.462295601665403,44.97269667548313,61.07033749180137,74.35218751441403,85.31078562566805,94.35251427545838,101.81267124943396,107.96790408214508,113.04646919176166,117.23669648290537
1198,0.278125,29.078457063127086,51.359609887009135,69.74326452120238,84.91123020467009,97.42601607213871,107.75172310616811,116.27126645676222,123.30057984436331,129.1003332435915,133.88560014382145
1199,0.277734375,32.67020563541644,57.703594253027006,78.35812638141915,95.3997736395935,109.46050626667201,121.06174603073846,130.63370649059001,138.53134801380105,145.04754130310496,150.42392821966027
1200,0.27734375,36.26334023236553,64.04994435768963,86.97604451977641,105.89189599470923,121.49899116547682,134.37610376457133,145.00076330172195,153.76696800980514,160.99979740473722,166.96746805943144
1201,0.276953125,39.82774057467213,70.34551705906068,95.5250926974134,116.30026019222784,133.44144668871107,147.58430928014937,159.2533139415123,168.88118655087902,176.82496051043938,183.37921704367608
1202,0.2765625,43.39230795796104,76.6415184614836,104.07471377776118,126.7092841870988,145.3846236690228,160.79328627756345,173.50667956525362,183.9962587598802,192.65101166909622,199.79188437853483
1203,0.276171875,46.92386400660482,82.8789721432811,112.54476619311663,137.02142010217588,157.21662998029208,173.87930811014155,187.6273641953403,198.9706223930264,208.32972828540107,216.0517482353131
1204,0.27578125000000003,50.454367876210505,89.11491688291767,121.0129073584236,147.33129584407803,169.046083629752,186.96253722141384,201.74506114421004,213.94184067011193,224.00517210689603,232.30823617692656
1205,0.275390625,53.94763425774046,95.28463388529966,129.39090384476305,157.53130293859076,180.7493966416025,199.9061976592347,215.7121066532014,228.75325994863326,239.51326670322214,248.3911432681876
1206,0.275,57.43863085040786,101.45090662717266,137.7645079042046,167.7261334503942,192.44688694209495,212.84350567388142,229.67236667935055,243.55754001224432,255.01393307213877,264.4663858004512
1207,0.27460937500000004,60.88822117211852,107.54337363461283,146.03753010333716,177.79828391761714,204.00346081669343,225.62484631119074,243.46423663588757,258.18317650487916,270.32749296146346,280.3475370910467
1208,0.27421875,64.33432762562663,113.63046644506005,154.30368559803412,187.86234956831683,215.5509511763154,238.3962849615572,257.24553418666113,272.7976914155951,285.62948118941205,296.21674759593685
1209,0.273828125,67.73492286579199,119.63628929982649,162.45897707363093,197.7911128189103,226.94296641911228,250.9955977687552,270.8409623652723,287.2149932583822,300.724893751618,311.87165525593207
1210,0.2734375,71.13082552307499,125.63481631398834,170.60493819434663,207.70889557304207,238.32265149548414,263.5814745019597,284.4220477879017,301.61720863071787,315.8046094449431,327.51036474736674
1211,0.273046875,74.47718222329763,131.5447344855238,178.62992408026813,217.4789621564018,249.5325424021457,275.9793321814,297.8000709248387,315.80394526303814,330.65859849666856,342.914889869894
1212,0.27265625,77.81764488309193,137.44544647758687,186.64313045205958,227.23516966098094,260.72687573903096,288.3602407247004,311.16000344821504,329.9716542409109,345.4927901768421,358.2989849712875
1213,0.272265625,81.10460315241534,143.25034720363954,194.52543665683078,236.831474647584,271.7373572250604,300.53752638480705,324.2999932627091,343.9059503635278,360.0824515277294,373.4293744476488
1214,0.27187500000000003,84.38447500580143,149.04414561427959,202.3935323918262,246.41106343139512,282.72907787307645,312.6943761894489,337.41817277075285,357.81730731587055,374.6482459131685,388.535133982675
1215,0.271484375,87.6069666378824,154.73507822653517,210.12100504671685,255.81881008686105,293.52317263422185,324.63231338122534,350.29986837411917,371.4776772572025,388.9510833465422,403.36805781462306
1216,0.27109375,90.82119042045423,160.41302955029167,217.8318582765182,265.207009337532,304.2953324296977,336.54635979012903,363.15606795656834,385.1112322945805,403.22602149077386,418.1721902828702
1217,0.27070312500000004,93.97424653722851,165.98121898389036,225.39258208444676,274.4116914647541,314.8563965792067,348.22654086354913,375.7596064525009,398.476612462792,417.21998074400756,432.68477682431694
1218,0.2703125,97.11786613833236,171.5345682222892,232.9343032349386,283.59402528233335,325.3923856810046,359.879413357503,388.33400288697635,411.81134376466866,431.1820518857961,447.16445550832066
1219,0.269921875,100.19662493396373,176.97142868673603,240.3166200315011,292.5814498170658,335.70413467392814,371.28382813215745,400.6399503080475,424.86112545357406,444.8455549985218,461.3343270859685
1220,0.26953125,103.26479308827979,182.39161293241946,247.67758026911855,301.5437596719048,345.9877073310776,382.657558828149,412.9131548112676,437.8764718781919,458.47323070515426,475.46722545953503
1221,0.269140625,106.26450738143981,187.68876124513403,254.87010712578547,310.30006872099955,356.03424124896753,393.7686225563055,424.9025362916155,450.590533262838,471.7852095186509,489.2725331128013
1222,0.26875,109.25249325016038,192.96742306777844,262.03895653332665,319.0285355814753,366.04954118888406,404.8456742857002,436.85562481683,463.2664264755182,485.05747732465255,503.0368597257401
1223,0.268359375,112.16853764494054,198.11669130946893,269.0306029456324,327.54022735121634,375.8153687544415,415.6462542137279,448.5099532552819,475.6251630097427,497.9974053108228,516.4563162171365
1224,0.26796875000000003,115.07173393403596,203.24569134164653,275.9962876194562,336.02139250355873,385.54695307465545,426.40954694888177,460.1244950107579,487.94205772768436,510.89380038744986,529.8308475405862
1225,0.267578125,117.89961214123943,208.239139773391,282.7762730408956,344.27534264228785,395.0170161364668,436.8829893940774,471.42580028597206,499.9264131231667,523.4417250828641,542.8437609898748
1226,0.2671875,120.71354236656578,213.21056953535043,289.5280525035376,352.4961288881992,404.4498796249302,447.31592714470645,482.68388675651596,511.8653178900278,535.942362458743,555.8078748297008
1227,0.26679687500000004,123.44889401057513,218.04049862609506,296.08592267984307,360.47961037423,413.60957597754964,457.4460827349619,493.61474296319216,523.4568130000582,548.0789357080253,568.3941800793243
1228,0.26640625,126.16921933327407,222.84669260596021,302.61338628811126,368.42734201050337,422.7291740391471,467.53257890653356,504.49901527515505,534.9993192068525,560.1645406565515,580.9278870912472
1229,0.266015625,128.80782666259492,227.5056548829552,308.93902934811956,376.12804474189466,431.5643798997584,477.3038274392049,515.0425675485122,546.1800804727943,571.871048397305,593.0681765957861
1230,0.265625,131.4303524831157,232.13920219243306,315.23211212553645,383.7904668393914,440.3566506791739,487.0283293024856,525.5362428757263,557.3083903617053,583.5229857590331,605.1521506959007
1231,0.265234375,133.96814696682267,236.6200138830749,321.31577438531036,391.19651687192635,448.8537427582882,496.42560415207925,535.67623372699,568.0611777387675,594.7813772594149,616.827704841684
1232,0.26484375,136.48882956766704,241.07376998288686,327.3647729420244,398.5618146564119,457.305129375835,505.77311743446387,545.7631318250649,578.7581325402222,605.9816809012179,628.4433137561117
1233,0.264453125,138.92189803929122,245.36952187065555,333.19707364769954,405.66179215330044,465.45100547312927,514.7819283317951,555.4839257222898,589.0663655649578,616.7745960542342,639.6361291678866
1234,0.26406250000000003,141.3368506478818,249.63661929293428,338.9926607475876,412.7186087448485,473.54847638197737,523.7380397344573,565.1484932281728,599.3154712679719,627.5059958533215,650.7654624183252
1235,0.263671875,143.6614415725804,253.7406877688381,344.564607073848,419.5015662292322,481.3305763247705,532.3444959193877,574.4351015765764,609.16325554599,637.816792907772,661.4582807154998
1236,0.26328125,145.96694056852908,257.8145470714968,350.09784650663045,426.23902074425536,489.06164607964814,540.8953960841046,583.6624367900181,618.9487091763705,648.0627422644125,672.0841781501175
1237,0.26289062500000004,148.17946953125644,261.7206038416034,355.4008467443298,432.6944991615789,496.4679701548776,549.0862266953703,592.5005399358367,628.3208597184993,657.875522260824,682.2605112905959
1238,0.2625,150.37196001644872,265.59494346097875,360.6632067122749,439.10220302000045,503.8207181258885,557.2187309073377,601.2764151613496,637.6275730337877,667.6202229100284,692.3665888175337
1239,0.262109375,152.46901553269686,269.2969657885363,365.68908416673554,445.22024865087184,510.8398464812876,564.9813064353558,609.652385538085,646.509638799236,676.919855376127,702.0107457436843
1240,0.26171875,154.54511687010503,272.9658118231253,370.6724505716836,451.28832175165235,517.8029354145752,572.6828751501489,617.9632692354734,655.32326177865,686.1482819826224,711.5814208376753
1241,0.261328125,156.52346534332767,276.4580912987821,375.4134554774992,457.05950072171527,524.4240447100051,580.0052258559213,625.8641912416379,663.7015467569938,694.9204270094896,720.6785303733311
1242,0.2609375,158.47997625327704,279.9157865222112,380.11014416629666,462.7785863563639,530.9867378428427,587.2639836317871,633.6972684578462,672.0084892709735,703.6183498588887,729.6990456102135
1243,0.260546875,160.33656720276443,283.1929382781478,384.5589661896674,468.19399985063774,537.1996187014385,594.1348188428126,641.1109592742155,679.8700745539031,711.8494812070396,738.235080419433
1244,0.26015625000000003,162.1704708764776,286.4341511642921,388.96173520741877,473.55527961946643,543.351796875061,600.9395732651535,648.4541520618832,687.6575280146814,720.0034888722149,746.6915269799356
1245,0.259765625,163.90244163561084,289.4911221680388,393.11151470556456,478.60657758825187,549.1468696074757,607.3482987648417,655.3691804146835,694.9902916925599,727.6809148031813,754.6533251699591
1246,0.28359375000000003,-21.844218019055436,-38.58279461011487,-52.39358848576365,-63.78865079198385,-73.19051349501328,-80.94781584623063,-87.3482193384152,-92.62907021051655,-96.98619919376335,-100.58118280313674
1247,0.259375,165.61091042067545,292.5108551694324,397.21357553951947,483.60178509127854,554.8790469770238,613.6885578220352,662.2111665824191,702.2462489384449,735.2784349641615,762.5326644315226
1248,0.25898437500000004,167.2155903541864,295.3429316800574,401.05791368827767,488.28117858225374,560.2473757329727,619.6252915030673,668.6168696364563,709.0388840169949,742.3903170023461,769.9079490126117
1249,0.25859375,168.79598983184178,298.1365284517649,404.8529410885285,492.9026113834581,565.5507135011135,625.4912787806607,674.9470991487874,715.7521567078218,749.4196346637937,777.1980314457469
1250,0.23398437500000002,128.80946019984773,227.50828699631782,308.94240624016805,376.132006790006,431.5688132457845,477.30864484105774,515.0476996659213,546.1854711607342,571.8766518098263,593.0739551306356
1251,0.234375,131.427136130695,232.1340206257671,315.22546740882535,383.78267468288175,440.34793567558484,487.01886284955935,525.5261607550531,557.2978022371022,583.5119811291404,605.140802990972
1252,0.234765625,133.96971747569606,236.6225444274662,321.3190209471887,391.20032598487916,448.85800495887787,496.430235571616,535.6811677081879,568.0663603108829,594.7867643521982,616.8332603096094
1253,0.23515625,136.48574190849436,241.06879575466243,327.35839412642633,398.55433433982483,457.29676316979277,505.7640298833412,545.7534532787706,578.7479682742271,605.9711168309574,628.4324203710054
1254,0.23554687500000002,138.9234031966014,245.3719471121353,333.20018509995447,405.66544273180887,465.4550902699838,514.7863669726728,555.488654329586,589.0713324195528,616.7797589247034,639.6414534170598
1255,0.23593750000000002,141.33389652955762,249.63186021852508,338.98655786086437,412.7114520288589,473.54047212786224,523.7293453715948,565.139233469717,599.3057468345153,627.4958889414738,650.755040465469
1256,0.236328125,143.66287904723623,253.74300395131004,344.5675785981804,419.5050526203813,481.334477393213,532.3487349086707,574.4396174873133,609.1679989898921,637.8217235569167,661.4633654940382
1257,0.23671875,145.96412451926776,257.81001044142954,350.0920288925426,426.2321985812099,489.05401602081906,540.8871082032604,583.6536099720801,618.9394394332031,648.0531079484866,672.0742435440492
1258,0.237109375,148.18083710807747,261.72280739688597,355.40367376509465,432.6978159999153,496.4716814932486,549.0902595133849,592.5048362050142,628.3253724567832,657.8802131052298,682.2653487769122
1259,0.23750000000000002,150.3692862973656,265.5906361306525,360.65768315151604,439.0957256973636,503.81347375936997,557.2108619892886,601.2680345696477,637.6187719276614,667.6110756806191,692.3571564966381
1260,0.23789062500000002,152.4703110085092,269.2990531586589,365.6917621115095,445.22339056612907,510.84336207623574,564.9851265445617,609.656455198088,646.5139135104154,676.9242988027244,702.0153280841427
1261,0.23828125,154.54258955469058,272.96174034848,370.66722946401563,451.2821991126258,517.7960877424758,572.6754371394278,617.955347585584,655.3149426581749,686.1396357089938,711.5725050997684
1262,0.238671875,156.52468674111333,276.46005930047073,375.4159802655132,457.062462929113,524.4273592098547,580.0088274423277,625.8680280988203,663.7055769346053,694.9246162535374,720.6828505896086
1263,0.2390625,158.4775993306459,279.9119573361168,380.1052337673374,462.77282808600273,530.9802976986088,587.2569882954378,633.689818280163,672.0006652926008,703.6102182116817,729.6906605484417
1264,0.23945312500000002,160.33771276081677,283.19478408410805,384.56133420640435,468.1967781199621,537.2027273806715,594.1381967767405,641.1145578666017,679.873854461678,711.853410305249,738.2391323599692
1265,0.23984375000000002,162.1682481582115,286.430570418189,388.957143417131,473.54989499008855,543.3457746339891,600.9330318751287,648.4471853614257,687.650211784497,719.9958849509884,746.6836860991688
1266,0.240234375,163.90350962803973,289.49284299923374,393.1137223894934,478.6091677442854,549.1497677967101,607.3514479736358,655.3725353382443,694.9938156531825,727.6845778523315,754.6571027444821
1267,0.240625,165.60884527855652,292.50752828534394,397.20930930145,483.596782236705,554.8734517283023,613.6824802438872,662.204693859673,702.2394514779336,735.2713702186273,762.525379533735
1268,0.241015625,167.21657913565852,295.34452488420663,401.0599576370484,488.28357663389585,560.2500589671687,619.628207135083,668.6199757222115,709.0421466001306,742.3937083564247,769.9114463969269
1269,0.24140625000000002,168.79408546790185,298.13346058727154,404.84900701593426,492.89799805756076,565.5455539150543,625.4856744298335,674.9411304288552,715.7458885425136,749.413120030919,777.1913138064843
1270,0.24179687500000002,170.27181275161624,300.7408068379085,408.3877873876001,497.20508749962954,570.4864849879981,630.9495443221401,680.8364523539669,721.9971857181267,755.9581213241532,783.9786421413993
1271,0.2421875,171.71905747440107,303.2996928132845,411.8644570616428,501.4392010887238,575.3456260847848,636.3244153122697,686.6368569975401,728.1486976555758,762.3993294864041,790.6588757837246
1272,0.242578125,173.0644995285726,305.673368186835,415.085912661209,505.35994402071884,579.8432620342969,641.2980028550813,692.0031283130587,733.8389572762208,768.3569014135223,796.8369993805245
1273,0.24296875,174.37925098802006,307.99825864009694,418.2448416289617,509.2072208157381,584.2585565520526,646.1819895829882,697.2738387892782,739.4287537224936,774.2099738897606,802.9072985267921
1274,0.24335937500000002,175.59033340688015,310.1346033822346,421.14400557204254,512.7355721651581,588.3059628220441,650.6576263667498,702.1027856145349,744.5492023521106,779.5709308440793,808.466691705786
1275,0.24375000000000002,176.7705644975496,312.22191375522135,423.9803233450947,516.1900803821661,592.2706032129461,655.0431986652297,706.8356755182825,749.5686649491252,784.8268433710301,813.917697185789
1276,0.244140625,177.84541983110614,314.11763368828423,426.5527252012275,519.320599515537,595.8615387832481,659.0139833288835,711.1198516753906,754.1114068996151,789.5829187856402,818.8497873766477
1277,0.24453125,178.8893107066117,315.9641454788702,429.06205836535236,522.377012545736,599.3694118672946,662.8943789904021,715.3076232810596,758.552796068175,794.2335672155313,823.673094242293
1278,0.244921875,179.82628156059087,317.61631745714163,431.30373155574176,525.104872268312,602.498339574688,666.3541886322981,719.0404226047835,762.5108264507121,798.3774272261036,827.970276151127
1279,0.24531250000000002,180.73222255016233,319.21918337037573,433.482210767172,527.7584771968202,605.5440363144863,669.7234242197969,722.6766185315739,766.3672937604881,802.4156404777194,832.1584471065839
1280,0.24570312500000002,181.52986422537896,320.6252599302395,435.38969887232116,530.0794714268534,608.206131653966,672.6669241283087,725.8522853662749,769.7345096143099,805.9408955721863,835.8140947949773
1281,0.24609375,182.296458479395,321.98200854722865,437.2339651976459,532.3261767514047,610.7849560108223,675.519804769417,728.9312991460693,773.0001089896779,809.3604473627023,839.3606723621153
1282,0.246484375,182.95354099495611,323.1398214860261,438.8043268180011,534.2367264382855,612.9761139263755,677.9424559340296,731.5449364514152,775.7713178787304,812.2616613832894,842.3691485839562
1283,0.246875,183.57960644305,324.2483607411121,440.3115364657346,536.0730678365182,615.0840894826798,680.2745826493301,734.0620204398015,778.4410139909606,815.0572790177903,845.2686642200355
1284,0.24726562500000002,184.0951166844117,325.1561248905118,441.54235033506,537.5702271788836,616.8009314963298,682.172649640799,736.1095982902388,780.6119430139378,817.329978591919,847.6253301992642
1285,0.24765625000000002,184.57968799551472,326.01474553035735,442.71017935312506,538.9933732277208,618.4348080178694,683.9804266013509,738.0608714973165,782.681619584652,819.4973516564897,849.8733133111546
1286,0.248046875,184.9528310863946,326.6710611829624,443.59954763373446,540.0748336852683,619.6746868329849,685.3509826633178,739.5392325769085,784.2489212028952,821.1380322998348,851.5745350722333
1287,0.2484375,185.29516114061164,327.27843937526114,444.4261954577496,541.0825901852154,620.8319452339904,686.6316226847815,740.9216865982934,785.7153872958768,822.6738192513867,853.1675198524403
1288,0.248828125,185.5253615831121,327.6822942978675,444.97274647265493,541.7466838037865,621.5929485496382,687.4725539519918,741.828550752383,786.6766441603665,823.6799504222731,854.2106734626009
1289,0.24921875000000002,185.72492237359893,328.03749324530247,445.45693812819843,542.3374964672815,622.2718039825926,688.2240819159686,742.6400534643485,787.5376381028537,824.5817826966739,855.146203151793
1290,0.24960937500000002,185.81182535763912,328.1882649591145,445.6598294412601,542.5831996174463,622.5527587740945,688.5340921408376,742.9740227929728,787.8913684491939,824.951813438773,855.5296805670135
1291,0.25,185.86830934311695,328.2907372617164,445.8008187415362,542.7561579550307,622.752165083006,688.7553499149705,743.2133236566182,788.1455634518227,825.2183013302106,855.8063135463162
1292,0.250390625,185.81178074047898,328.1881930591902,445.6597371910108,542.5830913801594,622.5526376630248,688.5339605405215,742.9738825983808,787.8912211942969,824.9516603761631,855.5295227240097
1293,0.25078125,185.72510069947742,328.03778050135304,445.45730646888455,542.3379283888653,622.2722870372362,688.2246066051117,742.6406122651061,787.5382249404047,824.5823926143775,855.1468320835356
1294,0.25117187500000004,185.52522779344795,327.6820786965301,444.9724698468299,541.7463592370864,621.5925853774606,687.472159324631,741.8281303521466,786.6762025870863,823.6794914320247,854.2102001359667
1295,0.2515625,185.29551749617198,327.2790134072659,444.4269315201213,541.0834532992526,620.8329105246765,686.6326711708589,740.9228032465918,785.7165599669562,822.6750380402902,853.1687766337816
1296,0.251953125,184.95260846583386,326.6707024418224,443.5990873644799,540.0742936568295,619.6740825763363,685.3503260735172,739.5385331066424,784.2481865040673,821.1372686206815,851.5737475373274
1297,0.25234375000000003,184.58022210417278,326.01560591682613,442.7112826224188,538.9946669509866,618.4362549072124,683.9819982022638,738.0625452731523,782.6833773365876,819.4991785353807,849.8751971356919
1298,0.252734375,184.09480571503482,325.15562379740595,441.54170744445906,537.5694728960801,616.8000875112817,682.1717325646874,736.1086213231117,780.610916841086,817.3289119384268,847.6242302211464
1299,0.253125,183.58031754975735,324.2495062706077,440.3130053935935,536.0747903568475,615.0860159457683,680.2766751660163,734.0642490003248,778.4433543615748,815.0597114250485,845.2711724430131
1300,0.253515625,182.95314219841788,323.13917888383213,438.80350238950217,534.2357591731702,612.9750316360115,677.9412799168657,731.543683631904,775.7700019570196,812.2602935461662,842.3677380064826
1301,0.25390625,182.29734538651314,321.9834372798444,437.23579728504143,532.3283251285304,610.7873587510712,675.5224146143379,728.9340786647231,773.0030279554494,809.3634811121341,839.3638006628144
1302,0.254296875,181.52937818137465,320.6244767475868,435.38869409127983,530.0782925643936,608.204812602546,672.6654908431188,725.8507584720652,769.7329058067157,805.9392284838947,835.8123756071811
1303,0.2546875,180.73328401811125,319.22089332057345,433.4844034801036,527.7610484689324,605.5469120264007,669.7265478073448,722.6799451925867,766.3707873156776,802.4192714062848,832.1621911914146
1304,0.25507812500000004,179.825709162346,317.615395145669,431.30254829705916,525.1034840177014,602.4967862405409,666.3525007761752,719.0386245114579,762.5089377786916,798.3754640272872,827.9682515909403
1305,0.25546875,178.89054519024808,315.96613416576935,429.0646085312519,522.3800029995357,599.3727564029288,662.8980118185376,715.3114922917417,758.5568591805629,794.2377900930554,823.6774487171715
1306,0.255859375,177.84476201090297,314.1165737540612,426.5513654006387,519.3190041502443,595.8597537113742,659.0120436677879,711.1177853296151,754.1092364580318,789.5806626927949,818.8474607603986
1307,0.25625000000000003,176.77197010989158,312.2241781414581,423.983227071686,516.1934854559579,592.2744114727501,655.0473351969825,706.8400809835864,749.5732914295999,784.8316517664491,813.9226554203752
1308,0.256640625,175.58959108368038,310.1334072973122,421.1424711081519,512.7337718809576,588.3039484627797,650.6554375585407,702.100453844572,744.546753109791,779.568384942267,808.4640662148212
1309,0.25703125,174.38082543554745,308.00079502093564,418.24809415486766,509.21103491818263,584.2628222772921,646.1866230171272,697.2787734644979,739.4339359628976,774.2153598966897,802.9128523699085
1310,0.257421875,173.0636737208052,305.6720375810801,415.08420561255815,505.35794124614694,579.8410210973437,641.295567839048,692.0005342471238,733.836232517629,768.354069116831,796.8340785367121
1311,0.2578125,171.72079813620357,303.30249695047013,411.86805293462226,501.4434178128035,575.3503421001383,636.3295378486923,686.6423125716894,728.1544269261204,762.4052840313369,790.6650158796622
1312,0.258203125,170.27090470010614,300.73934370800663,408.38591031210393,497.20288523248956,570.4840208249602,630.9468667384448,680.8335998690721,721.9941895154155,755.9550068658422,783.9754303111662
1313,0.23359375000000002,126.16587934460257,222.84131185456533,302.6064861327599,368.4192502863028,422.7201239645019,467.52274846037426,504.4885454556443,534.9883238923028,560.1531127871701,580.9161029220096
1314,0.25859375,168.79598983184178,298.1365284517649,404.8529410885285,492.9026113834581,565.5507135011135,625.4912787806607,674.9470991487874,715.7521567078218,749.4196346637937,777.1980314457469
1315,0.0,167.2155903541864,295.3429316800574,401.05791368827767,488.28117858225374,560.2473757329727,619.6252915030673,668.6168696364563,709.0388840169949,742.3903170023461,769.9079490126117
1316,0.0,165.61091042067545,292.5108551694324,397.21357553951947,483.60178509127854,554.8790469770238,613.6885578220352,662.2111665824191,702.2462489384449,735.2784349641615,762.5326644315226
