,surface_points,surface_disp_step1,surface_disp_step2,surface_disp_step3,surface_disp_step4,surface_disp_step5,surface_disp_step6,surface_disp_step7,surface_disp_step8,surface_disp_step9,surface_disp_step10,surface_disp_step11,surface_disp_step12,surface_disp_step13,surface_disp_step14,surface_disp_step15,surface_disp_step16,surface_disp_step17,surface_disp_step18,surface_disp_step19,surface_disp_step20
0,0.40390625,13.286023964536028,23.228495072284613,32.21384933631763,40.34173931259768,47.694956234421376,54.347460913927904,60.36604417114934,65.81111529698386,70.73732415169323,75.19411213287518,79.22620899296875,82.8740820205893,86.17434232917648,89.16011238511138,91.86135848618801,94.30519153997078,96.5161391688164,98.51639187784433,100.32602576011475,101.96320397661565
1,0.403125,17.685387305702232,30.921286656985984,42.88371732889246,53.70514224545491,63.49564389579456,72.35358708818566,80.36781583166639,87.61869544672759,94.17893611496723,100.1143233148233,105.48437710205548,110.34294856292927,114.73875955727671,118.71589113191433,122.31422546743556,125.56984576607998,128.515398074715,131.18041866056603,133.59163021538058,135.77320985338858
2,0.40234375,22.05283256662905,38.55609070148165,53.4707825854419,66.96228092364892,79.1679835505966,90.21063820282504,100.20109598624434,109.23961866386307,117.4169103667963,124.81503154505452,131.50822321682148,137.56365226191824,143.04208559449833,147.99850005036902,152.48263413353968,156.53948717181643,160.20977089866392,163.5303179983811,166.53445171803202,169.25232025768995
3,0.40156250000000004,26.390961670050448,46.141846454479314,63.99224249700456,80.13987095592177,94.74903717841639,107.96655017525319,119.92500481601306,130.74433908617343,140.5330643503512,149.38935620680658,157.40203888982464,164.6514757480422,171.2103749848253,177.14451872485512,182.5134226861739,187.3709330499597,191.76576649833623,195.74199882582772,199.33950701778102,202.59436922464252
4,0.40078125000000003,30.68367812461813,53.64597521506872,74.39805068713169,93.16997781712735,110.15291393719782,125.51763692751545,139.41837474582854,151.9946234800726,163.37258231104005,173.66642481116904,182.97944554381758,191.40509687387072,199.02792686797983,205.92442778092786,212.16380366855108,217.80866484310874,222.91565614783136,227.53602536048353,231.71613743326654,235.49793973169162
5,0.4,34.933826981734846,61.07792642946449,84.70623421830076,106.08051072384312,125.41827115403548,142.91386359561332,158.74281628713163,173.0639004214202,186.0207595374261,197.74335406800108,208.3492647950107,217.94487186270376,226.62642154774662,234.48099148403622,241.5873639928993,248.01681625487132,253.8338352328193,259.0967645066692,263.858389500524,268.16646696728293
6,0.39921875,39.12534860546646,68.40511445680606,94.86663007395373,118.80325082589438,140.4587149937024,160.05077769861782,177.7760928834806,193.81253092131743,208.32100798264364,221.44710684426622,233.3225387693835,244.06646544304877,253.78669481748406,262.5807629662862,270.53691283113005,277.7349796953643,284.24719227772266,290.1388974898762,295.46921613384654,300.2916361211562
7,0.3984375,43.26131363519362,75.6374406818322,104.89798384516631,131.36712887808594,155.3142597955145,176.98006553943745,196.5819255273275,214.31646528210322,230.36157490682135,244.8781984196248,258.011948225339,269.8945653948721,280.6452408879093,290.37181098501947,299.1718388916344,307.13359334015763,314.33693399066175,320.85411250093466,326.75049729417424,332.0852292894994
8,0.39765625000000004,47.32579830339561,82.74251342504874,114.75032514695553,143.70406229711827,169.8985413778049,193.59715221845622,215.03776230995956,234.43551968037553,251.98506538820757,267.8624938483874,282.2271209802185,295.22308311752147,306.98078342623404,317.61820045646476,327.2420719886773,335.9489660662708,343.8262499694447,350.9529668583673,357.40062888550716,363.23393473766583
9,0.39687500000000003,51.32207990592189,89.7306249643951,124.44300252620015,155.84382500830856,184.25268439041298,209.95512654225584,233.20904184374425,254.24769788609606,273.2821345848066,290.5032872699068,306.08390222028834,320.1802692060211,332.9337890179289,344.4723917367497,354.91181994244516,364.3567897132302,372.9020410450541,380.6332882181014,387.62807963662823,393.9565757625696
10,0.39609375,55.234468718985404,96.56977728721655,133.92654631352994,167.71889044699537,198.29088676912792,225.94993593156087,250.97365244096417,273.6131355212425,294.0955510920079,312.6264195256817,329.39167916205656,344.5595523353062,358.2822334462243,370.6974161444643,381.92967497539746,392.0917153684051,401.2855045168477,409.6032945020551,417.1285479307719,423.93677537618794
11,0.3953125,59.06642848928227,103.27059010933125,143.2207887213935,179.35969214284816,212.05512992715958,241.63574438646708,268.3983468830823,292.6114089042031,314.5178190464803,334.3373267720226,352.2687471955399,368.4919552078752,383.1696896481174,396.44918566571124,408.4636516236836,419.3336053366482,429.16808303288207,438.0657331579564,446.1158059855154,453.39904895775845
12,0.39453125,62.80260026912186,109.80165636330915,152.2770657929899,190.69967587356237,225.46070291600194,256.9096631667807,285.3622065625246,311.1038354127209,334.3928399446318,355.4628993867232,374.5254281275882,391.7716973551399,407.37475437596004,421.49115901213605,434.26255453047884,445.81708887993125,456.2707005053917,465.7282816446222,474.2847307839476,482.025904835179
13,0.39375000000000004,66.4466129008987,116.17385772877161,161.1155711341589,201.76974714033702,238.55018508287233,271.8265975270511,301.9328868767677,329.17107329916143,353.81439658304964,376.1100654941062,396.281738221572,414.53176578856414,431.0432217434,445.98173855060156,459.49716908243613,471.7250898575428,482.7881610919511,492.79735719617764,501.85308005566657,510.0461662580752
14,0.39296875000000003,69.98353290603815,122.35657171852692,169.68874653014367,212.5047343921347,251.2404788661338,286.2854569094601,317.99140780180187,346.67647672151026,372.6284857583363,396.10783228663803,417.35010330380953,436.5684396010437,453.9556744965446,469.68626874149663,483.91806104633827,496.7938518048853,508.4428359145377,518.9818990739925,528.5167905684568,537.1431843119772
15,0.3921875,73.417131849618,128.3608748868334,178.01702247988854,222.93582455900173,263.5744990311876,300.3415493138707,333.60591023310724,363.70128858117647,390.929590724885,415.56396060922503,437.8515205708681,458.01585020387694,476.25922905651845,492.7646657291971,507.69773371066105,521.2082323492835,533.4316896078558,544.490721667724,554.4962630151482,563.5486793455002
16,0.39140625,76.73299379203934,134.15711812455234,186.05423972288787,232.99963056544968,275.47127372736406,313.8962056217429,348.66008628164855,380.1117422834408,408.5667530604502,434.31062869652277,457.60167632568533,478.67359225857507,497.7378069435125,514.9856064522613,530.5900518107803,544.7077154458743,557.4802521779692,569.035820527524,579.4903685991462,588.9487974476468
17,0.390625,79.93500976810145,139.7565045699248,193.8209396903522,242.72742849255584,286.97378855442383,327.00479558601444,363.2221422295993,395.98916448922046,425.63457395651466,452.4557657325427,476.72180271003657,498.67611461147976,518.5389398644329,536.5095348963329,552.7681729968206,567.4779527812364,580.786434384204,592.8271197883946,603.7207921329131,613.5767274329819
18,0.38984375000000004,83.00937025625005,145.13054128849382,201.27264666323236,252.05800654279713,298.0036965910695,339.5716798553721,377.17915939973483,411.20349256665475,441.9860704808823,469.83575567114536,495.03198285873884,517.8275630582979,538.4512203092627,557.1098866617618,573.9907784785304,589.2632748983135,603.0806173155188,615.5814469324989,626.8911958146648,637.1233454077295
19,0.38906250000000003,85.96006177148722,150.29048893141714,208.42988636025996,261.02253712085144,308.60378925091527,351.65194856290066,390.5989889465236,425.83563553027307,457.7153785143354,486.5580306161515,512.6529364223219,536.261874958583,557.6216856886722,576.9466443849516,594.4306126932062,610.2489829385729,624.560437670237,637.5085415881034,649.2231818159303,659.8218709658411
20,0.38828125,88.77396635058801,155.20918640732393,215.2501408114248,269.5623610982303,318.6988275768395,363.1535817728965,403.3727975857228,439.7600365904248,472.6803968133556,502.4641889879326,529.4102526147558,553.788954748506,575.8449028600062,595.7993991728775,613.8526611355267,630.1858303199538,644.9627899104205,658.331809022084,670.4270303507894,681.3698160823247
21,0.3875,91.4551414105674,159.89788245463066,221.7537934750989,277.7083550149725,328.331144973016,374.13105034960194,415.5676630191658,453.0566882842713,486.974215569015,517.6605034554733,545.4233943185362,570.5414025324716,593.2665084031676,613.8266859665483,632.4281900030599,649.2576251956554,664.483818177425,678.2595112414192,690.7228946987622,701.99899325417
22,0.38671875,93.99124142313616,164.3309152822134,227.90054626773542,285.4047740646573,337.4290743196885,384.4965211064256,427.0795083489782,465.6053137637299,500.46049132789074,531.9947635040642,560.5245321272753,586.3360533894737,609.6883101064939,630.8156102736772,649.9299380179822,667.2230805466644,682.8685524395393,697.0233365961931,709.8294593086017,721.415415264417
23,0.38593750000000004,96.38636969199226,168.5194523635283,233.71051471654067,292.68200855853985,346.0342300120683,394.303509807768,437.9742242680137,477.4844959079958,513.2306946593551,545.5714271615046,574.831135627032,601.3033526450255,625.2536458211722,646.9222819192453,666.5266372250713,684.2633782995249,700.3104349872934,714.8287854675692,727.9640712496433,739.8480583119659
24,0.38515625000000003,98.62902923807626,172.43948942118402,239.14586907552894,299.4875716975499,354.07895861940483,403.46891153696845,448.1531319334665,488.57997935733454,525.1550805028247,558.2454134064584,588.1829915151761,615.2681952936056,639.7727861874384,661.9426333770567,682.0001807153649,700.1466786129918,716.5642032702476,731.4174835193954,744.8555536092443,757.0132485168522
25,0.384375,100.72334395354167,176.1020438124958,244.22633292183502,305.85118019779463,361.6038989613748,412.0449570161161,457.6805287911934,498.96845284340964,536.3229358595125,570.1187216070807,600.6948518422888,628.358067643047,653.385886602268,676.0293868871056,696.515726091708,715.0504201401503,731.8194050920841,746.9909025288603,760.717107229624,773.135714065505
26,0.38359375,102.6587362912464,179.4849167681392,248.91677807997473,311.72392886609595,368.5458284020982,419.9537819678911,466.4637424412982,508.5423869170791,546.6119139830731,581.0542947081026,612.2151071777351,640.4070041838492,665.912850302336,688.9885600333898,709.8656655155635,728.7536395871821,745.841997508755,761.3021984372148,775.2893657325236,787.9438433586924
27,0.3828125,104.43932530663122,182.59890760361358,253.23641457459516,317.1346776099708,374.94415963387274,427.2460100522934,474.56508066749655,517.3761033509329,556.1085678224963,591.1510445580004,622.8550845520559,651.5387462106703,677.4897861257645,700.9685458875073,722.210563896289,741.4289383653997,758.8164652118408,774.5475722771569,788.7800692789439,801.656731046361
28,0.38203125000000004,106.05551809858632,185.42375992048812,257.15303237763953,322.0384043589647,380.74049060432475,433.84949769057556,481.89844886904046,525.3694615613153,564.6987032541388,600.280783069988,632.4727131292638,661.5974909426883,687.9473402622073,711.7866431098591,733.3545924372454,752.8675920407085,770.5214278163787,786.4932321431633,800.9432611050984,814.016502385959
29,0.38125000000000003,107.5114034904879,187.96998841106583,260.68520952506395,326.4629342810605,385.97276488599925,439.8129493689272,488.5237810192731,532.593958143272,572.4656055470235,608.5387247483932,641.1752085516622,670.7024717551219,697.4167358346485,721.5860007109771,743.4527334182039,763.2363006375116,781.1351694923355,797.3288986787892,811.9799399035539,825.2352676995357
30,0.38046875,108.7984323706643,190.21940393521018,263.8038527217306,330.3674060045111,390.5877610780416,445.07038699625815,494.3620911183622,538.9574587785505,579.3039372448686,615.8063407970018,648.830914491762,678.7090091716786,705.7404061081722,730.1963248420699,752.3221444339623,772.3398654368674,790.4503372974058,806.8352735364604,821.6590749301131,835.0704789846363
31,0.3796875,109.92063812147748,192.18217173546398,266.5267934751503,333.77843840637087,394.62171969852335,449.6682956056192,499.4705698164296,544.5281940843979,585.2932024553837,622.1745613469458,655.5422741835764,685.7310935347672,713.0438794564732,737.7546378913911,760.1112696174553,780.3380573152293,798.6379156987923,815.1944272797771,830.1736841851757,843.7259545047891
32,0.37890625,110.87056812882163,193.84228207210015,268.82823459296674,336.65958273757303,398.0269281257766,453.54726937048673,503.777826689555,549.2226040467203,590.3375698301411,627.5352476620766,661.1888575132072,691.6360606697631,719.1823476714402,744.1041034192217,766.6513802392068,787.0504067338818,805.5058575967513,822.2029071664134,837.3090873255603,850.9759683867912
33,0.37812500000000004,111.65217546690006,195.20948806579915,270.7251511170692,339.0360874700115,400.8377003885509,456.75128727508144,507.33795646525834,553.1052326405157,594.5122721462697,631.9744848858287,665.8677037097664,696.5319550978908,724.2748704533049,749.3747724029408,772.0834670778642,792.6287703807363,811.2167935796143,828.034011154438,843.2491316393339,857.0147902282704
34,0.37734375000000003,112.25914996700658,196.27005808259688,272.19520100613175,340.8761411959334,403.01212680851415,459.22788201408844,510.08760444119787,556.1016093310831,597.7315749952851,635.3951910533431,669.470351364599,700.2989458648962,728.1902909114666,753.4242327606539,776.25395534835,796.9085205519686,815.5951664243746,832.5013864605262,847.7968107599759,861.6349079602862
35,0.3765625,112.6953400231767,197.0332729900907,273.25439817965935,342.2034663168649,404.5823833677167,461.01825537785913,512.0774359103332,558.2721935161298,600.0659759886746,637.8780755768502,672.0878374228321,703.0384655404501,731.0404660300836,756.3747622513781,779.2955132200236,800.0326635000052,818.7942501688726,835.7684899977137,851.1256677835928,865.0198447779327
36,0.37578125,112.95561681639245,197.4877639201691,273.88399349347037,342.99108489427414,405.51262171826613,462.0772020606722,513.2525224947094,559.5520632759581,601.4403662390358,639.3377118053784,673.6243378817052,704.6442551883516,732.7086988619121,758.0992511688867,781.0706666918267,801.8534283404518,820.6560598354973,837.6672178685565,853.0575849300865,866.9815817974436
37,0.375,113.04370033388338,197.64228226769686,274.0989410135273,343.261047002802,405.83268141985656,462.4428926362399,513.6597876843124,559.9972206786564,601.9200735509581,639.8489358195476,674.1643261292771,705.2105100611517,733.2989540394874,758.7114501707412,781.7029433804021,802.5040892091006,821.323567926136,838.3501781747813,853.7547311526548,867.6917643298025
38,0.37421875000000004,112.95567472720224,197.4878920232801,273.8842000875183,342.9913745011204,405.5129964720447,462.07766250420286,513.2530680773185,559.5526926847848,601.4410776294199,639.3385029660176,673.6252063555601,704.6451983624132,732.7097140344443,758.1003356000269,781.0718176416792,801.8546430976666,820.6573357385357,837.6685523212934,853.058975413007,866.9830258753965
39,0.37343750000000003,112.6951086418158,197.03276115379478,273.2535727310788,342.2023091909487,404.58088604136844,461.01641568736414,512.0752560618309,558.2696787614518,600.0631337044864,637.8749146044892,672.0843675850309,703.0346972825273,731.0364101511794,756.3704297022366,779.2909149507673,800.0278103459594,818.7891527656292,835.7631587188333,851.1201126959257,865.0140756106966
40,0.37265625,112.2593233423562,196.27044160203485,272.19581951439056,340.877008230713,403.0132487590585,459.2292605055131,510.0892378248818,556.1034936765458,597.733704779927,635.3975596569005,669.4729514311113,700.301769571455,728.1933301695311,753.4274793675362,776.2574011012629,796.912157333586,815.5989862664954,832.5053815907874,847.8009736353699,861.6392312903771
41,0.371875,111.65171413064307,195.20846754865588,270.7235053087441,339.0337803517687,400.8347149667442,456.7476192356272,507.3336102068449,553.1002186344417,594.506605100403,631.9681824283533,665.8607854256062,696.5244418133025,724.2667837000071,749.3661340149232,772.0742988878769,792.6190939926408,811.206630199035,828.0233814645505,843.2380557117831,857.0032874615147
42,0.37109375,110.87085589967522,193.84291864304717,268.8292612016272,336.6610218540049,398.0287903549401,453.5495574097824,503.78053780259563,549.2257317096604,590.3411048765165,627.5391791035054,661.1931731401883,691.6407474977485,719.1873922749796,744.1094921834001,766.6570995489424,787.056443115939,805.5121978254128,822.209538341014,837.3159969261195,850.9831443125483
43,0.37031250000000004,109.91994967445629,192.18064882891034,266.5243374533707,333.7749955189909,394.61726458611577,449.6628218303405,499.46408394241985,544.5207117378931,585.2847455848097,622.1651562586862,655.5319501040368,685.7198815427797,713.0318116836207,737.7417469203297,760.097588028987,780.3236173485861,798.6227489989168,815.1785647119641,830.1571557021334,843.7087890546356
44,0.36953125000000003,108.79883276261532,190.22028963250014,263.80528110056747,330.3694083287492,390.59035210297117,445.0735704749489,494.3658632435591,538.9618104733017,579.3088557554023,615.8118108346113,648.8369190687292,678.715530221917,705.7474249521399,730.2038225366083,752.3301020356756,772.3482641997145,790.4591588197255,806.8444998688493,821.668688652832,835.0804632612238
45,0.36875,107.51049217696031,187.96797250372876,260.68195843100364,326.4583768496213,385.96686754831813,439.8057036031097,488.5151955144744,532.5840535843682,572.4544109877313,608.5262750111639,641.1615423242492,670.6876301773781,697.400761439975,721.5689366298642,743.4346227786826,763.2171861154618,781.1150929769542,797.3079010272285,811.9580607649469,825.212545393209
46,0.36796875,106.0560286427977,185.42488928280437,257.15485371903435,322.0409575442993,380.74379444824314,433.8535569786977,481.9032587467554,525.3750104545786,564.7049749005623,600.2877579748658,632.4803696314624,661.605806006032,687.9562900682927,711.796203504135,733.3647392648503,752.8783013984216,770.5326762400929,786.5049967454402,800.9555196738712,814.0292334528965
47,0.3671875,104.43819674480963,182.5964111234175,253.2323884509494,317.1290337305631,374.93685642736216,427.2370369652982,474.5544484606593,517.3638376403009,556.0947045880192,591.1356269235803,622.8381604283481,651.5203665449841,677.4700035911588,700.947413896463,722.1881358582317,741.4052671298033,758.7916026539489,774.5215689941251,788.7529743719192,801.6285919696583
48,0.36640625000000004,102.65935383965554,179.48628283165942,248.91898115318267,311.7270171690316,368.54982469275427,419.95869203495926,466.4695604127912,508.549098793285,546.6195000933287,581.0627314719773,612.2243683943146,640.4170619889803,665.9236758856852,689.0001241780122,709.8779390041276,728.766593506724,745.8556034774434,761.3164287707369,775.3041935634735,787.959242719264
49,0.36562500000000003,100.72200510096219,176.0990821500504,244.22155658926195,305.8444846643125,361.595234909458,412.0343119259887,457.6679154286975,498.95390159790537,536.3064894154413,570.1004311240148,600.6747741584969,628.336263199282,653.362417886593,676.0043172647729,696.489118924331,715.0223381250363,731.7899097707597,746.960053926594,760.6849635968994,773.1023316990953
50,0.36484375,98.62974998284297,172.44108376257313,239.14844029599402,299.49117607495543,354.0836227147717,403.4746421064001,448.159922123862,488.58781282970716,525.1639342996066,558.2552600069781,588.1938003403811,615.2799338232619,639.7854207970083,661.95612996743,682.0145051869631,700.1617972214462,716.580082891059,731.4340918421209,744.8728592768401,757.0312212221824
51,0.3640625,96.3848288026381,168.51604377726983,233.70501762067232,292.6743026482095,346.0242585276126,394.2912583402373,437.95970750980774,477.4677488345152,513.2117663964713,545.5503765891552,574.8080281607866,601.2782578465585,625.2266356084014,646.893429219631,666.4960149618673,684.231058631409,700.2764887427305,714.7932817299339,727.9270770596809,739.8096384618685
52,0.36328125,93.99206092008413,164.33272807050056,227.9034697807702,285.40887229108205,337.4343774597818,384.50303684208376,427.08722888830783,465.61422052930004,500.470558216881,532.005959225357,560.536821912335,586.3494002626078,609.7026758363878,630.8309560894014,649.9462251480527,667.2402706234494,682.88660780018,697.0422205033977,709.8491361090789,721.4358504986095
53,0.40546875000000004,4.437302608767398,7.757688051820756,10.758307002500565,13.472477476155309,15.92787366917619,18.149213476133408,20.15881564344519,21.97686454645059,23.62161883994463,25.109596046427008,26.455738878784516,27.67356554014005,28.775305623545744,29.77202301495935,30.67372705379653,31.48947307965082,32.227453382855785,32.89507947754196,33.49905652700948,34.04545067126626
54,0.40468750000000003,8.87077664967318,15.510086849816162,21.51079979150872,26.939303486262766,31.850778869766742,36.29454009589103,40.315132560156556,43.95285343906461,47.24416344869735,50.222052358294725,52.91636908414714,55.35412044030069,57.559741556601836,59.555340627713655,61.36092040990335,62.994578661562535,64.47268952060038,65.81006762606745,67.02011662186419,68.11496352608724
55,0.36250000000000004,91.4534079839356,159.89404795817737,221.74760950489372,277.6996862337308,328.31992752886447,374.11726803329,415.5513323591428,453.03784862644517,486.9529221779298,517.636822568549,545.3973995254696,570.5131720871216,593.2361232100396,613.7942280658121,632.3937414301273,649.2212671257984,664.4456302894578,678.219571250983,690.6812780236058,701.9557727824985
56,0.36171875000000003,88.77487954661296,155.2112064645231,215.25339858996628,269.56692790293465,318.70473706103104,363.1608424969409,403.38140086705323,439.769961727811,472.6916147197854,502.47666479490266,529.4239475787513,553.8038276664876,575.8609111297312,595.8164995907657,613.8708104973501,630.2049858714794,644.9829096827349,658.3528520776322,670.4489569599224,681.3925878455829
57,0.40625,0.0014747079559447687,0.003262204885752935,0.005261029326070924,0.00737497579954497,0.009543217512642525,0.011725215601630954,0.013893114768635834,0.01602750194556449,0.0181148352042506,0.020145781657950414,0.022114089621403998,0.02401579493478314,0.025848646771797986,0.027611683292048106,0.029304912819919943,0.030929071231407063,0.03248543550534524,0.033975679375476416,0.03540176100719197,0.03676583529782108
58,0.3609375,85.95814649406482,150.28625216408193,208.423053639156,261.0129589105638,308.59139500100855,351.6367203637976,390.58094506090356,425.8148194320856,457.69185126620926,486.5318654047621,512.6242145579419,536.2306829049495,557.588112838224,576.910781384905,594.3925501854878,610.2088106146963,624.518243568227,637.4644115768194,649.1771992252316,659.7741163306338
59,0.0,83.01037152046739,145.1327561585071,201.27621861896608,252.06301376552767,298.01017597966114,339.5796407959241,377.1885923726265,411.21437487460895,441.99837023217145,469.8494346350147,495.04699855572534,517.8438703122107,538.4687724097478,557.1286362391047,574.0106781622686,589.2842778113361,603.1026774417253,615.6045193865666,626.9152370356221,637.1483132930333
60,0.0,79.93292444741934,139.75189165087,193.8135003410833,242.71699990135195,286.96029390723015,326.9882153833894,363.20249635595,395.966500278637,425.6089578933935,452.4272775017625,476.69053084131696,498.6421532455323,518.5023863306661,536.470487890302,552.7267312082795,567.4342138651,580.7404941950487,592.779071818996,603.6707271115795,613.5247330448756
61,0.36015625,83.01037152046739,145.1327561585071,201.27621861896608,252.06301376552767,298.01017597966114,339.5796407959241,377.1885923726265,411.21437487460895,441.99837023217145,469.8494346350147,495.04699855572534,517.8438703122107,538.4687724097478,557.1286362391047,574.0106781622686,589.2842778113361,603.1026774417253,615.6045193865666,626.9152370356221,637.1483132930333
62,0.359375,79.93292444741934,139.75189165087,193.8135003410833,242.71699990135195,286.96029390723015,326.9882153833894,363.20249635595,395.966500278637,425.6089578933935,452.4272775017625,476.69053084131696,498.6421532455323,518.5023863306661,536.470487890302,552.7267312082795,567.4342138651,580.7404941950487,592.779071818996,603.6707271115795,613.5247330448756
63,0.35859375000000004,76.73407695048778,134.15951414994151,186.0581038300608,233.00504733000503,275.47828306618476,313.90481768883757,348.67029077913196,380.12351465806194,408.5800588125518,434.32542646898185,457.6179201651757,478.6912332944656,497.7567946455035,515.0058895767249,530.6115791132352,544.7304362154904,557.5041166352955,569.0607801163196,579.5163761957856,588.9758075061649
64,0.35781250000000003,73.41488934148745,128.35591425408919,178.00902236484944,222.9246098773001,263.5599871787026,300.323719321562,333.5847834846178,363.67691597904945,390.90204376555715,415.5333249846819,437.8178914846555,457.97932889346856,476.2199201884148,492.722675438983,507.653168127632,521.161196489836,533.382286552282,544.4390519564265,554.4424242156208,563.4927657526449
65,0.35703125,69.98469127975962,122.35913412473846,169.6928789613869,212.5105272967552,251.24797493289682,286.2946669977261,318.00232089901687,346.68906656997734,372.64271546334936,396.1236576198827,417.3674751216191,436.5873056398563,453.9759807178515,469.707960343883,483.9410832274217,496.8181503329305,508.46835755379857,519.0085918968058,528.54460417919,537.1720700021466
66,0.35625,66.44422703016373,116.16857996392214,161.1070595726645,201.75781550448787,238.5347454877231,271.80762766328843,301.91040949554235,329.145142557794,353.78508854940367,376.07747133916064,396.2459592359521,414.4929096825591,431.00139987551006,445.9370638422812,459.44975444838917,471.67504702835953,482.7355997382723,492.7423842863064,501.79579939486683,509.9866781697328
67,0.35546875,62.803826715337436,109.80436934975579,152.2814410662053,190.7058091968356,225.46863948674581,256.9194144828006,285.3737609646067,311.11716510077173,334.4079058565588,355.47965469591844,374.5438208032566,391.79167206323837,407.39625390315814,421.5141253373134,434.28692963142555,445.84281533854625,456.2977219580156,465.75654311246797,474.3141789102099,482.05648804926955
68,0.35468750000000004,59.06391396455063,103.26502774890983,143.2118181855247,179.34711710877374,212.03885777090085,241.61575159602694,268.37465743696697,292.58407988078073,314.4869306162609,334.3029750231038,352.23103888137155,368.4510038477303,383.12561260616667,396.4021019533038,408.413680244984,419.28086404777736,429.1126874188473,438.00779595562193,446.0554365980578,453.33635311863685
69,0.35390625000000003,55.23575567510887,96.57262412464996,133.9311374489321,167.72532636800523,198.2992149030946,225.9601683438916,250.98577689778767,273.62712285163934,294.11136030754176,312.64400149038715,329.4109792790437,344.58051254145215,358.3047937063605,370.72151557571806,381.955252693678,392.11871112345,401.3138591647688,409.63295035206835,417.1594489940055,423.9688675380226
70,0.353125,51.31945222887734,89.72481229927305,124.43362831727212,155.83068409797045,184.23567998665024,209.93423407539115,233.18428637192642,254.2191390570134,273.2498561775577,290.46738969753676,306.0444970411584,320.13747504876363,332.8877285290516,344.42318928399675,354.8595998859722,364.30167510889646,372.84415267980734,380.57274390247926,387.564993697365,393.8910586914466
71,0.35234375,47.327137833659,82.74547655869551,114.75510383339736,143.7107611285994,169.90720971913913,193.6078026283085,215.05038205535223,234.4500783995977,252.00152041941368,267.8807940494479,282.2472095250243,295.2448995721192,307.0042653040207,317.6432843884351,327.26869460447153,335.97706465515233,343.85576297214124,350.9838342279631,357.4327923464143,363.267337965007
72,0.3515625,43.258589005025904,75.63141354580411,104.88826375277061,131.35350310151938,155.2966279714087,176.95840219195614,196.55625663989815,214.2868527041778,230.32810550979616,244.840976322676,257.971089104223,269.8501922564778,280.59748090520304,290.32079311564,299.11769208525976,307.07644519393915,314.27690974900935,320.7913343219105,326.68508372337624,332.0172948959591
73,0.35078125000000004,39.12673244984925,68.40817561459662,94.87156684346415,118.81017125889602,140.46767008804323,160.06178042883084,177.78913009611497,193.82757125125687,208.33800735790123,221.4660124321293,233.34329186516385,244.08900361485212,253.81095351281334,262.60667672097406,270.56441617951157,277.76400785310614,284.2776816499261,290.1707860439042,295.50244366686127,300.32614444543873
74,0.35000000000000003,34.93102219526282,61.07172197830962,84.69622816399124,106.06648407966766,125.40012060395749,142.89156291474083,158.71639222410596,173.033416646336,185.98630547863687,197.70503690916718,208.3072036164031,217.89919329139497,226.57725649939965,234.428472711409,241.53162424045044,247.95798687462172,253.77204515470257,259.03213948333786,263.79105156575434,268.09653406116354
75,0.34921875,30.68509774976544,53.64911552027192,74.4031150965616,93.1770771756457,110.16210056117146,125.5289241273866,139.43174902890146,152.010052671409,163.3900212004881,173.68581920145562,183.00073521391988,191.42821777918323,199.05281278841312,205.9510115610644,212.19201815132612,217.8384435702772,222.9469338811977,227.56873846436304,231.7502241489388,235.53334036751508
76,0.3484375,26.38809401815576,46.13550293686306,63.982012164823985,80.12552991340581,94.73047979373246,107.94374963616886,119.89798847160337,130.71317203483986,140.4978380263147,149.35018019768944,157.35903494656412,164.60477333752462,171.16010795859793,177.09082281264605,182.4564336091084,187.31078510537964,191.7025915070599,195.67592536002334,199.27065984723146,202.52286893353505
77,0.34765625,22.054279218447853,38.559290789056234,53.47594340410856,66.96951542767034,79.1773450521958,90.22214026631669,100.21472486301003,109.25534156772754,117.43468122845155,124.834795137122,131.52991817355817,137.58721332120447,143.06744527725962,148.0255899243017,152.51138576453735,156.56983283775196,160.24164412052892,163.56365393002181,166.56918742582636,169.28839491428306
78,0.34687500000000004,17.682474466708996,30.914843178610774,42.873325785016156,53.69057521132723,63.47679407491698,72.33042724631403,80.340373749829,87.58703725049968,94.1431546809952,100.07452995936745,105.44069549642738,110.29551021597517,114.68770043153984,118.66134909761556,122.25633838592651,125.50875005234045,128.45122762800975,131.11330408014405,133.5216982380122,135.70058296411895
79,0.34609375000000003,13.287488722165152,23.231735208259014,32.2190747385255,40.349064347972046,47.704434882217505,54.359106908721564,60.379843593300066,65.82703495144128,70.7553173943132,75.21412304699824,79.2481754468261,82.89793793727412,86.20001938702424,89.18754129719477,91.8904699636167,94.33591701458262,96.54841133094881,98.55014507093978,100.3611962638953,101.99973020324558
80,0.3453125,8.86783658035908,15.50358313231979,21.500311095408012,26.92460025962787,31.83175281280369,36.27116372026353,40.28743390770216,43.920899255073984,47.20804747992099,50.18188696366782,52.87227909324579,55.306238593512035,57.508205089587754,59.50028870153985,61.302492176538706,62.93291181291178,64.40791920914748,65.74232567323374,66.94953095028409,68.04165776672482
81,0.34453125,4.438776439567492,7.760948254936174,10.76356476371573,13.47984786959381,15.937411008164885,18.160931580836515,20.17270050915381,21.9928827741291,23.639723498490373,25.129730874992333,26.477841363014058,27.69756919611528,28.80114170862798,29.799621815156232,30.7030188529887,31.52038888673105,32.25992547281332,32.92904178850194,33.534444945157986,34.082203228229865
82,0.34375,-0.0014744671751437473,-0.003261659092780889,-0.005260161240544553,-0.007373805591567666,-0.009541790262126159,-0.011723591511677654,-0.01389136179043889,-0.01602569032578353,-0.018113033597205768,-0.02014405443666613,-0.02211249515427843,-0.02401438458070354,-0.02584746440286221,-0.02761076521002226,-0.029304287961778263,-0.030928761558085802,-0.03248545651569313,-0.03397604070135409,-0.03540246703693761,-0.036766885811074915
83,0.34296875000000004,-4.437302375639431,-7.757687524813511,-10.758306166687836,-13.47247635301118,-15.927872304239731,-18.14921192940359,-20.158813982162886,-21.976862839780047,-23.621617155198315,-25.109594446469956,-26.455737420387276,-27.67356427303484,-28.775304589997482,-29.772022249719218,-30.67372658433511,-31.489472926566698,-32.22745356040274,-32.89507999423201,-33.49905738623986,-34.04545187195446
84,0.34218750000000003,-8.87077642395046,-15.510086340962284,-21.510798986841685,-26.939302408478888,-31.850777564807466,-36.29453862351602,-40.31513098687979,-43.95285183296698,-47.244161875761456,-50.22205087990004,-52.916367755497006,-55.35411930953764,-57.559740664424986,-59.55534000736802,-61.36092008743928,-62.99457865626297,-64.47268984552049,-65.81006828864479,-67.02011762454858,-68.11496486697555
85,0.34140625,-13.28602374597585,-23.228494580963797,-32.21384856169157,-40.341738278506895,-47.69495498715714,-54.34745951298031,-60.366042682294065,-65.81111378722304,-70.73732268569728,-75.19411077056631,-79.22620778801965,-82.87408101959551,-86.17434157131869,-89.16011190217864,-91.86135830286216,-94.30519167427154,-96.51613963265223,-98.51639267762904,-100.32602689739984,-101.96320544872417
86,0.340625,-17.685387094074045,-30.921286182610206,-42.88371658326093,-53.70514125347819,-63.49564270406309,-72.35358575588963,-80.3678144238303,-87.61869402927644,-94.17893475127283,-100.11432206337382,-105.48437601502357,-110.34294768539992,-114.73875892695229,-118.71589077917069,-122.31422541563036,-125.56984603201406,-128.51539866919418,-131.1804195890231,-133.59163147850964,-135.77321144777767
87,0.33984375,-22.052832361705644,-38.556090243471566,-53.47078186777493,-66.96227997223431,-79.16798241227666,-90.21063693646342,-100.20109465610544,-109.23961733480063,-117.41690910090149,-124.81503039940908,-131.50822224213326,-137.56365150180233,-143.04208508522353,-147.99849982094517,-152.48263420604857,-156.5394875618888,-160.2097716160509,-163.53031904758123,-166.53445309892706,-169.25232196617554
88,0.33906250000000004,-26.390961471617647,-46.14184601228893,-63.9922418063318,-80.13987004360722,-94.74903609150905,-107.96654897226422,-119.92500356043705,-130.74433784179666,-140.53306317799917,-149.38935516217825,-157.40203802219364,-164.65147509958916,-171.21037459042446,-177.14451861219155,-182.5134228760957,-187.37093355696967,-191.76576733117244,-195.7419999880947,-199.3395085085865,-202.59437103922593
89,0.33828125000000003,-30.683677932463727,-53.64597478815777,-74.39805002249388,-93.16997694246942,-110.15291289973273,-125.51763578537866,-139.41837356173798,-151.99462231675403,-163.37258122807137,-173.66642386289348,-182.97944477810813,-191.40509633151245,-199.0279265824946,-205.92442777872003,-212.16380396928048,-217.80866546019553,-222.91565708904483,-227.53602662857736,-231.71613902661548,-235.49794164491794
90,0.3375,-34.93382679565739,-61.077926017322184,-84.70623357879303,-106.08050988548194,-125.4182701641578,-142.91386251195686,-158.74281517163098,-173.06389933574638,-186.0207585399253,-197.74335321168485,-208.34926412638183,-217.94487142118643,-226.62642136554817,-234.48099158631987,-241.5873643981767,-248.0168169755201,-253.83383627567946,-259.0967658736812,-263.8583911893658,-268.166468971993
91,0.33671875,-39.12534842526704,-68.40511405892742,-94.86662945868115,-118.80325002248543,-140.45871404957956,-160.05077667110083,-177.7760918337157,-193.81252990992883,-208.32100706676408,-221.4471060756019,-233.32253819309912,-244.06646509724447,-253.7866947330925,-262.5807631672712,-270.53691333489724,-277.73498051329085,-284.2471934157602,-290.13889894919174,-295.46921791145877,-300.2916382105555
92,0.3359375,-43.26131346068705,-75.6374402977458,-104.89798325329325,-131.36712810837417,-155.31425889543652,-176.98006456587635,-196.58192454063686,-214.31646434186774,-230.36157406897715,-244.8781977345967,-258.01194773698376,-269.89456513999954,-280.64524089621375,-290.371811279303,-299.17183948823515,-307.13359424949033,-314.3369352178269,-320.8541140463611,-326.7504991542549,-332.085231457208
93,0.33515625000000004,-47.32579813439793,-82.74251305428646,-114.75032457765234,-143.70406155985788,-169.8985405200751,-193.59715129668587,-215.03776138370623,-234.435518808193,-251.98506462485318,-267.86249324303014,-282.22712057543816,-295.22308294887245,-306.9807835222099,-317.6182008387449,-327.24207267257145,-335.9489670612704,-343.82625127983664,-350.9529684838791,-357.4006308219405,-363.2339369775099
94,0.33437500000000003,-51.32207974225897,-89.73062460651596,-124.44300197868766,-155.84382430233217,-184.25268357344447,-209.9551256702544,-233.20904097546938,-254.24769707907913,-273.2821338926439,-290.50328674053594,-306.0839018950409,-320.18026911922925,-332.9337891969205,-344.4723922021178,-354.91182070850795,-364.3567907885914,-372.90204243322245,-380.63328991813574,-387.6280816437708,-393.9565780688539
95,0.33359375,-55.23446856048296,-96.56977694177964,-133.9265457870292,-167.71888977113613,-198.290885991335,-225.94993510730848,-250.97365162821205,-273.61313477650907,-294.0955504677463,-312.62641906862257,-329.3916789123137,-344.5595523260223,-358.2822337035971,-370.6974166880371,-381.92967581853355,-392.0917165188568,-401.28550597738047,-409.60329627109303,-417.12855000302875,-423.93677774327136
96,0.3328125,-59.06642833577535,-103.27058977592239,-143.22078821517587,-179.35969149601812,-212.05512918706742,-241.63574360808988,-268.3983461235798,-292.61140821909055,-314.5178184870858,-334.33732638389415,-352.26874701760187,-368.4919552721133,-383.1696899796327,-396.4491862830319,-408.46365253925296,-419.3336065574014,-429.1680845608741,-438.06573499100796,-446.11580811784097,-453.3990513805666
97,0.33203125,-62.80260012044534,-109.80165604151345,-152.27706530632514,-190.69967525467044,-225.46070221213074,-256.9096624323972,-285.36220585398837,-311.1038347845539,-334.39283944705466,-355.4628990641254,-374.5254280177333,-391.77169748888775,-407.3747547773489,-421.4911596987133,-434.2625555138018,-445.81709016615173,-456.2707020958865,-465.7282835366392,-474.2847329712311,-482.0259073085653
98,0.33125000000000004,-66.44661275690167,-116.17385741820712,-161.1155706663737,-201.76974654837792,-238.5501844138607,-271.8265968349337,-301.93288621710514,-329.17107272549333,-353.81439614450767,-376.1100652339452,-396.2817381764231,-414.53176598819226,-431.0432222108128,-445.981739302399,-459.4971701293227,-471.72509120491895,-482.7881627405466,-492.79735914269685,-501.8530822934108,-510.04616877753335
99,0.33046875000000003,-69.9835327665718,-122.35657141881566,-169.68874608057018,-212.50473382610875,-251.24047823062517,-286.2854562578841,-317.99140718892085,-346.67647619989145,-372.62848537603975,-396.1078320858068,-417.350103319969,-436.5684398628938,-453.95567502609424,-469.68626955442943,-483.91806215253825,-496.79385320903253,-508.4428376167447,-518.9819010704482,-528.5167928520459,-537.1431868728653
100,0.3296875,-73.41713171454079,-128.3608745976188,-178.01702204790024,-222.9358240179756,-263.57449842792084,-300.34154870123905,-333.6059096650776,-363.70128810935546,-390.92959039627954,-415.56396046489044,-437.8515206452513,-458.01585052464293,-476.25922964470806,-492.76466659961005,-507.6977348723916,-521.208233806322,-533.4316913597266,-544.4907237101279,-554.4962653405788,-563.5486819438233
101,0.32890625,-76.73299366120949,-134.15711784547685,-186.0542393078551,-232.99963004848405,-275.4712731550676,-313.89620504644273,-348.66008575651773,-380.1117418591357,-408.5667527829417,-434.31062860580033,-457.60167645514366,-478.67359263487225,-497.73780758675116,-514.9856073763871,-530.5900530241277,-544.7077169517726,-557.4802539753819,-569.0358226116902,-579.4903709621916,-588.9488000791594
102,0.328125,-79.93500964138713,-139.7565043006567,-193.82093929169338,-242.72742799878577,-286.973788011931,-327.0047950465715,-363.2221417455897,-395.9891641103623,-425.63457372776156,-452.455765692842,-476.72180289175753,-498.676115040302,-518.5389405595506,-536.5095358708678,-552.7681742583769,-567.477954332512,-580.7864362236284,-592.8271219107704,-603.7207945300222,-613.5767300941557
103,0.32734375000000004,-83.00937013351962,-145.13054102870035,-201.2726462803617,-252.0580060713492,-298.0036960771994,-339.5716793502901,-377.1791589550372,-411.2034922311322,-441.986070298488,-469.83575567980535,-495.0319830898214,-517.8275635365317,-538.4512210529614,-557.1098876832515,-573.9907797847125,-589.2632764912801,-603.0806191931915,-615.5814490892676,-626.8911982419894,-637.1233480947047
104,0.32656250000000003,-85.96006165261274,-150.29048868078186,-208.4298859926265,-261.0225366709109,-308.6037887645732,-351.65194809080134,-390.59898853948164,-425.8356352361644,-457.71537837613147,-486.5580306707809,-512.6529367001779,-536.2618754834705,-557.6216864780533,-576.946645450385,-594.4306140409194,-610.2489845700796,-624.5604395829766,-637.5085437760771,-649.2231842702976,-659.8218736754801
105,0.32578125,-88.77396623544884,-155.20918616553976,-215.25014045848735,-269.56236066899,-318.69882711693486,-363.15358133239897,-403.3727972146684,-439.7600363357854,-472.6803967171374,-502.4641890860871,-529.410252936725,-553.7889553171962,-575.8449036920537,-595.7994002791005,-613.8526625215039,-630.1858319866452,-644.9627918548069,-658.3318112377989,-670.4270328287125,-681.3698188111349
106,0.325,-91.45514129904856,-159.89788222140976,-221.7537931363541,-277.70835460568674,-328.331144538547,-374.1310499394459,-415.5676626825863,-453.05668806734934,-486.97421551281013,-517.6605035949818,-545.423394682274,-570.5414031424737,-593.266509275272,-613.8266871108599,-632.4281914245353,-649.2576268947265,-664.4838201506376,-678.2595134820621,-690.722897197455,-701.9989959994112
107,0.32421875,-93.9912413151181,-164.33091505725895,-227.90054594266581,-285.4047736745593,-337.42907390962324,-384.4965207253094,-427.0795080453058,-465.60531358270254,-500.4604913096371,-531.9947636826462,-560.5245325303048,-586.3360540381382,-609.6883110158578,-630.8156114531565,-649.9299394719358,-667.223082275019,-682.868554438427,-697.0233388585775,-709.8294618248611,-721.415418022885
108,0.32343750000000004,-96.38636958737122,-168.51945214657664,-233.7105144046835,-292.68200818694356,-346.03422962548603,-394.3035094545343,-437.97422399586145,-477.48449576125995,-513.2306946772521,-545.5714273771832,-574.8311360672249,-601.303353330098,-625.2536467654418,-646.922283131465,-666.5266387090271,-684.2633800546622,-700.3104370093539,-714.8287877492116,-727.9640737810236,-739.84806108127
109,0.32265625000000003,-98.629029136747,-172.43948921196883,-239.14586877641602,-299.4875713437587,-354.07895825536644,-403.46891121043154,-448.15313169140666,-488.57997924323064,-525.1550805549963,-558.2454136571606,-588.1829919902833,-615.268196012684,-639.7727871640807,-661.9426346193763,-682.0001822265968,-700.1466803921217,-716.5642053126456,-731.4174858174342,-744.8555561528731,-757.0132512941237
110,0.321875,-100.72334385540373,-176.10204361076603,-244.22633263502985,-305.85117986116506,-361.60389861902,-412.04495671519885,-457.6805285779393,-498.96845276045553,-536.3229359442992,-570.1187218909909,-600.6948523503621,-628.358068394075,-653.3858876091439,-676.0293881573276,-696.5157276279845,-715.0504219410296,-731.819407152586,-746.9909048410907,-760.7171097833436,-773.1357168486485
111,0.32109375,-102.65873619620166,-179.48491657364568,-248.91677780503926,-311.7239285459772,-368.5458280805506,-419.9537816914891,-466.46374225552194,-508.54238686373395,-546.6119140987363,-581.0542950233025,-612.2151077166972,-640.4070049646117,-665.9128513371143,-688.9885613290884,-709.8656670743845,-728.7536414072559,-745.84199958477,-761.3022007610258,-775.289368293717,-787.9438461450985
112,0.3203125,-104.43932521458838,-182.59890741612693,-253.2364143111295,-317.1346773057729,-374.9441593323442,-427.24600979942045,-474.56508050802233,-517.376103325845,-556.1085679675261,-591.1510449028434,-622.8550851201446,-651.5387470193145,-677.489787186525,-700.9685472067183,-722.2105654756691,-741.4289402026826,-758.8164673014022,-774.5475746106197,-788.7800718457364,-801.6567338342236
113,0.31953125000000004,-106.05551800944315,-185.42375973975882,-257.1530321252125,-322.03840407005396,-380.74049032196865,-433.8494974601706,-481.8984487345983,-525.3694615630167,-564.6987034268842,-600.2807834426575,-632.4727137245179,-661.5974917771273,-687.9473413467589,-711.7866444503068,-733.3545940348438,-752.8675938928126,-770.5214299170691,-786.4932344838454,-800.9432636750557,-814.0165051728541
114,0.3609375,85.95814649406482,150.28625216408193,208.423053639156,261.0129589105638,308.59139500100855,351.6367203637976,390.58094506090356,425.8148194320856,457.69185126620926,486.5318654047621,512.6242145579419,536.2306829049495,557.588112838224,576.910781384905,594.3925501854878,610.2088106146963,624.518243568227,637.4644115768194,649.1771992252316,659.7741163306338
115,0.31875000000000003,-107.51140340415635,-187.96998823687468,-260.6852092832956,-326.46293400687915,-385.9727646220731,-439.81294916006505,-488.52378090876357,-532.5939581705028,-572.4656057460827,-608.5387251473651,-641.1752091724571,-670.702472613654,-697.4167369412341,-721.5860020708727,-743.4527350322207,-763.2363025026464,-781.1351716023917,-797.328901024972,-811.9799424750174,-825.2352704838775
116,0.31796875,-108.79843228704455,-190.2194037673181,-263.8038524902118,-330.3674057444606,-390.5877608317486,-445.0703868079433,-494.36209103059696,-538.957458829941,-579.3039374687039,-615.8063412205885,-648.830915136279,-678.7090100523726,-705.7404072347688,-730.1963262193158,-752.3221460622444,-772.3398673128406,-790.4503394146114,-806.8352758859172,-821.6590775008583,-835.0704817642126
117,0.3171875,-109.92063804049408,-192.18217157367715,-266.5267932535411,-333.7784381599494,-394.6217194691943,-449.6682954370172,-499.47056975041795,-544.5281941588142,-585.2932027027363,-622.1745617937822,-655.5422748503654,-685.7310944361099,-713.0438806015252,-737.7546392844115,-760.1112712584262,-780.3380592004825,-798.6379178216249,-815.1944296310372,-830.173686753797,-843.7259572782715
118,0.47734375,47.32714285048176,82.74548976184823,114.75512802824922,143.71079871367218,169.90726271473264,193.60787270647344,215.05047057012143,234.45018641670458,252.00164874492975,267.8809432570147,282.24737998146486,295.2450914613202,307.00447864904896,317.64351907189115,327.26895038712627,335.97734119293017,343.85605983153414,350.9841508999643,357.4331282590718,363.2676924946859
119,0.4765625,43.25859386630195,75.6314263279007,104.88828715693629,131.35353943003085,155.2966791565147,176.95846982596774,196.55634200538398,214.28695680353394,230.3282290936506,244.84111991682664,257.9712530349112,269.8503766739017,280.5976858052469,290.321018359829,299.1179374189941,307.0767102630769,314.27719411488533,320.7916374748843,326.68540509501196,332.0176338699271
120,0.47578125000000004,39.12673715777588,68.40818798212064,94.87158946996436,118.81020635276725,140.46771949588927,160.06184566561632,177.78921237527913,193.82767151409755,208.33812630171533,221.4661505368318,233.34344941820376,244.0891807343411,253.81115016885593,262.6068927552152,270.5646513229631,277.76426174232535,284.2779538416398,290.17107602817174,295.5027508788831,300.326468276102
121,0.47500000000000003,34.931026751503154,61.071733936487426,84.69625002379522,106.0665179580374,125.40016826446447,142.89162579775228,158.71647147677714,173.03351315177366,185.98641988374848,197.7051696509365,208.30735494642744,217.89936329861257,226.57744513100536,234.42867979198203,241.5318494893625,247.95822992180302,253.77230555486182,259.03241672873554,263.7913450976352,268.0968432799418
122,0.47421875,30.685102157364966,53.64912707774084,74.40313620651132,93.17710986618545,110.1621465154238,125.5289847136209,139.43182533036986,152.0101455152631,163.39013118531406,173.68594672319023,183.00088048999558,191.42838087084507,199.05299362121315,205.95120994356685,212.19223379209518,217.83867609323113,222.94718283942845,227.56900335252286,231.75050441430153,235.53363541980806
123,0.4734375,26.388098279779797,46.13551410144258,63.982032540574714,80.12556144243109,94.73052408161978,107.94380798205002,119.89806189780028,130.7132613155057,140.49794371463284,149.35030265141054,157.35917435174537,164.60492973042275,171.1602812457341,177.0910127890799,182.45663997500068,187.31100748092976,191.70282944592242,195.6761783613063,199.27092736618596,202.5231503910339
124,0.47265625,22.054283337635894,38.55930157060615,53.47596306461786,66.96954582595392,79.17738771892193,90.2221964339617,100.21479549528854,109.25542738793908,117.4347827463281,124.83491267397582,131.53005188560695,137.58736322103707,143.06761125346853,148.02577175932655,152.51158315080417,156.57004539219804,160.24187139762128,163.56389543337295,166.56944261851925,169.2886632280045
125,0.47187500000000004,17.68247844672487,30.914853586470706,42.87334474863641,53.6906045092387,63.47683516589447,72.3304812991886,80.34044167267388,87.58711971865911,94.14325216356256,100.0746427439299,105.44082371196596,110.29565385389523,114.68785936486545,118.66152309839875,122.25652714096101,125.50895317727318,128.45144467996138,131.11353456894355,133.52194163615985,135.70083871557608
126,0.47109375000000003,13.287492566798825,23.231745252879026,32.219093025182424,40.349092577617014,47.704474444292764,54.359158910806464,60.37990889003418,65.82711417222241,70.75541096939689,75.21423123183278,79.24829834452508,82.89807551921027,86.20017151158737,89.18770772676996,91.89065037987669,94.33611103219197,96.54861850979302,98.55036492698673,100.3614282788039,101.99997383282134
127,0.4703125,8.867840293201398,15.50359282383688,21.50032872481408,26.924627453335884,31.83179089393781,36.271213738107605,40.28749666633611,43.92097534072188,47.208137286657994,50.181990717335026,52.8723968734875,55.30637035392852,57.5083506760536,59.500447868749816,61.30266460287958,62.93309711376057,64.40811694871161,65.74253537504259,66.94975210644742,68.04188984605851
128,0.46953125,4.438780024499032,7.760957603974991,10.763581756012243,13.479874059648592,15.937447655238458,18.160979678182546,20.17276081235585,21.992955828090658,23.639809662743776,25.12983034719153,26.47795420053659,27.69769533577602,28.801280984561892,29.799773974937228,30.703183572087024,31.520565781412877,32.26011411160037,32.92924170230149,33.53465563618017,34.08242417779293
129,0.46875,-0.0014710064212374626,-0.0032526420856396135,-0.0052437858786875576,-0.007348586299949031,-0.009506528718546715,-0.011677347654851258,-0.013833425802783177,-0.015955556016446118,-0.018030373502005044,-0.020048696755165046,-0.022004402587783058,-0.02389363506015281,-0.025714233642327052,-0.027465311013975213,-0.029146936179975175,-0.030759893581318528,-0.032305498192808806,-0.03378545256614197,-0.035201735726639885,-0.03655651657623305
130,0.46796875000000004,-4.437299035202054,-7.757678829319994,-10.75829038840662,-13.47245207278424,-15.927838382363708,-18.1491674768921,-20.158758333057182,-21.97679552490991,-23.621537877692607,-25.10950305912292,-26.45563390493381,-27.673448721315733,-28.77517718694341,-29.771883258077423,-30.673576331028773,-31.48931179057769,-32.22728196205644,-32.894898385771555,-33.49886624357116,-34.04525168746124
131,0.46718750000000003,-8.870773200078807,-15.510077956552884,-21.5107837856008,-26.939279034790903,-31.850744934798968,-36.29449589659391,-40.31507753838594,-43.95278722832875,-47.24408584642102,-50.22196330111504,-52.916268626055924,-55.35400873336282,-57.559618833986434,-59.55520718882686,-61.36077660740821,-62.994424890071755,-64.47252620686339,-65.80989522049678,-67.01993559123083,-68.11477434726947
132,0.46640625,-13.286020634899128,-23.228486497408113,-32.21383391824589,-40.341715780728336,-47.69492360483174,-54.347418451945856,-60.36599135744398,-65.81105179704817,-70.73724978863339,-75.1940268632262,-79.226112885344,-82.87397523688799,-86.17422510808218,-89.15998502766782,-91.8612213432363,-94.30504500123365,-96.51598365344968,-98.51622782630196,-100.32585362715734,-101.96302422534764
133,0.465625,-17.685384092107245,-30.921278389711546,-42.883702478095024,-53.705119600046594,-63.495612523185464,-72.35354629732895,-80.36776513965867,-87.61863454881741,-94.17886485787264,-100.11424167306821,-105.48428515712511,-110.34284648496418,-114.73864758903451,-118.71576957478372,-122.31409466928547,-125.56970611072867,-128.51524997283983,-131.1802625419001,-133.59146652202742,-135.77303903414085
134,0.46484375,-22.052829465215172,-38.55608273140333,-53.47076828245488,-66.96225913388773,-79.1679533907398,-90.21059902361702,-100.20104733960495,-109.23956027341833,-117.41684210171917,-124.81495339691486,-131.50813527923935,-137.56355471273557,-143.04197868019392,-147.99838407250093,-152.48250943699568,-156.53935413465766,-160.20962992338187,-163.5301695044158,-166.53429613538248,-169.25215802150376
135,0.46406250000000004,-26.390958677036497,-46.14183877122273,-63.99222872211029,-80.13984999011599,-94.74900818515098,-107.9665125447157,-119.92495813275265,-130.7442831001578,-140.53299895133176,-149.38928140168122,-157.4019547827868,-164.65138252322552,-171.2102728911682,-177.14440806296508,-182.5133037969732,-187.37080630489692,-191.76563229098394,-195.74185756471473,-199.33935912029136,-202.59421511186912
136,0.46328125000000003,-30.683675236323694,-53.645967808739854,-74.39803742186562,-93.16995764610773,-110.15288606874238,-125.51760078957442,-139.41832995412403,-151.99456980967713,-163.37251967125937,-173.6663532234096,-182.9793651222221,-191.40500780842675,-199.02782940982289,-205.9243222296177,-212.163690361102,-217.80854414455789,-222.91552844316666,-227.53589104777953,-231.71599691786164,-235.49779342129622
137,0.4625,-34.933824194545906,-61.077919290180404,-84.70622144393066,-106.08049131757602,-125.41824436674425,-142.91382889085003,-158.7427733097855,-173.06384896981936,-186.02069953873783,-197.7432855566023,-208.34918789360614,-217.94478676589392,-226.62632850776413,-234.4808907984273,-241.58725599393276,-248.01670130045625,-253.8337136987565,-259.0966367800831,-263.8582559743111,-268.1663280354671
138,0.46171875,-39.12534591589652,-68.40510757521672,-94.86661777306624,-118.80323215692435,-140.45868924832195,-160.05074437444605,-177.77605165325596,-193.81248160551675,-208.32095052539205,-221.44704129220153,-233.32246525324777,-244.06638416170546,-253.78660602407655,-262.58066695631464,-270.53680993222724,-277.7348702585535,-284.24707666998034,-290.1387760878509,-295.4690893185686,-300.29150427362987
139,0.4609375,-43.261311039817514,-75.63743404859513,-104.89797200009411,-131.36711091814738,-155.31423505105147,-176.98003354015685,-196.5818859719909,-214.3164180116637,-230.36151988084112,-244.8781356956309,-258.01187794088355,-269.89448775199327,-280.6451561397065,-290.3717194241184,-299.17174084032354,-307.1334891419781,-314.3368240032757,-320.8539970901228,-326.75037682879946,-332.08510413733
140,0.46015625000000004,-47.32579579892808,-82.7425070313717,-114.75031374135364,-143.70404502048473,-169.89851759753932,-193.59712149495508,-215.03772436681768,-234.4354743780337,-251.98501270086973,-267.86243384385784,-282.2270538024211,-295.223008971394,-306.9807025647092,-317.61811316931323,-327.24197859299375,-335.9488668983855,-343.82614537808695,-350.95285719893184,-357.4005145152626,-363.2338160117983
141,0.45937500000000003,-51.32207748913229,-89.73061880148984,-124.44299154348687,-155.8438083885055,-184.25266153602288,-209.95509704255835,-233.20900544551128,-254.24765446774833,-273.2820841338285,-290.503229863161,-306.0838380069887,-320.1801983930549,-332.93371185723726,-344.4723085145416,-354.91173097002587,-364.3566953192282,-372.9019415688716,-380.63318400444325,-387.6279710309474,-393.95646310732536
142,0.45859375,-55.23446638678811,-96.56977134684234,-133.92653573841235,-167.7188744599916,-198.29086480636724,-225.94990760993485,-250.9736175293492,-273.61309391515846,-294.09550279152086,-312.6263646161869,-329.3916177976947,-344.55948472470266,-358.2821598402587,-370.69733682584496,-381.9295902498219,-392.09162555709105,-401.2854099502621,-409.6031955146947,-417.1284448568372,-423.9366685460471
143,0.47890625000000003,55.23576100399245,96.57263817495706,133.9311632384686,167.7253664930128,198.2992715660124,225.9602433829101,250.98587181699656,273.627238850913,294.111498311529,312.6441621762333,329.41116310259406,344.5807197617962,358.30502440866087,370.72176969230526,381.9555300234444,392.1190113495949,401.3141818709674,409.6332950371497,417.1598150852303,423.969254403048
144,0.478125,51.31945740131798,89.72482592453224,124.4336533061463,155.83072294692556,184.23573480606012,209.93430661933743,233.1843780684181,254.21925103781393,273.24998930701946,290.4675446000958,306.04467412725626,320.13767453907224,332.88795047695595,344.4234335963256,354.8598663420195,364.3019633777893,372.84446233629996,380.57307444125985,387.5653445459724,393.89142922188216
145,0.4578125,-59.0664262386426,-103.27058438325413,-143.22077853836845,-179.3596767639394,-212.05510882033354,-241.63571719458378,-268.3983133956245,-292.6113690324347,-314.5177728018343,-334.337274247347,-352.26868854895184,-368.49189064891186,-383.1696194258874,-396.4491100588224,-408.4635709317293,-419.33351987303524,-429.1679931188301,-438.06563911752454,-446.1157081414973,-453.3989476283446
146,0.45703125,-62.80259809715517,-109.80165084383519,-152.27705598779878,-190.69966108037326,-225.46068263326805,-256.90963706217576,-285.36217444517234,-311.10379720884526,-334.3927956764201,-355.4628491540255,-374.5253720921998,-391.7716357273521,-407.3746874030838,-421.49108696877283,-434.26247771032143,-445.81700758887956,-456.27061505581304,-465.72819235061394,-474.28463795744466,-482.0258087828072
147,0.47968750000000004,59.0639194474781,103.26504221877782,143.2118447670234,179.3471584983952,212.03891626414966,241.61582911666557,268.3747555670375,292.584199890499,314.48707349311746,334.3031414997714,352.2312294621514,368.4512188333796,383.1258521170402,396.40236595078034,408.41396855120513,419.2811763637413,429.1130233409292,438.0081549905984,446.055818176728,453.33675660811883
148,0.45625000000000004,-66.44661080476781,-116.17385240821623,-161.1155616923582,-201.76973290989105,-238.55016559108682,-271.82657246492136,-301.93285607170634,-329.17103669113715,-353.8143542039224,-376.11001744977455,-396.28168467667723,-414.5317069534357,-431.0431578629435,-445.98166989490693,-459.4970959388852,-471.72501252420597,-482.7880798721019,-492.7972723937844,-501.852991971706,-510.04607518757075
149,0.0,-69.98353088304835,-122.35656658971496,-169.68873743845603,-212.50472070362602,-251.24046013572922,-286.2854328504292,-317.9913782589782,-346.67644164791056,-372.62844519495746,-396.1077863450424,-417.3500521512419,-436.56838344775923,-453.9556135850531,-469.6862033374948,-483.917991431117,-496.7937782689966,-508.4427587525534,-518.9818185802178,-528.5167070334409,-537.1430980197268
150,0.0,-73.41712989711671,-128.36086994260123,-178.0170137248786,-222.9358113910974,-263.57448103144395,-300.34152621647917,-333.60588189910453,-363.7012549755403,-390.92955189678815,-415.5639166750535,-437.85147169974385,-458.01579660536316,-476.2591709702113,-492.7646034159777,-507.6976674453934,-521.2081624147454,-533.4316162897361,-544.4906452505496,-554.4961837789867,-563.5485975633434
151,0.49921875000000004,112.95560808469016,197.4877136245165,273.88386966011075,342.99085803185,405.51226581452454,462.0766947897677,513.2518450975641,559.5512003057183,601.4393052572311,639.3364430688908,673.6228540397494,704.6425509984549,732.706770928682,758.0970977065842,781.0682873103312,801.8508238534212,820.6532320891749,837.6641695895314,853.0543195902983,866.9781034947746
152,0.49843750000000003,112.69506031686659,197.03263691968863,273.2533495707443,342.2019680234688,404.5804111303152,461.01579421145783,512.0744777539259,558.2687355907636,600.0620195939825,637.8736251794186,672.082899949478,703.0330498211503,731.0345823535014,756.3684220070701,779.2887286085945,800.025447297308,818.7866155336934,835.7604503147885,851.1172365355433,865.0110354410191
153,0.5,113.04342653475747,197.6416228302701,274.0978048950849,343.2593622275478,405.8303909758149,462.4399516232112,513.6561611727479,559.9928820316454,601.9150030726383,639.8431196459875,674.1577553062946,705.2031797702158,733.2908629433423,758.7025998573051,781.6933378883342,802.4937346218538,821.3124720238916,838.3383501355889,853.7421812956143,867.678503894302
154,0.49765625,112.25929492324705,196.27036948614355,272.1956922512642,340.8768173458711,403.01298801842916,459.2289254480098,510.08882544107973,556.1030021697461,597.7331333770693,635.3969084524141,669.4722212544833,700.3009618731156,728.1924469216461,753.4265229773313,776.2563743351363,796.9110632506163,815.5978281602085,832.5041629382152,847.7996980525687,861.6379024936656
155,0.496875,111.65169906575161,195.20842566094302,270.72342566101753,339.03365332546497,400.834532331881,456.74737410220064,507.33329692439474,553.0998326736106,594.5061429324031,631.9676414095121,665.8601636899999,696.523738174507,724.2659975620658,749.365265292168,772.0733479330553,792.6180615327057,811.2055172779454,828.0221893924501,843.2367860199529,857.0019418625371
156,0.49609375,110.87084676826292,193.84289394986197,268.8292154828354,336.6609508263621,398.02869087360995,453.54942736995434,503.7803760180458,549.2255377874554,590.3408790976112,627.5389223135635,661.1928866520573,691.6404330055639,719.187051779216,744.1091279258952,766.6567139568576,787.0560387536357,805.5117773532958,822.2091044804806,837.3155524298438,850.9826919394045
157,0.49531250000000004,109.91994536898744,192.1806371968162,266.52431576404564,333.7749613713156,394.61721588126915,449.6627567591766,499.46400097576037,544.5206096148488,585.2846232979247,622.1650130363099,655.5317853908119,685.719694979159,713.031603085181,737.7415162574542,760.0973354073376,780.3233429906334,798.6224532266941,815.1782479311398,830.15681838743,843.7084317365778
158,0.49453125000000003,108.79883158578181,190.2202863311877,263.8052748270821,330.369398415684,390.59033808596143,445.07355210830934,494.36584050578415,538.9617835631466,579.3088250805904,615.8117769954129,648.8368828383599,678.7154925252931,705.7473868441496,730.203785180709,752.3300666833906,772.3482321713857,790.459131486744,806.844478637473,821.6686749496256,835.0804585200958
159,0.49375,107.51049331437918,187.9679755570911,260.681964201105,326.45838615634216,385.966881204582,439.80572239569074,488.5152201906805,532.5840848433572,572.4544494752756,608.5263213169126,641.1615969807377,670.6876936602304,697.400834168902,721.5690189701722,743.4347150431036,763.2172885661641,781.1152058276517,797.3080244453207,811.9581948736617,825.2126902737109
160,0.49296875,106.05603138219928,185.424896598723,257.1548673409812,322.0409790848271,380.7438253982366,433.8535987095361,481.90331251670995,525.375077417444,564.7050561151191,600.2878544142999,632.4804821922155,661.605935515806,687.9564372931009,711.7963691543864,733.3649240005251,752.8785058334176,770.5329009458472,786.5052422539258,800.9557864800727,814.0295220168464
161,0.4921875,104.4382006614955,182.59642161158936,253.23240798969766,317.1290645986855,374.9369007020571,427.2370965253652,474.5545249918431,517.3639326417808,556.0948193796304,591.1357626536006,622.8383180817265,651.520546951887,677.4702074357273,700.947641725651,722.1883880906342,741.4055440643757,758.7919044785422,774.5218957937784,788.7533261368606,801.6289686029756
162,0.49140625000000004,102.65935860832569,179.48629558754124,248.9190048768678,311.7270545662298,368.5498781970248,419.95876381654466,466.4696523908935,508.5492126502477,546.6196372898041,581.0628932625239,612.2245558430312,640.4172759848892,665.9239171576621,689.0003933091008,709.8782364451381,728.7669195890453,745.8559584250298,761.316812711258,775.3046065386313,787.9596846942922
163,0.49062500000000003,100.72201046727929,176.09909650235315,244.2215832742432,305.84452670908865,361.5952950259519,412.03439252156437,457.6680186204191,498.9540292286991,536.3066430710617,570.1006121501723,600.6749836777392,628.3365021273819,653.3626869483091,676.0046170088879,696.4894497379353,715.0227002470382,731.7903033046202,746.9604788523053,760.6854197822207,773.1028189100691
164,0.48984375,98.62975578359365,172.44109925991333,239.1484690760207,299.49122136132394,354.0836873764331,403.4747286716306,448.16003279797314,488.5879495147166,525.1640986147485,558.2554533093723,588.1940237454087,615.280188224354,639.7857068846689,661.9564482473653,682.0148559972548,700.1621807487319,716.5804991857036,731.4345408323943,744.8733407821148,757.0317349651763
165,0.4890625,96.38483488539518,168.5160600154828,233.70504775545473,292.6743500324827,346.02432613635915,394.2913487866074,437.9598230646608,477.46789144777307,513.211937719191,545.5505779956435,574.8082607702861,601.2785225442012,625.226933065244,646.8937599116381,666.4963791877931,684.2314565295503,700.2769203065516,714.7937468225977,727.9275754275175,739.8101697468279
166,0.48828125,93.99206719226585,164.33274479751248,227.9035007932125,285.408921007935,337.4344469009744,384.5031296467504,427.08734733639767,465.6143665649399,500.47073347239404,532.0061650452475,560.5370593767647,586.3496702100529,609.702978885284,630.831292658648,649.9465954763193,667.2406747872598,682.8870457307748,697.0426920024086,709.8496408630467,721.4363880923966
167,0.48750000000000004,91.45341435296342,159.89406492760452,221.74764094102443,277.69973557693277,328.3199978083803,374.11736188734847,415.551452058159,453.03799609777036,486.9530990310898,517.637030120298,545.397638824205,570.5134439363553,593.2364281907445,613.7945665575226,632.3941136307415,649.2216730700638,664.4460698661511,678.2200442188174,690.6817840259134,701.9563113607356
168,0.48671875000000003,88.77488595867965,155.21122353191578,215.25343017988348,269.56697744486985,318.7048075634579,363.1609365689836,403.3815207430478,439.77010929328225,472.69179153780544,502.4768721321746,529.424186430967,553.8040987826639,575.8612150353456,595.8168366095734,613.8711807718383,630.2053893819418,644.9833462649821,658.3533214393785,670.4494586958976,681.3931214514241
169,0.4859375,85.958152892206,150.28626917794278,208.42308510351708,261.01300821605054,308.59146511260326,351.63681384392595,390.5810640951377,425.8149658560688,457.6920265928114,486.5320708508381,512.6244510702579,536.2309511849924,557.5884133657253,576.9111144399731,594.3929158693039,610.2092088687718,624.518674192239,637.4648742450722,649.177693501797,659.7746416832308
170,0.48515625,83.01037787305384,145.13277303495593,201.2762498026776,252.0630625912069,298.01024535336717,339.57973321935424,377.18870996978274,411.2145194195172,441.9985431767011,469.8496371361965,495.047231502149,517.8441343492312,538.4690679633412,557.1289635382731,574.011037259962,589.2846686038896,603.1030996868371,615.6049727198683,626.9157209858995,637.1488272961615
171,0.484375,79.93293071954425,139.75190829745364,193.81353107412608,242.71704798289602,286.96036217088846,326.9883062597271,363.2026118999777,395.9666421981592,425.60912757730847,452.42747604774206,476.6907590824709,498.6424117758039,518.5026755288095,536.4708079423568,552.7270821285128,567.4345955154245,580.7409063029479,592.7795139940114,603.6711988604244,613.5252337852426
172,0.48359375000000004,76.7340831238493,134.15953051880334,186.05813402507692,233.0050945320306,275.4783500290396,313.90490676559244,348.67040395027016,380.12365356032467,408.58022476760374,434.3256205113556,457.618143069117,478.6914855994431,497.7570766802456,515.0062014817066,530.6119208615966,544.7308076323981,557.5045174157879,569.0612098416924,579.5168343485892,588.9762934838817
173,0.48281250000000003,73.41489539511564,128.35593029011918,178.00905192111352,222.924656044074,263.5600526226343,300.323806312781,333.5848939254707,363.6770514333351,390.90220548744264,415.53351394678987,437.81810840496536,457.9795742608147,476.22019428645837,492.7229783685899,507.6534998276487,521.1615567562824,533.3826750560075,544.4394682592899,554.4428677852724,563.4932359759779
174,0.48203125,69.98469720364108,122.35914980229374,169.69290783297254,212.5105723584217,251.24803876129104,286.2947517778676,318.0024284534785,346.68919838840134,372.64287273152013,396.12384124787576,417.36768577068904,436.5875437478641,453.9762465231193,469.7082539074198,483.9414044535197,496.8184989881572,508.46873328443735,519.0089942448102,528.5450325967324,537.1725238648351
175,0.48125,66.44423281227886,116.16859525186264,161.1070877033546,201.757859375159,238.5348075817121,271.8077100784075,301.9105139736284,329.1452705144283,353.78524110306233,376.07764933934317,396.24616328997706,414.49314018083874,431.0016570152107,445.9373476493199,459.4500647977778,471.67538366292683,482.73596228582255,492.74277227528677,501.7962122686255,509.98711529944484
176,0.48046875,62.803832350957286,109.80438423645587,152.281468435993,190.7058518473209,225.46869980768486,256.91949448493756,285.37386230949113,311.1172891305958,334.408053623312,355.47982698943434,374.54401817786083,391.7918948628266,407.3965022846225,421.5143992922785,434.28722900631294,445.84313985300383,456.29807122177783,465.75691664072104,474.3145761375476,482.05690834232206
177,0.47968750000000004,59.0639194474781,103.26504221877782,143.2118447670234,179.3471584983952,212.03891626414966,241.61582911666557,268.3747555670375,292.584199890499,314.48707349311746,334.3031414997714,352.2312294621514,368.4512188333796,383.1258521170402,396.40236595078034,408.41396855120513,419.2811763637413,429.1130233409292,438.0081549905984,446.055818176728,453.33675660811883
178,0.0,55.23576100399245,96.57263817495706,133.9311632384686,167.7253664930128,198.2992715660124,225.9602433829101,250.98587181699656,273.627238850913,294.111498311529,312.6441621762333,329.41116310259406,344.5807197617962,358.30502440866087,370.72176969230526,381.9555300234444,392.1190113495949,401.3141818709674,409.6332950371497,417.1598150852303,423.969254403048
179,0.0,51.31945740131798,89.72482592453224,124.4336533061463,155.83072294692556,184.23573480606012,209.93430661933743,233.1843780684181,254.21925103781393,273.24998930701946,290.4675446000958,306.04467412725626,320.13767453907224,332.88795047695595,344.4234335963256,354.8598663420195,364.3019633777893,372.84446233629996,380.57307444125985,387.5653445459724,393.89142922188216
180,0.45546875000000003,-69.98353088304835,-122.35656658971496,-169.68873743845603,-212.50472070362602,-251.24046013572922,-286.2854328504292,-317.9913782589782,-346.67644164791056,-372.62844519495746,-396.1077863450424,-417.3500521512419,-436.56838344775923,-453.9556135850531,-469.6862033374948,-483.917991431117,-496.7937782689966,-508.4427587525534,-518.9818185802178,-528.5167070334409,-537.1430980197268
181,0.4546875,-73.41712989711671,-128.36086994260123,-178.0170137248786,-222.9358113910974,-263.57448103144395,-300.34152621647917,-333.60588189910453,-363.7012549755403,-390.92955189678815,-415.5639166750535,-437.85147169974385,-458.01579660536316,-476.2591709702113,-492.7646034159777,-507.6976674453934,-521.2081624147454,-533.4316162897361,-544.4906452505496,-554.4961837789867,-563.5485975633434
182,0.45390625,-76.73299190751658,-134.15711335822434,-186.05423129221757,-232.99961789884026,-275.4712564308749,-313.8961834495385,-348.66005911018925,-380.11171008904637,-408.56671590000167,-434.3105866909034,-457.60162964569895,-478.6735411130188,-497.7377515691065,-514.985547105209,-530.5899887597491,-544.7076489661806,-557.4801825468052,-569.0357480200901,-579.4902934855372,-588.9487199903983
183,0.453125,-79.93500794908962,-139.75649997484592,-193.8209315715589,-242.72741630748257,-286.9737719327787,-327.004774300711,-363.22211617142625,-395.98913364486816,-425.63453838972043,-452.45572556794866,-476.721758119497,-498.67606580249424,-518.538887070407,-536.5094783684417,-552.7681129972638,-567.4778895776707,-580.7863682451934,-592.8270509797422,-603.7207209147246,-613.5766540573687
184,0.45234375000000004,-83.00936850040387,-145.1305368584448,-201.27263884484364,-252.05799482133455,-298.0036806188637,-339.5716594232273,-377.17913441206844,-411.2034630199798,-441.98603644538497,-469.8357172749506,-495.0319402745974,-517.8275164923699,-538.4511699916994,-557.1098328388629,-573.990721406263,-589.263214836986,-603.080554525444,-615.5813816705182,-626.891128331381,-637.1232759453604
185,0.45156250000000003,-85.96006007650848,-150.2904846602152,-208.4298788307197,-261.02252584470955,-308.6037739018927,-351.65192894858575,-390.598964983979,-425.83560722496816,-457.7153459421519,-486.5579939080499,-512.6528957514014,-536.2618305292096,-557.6216377273746,-576.9465931328648,-594.43055839985,-610.248925856758,-624.5603780519358,-637.5084796811617,-649.2231178614617,-659.8218051962267
186,0.45078125,-88.77396471430201,-155.20918228920394,-215.25013356010692,-269.5623502508218,-318.69881282751624,-363.15356294525355,-403.3727746088407,-439.76000947824326,-472.6803656470974,-502.4641539011617,-529.4102137808014,-553.7889123699232,-575.8448571597794,-595.7993503871392,-613.8526095075875,-630.185776095432,-644.9627333333152,-658.3317503316608,-670.426969779136,-681.3697538524865
187,0.45,-91.4551398308391,-159.89787848385876,-221.753786491304,-277.70834457938986,-328.3311307991571,-374.13103227607036,-415.5676409861769,-453.05666231346413,-486.974185746288,-517.6604699164275,-545.4233572362567,-570.5413621073162,-593.2664648542684,-613.8266395248014,-632.4281409053987,-649.2575736803981,-664.4837644805431,-678.2594555935954,-690.7228373230956,-701.9989343644471
188,0.44921875,-93.99123989794835,-164.3309114534456,-227.9005395416229,-285.4047640255552,-337.4290606995916,-384.49650375824217,-427.0794872234968,-465.60528888985806,-500.46046279589507,-531.9947314513894,-560.5244967266731,-586.33601483911,-609.6882686217398,-630.815566080361,-649.9298913468978,-667.2230316291292,-682.8685015038485,-697.0232838648441,-709.8294049961441,-721.4153595758493
189,0.44843750000000004,-96.38636821936187,-168.5194486714504,-233.71050823821105,-292.68199890029945,-346.0342169233796,-394.3034931549428,-437.97420401162265,-477.4844720835297,-513.2306673608617,-545.5713965277781,-574.8311018300834,-601.3033158805007,-625.2536063004271,-646.9222398628525,-666.5265928575581,-684.2633318451348,-700.3103866666229,-714.8287354949498,-727.9640198311333,-739.8480056438677
190,0.44765625000000003,-98.6290278161268,-172.43948586083434,-239.14586283585916,-299.4875624059638,-354.0789460420564,-403.4688955529374,-448.1531125126024,-488.5799565413304,-525.155054389244,-558.2453841352849,-588.1829592576155,-615.2681602428074,-639.772748550845,-661.9425933701575,-682.0001385566551,-700.1466345199316,-716.5641574560714,-731.417436190648,-744.8555049639062,-757.0131987429721
191,0.446875,-100.72334258043512,-176.10204037895582,-244.22632691167632,-305.8511712584491,-361.60388687476654,-412.0449416732806,-457.6805101705503,-498.96843099224594,-536.3229108783911,-570.1186936367446,-600.6948210527889,-628.3580342247604,-653.3858507585147,-676.029348828145,-696.5156860299109,-715.0503782861502,-731.8193616517547,-746.9908577009991,-760.717061204207,-773.1356670224305
192,0.44609375,-102.65873496523781,-179.4849134568047,-248.9167722908736,-311.7239202658433,-368.5458167876819,-419.9537672417279,-466.46372458992744,-508.54236599304596,-546.6118900897103,-581.0542679867813,-612.2150777973092,-640.4069723319603,-665.9128161782925,-688.9885238423936,-709.865627464092,-728.7535998793215,-745.8419563433404,-761.3021560056558,-775.2893222171808,-787.9437989317287
193,0.4453125,-104.43932402601835,-182.59890440993493,-253.23640899810033,-317.13466933551456,-374.9441484726713,-427.2459959174127,-474.5650635529624,-517.3760833140079,-556.1085449688301,-591.1510190292195,-622.8550565155177,-651.538715851052,-677.4897536381926,-700.9685114720146,-722.2105277533957,-741.4289006926268,-758.8164262010059,-774.5475321123369,-788.7800281349699,-801.6566890877712
194,0.44453125000000004,-106.05551686175059,-185.42375684019936,-257.1530270059274,-322.03839639815027,-380.74047987920983,-433.8494841243563,-481.89843246282567,-525.3694423767895,-564.6986813990708,-600.2807586861534,-632.4726863824993,-661.5974620147547,-687.9473093441654,-711.7866103967445,-733.3545581238461,-752.867556318249,-770.5213908699662,-786.4931941498804,-800.9432222326122,-814.0164627915713
195,0.44375000000000003,-107.51140229584948,-187.9699854399536,-260.68520435032144,-326.46292662161505,-385.97275457948103,-439.8129363480034,-488.5237652915699,-532.5939397744169,-572.4655846465084,-608.5387014578193,-641.1751830350925,-670.7024441912101,-697.4167064102548,-721.5859696160582,-743.4527008417768,-763.2362667645066,-781.1351345011863,-797.3288627396532,-811.9799031770284,-825.2352303358014
196,0.44296875,-108.79843121672458,-190.21940106932686,-263.80384773672387,-330.3673986352066,-390.58775117431276,-445.07037449977474,-494.36207604290627,-538.9574411934327,-579.3039172611336,-615.8063185559923,-648.8308901557577,-678.708982916284,-705.7403781161654,-730.1962952984984,-752.3221135222908,-772.3398333359884,-790.450304179371,-806.835239564821,-821.6590402587393,-835.0704437569503
197,0.4421875,-109.9206370067768,-192.18216897091867,-266.52678867267167,-333.77843131589907,-394.6217101814889,-449.6682836121007,-499.4705553658602,-544.5281772493474,-585.2931833481027,-622.1745401082403,-655.5422509737284,-685.7310685261758,-713.0438528277298,-737.7546098225768,-760.1112402864643,-780.3380268949362,-798.6378843549172,-815.1943951693422,-830.1736514554248,-843.725921292505
198,0.44140625,-110.87056705196116,-193.84227940522126,-268.82822996630205,-336.6595759155297,-398.0269189808101,-453.54725786066183,-503.77781283963367,-549.2225879323024,-590.3375515645401,-627.5352273854954,-661.1888353839327,-691.6360368570549,-719.1823223498235,-744.1040767639782,-766.6513524228715,-787.0503779235556,-805.5058279520986,-822.2028768382279,-837.3090564547806,-850.9759371038982
199,0.44062500000000004,-111.6521744265187,-195.20948549297472,-270.7251466595454,-339.0360809059482,-400.8376916008079,-456.7512762291765,-507.3379431908314,-553.1052172158234,-594.5122546853848,-631.9744655281127,-665.867682611333,-696.5319324247325,-724.274846375802,-749.3747470915399,-772.0834406997405,-792.6287430972513,-811.2167655444367,-828.0339825122179,-843.2491025248096,-857.0147607657411
200,0.43984375000000003,-112.25914896181594,-196.27005560043946,-272.1951967115539,-340.8761348802548,-403.01211836451444,-459.2278714143557,-510.0875917199627,-556.101594569057,-597.7315583071784,-635.3951725776258,-669.4703312552242,-700.2989242846606,-728.1902680267254,-753.4242087371827,-776.2539303481657,-796.9084947309263,-815.5951399304082,-832.5013594324242,-847.7967833265752,-861.6348802400187
201,0.4390625,-112.69533905191902,-197.0332705952637,-273.25439404186915,-342.20346023994085,-404.58237525379553,-461.0182452061204,-512.0774237191958,-558.2721793884313,-600.0659600394986,-637.8780579435714,-672.0878182570947,-703.0384450017546,-731.0404442807029,-756.3747394523982,-779.2954895283182,-800.0326390659673,-818.7942251347691,-835.7684644965616,-851.1256419384357,-865.0198187014563
202,0.43828125,-112.95561587787284,-197.48776160953486,-273.8839895067363,-342.9910790472361,-405.5126139219773,-462.0771923005581,-513.2525108131208,-559.5520497576817,-601.4403509994262,-639.3376949806782,-673.6243196212714,-704.6442356484623,-732.7086782008785,-758.0992295432637,-781.0706442535381,-801.8534052346494,-820.6560361990277,-837.6671938289287,-853.0575606048299,-866.9815572937886
203,0.4375,-113.04369942693832,-197.64228003817283,-274.09893717216704,-343.2610413767754,-405.8326739286239,-462.4428832710423,-513.6597764910739,-559.9972077438233,-601.9200589899265,-639.8489197672549,-674.1643087326707,-705.2104914732089,-733.2989344145197,-758.7114296607698,-781.7029221324267,-802.504067363085,-821.3235456135802,-838.3501555177809,-853.7547082633323,-867.6917413100535
204,0.43671875000000004,-112.95567385072543,-197.48788987196178,-273.88419638623077,-342.9913690879099,-405.5129892743781,-462.07765351882495,-513.2530573534979,-559.5526803104726,-601.4410637199686,-639.3384876550342,-673.6251897876108,-704.645180687252,-732.7096954025006,-758.1003161589418,-781.0717975337133,-801.8546224578054,-820.6573146931634,-837.6685309873383,-853.0589538974467,-866.9830042750614
205,0.43593750000000003,-112.69510779472978,-197.0327590778315,-273.2535691646163,-342.20230398237,-404.5808791256861,-461.0164070664393,-512.0752457879586,-558.2696669238331,-600.0631204182313,-637.8749000017287,-672.0843518078505,-703.0346804773992,-731.0363924646282,-756.3704112775324,-779.2908959254684,-800.0277908501324,-818.7891329206217,-835.7631386365022,-851.1200924782107,-865.0140553494814
206,0.43515625,-112.259322523632,-196.27043959873055,-272.19581607783914,-340.8770032191795,-403.01324211473616,-459.22925223509895,-510.0892279834931,-556.1034823544994,-597.7336920920197,-635.3975457337723,-669.4729364124013,-700.3017536004317,-728.193313388931,-753.4274619164072,-776.2573831126364,-796.9121389328079,-815.5989675700939,-832.5053627057782,-847.8009546588986,-861.6392123096301
207,0.434375,-111.6517133392797,-195.20846561537036,-270.72350199725395,-339.03377552972904,-400.8347085831124,-456.7476113015887,-507.3336007800569,-553.1002078061124,-594.5065929848456,-631.9681691545941,-665.8607711307583,-696.5244266373893,-724.266767781968,-749.3661174896033,-772.0742818838243,-792.6190766305461,-811.2066125906882,-828.0233637122238,-843.2380379079322,-857.0032696887464
208,0.43359375,-110.87085513471187,-193.84291677727128,-268.82925801063396,-336.66101721442334,-398.02878422216077,-453.54954979922616,-503.7805287742781,-549.2257213555648,-590.3410933104145,-627.5391664528037,-661.1931595395134,-691.640733083958,-719.187377183329,-744.1094765446747,-766.6570834873748,-787.0564267477515,-805.5121812578612,-822.2095216718417,-837.31598024332,-850.9831276943786
209,0.43281250000000004,-109.91994893496219,-192.1806470281962,-266.52433437838664,-333.7749910548922,-394.6172586943491,-449.6628145302511,-499.4640752961308,-544.5207018379666,-585.2847345443301,-622.1651442033385,-655.5319371658995,-685.7198678555159,-713.0317973788054,-737.7417321247165,-760.0975728625432,-780.3236019231344,-798.6227334172623,-815.1785490674171,-830.15714007833,-843.7087735255963
210,0.43203125000000003,-108.79883204771048,-190.22028789454083,-263.8052781373918,-330.3694040336576,-390.5903464431642,-445.0735634734675,-494.3658549644722,-538.9618010096501,-579.3088452195351,-615.8117993504928,-648.8369067659322,-678.7155172309896,-705.7474114010864,-730.2038085482873,-752.330087725948,-772.3482496761795,-790.4591441809278,-806.8444852038684,-821.6686740411554,-835.080448772849
211,0.43125,-107.51049148578548,-187.96797082626435,-260.68195557549643,-326.45837271710883,-385.96686211141423,-439.80569688827177,-488.51518758749427,-532.5840445385944,-572.454400934653,-608.5262640729409,-641.1615306279011,-670.6876178503234,-697.4007486066587,-721.5689234092853,-743.4346092826501,-763.2171724474223,-781.1150792312773,-797.3078872888567,-811.9580471093223,-825.2125318864145
212,0.43046875,-106.05602797453064,-185.42488766368783,-257.15485096729503,-322.04095356836314,-380.74378922586226,-433.8535505395404,-481.90325115819365,-525.3750018101804,-564.7049653109203,-600.2877475603425,-632.4803585165694,-661.6057943151358,-687.9562779223869,-711.796191018489,-733.3647265473722,-752.8782885485723,-770.5326633482433,-786.5049838925845,-800.9555069316,-814.0292208835764
213,0.4296875,-104.43819609865623,-182.59640956055964,-253.23238579915403,-317.12902990527283,-374.93685141115947,-427.23703079081207,-474.5544411966448,-517.3638293803972,-556.0946954418163,-591.1356170095753,-622.8381498685112,-651.5203554606243,-677.4699920998378,-700.947402109762,-722.1881238802155,-741.4052550560194,-758.7915905708552,-774.5215569788605,-788.7529624923221,-801.6285802844836
214,0.42890625000000004,-102.65935321485021,-179.48628132306547,-248.91897859771257,-311.72701348882515,-368.54981987497484,-419.95868611501135,-466.4695534606861,-508.549090902658,-546.6194913727383,-581.0627220380678,-612.2243583665615,-640.4170514857137,-665.9236650211377,-689.0001130602018,-709.8779277334179,-728.7665821749057,-745.8555921672282,-761.3164175555823,-775.3041825076463,-787.9592318780903
215,0.42812500000000003,-100.72200449676158,-176.09908069377678,-244.2215541265713,-305.8444811237039,-361.5952302823974,-412.03430625043245,-457.6679087757389,-498.95389406104715,-536.3064811021216,-570.100422148971,-600.6747646386868,-628.3362532500604,-653.36240761889,-676.0043067830878,-696.4891083253877,-715.0223274969421,-731.789899192563,-746.9600434681633,-760.6849533190258,-773.1023216537766
216,0.42734375,-98.62974939853554,-172.4410823567685,-239.14843792272808,-299.49117266879415,-354.08361827125685,-403.47463666587316,-448.1599157583864,-488.58780563258875,-525.1639263771422,-558.2552514720144,-588.1937913074072,-615.2799244047336,-639.7854111006524,-661.9561200943467,-682.0144952303701,-700.1617872659143,-716.5800730121297,-731.4340821062355,-744.8728497414811,-757.0312119361882
217,0.4265625,-96.38482823754003,-168.51604242014147,-233.70501533355997,-292.674299371438,-346.0242542605476,-394.2912531254056,-437.959701420089,-477.4677419629071,-513.2117588480546,-545.5503684748445,-574.8080195925894,-601.2782489340415,-625.2266264561199,-646.8934199253343,-666.4960056153304,-684.2310493137395,-700.2764795260453,-714.7932726773356,-727.927068225437,-739.8096298917534
218,0.42578125,-93.99206037353974,-164.33272676033988,-227.90346757671568,-285.40886913894946,-337.4343733625544,-384.5030318443233,-427.0872230636105,-465.6142139703007,-500.4705510274296,-532.0059515144559,-560.5368137895581,-586.3493918347085,-609.7026672048453,-630.830947348727,-649.9462163847047,-667.2402619152099,-682.8865992158867,-697.0422121029659,-709.8491279437142,-721.4358426111787
219,0.42500000000000004,-91.45340745531351,-159.89404669332964,-221.74760738088042,-277.69968320157756,-328.31992359494484,-374.1172632440212,-415.55132678870285,-453.0378423670098,-486.95291533205705,-517.6368152432964,-545.3973918279733,-570.5131641213378,-593.2361150744068,-613.7942198516548,-632.3937332206509,-649.2212589955317,-664.4456223040407,-678.2195634672283,-690.6812704897484,-701.9557655385872
220,0.42421875000000003,-88.77487903528858,-155.21120524337664,-215.25339654308772,-269.56692498631486,-318.70473328424697,-363.16083790813144,-403.38139554089054,-439.7699557559666,-472.691608203516,-502.47665783934514,-529.4239402886532,-553.8038201430815,-575.8609034685074,-595.8164918799688,-613.8708028170521,-630.2049782930859,-644.9829022688232,-658.3528448820537,-670.4489500280825,-681.3925812148582
221,0.4234375,-85.95814599944279,-150.28625098508957,-208.42305166660336,-261.0129561051523,-308.59139137531326,-351.6367159675199,-390.58093996909116,-425.814813735824,-457.69184506540375,-486.53185880260634,-512.6242076567975,-536.2306758033469,-557.5881056287436,-576.910774152765,-594.3925430076907,-610.2088035595962,-624.5182366954172,-637.4644049372728,-649.1771928616104,-659.7741102777281
222,0.42265625,-83.01037104198684,-145.13275502020375,-201.27621671808598,-252.06301106725743,-298.01017249940367,-339.579636584821,-377.18858750602413,-411.2143694429677,-441.9983643340412,-469.8494283716703,-495.0469920271917,-517.843863614387,-538.4687656323928,-557.1286294645108,-574.0106714644814,-589.2842712557792,-603.1026710851343,-615.6045132771659,-626.9152312134629,-637.1483077904516
223,0.421875,-79.93292398452873,-139.7518905518231,-193.813498509278,-242.71699730622768,-286.9602905668324,-326.98821135015817,-363.20249170542644,-395.9664951005867,-425.6089522849705,-452.42727156230904,-476.69052466852867,-498.64214693270355,-518.5023799647748,-536.4704815507694,-552.7267249662576,-567.4342077831524,-580.7404883271297,-592.779066210662,-603.6707218003514,-613.524728060718
224,0.42109375000000004,-76.73407650266206,-134.15951308878525,-186.05810206486177,-233.0050448342501,-275.4782798604069,-313.90481382666604,-348.6702863362348,-380.12350972347826,-408.5800534820395,-434.3254208399767,-457.6179143330937,-478.6912273500644,-497.75678867306436,-515.0058836528938,-530.6115733063765,-544.730430585421,-557.5041112333064,-569.0607749854186,-579.5163713710863,-588.9758030153816
225,0.42031250000000003,-73.41488890821803,-128.3559132295009,-178.0090206638598,-222.92460747723092,-263.5599841024075,-300.32371562373316,-333.5847792409592,-363.67691127781467,-390.90203870107626,-415.5333196524769,-437.81788597787533,-457.9793233003632,-476.2199145906124,-492.72266991040834,-507.6531627339249,-521.1611912881356,-533.382281591289,-544.439047276678,-554.4424198499004,-563.4927617264949
226,0.41953125,-69.98469086054713,-122.35913313543196,-169.69287732229293,-212.51052498884283,-251.2479719812,-286.29466345790246,-318.0023168467475,-346.68906209270443,-372.642710653979,-396.12365257205107,-417.3674699262572,-436.58730038277304,-453.9759754781019,-469.70795519276226,-483.94107822794416,-496.8181455396638,-508.46835301296346,-519.0085876465796,-528.5446002501393,-537.1720664177535
227,0.41875,-66.44422662453326,-116.16857900866637,-161.10705799324018,-201.75781328531858,-238.53474265587263,-271.8076242752678,-301.91040562693047,-329.1451382951727,-353.7850839842315,-376.0774665631861,-396.24595433790495,-414.49290474583904,-431.00139497664355,-445.9370590499885,-459.44974982312146,-471.67504262218006,-482.7355955949925,-492.7423804418179,-501.795795877593,-509.9866750011694
228,0.41796875,-62.803826322832236,-109.80436842736816,-152.2814395443202,-190.70580706315857,-225.46863677024297,-256.9194112407484,-285.3737572724303,-311.1171610441719,-334.40790152555235,-355.4796501803956,-374.5438161897939,-391.79166743289,-407.3962493299986,-421.5141208875735,-434.28692536308716,-445.84281130126686,-456.2977181932996,-465.7565396540243,-474.3141757844229,-482.05648527575147
229,0.41718750000000004,-59.063913584729946,-103.26502685824977,-143.21181671911913,-179.34711505743493,-212.03885516536153,-241.61574849422928,-268.3746539141141,-292.5840760216514,-314.4869265094134,-334.3029707565727,-352.2310345396006,-368.45099950946235,-383.1256083430695,-396.4020978291731,-408.4136763153924,-419.2808603600422,-429.1126840122344,-438.0077928617278,-446.0554338412977,-453.3363507168089
230,0.41640625000000003,-55.235755307544906,-96.5726232646139,-133.93113603602237,-167.72532439598277,-198.29921240434317,-225.96016537694072,-250.98577353757346,-273.6271191820027,-294.1113564155908,-312.6439974623311,-329.41097519724036,-344.5805084823944,-358.3047897393819,-370.7215117622608,-381.9552490869935,-392.11870776860735,-401.31385609889014,-409.6329476047336,-417.15944658775675,-423.9688654889386
231,0.415625,-51.31945187316207,-89.72481146880456,-124.4336269559521,-155.83068220234904,-184.23567759063988,-209.93423123802026,-233.18428316780532,-254.2191355690114,-273.2498524913218,-290.467385897458,-306.0444932075314,-320.137471255867,-332.88772484393064,-344.4231857657935,-354.8595965856762,-364.30167206939177,-372.8441499361378,-380.57274148227503,-387.56499162136146,-393.8910569740686
232,0.41484375,-47.327137489396186,-82.74547575677202,-114.75510252182988,-143.71075930658236,-169.9072074220086,-193.60779991552187,-215.05037900115462,-234.45007508587506,-252.00151693036253,-267.880790467671,-282.24720592879936,-295.24489603356966,-307.0042618879721,-317.6432811518061,-327.2686915960721,-335.97706191576765,-343.8557605348251,-350.9838321184844,-357.43279058379,-363.2673365620951
233,0.4140625,-43.258588671834374,-75.63141277144248,-104.88826248918606,-131.35350135040565,-155.2966257694157,-176.95839959889193,-196.55625372959216,-214.28684955750575,-230.3281022094978,-244.84097294957718,-257.9710857346094,-269.8501889603543,-280.59747774522157,-290.32079014654846,-299.11768935374596,-307.0764427387503,-314.276907601272,-320.79133250559545,-326.68508225584543,-332.0172937885647
234,0.41328125000000004,-39.126732127358146,-68.40817486684237,-94.87156562615075,-118.81016957608395,-140.4676679776009,-160.06177795085472,-177.78912732398513,-193.82756826483052,-208.33800423847399,-221.4660092587801,-233.34328871223164,-244.08900055027934,-253.81095059714406,-262.6066740068578,-270.56441371159144,-277.7640056681716,-284.2776797772581,-290.17078450575815,-295.50244247902464,-300.3261436178382
235,0.41250000000000003,-34.931021883118234,-61.07172125625104,-84.69622699131018,-106.06648246265952,-125.40011858161056,-142.89156054737083,-158.71638958460068,-173.03341381351288,-185.98630253234575,-197.7050339267539,-208.30720067028668,-217.89919044749308,-226.57725381619366,-234.4284702395018,-241.53162202249618,-247.9579849455108,-253.7720435419303,-259.03213820750386,-263.7910506411317,-268.0965334963109
236,0.41171875,-30.685097447620596,-53.649114823018905,-74.40311396691956,-93.17707562202352,-110.16209862359104,-125.52892186632745,-139.43174651673036,-152.01004998589826,-163.39001842005553,-173.68581640174472,-183.0007324654732,-191.42821514594786,-199.05281032687012,-205.9510093198382,-212.19201617115422,-217.8384418842258,-222.94693251505242,-227.5687374371441,-231.75022347347937,-235.5333400510788
237,0.4109375,-26.388093725682168,-46.135502263569705,-63.982011076702314,-80.1255284208582,-94.73047793772568,-107.94374747728547,-119.8979860816526,-130.71316949053315,-140.49783540463983,-149.35017757260357,-157.35903238676192,-164.60477090502022,-171.16010570791715,-177.0908207904851,-182.45643185434236,-187.31078364930653,-191.70259037381277,-195.67592456709988,-199.2706594060809,-202.52286885018057
238,0.41015625,-22.054278935325712,-38.559290138899726,-53.475942356033784,-66.96951399396191,-79.17734327468712,-90.22213820564367,-100.21472259039996,-109.25533915882801,-117.4346787588353,-124.83479267909023,-131.5299157939996,-137.58721108025193,-143.06744322754273,-148.0255881106527,-152.5113842240365,-156.56983159999885,-160.24164320807455,-163.56365335891138,-166.56918720619413,-169.28839505097847
239,0.40937500000000004,-17.6824741926318,-30.914842550804305,-42.87332477557866,-53.690573834316496,-63.47679237295352,-72.33042528003388,-80.34037158984681,-87.58703497138798,-94.14315235691669,-100.07452766098575,-105.44069328885455,-110.29550815750075,-114.68769857294149,-118.66134748191054,-122.25633704845224,-125.50874902105194,-128.45122692393036,-131.11330371792027,-133.52169822651626,-135.70058330707732
240,0.40859375000000003,-13.28748845683144,-23.231734602031125,-32.21907376634778,-40.34906302557388,-47.70443325293565,-54.35910503314842,-60.37984154141714,-65.82703279674544,-70.7553152095734,-75.21412090127032,-79.24817340348638,-82.89793605281828,-86.20001771043383,-89.18753986973265,-91.89046881894096,-94.33591617906868,-96.54841082415759,-98.55014490618402,-100.36119644884828,-101.99973074057232
241,0.4078125,-8.867836323484186,-15.503582546940079,-21.500310159183243,-26.92459898985975,-31.83175125347407,-36.271161931874474,-40.28743195957679,-43.92089721962612,-47.208045428533495,-50.181884963808834,-52.87227720658593,-55.306236874790855,-57.50820358603424,-59.5002874527099,-61.30249121446111,-62.93291116243386,-64.4079188884194,-65.7423256942854,-66.94953131963949,-68.041658486035
242,0.40703125,-4.438776190872456,-7.760947689689701,-10.763563862167446,-13.479846650524655,-15.937409516137548,-18.16092987622387,-20.17269866060337,-21.992880852973077,-23.63972157474232,-25.12972901456215,-26.477839625906025,-27.697567635359913,-28.801140369754552,-29.7996207360706,-30.70301806414969,-31.52038841151825,-32.25992532802673,-32.929041984948405,-33.53444548827037,-34.08220411870128
243,0.45625000000000004,-66.44661080476781,-116.17385240821623,-161.1155616923582,-201.76973290989105,-238.55016559108682,-271.82657246492136,-301.93285607170634,-329.17103669113715,-353.8143542039224,-376.11001744977455,-396.28168467667723,-414.5317069534357,-431.0431578629435,-445.98166989490693,-459.4970959388852,-471.72501252420597,-482.7880798721019,-492.7972723937844,-501.852991971706,-510.04607518757075
244,0.40625,0.0014747079559447687,0.003262204885752935,0.005261029326070924,0.00737497579954497,0.009543217512642525,0.011725215601630954,0.013893114768635834,0.01602750194556449,0.0181148352042506,0.020145781657950414,0.022114089621403998,0.02401579493478314,0.025848646771797986,0.027611683292048106,0.029304912819919943,0.030929071231407063,0.03248543550534524,0.033975679375476416,0.03540176100719197,0.03676583529782108
245,0.0,4.437302608767398,7.757688051820756,10.758307002500565,13.472477476155309,15.92787366917619,18.149213476133408,20.15881564344519,21.97686454645059,23.62161883994463,25.109596046427008,26.455738878784516,27.67356554014005,28.775305623545744,29.77202301495935,30.67372705379653,31.48947307965082,32.227453382855785,32.89507947754196,33.49905652700948,34.04545067126626
246,0.0,8.87077664967318,15.510086849816162,21.51079979150872,26.939303486262766,31.850778869766742,36.29454009589103,40.315132560156556,43.95285343906461,47.24416344869735,50.222052358294725,52.91636908414714,55.35412044030069,57.559741556601836,59.555340627713655,61.36092040990335,62.994578661562535,64.47268952060038,65.81006762606745,67.02011662186419,68.11496352608724
247,0.31640625,-110.87056805039072,-193.84228191620986,-268.8282343809041,-336.6595825042459,-398.02692791269686,-453.54726922070273,-503.7778266442277,-549.2226041429294,-590.3375700996274,-627.535248130646,-661.1888582006346,-691.6360615900225,-719.182348833136,-744.1041048261418,-766.6513818909456,-787.0504086264631,-805.5058597232417,-822.2029095175025,-837.3090898900892,-850.9759711522271
248,0.31562500000000004,-111.65217539094084,-195.2094879156096,-270.725150914218,-339.03608724929086,-400.8377001910756,-456.75128714331737,-507.33795643967323,-553.1052327574453,-594.5122724367047,-631.9744853748515,-665.8677044164795,-696.5319560356616,-724.2748716302068,-749.3747738223115,-772.0834687389286,-792.6287722792287,-811.2167957083868,-828.0340135040362,-843.2491341985196,-857.0147929844885
249,0.31484375000000003,-112.2591498934377,-196.27005793790744,-272.19520081214534,-340.8761409873107,-403.01212662596623,-459.2278818994988,-510.0876044343473,-556.1016094675738,-597.7315753053713,-635.3951915613998,-669.4703520890727,-700.2989468185643,-728.1902921018894,-753.4242341907348,-776.2539570169598,-796.9085224545661,-815.5951685536103,-832.5013888068135,-847.7968133120065,-861.6349107054914
250,0.3140625,-112.6953399519228,-197.03327285071842,-273.25439799422446,-342.20346611988464,-404.5823831994956,-461.01825527970243,-512.0774359213443,-558.2721936711914,-600.0659763173209,-637.878076102767,-672.0878381638297,-703.0384665087374,-731.0404672327259,-756.3747636908639,-779.2955148948881,-800.0326654054481,-818.7942522973578,-835.7684923395362,-851.125670327386,-865.0198475111256
251,0.31328125,-112.95561674738057,-197.48776378593203,-273.8839933162718,-342.99108470847324,-405.5126215637546,-462.0772019781778,-513.2525225226648,-559.5520634485362,-601.4403665850635,-639.3377123478676,-673.6243386378459,-704.6442561697993,-732.7087000752538,-758.0992526162107,-781.0706683713468,-801.8534302471214,-820.6560619616064,-837.6672202042905,-853.0575874640302,-866.9815845170297
252,0.3125,-113.04370026704726,-197.64228213843083,-274.0989408442819,-343.2610468277679,-405.8326812785104,-462.4428925687364,-513.6597877284227,-559.9972208678571,-601.9200739133855,-639.8489363775574,-674.1643268994574,-705.2105110546236,-733.2989552623789,-758.7114516247584,-781.7029450634537,-802.5040911159099,-821.3235700488324,-838.3501805034542,-853.754733675851,-867.6917670349675
253,0.31171875000000004,-112.95567466247127,-197.4878918988116,-273.8841999259272,-342.9913743364155,-405.51299634328245,-462.07766245096656,-513.2530681367241,-559.5526928896228,-601.4410780071483,-639.33850353835,-673.625207138498,-704.6451993665585,-732.7097152654806,-758.100337059292,-781.0718193267902,-801.8546450031288,-820.6573378563282,-837.668554641419,-853.0589779239821,-866.983028564686
254,0.31093750000000003,-112.69510857912601,-197.0327610339669,-273.25357257687295,-342.2023090361832,-404.58088592467806,-461.01641564776565,-512.0752561357949,-558.2696789810964,-600.0631340966066,-637.8749151901741,-672.0843683797135,-703.0346982963089,-731.0364113893165,-756.3704311657164,-779.2909166369311,-800.0278122491089,-818.7891548776068,-835.7631610295666,-851.1201151939109,-865.0140782834275
255,0.31015625,-112.25932328164703,-196.27044148669367,-272.1958193673022,-340.8770080854927,-403.01324865391507,-459.22926047889797,-510.0892379126266,-556.1034939101053,-597.7337051854463,-635.3975602548568,-669.4729522363834,-700.3017705936572,-728.1933314135072,-753.4274808339358,-776.257402787164,-796.9121592330966,-815.5989883713318,-832.5053838908095,-847.8009761190611,-861.6392339452648
256,0.309375,-111.65171407185586,-195.20846743765762,-270.7235051685271,-339.0337802157375,-400.8347148726808,-456.7476192214232,-507.3336103077026,-553.1002188811652,-594.5066055185029,-631.968183037712,-665.8607862405654,-696.5244428430071,-724.2667849489051,-749.3661354833422,-772.074300572646,-792.6190958876896,-811.2066322959644,-828.0233837531649,-843.2380581805614,-857.0032900980267
257,0.30859375,-110.87085584275083,-193.84291853624364,-268.8292610680243,-336.6610217267853,-398.02879027145565,-453.54955740736705,-503.7805379158284,-549.2257319687052,-590.34110530626,-627.5391797232485,-661.1931739637491,-691.6407485338165,-719.1873935276188,-744.1094936526295,-766.6571012313537,-787.0564450052925,-805.512199913204,-822.2095406169977,-837.3159993787779,-850.983146929497
258,0.30781250000000004,-109.91994961933555,-192.1806487261607,-266.5243373261444,-333.77499540024195,-394.6172645127666,-449.66282183917286,-499.46408406739994,-544.5207120085569,-585.2847460254351,-622.1651568880093,-655.5319509353684,-685.7198825843698,-713.0318129391669,-737.7417483895566,-760.0975897082633,-780.3236192315155,-798.6227510769006,-815.1785669747186,-830.1571581381518,-843.7087916515873
259,0.30703125000000003,-108.79883270923295,-190.22028953365026,-263.8052809794575,-330.36940821809526,-390.59035203926294,-445.07357049441913,-494.3658633795675,-538.9618107547664,-579.3088562060043,-615.8118114725333,-648.8369199067887,-678.7155312679374,-705.7474262094643,-730.2038240046791,-752.3301037106488,-772.3482660750471,-790.459160886732,-806.8445021172149,-821.6686910710658,-835.0804658370539
260,0.30625,-107.5104921252607,-187.96797240864584,-260.6819583157858,-326.45837674674124,-385.96686749383423,-439.8057036327112,-488.5151956609245,-532.5840538759801,-572.4544114476035,-608.5262756569424,-641.1615431682728,-670.6876312270607,-697.40076269832,-721.568938096046,-743.4346244486582,-763.2171879825527,-781.1150950324004,-797.3079032606923,-811.958063164962,-825.212547947568
261,0.30546875,-106.05602859273382,-185.42488919136744,-257.1548536094971,-322.04095744888195,-380.74379440256996,-433.853557017917,-481.9032589030403,-525.3750107556456,-564.7049753689383,-600.2877586276711,-632.4803704805697,-661.6058070584567,-687.9562913267105,-711.7962049674625,-733.3647409288549,-752.8783032562989,-770.5326782830138,-786.5049989630506,-800.9555220547343,-814.0292359848728
262,0.3046875,-104.43819669633486,-182.5964110355106,-253.23238834689448,-317.1290336423227,-374.93685639012745,-427.2370370136828,-474.5544486262556,-517.3638379502412,-556.0947050642726,-591.1356275827562,-622.838161281869,-651.5203675994815,-677.470004848995,-700.947415356311,-722.188137515681,-741.4052689779348,-758.7916046838749,-774.5215711954842,-788.75297673331,-801.6285944790163
263,0.30390625000000004,-102.65935379271944,-179.48628274715878,-248.918981054398,-311.72701708766,-368.54982466355204,-419.9586920920078,-466.46956058710913,-508.5490991114292,-546.6195005767207,-581.0627321367272,-612.2243692514056,-640.4170630446719,-665.9236771420367,-689.0001256334629,-709.8779406540986,-728.7665953441887,-745.8556054934619,-761.3164309549452,-775.3041959045115,-787.9592452051442
264,0.30312500000000003,-100.72200505551945,-176.09908206884595,-244.22155649556123,-305.844484589543,-361.59523488794275,-412.03431199128335,-457.6679156112558,-498.95390192372133,-536.3064899054024,-570.1004317937459,-600.6747750185566,-628.3362642555718,-653.3624191408834,-676.0043187152816,-696.4891205663226,-715.0223399513872,-731.7899117724874,-746.9600560933404,-760.6849659173512,-773.1023341613478
265,0.30234375,-98.62974993884664,-172.44108368454974,-239.1484402071801,-299.4911760065019,-354.08362270056705,-403.4746421794773,-448.1599223141168,-488.58781316257824,-525.1639347954576,-558.2552606809597,-588.1938012026383,-615.279934879349,-639.7854220484164,-661.956131412165,-682.0145068201408,-700.1617990358533,-716.5800848776763,-731.4340939906001,-744.8728615759192,-757.031223660042
266,0.3015625,-96.38482876004878,-168.51604370232837,-233.70501753657535,-292.6743025858276,-346.02425852040153,-394.2912584207135,-437.95970770731816,-477.46774917395544,-513.2117668976941,-545.5503772668509,-574.8080290247003,-601.2782589019106,-625.2266368564171,-646.8934306581162,-666.4960165858004,-684.2310604334967,-700.2764907139255,-714.7932838599054,-727.9270793372239,-739.809640875254
267,0.30078125,-93.9920608788586,-164.33272799853455,-227.9034697012077,-285.4088722345074,-337.4343774592172,-384.50303692953236,-427.0872290925735,-465.6142208747439,-500.47055872285466,-532.0059599061001,-560.536822777203,-586.3494013164977,-609.7026770802684,-630.8309575208866,-649.9462267619906,-667.2402724124737,-682.8866097552203,-697.0422226141454,-709.8491383643885,-721.4358528868445
268,0.30000000000000004,-91.45340794403533,-159.89404788909272,-221.74760942970664,-277.69968618273606,-328.3199275346533,-374.1172681273583,-415.5513325697614,-453.0378489774514,-486.95292268818673,-517.6368232518591,-545.3974003908121,-570.5131731390829,-593.2361244493435,-613.794229489893,-632.3937430337138,-649.221268901459,-664.4456322281079,-678.2195733423418,-690.6812802565943,-701.9557751455761
269,0.29921875000000003,-88.77487950798502,-155.21120639819944,-215.2533985189555,-269.5669278572372,-318.70473707280706,-363.16084259718315,-403.3814010835059,-439.76996208379643,-472.69161523368774,-502.4766654800975,-529.4239484438514,-553.8038287157785,-575.8609123637018,-595.8165010066779,-613.8708120898198,-630.2049876330173,-644.9829116042464,-658.352854148869,-670.4489591698735,-681.392590182807
270,0.2984375,-85.9581464566683,-150.28625210042358,-208.42305357216264,-261.01295886993967,-308.5913950184855,-351.63672046987205,-390.58094528280225,-425.81481979262736,-457.6918517833115,-486.53186609138595,-512.6242154223473,-536.2306839511331,-557.5881140664505,-576.910782792276,-594.3925517665162,-610.2088123618432,-624.5182454723955,-637.4644136277997,-649.1772014120863,-659.7741186420244
271,0.29765625,-83.01037148427426,-145.13275609743604,-201.2762185558508,-252.06301372977077,-298.01017600256534,-339.5796409074921,-377.18859259957367,-411.21437523925783,-441.9983707519816,-469.8494353225418,-495.0469994188848,-517.8438713547196,-538.4687736316554,-557.128637637358,-574.0106797312844,-589.2842795435307,-603.1026793280038,-615.604521416761,-626.9152391988708,-637.1483155781019
272,0.296875,-79.93292441239001,-139.75189159229504,-193.8135002816959,-242.71699987025158,-286.96029393529375,-326.9882155001328,-363.2024965875864,-395.96650064700344,-425.6089584155032,-452.42727818977846,-476.6905317028224,-498.6421542839764,-518.5023875458933,-536.4704892791156,-552.7267327650088,-567.4342155821253,-580.7404960632831,-592.7790738283198,-603.6707292512112,-613.5247353036887
273,0.29609375000000004,-76.73407691659189,-134.15951409378258,-186.05810377426124,-233.00504730335672,-275.4782830991386,-313.90481781042564,-348.6702910150709,-380.123515029711,-408.5800593364864,-434.32542715698077,-457.61792102449874,-478.691234328302,-497.75679585350065,-515.0058909555494,-530.6115806571344,-544.730437916813,-557.5041184849678,-569.0607821042715,-579.5163783113181,-588.9758097382601
274,0.29531250000000003,-73.41488930869173,-128.35591420026722,-178.00902231250618,-222.92460985491834,-263.55998721631033,-300.3237194477142,-333.58478372454357,-363.6769163536408,-390.90204429096264,-415.533325672308,-437.81789234145015,-457.97932992237213,-476.2199213888886,-492.7226768075657,-507.65316965849826,-521.16119817531,-533.3822883833087,-544.4390539229921,-554.4424263071129,-563.4927679581572
275,0.29453125,-69.98469124802455,-122.35913407316063,-169.69287891234484,-212.51052727841903,-251.24797497487256,-286.2946671280955,-318.0023211425275,-346.68906694706106,-372.64271598973676,-396.1236583066165,-417.367475975344,-436.5873066632721,-453.97598191023997,-469.70796170166193,-483.9410847446982,-496.81815200200936,-508.4683593656473,-519.0085938414685,-528.5446062461426,-537.1720721805954
276,0.3171875,-109.92063804049408,-192.18217157367715,-266.5267932535411,-333.7784381599494,-394.6217194691943,-449.6682954370172,-499.47056975041795,-544.5281941588142,-585.2932027027363,-622.1745617937822,-655.5422748503654,-685.7310944361099,-713.0438806015252,-737.7546392844115,-760.1112712584262,-780.3380592004825,-798.6379178216249,-815.1944296310372,-830.173686753797,-843.7259572782715
277,0.29375,-66.44422699945186,-116.16857991450465,-161.1070595267879,-201.75781549000922,-238.53474553383003,-271.8076277975964,-301.91040974232624,-329.1451429370362,-353.78508907642794,-376.07747202465714,-396.24596008627344,-414.4929107001748,-431.0014010595328,-445.93706518901723,-459.44975595188595,-471.67504868090936,-482.73560153087084,-492.74238620906107,-501.7958014373458,-509.98668032125784
278,0.29296875,-62.80382668562092,-109.80436930242666,-152.2814410233695,-190.70580918603352,-225.46863953674725,-256.9194146207581,-285.373761214328,-311.11716548179675,-334.407906383812,-355.4796553797455,-374.5438216497259,-391.7916730745968,-407.3962550783557,-421.5141266725501,-434.2869311206947,-445.8428169741312,-456.2977237309436,-465.7565450129116,-474.31418092783076,-482.05649017350544
279,0.0,-108.79843228704455,-190.2194037673181,-263.8038524902118,-330.3674057444606,-390.5877608317486,-445.0703868079433,-494.36209103059696,-538.957458829941,-579.3039374687039,-615.8063412205885,-648.830915136279,-678.7090100523726,-705.7404072347688,-730.1963262193158,-752.3221460622444,-772.3398673128406,-790.4503394146114,-806.8352758859172,-821.6590775008583,-835.0704817642126
280,0.0,-107.51140340415635,-187.96998823687468,-260.6852092832956,-326.46293400687915,-385.9727646220731,-439.81294916006505,-488.52378090876357,-532.5939581705028,-572.4656057460827,-608.5387251473651,-641.1752091724571,-670.702472613654,-697.4167369412341,-721.5860020708727,-743.4527350322207,-763.2363025026464,-781.1351716023917,-797.328901024972,-811.9799424750174,-825.2352704838775
281,0.2921875,-59.06391393580081,-103.26502770360041,-143.21181814561533,-179.34711710148787,-212.03885782459363,-241.61575173739462,-268.3746576893587,-292.58408026330363,-314.48693114345116,-334.3029757049729,-352.23103972371433,-368.4510048525811,-383.12561377232214,-396.4021032768664,-408.41368171989996,-419.2808656663281,-429.1126891720969,-438.00779783381284,-446.0554385909484,-453.3363552157833
282,0.0,-55.23575564728909,-96.5726240812769,-133.93113741181182,-167.72532636404173,-198.29921496022985,-225.9601684883692,-250.98577715250408,-273.6271232352762,-294.111360834254,-312.6440021698605,-329.4109801168069,-344.58051353933377,-358.3047948630105,-370.7215168871469,-381.9552541537895,-392.11871272452726,-401.3138608979153,-409.63295220759824,-417.1594509617752,-423.9688696077071
283,0.0,-51.31945220196051,-89.72481225777129,-124.43362828283284,-155.8306840971781,-184.2356800470371,-209.93423422275447,-233.18428662871867,-254.21913944150003,-273.2498567035228,-290.46739037435054,-306.04449787409345,-320.1374760394527,-332.88772967600664,-344.42319058314416,-354.8596013311807,-364.30167669245657,-372.84415439286744,-380.57274573542924,-387.5649956401623,-393.89106073388723
284,0.29140625,-55.23575564728909,-96.5726240812769,-133.93113741181182,-167.72532636404173,-198.29921496022985,-225.9601684883692,-250.98577715250408,-273.6271232352762,-294.111360834254,-312.6440021698605,-329.4109801168069,-344.58051353933377,-358.3047948630105,-370.7215168871469,-381.9552541537895,-392.11871272452726,-401.3138608979153,-409.63295220759824,-417.1594509617752,-423.9688696077071
285,0.290625,-51.31945220196051,-89.72481225777129,-124.43362828283284,-155.8306840971781,-184.2356800470371,-209.93423422275447,-233.18428662871867,-254.21913944150003,-273.2498567035228,-290.46739037435054,-306.04449787409345,-320.1374760394527,-332.88772967600664,-344.42319058314416,-354.8596013311807,-364.30167669245657,-372.84415439286744,-380.57274573542924,-387.5649956401623,-393.89106073388723
286,0.28984375,-47.32713780761972,-82.74547651900124,-114.75510380152993,-143.7107611308209,-169.9072097825734,-193.60780277831003,-215.05038231393453,-234.45007878461658,-252.00152094428952,-267.88079472324245,-282.247210352761,-295.24490055524143,-307.0042664409082,-317.643285674935,-327.2686960344214,-335.9770662208536,-343.8557646647892,-350.9838360380249,-357.4327942639492,-363.2673399799323
287,0.2890625,-43.25858897983765,-75.63141350785493,-104.88826372337235,-131.3535031066122,-155.29662803771143,-176.958402344387,-196.55625690003984,-214.2868530894858,-230.32810603333684,-244.8409769932127,-257.9710899265396,-269.8501932318373,-280.59748203186143,-290.3207943893728,-299.11769349988015,-307.07644674176476,-314.2769114212875,-320.79133610918905,-326.68508561581933,-332.01729688360723
288,0.28828125000000004,-39.126732425483866,-68.40817557832527,-94.87156681642243,-118.81017126670007,-140.46767015700814,-160.06178058344238,-177.7891303575303,-193.8275716365378,-208.33800787976716,-221.46601309905182,-233.3432926816943,-244.0890045820791,-253.8109546288746,-262.6066779815783,-270.5644175784511,-277.76400938271803,-284.2776833015116,-290.17078780809356,-295.5024455339237,-300.3261464055378
289,0.28750000000000003,-34.93102217169453,-61.07172194365668,-84.69622813920924,-106.06648409004934,-125.40012067541826,-142.89156307134016,-158.71639248658366,-173.03341703136886,-185.98630599860684,-197.7050375722638,-208.307204426954,-217.89919425032332,-226.57725760473272,-234.42847395879568,-241.53162562366848,-247.95798838603315,-253.77204678566653,-259.03214122457035,-263.7910534076325,-268.09653599397575
290,0.28671875,-30.685097726968298,-53.64911548717523,-74.40311507393515,-93.17707718845713,-110.16210063493773,-125.5289242857447,-139.43174929217898,-152.010053055904,-163.39002171825146,-173.6858198604016,-183.00073601815882,-191.42821872947854,-199.0528138826867,-205.9510127949097,-212.19201951850985,-217.83844506318863,-222.9469354912561,-227.56874018237133,-231.75022596538204,-235.53334227280624
291,0.2859375,-26.388093996107067,-46.135502905268766,-63.98201214426472,-80.12552992852476,-94.73047986965204,-107.94374979610973,-119.89798873548865,-130.71317241859748,-140.49783854167376,-149.35018085229765,-157.3590357443235,-164.60477427904695,-171.16010904170727,-177.090824032887,-182.45643496024246,-187.31078657982837,-191.70259309630654,-195.67592705496068,-199.27066163845504,-202.52287081158403
292,0.28515625,-22.05427919712414,-38.55929075890766,-53.47594338552132,-66.96951544496169,-79.17734513009519,-90.22214042763189,-100.21472512726481,-109.2553419504857,-117.43468174112644,-124.83479578710127,-131.52991896454122,-137.58721425365692,-143.0674463489124,-148.02559113065453,-152.51138709934975,-156.56983429347994,-160.2416456887213,-163.5636556016622,-166.56918919162086,-169.28839676489648
293,0.284375,-17.68247444608789,-30.914843149856196,-42.87332576831689,-53.69057523067556,-63.47679415465332,-72.33042740883937,-80.34037401427521,-87.58703763207475,-94.14315519080557,-100.07453060454934,-105.44069628048587,-110.29551113923753,-114.68770149165103,-118.66135029003671,-122.25633970442041,-125.50875148940231,-128.45122917525768,-131.11330572865512,-133.52169997860543,-135.70058478758602
294,0.28359375,-13.287488702223145,-23.231735180842968,-32.21907472362201,-40.34906436924735,-47.70443496362453,-54.359107072258325,-60.37984385771142,-65.82703533158512,-70.75531790099511,-75.2141236871089,-79.24817622368202,-82.89793885106934,-86.200020435322,-89.18754247542138,-91.89047126554112,-94.33591843274138,-96.54841285703054,-98.5501466961158,-100.36119797909727,-101.9997319993918
295,0.2828125,-8.867836561075684,-15.503583106194409,-21.500311082222456,-26.924600282723333,-31.83175289574958,-36.27116388466069,-40.287434171915876,-43.92089963362006,-47.20804798331248,-50.181887598558156,-52.87227986277087,-55.306239497740016,-57.508206126006996,-59.50028986554765,-61.302493461915276,-62.93291321223918,-64.40792071418831,-65.74232727525623,-66.94953264033443,-68.04165953584902
296,0.28203125,-4.43877642092212,-7.760948230051757,-10.763564752164935,-13.47984789439189,-15.937411092499355,-18.160931745914656,-20.172700772965978,-21.99288315085454,-23.639723998355308,-25.129731504418654,-26.47784212496225,-27.697570090532356,-28.80114273293143,-29.79962296471777,-30.703020121602393,-31.520390267026272,-32.25992695662782,-32.92904336720127,-33.534446609902695,-34.08220497019289
297,0.28125,0.0014744852016915172,0.0032616827809275823,0.005260171229051626,0.007373779189898294,0.009541704660738106,0.011723425891102923,0.01389109852816463,0.01602531557141599,0.01811253740331656,0.02014343060502174,0.022111740892220032,0.024013500055392056,0.025846452261287053,0.02760963010056726,0.029303036071787785,0.030927400206898655,0.0324839937872966,0.033974485130542825,0.035400827347048726,0.03676517070122806
298,0.28046875000000004,4.437302393067313,7.757687547353278,10.758306175193624,13.472476325117858,15.927872217513983,18.149211763410207,20.158813719642563,21.976862467205944,23.621616662896315,25.10959382846014,26.455736674039798,27.673563398626566,28.775303590236106,29.772021129270087,30.673725349364613,31.489471584341235,32.22745211892713,32.89507846194106,33.499055771741126,34.04545018381992
299,0.27968750000000003,8.87077644079787,15.51008636239577,21.51079899393273,26.939302379186397,31.850777477070437,36.29453845727787,40.31513072523759,43.952851462709994,47.244161387481206,50.22205026782731,52.916367017157654,55.354118445311514,57.55973967707455,59.55533890157041,61.36091886933545,62.99457733306281,64.47268842514669,65.81006677943003,67.02011603498316,68.11496320550339
300,0.27890625,13.286023762261086,23.228494601334976,32.213848567441076,40.34173824791823,47.69495489853981,54.3474593466529,60.36604242170553,65.8111134194737,70.73732220163906,75.1941101646357,79.22620705789339,82.87408016575239,86.17434059657235,89.1601108112151,91.86135710179492,94.30519037025243,96.51613823352116,98.51639119161638,100.32602533287901,101.96320381401198
301,0.278125,17.68538710981406,30.921286201958317,42.88371658773213,53.70514122167908,63.49564261466988,72.35358558959057,80.36781416441963,87.61869366415836,94.17893427155236,100.11432146368584,105.48437529318902,110.34294684199013,114.7387579648265,118.71588970301897,122.31422423153448,125.56984474706456,128.5153972911454,131.18041812600117,133.59162993876984,135.7732098395089
302,0.27734375,22.052832376918264,38.55609026183882,53.470781871037666,66.96227993932257,79.16798232223144,90.21063677033925,100.2010943980375,109.23961697249207,117.41690862570547,124.81502980615413,131.5082215287799,137.5636506690105,143.04208413589487,147.9984987597711,152.48263303907729,156.53948629614823,160.20977025920917,163.5303176076603,166.53445158406447,169.2523203844333
303,0.2765625,26.390961486318393,46.141846029711324,63.992241808444,80.1398700096612,94.74903600090684,107.96654880642126,119.92500330382309,130.74433748240705,140.53306270742803,149.3893545754409,157.40203731738373,164.65147427744955,171.21037365389367,177.14451756595778,182.51342172616975,187.37093231031372,191.7657659953661,195.74199857105387,199.3395070183299,202.59436948368798
304,0.27578125,30.683677946669114,53.645974804674346,74.39805002352007,93.16997690757927,110.1529128086874,125.51763561995125,139.4183733067286,151.99462196044553,163.37258076229418,173.6664232828451,182.9794440820113,191.40509552018892,199.02792565891693,205.92442674757103,212.16380283653154,217.80866423274205,222.91565577437754,227.536025234506,231.71613756104063,235.49794011564754
305,0.275,34.93382680938105,61.07792603296556,84.70623357878598,106.0805098497191,125.41827007275582,142.91386234704117,158.74281491832596,173.0638989826158,186.02075807902912,197.74335263839646,208.3492634390466,217.9448706206996,226.62642045491125,234.48099057020585,241.5873632825144,248.01681576713491,253.83383498197088,259.0967645023516,263.85838974819643,268.16646746866485
306,0.27421875,39.12534843852563,68.40511407373593,94.86662945770377,118.80324998593731,140.45871395793085,160.0507765068262,177.7760915822597,193.81252956013157,208.3210066109106,221.4471055092367,233.32253751468676,244.06646430775004,253.7866938355436,262.5807621663287,270.5369122364456,277.7349793240849,284.2471921431078,290.1388976006878,295.4692164947658,300.2916367332287
307,0.2734375,43.26131347349621,75.63744031175425,104.89798325140009,131.3671280711132,155.31425880362764,176.98006440233814,196.58192429112808,214.3164639954984,230.36157361825087,244.8781971752231,258.01194706754023,269.8945643615159,280.64524001173896,290.371810293482,299.17183840690444,307.1335930793315,314.33693396605395,320.85411272046036,326.7504977617693,332.08523000556636
308,0.27265625000000004,47.325798146770396,82.74251306752649,114.75032457489651,143.70406152195875,169.8985404282005,193.59715113399537,215.03776113626898,234.4355184653846,251.9850641793916,267.86249269078604,282.2271199150981,295.2230821815278,306.9807826509284,317.6181998681532,327.2420716084572,335.9489659102409,343.826250049012,350.952967180637,357.4006294537053,363.2339355515851
309,0.27187500000000003,51.32207975420933,89.73062461901989,124.4430019751201,155.84382426386253,184.25268348158488,209.9551255085002,233.20904073019435,254.24769673991852,273.2821334525237,290.50328619548173,306.08390124384294,320.1802683630354,332.9337883388128,344.472391246701,354.91181966151714,364.3567896565575,372.9020412231697,380.63328863733216,387.62808029952083,393.95657666833574
310,0.27109375,55.23446857202385,96.5697769535783,133.92654578270108,167.71888973216753,198.29088589958042,225.94993494659622,250.97365138521664,273.6131344411213,294.0955500330961,312.62641853088667,329.39167827038256,344.55955158109737,358.2822328587721,370.69741574789293,381.9296747887519,392.09171540589114,401.28550478815913,409.60329501277454,417.1285486827989,423.9367763681838
311,0.2703125,59.06642834692275,103.27058978704959,143.22078821013926,179.3596914566187,212.05512909549827,241.63574344850724,268.3983458829533,292.61140788756074,314.5178180579804,334.3373258535353,352.268746384975,368.49195453846824,383.169689148071,396.44918535810706,408.4636515265902,419.33360546337445,429.1680833923137,438.065733754962,446.11580682137566,453.3990500306111
312,0.26953125,62.80260013121166,109.80165605199872,152.27706530062864,190.69967521490764,225.46070212083157,256.90966227404294,285.3622056158401,311.1038344569979,334.3928390236128,355.4628985412614,374.5254273945241,391.77169676662925,407.3747539591477,421.49115878909396,434.26255451833214,445.8170890911251,456.27070094803605,465.7282823229026,474.2847316985556,482.0259059837564
313,0.26875,66.44661276729768,116.17385742807582,161.11557066005784,201.76974650830584,238.55018432289563,271.8265966778772,301.9328859815048,329.1710724019753,353.8143957267824,376.11006471861265,396.2817375626468,414.53176527730926,431.04322140593166,445.9817384080114,459.4971691509361,471.7250901487446,482.7881616132184,492.7973579510409,501.8530810442553,510.0461674775605
314,0.26796875,69.98353277660908,122.35657142809522,169.68874607368008,212.5047337857897,251.24047814007199,286.2854561022159,317.99140695596776,346.67647588051625,372.6284849641376,396.10783157811056,417.35010271572565,436.5684391634792,453.95567423461597,469.68626867534584,483.9180611912952,496.79385217175843,508.4428365099742,518.9818999008967,528.5167916264231,537.1431855977308
315,0.2671875,73.41713172422891,128.3608746063318,178.0170220404716,222.93582397745712,263.57449833783517,300.34154854701853,333.6059094348303,363.7012877941749,390.9295899902406,415.5639599648535,437.85152005054255,458.01584983667226,476.25922886657884,492.76466573574385,507.6977339281706,521.2082327877897,533.4316902733169,544.4907225624448,554.4962641382131,563.548680693212
316,0.26640625,76.73299367056003,134.1571178536505,186.05423929993273,232.99963000782773,275.4712730655263,313.8962048937592,348.66008552907437,380.1117415482534,408.5667523828714,434.31062811352706,457.60167587006913,478.6735919584385,497.73780682205546,514.9856065278123,530.5900520969911,544.707715952033,557.4802529093727,569.0358214859037,579.4903697831007,588.9487988530801
317,0.265625,79.93500965041402,139.75650430832005,193.8209392833211,242.72742795804814,286.9737879229997,327.00479489549497,363.22214152101986,395.98916380384213,425.6345733337128,452.45576520836886,476.721802316333,498.6761143753962,518.5389398082509,536.509535037516,552.7681733482234,567.4779533514277,580.7864351778458,592.8271208066693,603.7207933739573,613.5767288923212
318,0.26484375000000004,83.00937014223571,145.13054103588212,201.2726462715856,252.05800603059308,298.003695988956,339.5716792009108,377.1791587334398,411.20349192907844,441.98606991056687,469.8357552032377,495.0319825241485,517.827562883249,538.4512203151446,557.1098868651997,573.9907788916082,589.2632755289073,603.0806181676805,615.5814480068868,626.8911971089758,637.1233469171323
319,0.26406250000000003,85.96006166103399,150.2904886875136,208.42988598349356,261.02253663019656,308.6037886770876,351.6519479431942,390.598988320932,425.8356349386475,457.7153779943986,486.55803020216405,512.6529361442824,536.2618748418138,557.6216857536959,576.9466446475805,594.4306131647801,610.2489836263005,624.5604385775847,637.5085427152283,649.2231831601111,659.8218725219098
320,0.26328125,88.7739662435767,155.20918617183125,215.2501404490171,269.56236062834665,318.6988270302444,363.15358118660777,403.37279699921345,439.76003604285273,472.6803963416377,502.4641886254609,529.4102523906396,553.7889546871885,575.8449029811679,595.7993994915436,613.8526616623176,630.1858310614354,644.9627908694978,658.3318101984347,670.4270317412957,681.3698176814999
321,0.2625,91.45514130689098,159.89788222727987,221.75379312657697,277.7083545651546,328.3311444526988,374.13104979552037,415.56766247027434,453.05668777904293,486.97421514357444,517.6605031423621,545.4233941459952,570.5414025240888,593.2665085778056,613.8266863384697,632.4281905821905,649.2576259879423,664.4838191852343,678.2595124639718,690.7228961325626,701.9989948934325
322,0.26171875,93.99124132268798,164.33091506273462,227.90054593262312,285.4047736341935,337.42907382468434,384.49652058332555,427.079507836219,465.60531329910754,500.4604909467508,531.9947632381152,560.5245320039091,586.3360534314452,609.688310331871,630.8156106959834,649.9299386464721,667.2230813866894,682.868553492948,697.0233378617693,709.8294607824926,721.415416940554
323,0.2609375,96.38636959467344,168.51945215167203,233.71051439439915,292.68200814677607,346.03422954149346,394.3035093145309,437.9742237900359,477.4844954824054,513.2306943207324,545.5714269407428,574.8311355506953,601.3033527350574,625.2536460948693,646.9222823894157,666.5266379003222,684.2633791846332,700.3104360836132,714.8287867734676,727.9640727609279,739.8480600223035
324,0.26015625,98.62902914378948,172.43948921670227,239.14586876591966,299.4875713038302,354.07895817237,403.4689110724652,448.15313148890306,488.5799789691783,525.1550802049039,558.2454132288672,588.1829914836696,615.2681954293374,639.7727865069551,661.9426338924734,682.0001814346617,700.1466795403938,716.5642044066336,731.4174848627343,744.8555551550219,757.0132502584851
325,0.259375,100.72334386219104,176.10204361515002,244.2263326243419,305.8511798215022,361.6038985370502,412.0449565793004,457.6805283787847,498.9684524912245,536.3229356006411,570.1187214708359,600.6948518536369,628.3580678223725,653.3858869653902,676.029387445469,696.5157268526888,715.0504211074427,731.8194062661114,746.9909039072129,760.7171088074826,773.1357158360531
326,0.25859375,102.65873620273621,179.48491657769065,248.91677779417927,311.7239285066083,368.5458279996431,419.9537815576991,466.4637420597597,508.54238659936783,546.6119137615534,581.0542946113222,612.2151072298897,640.4070044045741,665.9128507067439,688.9885606322749,709.8656663157182,728.7536405917891,745.841998717801,761.3021998479284,775.2893673397969,787.9438451554886
327,0.2578125,104.43932522087641,182.59890741984657,253.2364143001188,317.13467726672536,374.9441592525296,427.2460096677697,474.56508031567927,517.3761030663628,556.1085676368263,591.1510444990297,622.8550846432287,651.5387464708944,677.4897865694662,700.9685465248525,722.2105647335075,741.4289394051827,758.8164664537572,774.5475737180913,788.7800709135156,801.6567328673283
328,0.25703125000000004,106.05551801549403,185.42375974317378,257.1530321140836,322.03840403137116,380.7404902432998,433.849497330719,481.8984485457385,525.3694613084842,564.698703102732,600.2807830470723,632.4727132575493,661.5974912403734,687.9473407430526,711.7866437834203,733.3545933092088,752.8675931132918,770.5214290887509,786.4932336118801,800.9432627645205,814.0165042286528
329,0.25625000000000003,107.51140340997485,187.96998823999783,260.68520927206924,326.4629339685883,385.97276454458085,439.8129490328437,488.5237807234152,532.5939579209409,572.4656054284881,608.5387247600036,641.1752087154138,670.7024720885237,697.4167363508151,721.5860014188756,743.4527343229962,763.2363017409617,781.1351707932293,797.3289001733709,811.9799415859409,825.2352695621153
330,0.25546875,108.79843229265524,190.2194037701925,263.8038524789491,330.3674057066393,390.5877607555248,445.07038668305535,494.362090848871,538.9574585854658,579.3039371577852,615.8063408415687,648.8309146892764,678.7090095389773,705.7404066577418,730.1963255823065,752.3221453695214,772.3398665690751,790.4503386246807,806.8352750547491,821.6590766333021,835.0704808649464
331,0.2921875,-59.06391393580081,-103.26502770360041,-143.21181814561533,-179.34711710148787,-212.03885782459363,-241.61575173739462,-268.3746576893587,-292.58408026330363,-314.48693114345116,-334.3029757049729,-352.23103972371433,-368.4510048525811,-383.12561377232214,-396.4021032768664,-408.41368171989996,-419.2808656663281,-429.1126891720969,-438.00779783381284,-446.0554385909484,-453.3363552157833
332,0.2546875,109.92063804589375,192.1821715763034,266.52679324224715,333.7784381226064,394.62171939424906,449.66829531447127,499.47056957231837,544.5281939194217,585.2932023984778,622.1745614230741,655.5422744133557,685.7310939343816,713.0438800378008,737.7546386622763,760.1112705820658,780.3380584744715,798.6379170507345,815.1944288200835,830.1736859075166,843.7259564012298
333,0.25390625,110.87056805558149,193.8422819185958,268.8282343695933,336.65958246740144,398.0269278390548,453.5472691005261,503.77782646978227,549.2226039086455,590.3375698020518,627.5352477682659,661.188857773627,691.636061099962,719.1823482827052,744.1041042188618,766.6513812309189,787.0504079181677,805.5058589713428,822.202908726706,837.3090890650194,850.9759702973379
334,0.0,112.25914989823546,196.27005793986316,272.1952008008758,340.87614095155834,403.01212655503986,459.2278817841756,510.0876042673217,556.101609243606,597.7315750212375,635.3951912157228,669.4703516820794,700.2989463518056,728.1902915779635,753.4242336130305,776.2539563894105,796.9085217814547,815.5951678393901,832.5013880559694,847.7968125289384,861.6349098944326
335,0.0,112.69533995653175,197.03327285247707,273.25439798300414,342.2034660847158,404.58238312996997,461.018255166851,512.077435758071,558.2721934524174,600.0659760399333,637.878075765452,672.0878377668355,703.0384660536002,731.0404667219998,756.3747631278693,779.2955142834725,800.0326647497961,818.7942516018169,835.7684916084797,851.125669565104,865.0198467217401
336,0.253125,111.65217539593401,195.20948791777593,270.7251509029196,339.0360872129805,400.83770011877664,456.75128702555054,507.33795626891987,553.1052325283018,594.5122721458337,631.9744850208089,665.8677039994678,696.5319555572443,724.274871093025,749.3747732298203,772.083468095146,792.6287715885354,811.2167949753411,828.0340127332337,843.2491333944719,857.0147921515385
337,0.07578125000000001,-88.7739667209147,-155.20918733336845,-215.25014242949405,-269.5623634968766,-318.6988308045744,-363.15358584527064,-403.37280249174154,-439.7600422982255,-472.6804032751862,-502.4641961444285,-529.4102603985892,-553.7889630874498,-575.8449116794716,-595.799408397973,-613.8526706927206,-630.1858401383641,-644.9627999227997,-658.3318191655417,-670.4270405672863,-681.3698263189859
338,0.07500000000000001,-91.4551418004294,-159.89788342998798,-221.75379518010288,-277.70835754364634,-328.33114837731665,-374.1310546468255,-415.56766819865913,-453.0566943133764,-486.9742223982836,-517.6605110231502,-545.4234025543878,-570.5414113610032,-593.266517746289,-613.8266957457429,-632.4282001411347,-649.2576356181044,-664.4838288134714,-678.2595220247838,-690.7229055681908,-701.9990041537719
339,0.07421875,-93.99124183304647,-164.33091630824393,-227.90054806218603,-285.4047767272862,-337.42907790612367,-384.49652563589615,-427.07951381132415,-465.6053201256161,-500.4604985382593,-531.9947714988275,-560.524540833326,-586.3360627280572,-609.6883199960067,-630.8156206319459,-649.9299487641059,-667.2230916024524,-682.8685637306136,-697.0233480528034,-709.8294708661903,-721.4154268639819
340,0.0734375,-96.38637012241774,-168.51945344144661,-233.71051660264175,-292.6820113585154,-346.0342337853753,-394.30351457568986,-437.9742300209714,-477.48450261203374,-513.2307022618353,-545.5714355960124,-574.83114481757,-601.3033625095445,-625.2536562745048,-646.9222928754975,-666.5266485995593,-684.263390010289,-700.3104469562636,-714.8287976214283,-727.9640835204301,-739.8480706374661
341,0.07265625,-98.62902968958342,-172.43949055249337,-239.14587105605762,-299.4875746392166,-354.0789625857462,-403.46891655153064,-448.1531379874209,-488.57998641623686,-525.1550885125545,-558.2454222983391,-588.1830012103568,-615.268205706753,-639.7727972298079,-661.9426449590003,-682.0001927483638,-700.1466910112516,-716.5642159519268,-731.4174964075193,-744.8555666323495,-757.013261609405
342,0.07187500000000001,-100.72334442664673,-176.10204499854302,-244.22633499923975,-305.8511832849256,-361.60390312602755,-412.0449622842388,-457.6805351548092,-498.9684602676542,-536.3229442888203,-570.1187309705243,-600.694862058151,-628.3580786226763,-653.3858982532918,-676.0293991160553,-696.5157388061516,-715.0504332503693,-731.8194185123677,-746.9909161784742,-760.7171210334947,-773.1357279546713
343,0.07109375000000001,-102.6587367865674,-179.48491801057247,-248.91678025730633,-311.72393210346956,-368.54583277184594,-419.9537874985952,-466.4637491260221,-508.54239472068525,-546.6119228486604,-581.0543045625668,-612.2151179365344,-640.4070157550276,-665.91286258988,-688.9885729399746,-709.8656789447886,-728.7536534453321,-745.8420117061634,-761.3022128892881,-775.289380360469,-787.9438580900035
344,0.0703125,-104.439325824744,-182.59890890392984,-253.23641685457326,-317.13468100177954,-374.94416421458305,-427.24601585327923,-474.5650876829793,-517.3761115455828,-556.1085771381238,-591.1510549193426,-622.8550958717375,-651.5387583933996,-677.4897990718349,-700.9685594956702,-722.2105780660926,-741.4289529990383,-758.8164802155886,-774.5475875624512,-788.7800847631582,-801.6567466533262
345,0.06953125,-106.05551864016701,-185.4237612804941,-257.15303476361214,-322.0384079104563,-380.7404954034522,-433.84950377176165,-481.89845622787374,-525.3694701624382,-564.6987130381957,-600.2807939596408,-632.4727250343531,-661.5975037646027,-687.9473538975362,-711.7866574533922,-733.3546073844209,-752.8676074895512,-770.5214436690102,-786.4932483069429,-800.9432774934459,-814.0165189189136
346,0.06875,-107.51140405616606,-187.969989832406,-260.68521202002603,-326.46293799686,-385.97276991002644,-439.8129557388335,-488.5237887321494,-532.5939671638278,-572.4656158147965,-608.5387361839953,-641.1752210621464,-670.7024852385292,-697.4167501838131,-721.5860158166583,-743.4527491716443,-763.236316932469,-781.1351862266689,-797.3289157556642,-811.979957232314,-825.2352851963014
347,0.06796875,-108.7984329611778,-190.21940541986032,-263.80385532934724,-330.36740989036775,-390.58776633514077,-445.07039366576396,-494.3620991991005,-538.9574682354813,-579.3039480165594,-615.8063528021106,-648.8309276346107,-678.709023346981,-705.7404212049978,-730.196340747109,-752.3221610341998,-772.3398826217094,-790.4503549603464,-806.8352915763537,-821.6590932520961,-835.0704975007704
348,0.0671875,-109.92063873752038,-192.18217328523548,-266.5267961987215,-333.778442467385,-394.6217251958504,-449.6683025841392,-499.4705782768583,-544.5282039920569,-585.2932137479421,-622.1745739411424,-655.5422879810061,-685.7311084267924,-713.0438953283494,-737.7546546256707,-760.1112870967768,-780.338075424546,-798.63793432712,-815.1944463215343,-830.1737035411628,-843.725974082873
349,0.06640625,-110.87056877120625,-193.84228368916376,-268.8282374365168,-336.6595869800561,-398.02693387230283,-453.54727666996604,-503.77783554485035,-549.2226144237183,-590.3375816657664,-627.535260871257,-661.1888719948746,-691.6360763119563,-719.1823643555925,-744.1041210237078,-766.6513986422544,-787.0504258159001,-805.5058772421681,-822.2029272650846,-837.3091077738071,-850.9759890881338
350,0.065625,-111.65217613638337,-195.20948975213727,-270.725154084217,-339.03609189956495,-400.8377063921463,-456.75129490588813,-507.33796572846336,-553.1052435027007,-594.5122845437006,-631.9744987316691,-665.8677189002984,-696.5319715178091,-724.2748879801759,-749.3747909108924,-772.0834864406238,-792.6287904740652,-811.2168142832326,-828.0340323535088,-843.2491532255631,-857.0148121006864
351,0.06484375,-112.25915066447835,-196.2700598405841,-272.1952041012788,-340.8761458194617,-403.0121330789965,-459.2278899892993,-510.0876141289336,-556.1016206988469,-597.7315879788569,-635.3952055642442,-669.4703672965366,-700.2989630992552,-728.1903093219411,-753.4242522170867,-776.253975719899,-796.9085417096517,-815.5951882430866,-832.5014088206011,-847.7968335483488,-861.6349310713277
352,0.06406250000000001,-112.6953407494639,-197.03327482189616,-273.2544014067711,-342.203471140514,-404.5823899137315,-461.0182637088781,-512.0774460369639,-558.2722054069474,-600.0659895790759,-637.8780907767745,-672.0878541234341,-703.0384836197935,-731.0404853579487,-756.3747826932554,-779.2955346404126,-800.0326857650724,-818.7942731485641,-835.7685135673992,-851.1256918252932,-865.0198691812092
353,0.06328125000000001,-112.95561757246591,-197.48776582838425,-273.883996857352,-342.9910899255849,-405.51262855054046,-462.07721076179416,-513.2525330784132,-559.552075712143,-601.4403804629088,-639.337727725435,-673.6243553866353,-704.6442741529387,-732.7087191520221,-758.0992726456201,-781.0706892149534,-801.8534517711867,-820.656084038713,-837.6672427145097,-853.0576102957182,-866.9816075673234
354,0.0625,-113.04370112064525,-197.6422842546919,-274.0989445185173,-343.26105224850716,-405.8326885478737,-462.4429017199892,-513.6597987408844,-559.9972336794486,-601.9200884311101,-639.8489524861874,-674.1643444686645,-705.2105299447868,-733.2989753292876,-758.7114727233525,-781.7029670507767,-802.5041138533924,-821.3235934040173,-838.3502043512566,-853.7547578994332,-867.6917915263035
355,0.06171875,-112.95567554571035,-197.48789409187862,-273.8842037388544,-342.99137996944285,-405.5130039075079,-462.07767198618365,-513.2530796266126,-559.5527062745683,-601.4410931949817,-639.3385204132749,-673.6252255684436,-704.6452192091916,-732.7097363730904,-758.1003592826964,-781.0718425184338,-801.8546690194947,-820.6573625597757,-837.6685799015394,-853.0590036185581,-866.9830545803259
356,0.060937500000000006,-112.69510949304893,-197.03276330657755,-273.2535765334948,-342.2023148892476,-404.5808937946591,-461.01642558130646,-512.0752681211873,-558.2696929613778,-600.063149980565,-637.8749328615215,-672.0843877046681,-703.0347191298152,-731.0364335801187,-756.370454560435,-779.290941083309,-800.0278375985582,-818.789180987161,-835.7631877633372,-851.1201424241334,-865.0141058911685
357,0.06015625000000001,-112.25932422746179,-196.2704438420688,-272.19582347358084,-340.8770141679354,-403.01325684291965,-459.2292708284196,-510.08925041594836,-556.1035085132194,-597.7337217983278,-635.3975787608911,-669.4729725001805,-700.3017924674879,-728.1933547425689,-753.4275054606047,-776.2574285543967,-796.9121859871136,-815.5990159636898,-832.5054121799645,-847.8010049715026,-861.6392632363012
358,0.059375000000000004,-111.65171505069064,-195.20846987876115,-270.7235094298857,-339.0337865359704,-400.83472339255195,-456.7476300025605,-507.3336233486668,-553.1002341311217,-594.506622888769,-631.9682024114458,-665.8608074808184,-696.5244657993811,-724.2668094630171,-749.3661613932563,-772.0743277164354,-792.6191241062609,-811.2066614352566,-828.0234136658188,-843.2380887271486,-857.0033211479152
359,0.05859375,-110.87085685591084,-193.84292106655727,-268.8292654909129,-336.66102829492223,-398.0287991365708,-453.5495686392691,-503.78055151877595,-549.225747895373,-590.3411234695692,-627.5392000063173,-661.1931962281928,-691.64077262663,-719.1874192868465,-744.1095209119816,-766.6571298239351,-787.0564747665732,-805.5122306833472,-822.2095722426435,-837.3160317143689,-850.9831798382294
360,0.0578125,-109.91995066804401,-192.18065134889727,-266.52434191644704,-333.7750022254209,-394.6172737360082,-449.66283353887127,-499.46409825383705,-544.5207286381693,-585.2847650129331,-622.1651781165962,-655.5319742652947,-685.7199078600457,-713.0318399950439,-737.7417770549339,-760.0976198111871,-780.3236506019016,-798.622783548996,-815.1786003890022,-830.1571923427624,-843.7088265033611
361,0.057031250000000006,-108.7988337949033,-190.22029225257845,-263.8052857441578,-330.36941531127263,-390.59036163621704,-445.0735826826879,-494.3658781759209,-538.9618281197792,-579.3088760564673,-615.8118336919513,-648.83694435419,-678.7155577852262,-705.7474546275171,-730.203854148349,-752.3301354028405,-772.348299139996,-790.4591951526061,-806.8445374181359,-821.6687272486437,-835.0805027415171
362,0.05625,-107.51049324921611,-187.96797522724512,-260.6819632612648,-326.4583841178413,-385.9668774785129,-439.80571632810444,-488.5152110906595,-532.5840720050608,-572.454432195122,-608.5262989068581,-641.1615687784891,-670.6876590370186,-697.4007925353181,-721.5689697804469,-743.4346577981441,-763.2172228155678,-781.1151311708951,-797.3079405322716,-811.95810140453,-825.212586998553
363,0.05546875,-106.05602975649103,-185.42489211369335,-257.15485874328374,-322.0409651097334,-380.74380479182037,-433.85357024291494,-481.9032749947846,-525.3750296839884,-564.7049970556018,-600.2877829573164,-632.4803973101426,-661.6058362250319,-687.9563226540407,-711.7962382713923,-733.3647760217647,-752.8783399507141,-770.5327163944984,-786.5050383124873,-800.9555624700836,-814.0292773024987
364,0.0546875,-104.43819790132301,-182.59641406532916,-253.23239367590682,-317.1290416037026,-374.9368671991906,-427.2370507884986,-474.5544654056132,-517.3638577091766,-556.0947277273975,-591.1356530356222,-622.8381893805895,-651.5203981788333,-677.4700377292021,-700.9474503486717,-722.1881744272056,-741.4053076151275,-758.7916448557808,-774.521612716106,-788.7530194234868,-801.628638167852
365,0.05390625,-102.65935504057025,-179.48628588883997,-248.91898658675942,-311.7270253623453,-368.5498359106453,-419.9587064409755,-466.46957808509933,-508.5491197391284,-546.6195242620003,-581.0627587663089,-612.2243986807665,-640.41709510641,-665.9237116528941,-689.000162400175,-709.8779794782299,-728.7666360260947,-745.8556478354956,-761.3164747640135,-775.3042409940812,-787.9592913967779
366,0.053125000000000006,-100.72200634776353,-176.09908532644462,-244.22156223874347,-305.84449318920224,-361.59524658960356,-412.0343269363792,-457.66793385576904,-498.9539234543753,-536.3065146536322,-570.1004596476724,-600.674805833181,-628.3362978614109,-653.3624553512395,-676.0043573323193,-696.4891613861092,-715.0223827680383,-731.7899563815388,-746.9601022944524,-760.6850135164406,-773.1023829722388
367,0.05234375000000001,-98.62975127724255,-172.44108706278155,-239.14844616995725,-299.4911849449485,-354.08363487650877,-403.47465774705717,-448.1599413387795,-488.5878356376031,-525.1639606562591,-558.2552898173757,-588.1938334694212,-615.279970105077,-639.7854600430186,-661.9561719732296,-682.0145497381683,-700.1618440985934,-716.5801318736695,-731.4341427120345,-744.8729118208983,-757.0312752343527
368,0.07734375,-83.00937058878108,-145.13054211927394,-201.27264811358424,-252.0580086909211,-298.00369947906734,-339.57168349568394,-377.17916378096896,-411.2034976587402,-441.9860762395823,-469.8357620419293,-495.0319897800816,-517.8275704644457,-538.4512281325184,-557.1098948343355,-573.9907869340283,-589.2632835728903,-603.0806261487511,-615.5814558680237,-626.8912048006096,-637.1233543969789
369,0.0765625,-85.96006212268999,-150.29048980922505,-208.42988789335087,-261.02253939248266,-308.60379230629195,-351.6519524159338,-390.5989935859519,-425.8356409250768,-457.7153846184812,-486.55803737266604,-512.6529437667641,-536.2618828219595,-557.6216939998454,-576.9466530725949,-594.430621687378,-610.2489921719371,-624.5604470789898,-637.5085511126553,-649.2231914013649,-659.8218805622058
370,0.051562500000000004,-96.38483014625257,-168.51604720558356,-233.70502372704914,-292.6743118757333,-346.02427118861135,-394.29127463471883,-437.9597275425636,-477.4677726307193,-513.2117939157257,-545.5504077379795,-574.8080628036305,-601.2782958154145,-625.226676711122,-646.893473247051,-666.4960616938667,-684.2311078420029,-700.2765402043043,-714.7933352167285,-727.9271323506082,-739.8096953427532
371,0.05078125,-93.99206231477322,-164.33273163191387,-227.9034761288717,-285.4088818908263,-337.43439064105036,-384.50305381853417,-427.0872497748822,-465.6142453582129,-500.4705869520328,-532.0059917751692,-560.5368581410806,-586.3494400003214,-609.7027188874494,-630.8310022399044,-649.9462741720877,-667.2403222883914,-682.8866618711021,-697.0422767467129,-709.8491942954943,-721.4359104054918
372,0.078125,-79.93501008233203,-139.756505354642,-193.82094105971277,-242.72743051985688,-286.97379127878423,-327.0047990184941,-363.2221463587395,-395.98916928593707,-425.6345793783837,-452.4557717274735,-476.72180921939923,-498.67612157272566,-518.5389472132573,-536.5095425684245,-552.7681809292677,-567.4779609136116,-580.7864426593858,-592.8271281531653,-603.7208005383592,-613.5767358347402
373,0.05,-91.4534094314566,-159.89405165735693,-221.74761610335483,-277.6996962192407,-328.31994124968753,-374.1172857174541,-415.5513541323578,-453.0378745284846,-486.95295217741943,-517.6368565761512,-545.3974374055423,-570.513213667927,-593.2361682926042,-613.7942764315469,-632.393792847336,-649.2213213551707,-664.4456870886652,-678.2196303784832,-690.6813392417426,-701.9558358599915
374,0.0,-88.77488104895794,-155.21121030684006,-215.25340544882218,-269.56693829006736,-318.70475134411544,-363.16086091927406,-403.3814235658842,-439.7699887511211,-472.69164604145533,-502.47670032825476,-529.4239871885392,-553.8038711794139,-575.8609583435903,-595.8165502823196,-613.8708644290731,-630.2050427972611,-644.9829693526666,-658.3529142419796,-670.4490213723769,-681.3926542658842
375,0.0,-85.95814805312,-150.28625615457196,-208.42306076775307,-261.0129697140157,-308.59140986732166,-351.6367395523443,-390.5809687211684,-425.8148476208498,-457.6918839631017,-486.5319025261645,-512.6242559693187,-536.2307284316778,-557.5881622750258,-576.9108345039888,-594.3926067435317,-610.208870358769,-624.5183062407704,-637.4644769197957,-649.1772669835307,-659.7741862548343
376,0.10390625,55.2357555007155,96.57262374580573,133.93113687378874,167.72532563352817,198.29921406374385,225.96016746304494,250.98577604147627,273.62712208413006,294.11135968836595,312.6440010724755,329.41097910771356,344.5805126540032,358.30479413211293,370.72151633635485,381.9552538037868,392.11871259118715,401.31386099258145,409.6329525374409,417.15945153019203,423.96887041474616
377,0.10312500000000001,51.319452050537556,89.72481191053573,124.43362772483347,155.830683337873,184.23567911288467,209.93423315124326,233.18428546364194,254.21913822931432,273.2498554906137,290.4673892050484,306.0444967893003,320.13747507574294,332.8877288651146,344.42318995174577,354.85960090088685,364.30167647998195,372.8441544103044,380.5727459906024,387.56499613702874,393.89106147296224
378,0.10234375000000001,47.32713765117555,82.74547615955986,114.75510322276082,143.71076034151477,169.9072088090812,193.60780165844199,215.05038109212262,234.45007750818002,252.0015196606234,267.8807934777708,282.2472091875138,295.24489950791576,307.0042655443253,317.6432849567997,327.26869551729885,335.97706592232726,343.85576459772824,350.98383621093564,357.4327946813747,363.26734064288024
379,0.1015625,43.25858881821754,75.6314131358212,104.88826312315663,131.35350228629866,155.29662702352186,176.95840117444567,196.5562556194224,214.28685174638932,230.32810467618958,244.84097566856252,257.97108867757953,269.8501920974254,280.59748104594706,290.3207935807318,299.1176928920743,307.07644635328876,314.2769112658286,320.7913361959746,326.6850859500163,332.01729746675096
380,0.10078125,39.12673225850894,68.40817519323365,94.87156619391838,118.81017041409137,140.46766910033494,160.06177936110652,177.78912901522847,193.8275702233342,208.33800644512237,221.46601169064544,233.34329134389665,244.0890033549296,253.81095354747418,262.6066770758006,270.56441687288356,277.76400889679604,284.27768304977,290.17078780051077,295.5024457763192,300.32614690000196
381,0.1,34.93102199920235,61.071721545097276,84.69622749369536,106.06648320406893,125.40011957480448,142.89156179476277,158.71639108036388,173.03341554545287,185.9863044835113,197.7050360768307,208.30720299676756,217.89919292664422,226.57725642385677,234.4284729517386,241.53162481608823,247.95798779835062,253.7720464333085,259.03214111830795,263.7910535539782,268.0965363956136
382,0.09921875000000001,30.685097548761803,53.64911507464001,74.40311440449611,93.17707626770643,110.16209948844465,125.52892295240667,139.43174781891648,152.01005149353233,163.39002011834177,173.68581827296563,183.00073449000917,191.42821730311798,199.0528125956309,205.95101167934484,212.1920186011949,217.83844436556188,222.94693502966794,227.56873996841816,231.7502260063007,235.533342571904
383,0.09843750000000001,26.3880938120109,46.13550247831533,63.98201145012106,80.12552897183944,94.73047867570178,107.94374840400769,119.89798719275682,130.71317077693462,140.4978368537292,149.35017916928467,157.3590341143208,164.60477274584133,171.1601076440792,177.09082280424016,182.45643392848444,187.3107857674621,191.70259252065304,195.67592672848687,199.27066156916501,202.52287100344952
384,0.09765625,22.054279006930905,38.55929031699705,53.47594266569807,66.9695144508481,79.1773438866127,90.22213897406473,100.21472351170755,109.25534022550538,117.43467996044745,124.83479400314485,131.52991722666678,137.58721260695637,143.06744483345724,148.02558978109568,152.5113859447756,156.56983335749217,160.24164498964603,163.56365515287118,166.56918900191948,169.2883968389538
385,0.096875,17.682474249610305,30.914842692513872,42.87332502197596,53.69057419787907,63.47679285993504,72.33042589164003,80.34037232326267,87.58703582069778,94.14315331388744,100.07452871575153,105.44069443048755,110.29550937447954,114.68769985354297,118.66134881452591,122.25633842182665,125.50875042447609,128.45122834737992,131.11330515215082,133.52169966312755,135.700584738545
386,0.09609375,13.28748849923927,23.231734707490656,32.21907394971574,40.349063296161,47.70443361543554,54.35910548851433,60.37984208762108,65.82703342946122,70.75531592275485,75.2141216876598,79.24817425503751,82.89793696104064,86.20001866668419,89.18754086544958,91.89046984582073,94.33591722920802,96.54841189015703,98.55014598121751,100.3611975267117,101.99973181570624
387,0.09531250000000001,8.867836351383755,15.503582616320992,21.50031027984723,26.924599167992653,31.831751492248042,36.27116223202538,40.28743231989496,43.92089763740282,47.208045899933815,50.18188548420462,52.87227777083012,55.30623747743942,57.50820422153627,59.50028811556162,61.30249189931796,62.9329118642048,64.40791960233426,65.74232641593976,66.94953204502713,68.0416592115624
388,0.09453125000000001,4.438776204281973,7.76094772303277,10.76356392018967,13.479846736281434,15.937409631270356,18.16093002123897,20.172698835094845,21.99288105583316,23.63972180432947,25.12972926885864,26.47783990264445,27.69756793212236,28.801140684062112,29.79962106545661,30.703018406208496,31.520388763951026,32.25992568867313,32.92904235180648,33.53444585951345,34.082204492683864
389,0.09375,-0.001474709007254431,-0.003262207496293046,-0.005261033779410437,-0.007374982143710641,-0.009543225610399336,-0.011725225150772147,-0.013893125346970403,-0.016027513036902672,-0.018114846235280608,-0.020145792015989414,-0.022114098675779962,-0.024015802060415897,-0.025848651360234398,-0.027611684758818165,-0.029304910619130722,-0.030929064858288922,-0.032485424500246954,-0.03397566332869222,-0.035401739557758105,-0.036765808135777824
390,0.09296875,-4.437302624295465,-7.757688090435164,-10.758307069534586,-13.472477574782271,-15.927873800785548,-18.14921364064956,-20.158815839640145,-21.976864772205886,-23.621619092493052,-25.109596322545446,-26.455739174963227,-27.673565852728817,-28.77530594886549,-29.772023349390157,-30.67372739385544,-31.489473422042973,-32.227453724513914,-32.895079815656125,-33.49905685904154,-34.045450994960525
391,0.0921875,-8.870776679681832,-15.510086924436683,-21.510799921114906,-26.939303677140984,-31.850779124818615,-36.29454041525134,-40.31513294177406,-43.95285387920034,-47.24416394237144,-50.22205289965469,-52.91636966678525,-55.35412105752292,-57.55974220164012,-59.55534129389471,-61.36092109078987,-62.994579351052856,-64.47269021300366,-65.81006831615825,-67.02011730491272,-68.11496419787827
392,0.09140625000000001,-13.28602400907652,-23.22849518305447,-32.21384952877128,-40.341739596172786,-47.69495661356752,-54.34746138902328,-60.36604473934954,-65.81111595295644,-70.73732488826974,-75.19411294159492,-79.22620986454429,-82.87408294529841,-86.17434329717538,-89.16011338668434,-91.86135951195217,-94.30519258102477,-96.5161402168511,-98.51639292522259,-100.3260267999178,-101.96320500267024
393,0.09062500000000001,-17.68538736481222,-30.92128680399523,-42.88371758434446,-53.70514262194103,-63.49564439930963,-72.35358771934425,-80.36781658682023,-87.61869631893718,-94.17893709485938,-100.11432439131103,-105.4843782629521,-110.3429497954638,-114.73876084850804,-118.71589246906248,-122.31422683814999,-125.56984715863739,-128.51539947816624,-131.18042006484086,-133.59163161135015,-135.7732112329014
394,0.08984375,-22.052832640395938,-38.55609088496802,-53.470782904340304,-66.96228139375923,-79.1679841795083,-90.21063899143279,-100.20109693013413,-109.23961975452087,-117.41691159267161,-124.81503289245651,-131.50822467068198,-137.56365380643106,-143.04208721363494,-147.99850172829136,-152.48263585493297,-156.5394889221361,-160.20977266431902,-163.53031976686458,-166.53445347799988,-169.25232199900577
395,0.0890625,-26.39096175854561,-46.14184667462076,-63.99224287966014,-80.13987152011701,-94.74903793334455,-107.96655112209113,-119.9250059495772,-130.7443403963662,-140.53306582343126,-149.389357826462,-157.40204063808565,-164.65147760604466,-171.21037693342862,-177.14452074513727,-182.5134247598287,-187.37093515959376,-191.76576862768897,-195.7420009599276,-199.33950914304125,-202.59437132891486
396,0.08828125,-30.683678227965856,-53.645975472199055,-74.39805113416782,-93.16997847639233,-110.15291481955188,-125.51763803447255,-139.41837607148187,-151.99462501277947,-163.37258403489923,-173.66642670727165,-182.97944759130965,-191.40509905084187,-199.027929152184,-205.9244301503607,-212.16380610191314,-217.80866732015204,-222.91565864961711,-227.53602786956458,-231.7161399338002,-235.49794220950312
397,0.08750000000000001,-34.93382710003765,-61.07792672384638,-84.7062347301848,-106.0805114788821,-125.41827216477803,-142.913864863922,-158.74281780637963,-173.06390217841542,-186.02076151409662,-197.7433562428246,-208.34926714422832,-217.94487436133414,-226.6264241704105,-234.48099420561687,-241.58736678907198,-248.01681910250025,-253.83383811025365,-259.09676739395195,-263.8583923795226,-268.16646982176223
398,0.08671875000000001,-39.12534873888386,-68.40511478886795,-94.86663065148399,-118.80325167796488,-140.4587161346279,-160.05077913067595,-177.7760945993797,-193.8125329063606,-208.32101021662334,-221.44710930307266,-233.32254142637018,-244.06646827017377,-253.78669778623814,-262.58076604843797,-270.5369159993218,-277.7349829235609,-284.24719554154547,-290.1389007668399,-295.4692194035076,-300.2916393651965
399,0.0859375,-43.26131378386715,-75.63744105193354,-104.89798448898259,-131.36712982815536,-155.31426106795138,-176.98006713695545,-196.58192744198013,-214.3164674976895,-230.36157740098975,-244.8782011656627,-258.011951193691,-269.89456855440847,-280.64524420696023,-290.3718144322043,-299.17184243652565,-307.13359695378176,-314.3369376458725,-320.8541161726777,-326.7505009596541,-332.0852329282743
400,0.08515625,-47.32579846752381,-82.74251383372022,-114.75032585804301,-143.70406334673373,-169.89854278395498,-193.5971539843688,-215.0377644270978,-234.4355221310855,-251.98506814803304,-267.8624968880407,-282.2271242672532,-295.2230866177288,-306.9807871047838,-317.61820427882066,-327.2420759213291,-335.94897007728866,-343.82625402889215,-350.9529709385947,-357.4006329613386,-363.23393878650467
401,0.084375,-51.322080085680525,-89.73062541208695,-124.4430033053652,-155.8438261586956,-184.25268593196722,-209.9551284787505,-233.20904416606982,-254.24770057515101,-273.28213761402503,-290.50329060741205,-306.0839058307203,-320.1802730520635,-332.93379306155714,-344.4723959402333,-354.911824269149,-364.3567941282236,-372.9020455155641,-380.63329271383594,-387.628084129983,-393.9565802287453
402,0.08359375000000001,-55.23446891460621,-96.56977777455273,-133.92654716193343,-167.7188916999785,-198.2908884486832,-225.9499380420981,-250.97365497287547,-273.61313845403754,-294.0955543970554,-312.62642316854635,-329.3916831044837,-344.5595565368795,-358.28223786572244,-370.6974207409519,-381.92967970909723,-392.091720201361,-401.2855094134213,-409.6032994292783,-417.12855285857495,-423.93678027752964
403,0.08281250000000001,-59.06642870097747,-103.2705906368578,-143.2207896400163,-179.35969349992254,-212.05513174678467,-241.6357466737308,-268.398349627904,-292.6114120847144,-314.51782263198254,-334.33733072550933,-352.2687514758391,-368.49195977144024,-383.1696944504931,-396.4491906627148,-408.46365677234803,-419.33361059594245,-429.1680883642492,-438.0657385256981,-446.1158113570419,-453.399054303732
404,0.08203125,-62.80260049716611,-109.80165693176112,-152.2770667831955,-190.69967733686613,-225.46070487873487,-256.9096656348135,-285.36220952538827,-311.10383884723603,-334.3928438180815,-355.46290365956327,-374.525432755749,-391.7717022919509,-407.37475957372766,-421.4911644234154,-434.26256010909066,-445.8170945817388,-456.2707062888834,-465.7282874713287,-474.2847366187135,-482.02591064632173
405,0.08125,-66.44661314554259,-116.17385833879418,-161.11557219710843,-201.7697487116439,-238.55018719117254,-271.82660017905056,-301.93289006164315,-329.1710769924386,-353.81440074999574,-376.11007009262806,-396.28174320468,-414.5317711064318,-431.0432273450553,-445.9817443852908,-459.4971751007156,-471.7250960121142,-482.78816733828944,-492.797363492981,-501.85308636515276,-510.0461725461544
406,0.08046875,-69.98353316760206,-122.35657237097226,-169.68874766741325,-212.50473607391157,-251.24048112350184,-286.285459750079,-317.99141121458996,-346.67648068077375,-372.62849022738123,-396.1078372208595,-417.35010865331844,-436.5684453128635,-453.9556805164182,-469.68627501534314,-483.9180675214214,-496.793858430709,-508.44284264351984,-518.9819058619503,-528.5167973749271,-537.1431911004064
407,0.07968750000000001,-73.41713212838926,-128.3608755824463,-178.01702369282353,-222.93582635330907,-263.57450144048704,-300.34155234684,-333.60591387844937,-363.70129281200093,-390.92959550254307,-415.5639658865912,-437.85152629513146,-458.0158563188778,-476.2592355046714,-492.7646724530437,-507.6977406541156,-521.20823945859,-533.43169683231,-544.4907289601941,-554.4962703324213,-563.5486866484894
408,0.07890625000000001,-76.73299408837629,-134.15711886429165,-186.05424101326525,-232.99963247507227,-275.47127629254913,-313.8962088523209,-348.66009016621524,-380.1117467939937,-408.5667581564476,-434.31063432835975,-457.601682437652,-478.67359879133465,-497.7378138361427,-514.9856136439042,-530.5900592419681,-544.707723059549,-557.4802599202537,-569.0358283482811,-579.4903764523511,-588.9488052916131
409,0.10546875,62.80382654831384,109.80436898937985,152.28144052333803,190.7058085101549,225.46863871157584,256.91941368267817,285.37376020515046,311.1171644453873,334.40790536357656,355.47965441682425,374.54382078176224,391.791672334947,407.3962544956612,421.5141262705806,434.28693091838477,445.8428169857772,456.297723966494,465.7565454783277,474.31418162548556,482.05649110260146
410,0.1046875,59.06391379393477,103.26502737953763,143.2118176269444,179.34711639883804,212.03885696452312,241.61575075667764,268.37465663047726,292.58407917098674,314.4869300620895,334.302974676755,352.23103878734935,368.4510040424733,383.125613118117,396.40210280327284,408.4136814467145,419.28086560862295,429.11268934050537,438.007798234888,446.0554392275634,453.33635608755196
411,0.078125,-79.93501008233203,-139.756505354642,-193.82094105971277,-242.72743051985688,-286.97379127878423,-327.0047990184941,-363.2221463587395,-395.98916928593707,-425.6345793783837,-452.4557717274735,-476.72180921939923,-498.67612157272566,-518.5389472132573,-536.5095425684245,-552.7681809292677,-567.4779609136116,-580.7864426593858,-592.8271281531653,-603.7208005383592,-613.5767358347402
412,0.10625000000000001,66.44422686657275,116.16857961214444,161.1070590448184,201.75781484004384,238.5347447424024,271.8076269006964,301.91040878110067,329.1451419545026,353.78508811503025,376.07747112451517,396.2459592839976,414.4929100281082,431.00140054535035,445.9370648555868,459.44975581731825,471.6750487587621,482.73560183044435,492.74238673575906,501.79580219307377,509.9866813048378
413,0.0,-83.00937058878108,-145.13054211927394,-201.27264811358424,-252.0580086909211,-298.00369947906734,-339.57168349568394,-377.17916378096896,-411.2034976587402,-441.9860762395823,-469.8357620419293,-495.0319897800816,-517.8275704644457,-538.4512281325184,-557.1098948343355,-573.9907869340283,-589.2632835728903,-603.0806261487511,-615.5814558680237,-626.8912048006096,-637.1233543969789
414,0.0,-85.96006212268999,-150.29048980922505,-208.42988789335087,-261.02253939248266,-308.60379230629195,-351.6519524159338,-390.5989935859519,-425.8356409250768,-457.7153846184812,-486.55803737266604,-512.6529437667641,-536.2618828219595,-557.6216939998454,-576.9466530725949,-594.430621687378,-610.2489921719371,-624.5604470789898,-637.5085511126553,-649.2231914013649,-659.8218805622058
415,0.01953125,62.80259439442454,109.80164092046488,152.2770375102123,190.69963194376004,225.4606409592825,256.9095811933267,285.3621029367428,311.10370881915935,334.3926893559687,355.4627240339214,374.52522747225555,391.77147106403277,407.3745022975491,421.49088115514013,434.26225104425026,445.8167600365811,456.27034668352826,465.7279033146011,474.28432849451156,482.0254792013865
416,0.018750000000000003,66.44660687542834,116.17384187154765,161.11554206315125,201.76970194301214,238.55012127960902,271.82651303463103,301.93277997291324,329.17094258867064,353.81424096587267,376.10988413548444,396.28153052430264,414.5315313673462,431.04296040119465,445.9814502569244,459.4968539534729,471.7247481379873,482.78779313844296,492.7969634622428,501.85266107804756,510.0457226443478
417,0.017968750000000002,69.98352673518436,122.35655546149349,169.68871669807282,212.5046879699044,251.24041327669008,286.28536997793566,317.9912977204665,346.6763420161537,372.6283252564667,396.1076450876432,417.34988875116676,436.56819725654884,453.9554041165076,469.68597025483075,483.9177345344457,496.7934974832434,508.4424541158693,518.9814902329317,528.5163552075969,537.142723029204
418,0.0171875,73.41712554185713,128.3608582500168,178.01699191985614,222.93577695808273,263.5744317137107,300.3414600111183,333.6057970488485,363.70114995844176,390.9294254144092,415.56376763973776,437.85129922134166,458.01559997771994,476.2589496576778,492.76435704010856,507.69739577195946,521.2078653411857,533.4312938331079,544.4902975360283,554.4958110289617,563.5482000871126
419,0.01640625,76.73298735835559,134.15710113785497,186.05420849103888,232.9995818746287,275.47120480873804,313.8961141172627,348.6599702101876,380.1116000080005,408.56658325689494,434.3104303240549,457.60144859919,478.6733346228401,497.7375190492998,514.9852881341786,530.5897030668785,544.7073364188848,557.4798431380846,569.0353818566407,579.4899007764643,588.9483010365432
420,0.015625,79.93500322450296,139.7564872728248,193.8209078548877,242.72737881182087,286.97371816763706,327.004702045426,363.2220234674595,395.98901878560514,425.63439990852066,452.4555622250941,476.7215688884578,498.6758498558581,518.5386437657648,536.5092072344123,552.7678137198055,567.4775619868172,580.7860123022832,592.8266667652027,603.7203086164626,613.5762139597772
421,0.01484375,83.00936362227485,145.13052373439373,201.27261432478213,252.0579560318956,298.00362496535274,339.571584586222,377.1790383401006,411.2033439195477,441.9858927690966,469.83554770847564,495.0317437228689,517.8272920654019,538.4509169903221,557.1095507405689,573.9904098513239,589.2628736149757,603.0801835622515,615.580981015908,626.8906981471603,637.1228164941643
422,0.0140625,85.96005507508376,150.2904711907951,208.4298536431903,261.0224859661237,308.6037166398405,351.6518518887771,390.5988659836115,425.8354844032206,457.7151976686582,486.5578187900715,512.6526926201623,536.2615984257793,557.6213758884159,576.94630097645,594.4302355115113,610.2485719759198,624.5599930588128,637.5080635841872,649.2226707853114,659.8213273704475
423,0.013281250000000001,88.77395962456663,155.20916857022425,215.2501078859702,269.5623095707493,318.6987543705172,363.15348421864525,403.37267339232693,439.7598838149647,472.6802138325517,502.46397447073656,529.4100054964035,553.7886742061002,575.8445882896616,595.7990501684137,613.852277468672,630.1854119220079,644.9623368553006,658.3313215106982,670.4265086966558,681.3692606983647
424,0.0125,91.4551347022574,159.8978646420541,221.75376055741293,277.7083034424827,328.33107162277486,374.13095249817746,415.5675383143807,453.0565347170054,486.9740314457549,517.6602873719653,545.4231451347783,570.5411193491244,593.2661905394255,613.8263329394705,632.4278015083272,649.2572010897101,664.4833584609246,678.2590160439548,690.7223642647612,701.9984279299229
425,0.01171875,93.99123478610804,164.33089764153283,227.90051363676886,285.4047228917207,337.4290014657729,384.49642381979623,427.07938423855813,465.6051607724161,500.4603077065148,531.9945477863648,560.5242831061224,586.3357700944313,609.6879917827617,630.8152563624155,649.9295481379856,667.2226544773446,682.8680901051515,697.0228380512573,709.8289247244425,721.4148449167616
426,0.010937500000000001,96.38636320591407,168.51943510010344,233.7104827416983,292.68195834888996,346.034158435578,394.3034141008843,437.97410201131186,477.48434500157657,513.2305132987342,545.5712138143725,574.8308890111317,601.3030717072328,625.2533297178272,646.9219299977369,666.5262490066491,684.2629534633007,700.3099733553761,714.8282869912844,727.9635359967745,739.8474864549602
427,0.010156250000000002,98.62902298935467,172.4394727730815,239.14583820780055,299.4875231705936,354.07888935759735,403.46881880824304,448.15301332735885,488.57983276277355,525.1549040864115,558.2452055915915,588.1827509622414,615.2679208812937,639.7724769952131,661.9422886687616,681.9997999239255,700.1462613261725,716.563749217395,731.416992559121,744.8550257179857,757.0126837782514
428,0.009375000000000001,100.72333807699354,176.10202812779187,244.22630378792098,305.8511343106261,361.6038333412087,412.0448689906006,457.6804159767398,498.96831312620344,536.3227673769071,570.1185227297095,600.6946211570892,628.3578039372339,653.3855888482711,676.0290542284462,696.5153578297758,715.050015721838,731.8189640982205,746.9904246634063,760.716592309574,773.1351620114531
429,0.00859375,102.65873093582996,179.48490246462637,248.9167514796641,311.7238869022432,368.5457682804124,419.9537011537895,466.4636386460137,508.54225808366806,546.6117582728497,581.0541104876874,612.214893006808,640.406758803576,665.9125726244324,688.9882491297689,709.8653206085143,728.7532600400351,745.8415828169789,761.3017482199257,775.2888797243654,787.9433214020736
430,0.0078125,104.43932071612362,182.5988953127128,253.23639164366097,317.13464129872006,374.9441073980911,427.245939537548,474.5649897016182,517.3759899361789,556.1084301278648,591.1508809118407,622.8548934350379,651.5385262490621,677.4895360849637,700.9682646657816,722.2102505186733,741.4285919777259,758.8160850748643,774.5471577607875,788.7796198565618,801.6562462892279
431,0.00703125,106.05551448772663,185.42375022564366,257.15301421237365,322.03837544646086,380.74044878327777,433.8494409179748,481.8983752218879,525.3693692379949,564.6985905755795,600.2806484804942,632.4725551968963,661.5973083590679,687.9471318416778,711.7864077879989,733.3543292687409,752.8673001966375,770.521106580953,786.4928809100095,800.9428793731473,814.0160897550119
432,0.00625,107.51140128378435,187.9699824024016,260.6851980751167,326.4629157157261,385.97273751074886,439.8129114816016,488.5237309229526,532.5938941590848,572.4655260264101,608.5386280843585,641.1750931887615,670.7023361980217,697.4165786552318,721.5858205540376,743.4525290058053,763.2360707721308,781.1349130588969,797.328614645731,811.979627323042,825.2349257069495
433,0.0054687500000000005,108.79843196282218,190.21940275209022,263.80385024319617,330.3674015601206,390.58775387741946,445.0703761563266,494.36207568876966,538.9574377650133,579.3039096300151,615.8063055584695,648.8308706175453,678.7089556728332,705.7403420290827,730.1962492685378,752.3220564993678,772.3397643266727,790.4502222522289,806.8351438539578,821.6589299658606,835.0703181521925
434,0.004687500000000001,109.92064026096061,192.18217717127303,266.52680296079546,333.77845229505175,394.62173799584997,449.6683180154348,499.4705957843154,544.5282228389634,585.2932330466215,622.1745926810768,655.5423050541891,685.7311226502748,713.0439054640808,737.7546593978536,760.111285206916,780.3380655644568,798.6379151900892,815.1944166118474,830.1736619821896,843.7259194238711
435,0.00390625,110.87057492052973,193.84230031088327,268.8282681616118,336.659634774911,398.0270011509344,453.54736538032427,503.77794723365804,549.2227502864041,590.3377425865639,627.5354474568061,661.189084603368,691.6363150790515,719.1826292178364,744.1044117399596,766.6517148133797,787.0507669029731,805.5062425833024,822.2033160910133,837.3095192222981,850.9764222173027
436,0.003125,111.65219006376248,195.2095262817128,270.7252199574348,339.0361922626601,400.8378451534745,456.7514749735434,507.3381891750362,553.1055116884273,594.5125982150859,631.9748581044053,665.8681237310813,696.5324211675722,724.2753814702617,749.3753269731892,772.0840635623645,792.629406937898,811.2174682030083,828.0347217062106,843.2498758797335,857.0155658416738
437,0.0023437500000000003,112.25916489577958,196.27009890075664,272.1952786970202,340.8762662141627,403.01230874627566,459.2281294016425,510.0879246598256,556.1020086009019,597.7320584089744,635.3957626366519,669.4710141515512,700.2997019800279,728.1911416542342,753.4251786889175,776.2549963589682,796.9096559573075,815.5963950240236,832.5027066078877,847.7982204236021,861.6364047800209
438,0.0015625,112.69534554286363,197.03329420477453,273.2544473625755,342.20355549671365,404.58252343651986,461.0184557854476,512.077704605002,558.2725369907542,600.0663993732771,637.878582750903,672.0884311340825,703.0391475231982,731.0412371190193,756.375622488865,779.2964619557501,800.0336994825929,818.7953716294076,835.7696947254476,851.1269531941745,865.0212079746401
439,0.00078125,112.9557238441712,197.48804860463875,273.8845134367029,342.9918862387629,405.51374119818564,462.0786685797605,513.2543583791569,559.5542852992248,601.4429864763707,639.340738354689,673.6277754761718,704.648105719555,732.7129618280461,758.1039240596843,781.0757453196686,801.8589071254772,820.6619320512355,837.6734758535738,853.0642202702966,866.9885854830375
440,0.0,113.04398835653858,197.64295567369794,274.1000835731642,343.26272657742015,405.83495287114164,462.44579995919327,513.6633657106263,560.0014964737788,601.9250675765867,639.8546629114201,674.1707963266327,705.2177293149603,733.3069248201543,758.7201719914572,781.7124132490405,802.5143020191431,821.3345167952674,838.361854738378,853.7671258182485,867.7048664976915
441,0.02109375,55.23446315489281,96.56976269308215,133.92651963748511,167.7188490899267,198.29082854577817,225.9498590325179,250.97355539631744,273.6130171663064,294.09541053534736,312.6262561194815,329.39149247483385,344.55934212687157,358.2819996447837,370.69715882574735,381.9293943436775,392.0914117392847,401.28517830167357,409.60294619384706,417.12817809154126,423.9363846255339
442,0.0203125,59.0664227690338,103.27057508858168,143.22076123787102,179.3596494931642,212.05506982860334,241.63566493942875,268.3982465349453,292.61128641515205,314.51767345749573,334.33715737513,352.26855350633167,368.4917369402308,383.1694466910235,396.4489180620807,408.4633595510461,419.33328908959555,429.1677430071336,438.06536983594015,446.1154199233385,453.3986407734618
443,0.0,47.32579305210919,82.7424996819135,114.75030007604354,143.70402350149553,169.89848685958145,193.59708034017837,215.03767175801755,234.43540943074518,251.9849346746964,267.8623421333812,282.22694792788883,295.22288856937007,306.9805673788421,317.6179630413121,327.2418134538821,335.9486867601094,343.8259503255035,350.9526473822068,357.4002901427017,363.23357734310576
444,0.021875000000000002,51.3220744985831,89.73061079677645,124.44297665477104,155.84378493548596,184.25262802512648,209.9550521616285,233.20894805661533,254.2475835987435,273.2819989690745,290.5031297337538,306.0837223807385,320.1800668644094,332.93356413731834,344.47214442139756,354.91155041917636,364.35649831458466,372.90172819406365,380.63295441458246,387.6277254448566,393.95620180022644
445,0.0,43.261308538590164,75.6374273581558,104.89795956326965,131.36709133841705,155.31420708977615,176.9799961117879,196.58183813775358,214.31635897224416,230.36144896838863,244.87805236538964,258.01178176263215,269.89437840145825,280.6450333900907,290.3715831378277,299.1715909609511,307.1333256866188,314.33664705519317,320.8538067917932,326.7501733753568,332.0848877704034
446,0.049218750000000006,-88.77488104895794,-155.21121030684006,-215.25340544882218,-269.56693829006736,-318.70475134411544,-363.16086091927406,-403.3814235658842,-439.7699887511211,-472.69164604145533,-502.47670032825476,-529.4239871885392,-553.8038711794139,-575.8609583435903,-595.8165502823196,-613.8708644290731,-630.2050427972611,-644.9829693526666,-658.3529142419796,-670.4490213723769,-681.3926542658842
447,0.0484375,-85.95814805312,-150.28625615457196,-208.42306076775307,-261.0129697140157,-308.59140986732166,-351.6367395523443,-390.5809687211684,-425.8148476208498,-457.6918839631017,-486.5319025261645,-512.6242559693187,-536.2307284316778,-557.5881622750258,-576.9108345039888,-594.3926067435317,-610.208870358769,-624.5183062407704,-637.4644769197957,-649.1772669835307,-659.7741862548343
448,0.04765625,-83.01037313841249,-145.1327603030186,-201.27622602821486,-252.06302500253003,-298.0101914538763,-339.5796607837833,-377.1886170366988,-411.214404281192,-441.9984043672328,-469.8494734184651,-495.0470418540943,-517.843917949798,-538.4688241783509,-557.1286919064321,-574.0107374791718,-589.284340517954,-603.1027432726697,-615.6045880752522,-626.9153083178356,-637.1483869098402
449,0.046875,-79.93292612629455,-139.75189595485926,-193.81350804112742,-242.71701158788085,-286.960310012177,-326.9882362011456,-363.20252206295373,-395.96653095137617,-425.6089935247429,-452.42731801563144,-476.6905761056764,-498.64220308389434,-518.502440532114,-536.4705462181817,-552.726793407686,-567.4342796692532,-580.7405633306871,-592.7791440108955,-603.6708020862905,-613.5248105337797
450,0.04609375,-76.73407869262468,-134.15951861968844,-186.05811183263995,-233.00505948462995,-275.4782998284869,-313.9048393722467,-348.67031757488996,-380.123546653641,-408.58009600839165,-434.32546879351827,-457.6179674882261,-478.691285439043,-497.75685139815675,-515.0059506965163,-530.6116443394886,-544.7305052744063,-557.504189245561,-569.0608559938217,-579.516455057525,-588.9758890734695
451,0.045312500000000006,-73.41489114908978,-128.355918895498,-178.0090306809601,-222.92462251737035,-263.5600046231945,-300.32374190395024,-333.5848114118319,-363.67694935031267,-390.9020825895288,-415.5333691948727,-437.817940953178,-457.97938344319186,-476.2199796036221,-492.72273947464186,-507.6532365174112,-521.1612689529654,-533.3823627993863,-544.4391316944407,-554.4425071518839,-563.4928515982768
452,0.04453125000000001,-69.98469315533008,-122.35913894456398,-169.69288760367292,-212.5105404422916,-251.2479930883111,-286.29469051771787,-318.00235000723046,-346.689101378264,-372.64275598932,-396.12370380271597,-417.3675268361825,-436.5873627092097,-453.97604292422926,-469.7080274382651,-483.9411549378269,-496.8182263715301,-508.46843762298045,-519.0086756942991,-528.5446914023489,-537.1721603514961
453,0.043750000000000004,-66.44422897607394,-116.16858496853504,-161.1070685530172,-201.75782917429055,-238.53476438102345,-271.80765215713524,-301.9104398312903,-329.1451788607943,-353.78513084697227,-376.0775195767832,-396.24601329178375,-414.49296938028226,-431.0014649956484,-445.93713413207803,-459.44982963038393,-471.6751268077619,-482.73568380926383,-492.74247233738146,-501.79589111331103,-509.9867732453456
454,0.04296875,-62.803828734284885,-109.80437454643426,-152.28145039825287,-190.7058234124958,-225.46865914893866,-256.9194399922125,-285.3737925814297,-311.11720296482406,-334.40795000567346,-355.4797050825524,-374.5438773093733,-391.7917345135292,-407.3963220766949,-421.5141989777425,-434.28700845583654,-445.84289904511417,-456.2978102325483,-465.7566356339711,-474.3142753555692,-482.05658809715595
455,0.0421875,-59.06391605908868,-103.26503314452667,-143.2118278821214,-179.34713189065388,-212.03887823124649,-241.61577816041645,-268.3746903855498,-292.5841193688328,-314.4869766929969,-334.3030276486954,-352.2310979422202,-368.4510691700572,-383.1256839680111,-396.4021790950397,-408.41376287848755,-419.2809518643445,-429.1127800959941,-438.0078931628801,-446.0555380018666,-453.3364583864382
456,0.041406250000000006,-55.23575784812353,-96.57262972700548,-133.9311475247015,-167.72534173929822,-198.29923619493266,-225.96019600815055,-250.98581123580882,-273.6271640352217,-294.1114083981824,-312.6440564567142,-329.4110410124863,-344.5805808702055,-358.3048684077389,-370.72159638700197,-381.95533932158867,-392.1188032523511,-401.31395646372846,-409.6330524808933,-417.15955560835175,-423.9689782936879
457,0.040625,-51.31945448310838,-89.72481811576127,-124.43363878607609,-155.83070008068344,-184.2357021416714,-209.93426288229222,-233.18432215450073,-254.2191820047066,-273.2499063651408,-290.4674471029579,-306.0445615616149,-320.1375465150496,-332.88780671827124,-344.4232739307487,-354.8596906921383,-364.30177175213515,-372.8442548208831,-380.57285119154403,-387.5651057792925,-393.8911752103301
458,0.03984375,-47.327140172192045,-82.74548259766358,-114.75511471089855,-143.71077774759573,-169.90723277311653,-193.60783262606407,-215.0504193444802,-234.4501231883611,-252.00157279685342,-267.88085400365935,-282.247276959638,-295.2449743210379,-307.0043471445005,-317.64337305261625,-327.2687897894906,-335.9771660319344,-343.85587019300766,-350.98394693316686,-357.4329101697084,-363.2674605383552
459,0.0390625,-43.258591430788556,-75.63141981518024,-104.88827505387405,-131.3535203805219,-155.2966519585841,-176.95843342688548,-196.55629549539222,-214.286899408591,-230.32816016757468,-244.84103893306235,-257.9711595781505,-269.8502704317029,-280.5975665597608,-290.32088597972745,-299.1177918516779,-307.07655152719207,-314.277022293197,-320.79145270752485,-326.6852075731114,-332.01742382964136
460,0.03828125,-39.12673496612643,-68.40818212327771,-94.8715785848814,-118.81018922446012,-140.46769504666221,-160.06181295252895,-177.78917058438978,-193.82761995383746,-208.33806439573772,-221.46607781653162,-233.34336551511558,-244.08908537254518,-253.81104315748652,-262.60677398115655,-270.56452074380434,-277.76411937959665,-284.2777997743744,-290.1709103868109,-295.50257383952606,-300.3262800551196
461,0.037500000000000006,-34.93102480517242,-61.07172873476997,-84.69624036170177,-106.06650275729542,-125.40014657092341,-142.8915967772471,-158.71643440992608,-173.03346742801602,-185.98636499492878,-197.7051051846039,-208.30728057903616,-217.8992787887367,-226.57735031264968,-234.42857456806544,-241.5317338254366,-247.95810384002385,-253.77216912825625,-259.0322700757742,-263.7911883771158,-268.096676686198
462,0.03671875000000001,-30.685100456787584,-53.64912253395099,-74.40312776831695,-93.17709659357614,-110.16212757719799,-125.52895938368282,-139.4317929831138,-152.01010562030186,-163.39008330182347,-173.68589049400939,-183.00081563564896,-191.42830718358235,-199.05291095913708,-205.95111822491555,-212.1921329897347,-217.8385662293717,-222.94706398060046,-227.56887560482454,-231.7503679189187,-235.5334903488211
463,0.035937500000000004,-26.38809682559704,-46.13551021678053,-63.98202532768686,-80.12555009895038,-94.73050789845081,-107.94378634013408,-119.89803426411554,-130.71322723851284,-140.49790281940176,-149.350254634542,-157.35911897623203,-164.6048668205309,-171.16021068196267,-177.09093450325526,-182.45655394555513,-187.3109137283729,-191.70272802853756,-195.6760693710807,-199.2708109249756,-202.52302664697558
464,0.03515625,-22.054282129980542,-38.55929834518071,-53.47595707684292,-66.96953641070813,-79.17737428872829,-90.22217847624539,-100.21477256901525,-109.25539911979614,-117.4347488266507,-124.83487285250456,-131.53000596720096,-137.58731106140831,-143.0675527549819,-148.02570686691507,-152.51151184804036,-156.56996769752544,-160.2417873607753,-163.56380513199775,-166.56934615497903,-169.28856072640258
465,0.034375,-17.682477485814616,-30.914851020483574,-42.873339985740586,-53.690597020959245,-63.476824485624604,-72.33046701996606,-80.34042344447815,-87.58709724534674,-94.14322519960858,-100.07461109103491,-105.44078721563399,-110.29561240003162,-114.68781287642784,-118.6614715321416,-122.2564704843076,-125.5088914453151,-128.4513779126099,-131.1134628282391,-133.521865003735,-135.70075729028628
466,0.033593750000000006,-13.287491852680876,-23.23174334631395,-32.219089486906334,-40.34908701555447,-47.70446651241062,-54.359148307424114,-60.37989535579301,-65.82709748778696,-70.75539095302186,-75.21420773682908,-79.24827125670984,-82.89804475437553,-86.20013701300759,-89.1876694627804,-91.89060834155052,-94.33606523111017,-96.5485689759292,-98.55031170671016,-100.36137143299594,-101.99991343511803
467,0.0328125,-8.867839825919122,-15.503591576570429,-21.50032641054544,-26.924623815960082,-31.831785707478193,-36.271206805575105,-40.28748781838375,-43.920964434122716,-47.20812420270677,-50.18197536018139,-52.87237916846563,-55.30635024590274,-57.50832812778841,-59.50042285932766,-61.30263712618729,-62.93306717703451,-64.40808457115962,-65.74250058654445,-66.9497149463275,-68.04185036194345
468,0.03203125,-4.438779804144702,-7.760957016199696,-10.763580666024712,-13.479872347267591,-15.937445214477709,-18.160976416666184,-20.17275665066442,-21.99295069902123,-23.63980351055153,-25.129823126794314,-26.477945876727837,-27.69768588245054,-28.801270383950907,-29.799762216867432,-30.703170653278285,-31.52055170479938,-32.260098885690546,-32.929225340576295,-33.53463815652209,-34.08240560195834
469,0.03125,0.0014709798342987584,0.003252570423123166,0.005243651827218981,0.007348374280342536,0.00950622492527022,0.011676940079783739,0.013832904193883592,0.015954911832290135,0.01802959982760402,0.020047788223593384,0.022003355281650955,0.0238924464035053,0.0257129022985107,0.027463836783308236,0.02914531988883137,0.030758136983039804,0.03230360386798027,0.03378342382468863,0.03519957652079593,0.036554231411751306
470,0.030468750000000003,4.437298761481926,7.7576780976838275,10.758289029277067,13.472449934657138,15.927835331471806,18.149163396667632,20.158753123394956,21.976789101336067,23.621530170437673,25.10949401216935,26.455623475031953,27.673436876993534,28.77516390753755,29.771868532788076,30.673560157996114,31.489294176005515,32.22726291937338,32.89487793483446,33.498844409920814,34.04522850161811
471,0.029687500000000002,8.87077267917924,15.51007656474831,21.510781200918274,26.939274969645922,31.850739135291285,36.294488141415776,40.31506763739533,43.95277502093738,47.24407119982872,50.22194610848672,52.91624880465489,55.35398622268043,57.55959359390813,59.55517919784523,61.36074586088773,62.99439139859539,64.4724899946549,65.80985632392508,67.01989405740817,68.11473023273098
472,0.02890625,13.286019866540016,23.228484444596567,32.213830106297415,40.34170978562615,47.69491505216141,54.34740701525488,60.36597675613004,65.81103379397081,70.73722818751364,75.1940015059569,79.22608364924368,82.87394203195386,86.17418787429419,89.15994373236286,91.86117597856398,94.3049955817283,96.51593021371606,98.5161704188228,100.3257923202357,101.96295910117216
473,0.028125,17.685383076222507,30.921275675471612,42.8836974377065,53.70511167256908,63.495601213128296,72.35353117248137,80.36774582830958,87.6186107366044,94.17883628435872,100.11420812819522,105.48424647759654,110.34280255062849,114.7385983193326,118.71571492528899,122.31403462835407,125.56964069629973,128.51517922938666,131.18018653754214,133.59138534581794,135.7729527935178
474,0.02734375,22.052828201512888,38.556079354810926,53.470762011661215,66.96224927055053,79.1679393177569,90.21058020243835,100.20102330679299,109.2395306367437,117.41680653592225,124.81491163930983,131.50808712523315,137.5635000113476,143.04191732965347,147.9983160159583,152.48243465837203,156.5392726546781,160.2095417957964,163.53007481241934,166.5341949882507,169.25205055143323
475,0.026562500000000003,26.390957165523304,46.141834731855994,63.99222121942778,80.13983818756428,94.74899134307206,107.96649001717418,119.92492936346552,130.7442476178599,140.532956364743,149.38923139427814,157.40189710747168,164.6513169969956,171.21019938987192,177.14432651619347,182.51321418311588,187.37070864641368,191.76552664989907,195.74174403834883,199.33923783724785,202.5940862282647
476,0.025781250000000002,30.68367347685371,53.64596310602129,74.39802868589706,93.16994390162557,110.15286645294023,125.5175745484609,139.41829643783592,151.99452846712788,163.37247004432348,173.66629494087383,182.97929789361555,191.40493141784876,199.02774370986867,205.92422713545793,212.16358584475304,217.80843022939914,222.9154051987151,227.53575858473857,231.71585538346395,235.4976429949284
477,0.025,34.93382218738204,61.07791392415358,84.70621147370925,106.08047562811815,125.41822197081105,142.91379892494456,158.74273502889082,173.0638017413657,186.02064283603437,197.74321895199316,208.34911105148296,217.9446994357013,226.62623051710924,234.48078204636118,241.58713644444498,248.01657097624698,253.83357267529829,259.0964851799925,263.8580939620517,268.16615581237187
478,0.02421875,39.125343661287694,68.40510154633671,94.8666065690656,118.80321452262868,140.45866407155998,160.05071068158892,177.77600860339837,193.81242848377988,208.32088673561955,221.4469663493357,233.32237877554044,244.06628586291455,253.7864957057743,262.5805445003823,270.53667529358677,277.73472345820403,284.2469177883578,290.13860525853084,295.468906722337,300.29131013291044
479,0.0234375,43.261308538590164,75.6374273581558,104.89795956326965,131.36709133841705,155.31420708977615,176.9799961117879,196.58183813775358,214.31635897224416,230.36144896838863,244.87805236538964,258.01178176263215,269.89437840145825,280.6450333900907,290.3715831378277,299.1715909609511,307.1333256866188,314.33664705519317,320.8538067917932,326.7501733753568,332.0848877704034
480,0.022656250000000003,47.32579305210919,82.7424996819135,114.75030007604354,143.70402350149553,169.89848685958145,193.59708034017837,215.03767175801755,234.43540943074518,251.9849346746964,267.8623421333812,282.22694792788883,295.22288856937007,306.9805673788421,317.6179630413121,327.2418134538821,335.9486867601094,343.8259503255035,350.9526473822068,357.4002901427017,363.23357734310576
481,0.05,-91.4534094314566,-159.89405165735693,-221.74761610335483,-277.6996962192407,-328.31994124968753,-374.1172857174541,-415.5513541323578,-453.0378745284846,-486.95295217741943,-517.6368565761512,-545.3974374055423,-570.513213667927,-593.2361682926042,-613.7942764315469,-632.393792847336,-649.2213213551707,-664.4456870886652,-678.2196303784832,-690.6813392417426,-701.9558358599915
482,0.021875000000000002,51.3220744985831,89.73061079677645,124.44297665477104,155.84378493548596,184.25262802512648,209.9550521616285,233.20894805661533,254.2475835987435,273.2819989690745,290.5031297337538,306.0837223807385,320.1800668644094,332.93356413731834,344.47214442139756,354.91155041917636,364.35649831458466,372.90172819406365,380.63295441458246,387.6277254448566,393.95620180022644
483,0.20703125,-62.802600131526454,-109.80165604911356,-152.27706529031272,-190.6996751928188,-225.4607020830137,-256.909662217182,-285.3622055374013,-311.10383435524284,-334.39283889756103,-355.4628983906069,-374.52542721952625,-391.7716965680117,-407.37475373799185,-421.4911585467387,-434.26255425629506,-445.8170888110197,-456.2707006515176,-465.72828201161514,-474.2847313740968,-482.02590564764984
484,0.2078125,-59.06642834716458,-103.2705897842153,-143.22078820025015,-179.3596914355985,-212.0551290596383,-241.6357433947033,-268.398345808833,-292.6114077914991,-314.51781793906247,-334.337325711478,-352.26874622002396,-368.4919543513037,-383.16968893970727,-396.44918512979945,-408.46365127976065,-419.33360519953436,-429.16808311301304,-438.0657334617403,-446.1158065157285,-453.39904971396453
485,0.20859375000000002,-55.23446857219774,-96.56977695080464,-133.92654577325334,-167.7188897122348,-198.29088586570091,-225.94993489587478,-250.9736513154426,-273.61313435078216,-294.09554992134196,-312.6264183974564,-329.39167811550783,-344.5595514054145,-358.2822326632282,-370.6974155336592,-381.92967455715547,-392.0917151583408,-401.2855045261002,-409.60329473764216,-417.12854839598685,-423.93677607102137
486,0.209375,-51.322079754315936,-89.73062461630776,-124.44300196611425,-155.84382424501712,-184.252683449684,-209.95512546085655,-233.20904066475836,-254.2476966552891,-273.28213334791496,-290.50328607065404,-306.0839010990131,-320.1802681987951,-332.9337881560417,-344.4723910464859,-354.9118194450893,-364.35678942522355,-372.90204097826967,-380.63328838019686,-387.6280800314424,-393.9565763905469
487,0.21015625,-47.32579814681371,-82.74251306488387,-114.75032456634469,-143.70406150421653,-169.8985403982974,-193.59715108945144,-215.03776107519485,-234.43551838649017,-251.9850640819543,-267.8624925745871,-282.227119780339,-295.22308202875547,-306.9807824809547,-317.61819968198046,-327.24207140722086,-335.94896569514543,-343.8262498212928,-350.95296694152046,-357.40062920438237,-363.23393529319196
488,0.2109375,-43.261313473476655,-75.63744030918183,-104.89798324330279,-131.36712805447388,-155.3142587757205,-176.98006436088997,-196.5819242344088,-214.3164639223278,-230.36157352796909,-244.87819706763173,-258.0119469428247,-269.8945642201777,-280.64523985452183,-290.3718101213034,-299.171838220804,-307.1335928804112,-314.3369337554441,-320.8541124992833,-326.7504975311146,-332.08522976647384
489,0.21171875,-39.12534843844551,-68.40511407123803,-94.86662945006739,-118.80324997040913,-140.45871393202944,-160.05077646848443,-177.77609152990635,-193.8125294926959,-208.32100652779516,-221.44710541026296,-233.32253740002378,-244.06646417785385,-253.7866936910896,-262.5807620081495,-270.5369120654849,-277.7349791413427,-284.24719194960954,-290.1388973974519,-295.46921628278096,-300.29163651343856
490,0.21250000000000002,-34.93382680923761,-61.077926030538435,-84.70623357160592,-106.08050983529631,-125.41827004885276,-142.9138623117963,-158.74281487032638,-173.06389892089965,-186.02075800306065,-197.74335254801636,-208.34926333440728,-217.94487050221113,-226.62642032318027,-234.48099042598002,-241.58736312664124,-248.01681560051213,-253.83383480551907,-259.09676431698495,-263.85838955480267,-268.1664672680917
491,0.21328125000000003,-30.683677946462996,-53.645974802319905,-74.39805001679942,-93.16997689426611,-110.1529127867878,-125.51763558780894,-139.4183732630886,-151.9946219044545,-163.37258069347774,-173.66642320106305,-182.97944398739924,-191.4050954131105,-199.02792553991034,-205.92442661729876,-212.1638026957452,-217.80866408223707,-222.91565561496986,-227.53602506700614,-231.71613738623554,-235.49793993428932
492,0.21406250000000002,-26.390961486051925,-46.14184602743305,-63.992241802187024,-80.13986999746213,-94.74903598101477,-107.96654877738459,-119.9250032645441,-130.74433743214047,-140.53306264576014,-149.38935450225006,-157.4020372327882,-164.65147418176642,-171.2103735475921,-177.14451744961505,-182.5134216004411,-187.3709321758922,-191.765765852963,-195.74199842137563,-199.3395068620628,-202.59436932148844
493,0.21484375,-22.052832376592573,-38.55609025963926,-53.4707818652485,-66.96227992824323,-79.16798230435393,-90.21063674441635,-100.20109436312842,-109.23961692795922,-117.41690857119568,-124.81502974156405,-131.50822145421014,-137.56365058473176,-143.04208404230704,-147.99849865736613,-152.48263292841432,-156.53948617781788,-160.20977013381838,-163.53031747581156,-166.5344514463438,-169.25232024140146
494,0.215625,-17.68538710943037,-30.92128619983952,-42.88371658241328,-53.70514121172207,-63.49564259880908,-72.35358556678261,-80.36781413388027,-87.61869362535722,-94.17893422419633,-100.11432140768946,-105.4843752286351,-110.34294676910221,-114.73875788393535,-118.71588961453091,-122.31422413591227,-125.56984464479648,-128.51539718273355,-131.1804180119443,-133.59162981955342,-135.77320971559803
495,0.21640625000000002,-13.286023761820271,-23.22849459929873,-32.21384856259537,-40.34173823908738,-47.69495488470043,-54.3474593269654,-60.36604239554194,-65.81111338641065,-70.7373221614434,-75.19411011723972,-79.2262070033619,-82.87408010426195,-86.17434052838429,-89.1601107366502,-91.86135702121969,-94.30519028405281,-96.51613814209469,-98.51639109535814,-100.32602523217415,-101.96320370923023
496,0.2171875,-8.870776440300341,-15.510086360442711,-21.51079898956083,-26.93930237148206,-31.850777465252246,-36.29453844070966,-40.31513070344736,-43.95285143538111,-47.244161354440145,-50.22205022902385,-52.916366972638365,-55.354118395205774,-57.55973962157415,-59.55533884091042,-61.360918803785985,-62.9945772629073,-64.47268835067808,-65.81006670093964,-67.02011595275563,-68.1149631198131
497,0.21796875,-4.4373023925131365,-7.75768754548371,-10.75830617129617,-13.47247631854108,-15.927872207718405,-18.149211749963015,-20.1588137022277,-21.976862445613417,-23.621616637012153,-25.109593798251563,-26.45573663953516,-27.67356335990798,-28.77530354742584,-29.772021082517572,-30.673725298843586,-31.489471530232823,-32.22745206141969,-32.89507840122231,-33.499055707995396,-34.04545011722637
498,0.21875,-0.001474484590948566,-0.0032616809948125282,-0.005260167805720827,-0.007373773739878435,-0.009541696886328823,-0.011723415562661862,-0.013891085485421537,-0.016025299710863368,-0.01811251867039375,-0.02014340898428387,-0.022111716393646796,-0.024013472713770963,-0.025846422129257075,-0.027609597241832734,-0.029303000563619397,-0.03092736212796345,-0.03248395322132835,-0.033974442161575635,-0.03540078205902433,-0.03676512317798462
499,0.21953125,4.438776421589068,7.760948231753737,10.763564755113066,13.479847898713627,15.937411098250623,18.16093175312188,20.17270078163367,21.99288316097973,23.639724009933133,25.129731517447237,26.477842139449994,27.697570106491778,28.801142750379512,29.7996229836765,30.703020142090917,31.52039028906828,32.25992698024416,32.92904339241149,33.53444663672317,34.08220499863497
500,0.22031250000000002,8.867836561798564,15.503583107812078,21.50031108469545,26.9246002859172,31.831752899478552,36.271163888748056,40.2874341762104,43.92089963801233,47.20804798773824,50.18188760299822,52.87227986725201,55.30623950232213,57.50820613077664,59.500289870612626,61.30249346739116,62.932913218252104,64.40792072086379,65.74232728271751,66.94953264869827,68.04165954522209
501,0.22109375000000003,13.287488703001484,23.231735182375573,32.219074725618796,40.34906437131191,47.70443496532933,54.359107073223434,60.379843857629794,65.82703533024083,70.75531789826444,75.2141236829553,79.24817621815068,82.89793884426736,86.2000204274056,89.18754246658403,91.89047125599487,94.33591842271474,96.5484128467536,98.55014668581555,100.36119796899074,101.99973198968098
502,0.22187500000000002,17.68247444692205,30.914843151304645,42.873325769839035,53.690575231613,63.47679415433667,72.33042740668543,80.340374009821,87.58703762499768,94.1431551809223,100.07453059180582,105.44069626494559,110.29551112105486,114.68770147105164,118.66135026729982,122.25633967985448,125.50875146333833,128.45122914803034,131.11330570059525,133.52169995003044,135.7005847587934
503,0.22265625,22.05427919801452,38.55929076027298,53.47594338657036,66.969515444774,79.1773451277594,90.22214042236126,100.21472511844026,109.25534193767773,117.43468172409207,124.83479576576879,131.52991893899215,137.58721422409275,143.06744631562833,148.0255910940154,152.51138705976035,156.56983425137372,160.24164564453764,163.5636555558355,166.5691891445691,169.28839671701252
504,0.2234375,26.388093997055787,46.13550290655447,63.98201214484554,80.12552992721793,94.73047986530395,107.94374978772977,119.8979887223013,130.71317240006616,140.49783851749535,149.35018082238255,157.3590357087711,164.60477423810573,171.1601089957417,177.09082398234744,182.45643490563015,187.3107865216791,191.70259303516434,195.6759269913638,199.27066157292208,202.52287074460327
505,0.22421875000000002,30.68509772797631,53.64911548838345,74.40311507405096,93.17707718603533,110.16210062858214,125.52892427426072,139.43174927463429,152.01005303165454,163.39002168693378,173.6858198219079,183.0007359726062,191.42821867716228,199.05281382404047,205.95101273046927,212.1920194488727,217.83844498899313,222.9469354131509,227.56874010099844,231.7502258813607,235.53334218672018
506,0.225,34.93102217276252,61.07172194478885,84.6962281388622,106.06648408651533,125.40012066705822,142.891563056755,158.71639246468388,173.0334170014026,185.98630596014993,197.70503752518997,208.30720437139772,217.89919418662632,226.57725753339778,234.42847388044393,241.5316255389937,247.95798829577586,253.77204669058028,259.03214112540104,263.7910533050999,268.09653588875966
507,0.22578125,39.1267324266115,68.40817557938193,94.87156681561403,118.81017126205606,140.46767014664644,160.0617805657591,177.78913033127847,193.8275716008573,208.3380078341727,221.46601304339848,233.34329261613348,244.08900450699912,253.81095454484702,262.6066778893095,270.56441747873095,277.7640092763896,284.27768318943305,290.17078769111504,295.50244541286565,300.32614628117574
508,0.2265625,43.25858898102802,75.63141350884102,104.88826372210916,131.35350310086605,155.29662802535657,176.9584023236142,196.55625686944396,214.28685304809798,230.3281059806102,244.8409769289829,257.9710898509749,269.8501931453719,280.5974819351356,290.32079428317803,299.11769338510226,307.0764466193492,314.2769112921973,320.79133597437834,326.6850854762095,332.01729674006987
509,0.22734375,47.32713780887436,82.74547651992025,114.75510379981729,143.7107611239794,169.90720976823332,193.60780275445623,215.05038227900326,234.45007873752968,252.00152088443804,267.8807946504424,282.2472102671969,295.2449004573934,307.00426633148487,317.6432855548128,327.2686959045824,335.9770660823453,343.85576451867973,350.9838358853723,357.4327941057762,363.2673398172065
510,0.22812500000000002,51.31945220327798,89.72481225862171,124.43362828066931,155.8306840892397,184.23568003070991,209.93423419581694,233.18428658944777,254.21913938870782,273.2498566365375,290.4673902929681,306.04449777851437,320.1374759302022,332.8877295538618,344.423190449066,354.85960118624723,364.30167653781774,372.84415422969613,380.57274556488784,387.5649954633747,393.89106055191735
511,0.22890625000000003,55.23575564866735,96.57262408205617,133.93113740919435,167.7253263550029,198.299214941911,225.96016845834208,250.9857771088861,273.6271231767691,294.1113607601228,312.6440020798807,329.4109800111946,344.58051341865956,358.30479472811936,370.7215167390846,381.9552539937302,392.1187125537232,401.31386071764445,409.6329520191275,417.1594507663299,423.96886940644765
512,0.22968750000000002,59.06391393724098,103.26502770431102,143.2118181425477,179.34711709135328,212.03885780428823,241.6157517042825,268.3746576413969,292.58408019908256,314.4869310621722,334.30297560639025,352.23103960805935,368.45100472046875,383.1256136246652,396.40210311479507,408.4136815446842,419.2808654793226,429.11268897468443,438.0077976273651,446.0554383767924,453.3363549951762
513,0.23046875,62.80382668713079,109.8043693030823,152.28144101987095,190.70580917482732,225.46863951448324,256.91941458459206,285.3737611620555,311.1171654118963,334.40790629542045,355.4796552725948,374.543821524062,391.79167293107884,407.3962549179639,421.5141264964989,434.2869309303494,445.84281677094907,456.2977235164125,465.7565447885079,474.3141806949829,482.0564899335682
514,0.23125,66.44422700103355,116.16857991510902,161.10705952286378,201.75781547773767,238.53474550961397,271.8076277583825,301.9104096857476,329.1451428614583,353.78508898092207,376.0774719089324,396.2459599505896,414.49291054523474,431.0014008863834,445.9370649989566,459.4497557463752,471.67504846150763,482.73560129917126,492.74238596664463,501.7958011857431,509.9866800619207
515,0.23203125000000002,69.98469124967578,122.35913407371184,169.69287890799365,212.51052726508115,251.24797494870364,286.2946670858322,318.0023210816399,346.68906686580124,372.64271588710966,396.12365818230796,417.3674758296273,436.5873064968932,453.9759817243123,469.70796149756774,483.94108452399377,496.8181517663564,508.4683591167439,519.0085935810009,528.5446059757437,537.1720719018145
516,0.2328125,73.41488931041684,128.35591420077256,178.00902230773795,222.92460984052593,263.5599871882011,300.3237194024139,333.58478365935787,363.676916266707,390.90204418121857,415.5333255394154,437.81789218569423,457.97932974454176,476.2199211901633,492.7226765894109,507.65316942256544,521.161197923363,533.3822881171511,544.4390536444151,554.4424260178517,563.492767659859
517,0.23359375,76.73407691839364,134.159514094249,186.05810376908696,233.00504728792444,275.4782830691066,313.90481776210777,348.6702909456079,380.12351493712436,408.58005921964576,434.3254270155227,457.61792085872054,478.69123413903424,497.7567956419889,515.0058907233422,530.6115804059783,544.730437648574,557.5041182015547,569.060781807581,579.5163780031883,588.9758094204361
518,0.234375,79.93292441427282,139.75189159272952,193.8135002761249,242.71699985379018,286.9602939033504,326.9882154488079,363.20249651385427,395.96650054876875,425.608958291566,452.4272780397493,476.69053152700945,498.64215408325157,518.502387321567,536.4704890328194,552.7267324985836,567.4342152975391,580.7404957625506,592.7790735134428,603.6707289241306,613.524734966248
519,0.23515625,83.01037148623784,145.13275609784034,201.27621854988692,252.0630137122862,298.01017596871765,339.57964085316775,377.18859252158,411.2143751353812,441.9983706209519,469.84943516394276,495.04699923303485,517.8438711425316,538.4687733945046,557.1286373769581,574.0106794495714,589.284279242575,603.1026790099248,615.6045210836667,626.9152388528055,637.1483152210083
520,0.23593750000000002,85.9581464587139,150.28625210080097,208.42305356581082,261.0129588514378,308.5913949827392,351.6367204125526,390.58094520054846,425.81481968310624,457.6918516451815,486.5318659242025,512.6242152264382,536.2306837274512,557.5881138164353,576.9107825177231,594.3925514694558,610.2088120444479,624.5182451368902,637.4644132763982,649.1772010469361,659.7741182651677
521,0.23671875000000003,88.7748795101137,155.21120639855303,215.2533985122212,269.5669278377252,318.7047370351705,363.1608425368774,403.38140099699973,439.7699619686369,472.6916150884609,502.4766653043298,529.4239482378794,553.8038284805943,575.8609121008087,595.8165007179534,613.8708117773889,630.2049872991544,644.9829112512826,658.3528537791238,670.4489587855987,681.3925897861442
522,0.23750000000000002,91.45340794624786,159.89404788942522,221.7476094225944,277.6996861622196,328.3199274951322,374.1172680640703,415.5513324790043,453.0378488566501,486.95292253585376,517.6368230674907,545.397400174752,570.5131728923621,593.2361241735283,613.7942291869422,632.393742705846,649.2212685510509,664.445631857596,678.2195729541523,690.6812798530822,701.9557747289837
523,0.23828125,93.99206088115962,164.33272799885606,227.9034696937331,285.40887221300693,337.43437741783606,384.5030368632896,427.0872289975945,465.6142207483304,500.470558563444,532.0059597131577,560.5368225510791,586.349401058261,609.7026767915476,630.8309572037218,649.9462264186947,667.2402720455245,682.8866093671609,697.0422222075081,709.8491379416329,721.4358524503133
524,0.2390625,96.38482876244876,168.51604370265574,233.70501752876055,292.67430256336934,346.0242584771887,394.2912583515446,437.95970760814384,477.46774904195297,513.211766731224,545.5503770653454,574.8080287885151,601.2782586321508,625.2266365547733,646.8934303267087,666.4960162270348,684.2310600499532,700.2764903082523,714.7932834347417,727.9270788951342,739.8096404186814
525,0.23984375000000002,98.62974994134996,172.44108368489293,239.148440199041,299.4911759831071,354.0836226555482,403.4746421074108,448.15992221077767,488.5878130250173,525.1639346219574,558.2552604709186,588.1938009564159,615.2799345980866,639.7854217338654,661.9561310665259,682.0145064459125,700.1617986357178,716.5800844543877,731.4340935469044,744.872861114486,757.0312231834156
526,0.240625,100.72200505812947,176.09908206921173,244.22155648710782,305.84448456522375,361.59523484113043,412.0343119163308,457.6679155037607,498.95390178060586,536.3064897248693,570.1004315751578,600.6747747622763,628.3362639627752,653.3624188133817,676.0043183553546,696.4891201765623,715.0223395345765,731.7899113314862,746.9600556310018,760.6849654364498,773.1023336645294
527,0.24140625,102.65935379543595,179.48628274754978,248.91898104563577,311.7270170624244,368.54982461495615,419.9586920141798,466.46956047546746,508.5490989627668,546.6195003891593,581.0627319095927,612.2243689850627,640.4170627403306,665.9236768015679,689.0001252592253,709.8779402487769,728.7665949106674,745.8556050347077,761.3164304739176,775.3041954040915,787.9592446880799
528,0.2421875,104.43819669916087,182.59641103593256,253.2323883378317,317.1290336161804,374.9368563397576,427.2370369329869,474.55444851047156,517.3638377960305,556.094704869674,591.1356273470573,622.8381610054348,651.5203672835547,677.4700044955055,700.9474149676954,722.1881370947165,741.4052685276067,758.7916042072555,774.521570695641,788.7529762132301,801.6285939415501
529,0.24296875,106.05602859566879,185.42488919182244,257.15485360013855,322.04095742183995,380.7437943504345,433.8535569343619,481.9032587831211,525.3750105958911,564.7049751673032,600.2877583834031,632.4803701940338,661.6058067309278,687.9562909601763,711.7962045644377,733.3647404922092,752.8783027891192,770.5326777884783,786.5049984443352,800.9555215149322,814.029235426938
530,0.24375000000000002,107.51049212830573,187.96797240913796,260.68195830613854,326.45837671880844,385.96686743994263,439.80570354630487,488.51519553687507,532.5840537106814,572.4544112389237,608.5262754040878,641.1615428716063,670.6876308878882,697.4007623186859,721.5689376785426,743.4346239962459,763.2171874984201,781.1150945198317,797.3079027229714,811.9580626052888,825.212547369
531,0.24453125000000003,108.7988327123961,190.2202895341951,263.8052809695446,330.3694081893014,390.59035198365,445.0735704051998,494.36586325142724,538.9618105839625,579.3088559903172,615.8118112111271,648.8369196000222,678.7155309171469,705.7474258167503,730.2038235727102,752.3301032424779,772.348265573963,790.4591603561256,806.8445015604783,821.6686904915069,835.0804652378341
532,0.24531250000000002,109.91994962262626,192.18064872677536,266.52433731599007,333.77499537061675,394.6172644554654,449.6628217471749,499.46408393520176,544.5207118322767,585.2847458027633,622.1651566180643,655.5319506185044,685.7198822219509,713.0318125333483,737.7417479430834,760.0975892242781,780.3236187134079,798.6227505281671,815.1785663988603,830.1571575385836,843.7087910315756
533,0.24609375,110.87085584617861,193.84291853694728,268.8292610576571,336.66102169636605,398.02879021251107,453.5495573126406,503.78053777962623,549.2257317870045,590.3411050766586,627.5391794448187,661.1931736368382,691.6407481598154,719.187393108737,744.1094931916871,766.6571007315841,787.0564444701854,805.5121993463625,822.2095400220318,837.3159987592105,850.9831462886991
534,0.246875,111.65171407543468,195.20846743847346,270.72350515797865,339.03378018456215,400.83471481213445,456.74761912401095,507.333610167537,553.1002186940799,594.5066052820007,631.9681827508163,665.8607859036143,696.5244424574171,724.2667845169376,749.3661350078921,772.0743000570354,792.6190953355082,811.2066317109218,828.0233831389789,843.2380575408633,857.0032894362935
535,0.24765625000000002,112.2593232853839,196.2704414876372,272.19581935659687,340.87700805359447,403.0132485918068,459.22926037884486,510.08923776854596,556.1034937176843,597.7337049420915,635.3975599595408,669.4729518894345,700.3017701965151,728.1933309684856,753.4274803440029,776.2574022557308,796.9121586638533,815.5989877680939,832.5053832574043,847.8009754592287,861.6392332625882
536,0.2484375,112.69510858302276,197.03276103504305,273.2535725660187,342.2023090035714,404.580885861017,461.0164155450781,512.0752559878003,558.2696787833335,600.0631338463832,637.8749148864093,672.0843680227234,703.0346978875554,731.0364109311638,756.3704306612046,779.2909160895599,800.0278116626678,818.7891542560175,835.7631603767653,851.1201145137463,865.0140775795894
537,0.24921875,112.95567466653432,197.48789190003555,273.88419991494766,342.9913743031221,405.5129962781072,462.0776623456879,513.2530679848618,559.5526926865655,601.441077750102,639.3385032261791,673.6252067715051,704.6451989462266,732.7097147942236,758.100336540222,781.0718187634945,801.8546443994962,820.6573372163878,837.6685539692156,853.0589772234742,866.9830278396713
538,0.25,113.04370027128626,197.64228213981949,274.09894083320097,343.26104679382155,405.8326812118521,462.4428924608979,513.6597875727208,559.9972206595271,601.9200736495292,639.8489360569819,674.1643265224492,705.2105106226846,733.2989547779713,758.7114510910642,781.7029444841475,802.5040904949797,821.3235693904124,838.3501798116991,853.7547329548293,867.6917662885838
539,0.25078125,112.95561675180343,197.48776378750213,273.8839933051149,342.99108467390744,405.5126214956535,462.07720186782404,513.2525223631703,559.5520632349803,601.4403663144427,639.3377120189297,673.6243382508595,704.6442557262844,732.7086995777194,758.099252067909,781.0706677760392,801.8534296088947,820.6560612847015,837.6672194929715,853.0575867224767,866.9815837492542
540,0.2515625,112.69533995653175,197.03327285247707,273.25439798300414,342.2034660847158,404.58238312996997,461.018255166851,512.077435758071,558.2721934524174,600.0659760399333,637.878075765452,672.0878377668355,703.0384660536002,731.0404667219998,756.3747631278693,779.2955142834725,800.0326647497961,818.7942516018169,835.7684916084797,851.125669565104,865.0198467217401
541,0.25234375,112.25914989823546,196.27005793986316,272.1952008008758,340.87614095155834,403.01212655503986,459.2278817841756,510.0876042673217,556.101609243606,597.7315750212375,635.3951912157228,669.4703516820794,700.2989463518056,728.1902915779635,753.4242336130305,776.2539563894105,796.9085217814547,815.5951678393901,832.5013880559694,847.7968125289384,861.6349098944326
542,0.20546875000000003,-69.98353277707427,-122.3565714251177,-169.6887460625241,-212.5047337615795,-251.24047809835395,-286.28545603925386,-317.99140686889837,-346.6764757673718,-372.62848482380343,-396.1078314102323,-417.3501025205882,-436.56843894189143,-453.95567398779133,-469.6862684047901,-483.9180608987165,-496.7938518589742,-508.44283617884975,-518.9818995532861,-528.5167912641283,-537.1431852224705
543,0.20625000000000002,-66.44661276768765,-116.17385742514392,-161.11557064932086,-201.76974648515485,-238.55018428312593,-271.82659661796396,-301.9328858987492,-329.1710722945247,-353.8143955935895,-376.1100645593475,-396.2817373775817,-414.53176506721064,-431.04322117194687,-445.9817381515628,-459.4971688736365,-471.72508985230934,-482.7881612994074,-492.7973576216032,-501.85308070089025,-510.0461671218889
544,0.253125,111.65217539593401,195.20948791777593,270.7251509029196,339.0360872129805,400.83770011877664,456.75128702555054,507.33795626891987,553.1052325283018,594.5122721458337,631.9744850208089,665.8677039994678,696.5319555572443,724.274871093025,749.3747732298203,772.083468095146,792.6287715885354,811.2167949753411,828.0340127332337,843.2491333944719,857.0147921515385
545,0.20468750000000002,-73.41713172476864,-128.36087460330882,-178.01702202889774,-222.9358239521889,-263.57449829416925,-300.3415484810061,-333.60590934344225,-363.70128767532736,-390.92958984275015,-415.56395978834064,-437.85151984530324,-458.01584960355734,-476.2592286068672,-492.76466545102403,-507.6977336202453,-521.2082324585783,-533.4316899247899,-544.490722196561,-554.496263756877,-563.5486802982402
546,0.20390625,-76.73299367117912,-134.15711785059108,-186.054239287954,-232.99962998151807,-275.47127301993186,-313.8962048247176,-348.66008543339,-380.11174142372533,-408.56675222824686,-434.31062792840004,-457.6016756547469,-478.673591713813,-497.7378065494708,-514.9856062289397,-530.5900517737283,-544.7077156064015,-557.4802525434483,-569.0358211017509,-579.490369382727,-588.9487984384001
547,0.203125,-79.93500965111006,-139.75650430522055,-193.82093927093248,-242.72742793069017,-286.973787875467,-327.00479482341063,-363.22214142102024,-395.989163673608,-425.63457317192064,-452.4557650145856,-476.7218020908759,-498.6761141191977,-518.5389395227195,-536.5095347244051,-552.7681730095252,-567.4779529892656,-580.7864347944007,-592.8271204041113,-603.7207929543966,-613.5767284577715
548,0.20234375,-83.0093701430095,-145.13054103274595,-201.27264625879337,-252.05800600219573,-298.0036959394956,-339.57167912579536,-377.17915862913696,-411.20349179314957,-441.98606974161714,-469.835755000806,-495.03198228856155,-517.8275626154795,-538.4512200166653,-557.1098865378461,-573.9907785374673,-589.2632751502047,-603.0806177667025,-615.5814475859094,-626.8911966702129,-637.1233464626971
549,0.2015625,-85.96006166188506,-150.29048868434114,-208.42988597029847,-261.02253660075985,-308.6037886256983,-351.65194786504327,-390.5989882123167,-425.83563479700877,-457.71537781826845,-486.55802999105254,-512.6529358985242,-536.2618745624208,-557.6216854422042,-576.9466443059072,-594.4306127951063,-610.2489832309533,-624.5604381589563,-637.5085422757004,-649.2231827020014,-659.8218720474302
550,0.20078125000000002,-88.77396624451201,-155.2091861686359,-215.2501404354391,-269.56236059789666,-318.69882697695726,-363.1535811054562,-403.3727968863236,-439.76003589554364,-472.68039615836716,-502.4641884057091,-529.4102521347485,-553.7889543962085,-575.8449026566987,-595.7993991355831,-613.8526612771415,-630.1858306494723,-644.9627904332458,-658.3318097403819,-670.4270312638635,-681.369817187001
551,0.2,-91.4551413079135,-159.89788222406682,-221.7537931126226,-277.7083545336982,-328.33114439751915,-374.13104971137085,-415.56766235310755,-453.05668762605416,-486.9742149531463,-517.6605029139429,-545.4233938799327,-570.5414022214712,-593.2665082402945,-613.8266859681439,-632.4281901814188,-649.2576255592551,-664.4838187312355,-678.2595119872551,-690.7228956356541,-701.9989943787447
552,0.19921875,-93.99124132379981,-164.33091505950983,-227.90054591830304,-285.40477360174543,-337.42907376763065,-384.49652049619914,-427.07950771479807,-465.6053131404625,-500.4604907491878,-531.9947630010497,-560.524531727695,-586.3360531172071,-609.6883099813323,-630.8156103113038,-649.9299382301136,-667.2230809412844,-682.8685530212063,-697.0233373663917,-709.8294602661093,-721.4154164056787
553,0.19843750000000002,-96.38636959588209,-168.5194521484485,-233.71051437973054,-292.68200811335635,-346.0342294825867,-394.3035092244472,-437.974223664377,-477.48449531811485,-513.2306941160377,-545.5714266950251,-574.831135264312,-601.3033524091691,-625.25364573126,-646.9222819903243,-666.5266374683039,-684.2633787224217,-700.3104355940239,-714.8287862593074,-727.9640722249321,-739.8480594670864
554,0.19765625000000003,-98.62902914508996,-172.43948921347422,-239.14586875089668,-299.4875712694332,-354.0789581116042,-403.4689109794174,-448.1531313589976,-488.5799787992311,-525.155079993063,-558.245412974479,-588.1829911870946,-615.2681950917711,-639.7727861302421,-661.9426334789326,-682.0001809869414,-700.1466790613296,-716.5642038991465,-731.417484329739,-744.8555545993588,-757.0132496828707
555,0.19687500000000002,-100.72334386358445,-176.10204361192152,-244.22633260897103,-305.8511797861354,-361.60389847443207,-412.0449564832925,-457.680528244632,-498.9684523156131,-536.3229353816376,-570.1187212077497,-600.6948515468303,-628.3580674730747,-653.3858865755053,-676.0293870173945,-696.515726389165,-715.0504206114069,-731.8194057405905,-746.990903355228,-760.7171082319805,-773.1357152398516
556,0.19609375,-102.65873620423639,-179.48491657448622,-248.9167777784959,-311.723928470317,-368.54582793522684,-419.95378145879243,-466.46374192142645,-508.5423864181627,-546.6119135354603,-581.0542943396118,-612.215106912925,-640.4070040436172,-665.9128503037578,-688.9885601897353,-709.865665836458,-728.7536400788466,-745.8419981743097,-761.3021992770167,-775.2893667445172,-787.9438445387617
557,0.1953125,-104.43932522248916,-182.5989074166761,-253.23641428413538,-317.1346772295231,-374.94415918632774,-427.2460095659735,-474.56508017316906,-517.3761028795595,-556.1085674036286,-591.1510442186684,-622.8550843160654,-651.5387460982226,-677.4897861533065,-700.9685460677576,-722.210564238402,-741.428938875206,-758.8164658921479,-774.547573128086,-788.7800702982726,-801.6567322298711
558,0.19453125,-106.05551801722586,-185.4237597400512,-257.15303209782235,-322.038403993288,-380.7404901753489,-433.84949722607496,-481.89844839909705,-525.3694611161308,-564.6987028624785,-600.280782758108,-632.4727129202338,-661.5974908560311,-687.9473403137603,-711.7866433118086,-733.3545927982934,-752.867592566313,-770.5214285090539,-786.4932330028091,-800.9432621293407,-814.0165035704915
559,0.19375,-107.51140341183002,-187.96998823693144,-260.6852092555417,-326.46293392963725,-385.9727644748936,-439.8129489253619,-488.5237805726471,-532.5939577230342,-572.465605181166,-608.5387244624117,-641.1752083679071,-670.7024716924554,-697.4167359083182,-721.5860009326561,-743.452733796161,-763.2363011768513,-781.1351701952942,-797.3288995450638,-811.979940930633,-825.2352688830382
560,0.19296875000000002,-108.79843229462607,-190.2194037671742,-263.803852462148,-330.3674056668144,-390.58776068409605,-445.07038657273074,-494.3620906939701,-538.9574583819976,-579.303936903383,-615.8063405353333,-648.8309143315579,-678.7090091311572,-705.7404062020089,-730.1963250814423,-752.322144826724,-772.3398659877853,-790.4503380084564,-806.8352744071506,-821.6590759578093,-835.0704801648948
561,0.1921875,-109.92063804799444,-192.18217157335565,-266.5267932252011,-333.7784380819403,-394.6217193211127,-449.66829520133615,-499.47056941331255,-544.5281937104124,-585.2932021370054,-622.1745611081926,-655.5422740454082,-685.731093514776,-713.0438795687796,-737.754638146696,-760.1112700232137,-780.3380578758893,-798.6379164160853,-815.1944281530367,-830.1736852116588,-843.7259556800013
562,0.19140625,-110.87056805781914,-193.84228191573493,-268.82823435232893,-336.65958242593035,-398.0269277642559,-453.5472689846327,-503.77782630672925,-549.2226036941566,-590.337569533573,-627.5352474448028,-661.1888573955142,-691.6360606686327,-719.1823478004551,-744.1041036886219,-766.6513806560665,-787.0504073023442,-805.5058583183184,-822.2029080402585,-837.3090883488437,-850.9759695549802
563,0.19062500000000002,-111.65217539831495,-195.20948791501365,-270.7251508854529,-339.03608717072325,-400.8377000423337,-456.75128690691463,-507.3379561018295,-553.1052323083343,-594.5122718703378,-631.9744846887389,-665.8677036111483,-696.5319551141317,-724.2748705974669,-749.37477268482,-772.0834675041698,-792.6287709553243,-811.2167943037714,-828.0340120271914,-843.2491326577608,-857.0147913878105
564,0.18984375000000003,-112.25914990076313,-196.2700579372081,-272.19520078322114,-340.8761409085344,-403.012126476977,-459.22788166282413,-510.0876040962227,-556.1016090181888,-597.7315747387524,-635.3951908750719,-669.4703512835747,-700.2989458969274,-728.1902910691098,-753.4242330532774,-776.2539557823138,-796.9085211308548,-815.5951671492699,-832.5013873303237,-847.796811771681,-861.6349091093216
565,0.18906250000000002,-112.6953399592091,-197.03327284993748,-273.25439796517446,-342.20346604094135,-404.5823830503042,-461.01825504279867,-512.0774355829734,-558.2721932215521,-600.0659757504492,-637.878075416196,-672.0878373581058,-703.0384655868977,-731.0404661997712,-756.3747625532626,-779.295513660131,-800.0326640816597,-818.7942508929732,-835.768490863034,-851.1256687870782,-865.0198459149999
566,0.18828125,-112.95561675464617,-197.48776378510684,-273.88399328715286,-342.9910846294377,-405.5126214144511,-462.0772017411467,-513.2525221841563,-559.5520629987543,-601.4403660180499,-639.3377116611604,-673.6243378319957,-704.6442552478467,-732.7086990422033,-758.0992514785329,-781.0706671365339,-801.853428923299,-820.6560605572103,-837.6672187277991,-853.0575859237547,-866.9815829209565
567,0.1875,-113.0437002743024,-197.6422821375824,-274.09894081512465,-343.2610467486771,-405.83268112913294,-462.4428923316119,-513.6597873897999,-559.99722041794,-601.9200733462144,-639.8489356906697,-674.1643260934037,-705.2105101324437,-733.2989542290767,-758.7114504868039,-781.7029438283392,-802.5040897917598,-821.3235686440819,-838.3501790265811,-853.7547321351656,-867.6917654384565
568,0.18671875,-112.95567466973196,-197.4878918979744,-273.8841998967852,-342.9913742573408,-405.5129961939181,-462.07766221384713,-513.2530677980931,-559.5526924396795,-601.4410774399283,-639.338502851387,-673.6252063323388,-704.6451984442406,-732.7097142320052,-758.1003359211282,-781.071818091429,-801.8546436786943,-820.6573364512561,-837.6685531641878,-853.0589763829031,-866.9830269677475
569,0.1859375,-112.69510858640625,-197.03276103316878,-273.25357254778714,-342.2023089571749,-404.58088577538126,-461.01641541070387,-512.0752557972005,-558.2696785311566,-600.0631335293469,-637.8749145031184,-672.0843675733996,-703.0346973737672,-731.0364103555421,-756.3704300271739,-779.2909154011085,-800.0278109241284,-818.7891534719031,-835.7631595516183,-851.1201136520305,-865.0140766856042
570,0.18515625000000002,-112.25932328895037,-196.27044148594888,-272.1958193382981,-340.87700800658735,-403.0132485047309,-459.22926024194516,-510.0892375741222,-556.1034934602219,-597.733704618195,-635.3975595677489,-669.4729514299454,-700.3017696709103,-728.1933303794395,-753.4274796950069,-776.2574015508582,-796.9121579075353,-815.598986964949,-832.5053824120864,-847.8009745763127,-861.6392323464846
571,0.184375,-111.65171407919222,-195.20846743698752,-270.7235051396367,-339.033780136974,-400.83471472365045,-456.7476189846167,-507.3336099693158,-553.1002184313498,-594.5066049512491,-631.968182350513,-665.8607854339314,-696.5244419199458,-724.2667839143937,-749.3661343438321,-772.0742993356164,-792.6190945612584,-811.2066308885652,-828.0233822732795,-843.2380566365076,-857.0032884978021
572,0.18359375,-110.8708558501293,-193.84291853567177,-268.829261039287,-336.66102164821837,-398.0287901226469,-453.5495571707841,-503.7805375776423,-549.2257315190425,-590.3411047390872,-627.5391790360369,-661.1931731569898,-691.6407476105015,-719.1873924927136,-744.109492512576,-766.6570999936257,-787.0564436780053,-805.5121985047912,-822.2095391359438,-837.3159978334052,-850.9831453278093
573,0.18281250000000002,-109.91994962677177,-192.18064872571688,-266.52433729760253,-333.7749953219226,-394.61726436423334,-449.6628216028647,-499.46408372945626,-544.5207115590729,-585.2847454583473,-622.1651562007611,-655.531950128427,-685.7198816607072,-713.0318119037324,-737.7417472487804,-760.0975884696104,-780.3236179030973,-798.6227496671497,-815.1785654921213,-830.1571565910348,-843.7087900479614
574,0.18203125000000003,-108.79883271674416,-190.2202895333705,-263.80528095116654,-330.3694081400975,-390.59035189109574,-445.07357025848887,-494.36586304197806,-538.9618103055775,-579.3088556391184,-615.8118107853631,-648.8369190997744,-678.7155303440283,-705.7474251735919,-730.2038228632605,-752.3301024711411,-772.3482647455575,-790.4591594756929,-806.8445006331161,-821.6686895222398,-835.0804642315198
575,0.18125000000000002,-107.5104921328609,-187.967972408559,-260.6819582877882,-326.45837666911746,-385.96686734609005,-439.8057033972146,-488.51519532373743,-532.5840534271198,-572.4544108809323,-608.5262749698355,-641.1615423611387,-670.6876303028213,-697.4007616618853,-721.5689369538173,-743.4346232080812,-763.2171866517294,-781.1150936197616,-797.30790177473,-811.9580616140147,-825.2125463396636
576,0.18046875,-106.0560286004323,-185.42488919149696,-257.1548535818323,-322.04095737168683,-380.74379425531623,-433.8535567829313,-481.90325856633876,-525.3750103071994,-564.704974802566,-600.2877579407077,-632.4803696733886,-661.6058061339506,-687.9562902897662,-711.7962038244644,-733.3647396872382,-752.8783019241594,-770.5326768687823,-786.5049974752233,-800.9555205016568,-814.0292343745846
577,0.1796875,-104.43819670414629,-182.59641103588464,-253.2323883196022,-317.12903356560383,-374.9368562434149,-427.23703677925505,-474.554448290077,-517.3638375022302,-556.0947044981979,-591.1356268959067,-622.8381604745775,-651.5203666746072,-677.4700038113979,-700.9474142123553,-722.1881362727885,-741.405267644194,-758.7916032677148,-774.5215697054043,-788.752975177664,-801.6285928658541
578,0.17890625,-102.65935380065662,-179.48628274780765,-248.9189810275278,-311.72701701148526,-368.5498245174643,-419.9586918582347,-466.46956025155885,-508.5490986639637,-546.6195000110544,-581.0627314500999,-612.224368444107,-640.417062119525,-665.923676103873,-689.0001244886256,-709.8779394099955,-728.7665940089018,-745.8556040754198,-761.3164294626514,-775.3041943463289,-787.9592435891359
579,0.178125,-100.72200506359201,-176.0990820697907,-244.22155646914436,-305.84448451395065,-361.5952347425203,-412.03431175820157,-457.66791527636053,-498.95390147681155,-536.3064893401323,-570.1004311073,-600.6747742111758,-628.336263330039,-653.3624181019973,-676.0043175693617,-696.4891193207604,-715.0223386142558,-731.789910352213,-746.9600545984309,-760.6849643561783,-773.1023325419877
580,0.17734375000000002,-98.62974994706063,-172.44108368580896,-239.1484401812495,-299.49117593153886,-354.083622555869,-403.47464194715485,-448.15992197994984,-488.5878127162996,-525.1639342306574,-558.2552599947644,-588.1938003952373,-615.2799339534826,-639.7854210088498,-661.956130265192,-682.0145055731372,-700.1617976968839,-716.5800834551662,-731.4340924930626,-744.8728600117364,-757.0312220373064
581,0.1765625,-96.38482876841529,-168.5160437039261,-233.7050175111669,-292.67430251153803,-346.0242583764753,-394.29125818919545,-437.9597073739158,-477.46774872832833,-513.2117663333623,-545.5503765808762,-574.8080282172158,-601.2782579756091,-625.2266358160261,-646.8934295099014,-666.4960153371184,-684.231059092402,-700.2764892888408,-714.7932823593486,-727.9270777695879,-739.8096392486459
582,0.17578125,-93.99206088738936,-164.33272800049895,-227.90346967636796,-285.40887216095587,-337.43437731614296,-384.50303669891133,-427.0872287600373,-465.61422042987476,-500.4705581590988,-532.0059592204516,-560.5368219697356,-586.3494003898544,-609.7026760391368,-630.8309563715038,-649.9462255116943,-667.2402710693079,-682.8866083276063,-697.0422211106066,-709.8491367933302,-721.4358512563919
583,0.17500000000000002,-91.45340795274538,-159.89404789145377,-221.74760940547895,-277.6996861099758,-328.319927392489,-374.11726789769057,-415.5513322381392,-453.0378485333732,-486.95292212501835,-517.6368225665203,-545.3973995833119,-570.5131722120097,-593.2361234073414,-613.7942283391662,-632.3937417815777,-649.2212675559465,-664.4456307976367,-678.2195718354405,-690.6812786816802,-701.9557735107917
584,0.17421875000000003,-88.77487951688448,-155.211206400983,-215.25339849538366,-269.56692778532937,-318.7047369316293,-363.16084236855795,-403.38140075289584,-439.7699616406123,-472.69161467121114,-502.47666479517096,-529.423947636416,-553.8038277883658,-575.8609113209104,-595.8164998546787,-613.8708108359058,-630.2049862852095,-644.9829101709608,-658.3528526386402,-670.4489575911325,-681.3925885437156
585,0.17343750000000002,-85.95814646576919,-150.2862521036555,-208.4230535492853,-261.01295879893246,-308.5913948783474,-351.6367202423408,-390.5809449532476,-425.81481935036555,-457.69185122153334,-486.5318654068502,-512.6242146149219,-536.2306830232877,-557.5881130227345,-576.9107816388229,-594.3925505105939,-610.2088110114587,-624.5182440359607,-637.464412113855,-649.1771998290754,-659.7741169981291
586,0.17265625,-83.01037149359233,-145.13275610115147,-201.27621853372443,-252.06301365974122,-298.0101758635624,-339.57964068116564,-377.1885922711966,-411.21437479804786,-441.9983701910346,-469.8494346385297,-495.0469986115992,-517.8438704265656,-538.468772587131,-557.1286364825585,-574.0106784734521,-589.284278190659,-603.1026778885017,-615.6045198991751,-626.9152376116599,-637.1483139294689
587,0.171875,-79.93292442193523,-139.75189159651651,-193.81350026035503,-242.71699980124293,-286.9602937974729,-326.9882152750557,-363.2024962604227,-395.9665002068653,-425.6089578553853,-452.4272775062593,-476.6905308956112,-498.6421533554091,-518.5023865004123,-536.4704881227742,-552.7267315050208,-567.4342142264679,-580.7404946203615,-592.7790723066855,-603.6707276593372,-613.5247336497993
588,0.17109375,-76.73407692637925,-134.15951409854546,-186.058103753763,-233.00504723544816,-275.4782829625984,-313.90481758671314,-348.67029068924853,-380.1235145907816,-408.580058777339,-434.3254264740971,-457.6179202175025,-478.6912333994575,-497.7567948071924,-515.0058897977875,-530.6115793951042,-544.7304365584757,-557.5041170387238,-569.0607805786797,-579.516376714867,-588.9758080791978
589,0.1703125,-73.41488931873835,-128.35591420560473,-178.00902229289917,-222.92460978817002,-263.5599870811176,-300.32371922543314,-333.5847834001222,-363.6769159159654,-390.9020437328102,-415.53332499005654,-437.8178915346319,-457.97932899317425,-476.21992034163355,-492.7226756482167,-507.6531683942083,-521.1611968140222,-533.3822869334177,-544.4390523930621,-554.4424247056477,-563.4927662934281
590,0.16953125000000002,-69.98469125834275,-122.35913407910441,-169.69287889368238,-212.51052721290614,-251.24797484112224,-286.29466690735774,-318.00232081963236,-346.6890665107747,-372.6427154327196,-396.12365762513923,-417.36747516884463,-436.5873057338577,-453.9759808621689,-469.7079605408496,-483.94108347826455,-496.8181506378792,-508.4683579122102,-519.0085923072953,-528.5446046397537,-537.1720705102874
591,0.20468750000000002,-73.41713172476864,-128.36087460330882,-178.01702202889774,-222.9358239521889,-263.57449829416925,-300.3415484810061,-333.60590934344225,-363.70128767532736,-390.92958984275015,-415.56395978834064,-437.85151984530324,-458.01584960355734,-476.2592286068672,-492.76466545102403,-507.6977336202453,-521.2082324585783,-533.4316899247899,-544.490722196561,-554.496263756877,-563.5486802982402
592,0.16875,-66.44422701005732,-116.16857992108658,-161.10705950911722,-201.75781542579074,-238.53474540158786,-271.80762757846804,-301.91040942101677,-329.1451425021839,-353.78508852057007,-376.0774713439505,-396.24595928005533,-414.49290977046724,-431.0014000105255,-445.9370640265729,-459.44975468308905,-471.6750473136636,-482.7356000735588,-492.74238467025884,-501.79579982559,-509.98667864486987
593,0.16796875,-62.80382669652077,-109.80436930967004,-152.28144100673316,-190.7058091231717,-225.46863940609373,-256.91941440333505,-285.37376089471223,-311.117165048495,-334.40790582923455,-355.47965469993187,-374.54382084390954,-391.7916721447118,-407.39625402852135,-421.5141255085755,-434.2869298496276,-445.8428156038549,-456.29772226983425,-465.7565434695516,-474.3141793107741,-482.05648849110054
594,0.0,-69.98353277707427,-122.3565714251177,-169.6887460625241,-212.5047337615795,-251.24047809835395,-286.28545603925386,-317.99140686889837,-346.6764757673718,-372.62848482380343,-396.1078314102323,-417.3501025205882,-436.56843894189143,-453.95567398779133,-469.6862684047901,-483.9180608987165,-496.7938518589742,-508.44283617884975,-518.9818995532861,-528.5167912641283,-537.1431852224705
595,0.0,-66.44661276768765,-116.17385742514392,-161.11557064932086,-201.76974648515485,-238.55018428312593,-271.82659661796396,-301.9328858987492,-329.1710722945247,-353.8143955935895,-376.1100645593475,-396.2817373775817,-414.53176506721064,-431.04322117194687,-445.9817381515628,-459.4971688736365,-471.72508985230934,-482.7881612994074,-492.7973576216032,-501.85308070089025,-510.0461671218889
596,0.16718750000000002,-59.06391394701046,-103.26502771153697,-143.21181813006072,-179.34711704004246,-212.038857695596,-241.61575152174504,-268.37465737149887,-292.58407983160146,-314.48693059018234,-334.3029750260529,-352.2310389182666,-368.45100392244643,-383.1256127215443,-396.4021021111969,-408.41368044634646,-419.28086429275044,-429.11268770686286,-438.00779628550976,-446.0554369681471,-453.3363535268586
597,0.0,-55.235755658828914,-96.57262408995105,-133.9311373974099,-167.7253263041101,-198.29921483300984,-225.9601682746361,-250.98577683656023,-273.6271228053467,-294.111360282476,-312.64400149202135,-329.41097931191644,-344.58051260913675,-358.3047938114725,-370.7215157199607,-381.95525287792174,-392.118711347814,-401.3138594287163,-409.63295065450677,-417.15944933338034,-423.96886791241184
598,0.0,-51.3194522138413,-89.7248122672092,-124.43362826962507,-155.8306840388142,-184.23567992165613,-209.9342340110006,-233.18428631474788,-254.21913901338695,-273.2498561532591,-290.4673896975883,-306.0444970697226,-320.1374751091159,-332.8877286235868,-344.4231894142703,-354.85960005277514,-364.3016753123289,-372.8441529193671,-380.5727441771541,-387.5649940057184,-393.8910590317055
599,0.13203125,106.05551796843628,185.42375965220415,257.1530319952556,322.0384039092606,380.74049014642645,433.84949728826206,481.8984485853146,525.3694614547367,564.69870337653,600.2807834651553,632.4727138324964,661.5974919807774,687.9473416538411,711.786644866253,733.3545945629087,752.8675945342864,770.521430671502,786.4932353492828,800.9432646482737,814.0165062495853
600,0.13125,107.51140336138727,187.96998814540214,260.68520914723877,326.46293383807466,385.9727644370759,439.81294897784176,488.5237807489435,532.5939580521108,572.465605686661,608.5387251624104,641.1752092751043,670.7024728145273,697.4167372484512,721.586002490145,743.4527355670098,763.2363031543791,781.1351723706921,797.3289019079035,811.9799434693232,825.2352715852154
601,0.13046875000000002,108.7984322424828,190.2194036718356,263.8038523478811,330.3674055673749,390.58776063692085,445.0703866149187,494.3620908596415,538.9574587007262,579.3039373993959,615.8063412272595,648.8309152325767,678.7090102493612,705.7404075409302,730.196326640649,752.3221466024241,772.3398679734381,790.4503401953309,806.8352767848448,821.6590785147094,835.0704828885742
602,0.1296875,109.92063799409458,192.18217147408,266.526793104761,333.7784379743313,394.6217192642091,449.6682952327928,499.4705695678641,544.5281940182599,585.2932026229823,622.1745617914904,655.5422749397096,685.7310946286088,713.0438809060389,737.7546397072406,760.1112718034715,780.3380598694723,798.6379186143553,815.1944305456276,830.1736877869452,843.7259584255021
603,0.12890625,110.87056800208902,193.8422818123478,268.8282342254184,336.6595823097185,398.02692769704765,453.5472690046377,503.7778264492998,549.2226039901273,590.3375700083918,627.5352481182337,661.1888582817534,691.6360617766545,719.1823491345275,744.1041052489035,766.6513824392139,787.0504093021304,805.5058605262034,822.2029104459185,837.3090909406446,850.9759723203895
604,0.12812500000000002,111.65217534069342,195.20948780737575,270.72515075184333,339.03608704558843,400.83769996441396,456.7512869149845,507.33795623187297,553.105232591836,594.5122723333798,631.9744853516767,665.8677044887118,696.5319562157603,724.2748719278209,749.3747742443767,772.0834692898303,792.628772961038,811.2167965211107,828.0340144458862,843.2491352661798,857.0147941733778
605,0.12734375,112.2591498412032,196.270057825186,272.1952006426682,340.87614077410484,403.0121263878374,459.22788165831093,510.0876042129528,556.1016092883017,597.7315751889712,635.3951915263527,669.4703521511913,700.2989469907947,728.1902923942909,753.4242346105765,776.2539575688857,796.9085231408328,815.5951693743448,832.5013897602854,847.7968143949043,861.6349119131914
606,0.1265625,112.69533989765834,197.0332727333994,273.2543978174535,342.20346589689547,404.5823829495298,461.0182550252035,512.0774356858211,558.2721934776545,600.0659761871893,637.8780760551515,672.0878382151147,703.0384666723711,731.0404675191945,756.3747641077864,779.2955154471817,800.0326660955704,818.7942531255687,835.7684933041766,851.1256714251606,865.0198487373773
607,0.12578125,112.95561669103189,197.48776366387463,273.8839931319544,342.9910844753183,405.51262130142754,462.0772017096952,513.2525222721894,559.5520632397618,601.4403664400829,639.3377122864275,673.6243386769105,704.6442563233279,732.7087003541695,758.0992530284911,781.0706689221925,801.8534309391994,820.6560627953182,837.6672211780556,853.0575885745764,866.9815857596723
608,0.125,113.04370020856626,197.64228201151454,274.09894065220965,343.2610465841426,405.83268100342,462.44289228577384,513.6597874624127,559.9972206431883,601.9200737528375,639.848936301529,674.1643269255093,705.2105111972429,733.2989555329431,758.7114520316214,781.7029456121152,802.5040918092624,821.3235708874333,838.3501814858156,853.7547347987353,867.691768293675
609,0.12421875,112.95567460179824,197.4878917668819,273.8841997258236,342.99137408190165,405.51299605485576,462.0776621527892,513.2530678542801,559.5526926479964,601.4410778298113,639.3385034463597,673.6252071500196,704.6451994966177,732.7097155259181,758.100337458849,781.071819871276,801.8546456956713,820.6573386976503,837.6685556301329,853.0589790568927,866.9830298370847
610,0.1234375,112.69510851620987,197.03276089689405,273.2535723685125,342.2023087704502,404.5808856224773,461.01641533383184,512.0752558362799,558.2696787217918,600.063133901691,637.8749150813794,672.0843683758274,703.0346984129139,731.0364116387358,756.3704315570958,779.2909171764077,800.0278129400625,818.789155720941,835.7631620240101,851.1201163363238,865.0140795691038
611,0.12265625000000001,112.25932321641714,196.27044134430108,272.1958191503726,340.87700780807194,403.01324833730075,459.2292601483897,510.08923759504125,556.1034936319435,597.7337049715976,635.3975601277357,669.4729522154088,700.301770694979,728.1933316499419,753.4274812150458,776.257403319424,796.9121599201507,815.598989214274,832.5053848884932,847.8009772684109,861.6392352415847
612,0.12187500000000001,111.65171400425204,195.20846728979836,270.7235049427763,339.03377992626116,400.83471454116733,456.7476188737408,507.333609971341,553.1002185833473,594.5066052848438,631.9681828913266,665.8607862015228,696.524442928044,724.2667851713511,749.3661358531956,772.0743010967395,792.6190965699477,811.2066331376899,828.0233847533516,843.2380593362125,857.0032914044695
613,0.12109375,110.87085577269796,193.84291838272858,268.8292608331174,336.66102142475046,398.0287899243559,453.54955704163007,503.7805375596142,549.2257316499588,590.341105051328,627.5391795559532,661.1931739048198,691.6407486005869,719.1873937339441,744.1094940089557,766.6571017448836,787.056445680243,805.512200751097,822.2095416169784,837.3160005379368,850.9831482431928
614,0.1203125,109.91994954677223,192.18064856683532,266.5243370818132,333.77499508525517,394.61726414955837,449.6628214547337,499.46408369056803,544.5207116680128,585.2847457482735,622.1651566987773,655.5319508554755,685.7198826317688,713.0318131282587,737.7417487312559,760.0975902101632,780.3236198981448,798.6227519100188,815.1785679736386,830.1571593000677,843.7087929719037
615,0.11953125,108.79883263409528,190.22028936833817,263.8052807253776,330.3694078896581,390.59035165925644,445.07357009038554,494.36586298101895,538.9618103911192,579.3088559051046,615.8118112596616,648.8369198040441,678.7155312939019,705.7474263790973,730.2038243293769,752.3301041984072,772.3482667307192,790.4591617123273,806.8445031122243,821.6686922327971,835.0804671609652
616,0.11875000000000001,107.51049204748286,187.9679722371822,260.68195805167096,326.4583764044332,385.9668670964703,439.8057032083886,488.5151952398377,532.5840534882943,572.454411121933,608.5262754193197,641.1615430415085,670.6876312303875,697.4007628472787,721.5689384025363,743.4346249210996,763.2171886261447,781.1150958494206,797.3079042508289,811.9580643256529,825.2125492743412
617,0.11796875000000001,106.05602851222457,185.42488901352596,257.15485333494934,322.0409570921064,380.7437939870346,433.85355657226296,481.9032584581397,525.3750103424134,564.704975016762,600.287758363344,632.4803703276235,661.6058070367882,687.9562914524543,711.7962052530362,733.3647413831164,752.8783038848062,770.5326790883271,786.5049999450667,800.9555232110326,814.0292373110609
618,0.1171875,104.43819661302426,182.5964108511136,253.23238806160353,317.12903327062224,374.9368559558115,427.2370365459385,474.5544481566418,517.3638375104362,556.0947046844548,591.1356272904998,622.8381611014488,651.5203675514816,677.4700049501683,700.947415619616,722.1881379504375,741.4052695900818,758.7916054762754,774.5215721682641,788.7529778842086,801.628595803737
619,0.11640625,102.65935370651964,179.48628255597976,248.91898075795802,311.7270167004195,368.54982420960977,419.9586916010847,466.46956009144475,508.54909864346496,546.6195001674304,581.0627318144741,612.2243690412191,640.417062967836,665.9236772159363,689.0001258716123,709.877941066294,728.766595936765,745.8556062695999,761.316431915012,775.3041970464179,787.9592465247007
620,0.115625,100.72200496634767,176.0990818706832,244.22155618762486,305.84448418625385,361.5952344136991,412.03431147634194,457.66791508854595,498.95390142646187,536.3064894653808,570.1004314401359,600.6747747771655,628.3362641484083,653.3624191859897,676.0043189267535,696.489120954457,715.0223405229387,731.7899125309765,746.960057039398,760.6849670490788,773.1023354746809
621,0.11484375000000001,98.62974984660403,172.44108347915127,239.1484398872981,299.4911755864854,354.0836222050909,403.47464163932005,448.159921762891,488.5878126342803,525.1639343226931,558.2552602937213,588.1938009275227,615.2799347391033,639.7854220617556,661.9561315937817,682.0145071808493,700.1617995828437,716.5800856148237,731.4340949188131,744.872862693504,757.0312249630712
622,0.11406250000000001,96.38482866464783,168.516043489479,233.7050172043761,292.674302148538,346.02425800296623,394.29125785443506,437.9597071265011,477.4677486133877,513.2117663908189,545.550376844502,574.8080287142888,601.2782587269478,625.2266368363174,646.8934308081961,666.4960169174174,684.2310609543019,700.2764914281734,714.793284768805,727.9270804393071,739.80964216675
623,0.11328125,93.99206078019174,164.33272777796287,227.9034693562085,285.40887177921564,337.4343769188224,384.50303633584514,427.0872284805832,465.61422028002886,500.47055817969976,532.0059594461895,560.5368224287736,586.3494011038401,609.7026770235113,630.830957635988,649.9462270608688,667.2402729032573,682.8866104425596,697.042223499565,709.849139446661,721.4358541623685
624,0.1125,91.4534078420133,159.8940476605725,221.747609071512,277.6996857088581,328.3199269705179,374.11726750528516,415.55133192543326,453.03784834725207,486.95292210726285,517.6368227527677,545.3974000026425,570.5131728869317,593.2361243540831,613.7942295681505,632.3937432979958,649.2212693603999,664.4456328867792,678.2195742026091,690.6812813174932,701.9557764036962
625,0.11171875,88.77487940250126,155.21120616145316,215.25339814706547,269.5669273640115,318.70473648388054,363.16084194536705,403.3814004051667,439.76996141612193,472.6916146126896,502.47666493921497,529.423948013038,553.8038284209517,575.8609122264941,595.8165010444034,613.8708123155923,630.204988055994,644.9829122299385,658.3528549794992,670.4489602047564,681.392591418737
626,0.11093750000000001,85.95814634762401,150.28625185520568,208.42305318614987,261.01295835673585,308.5913944039245,351.6367197872569,390.58094456919184,425.814819086028,457.6918511206208,486.53186550694926,512.6242149470091,536.2306836116612,557.5881138852676,576.9107827874129,594.3925519517234,610.2088127468302,624.5182460631403,637.4644144269087,649.1772024191778,659.7741198541202
627,0.11015625000000001,83.01037137154829,145.1327558434366,201.27621815516122,252.06301319574834,298.01017536121344,339.5796401925861,377.18859184885446,411.2143744915481,441.99837004506816,469.8494346916851,495.04699889583355,517.8438709671076,538.4687734027124,557.1286375858516,574.010679871621,589.284279885992,603.1026798790539,615.6045221794081,626.9152401730537,637.1483167610863
628,0.109375,79.93292429587906,139.75189132925303,193.8134998658723,242.71699931473324,286.96029326624205,326.98821475179466,363.2024957983929,395.9664998566086,425.6089576626045,452.42727751057674,476.6905311299986,498.6421538460604,518.5023872669542,536.4704891786893,552.7267328581893,567.4342158797969,580.7404965724267,592.7790745523732,603.6707301904604,613.5247364556672
629,0.10859375,76.7340767961731,134.15951382137743,186.05810334272485,233.00504672545958,275.4782824011666,313.9048170270754,348.6702901854519,380.1235141943048,408.58005853490397,434.32542642637185,457.6179203984899,478.69123383633536,497.75679552050343,515.0058908018451,530.6115806985264,544.730438164809,557.504118947085,569.0607827843978,579.516379210105,588.975810853527
630,0.1078125,73.41488918425165,128.35591391821467,178.00902186476046,222.9246092539072,263.55998648843155,300.3237186281124,333.5847828530138,363.6769154715079,390.9020434387727,415.533324888186,437.81789165999766,457.97932937397593,476.2199209993666,492.7226765980637,507.65316964556166,521.1611983711034,533.3822887959174,544.4390545567841,554.4424271631339,563.4927690345385
631,0.10703125000000001,69.98469111942428,122.35913378110465,169.6928784477516,212.5105266533236,251.24797421574831,286.294666270511,318.00232022695025,346.68906601565465,372.64271508398497,396.12365746562836,417.36747523470984,436.58730605434016,453.975981459739,469.70796143158134,483.94108467234787,496.81815214023294,508.46835972312067,519.0085944230614,528.5446070533154,537.1720732118107
632,0.13359375,102.65873615860518,179.48491649364328,248.91677768679125,311.72392840048497,368.5458279229587,419.9537815390156,466.46374212589484,508.5423867740602,546.6119140647238,581.0542950587657,612.2151078332836,640.407005171679,665.9128516417431,688.9885617361829,709.8656675868182,728.7536420260741,745.842000309402,761.3022015895081,775.2893692229118,787.9438471709086
633,0.1328125,104.43932517530756,182.5989073324008,253.23641418711966,317.1346771527693,374.9441591659668,427.2460096374718,474.5650803688625,517.3761032272158,556.1085679257411,591.1510449322702,622.8550852329186,651.5387472252064,677.4897874929517,700.9685476188447,722.2105659965557,741.428940833494,758.8164680416255,774.5475754582931,788.7800727976769,801.6567348862471
634,0.10625000000000001,66.44422686657275,116.16857961214444,161.1070590448184,201.75781484004384,238.5347447424024,271.8076269006964,301.91040878110067,329.1451419545026,353.78508811503025,376.07747112451517,396.2459592839976,414.4929100281082,431.00140054535035,445.9370648555868,459.44975581731825,471.6750487587621,482.73560183044435,492.74238673575906,501.79580219307377,509.9866813048378
635,0.134375,100.72334381946062,176.10204353440818,244.22633252240655,305.85117972298497,361.6038984699523,412.0449565718813,457.68052845747405,498.96845267932315,536.3229359176129,570.1187219320227,600.6948524702844,628.3580686018447,653.3858879115168,676.0293885589597,696.5157281315732,715.0504225475117,731.8194078613438,746.9909056501668,760.7171106896544,773.1357178481906
636,0.0,62.80382654831384,109.80436898937985,152.28144052333803,190.7058085101549,225.46863871157584,256.91941368267817,285.37376020515046,311.1171644453873,334.40790536357656,355.47965441682425,374.54382078176224,391.791672334947,407.3962544956612,421.5141262705806,434.28693091838477,445.8428169857772,456.297723966494,465.7565454783277,474.31418162548556,482.05649110260146
637,0.0,59.06391379393477,103.26502737953763,143.2118176269444,179.34711639883804,212.03885696452312,241.61575075667764,268.37465663047726,292.58407917098674,314.4869300620895,334.302974676755,352.23103878734935,368.4510040424733,383.125613118117,396.40210280327284,408.4136814467145,419.28086560862295,429.11268934050537,438.007798234888,446.0554392275634,453.33635608755196
638,0.16640625000000003,-55.235755658828914,-96.57262408995105,-133.9311373974099,-167.7253263041101,-198.29921483300984,-225.9601682746361,-250.98577683656023,-273.6271228053467,-294.111360282476,-312.64400149202135,-329.41097931191644,-344.58051260913675,-358.3047938114725,-370.7215157199607,-381.95525287792174,-392.118711347814,-401.3138594287163,-409.63295065450677,-417.15944933338034,-423.96886791241184
639,0.16562500000000002,-51.3194522138413,-89.7248122672092,-124.43362826962507,-155.8306840388142,-184.23567992165613,-209.9342340110006,-233.18428631474788,-254.21913901338695,-273.2498561532591,-290.4673896975883,-306.0444970697226,-320.1374751091159,-332.8877286235868,-344.4231894142703,-354.85960005277514,-364.3016753123289,-372.8441529193671,-380.5727441771541,-387.5649940057184,-393.8910590317055
640,0.16484375,-47.32713781985787,-82.74547652924113,-114.75510378957938,-143.71076107411298,-169.90720965914306,-193.60780256866747,-215.0503820020857,-234.45007835848182,-252.00152039571043,-267.8807940477322,-282.2472095490862,-295.24489962493993,-307.00426538777754,-317.6432845045394,-327.26869475363765,-335.97706483746464,-343.8557631871348,-350.98383447470815,-357.43279262359454,-363.2673382710003
641,0.1640625,-43.25858899244616,-75.63141351892617,-104.8882637127245,-131.35350305161887,-155.29662791629892,-176.9584021369249,-196.55625659037693,-214.28685266538054,-230.32810548647348,-244.84097631895833,-257.97108912353093,-269.8501923015011,-280.5974809779049,-290.3207932172908,-299.1176922165002,-307.0764453548401,-314.27690993914575,-320.7913345404368,-326.6850839690986,-332.0172951674075
642,0.16328125,-39.12673243848115,-68.40817559027083,-94.87156680714811,-118.81017121352049,-140.46767003773917,-160.06178037831032,-177.78913005022292,-193.82757121464738,-208.3380073348163,-221.46601242625752,-233.34329187955956,-244.08900365191676,-253.8109535742989,-262.60667680801293,-270.5644162926734,-277.7640079924511,-284.277681815071,-290.17078623409026,-295.50244388101856,-300.32614468225097
643,0.1625,-34.93102218509634,-61.07172195651063,-84.69622813136077,-106.06648403875094,-125.40012055837025,-142.89156286861905,-158.71639218170878,-173.03341661175867,-185.9863054556146,-197.70503690094887,-208.3072036256789,-217.89919332028066,-226.57725654943837,-234.42847278359713,-241.5316243352892,-247.95798699216266,-253.77204529460587,-259.032139644933,-263.7910517480968,-268.0965342630918
644,0.16171875000000002,-30.68509774079026,-53.64911550097658,-74.4031150675786,-93.17707713913401,-110.16210052023165,-125.52892408557956,-139.4317489899022,-152.01005263875604,-163.39002117741202,-173.6858191907683,-183.0007352179501,-191.4282177997636,-199.05281282688043,-205.9510116182819,-212.1920182277284,-217.83844366590935,-222.94693399576565,-227.5687385972864,-231.75022429939972,-235.5333405345081
645,0.1609375,-26.388094010363165,-46.13550292004989,-63.98201213945113,-80.12552988124395,-94.73047975736593,-107.94374959858297,-119.89798843588932,-130.71317200398022,-140.4978380030368,-149.35018018436944,-157.35903494517106,-164.60477334960947,-171.1601079852931,-177.09082285468315,-182.45643366685724,-187.31078517888017,-191.70259159606493,-195.67592546404364,-199.2706599655768,-202.52286906535704
646,0.16015625,-22.054279211832924,-38.5592907747128,-53.47594338232453,-66.96951539982764,-79.1773450203629,-90.22214023290425,-100.21472483052676,-109.25534153860181,-117.43468120490917,-124.83479512110559,-131.52991816667898,-137.58721332473408,-143.06744529212796,-148.0255899511107,-152.51138580359378,-156.56983288909242,-160.24164418395472,-163.56365400513621,-166.56918751206805,-169.28839501096166
647,0.15937500000000002,-17.682474461265997,-30.914843166722264,-42.87332576679444,-53.69057518776366,-63.476794047562926,-72.33042721700498,-80.34037372049099,-87.58703722300716,-94.14315465707301,-100.0745299405255,-105.44069548391995,-110.29551021079554,-114.68770043441648,-118.66134910902161,-122.25633840610674,-125.50875008132888,-128.45122766565686,-131.11330412614635,-133.5216982919378,-135.70058302543578
648,0.15859375000000003,-13.287488717890158,-23.231735198816747,-32.219074723852245,-40.3490643286688,-47.70443485931921,-54.35910688348955,-60.37984356707897,-65.82703492555305,-70.75531736998339,-75.21412302530547,-79.24817542866954,-82.8979379233702,-86.2000193779015,-89.18754129319917,-91.89046996493234,-94.33591702124225,-96.54841134285331,-98.5501450878798,-100.3611962855694,-101.99973022928096
649,0.15781250000000002,-8.867836577248626,-15.503583125314147,-21.50031108426554,-26.924600244557578,-31.831752794322973,-36.271163699058725,-40.28743388453615,-43.92089923071592,-47.20804745509704,-50.18188693902555,-52.87227906932937,-55.30623857076142,-57.508205068331925,-59.50028868199785,-61.302492158834205,-62.93291179707662,-64.40791919513312,-65.74232566092522,-66.94953093951037,-68.04165775727226
650,0.15703125,-4.438776437621596,-7.760948250366822,-10.763564756103735,-13.479847858756859,-15.937410994103645,-18.1609315636634,-20.172700489050904,-21.992882751314003,-23.639723473190987,-25.129730847426345,-26.477841333371746,-27.697569164561152,-28.801141675292495,-29.799621780132483,-30.70301881634094,-31.52038884849092,-32.259925432983735,-32.92904174706304,-33.53444490206992,-34.08220318343885
651,0.15625,0.0014744679584831482,0.0032616612311859297,0.005260165332153297,0.007373812211260123,0.00954179992705213,0.011723604684355403,0.0138913788703851,0.016025711647736373,0.01811305943207386,0.02014408499721478,0.02211253060455391,0.024014425032014914,0.02584750992362643,0.027610815833424934,0.02930434368330901,0.030928822346563772,0.03248552231708925,0.033976111440759724,0.03540254262339102,0.03676696613888216
652,0.15546875,4.437302375259595,7.757687524518309,10.75830616725309,13.472476355403066,15.927872309492004,18.149211938552565,20.158813996188634,21.976862859568666,23.6216171815187,25.10959447996454,26.455737461573726,27.67356432229966,28.77530464760739,29.772022315833112,30.67372665900773,31.489473009766833,32.227453652024785,32.895080094105765,33.499057494143095,34.045451987621504
653,0.1546875,8.870776422407413,15.51008633823375,21.510798983881926,26.939302406646355,31.850777565653598,36.294538628652134,40.315130997867726,43.952851851245455,47.24416190259856,50.222050916369035,52.91636780247035,55.35411936767809,57.55974073419863,59.555340089060515,61.3609201811655,62.99457876199258,64.47268996309714,65.81006841780386,67.02011776493734,68.11496501816912
654,0.15390625000000002,13.286023743266352,23.22849457579313,32.21384855519028,40.34173827242392,47.694954983560145,54.34745951405437,60.36604269018191,65.81111380391528,70.73732271296068,75.19411080990464,79.22620784065994,82.87408108647665,86.174341653106,89.16011199928437,91.86135841546134,94.30519180233459,96.516139775972,98.51639283584619,100.32602707003096,101.96320563518488
655,0.153125,17.685387090196386,30.921286174993313,42.883716573211835,53.70514124313693,63.49564269601465,72.35358575289425,80.36781442861314,87.61869404438177,94.1789347789679,100.11432210559475,105.48437607335377,110.34294776105614,114.73875902080086,118.71589089175225,122.31422554718148,125.56984618250749,128.51539883837322,131.18041977643514,133.59163168354172,135.77321166968704
656,0.15234375,22.05283235665462,38.556090233394286,53.470781854151966,66.96227995759442,79.16798239972032,90.21063692932478,100.20109465769129,109.23961734820841,117.41690912889887,124.8150304443645,131.5082223059867,137.5636515860488,143.0420851909307,147.99849994878238,152.4826343563144,156.53948773455858,160.20977181081864,163.53031926390113,166.53445333605663,169.25232222321355
657,0.15156250000000002,26.390961465389196,46.14184599974182,63.99224178911959,80.1398700246479,94.74903607441968,107.9665489609544,119.92500355879727,130.7443378534798,140.5330632062755,149.38935520985117,157.40203809156233,164.65147519242927,171.21037470800763,177.14451875531793,182.51342304512818,187.37093375188826,191.7657675516237,195.7420002334416,199.3395087779586,202.59437133156496
658,0.15078125000000003,30.68367792504785,53.64597477311671,74.39805000165053,93.16997691912819,110.15291287802528,125.51763576978885,139.41837355673928,151.9946223265547,163.37258125644465,173.66642391307823,182.97944485276352,191.40509643269556,199.02792671168183,205.92442793684359,212.16380415676812,217.80866567703265,222.9156573348314,227.53602690258532,231.71613932784678,235.49794197215738
659,0.15000000000000002,34.93382678704821,61.07792599977309,84.70623355429503,106.08050985772599,125.41827013779124,142.91386249203964,158.74281516322185,173.0638993436117,186.02075856834438,197.74335326433533,208.34926420628574,217.94487153068587,226.62642150632718,234.48099175944571,241.58736460414517,248.01681721432453,253.8338365468755,259.0967661764522,263.8583915225882,268.1664693342967
660,0.14921875,39.12534841545625,68.40511403884686,94.86662943048532,118.80324999024823,140.45871401846162,160.0507766467366,177.77609182174868,193.81252991568326,208.32100709502586,221.447106130488,233.32253827799607,244.06646521478027,253.78669488516033,262.5807633550744,270.5369135590007,277.73498077369703,284.24719371198154,290.1388992803235,295.4692182762525,300.2916386074863
661,0.1484375,43.26131344966633,75.63744027511363,104.8979832213659,131.36712807160822,155.31425885950682,176.98006453699395,196.58192452503278,214.3164643454276,230.36157409699686,244.87819779163678,258.0119478267987,269.89456526550754,280.6452410595209,290.3718114817528,299.17183973046514,307.13359453151537,314.3369355391188,320.85411440593043,326.75049955073047,332.08523188891263
662,0.14765625,47.32579812215291,82.74251302906755,114.75032454193199,143.7040615184714,169.89854047920906,193.59715126312645,215.03776136427135,234.43551880932998,251.98506465236915,267.8624933019302,282.22712066984656,295.2230830819992,306.9807836963761,317.6182010554356,327.2420729324987,335.9489673644629,343.8262516257275,350.95296887139426,357.4006312495876,363.2339374434596
663,0.146875,51.32207972878018,89.73062457868657,124.44300193913409,155.84382425626794,184.2526835275689,209.95512563193097,233.2090409521061,254.24769707768877,273.28213391954887,290.50328680119054,306.08390199394415,320.18026925988755,332.9337893818743,344.4723924329984,354.91182098610574,364.35679111295315,372.9020428037457,380.633290333666,387.6280821026967,393.95657856919706
664,0.14609375000000002,55.234468545754844,96.56977691130074,133.92654574357334,167.71888972029055,198.2908859403085,225.94993506404046,250.97365160070012,273.61313477233176,294.09555049374256,312.6264191306977,329.3916790153431,344.55955247381127,358.28223389890763,370.6974169326489,381.9296761133177,392.0917168638796,401.2855063720061,409.60329671408743,417.128550492663,423.93677827741845
665,0.1453125,59.06642831978921,103.27058974276929,143.2207881677737,179.3596914403266,212.0551291308058,241.6357435597754,268.3983460918032,292.6114082120006,314.5178185120426,334.3373264472593,352.26874712463257,368.491955426919,383.1696901852025,396.44918654129907,408.463652851174,419.333606923067,429.1680849796187,438.06573546152197,446.1158086382816,453.39905194866134
666,0.14453125,62.802600103180914,109.80165600563664,152.27706525489046,190.699675194005,225.4607021504611,256.90966237881685,285.36220581768066,311.10383477423875,334.3928394706151,355.46289912838125,374.52542812832615,391.7716976502342,407.3747549926678,421.49115997009415,434.26255584228943,445.8170905518632,456.2707025381292,465.72828403402957,474.2847335218134,482.0259079099225
667,0.14375000000000002,66.44661273834467,116.17385737957237,161.1155706108489,201.76974648265636,238.5501843466769,271.8265967759601,301.9328861761218,329.1710727117956,353.8143961665072,376.1100652989261,396.28173829041754,414.5317661559296,431.04322243574825,445.98173958678393,459.49717047429573,471.72509161062914,482.7881632062786,492.7973596669976,501.85308287421566,510.0461694122849
668,0.14296875,69.98353274670023,122.35657137736828,169.68874602085916,212.5047337551877,251.240478157733,286.2854561932703,317.9914071429617,346.67647618245894,372.628485396076,396.1078321510625,417.3501034368701,436.56844003648604,453.9556752600717,469.68626985120954,483.9180625133557,496.7938536340717,508.4428381052697,518.9819016209387,528.51679346233,537.1431875402461
669,0.1421875,73.41713169333795,128.36087455331707,178.017021983932,222.93582394175337,263.5744983491887,300.34154863082654,333.60590961396156,363.70128808799,390.92959041414326,415.5639605302076,437.8515207648485,458.01585070388944,476.2592298875439,492.76466690862503,507.6977352489236,521.2082342505958,533.4316918709914,544.4907242868014,554.4962659803866,563.5486826439325
670,0.14140625,76.73299363865446,134.1571177982661,186.0542392395315,232.999629966812,275.471273070292,313.8962049699708,348.66008569992647,380.11174183346236,408.5667527982034,434.3106286706979,457.6016765769074,478.67359281919823,497.7378078378298,514.9856076969835,530.5900534156863,544.7077174145621,557.48025450864,569.0358232137744,579.4903716307268,588.9488008111784
671,0.140625,79.93500961745984,139.75650425048855,193.82093921893264,242.72742791154693,286.97378792096083,327.00479496385776,363.2221416833145,395.9891640801517,425.63457374017827,452.4557657570705,476.72180301543983,498.6761152294692,518.5389408186505,536.5095362028491,552.7681746647978,567.4779548136911,580.7864367787984,592.8271225382338,603.7207952273085,613.5767308581679
672,0.13984375,83.0093701081894,145.13054097550153,201.2726462030374,252.05800597835668,298.00369597978255,339.5716792610154,377.1791588866912,411.2034921959317,441.98607030754357,469.8357557427889,495.03198321479044,517.8275637298563,538.4512213193518,557.1098880258435,573.9907802051824,589.2632769900007,603.0806197693934,615.5814497412015,626.8911989670916,637.1233488897503
673,0.1390625,85.96006162586279,150.29048862450676,208.4298859106581,261.0225365720467,308.6037886605551,351.6519479947772,390.59898846484765,425.83563519573426,457.71537838157104,486.55803073225735,512.6529368261728,536.2618756807019,557.6216867515014,576.9466458033821,594.4306144752669,610.2489850862121,624.5604401801286,637.5085444524543,649.2231850232486,659.8218745016571
674,0.13828125000000002,88.77396620724393,155.2091861061049,215.25014037173145,269.5623605640424,318.6988270060302,363.15358122926443,403.37279713330935,439.7600362896141,472.6803967183781,502.4641891454059,529.4102530630323,553.7889555175625,575.844903971735,595.7994006416294,613.8526629688123,630.1858325192334,644.9627924719177,658.3318119375963,670.4270336084596,681.3698196673636
675,0.1375,91.45514126935824,159.89788215874628,221.7537930446974,277.70835449449623,328.3311444205512,374.13104982895476,415.5676625942204,453.0566880151266,486.9742155095216,517.6605036518022,545.4233948085512,570.5414033456406,593.2665095608695,613.8266874826303,632.4281918845495,649.257627443559,664.4838207875471,678.2595142051772,690.72289800396,701.998996885723
676,0.13671875,93.99124128391168,164.33091499128736,227.90054584596623,285.40477355691166,337.4290737842441,384.49652060708837,427.0795079494784,465.6053135238936,500.46049130120747,531.9947637362822,560.5245326557981,586.3360542432889,609.6883113064971,630.8156118332419,649.9299399436821,667.2230828390797,682.8685550940805,697.0233396039214,709.829462657004,721.4154189381308
677,0.13593750000000002,96.38636955461934,168.5194520772271,233.71051430282344,292.68200806267043,346.03422949250483,394.3035093283183,437.9742238922667,477.48449569552616,513.2306946633186,545.5714274272586,574.8311361915539,601.3033535368588,625.2536470607657,646.9222835195351,666.5266391922121,684.263380633703,700.3104376835574,714.8287885166516,727.9640746387396,739.8480620254594
678,0.13515625,98.62902910241557,172.43948913915375,239.14586866923972,299.4875712126261,354.0789581144642,403.4689110758134,448.15313157954864,488.5799791699885,525.1550805348917,558.2454137029284,588.1829921126266,615.2681962201643,639.7727874631362,661.9426350144211,682.0001827201584,700.1466809850344,716.5642060042495,731.4174866057829,744.8555570349413,757.0132522660047
679,0.16718750000000002,-59.06391394701046,-103.26502771153697,-143.21181813006072,-179.34711704004246,-212.038857695596,-241.61575152174504,-268.37465737149887,-292.58407983160146,-314.48693059018234,-334.3029750260529,-352.2310389182666,-368.45100392244643,-383.1256127215443,-396.4021021111969,-408.41368044634646,-419.28086429275044,-429.11268770686286,-438.00779628550976,-446.0554369681471,-453.3363535268586
680,0.134375,100.72334381946062,176.10204353440818,244.22633252240655,305.85117972298497,361.6038984699523,412.0449565718813,457.68052845747405,498.96845267932315,536.3229359176129,570.1187219320227,600.6948524702844,628.3580686018447,653.3858879115168,676.0293885589597,696.5157281315732,715.0504225475117,731.8194078613438,746.9909056501668,760.7171106896544,773.1357178481906
681,0.0,102.65873615860518,179.48491649364328,248.91677768679125,311.72392840048497,368.5458279229587,419.9537815390156,466.46374212589484,508.5423867740602,546.6119140647238,581.0542950587657,612.2151078332836,640.407005171679,665.9128516417431,688.9885617361829,709.8656675868182,728.7536420260741,745.842000309402,761.3022015895081,775.2893692229118,787.9438471709086
682,0.0,104.43932517530756,182.5989073324008,253.23641418711966,317.1346771527693,374.9441591659668,427.2460096374718,474.5650803688625,517.3761032272158,556.1085679257411,591.1510449322702,622.8550852329186,651.5387472252064,677.4897874929517,700.9685476188447,722.2105659965557,741.428940833494,758.8164680416255,774.5475754582931,788.7800727976769,801.6567348862471
