,surface_points,surface_disp_step1,surface_disp_step2,surface_disp_step3,surface_disp_step4,surface_disp_step5,surface_disp_step6,surface_disp_step7,surface_disp_step8,surface_disp_step9,surface_disp_step10,surface_disp_step11,surface_disp_step12,surface_disp_step13,surface_disp_step14,surface_disp_step15,surface_disp_step16,surface_disp_step17,surface_disp_step18,surface_disp_step19,surface_disp_step20
0,0.14414062500000002,61.650342010398816,110.54054777448302,154.7447889655654,194.7123056871645,230.8492097414375,263.522660419518,293.06461439881207,319.77520665896014,343.92580354470175,365.76176151886443,385.50492075961427,403.3558594261464,419.4959316379375,434.08911006612936,447.2836518827209,459.2136049781309,470.00016981974164,479.75293082043925,488.5709696004246,496.5438716270604
1,0.14375000000000002,63.38330078836372,113.64868770495376,159.09651171172132,200.1885060743983,237.3421517330634,270.9349142936049,301.3080796689775,328.7702225187177,353.60034206380755,376.05069707495653,396.3493689893241,414.7025792945127,431.2967846960983,446.3005714751829,459.86636827054724,472.13199465585694,483.2220613054957,493.24923600323217,502.3153882260347,510.51262410548986
2,0.143359375,65.07562559075112,116.68215630328211,163.34236831051442,205.53046325121264,243.67511731641295,278.1638895298069,309.3471802213492,337.54179989792095,363.03419198935825,386.0833449065523,406.9234241974434,425.7661520680272,442.8029585967503,458.2069267033039,472.1345506577786,484.7273259860352,496.1131869934252,506.4078065463323,515.7157711890092,524.1316437106599
3,0.14296875,66.75934870345314,119.70208539877757,167.57066152819095,210.8514005525588,249.9840184405368,285.36608535874313,317.3570651491981,346.28196828875036,372.4346546201132,396.0808192871952,417.46069234354076,436.791479553785,454.26956915017,470.0725270873049,484.36090105017615,497.27985151555947,508.96062649607023,519.521894979912,529.0709524823314,537.7048111322688
4,0.142578125,68.40056724085795,122.64384934563701,171.68808548202114,216.03170764030844,256.1252954127557,292.37620996704004,325.1527549930086,354.78792802506285,381.5828079024316,405.8096156420687,427.7144810948248,447.5199440527739,465.42721538168666,481.6182213682905,496.2574520777742,509.4936324955,521.4612334992562,532.2818380497846,542.0653763504798,550.9112427034315
5,0.1421875,70.03245848159497,125.57091104757113,175.78642938474871,221.18917727451785,262.2404277035233,299.35724237399955,332.91670878900595,363.25977209918454,390.69469965774056,415.5002132985087,437.9283212735653,458.2068787086395,476.54190254591396,493.11966461944337,508.10858410737626,521.6609385625607,533.9144109607784,544.9934885157123,555.0107273388968,564.0678959709438
6,0.141796875,71.62004013444364,128.41643439070657,179.76907197227519,226.19984667592945,268.18054673382386,306.1377073356925,340.45696763289425,371.4869987282799,399.5430506280522,424.91015720945364,447.8460331112418,468.5836925708942,487.33381698856857,504.28689550061756,519.6151603354107,533.4743366145785,546.0052244438243,557.3351294062053,567.5791558597708,576.8413763607025
7,0.14140625,73.19758326326551,131.24611541214372,183.73114725149009,231.18589624824384,274.0924811572017,312.8868121369363,347.9630189093162,379.6774555851461,408.3523217018145,434.27893601371846,457.7206963925605,478.91575598881195,498.07944279116265,515.4064472953098,531.0728004823421,545.2376621802583,558.0449380306641,569.6247415226327,580.0947158105402,589.5612289270033
8,0.141015625,74.72908010533952,133.99101057711033,187.5728675493547,236.01920190371726,279.8222830489785,319.42716251014656,355.2362202718155,387.6132633788228,416.8872269111051,443.3555181040141,467.2870390063737,488.9249190096428,508.48898519258285,526.1779958205681,542.1716597154043,556.6324620181178,569.7073149586337,581.5290504464499,592.2177695116643,601.8820624922478
9,0.140625,76.24984268529006,136.7189477886607,191.39256501766755,240.8261433425182,285.521903894186,325.93393314518545,362.4727953162413,395.5097040054595,425.38029412567437,452.3880321590879,476.8072994562537,498.8861799773205,518.8489807371243,536.8985106943978,553.2181412060901,567.973668962483,581.315000378898,593.3776745943466,604.2842404088806,614.1455013353576
10,0.14023437500000002,77.72289325292915,139.35898233523918,195.08743935699863,245.47463262799755,291.0325536901576,332.22408416569925,369.46772443094676,403.1418565084012,433.5885933566796,461.1172569882885,486.0075222342956,508.5122587518846,528.8601003407737,547.2577679243257,563.8921698196712,578.9323006467465,592.5309582318973,604.8262959936782,615.9432264473518,625.9946902742909
11,0.13984375000000002,79.18453035967988,141.9809694237389,198.75886927302292,250.0950539210759,296.51107248638976,338.4784875855709,376.42366487691686,410.73210506203486,441.7523609029529,469.79957868585706,495.158700163973,518.0873575793156,538.8184911077107,557.5627154538789,574.5104596052042,589.8339014673714,603.6887170852289,616.2156622555558,627.5420024631406,637.7828058501575
12,0.139453125,80.59686330712267,144.51207259586891,202.30120040709917,254.55155918160614,301.79407314053594,344.50874027239803,383.12953604705285,418.04883402681816,449.62139753438316,478.1679864066225,503.9786170181211,527.3155093846347,548.4157514898735,567.4937081661049,584.7431990265757,600.3394675923718,614.4409616833519,627.1909432042152,638.7189435495624,649.1420795978563
13,0.1390625,81.9971211943174,147.024066633751,205.81870167339346,258.97833594992125,307.04304237815245,350.5011326028623,389.79411629431917,425.3211868424183,457.44327741488684,486.4867281686897,512.746601899636,536.4896818810325,557.957182272573,577.3671987721253,594.9169243697683,610.7846527007014,625.1315893979596,638.1034898809611,649.8321400850393,660.436695354948
14,0.138671875,83.34655879785902,149.44233563942635,209.20302756524842,263.23598555485916,312.0902478617955,356.262188718214,396.2005895280022,432.31121038049616,464.9609179424867,494.4814152860899,521.172613144441,545.3056775671287,567.125785148937,586.8546140957152,604.692596460851,620.8209544536882,635.4035415723072,648.5885073081737,660.509802207107,671.2885387589118
15,0.13828125,84.68327836751929,151.84046331053477,212.5611764442747,267.4622920212427,317.1015739989238,361.98333010856754,402.5635332557201,439.25445399030497,472.428849352398,502.4237501762819,529.5438853343611,554.0647777704334,576.2355436929773,596.2814235050815,614.406070142082,630.7936180528015,645.6105538908637,659.0074079541503,671.1202834240689,682.0722391190623
16,0.137890625,85.96773991091388,154.1421693859011,215.78227875281723,271.51452103979585,321.90520195543496,367.46630660201834,408.66073032828325,445.9069940969497,479.5835022364021,510.03238959119,537.5629988117561,562.4550238626886,584.9613519049234,605.3106327059041,623.7096017073007,640.3451803751266,655.3863752353013,668.9859949303625,681.2822026152429,692.3999196444448
17,0.1375,87.23886005414855,156.4227329773247,218.9758972574208,275.5338405881539,326.6711579379056,372.90737551800333,414.7122263914491,452.5104225761672,486.68597021973045,517.5860711561427,545.5246504641747,570.7855459214526,593.6253916659028,614.2762255013122,632.9478462901642,649.829945372919,665.0940337133793,678.8951843811718,691.3736079425344,702.6560769418794
18,0.137109375,88.45636498735924,158.60432705287914,222.02880926943362,279.37440076965436,331.2238015148202,378.10381803299043,420.4907458659336,458.81522151989174,493.46660351208135,524.7969309116772,553.1245013019003,578.7371052940954,601.8949506813366,622.8333062310367,641.7648920019445,658.8820404973097,674.3586506749783,688.3519547087592,701.0041153251078,712.4436701235976
19,0.13671875,89.65992572684443,160.7638100967539,225.0529730648549,283.18053589096445,335.7370385703998,383.2564247223131,426.22146327214296,465.06865282993715,500.1926565405597,531.9503118771723,560.6642560747823,586.6262040872871,610.0999122706045,631.3238580435876,650.5136627011643,667.8642819851042,683.5519867118587,697.7361536114329,710.5608844403628,722.1564699950064
20,0.13632812500000002,90.80859674201699,162.82192830692634,227.93298740433582,286.8035053628094,340.03167791518,388.15832071730574,431.67239509000535,471.01598907187775,506.5888150055899,538.7522733655051,567.833125875213,594.1268160400997,617.9004710634586,639.3956159450079,658.8306273615054,676.4029522905552,692.2911139822384,706.6565257010484,719.6451305403225,731.388884149082
21,0.13593750000000002,91.94274226813394,164.85700102607476,230.78303343340275,290.39058725134345,344.2852369320859,393.01452019968116,437.0734974465791,476.90978082497156,512.92808193443,545.494323669219,574.9393579369047,601.5623270640302,625.6337029310777,647.3980348568888,667.0764340963401,684.8688201848307,700.9559519945753,715.5012641686327,728.6525274593636,740.5433500161433
22,0.135546875,93.02080820985321,166.7884699222402,233.4857093559262,293.7903796948154,348.31525006887523,397.6143113627432,442.188436732612,482.49048408086173,518.929903247378,551.8768988576804,581.6661929322306,608.6004263175394,632.953233735976,654.972024005253,674.8804936989767,692.8808998200767,709.1561146408709,723.8714836290085,737.1765052110292,749.2063496193971
23,0.13515625,94.08378976742675,168.69599440684917,236.15724308738214,297.15287736994526,352.30257241166794,402.16661577758333,447.25159597929786,488.01554852500954,524.8726094325174,558.1972227901631,588.3279450280455,615.5708845893313,640.2028118308529,662.4739708939962,682.6106220560231,700.8173403845211,717.2790940903757,732.1631237254026,745.6206411860315,757.7883659606423
24,0.134765625,95.08958830806823,170.4978357570571,238.6784131990445,300.3242504740872,356.0617452636936,406.4572094669307,452.02265576443136,493.2210136473669,530.4708391100232,564.1505700996186,594.6023728157375,622.1356187952688,647.0300283543484,669.5385126419118,689.8897432043225,708.2904752040636,724.9276479597919,739.9702841915837,753.5712071434182,765.8685932085243
25,0.134375,96.0797668233702,172.27487068633698,241.16731524323725,303.45697910892875,359.7766826509485,410.6985993517253,456.7400647183504,498.36883135655876,536.0078211338761,570.03942196641,600.809372776751,628.6302761272332,653.7847740908704,676.5284197729962,697.0922735961393,715.68525072002,732.4962434865008,747.6960404833225,761.4390615931454,773.8649268318015
26,0.133984375,97.01174711548443,173.94430621740145,243.5030921322028,306.3950429099284,363.2592189237443,414.6733798746187,461.1598884802822,503.1910320159868,541.1938272465023,575.5543619160491,606.6217188071479,634.7115231180348,660.1091494497165,683.0726213113498,703.8352326268817,722.6079179167148,739.5813952988308,754.9281041249244,768.8039568140055,781.3499228620923
27,0.13359375,97.92759582756271,175.58811156967528,245.80552483284163,309.29317212473785,366.6960432600795,418.5973153881192,465.5242733168707,507.95366550826793,546.3165475640789,581.0026616132109,612.3643959659536,640.720365293018,666.3586475697767,689.5397108209787,710.4990593359162,729.4496262343602,746.5839367308097,762.0760641053483,776.0833981226125,788.7482440419852
28,0.133203125,98.78432084012707,177.1225671585664,247.95230693645942,311.99339638778355,369.8965731927738,422.2501539902854,469.58604608897247,512.3851663145845,551.0823337726947,586.0706906845174,617.7056981545622,646.3087483707837,672.1704301917605,695.5534816330595,716.6954592737414,735.8111517462937,753.09476189444,768.7218798125407,782.8512666890014,795.6264677579362
29,0.1328125,99.62442759929559,178.63060834265931,250.06472015963237,314.65245753825127,373.0499852130196,425.8505847827778,473.59067732098237,516.7552720336272,555.7828935997494,591.0700374065556,622.9751977944863,651.8225102617057,677.9050444904515,701.487781801995,722.8103072218438,742.0892435024078,759.5204518709199,775.2810218915255,789.5310705272931,802.4153688568553
30,0.13242187500000002,100.4045763020305,180.02771793277518,252.01919724531834,317.1106786526999,375.9635737520907,429.17584897818784,477.28813606731785,520.7892398559906,560.1211113302408,595.6833409907641,627.8372201681856,656.9094124762619,683.1952729638231,706.9618490296021,728.450593612592,747.879818268763,765.4469111208017,781.3303422585615,795.6914768416078,808.6762145058573
31,0.13203125000000002,101.16764569979273,181.39766961633578,253.93833374396002,319.5265715838641,378.828711031765,432.4472233382752,480.9268387191215,524.7600792745402,564.3922625868934,600.2260259339774,632.625416913621,661.9195920576595,688.4061608627245,712.3542093644222,734.0070339016238,753.5846128427278,771.2858414238217,787.2905524338641,801.7613431456023,814.8452272304386
32,0.131640625,101.87001516542057,182.65527897556427,255.69749216403935,321.73899917086186,381.45086566150275,435.439785845058,484.2542822697368,528.390294080231,568.2962226857567,604.377490726111,637.0006626722983,666.4971698717318,693.1666781469897,717.2801325119171,739.0825099623,758.7953083568549,776.6187967389417,792.7340500059564,807.304788475225,820.4790412178281
33,0.13125,102.55487059334438,183.88502877383826,257.4203927421558,323.90799871578054,384.0233103221888,438.37705949613814,487.52144566032456,531.955744375037,572.1313794778202,608.4565092989743,641.3001733582065,670.9960416851467,697.8458046982631,722.1222382361212,744.0719748055104,763.9180092000336,781.8619639825235,798.0861378776364,812.7553577545771,826.0186531931146
34,0.130859375,103.17837779445848,185.00119871876274,258.98151994678926,325.87122130591285,386.349987795204,441.03230591892975,490.47374325414796,535.1766085504003,575.5950622365585,612.1397339582651,645.1818961102366,675.0572367297802,702.0692703497165,726.4924218210119,748.5748144591829,768.5407908918334,786.5931922824701,802.915419131595,817.6732944693598,831.0167485518891
35,0.13046875,103.78396324633195,186.0888504313565,260.50552799428857,327.7899829946313,388.62577327534433,443.6309497501485,493.36432959626643,538.3311719863515,578.9883109494441,615.7487965170747,648.9860910980213,679.0378637242428,706.2094205509085,730.7768066186744,752.9896103125977,773.0734990095254,791.2325117115242,807.6511319874827,822.4961621519182,835.9184179001328
36,0.130078125,104.32764679585706,187.0618599358351,261.8662168767263,329.5009734907621,390.6533860855816,445.94478596627715,495.93692909282083,541.1377192948169,582.0063757372852,618.9581019096416,652.3683056543758,682.5764140914284,709.8893224659276,734.5845123223249,756.9128707074132,777.101239097405,795.3547180094135,811.8587507567051,826.7810073951007,840.2730881841657
37,0.1296875,104.85302851208144,188.00573649758405,263.1889825028353,331.1665387534006,392.6290033109143,448.20079307767907,498.44648132902125,543.8765317760793,584.9524842336707,622.0916435407161,655.6713191425594,686.0326584119181,713.4841124803843,738.3045699490214,760.7461902338026,781.0369653319777,799.3830360714027,815.9707864049017,830.9687368952009,844.5292568062736
38,0.129296875,105.3160500862079,188.83408524651887,264.34713497380085,332.62265892739316,394.35442502412195,450.16965132140626,500.63541597418345,546.2644347401393,587.5202774367378,624.8220811825694,658.5488104154041,689.043107965165,716.6147765785485,741.5439266366618,764.0838220676521,784.4634534230273,802.8898643232143,819.5502549540408,834.6138838618684,848.2337875530825
39,0.12890625,105.76041796373836,189.63273126323872,265.46661856157675,334.0324595703381,396.02682771750443,452.07954308766426,502.76006452231206,548.5832731721431,590.0147029760255,627.4752701258047,661.3455493190116,691.9696402441841,719.6586633997167,744.6939209208168,767.3297544426662,787.7961290356664,806.3009694991487,823.0322727793085,838.160017840557,851.8378925731805
40,0.12851562500000002,106.14206365991046,190.3151420758417,266.42044893529584,335.2314643190131,397.44739801345855,453.70038770315443,504.5619593438034,550.5488500497131,592.1282654988414,629.7226301591124,663.7138807271916,694.4473474120467,722.2352627681464,747.3599341030349,770.0766117113961,790.616082133076,809.1870128454659,825.9780722578432,841.1598464227023,854.8865721220926
41,0.12812500000000002,106.50473256193351,190.9673261702664,267.3349244264318,336.38332665912924,398.8140075973171,455.26121937073606,506.29842832235323,552.4441391325059,594.1671620440806,631.8913755792506,666.0000328688529,696.8396553403069,724.7235531334477,749.9350081700806,772.7301521282503,793.3405685620985,811.9756456375138,828.8247034165247,844.058917170079,857.8330564393076
42,0.127734375,106.80441386672307,191.5027467460339,268.08296186744604,337.3233670843703,399.92753592242957,456.53155098233293,507.71050476816725,553.9843589787579,595.8232347543665,633.6521925635515,667.8555524424708,698.7807995044554,726.7421146713542,752.0235668794313,774.8819992122512,795.5496383417569,814.2364538520881,831.1322914629662,846.4088017016952,860.2211838040957
43,0.12734375,107.08482454062896,192.00746322383233,268.7910191043038,338.2155149029526,400.9862450263985,457.74091567804885,509.0561164579504,555.4531760785633,597.4034582145893,635.3331501279183,669.6275924335781,700.6351939865259,728.6709714661763,754.0197497804879,776.9390557137157,797.6617342185747,816.3983139660335,833.3391462161256,848.6563386064455,862.5055036855579
44,0.126953125,107.30207936654051,192.39506798250855,269.3321101938268,338.8951415341392,401.79101440893254,458.65877554117424,510.0761972313728,556.5656640184815,598.5994876112511,636.6047090654778,670.9674391623163,702.0367821219264,730.1283827887792,755.5276337137193,778.4925747354696,799.2565145811583,818.030401183618,835.0049648446087,850.3526558935114,864.2293967139314
45,0.1265625,107.49979943291659,192.7515385958264,269.8326573859439,339.52619917941206,402.5401905474963,459.5148084698165,511.02887674323085,557.6057442603113,599.7186013181272,637.7952867677312,672.222634540445,703.3504036971179,731.4948317234956,756.9418473340514,779.9499753314244,800.7529630367325,819.5621550059581,836.5686401892615,851.9451932133411,865.8480296909183
46,0.126171875,107.63429280336887,192.9907299040663,270.16596783668155,339.94436412902746,403.03496015142946,460.0787813847675,511.6553890419831,558.2887850219423,600.4527433303853,638.5756271430383,673.0447426303657,704.2102748252885,732.3888457928847,757.8667316435352,780.9027710920958,801.7309951755265,820.5630049087664,837.5901210832534,852.9853279244849,866.9050305428357
47,0.12578125,107.74901741453078,193.19840503778377,270.45823322533903,340.3133586137369,403.4734482133057,460.5801626728634,512.2136674810181,558.8985247436234,601.109021754287,639.2739892561638,673.781158026499,704.9810980285695,733.1907799388996,758.6967953969336,781.7582685970704,802.6094888073426,821.4622905907065,838.5082059421637,853.9204100715757,867.8554807827092
48,0.125390625,107.80054194111504,193.28881406475062,270.5832490774819,340.46941708064713,403.6574551192536,460.78937901671173,512.4456452560862,559.1510651221283,601.380144391341,639.561907853488,674.084259869475,705.2979263244068,733.5200182951702,759.0372540342747,782.1088720218889,802.9692647457262,821.8303600292538,838.8837741507534,854.3027585026637,868.2439597567997
49,0.125,107.83209417967375,193.34737346383773,270.66678196082427,340.57577937707606,403.78457890680295,460.9353354731401,512.6086616824435,559.3295240161997,601.5725754471108,639.7669773838333,674.3007595961932,705.524762395985,733.7562009043479,759.2818877818968,782.3611470638795,803.2284487080505,822.0957906506891,839.1548526031623,854.578943334837,868.5247614089026
50,0.124609375,107.80057039636823,193.28886077416368,270.583310407805,340.4694906821544,403.65753933708106,460.7894725959,512.4457471888442,559.1511745643181,601.3802606148562,639.5620302180434,674.0843878038539,705.2980593149116,733.5201558769779,759.0373957854296,782.1090175584292,802.9694137179454,821.830512118411,838.8839290664293,854.302915980199,868.2441195551154
51,0.12421875,107.7489015854416,193.1982141003311,270.4579819220238,340.31305670684986,403.47310273529445,460.57977904756297,512.2132501041225,558.8980773007188,601.1085474076792,639.2734907625334,673.780637813168,704.9805582489978,733.1902225125722,758.6962220409688,781.7576808511328,802.6088880546492,821.461678075481,838.5075827850397,853.9197772825389,867.8548392727067
52,0.12382812500000001,107.63437813488139,192.9908699761751,270.16615175472685,339.944584846931,403.0352127067115,460.07906201409315,511.65569472318566,558.2891132235874,600.4530918689745,638.5759940984201,673.0451262894984,704.2106736476214,732.3892583844267,757.8671567388458,780.9032075396703,801.7314419265873,820.5634610073974,837.5905856584747,852.9858001825614,866.9055097607567
53,0.1234375,107.499568000809,192.75115709448846,269.83215527500926,339.52559596552345,402.5395002821384,459.5140419899867,511.0280428314622,557.6048502802123,599.7176535877303,637.794290794599,672.2215951740728,703.3493252398295,731.493718010139,756.9407017951626,779.9488010429975,800.7517627621957,819.5609312310473,836.5673951527931,851.943928933074,865.8467479867465
54,0.123046875,107.30222146659862,192.39530124065047,269.33241646956475,338.89550909470177,401.79143499087667,458.65924287771946,510.0767062898506,556.5662105833308,598.6000680462624,636.6053201729325,670.9680780893613,702.0374463029356,730.1290699021666,755.5283416519688,778.4933015807937,799.2572585868354,818.0311607575741,835.0057385362136,850.3534423807766,864.2301947926524
55,0.144921875,58.12999807412761,104.22849373384267,145.9086043728409,183.59391586428353,217.66734942671425,248.47509848517382,276.33016421081834,301.51554326897656,324.28710649148985,344.8762000707448,363.4919967532266,380.3236213740353,395.54207245851995,409.3019595952234,421.7430742561281,432.99181000405645,443.16244658605785,452.35831099037625,460.672827136513,468.19046503573963
56,0.14453125,59.90952040986019,107.42005195464738,150.37704658102552,189.2169354008116,224.33432060024657,256.0859811992743,284.7944989430776,310.7515368734754,334.22080339265784,355.4407319329901,374.6269036298548,391.9742377149932,407.6589718644007,421.8404527378175,434.6627548938222,446.25614449516644,456.7384027373532,466.216022474237,474.78529006917444,482.53326363545375
57,0.12265625000000001,107.08447785831258,192.00689173888355,268.79026694816247,338.2146112968525,400.98521101956055,457.73976750428284,509.0548672734256,555.4518369138591,597.4020385339949,635.3316581816111,669.6260354859406,700.6335784822802,728.6693031497499,754.0180337906575,776.9372966581468,797.6599362367135,816.3964807813477,833.337281182201,848.6544447457308,862.5035837241074
58,0.12226562500000002,106.80461249960321,191.50307280136295,268.08338998792334,337.3238808700895,399.9281238232019,456.53220423898176,507.71121634654065,553.9851229867724,595.824046109661,633.6530467965705,667.8564455656141,698.7817279315324,726.7430751572067,752.024556478082,774.8830152428714,795.5506783625962,814.2375156375409,831.1333729851181,846.4099011124351,860.2222994199457
59,0.1453125,56.343363908833176,101.02578229200917,141.4257109732311,177.9536059655804,210.98058225367458,240.8421821436534,267.8417858148036,292.2536949674368,314.32592056532013,334.2827030550844,352.3267908595869,368.641500403223,383.3925785865579,396.7298867469932,408.7889232103534,419.69219986753245,429.55048682511034,438.4639378028725,446.52310758402933,453.8098720263358
60,0.12187500000000001,106.50427113827317,190.966565537979,267.33392332195115,336.3821239749212,398.8126313495375,455.259691166515,506.29676567262726,552.4423567190903,594.1652724640724,631.8893898137296,665.9979605867816,696.8375051196622,724.7213326200683,749.932724203674,772.7278108415807,793.3381754647119,811.9732056852777,828.822221072979,844.0563964580114,857.8305009870016
61,0.0,106.14231852694807,190.31556043665034,266.42099825468046,335.23212355540215,397.44815234810284,453.7012258983986,504.5628723752386,550.5498303581111,592.1293065637313,629.7237262460883,663.715026720061,694.4485387095273,722.2364952063749,747.3612039019425,770.077915431025,790.6174166401642,809.1883752840441,825.9794600255598,841.1612571478898,854.8880036443128
62,0.0,105.7598425513969,189.63178272336532,265.465370142624,334.03095977370145,396.02511148112524,452.0776373569697,502.75799113449443,548.5810504362404,590.0123466012665,627.472793806072,661.3429651118561,691.9669588466197,719.6558943462651,744.6910727407094,767.3268347835008,787.7931447678391,806.2979268025904,823.0291772199821,838.1568744347838,851.834705845326
63,0.170703125,-71.62114840991183,-128.41826110484166,-179.77147408426424,-226.20272861845916,-268.1838394313949,-306.14135764965135,-340.4609328074417,-371.49124328465416,-399.5475444746525,-424.91487444663977,-447.85095119312246,-468.5887916853508,-487.3390796147447,-504.29230606692005,-519.6207049092197,-533.4800026974345,-546.0110008120431,-557.3410059025761,-567.5851233109522,-576.8474264504297
64,0.1703125,-70.0302404538613,-125.56726253440648,-175.78163190626162,-221.18341477477583,-262.23383144952345,-299.3499132091371,-332.9087285211674,-363.25120965696493,-390.68561459421727,-415.4906579410959,-437.918342091087,-458.19651723131756,-476.531196055214,-493.10864667768163,-508.09728494376265,-521.64938544217,-533.9026285088615,-544.9814989251997,-554.998550649125,-564.0555502587931
65,0.169921875,-68.40171287364763,-122.64573750566052,-171.6905683610334,-216.03468654387285,-256.1286990332006,-292.3799834556834,-325.1568542133226,-354.79231634094975,-381.5874542277879,-405.81449320763863,-427.7195665850788,-447.5252169693112,-465.43265758829745,-481.62381673988625,-496.2631861824777,-509.4994923838862,-521.4672075395923,-532.2879157158314,-542.07154813464,-550.9174999867328
66,0.16953125000000002,-66.75705759078807,-119.69831653952045,-167.5657057675242,-210.84544798056362,-249.97720473504884,-285.3585147568637,-317.3488222064668,-346.27312423795274,-372.42527099369113,-396.0709501402279,-417.450385668862,-436.7807782359978,-454.2585116802272,-470.0611481115163,-484.34923177138637,-497.26792007488245,-508.94845830774193,-519.509512948411,-529.0583772888305,-537.692061432985
67,0.16914062500000002,-65.07680684805213,-116.68410305992444,-163.34492821271857,-205.53353462260245,-243.67862672059601,-278.1677804870318,-309.35140727796824,-337.54632531390496,-363.0389837298937,-386.08837537279794,-406.9286693397021,-425.77159073326266,-442.8085720618,-458.21269831514206,-472.14046550834587,-484.7333706957585,-496.1193495414285,-506.41407605440037,-515.7221378307861,-524.1380985785091
68,0.16875,-63.38094014888187,-113.64480435927678,-159.0914053764423,-200.1823726864957,-237.33513116645142,-270.9271140137054,-301.29958684500343,-328.76111057534206,-353.5906744163146,-376.04052942182904,-396.33875077309585,-414.69155468814824,-431.28539334108143,-446.28884904898,-459.8543469021953,-472.1197033198105,-483.20952616654813,-493.23648064273124,-502.3024339357372,-510.499490092747
69,0.168359375,-61.65155709157091,-110.54255016646034,-154.74742199873816,-194.71546485392545,-230.8528195840848,-263.5266629094682,-293.0689628316374,-319.77986224635555,-343.9307333509555,-365.7669371573491,-385.51031748348964,-403.36145546078603,-419.50170770288275,-434.09504900706435,-447.28973833948424,-459.21982516275415,-470.0065113419068,-479.75938246776826,-488.5775212439578,-496.55051408514976
70,0.16796875,-59.90709389250961,-107.41606013123906,-150.37179757317855,-189.21063068542395,-224.32710402691603,-256.07796329229006,-284.7857693481332,-310.7421710921479,-334.21086662431344,-355.43028143330395,-374.61599021503986,-391.96290677884923,-407.6472641386681,-421.82840487703163,-434.6503999046917,-446.243512141826,-456.7255198958376,-466.20291336730696,-474.7719765671956,-482.5197654680758
71,0.16757812500000002,-58.13124509932957,-104.23054866862239,-145.91130646965735,-183.5971579411082,-217.671054116569,-248.47920629670008,-276.33462725837677,-301.52032177440253,-324.2921666684242,-344.8815127887324,-363.49753660722945,-380.32936600260405,-395.5480020551105,-409.30805653224814,-421.74932274665827,-432.9981958746126,-443.16895709759234,-452.3649346150895,-460.6795534598205,-468.1972846173859
72,0.16718750000000002,-56.34087523968768,-101.02168812568709,-141.42032735840837,-177.94713960505104,-210.97318074758877,-240.83395890225856,-267.83283282041526,-292.2440896813746,-314.3157298704491,-334.2719856765059,-352.31559890981623,-368.62988042816283,-383.380572346863,-396.7175318192355,-408.7762534295385,-419.67924574304703,-429.5372759042227,-438.450494913682,-446.50945514297115,-453.7960302560108
73,0.166796875,-54.521298949301894,-97.7578312354779,-136.8502063029632,-172.1957575420791,-204.15365568552144,-233.04861278208048,-259.17420374140545,-282.795858840916,-304.15356498740283,-323.4643061395759,-340.92426888854186,-356.7108362389234,-370.98439006638836,-383.88994070855364,-395.5586002733924,-406.10891475860967,-415.64806844882116,-424.2729728275262,-432.07125120186777,-439.1221288801824
74,0.16640625,-52.68778305826955,-94.47154802967918,-132.25079729004884,-166.4092669815591,-197.29395216826217,-225.2186060592648,-250.46691753397624,-273.2953891228236,-293.93594109821197,-312.59826679958064,-329.4719625386292,-344.7284535697183,-358.52273554733904,-370.99494912681484,-382.27180364312426,-392.467864407332,-401.6867166060711,-410.02201761438624,-417.55844853920655,-424.3725744925231
75,0.166015625,-50.82728492748737,-91.13437834616694,-127.57809308306841,-160.52884382058303,-190.32146717563978,-217.25867526322912,-241.61415245507496,-263.6353452594403,-283.5459806242409,-301.54834104539543,-317.8253207279638,-332.5422842909392,-345.84874710828296,-357.879894492371,-368.75795518116377,-378.59344320446326,-387.4862806796243,-395.5268129436242,-402.79672646921864,-409.36987872775677
76,0.16562500000000002,-48.95345014872864,-87.77573967968547,-122.87734611228149,-154.61480337006728,-183.31051065823908,-209.2559824945229,-232.71480045917798,-253.92528692587373,-273.1029244502283,-290.44254409063416,-306.1203043166961,-320.2954804542074,-333.11208270488476,-344.7003191394064,-355.17791846689795,-364.6513260928199,-373.21678552514777,-380.9613161004384,-387.9635970888618,-394.2947669926009
77,0.16523437500000002,-47.0548989279215,-84.37040287185128,-118.10926371850636,-148.61440628950598,-176.19581679253443,-201.1337406491193,-223.6815496920975,-244.06832511644328,-262.50118894083204,-279.1674102937523,-294.23630898484413,-307.86097626736756,-320.1798304717993,-331.3180234393803,-341.38871207020975,-350.49420802154816,-358.7270171708192,-366.17077940245935,-372.90111840017795,-378.98640991541976
78,0.16484375,-45.14363458348251,-80.94458752987572,-113.31442701161583,-142.58193498384014,-169.044417676994,-192.97070142363603,-214.60385408168133,-234.16365039266867,-251.84880293732894,-267.8389800779581,-282.2966308187289,-295.3686349660376,-307.18779521565494,-317.8741862822964,-327.53637472013486,-336.2725218979461,-344.1713812445556,-351.3131998804918,-357.7705339214247,-363.6089855692885
79,0.164453125,-43.20995769218383,-77.47633436548946,-108.45831844833324,-136.47081613611775,-161.79848525131,-184.6986724042961,-205.4040462085063,-224.1249693194712,-241.05163945985137,-256.3560236355779,-270.1936061822226,-282.70496893183986,-294.0172197404769,-304.2452840032237,-313.49307230257693,-321.854536166078,-329.41462259384434,-336.25013705106556,-342.43052382612495,-348.01857152005516
80,0.1640625,-41.264210798063274,-73.98862468160418,-103.57678526112679,-130.3292155652571,-154.51767042520004,-176.38787347797538,-196.16200406652362,-214.04095042388565,-230.20634875580012,-244.82242769311566,-258.03767629016227,-269.98635235603393,-280.78984630848475,-290.557914359795,-299.3897935074116,-307.3752097256821,-314.5952895129079,-321.1233840382755,-327.0258143866387,-332.3625453057843
81,0.16367187500000002,-39.29838983501458,-70.46280297107619,-98.64013831700406,-124.11679787925053,-147.15167217358155,-167.97881218984813,-186.80982456439767,-203.83602904976988,-219.23040580185653,-233.14935454365732,-245.7342843913135,-257.11305098880973,-267.4012557267394,-276.7034203474523,-285.11404889324353,-292.7185878954596,-299.5942944947717,-305.81102130858653,-311.43192615185137,-316.5141136596506
82,0.16328125000000002,-37.32116060483393,-66.91857676257986,-93.67943564966987,-117.87553798316969,-139.75266816908874,-159.53306826133976,-177.41768650394485,-193.58821486680728,-208.20893311119445,-221.42837690818402,-233.38084640315734,-244.18777039227047,-253.95893984015603,-262.7936232206226,-270.78157495816436,-278.00394728176815,-284.5341146680493,-290.4384192326289,-295.77684476722646,-300.60362610415643
83,0.162890625,-35.326226719709105,-63.34062306115831,-88.66986226791967,-111.57140054607443,-132.27796191457332,-150.999940853547,-167.92755574067547,-183.23278842478473,-197.07113477252872,-209.58318606726385,-220.89605816334154,-231.12468337270542,-240.37297837163402,-248.73490008485425,-256.2954002960828,-263.1312887881062,-269.3120137172305,-274.90036714534574,-279.9531230291543,-284.521613986531
84,0.1625,-33.320563892525065,-59.7453452594019,-83.63763915260323,-105.24010488036352,-124.7721774420048,-142.43227462762027,-158.3998037351485,-172.83698031593192,-185.89047437963706,-197.69289960662778,-208.36416015247426,-218.0126685661434,-226.73644706953723,-234.62412333326932,-241.75583081407584,-248.20402286472736,-254.0342088020319,-259.3056193932598,-264.0718086463117,-268.38119785180675
85,0.162109375,-31.29959313719152,-56.12077652655331,-78.56286375181213,-98.85396823954501,-117.20028866862845,-133.78823859693154,-148.7863548410497,-162.34701616304048,-174.60799437737904,-185.69385554655497,-195.7172262599621,-204.77993828038706,-212.97406333793035,-220.3828486650084,-227.08156279728175,-233.13826033386025,-238.61447336266374,-243.56583656919943,-248.04265251056984,-252.09040263621492
86,0.16171875000000002,-29.26858930972778,-52.47999080617538,-73.46687953495028,-92.44239923198352,-109.59929713739905,-125.11186083214814,-139.13768003559142,-151.8192437563991,-163.28538609854596,-173.65259427136297,-183.02619155738188,-191.50140709429306,-199.16434321825773,-206.09285013936454,-212.35731678665877,-218.0213859189132,-223.14260068254507,-227.77298916690037,-231.95959301966332,-235.74494532761807
87,0.16132812500000002,-27.224697867070507,-48.814395851565735,-68.33472703369674,-85.98411032580636,-101.94190112359857,-116.37024462699847,-129.41573622051214,-141.21091662293213,-151.87562116283388,-161.51819861036282,-170.23661262819795,-178.11943741296315,-185.24675778077597,-191.6909829106348,-197.5175820315398,-202.78574962367304,-207.54900682855606,-211.85574517060806,-215.74971824440783,-219.27048620181665
88,0.1609375,-25.171484689502375,-45.133716022622565,-63.182839329391975,-79.50215412095721,-94.25742267621678,-107.59853362859762,-119.66101612743097,-130.56741293142943,-140.42852358639314,-149.34452921609034,-157.4060098293808,-164.69486431640448,-171.28514236412627,-177.24379668280037,-182.63136313916507,-187.50257576547628,-191.90692281040234,-195.88914946176894,-199.4897124722077,-202.7451911416868
89,0.160546875,-23.107824087720505,-41.43274692088046,-58.00122312511925,-72.98167115069722,-86.52632655735314,-98.77281617135542,-109.84556790614496,-119.85708006952346,-128.90906672716005,-137.0934922912207,-144.49350644504133,-151.184289244243,-157.23381510607825,-162.7035435064799,-167.64904341897483,-172.12055793120234,-176.1635147125446,-179.81898751003502,-183.12411349081015,-186.1124705102011
90,0.16015625,-21.03556746570603,-37.71784832452016,-52.801375770327155,-66.43932245465663,-78.77021010197932,-89.91929728120506,-99.99984359596779,-109.11425660339408,-117.35513044659284,-124.80618569203176,-131.5431194073125,-137.63437395301463,-143.14183218775122,-148.12144608577952,-152.6238051096108,-156.69465016906724,-160.37533830777178,-163.7032628181306,-166.71223317631103,-169.4328184927846
91,0.15976562500000002,-18.95531972711664,-33.987211713969884,-47.57828555643171,-59.86669955329392,-70.97733469239257,-81.02308721622225,-90.10602570885867,-98.31843260336765,-105.74374386721168,-112.45739775246963,-118.52760175261817,-124.0160258602567,-128.97842928226825,-133.46522702554415,-137.52200212481637,-141.18996880398015,-144.5063912141014,-147.50496199202124,-150.2161446145782,-152.66748286589691
92,0.15937500000000002,-16.86721493370238,-30.243822460548618,-42.338496347131965,-53.274046203873446,-63.16153961063581,-72.10141193265514,-80.18447859028366,-87.4928540345066,-94.1007842326838,-100.07540010327384,-105.47739905348817,-110.36166138136367,-114.77780769840255,-118.77070296906746,-122.3809122463802,-125.64511278857593,-128.59646666468453,-131.26495761389896,-133.67769570414444,-135.85919272100418
93,0.158984375,-14.773587644911206,-26.489270704695915,-37.08198573949329,-46.65941786618509,-55.31890094352142,-63.14842655287225,-70.22754656711558,-76.62818525225153,-82.41537182574145,-87.64790205961792,-92.37893608675822,-96.65653874626423,-100.52416805811484,-104.02111682395716,-107.18291185400074,-110.04167495904763,-112.62644931322689,-114.96349449151445,-117.07655330794168,-118.98709300484867
94,0.15859375,-12.672854382737313,-22.723162823110005,-31.810334042666582,-40.02662524688193,-47.45547861308146,-54.172351439213905,-60.24547493203549,-65.7365438223038,-70.70134142010173,-75.19030548518175,-79.24904017359914,-82.91877909956125,-86.23680411617745,-89.23682399966614,-91.94931684519217,-94.401839705729,-96.61930854220837,-98.62425130779684,-100.43703686038947,-102.07608186523416
95,0.158203125,-10.569075772790534,-18.950485181284733,-26.528508216983802,-33.38019077180694,-39.57516949392865,-45.17639562744953,-50.240781671379004,-54.81978282316516,-58.95992128037208,-62.70325967654734,-66.08782881518962,-69.14801426960453,-71.91490586388649,-74.416613607884,-76.67855330753677,-78.72370483105787,-80.57284559317638,-82.24476161658087,-83.75643844276732,-85.12323367130472
96,0.15781250000000002,-8.458953228570422,-15.16746575090002,-21.233122556723995,-26.717486192198603,-31.676244770644043,-36.159761173564064,-40.21357718710716,-43.87887269352068,-47.192882332228386,-50.18927293328181,-52.89848508356735,-55.34804213442173,-57.562829694793336,-59.56534837628031,-61.375942321214445,-63.01300588635911,-64.49317050597304,-65.83147361068791,-67.04151144106078,-68.13557714481044
97,0.15742187500000002,-6.348267166182937,-11.382479409500197,-15.934125693074362,-20.04949388423509,-23.7704160461965,-27.134706020043986,-30.176549176539304,-32.92685230493592,-35.41355884950878,-37.661933448186645,-39.694818934655366,-41.532868596575724,-43.19475612405307,-44.69736539164963,-46.05596201173167,-47.2843484766484,-48.39500440447457,-49.399213298870066,-50.30717723829656,-51.12812049919583
98,0.15703125,-4.232008990168967,-7.588381562453397,-10.62317115713439,-13.36715073568085,-15.84816848062785,-18.09141520159313,-20.119673042499638,-21.953543541168884,-23.61165525364992,-25.110852168822642,-26.466364367483944,-27.691962499260146,-28.800097557252755,-29.80202729421707,-30.70793053047223,-31.52701056381532,-32.26758865737758,-32.937188532571724,-33.54261284817807,-34.09001227919668
99,0.156640625,-2.1176700008144347,-3.7969226970261345,-5.31517392584391,-6.687882157038228,-7.929010367095716,-9.051176688368773,-10.0657866525585,-10.983150985222611,-11.812591291033213,-12.562535256449417,-13.240602523649663,-13.853682248981837,-14.408003195226938,-14.909197068053196,-15.362355747804022,-15.772083068530106,-16.14254160899191,-16.477494955411423,-16.780345992319262,-17.05417144980579
100,0.15625,0.0014606902782225404,0.0024033427329934525,0.0031603786112186926,0.0037958712125112596,0.004344508408559782,0.0048263943935722186,0.005254155360972595,0.0056363635062201935,0.005979269631809368,0.006287697891586521,0.006565556996117909,0.006816132196089756,0.00704224464356093,0.007246358971787144,0.007430671863004608,0.00759713529460688,0.007747488034486111,0.007883318978078388,0.00800604034927964,0.008116933808966305
101,0.15585937500000002,2.1161924475608753,3.794488574782566,5.311973426997595,6.684041768304943,7.924621238599425,9.046308870010874,10.060496555836542,10.977485532063833,11.806590406397214,12.556233438322481,13.234029925792683,13.84686546613623,14.400965828047713,14.90196015832258,15.354938159926425,15.764501755872494,16.134811825096808,16.469630502054414,16.772359343175445,17.046073908872792
102,0.15546875000000002,4.234928105784102,7.593184518400176,10.629487009039378,13.37473658741778,15.8568507580494,18.101060507444135,20.130173211897425,21.964807539893382,23.623604539021628,25.123417838666295,26.479485330740467,27.705584230117385,28.81417116771822,29.816508821660896,30.722780402219467,31.542193108118404,32.283071677324806,32.95294300664302,33.558612577139215,34.10623362520234
103,0.155078125,6.34679186843661,11.38004899738626,15.930930070914698,20.04565934987468,23.766033614882158,27.129845638339418,30.171267172491152,32.92119553054993,35.40756716966387,37.65564130833255,39.6882564420775,41.52606230458686,43.18772959618488,44.69013963627403,46.0485558631449,47.276778861023146,48.387286550753466,49.39136098658667,50.299202920985856,51.120035462630156
104,0.1546875,8.461865557927108,15.172257532564451,21.239423711941253,26.725054395522328,31.68490685742678,36.169384061636634,40.22405296668417,43.89011054433786,47.20480389540467,50.201809467059356,52.91157563841607,55.3616323103166,57.57687071609662,59.57979638102305,61.39075782717019,63.02815330316125,64.50861771000362,65.84719164653458,67.05747416912187,68.1517609810843
105,0.154296875,10.56760498515356,18.948062188030885,26.52532234661512,33.37636794456505,39.57080045537455,45.17155011750787,50.23551585121359,54.8141434049445,58.95394800881311,62.696986892024604,66.08128653203455,69.14122895826881,71.90790101364995,74.4094101602928,76.67117003666665,78.71615860868809,80.5651515990463,82.2369335857364,83.74848878845937,85.11517364285172
106,0.15390625000000002,12.675755414450117,22.727936002065942,31.816610731269456,40.034164069775336,47.46410708735934,54.18193700725956,60.25591010874285,65.74773814359348,70.71321683307032,75.20279351512474,79.26208010659433,82.93231674498523,86.25079088543173,89.25121619835461,91.96407514165928,94.41692864508393,96.63469612284676,98.63990868435624,100.452937992539,102.09220325860565
107,0.15351562500000002,14.772123606383353,26.48685881306024,37.078814461036075,46.655612555932926,55.314551943442005,63.14360329370951,70.22230496037463,76.62257180092391,82.40942609481039,87.6416582322981,92.37242403835744,96.64978482330856,100.51719563883371,104.01394674995562,107.17556280928895,110.0341637340556,112.6187910141072,114.95570278677704,117.06864055058782,118.97907038967534
108,0.153125,16.870100158988173,30.248569612141093,42.344738802719206,53.28154391704096,63.17012105223381,72.1109452790246,80.19485695060153,87.50398744316865,94.11259506502229,100.0878202583618,105.49036814717809,110.37512551613304,114.7917185474555,118.78501707256733,122.39559048343327,125.66011989392393,128.6117708075142,131.2805301028919,133.69351063792652,135.8752267306725
109,0.152734375,18.95386466633993,33.98481458965909,47.57513368759609,59.86291754299856,70.9730123457355,81.01829355270702,90.1008163079448,98.31285368985732,105.73783476706427,112.45119243990374,118.52112991806375,124.00931368544084,128.9714999977424,133.45810134001073,137.5146986025146,141.18250412715804,144.49878039105425,147.49721860277592,150.20828093201357,152.65951001230312
110,0.15234375,21.038432412605786,37.722562085126455,52.80757430795644,66.44676742787223,78.77873120524492,89.92876363247186,100.01014906682282,109.12531186772277,117.36685842910143,124.81851877130417,131.55599762225853,137.64774378212098,143.15564564007582,148.1356600023936,152.63838063999637,156.7095522912346,160.39053541000854,163.71872640673195,166.7279375281631,169.44874039993516
111,0.15195312500000002,23.10638022241753,41.430368211709826,57.99809546035846,72.97791819567871,86.52203744769618,98.76805941375467,109.84039866601094,119.8515442247679,128.9032033056902,137.08733500664815,144.4870847572618,151.17762912948496,157.22693961074108,162.69647317354074,167.64179666331992,172.11315130017664,176.1559630924153,179.8113043704894,183.11631100481353,186.10455970962454
112,0.15156250000000002,25.174324910349604,45.13838906833928,63.18898431564456,79.50953478510552,94.26587020468907,107.6079182875011,119.6712327180264,130.5783729074021,140.4401505423683,149.35675611538787,157.41877722680678,164.70811914897098,171.29883705044685,177.25788843089308,182.6458134282224,187.51734987016275,191.9219893861911,195.90448025593562,199.50528197901943,202.7609763494613
113,0.151171875,27.223267397556253,48.81203917665811,68.33162832969033,85.98039213597096,101.93765178250214,116.3655320277556,129.41061503312685,141.20543231026423,151.8698123961713,161.5120987915052,170.2302509412068,178.11283958818808,185.23994664427232,191.68397880708835,197.5104031971304,202.77841244432608,207.54152604452838,211.84813411955787,215.74198897974804,219.26264964722196
114,0.15078125,29.27140040811844,52.48461589789813,73.47296144915732,92.44970415462186,109.60765801217721,125.12114927744103,139.14779194756514,151.83009150710447,163.29689407154925,173.66469611860072,183.03882844119843,191.5145264916727,199.17789803011055,206.10679800583245,212.37161957520252,218.03600925353552,223.15751353335827,227.78816356495645,231.97500371521588,235.76056954010772
115,0.150390625,31.298178256334126,56.118445493202266,78.55979875095241,98.85029050896941,117.19608561078746,133.783577390879,148.78128958020108,162.341591827147,174.60224922260508,185.6878226117249,195.71093440803173,204.77341295546591,212.96732710954902,220.37592164700607,227.07446301778373,233.13100399085968,238.60707502642998,243.55830942367513,248.03500846997912,252.0826524982607
116,0.15000000000000002,33.32334152231684,59.74991524091977,83.64364858359959,105.24732276105176,124.78043873568176,142.44145250669027,158.40979535398702,172.84769910188749,185.90184562282454,197.70485775024258,208.3766470569437,218.02563232889227,226.74984114563523,234.63790585937485,241.7699641037667,248.21847294339028,254.04894500129825,259.32061407023474,264.0870368453726,268.39663705794595
117,0.14960937500000002,35.32482958353488,63.338321215563255,88.66683563100776,111.56776886954535,132.2738115398504,150.99533814689627,167.92255413921615,183.22743235837942,197.06546202483815,209.57722926396767,220.88984580190348,231.11824057142442,240.36632740804762,248.7280608100418,256.28839050134457,263.12412445751306,269.3047092275573,274.89293550555743,279.94557599503435,284.51396221238156
118,0.14921875,37.32390044302601,66.92308451477739,93.68536323228673,117.88265757376475,139.76081701131372,159.54212128242156,177.4275422791225,193.59878801519972,208.22014994673071,221.44017276769526,233.39316393548307,244.20055839556636,253.9721523953644,262.8072190251799,270.7955168295,278.0182016985985,284.54865137031607,290.45321094568715,295.79186686764456,300.6188563768434
119,0.148828125,39.29701257230729,70.46053381457676,98.63715464584753,124.11321778071695,147.14758080078764,167.97427499880405,186.80489425723476,203.83074944053485,219.2248141450565,233.14348300229707,245.7281610535405,257.10670060804244,267.3947002535025,276.6966793385516,285.10713987474367,292.71152661184317,299.58709510610464,305.8036966278586,311.42448775739103,316.50657204514636
120,0.1484375,41.266908612425695,73.9930632358743,103.5826218312436,130.33622586231678,154.5256942286521,176.3967876663349,196.17170879489004,214.05136163645653,230.21739390480818,244.83404310894178,258.0498054981916,269.9989449334736,280.8028570320968,290.5713025504624,299.403522542715,307.38924658831996,314.60960439675546,321.1379500780799,327.04060732827304,332.37754326758034
121,0.14804687500000002,43.20860241275844,77.47410136857626,108.45538230528402,136.46729309332503,161.79445914748757,184.6942076885602,205.39919476992506,224.11977429082725,241.04613751023945,256.3502464161253,270.18758132821677,282.6987207929923,294.010769905496,304.23865170331675,313.48627477033085,321.8475888808727,329.40753947595977,336.24293069664054,342.42320561712955,348.01115177245237
122,0.14765625000000002,45.146286193328265,80.94895000196067,113.32016351469403,142.58882511408936,169.0523040019156,192.97946296715074,214.61339273590428,234.17388355868164,251.85965931888933,267.85039709782177,282.30855296600356,295.3810126744599,307.2005840270057,317.88734620290325,327.5498697434283,336.28631956071985,344.18545223975605,351.3275177929624,357.7850749030628,363.6237281049975
123,0.147265625,47.05356770735007,84.36820944862865,118.10637959173394,148.61094569108513,176.1918621227492,201.12935525514257,223.67678457314548,244.06322265966676,262.49578517458286,279.16173630889045,294.2303919209678,307.8548400322919,320.1734962581773,331.31151012200985,341.3820365604152,350.48738550850663,358.72006131231916,366.163702557247,372.8939317352655,378.97912355220353
124,0.146875,48.956051448777664,87.78001930958854,122.88297365758753,154.62156265732943,183.31824729075808,209.26457783223904,232.7241582855271,253.93532622822192,273.1135752950077,290.4537450899864,306.1320010090245,320.3076242058276,333.12462989051187,344.71323051166905,355.19115868974296,364.66486330632125,373.2305909656232,380.975363842774,387.9778637270167,394.3092314105803
125,0.146484375,50.82597979283893,91.13222783047884,127.57526535408094,160.52545092589912,190.31758995595493,217.2543758710119,241.60948092481206,263.6303431699124,283.5406833091446,301.54277898818884,317.81952053084075,332.5362693826257,345.842538252026,357.87351017655544,368.75141196878843,378.5867559700529,387.47946279635903,395.5198765128475,402.7896824248634,409.36273698024064
126,0.14609375,52.69033001836625,94.47573818095636,132.25630714905915,166.4158849441259,197.30152711672517,225.2270218767246,250.47608004670045,273.30521903152584,293.94636994114614,312.6092344735416,329.48341571534723,344.74034462276995,358.53502175105456,371.00759203989844,382.2847686537197,392.48112030709257,401.7002352181867,410.035773543012,417.5724188557491,424.38673851202515
127,0.145703125,54.520021899910844,97.75572691595293,136.84743929504268,172.19243754185518,204.14986185473654,233.0444059869808,259.16963297782104,282.7909648172822,304.14838228948804,323.4588645968403,340.91859452452167,356.7049519664697,370.9783161863367,383.88369529320914,395.5521995106507,406.1023731841542,415.64139912933666,424.2661875871485,432.0643607235187,439.1151428470507
128,0.17148437500000002,-74.73014936271119,-133.9927731151408,-187.5751853084108,-236.0219825830587,-279.82545990439934,-319.43068418857285,-355.24004545895747,-387.6173578042388,-416.89156152138906,-443.36006790730914,-467.2917822602577,-488.92983661845005,-508.4940602779159,-526.1832133886846,-542.1770063549635,-556.6379257014809,-569.7128848882053,-581.5347168503301,-592.2235235655551,-601.8878961960116
129,0.17109375000000002,-73.195441796896,-131.2425929713107,-183.7265155901557,-231.18033287287346,-274.0861127143518,-312.87973591449224,-347.9553138362407,-379.6691881758697,-408.3435494353621,-434.269709407145,-457.71106031777106,-478.9057505568375,-498.0691040161318,-515.3958076036912,-531.0618890831425,-545.2265054205405,-558.0335597090102,-569.613163086336,-580.0829566264283,-589.5493064649359
130,0.1453125,56.343363908833176,101.02578229200917,141.4257109732311,177.9536059655804,210.98058225367458,240.8421821436534,267.8417858148036,292.2536949674368,314.32592056532013,334.2827030550844,352.3267908595869,368.641500403223,383.3925785865579,396.7298867469932,408.7889232103534,419.69219986753245,429.55048682511034,438.4639378028725,446.52310758402933,453.8098720263358
131,0.171875,-76.24778110159566,-136.71555688976235,-191.38810636743486,-240.82078773048417,-285.5157731457613,-325.9271208383142,-362.46537737584055,-395.5017444269543,-425.3718482239402,-452.379148562135,-476.798021369719,-498.8765460314034,-518.8390256236532,-536.8882656546452,-553.2076343846144,-567.9629257484928,-581.3040437084643,-593.3665251367992,-604.2729168293763,-614.1340204704669
132,0.0,58.12999807412761,104.22849373384267,145.9086043728409,183.59391586428353,217.66734942671425,248.47509848517382,276.33016421081834,301.51554326897656,324.28710649148985,344.8762000707448,363.4919967532266,380.3236213740353,395.54207245851995,409.3019595952234,421.7430742561281,432.99181000405645,443.16244658605785,452.35831099037625,460.672827136513,468.19046503573963
133,0.0,59.90952040986019,107.42005195464738,150.37704658102552,189.2169354008116,224.33432060024657,256.0859811992743,284.7944989430776,310.7515368734754,334.22080339265784,355.4407319329901,374.6269036298548,391.9742377149932,407.6589718644007,421.8404527378175,434.6627548938222,446.25614449516644,456.7384027373532,466.216022474237,474.78529006917444,482.53326363545375
134,0.229296875,54.52129362214395,97.75782244866697,136.8501954396363,172.19574579098312,204.1536437890087,233.04860106423723,259.1741921807764,282.7958471893458,304.15355285696575,323.46429304234226,340.9242543174974,356.71081969700714,370.98437110194425,383.8899189186132,395.5585753358242,406.10888642355474,415.64803651747013,424.27293718622354,432.07121179045265,439.1220856940244
135,0.22890625,52.68777779465332,94.47153966799851,132.25078781404616,166.40925845725783,197.29394641709936,225.21860458479625,250.46692149636533,273.29539937891377,293.93595823590937,312.5982911493549,329.47199424473075,344.7284926237463,358.5227818361073,370.995002452673,382.27186377466376,392.4679310891736,401.6867895546981,410.0220965675051,417.5585332372829,424.3726646921356
136,0.228515625,50.82727953841243,91.13436942444781,127.57808204031562,160.52883188090726,190.32145511670083,217.25866344015526,241.61414087147324,263.6353336848966,283.5459686818538,301.5483282528828,317.8253065788336,332.5422682852493,345.8487287887539,357.8798734486315,368.7579310825843,378.59341579220205,387.4862497458411,395.5267783659384,402.7966881791467,409.36983671291307
137,0.22812500000000002,48.953444815481824,87.77573116223492,122.8773364104648,154.61479456788987,183.3105045918615,209.25598067710533,232.71480405575323,253.92529679358992,273.10294117418584,290.4425679970036,306.1203355440477,320.2955189884049,333.11212842710376,344.70037184686663,355.17797792372517,364.65139203998825,373.21685767635387,380.9613941914897,387.9636808590593,394.29485619805644
138,0.22773437500000002,47.05489346138736,84.37039378815757,118.1092524585863,148.61439411403893,176.1958045156971,201.13372865824712,223.68153801693728,244.06831354529854,262.5011771086928,279.1673977247431,294.23629517364435,307.8609607116982,320.17981270922365,331.3180030525149,341.38868872024307,350.49418144091817,358.7269871428679,366.1707457962496,372.9010811390378,378.9863689793137
139,0.22734375,45.14362915988398,80.94457882085942,113.31441703433153,142.58192584184064,169.0444112226566,192.97069918110645,214.60385722208846,234.1636597745331,251.8488191438603,267.8390034318122,282.2966614534503,295.36867286229847,307.1878402494525,317.87423824610687,327.5364333739379,336.27258697933956,344.1714524646767,351.3132769734436,357.77061662550733,363.609073640291
140,0.226953125,43.20995213265289,77.47632509267586,108.45830693339497,136.4708036775424,161.79847270102874,184.69866018305336,205.4040343733021,224.1249576783283,241.05162766053525,256.35601120939896,270.19359262569606,282.704953740911,294.0172024480261,304.2452641852512,313.4930496124124,321.8545103277042,329.4145933819996,336.2501043264284,342.43048750396804,348.0185315727969
141,0.2265625,41.2642052797053,73.9886157726306,103.576774996342,130.32920606833966,154.5176635653502,176.38787079090034,196.16200672994583,214.04095929810805,230.2063644224632,244.82245047160458,258.03770630916256,269.9863895911289,280.7898906305528,290.55796555659214,299.389851334762,307.37527391778076,314.59535977828966,321.12346010928906,327.025896000526,332.3626322179554
142,0.22617187500000002,39.298384176166266,70.46279349746867,98.64012653043176,124.11678511670227,147.15165932549607,167.97879971113636,186.80981254002077,203.83601730810912,219.23039400401035,233.14934222860143,245.73427105778984,257.1130361313013,267.4012388736923,276.70340106844225,285.11402683387774,292.7185627713635,299.5942660721386,305.8109894397417,311.4318907440183,316.51407467769053
143,0.22578125000000002,37.32115497429963,66.91856762335199,93.67942505524861,117.87552807873273,139.7526608419846,159.53306506006456,177.41768861390207,193.58822315102617,208.20894815054805,221.4283990194663,233.38087571075414,244.18780686713438,253.95898334842585,262.7936735456449,270.78163185186,278.004010475137,284.5341838671919,290.4384941682811,295.7769251756871,300.6037117405552
144,0.225390625,35.326220947954205,63.34061336281846,88.66985017622123,111.57138743764256,132.27794871950866,150.99992806204904,167.92754346670503,183.23277651801894,197.0711229082246,209.58317379278242,220.89604498026037,231.124668774553,240.37296188284614,248.7348812689294,256.2953787911848,263.13126430172525,269.3119860071868,274.90033605574575,279.9530884592685,284.5215758937357
145,0.225,33.32055814510595,59.745335880927264,83.6376282156115,105.2400945521186,124.77216962861905,142.43227089096663,158.39980526882195,172.83698798610837,185.89048876675213,197.6929210251348,208.3641887226319,218.01270425438202,226.73648973731744,234.624172759551,241.7558867468686,248.20408503180798,254.03427690702048,259.30569316522735,264.07188782055374,268.381282183113
146,0.224609375,31.29958725605826,56.12076660825451,78.56285136086589,98.8539547922939,117.2002751350408,133.78822550276146,148.78634232952143,162.3470041053635,174.6079824631607,185.69384333168648,195.71721324894406,204.77992396583016,212.97404724025606,220.3828303415956,227.0815418787785,233.13823651952526,238.6144464018253,243.56580629761788,248.04261881942162,252.09036547524798
147,0.22421875000000002,29.268583458678226,52.47998120958757,73.46686828375283,92.442388514998,109.59928887911214,125.11185660748939,139.13768104603713,151.81925087095036,163.28539989685933,173.6526150651951,183.02621946248692,191.5014420721922,199.16438512534526,206.09289874982773,212.3573718442209,218.02144714776523,223.14266778347854,227.77306186699658,231.9596710529067,235.74502844817508
148,0.22382812500000002,27.22469188534606,48.814385726874825,68.33471436141737,85.98409656175876,101.94188727753792,116.37023126024111,129.41572350557595,141.2109044525832,151.87560924103045,161.51818650149528,170.23659983961772,178.11942343625395,185.2467421322082,191.69096514130354,197.51756176439486,202.78572654954414,207.54898068806776,211.85571579096273,215.74968550847052,219.27045005149373
149,0.2234375,25.17147873879992,45.13370621343191,63.18282777088091,79.5021430235454,94.25741398289105,107.59852892749193,119.66101662801577,130.5674195055926,140.42853681301634,149.34454940418877,157.4060370901091,164.6948986062423,171.28518353424252,177.24384450243025,182.63141734755646,187.50263608303996,191.9069889349041,195.8892211181118,199.48978939288014,202.74527308005955
150,0.223046875,23.10781800776702,41.432736592553645,58.00121017459046,72.98165707343522,86.52631240319235,98.77280253752244,109.84555499479305,119.85706779527813,128.9090548085793,137.09348030138747,144.49349389428818,151.18427562320187,157.23379992689328,162.70352631394312,167.64902382828555,172.12053562467918,176.16348942200295,179.81895905400066,183.12408174370373,186.11243540594864
151,0.22265625,21.035561409411773,37.71783829156836,52.80136388852109,66.43931095667935,78.77020095001212,89.91929207724664,99.99984355805896,109.11426260679025,117.3551430697863,124.80620524159299,131.54314599001012,137.634407520433,143.14187258592673,148.12149307904087,152.6238584327468,156.69470953869822,160.37540341860492,163.70333339285204,166.71230894586284,169.4328992096911
152,0.22226562500000002,18.955313539277746,33.98720116455817,47.578272302999316,59.86668513188425,70.9773201938988,81.02307327475029,90.10601255709548,98.31842017860698,105.74373190331892,112.45738583182455,118.52758938903348,124.01601254381998,128.97841452132297,133.46521035882802,137.5219831599699,141.1899472149483,144.50636672397877,147.50493441071623,150.21611380809182,152.66744876018126
153,0.22187500000000002,16.86720876446914,30.24381219029601,42.33848412277497,53.274034281121864,63.161529971650694,72.10140619404272,80.184477979305,87.49285943033316,94.1007962138658,100.07541897428816,105.47742491697976,110.36169418421113,114.77784728164166,118.77074909220003,122.38096463978287,125.64517116509563,128.59653071595997,131.2650270603821,133.6777702751986,135.8592721682738
154,0.221484375,14.773581346707434,26.489259928795335,37.08197217503427,46.65940309028874,55.3188860887416,63.148412290820325,70.22753316160058,76.62817266376433,82.41535980391046,87.64789019649139,92.37892389991868,96.65652572546884,100.52415370805775,104.0211006774103,107.18289351109239,110.04165408535471,112.62642562308916,114.96346778617232,117.07652344490121,118.98705990200304
155,0.22109375,12.67284810344262,22.72315231916967,31.810321480026953,40.026612904419736,47.45546849316312,54.17234517328919,60.24547375677793,65.73654862093646,70.70135277130699,75.19032369135434,79.24906533321624,82.91881115470783,86.23684290276924,89.23686927222849,91.9493683295301,94.40189711074558,96.61937155629357,98.62431964899666,100.43711025631647,102.07616006649299
156,0.220703125,10.569069363613584,18.950474176612857,26.52849433765093,33.38017563641367,39.575154277204206,45.17638103905866,50.24076800676969,54.819770066490165,58.95990919741978,62.703247869350825,66.08781680533859,69.14800154669233,71.91489192906434,74.4165979880044,76.67853559522362,78.723684683489,80.5728227158688,82.24473580202459,83.75640953986883,85.12320158978702
157,0.22031250000000002,8.45894683201364,15.16745499992206,21.23310963676479,26.717473406064244,31.676234141696117,36.159754348843556,40.21357541335425,43.87887685856368,47.19289301533538,50.189290435118004,52.89850949870623,55.34807340034525,57.562867642428884,59.56539275525265,61.37599285280222,63.013062275535205,64.49323243786293,65.83154080090961,67.0415836154386,68.13565405287063
158,0.21992187500000002,6.34826064039242,11.38246816529186,15.934111483365605,20.049478369827984,23.770400444801304,27.134691080193758,30.176535226081057,32.926839352366095,35.413546677367314,37.66192166898211,39.69480707437938,41.53285614496618,43.19474257895056,44.69735027414452,46.0559449070518,47.284329033630456,48.39498231982446,49.39918835631636,50.30714927810524,51.12808942286495
159,0.21953125,4.232002474471659,7.588370560009395,10.623157873051339,13.367137497139138,15.848157332489457,18.091407806980538,20.119670658641613,21.953547060843324,23.61166525697526,25.110868954914533,26.466388027120505,27.691992965369582,28.800134655778113,29.80207076984089,30.707980099886154,31.52706592797936,32.267649498048876,32.9372545628386,33.54268379196596,34.09008788484982
160,0.219140625,2.11766335623953,3.796911208326318,5.315159378224137,6.687866254027002,7.928994370015756,9.05116138527898,10.065772404322262,10.983137825232683,11.81257901905603,12.562523495851071,13.24059080511941,13.853670062619111,14.407990035710576,14.909182450790775,15.362339250664807,15.772064332002518,16.14252032092178,16.477470890699816,16.780318982499594,17.054141388050777
161,0.21875,-0.0014673277730583082,-0.0024146024096560626,-0.003174035481481031,-0.003809573224979356,-0.004356188647981871,-0.004834373120221646,-0.005257164394124926,-0.005633504736979833,-0.005969961791937258,-0.006271643205626002,-0.006542668345974954,-0.006786481133836985,-0.007006010185004581,-0.007203801400639017,-0.007382079119071678,-0.007542810499335214,-0.007687752891218673,-0.007818463019475475,-0.007936341650082609,-0.00804264530290912
162,0.21835937500000002,-2.1161992144320405,-3.794500315204276,-5.311988323199057,-6.684058073410648,-7.924637646951041,-9.046324553283108,-10.060511119458571,-10.97749891712656,-11.806602795370441,-12.556245196548875,-13.234041517544183,-13.846877400695641,-14.400978613713614,-14.90197428526154,-15.354954057564274,-15.764519792053163,-16.134832320865588,-16.46965369138738,-16.772385403349702,-17.046102955128834
163,0.21796875000000002,-4.234934869512421,-7.593196044094565,-10.629501051521403,-13.374750769153525,-15.856862989412202,-18.101069091443453,-20.13017686884749,-21.964805365892847,-23.623595951280816,-25.123402540475674,-26.47946323844803,-27.705555419628432,-28.81413582293488,-29.81646720781559,-30.72273281189047,-31.542139848544487,-32.283013073732455,-32.95287935125097,-33.55854415010083,-34.10616068080422
164,0.217578125,-6.346798761795359,-11.380060997931603,-15.93094532798213,-20.045676072566682,-23.76605045243106,-27.12986172136068,-30.171282071965976,-32.921209161391474,-35.407579696007346,-37.65565308376427,-39.6882679254626,-41.526074004308825,-43.18774202331674,-44.69015328643218,-46.048571172973865,-47.27679620667436,-48.38730626218458,-49.39138330669398,-50.29922803592946,-51.120063496148056
165,0.2171875,-8.461872451315088,-15.172269331392226,-21.239438150585432,-26.72506907041076,-31.684919655611562,-36.16939326828424,-40.22405729008736,-43.890109074374955,-47.204796047422924,-50.201794945169276,-52.911554362262834,-55.36160436005461,-57.57683628046325,-59.57975573020279,-61.390711258405325,-63.02810112786127,-64.50856025699726,-65.84712921080713,-67.05740703299803,-68.15168940029159
166,0.216796875,-10.567612010249979,-18.948074458903278,-26.525337979314724,-33.3763851034171,-39.57081774365154,-45.171566623901676,-50.235531111451834,-54.81415730704426,-58.953960697952574,-62.696998709525054,-66.08129793094709,-69.14124044576279,-71.9079131033409,-74.40942335309936,-76.6711847763539,-78.71617527967231,-80.56517054020422,-82.23695504891474,-83.74851296876338,-85.11520067259161
167,0.21640625000000002,-12.675762447209433,-22.72794809173812,-31.816625591194025,-40.03417926939892,-47.46412048944953,-54.1819468782258,-60.25591514404834,-65.74773742620452,-70.71320977589133,-75.20277982262563,-79.26205970135426,-82.93228971112767,-86.2507574163202,-89.25117656898671,-91.96402965383902,-94.41687761432992,-96.63463988156512,-98.63984753028616,-100.45287221018526,-102.09213310514936
168,0.21601562500000002,-14.772130770276041,-26.486871367531055,-37.078830488367174,-46.65563017479381,-55.31456971018122,-63.14362025412619,-70.22232061404318,-76.62258600816178,-82.40943898114041,-87.64167012620355,-92.37243538660914,-96.64979613149454,-100.51720742283497,-104.01395951580417,-107.17557700773946,-110.03417975771552,-112.61880921075254,-114.95572341721294,-117.06866381890757,-118.97909643681876
169,0.215625,-16.870107332537263,-30.248581996471618,-42.344754089990815,-53.281559649285136,-63.17013506742314,-72.11095582430566,-80.19486270816785,-87.50398748871594,-94.11258880873322,-100.08780740487727,-105.49034862189444,-110.37509940708522,-114.79168605262673,-118.78497847181318,-122.39554608318288,-125.66007001389492,-128.6117157838018,-131.28047023610074,-133.69344621486266,-135.87515801008547
170,0.215234375,-18.95387197298297,-33.98482743582372,-47.575150121467196,-59.86293563689898,-70.9730306082802,-81.01831098597235,-90.10083237457725,-98.31286822178551,-105.73784786956216,-112.4512044281373,-118.52114123214608,-124.00932482909234,-128.97151148890833,-133.45811368971854,-137.5147122684399,-141.18251951008614,-144.4987978476952,-147.49723840295084,-150.20830328889144,-152.65953507555363
171,0.21484375,-21.038439735867684,-37.722574780588296,-52.807590046057484,-66.44678372234095,-78.77874586833158,-89.92877489117593,-100.01015558928489,-109.12531272169919,-117.36685302149392,-124.81850680648296,-131.55597902809123,-137.64771865028933,-143.15561417299085,-148.1356224846446,-152.6383373825498,-156.70950361796082,-160.39048166068028,-163.71866788482058,-166.72787452279698,-169.44867317145744
172,0.21445312500000002,-23.10638767880599,-41.43038136281908,-57.99811231978499,-72.9779367885184,-86.52205623384091,-98.76807735056389,-109.84041517827983,-119.85155911521345,-128.90321665862405,-137.08734712333373,-144.48709607068167,-151.17764014112132,-157.22695084032821,-162.6964851369165,-167.64180982495375,-172.1131660689671,-176.15597983399476,-179.81132336371238,-183.11633247197642,-186.10458380919465
173,0.21406250000000002,-25.174332385417973,-45.13840207997673,-63.189000512403496,-79.5095516519483,-94.26588552758814,-107.60793027276173,-119.67124001925748,-130.5783745840262,-140.44014599769517,-149.3567450533,-157.4187595774999,-164.7080950076923,-171.29880662401075,-177.25785200864914,-182.6457713257234,-187.51730241551027,-191.9219369229365,-195.90442309052068,-199.50522040300817,-202.76091062490113
174,0.213671875,-27.223275008390416,-48.81205264215293,-68.33164562848646,-85.98041124519497,-101.93767111244524,-116.3655504901677,-129.41063201412004,-141.20544758260408,-151.8698260225709,-161.5121110588108,-170.2302622748632,-178.11285048712878,-185.23995762980306,-191.68399039972405,-197.51041586805576,-202.77842661053384,-207.54154208060245,-211.8481523134427,-215.74200956295334,-219.2626727871154
175,0.21328125,-29.271408044206435,-52.48462924277934,-73.47297812895998,-92.44972162465622,-109.60767403118943,-125.1211620301404,-139.14780007222842,-151.83009405413432,-163.29689044008828,-173.66468601158843,-183.03881179080034,-191.5145033964253,-199.17786870103274,-206.10676273690137,-212.37157868646372,-218.03596307727173,-223.15746241688473,-227.78810781768422,-231.97494363116473,-235.7605053830549
176,0.212890625,-31.298186028152596,-56.11845928567096,-78.55981650729665,-98.8503101574955,-117.1961055111996,-133.78359640832534,-148.78130706118841,-162.34160751366923,-174.60226315506767,-185.68783506197994,-195.71094579352285,-204.77342377221765,-212.96733788017875,-220.37593289653432,-227.0744752239996,-233.131017578802,-238.6070903796397,-243.55832683922063,-248.03502818865172,-252.08267469641328
177,0.21250000000000002,-33.32334932232829,-59.749928925577116,-83.6436657564261,-105.2473408472211,-124.78045546611976,-142.44146604392668,-158.40980432045384,-172.84770253854134,-185.90184292429947,-197.70484861829215,-208.37663142553566,-218.0256102997496,-226.74981293394038,-234.63787176374132,-241.76992444876848,-248.2184280655588,-254.0488952518038,-259.3205597615534,-264.0869782740862,-268.3965744896671
178,0.21210937500000002,-35.324837516862395,-63.33833533755087,-88.66685384934335,-111.56778906323915,-132.27383201736353,-150.99535772607885,-167.92257212631648,-183.22744846404177,-197.06547626667137,-209.5772418984532,-220.88985723820326,-231.1182513024614,-240.36633795764448,-248.72807170769204,-256.2884022314578,-263.1241374532431,-269.3047238815126,-274.8929521240614,-279.9455948283154,-284.5139834459434
179,0.21171875,-37.32390840577338,-66.92309853893607,-93.68538089884268,-117.88267627753987,-139.7608344550635,-159.54213560612712,-177.42755208905297,-193.59879234261274,-208.22014818156734,-221.44016461042142,-233.39314932183083,-244.20053743045736,-253.9721252982087,-262.8071860993332,-270.795478404187,-278.0181581147459,-284.54860298311223,-290.4531580708341,-295.7918098044516,-300.6187953929169
180,0.211328125,-39.2970206596806,-70.46054825526024,-98.63717331231781,-124.11323850270611,-147.14760183530674,-167.9742951161053,-186.80491272301478,-203.83076593383507,-219.22482866049577,-233.14349578087857,-245.72817249610924,-257.10671120444914,-267.3947105288695,-276.69668982699966,-285.1071510674875,-292.7115389503741,-299.5871089923483,-305.8037123776519,-311.4245056306703,-316.50659223683635
181,0.2109375,-41.266916719801685,-73.99307757087142,-103.5826399533109,-130.3362451367535,-154.52571233064447,-176.39680271379555,-196.17171937837438,-214.0513667779648,-230.2173929900295,-244.83403583752107,-258.04979180809806,-269.9989249333044,-280.8028309459704,-290.57127068696497,-299.4034852361884,-307.3892041845437,-314.6095572553808,-321.13789851845075,-327.04055165282296,-332.37748374627574
182,0.21054687500000002,-43.20861063964015,-77.47411610526396,-108.45540138974965,-136.46731430645633,-161.79448069502254,-184.69422829318898,-205.39921365680217,-224.11979110741518,-241.04615222822298,-256.3502592611508,-270.1875926929852,-282.6987311645009,-294.01077981043323,-304.2386616807458,-313.4862853186014,-321.8476004501671,-329.40755247789286,-336.24294545693004,-342.42322240579097,-348.01117079419043
183,0.21015625000000002,-45.146294438408496,-80.94896463793141,-113.3201820798676,-142.58884494437572,-169.0523227449094,-192.97947871860413,-214.6134040705924,-234.17388948932,-251.85965922693438,-267.85039068217964,-282.3085401670106,-295.38099360455203,-307.2005589152087,-317.8873153632694,-327.54983351565477,-336.2862782956897,-344.18540630184253,-351.3274675054001,-357.78502057165434,-363.6236700022996
184,0.209765625,-47.05357607426749,-84.36822448393258,-118.10639909876465,-148.61096740137455,-176.19188419006665,-201.1293763538676,-223.67680388719057,-244.0632398042979,-262.49580009803,-279.1617492210424,-294.2304032060869,-307.8548501743172,-320.17350578525446,-331.31151957811556,-341.3820464510569,-350.4873962926349,-358.7200734113603,-366.1637163069451,-372.8939474158843,-378.9791413784096
185,0.209375,-48.95605984615512,-87.78003427282508,-122.88299270307348,-154.62158309039205,-183.31826673014987,-209.26459435035918,-232.72417044030422,-253.93533302215786,-273.1135761045286,-290.45373961260526,-306.13198918690824,-320.30760615481137,-333.1246058441898,-344.7132007893002,-355.19112363617415,-364.6648232773902,-373.23054633032393,-380.9753149281556,-387.9778108422022,-394.30917483068447
186,0.208984375,-50.82598831623961,-91.13224319379293,-127.57528532501179,-160.52547318513,-190.31761260367173,-217.25439753171136,-241.6095007397189,-263.6303607208057,-283.5406985196726,-301.5427920515365,-317.8195318220461,-332.536279381923,-345.8425474885156,-357.8735191987353,-368.75142128902456,-378.586766055851,-387.47947407881935,-395.51988933765085,-402.78969708248036,-409.36275369529204
187,0.20859375000000002,-52.6903385738538,-94.47575348306103,-132.25632669193055,-166.41590600186947,-197.30154727844044,-225.2270391906941,-250.47609305332173,-273.3052267225039,-293.9463716873906,-312.60922997079973,-329.48340490733756,-344.7403276285177,-358.5349988086061,-371.00756347363824,-382.28473481361283,-392.4810815539382,-401.70019192564183,-410.0357260419928,-417.5723674587681,-424.3866834968359
188,0.20820312500000002,-54.52003058087656,-97.75574261093726,-136.84745973591143,-172.19246035790283,-204.14988509173148,-233.04442821871405,-259.1696533020511,-282.79098278161945,-304.1483977924194,-323.4588778143997,-340.91860582219306,-356.70496182054603,-370.97832512676104,-383.88370387293423,-395.55220824891137,-406.10238255707793,-415.64140957781655,-424.2661994669447,-432.0643743354765,-439.11515842593803
189,0.2078125,-56.34337263114769,-101.02579794959094,-141.42573103751783,-177.95362767867087,-210.98060317402343,-240.8422002945196,-267.8417997182348,-292.25370360363917,-314.3259232990908,-334.2826995799327,-352.3267811204166,-368.64148452195946,-383.3925568055222,-396.7298593955385,-408.7888906434753,-419.69216245094617,-429.55044493713245,-438.4638917782986,-446.5230577387931,-453.80981864088244
190,0.207421875,-58.1300069161167,-104.2285097682395,-145.9086252953553,-183.5939392521569,-217.66737327032098,-248.47512130665427,-276.3301850635743,-301.51556166567127,-324.2871223047828,-344.8762134589918,-363.49200807196,-380.32363109531167,-395.5420811129685,-409.3019677401301,-421.7430824175715,-432.99181866681664,-443.16245620091144,-452.3583219232776,-460.67283969882874,-468.1904794725601
191,0.20703125,-59.90952928722328,-107.4200679499546,-150.37706714364558,-189.21695774133877,-224.33434224663006,-256.0860001498771,-284.79451370170295,-310.75154640897244,-334.22080706387396,-355.44072943140924,-374.6268949018191,-391.9742228856032,-407.6589511805879,-421.8404265342015,-434.6627235307597,-446.2561083436201,-456.7383621806391,-466.2159778513502,-474.78524169978255,-482.53321180300395
192,0.20664062500000002,-61.650350990228006,-110.54056411126834,-154.74481031997277,-194.71232958537055,-230.84923411889224,-263.5226837470933,-293.0646356858475,-319.7752253834782,-343.9258195538457,-365.76177495366926,-385.5049319660633,-403.3558688724997,-419.4959398560175,-434.0891176180293,-447.283659301879,-459.2136127585069,-470.0001784225319,-479.7529406223127,-488.5709809237826,-496.54388472782915
193,0.20625000000000002,-63.38330978924804,-113.64870398693762,-159.09653270382606,-200.1885289574785,-237.34217400577504,-270.93493393053944,-301.30809515668557,-328.77023281564675,-353.6003465237529,-376.05069538824546,-396.3493611045834,-414.7025653408441,-431.296764925876,-446.3005462290223,-459.8663379149021,-472.13195956763343,-483.2220218736806,-493.2491925716383,-502.31534111864676,-510.5125736093185
194,0.205859375,-65.07563468632516,-116.6821729070937,-163.34239004921034,-205.53048760083826,-243.67514215785576,-278.1639132829682,-309.3472018517142,-337.54181884911486,-363.03420808326564,-386.0833582671873,-406.9234351615945,-425.7661611005691,-442.8029662311821,-458.20693350695956,-472.1345571719573,-484.7273327143813,-496.1131944080812,-506.40781503518565,-515.7157810860007,-524.1316552830616
195,0.20546875,-66.75935781327071,-119.70210194464408,-167.5706829195376,-210.85142394121308,-249.98404129608113,-285.36610563223144,-317.35708131010387,-346.2819792853521,-372.43465980139257,-396.08081834258866,-417.4606852242662,-436.79146639329156,-454.2695502066731,-470.0725027077448,-484.3608716074834,-497.2798173929593,-508.96058808860585,-519.5218526365658,-529.0709065317574,-537.7047618653949
196,0.205078125,-68.40057648212735,-122.64386626854198,-171.68810767730454,-216.03173253153506,-256.12532082370996,-292.3762342642663,-325.1527770959169,-354.7879473409553,-381.5828242262093,-405.80962907924226,-427.7144919717374,-447.5199528298768,-465.4272225933186,-481.61822758629967,-496.257457850751,-509.4936383363128,-521.4612398906604,-532.2818453905967,-542.065384985984,-550.9112529121139
197,0.20468750000000002,-70.03246778170022,-125.57092799601276,-175.7864513668309,-221.18920140772838,-262.24045142335143,-299.35726360330943,-332.9167259759609,-363.25978417817424,-390.69470596956313,-415.50021352873483,-437.9283153733777,-458.2068668135271,-476.5418849179049,-493.11964161001146,-508.10855609434674,-521.6609059340716,-533.9143741167301,-544.9934478091503,-555.0106831021986,-564.0678484981154
198,0.20429687500000002,-71.62004956030339,-128.41645169998623,-179.76909471736184,-226.19987222491383,-268.18057285042903,-306.1377323301967,-340.4569903759318,-371.48701858855054,-399.543067371367,-424.9101709210091,-447.84604410540277,-468.5837013023883,-487.3338239914989,-504.286901350447,-519.6151655872676,-533.4743417899014,-546.005230035524,-557.3351358235836,-567.579163459148,-576.8413854315331
199,0.20390625,-73.19759274466712,-131.24613275014417,-183.73116980754875,-231.18592110572573,-274.0925057176023,-312.886834294749,-347.96303709116984,-379.67746871159915,-408.35232910541134,-434.27893737617825,-457.7206916651478,-478.9157453092057,-498.0794264254324,-515.4064255997091,-531.0727738398414,-545.2376309841014,-558.0449026859487,-569.6247023866695,-580.0946732197174,-589.5611831786734
200,0.203515625,-74.72908968940655,-133.99102823029534,-187.57289078682734,-236.01922803912623,-279.822309786602,-319.4271881043638,-355.2362435447449,-387.61328366095296,-416.88724393947456,-443.3555319438762,-467.28704996057115,-488.9249275276597,-508.48899180885695,-526.1780011147293,-542.1716642497042,-556.632466323111,-569.7073195380225,-581.5290557205711,-592.2177758484543,-601.8820701927012
201,0.203125,-76.24985230326664,-136.7189654427832,-191.39258804797794,-240.82616880081179,-285.5219291498397,-325.93395606604236,-362.4728143088936,-395.50971797810945,-425.38030240393715,-452.3880344220688,-476.8072956565131,-498.88617025585967,-518.8489653652125,-536.8984900340657,-553.2181156464502,-567.9736389027868,-581.3149662303447,-593.3776367193223,-604.2841991485396,-614.1454569911408
202,0.20273437500000002,-77.72290297082745,-139.35900029319856,-195.08746303436823,-245.474659284695,-291.032580971137,-332.22411026982746,-369.46774813225005,-403.14187709910937,-433.58861054540876,-461.11727082075515,-486.00753300215683,-508.51226689978296,-528.8601064038987,-547.2577724869365,-563.8921734516708,-578.9323038884759,-592.5309615982897,-604.8262999167997,-615.9432313072708,-625.9946963840655
203,0.23007812500000002,58.131239846914966,104.2305400370157,145.9112958128627,183.59714641195706,217.6710424217224,248.47919472894114,276.33461577096864,301.5203101012547,324.29215441038843,344.8814994520418,363.49752168413033,380.32934899868803,395.5479825241052,409.3080340783465,421.74929705597276,432.9981667060149,443.16892426105085,452.3648980054272,460.6795130249532,468.1972403602034
204,0.22968750000000002,56.34087003989064,101.02167990921274,141.4203180932365,177.94713133982577,210.97317528964197,240.8339577461263,267.83283712190047,292.2441002974369,314.31574739213397,334.27201043883736,352.31563106290463,368.62991996945584,383.38061916888665,396.71758572950813,408.77631420111913,419.6793131241909,429.5373496141734,438.4505746920059,446.50954073125695,453.79612141125847
205,0.20234375000000002,-79.18454011245007,-141.98098739321048,-198.75889277865394,-250.0950799822908,-296.5110984393588,-338.4785112712366,-376.4236846819709,-410.73211988119664,-441.7523700548403,-469.7995818470145,-495.15869728801925,-518.0873488104643,-538.8184767221805,-557.5626958194719,-574.5104351172238,-589.833872531521,-603.6886841186104,-616.2156256261288,-627.5419625169187,-637.7827628927461
206,0.201953125,-80.59687316693794,-144.51209087420636,-202.30122454706958,-254.55158638784417,-301.7941009969136,-344.5087669209525,-383.1295602126795,-418.04885496195914,-449.62141491833887,-478.1680002648597,-503.97862763039427,-527.3155171902192,-548.4157570241997,-567.4937120178203,-584.7432017730648,-600.3394697838739,-614.4409638458666,-627.1909457817831,-638.7189469344421,-649.14208411525
207,0.23046875,59.907088777086926,107.41605209290628,150.37178856318206,189.2106227340287,224.32709892652917,256.07796252773494,284.78577407018804,310.7421821572517,334.2108846260142,355.4303067105773,374.61602292324744,391.96294692070325,407.6473116118332,421.8284594936608,434.650461441793,446.24358035080945,456.7255944982531,466.2029941041672,474.7720631808215,482.51985771553643
208,0.2015625,-81.99713111022031,-147.02408496824526,-205.81872572342255,-258.97836270039346,-307.04306912987283,-350.50115716775167,-389.79413703714545,-425.3212026429239,-457.44328758316436,-486.48673237733516,-512.7466001022256,-536.4896742240613,-557.9571690364344,-577.3671803297908,-594.9169011221785,-610.7846250595161,-625.1315577858726,-638.1034546711644,-649.8321016281478,-660.4366539605428
209,0.201171875,-83.34656886385734,-149.4423543480215,-209.2030523192239,-263.23601349886934,-312.0902765140705,-356.26221615957996,-396.2006144301493,-432.3112319526943,-464.9609358315372,-494.48142949438324,-521.1726239374501,-545.3056853766935,-567.1257905089934,-586.8546175978055,-604.6925986885526,-620.8209559659847,-635.4035429054077,-648.5885089172589,-660.5098044959766,-671.2885420643829
210,0.20078125000000002,-84.68328853588012,-151.84048216214754,-212.56120124842408,-267.46231972237103,-317.1016018569267,-361.9833559010881,-402.5635553208045,-439.25447118858153,-472.42886098162063,-502.42375590172173,-529.5438851066053,-554.0647717356283,-576.2355321334232,-596.2814067968842,-614.4060486900338,-630.7935922728824,-645.6105242100306,-659.0073747495408,-671.1202470498426,-682.0721998878356
211,0.20039062500000002,-85.96775024135499,-154.14218862455425,-215.78230425846996,-271.5145498926928,-321.9052316039189,-367.4663350615917,-408.6607562136617,-445.90701657097316,-479.5835209104068,-510.03240444191584,-537.5630100881867,-562.4550319873143,-584.961357408576,-605.3106361816505,-623.7096037437439,-640.3451815389742,-655.3863760721906,-668.9859959058846,-681.2822041441855,-692.3999220747726
212,0.2,-87.23887049956011,-156.42275238949492,-218.97592287645105,-275.5338693160089,-326.67118699159823,-372.9074026389417,-414.71224988917373,-452.5104412906645,-486.6859834350316,-517.5860785290184,-545.5246519412253,-570.7855416476256,-593.6253819247033,-614.2762106714134,-632.9478267797309,-649.829921601846,-665.0940061125954,-678.8951533314877,-691.3735738014634,-702.6560400249136
213,0.199609375,-88.45637557991442,-158.60434681972546,-222.0288355250626,-279.3744305291942,-331.22383215581635,-378.103847504582,-420.49077272488796,-458.81524488182026,-493.4666229521612,-524.7969463804768,-553.1245130315451,-578.7371136974848,-601.8949562860868,-622.8333096317375,-641.7648937922946,-658.8820412518658,-674.3586509490174,-688.3519549784979,-701.0041160165911,-712.4436715962182
214,0.19921875,-89.65993641839233,-160.76383001979028,-225.05299943186284,-283.1805655628828,-335.73706872248295,-383.25645306060477,-426.22148807845076,-465.06867292436516,-500.19267119411666,-531.9503207388328,-560.6642590878561,-586.6262013962073,-610.0999041607639,-631.3238448969083,-650.5136449298385,-667.8642600135647,-683.5519609756356,-697.7361244955842,-710.560852306319,-722.1564351616622
215,0.19882812500000002,-90.80860759208437,-162.8219485963844,-227.93301440326152,-286.8035360206735,-340.03170953794313,-388.1583511868426,-431.6724229042843,-471.01601329857607,-506.588835183132,-538.752289417858,-567.833138017353,-594.1268246751708,-617.9004767158135,-639.3956192108207,-658.830628839699,-676.4029525637197,-692.2911136155493,-706.6565251816153,-719.6451303057579,-731.3888845705259
216,0.19843750000000002,-91.94275322856491,-164.85702150057608,-230.78306060556196,-290.3906179392795,-344.28526826745986,-393.01454985138724,-437.0735236670585,-476.9098024130149,-512.9280981467556,-545.4943341459228,-574.9393626170865,-601.562326090832,-625.6336965911404,-647.3980235348687,-667.0764182080293,-684.8688001588557,-700.955928270809,-715.5012371361615,-728.6524974833779,-740.543317418816
217,0.198046875,-93.02081931298349,-166.78849072904526,-233.48573709194937,-293.7904112433078,-348.31528266338864,-397.61434281695995,-442.1884654848294,-482.49050915008786,-518.9299241346779,-551.8769154599726,-581.6662054470403,-608.6004351380797,-632.9532393832839,-654.9720270771402,-674.8804947997179,-692.8808995404826,-709.1561135562681,-723.871482237675,-737.176503962456,-749.2063488967937
218,0.19765625,-94.08380097311566,-168.69601539550882,-236.1572710149267,-297.1529090126954,-352.30260485839375,-402.16664666054066,-447.25162352200454,-488.0155715053782,-524.872627093401,-558.197234763225,-588.3279512486336,-615.5708851997682,-640.2028071195167,-662.4739612487801,-682.610607896817,-700.8173221446355,-717.2790722145211,-732.1630986071619,-745.6206131948144,-757.7883354223358
219,0.197265625,-95.08959969128911,-170.49785712887424,-238.67844173864196,-300.3242829959856,-356.06177892643495,-406.45724201348054,-452.0226855710954,-493.22103968243505,-530.4708608354138,-564.1505873836879,-594.6023858372923,-622.1356279365489,-647.0300341322376,-669.5385156552062,-689.8897440621361,-708.290474505045,-724.9276462891509,-739.9702820585746,-753.5712050092986,-765.8685914685161
220,0.19687500000000002,-96.07977835038872,-172.27489231947314,-241.167344106596,-303.4570119319713,-359.7767164747413,-410.69863176741603,-456.74009391646626,-498.3688560904899,-536.0078406293479,-570.0394358437613,-600.8093809650181,-628.6302787656647,-653.7847714676009,-676.5284122774283,-697.0922616507421,-715.6852347614567,-732.496223963166,-747.6960177922758,-761.4390361071296,-773.8648988796377
221,0.19648437500000002,-97.01175881336613,-173.9443282146711,-243.50312155948046,-306.3950765100446,-363.25925377721296,-414.67341365078323,-461.159919490797,-503.1910591760635,-541.1938499768502,-575.5543800546961,-606.6217325126913,-634.7115327604981,-660.1091555408146,-683.0726244500465,-703.8352334264765,-722.6079169831785,-739.5813932268732,-754.928101434482,-768.8039539778981,-781.3499202874127
222,0.19609375,-97.9276076669321,-175.58813383482584,-245.80555461659654,-309.293206109895,-366.69607843993913,-418.597349312538,-465.52430414319656,-507.9536919652221,-546.3165688601607,-581.0026773573994,-612.3644060809975,-640.720369915171,-666.3586469870612,-689.5397054244866,-710.4990495509007,-729.4496125010688,-746.5839195015749,-762.076043780964,-776.08337507942,-788.7482186120026
223,0.195703125,-98.78433281249029,-177.12258971627136,-247.9523371634457,-311.99343095684173,-369.8966091075288,-422.2501888473155,-469.5860781360154,-512.3851944144834,-551.0823573056664,-586.0707094590105,-617.7057123097447,-646.3087582652821,-672.1704363329641,-695.5534846209678,-716.6954597267105,-735.8111502784828,-753.0947591109214,-768.7218762447721,-782.8512628221783,-795.6264640118075
224,0.1953125,-99.62443967464272,-178.63063111423838,-250.06475069321158,-314.652492474334,-373.05002150083453,-425.8506199341102,-473.5907094628796,-516.7552998727648,-555.7829163298097,-591.0700546273848,-622.9752094246138,-651.8225164363186,-677.9050454992625,-701.4877780394742,-722.8102991176014,-742.0892315017398,-759.5204364314693,-775.281003419087,-789.5310494029876,-802.4153454169864
225,0.19492187500000002,-100.4045885220657,-180.0277410084095,-252.01922821498152,-317.11071411996403,-375.9636106440753,-429.1758848188747,-477.2881690406421,-520.7892687725766,-560.1211355300251,-595.6833602529072,-627.8372346128002,-656.9094224510271,-683.1952789723165,-706.9618516734317,-728.4505935157723,-747.8798160542699,-765.4469074047164,-781.3303375845057,-795.6914717077974,-808.6762093453235
226,0.19453125000000002,-101.1676580284125,-181.3976929261942,-253.93836507293165,-319.52660752877597,-378.82874849626745,-432.4472597945925,-480.92687226262035,-524.760108588621,-564.3922868493433,-600.2260447345842,-632.6254301659127,-661.9195998951103,-688.4061635762089,-712.3542073513709,-734.0070275956746,-753.5846026939694,-771.2858278950243,-787.290535935688,-801.7613240638576,-814.8452059056581
227,0.194140625,-101.87002762721416,-182.65530256169168,-255.6975238673812,-321.73903552523035,-381.45090351665044,-435.4398226514151,-484.254316146536,-528.3903237851061,-568.2962475177482,-604.3775104346379,-637.0006773581193,-666.4971798714254,-693.1666839602916,-717.2801347421228,-739.0825092392461,-758.7953053125633,-776.6187920007948,-792.7340441300614,-807.3047819731709,-820.4790345362984
228,0.19375,-102.55488317055116,-183.88505261680936,-257.42042486113985,-323.9080356638068,-384.02334895695327,-438.3770972498367,-487.5214805961849,-531.9557751527825,-572.1314052590171,-608.456529663101,-641.3001882136178,-670.9960511635123,-697.8458090915915,-722.1222379448391,-744.0719702673641,-763.9180008700224,-781.8619523286997,-798.0861233156963,-812.7553406752095,-826.0186339412771
229,0.193359375,-103.17839053729136,-185.00122288384014,-258.98155247889855,-325.8712586657206,-386.35002675165623,-441.03234384561796,-490.4737782025924,-535.1766392225655,-575.5950878882556,-612.1397543071621,-645.1819112360379,-675.057246956547,-702.069276172171,-726.4924238431865,-748.5748133159742,-768.5407872237001,-786.593186727631,-802.9154122582854,-817.6732868022822,-831.0167405511928
230,0.19296875000000002,-103.78397613489267,-186.08887491560785,-260.5055610534318,-327.79002113359724,-388.62581330171514,-443.6309890521995,-493.3643662015283,-538.3312045276631,-578.9883385692875,-615.748818782072,-648.9861079091083,-679.0378752093173,-706.2094270013882,-730.7768084364842,-752.9896079382901,-773.073492901875,-791.2325023428898,-807.6511197777473,-822.4961474959161,-835.9184011466114
231,0.19257812500000002,-104.32765986890199,-187.06188476492972,-261.8662503554313,-329.5010120025416,-390.6534263145219,-445.94482520528686,-495.936965322194,-541.137751157716,-582.0064024435485,-618.9581231428106,-652.3683214710703,-682.5764248014805,-709.8893285576098,-734.5845143992191,-756.9128694084989,-777.1012350707788,-795.3547119034944,-811.8587431513473,-826.7809988277219,-840.2730791280737
232,0.1921875,-104.85304176507573,-188.0057617150723,-263.1890166300907,-331.1665782435502,-392.6290449177983,-448.200834142239,-498.4465198399621,-543.8765663365301,-584.9525139645114,-622.0916679934763,-655.6713382087884,-686.0326722140273,-713.4841213077054,-738.3045742036841,-760.7461903580512,-781.0369617873953,-799.3830293338334,-815.9707768977061,-830.9687250167522,-844.5292429085885
233,0.191796875,-105.3160635258243,-188.83411080329444,-264.34716948766345,-332.62269870134975,-394.3544666540628,-450.16969201635874,-500.63545364028624,-546.2644679591442,-587.5203053702485,-624.8221034780566,-658.5488271047684,-689.0431193426574,-716.6147831248818,-741.5439289540741,-764.0838207985004,-784.4634492224916,-802.8898578495007,-819.5502467983154,-834.6138745740492,-848.2337776194947
234,0.19140625,-105.76043158845367,-189.63275722914165,-265.46665377968577,-334.0325004411377,-396.0268709400502,-452.07958595448105,-502.7601049822541,-548.5833097977027,-590.0147348656777,-627.4752968152986,-661.3455706899404,-691.9696564130217,-719.6586746533534,-744.6939276613263,-767.3297571138016,-787.796128101697,-806.3009654393436,-823.0322660204864,-838.1600087846485,-851.837881575514
235,0.19101562500000002,-106.14207744355842,-190.31516832512057,-266.42048443732614,-335.23150529672023,-397.4474409744757,-453.70042977238876,-504.5619983529824,-550.5488845189883,-592.1282945415062,-629.7226533866058,-663.7138981468487,-694.4473593028092,-722.235269603522,-747.3599364843556,-770.0766102848926,-790.6160775615442,-809.1870057974692,-825.9780633364437,-841.159836190912,-854.886561079843
236,0.19062500000000002,-106.50474650281744,-190.96735279429657,-267.3349606134968,-336.3833687601124,-398.81405225895224,-455.26126383921513,-506.2984705085102,-552.4441775798459,-594.1671958302009,-631.8914042255335,-666.0000562482661,-696.8396735646528,-724.7235664883725,-749.935017058743,-772.7301569969981,-793.3405698789101,-811.9756438860613,-828.8246990280027,-844.0589105508412,-857.8330479488036
237,0.190234375,-106.8044279839198,-191.5027736729633,-268.0829983385897,-337.3234092421863,-399.92758018553764,-456.53159439065047,-507.71054507818343,-553.9843946483169,-595.8232648479113,-633.6522166561094,-667.8555705165927,-698.7808118237035,-726.7421217020852,-752.0235692222315,-774.8819975174764,-795.5496332801308,-814.2364461029048,-831.1322816415894,-846.4087903846633,-860.2211715053897
238,0.18984375,-107.0848388396212,-192.00749057958402,-268.79105636342985,-338.2155583637924,-400.98629128040994,-457.7409619222737,-509.0561605625958,-555.4532165557839,-597.4034941189984,-635.3331809646611,-669.627618065354,-700.6352145190467,-728.6709871826091,-754.0197610840218,-776.9390630523915,-797.6617380633081,-816.3983148042549,-833.3391444828567,-848.6563347120045,-862.5054979931284
239,0.189453125,-107.30209386534231,-192.39509567063712,-269.33214775011146,-338.8951850165556,-401.7910601430476,-458.65882047807577,-510.0762390487911,-556.5657011088186,-598.5995189873668,-636.6047342636231,-670.967458138244,-702.0367951221381,-730.1283902710712,-755.5276362767792,-778.4925730328359,-799.2565092907206,-818.0303929948035,-835.0049543846127,-850.3526437520392,-864.229383418746
240,0.18906250000000002,-107.49981413992366,-192.75156677034627,-269.8326958387539,-339.5262441528626,-402.54023857436107,-459.514856694753,-511.02892299283235,-557.6057870126681,-599.7186396024453,-637.795320070757,-672.222662712707,-703.3504268365765,-731.4948501093897,-756.9418613683466,-779.9499854627785,-800.7529697380658,-819.5621587676695,-836.5686414495226,-851.9451923858601,-865.8480271421192
241,0.18867187500000002,-107.63430770431751,-192.99075839080507,-270.16600653087414,-339.944409001821,-403.03500743280426,-460.0788279344999,-511.65543245675656,-558.2888236266889,-600.4527760846536,-638.5756535428503,-673.0447626034934,-704.2102886002366,-732.3888538181604,-757.866734515385,-780.902769466857,-801.7309897379981,-820.5629963583677,-837.5901100589562,-852.9853150291815,-866.9050163181381
242,0.18828125,-107.74903252063771,-193.1984340194334,-270.45827285815517,-340.3134050842861,-403.47349799556093,-460.58021285883837,-512.2137158533849,-558.8985697461161,-601.1090623904656,-639.274024994189,-673.781188704607,-704.9811237369215,-733.1908009528117,-758.6968121172102,-781.7582814730964,-802.6094983141868,-821.462297221918,-838.5082101392655,-853.920412251886,-867.8554813161176
243,0.187890625,-107.80055722154943,-193.28884331502428,-270.58328886294,-340.4694632859068,-403.6575038785563,-460.78942709819665,-512.4456901750458,-559.1511051357587,-601.380178405743,-639.5619353244437,-674.0842806968981,-705.2979407190538,-733.5200266965987,-759.0372570367167,-782.1088702849759,-802.9692589617001,-821.8303509081067,-838.883762343828,-854.3027446266495,-868.2439443677579
244,0.1875,-107.83210965684124,-193.3474032089355,-270.6668227160792,-340.5758272746529,-403.7846303628163,-460.9353875276581,-512.608712074771,-559.3295711561938,-601.5726183131402,-639.7670154259112,-674.3007926407072,-705.5247905257611,-733.7562243912421,-759.2819070260301,-782.3611625158471,-803.2284608455527,-822.0957999709152,-839.1548595514661,-854.5789483326182,-868.5247648299684
245,0.18710937500000002,-107.80058607614285,-193.28889082439147,-270.58335133606016,-340.469538284188,-403.6575896488548,-460.78952229142965,-512.4457936997337,-559.1512160779995,-601.3802959822478,-639.5620588532414,-674.0844095777352,-705.2980744195594,-733.520164742282,-759.0373990030785,-782.1090157909761,-802.9694076648343,-821.8305025000831,-838.8839165465606,-854.3029011893084,-868.2441030638012
246,0.18671875000000002,-107.74891750288799,-193.1982447286987,-270.4580239666669,-340.31310624095465,-403.47315611266407,-460.5798332521367,-512.2133028279688,-558.8981269163046,-601.1085928650159,-639.2735314906528,-673.7806736240949,-704.9805892160035,-733.1902489020938,-758.6962442507315,-781.757699331444,-802.6089032845326,-821.4616905546378,-838.5075929616711,-853.9197855812769,-867.8548460705317
247,0.186328125,-107.6343942515742,-192.99090089261747,-270.16619391832285,-339.94463396112184,-403.0352647056174,-460.0791134742098,-511.6557429893015,-558.2891564105959,-600.4531287702022,-638.5760240842263,-673.0451492000028,-704.2106896548107,-732.3892679073576,-757.8671603657389,-780.9032059352633,-801.7314357969607,-820.5634510830273,-837.5905726150669,-852.9857846642651,-866.9054923525758
248,0.1859375,-107.49958435418796,-192.75118860242242,-269.8321986065257,-339.5256471347716,-402.53955558021954,-459.5140983442152,-511.0280978861288,-557.6049023698774,-599.7177016335901,-637.7943342043299,-672.2216337450288,-703.3493590354984,-731.4937472913867,-756.9407269572403,-779.948822535894,-800.7517810662841,-819.5609468486226,-836.5674085350096,-851.9439405079319,-865.8467581345494
249,0.185546875,-107.3022380117156,-192.39533301224574,-269.3324598549738,-338.8955597044117,-401.7914886561275,-458.6592960763731,-510.076756278819,-556.5662554040612,-598.6001064337686,-636.6053514533309,-670.9681020716719,-702.0374631388659,-730.1290799999184,-755.5283455963936,-778.4933000390065,-799.2572522718272,-818.031150410206,-835.0057248446092,-850.3534260031365,-864.2301763288256
250,0.18515625000000002,-107.08449464137433,-192.00692411961268,-268.7903115599585,-338.2146640949082,-400.9852682320006,-457.73982600140135,-509.0549246512818,-555.4518914686678,-597.4020891577385,-635.3317042603103,-669.6260768020159,-700.6336150892274,-728.6693353027515,-754.0180618824462,-776.9373211383902,-797.6599575871837,-816.3964995070406,-833.3372977373512,-848.6544595618617,-862.5035971850158
251,0.18476562500000002,-106.80462951163813,-191.50310549615182,-268.083434690292,-337.32393309404426,-399.92817929346626,-456.53225933130074,-507.7112682267506,-553.9851696200282,-595.8240861701946,-633.6530795641762,-667.8564708164449,-698.78174579554,-726.7430860305537,-752.0245609412964,-774.8830139646955,-795.5506720623473,-814.2375050660389,-831.1333588425923,-846.4098840709319,-860.2222800940311
252,0.184375,-106.50428843004683,-190.9665989283021,-267.33396940467316,-336.3821786411783,-398.81269075955464,-455.25975212891495,-506.29682573093146,-552.4424141272348,-594.1653260812725,-631.889439001178,-665.9980051091172,-696.8375450178502,-724.7213681413785,-749.9327557363392,-772.7278388332379,-793.3382003970115,-811.9732280645912,-828.8222413554716,-844.0564150777292,-857.8305183303667
253,0.183984375,-106.14233602783413,-190.3155940951358,-266.42104433148506,-335.2321774655589,-397.44820970715824,-453.70128297732225,-504.5629262463373,-550.5498789080741,-592.1293484041514,-629.7237606088855,-663.7150533472646,-694.4485577083309,-722.2365069601291,-747.3612089862451,-770.0779145158693,-790.617410450909,-809.1883645813025,-825.9794455216133,-841.161239528651,-854.8879835391525
254,0.18359375,-105.75986031204869,-189.63181706069514,-265.4654176134079,-334.031016207264,-396.02517297157027,-452.077700652571,-502.7580537273345,-548.5811105389125,-590.0124030410699,-627.472845920128,-661.3430126477849,-691.9670018335985,-719.6559330243554,-744.6911074942811,-767.3268660588896,-787.7931730472093,-806.2979525943016,-823.029200982754,-838.1568966057874,-851.8347268141894
255,0.18320312500000002,-105.31637874097548,-188.8346298189887,-264.3478519999016,-332.6235180747553,-394.35540373667106,-450.1707320681616,-500.6365847346146,-546.2656801090324,-587.5215900157057,-624.8234531663126,-658.550235275971,-689.0445801787102,-716.6162914403819,-741.5454801099631,-764.085410630759,-784.4650739881729,-802.8915141796094,-819.5519316539607,-834.6155852142015,-848.2355115685817
256,0.18281250000000002,-104.85235814699992,-188.00463666275016,-263.18753737011895,-331.164802130898,-392.6270130369109,-448.19857808613887,-498.44406519378884,-543.8739345794636,-584.9497235709074,-622.0887351128503,-655.6682771099481,-686.0294955935265,-713.4808405193902,-738.30119943319,-760.7427307603597,-781.0334256056461,-799.3794239982811,-815.9671091072587,-830.9650008165506,-844.5254677539311
257,0.182421875,-104.32803122783454,-187.06249622479513,-261.8670544319576,-329.5019773153747,-390.65453029997036,-445.94605049750334,-495.9382978699566,-541.1391791951273,-582.0079158859795,-618.9597132101669,-652.3699804353236,-682.5781458085289,-709.891105498767,-734.5863418094327,-756.9147423824654,-777.1031491991939,-795.356663217592,-811.8607280712733,-826.7830141245113,-840.275121885492
258,0.18203125,-103.7831812375101,-186.08756672861216,-260.50384100094874,-327.7879559063026,-388.6234506716741,-443.62836575511545,-493.361511987453,-538.3281443724338,-578.9850939548534,-615.7454084871539,-648.9825485255919,-679.0341815008887,-706.2056121704348,-730.7728843269605,-752.985585195758,-773.0693811115444,-791.2283101447118,-807.6468549612694,-822.4918170904573,-835.9140114956194
259,0.181640625,-103.17881746809259,-185.00192584676907,-258.9824768825249,-325.8723684327988,-386.3512959412521,-441.0337524925419,-490.47531015252486,-535.178280948667,-575.5968277967015,-612.1415823040543,-645.1838184370889,-675.0592254822625,-702.0713190000728,-726.4945246907422,-748.5769665442525,-768.5429877639358,-786.5954300175154,-802.9176941826167,-817.6756036492309,-831.0190889684433
260,0.18125000000000002,-102.55397823147507,-183.88356333304304,-257.41846669734076,-323.9056845427309,-384.0206592638806,-438.37411080592244,-487.51823127005645,-531.9522913780079,-572.1277114916564,-608.4526472818618,-641.2961361076477,-670.9918461406756,-697.8414661822968,-722.1177706329321,-744.0673906724415,-763.9133199044302,-781.8571798286582,-798.0812681492556,-812.7504108449135,-826.0136366688221
261,0.18085937500000002,-101.87050944437645,-182.6560958987474,-255.69856711127417,-321.74028795884857,-381.45233586299804,-435.44141237785067,-484.25604502158575,-528.3921765428167,-568.2982110739005,-604.3795733979989,-637.0028297027076,-666.4994127053246,-693.1689893588422,-717.2825056157337,-739.0849392247335,-758.79778869014,-776.6213236222418,-792.7366193517062,-807.3073966065307,-820.4816847985845
262,0.18046875,-101.16664437306123,-181.39602472533574,-253.93617165750857,-319.5239739407529,-378.82573565406807,-432.4439145438249,-480.923232541453,-524.7562062474548,-564.3881492833427,-600.2216958919548,-632.6208912062003,-661.914889646488,-688.4012988757898,-712.3492033038057,-734.001897777413,-753.5793593290473,-771.2804820020037,-787.2850974485543,-801.755801947034,-814.8396082488392
263,0.180078125,-100.40512444677537,-180.0286234367726,-252.02038860909835,-317.11210718750186,-375.96520381872693,-429.1776530367651,-477.2900920226193,-520.7913295384044,-560.1233195264925,-595.6856548101929,-627.8396285798106,-656.9119059381889,-683.197843166003,-706.9644886888747,-728.4532962762019,-747.8825781985054,-765.449723207314,-781.3332018811572,-795.6943798404449,-808.6791571070979
264,0.1796875,-99.62331886219283,-178.62878656298346,-250.06232540112657,-314.6495804715588,-373.04669014509045,-425.84692102336476,-473.58668494652767,-516.750984969149,-555.7783413311996,-591.0652460148187,-622.97019059567,-651.8173082106941,-677.899666495047,-701.4822449590521,-722.8046269735291,-742.0834338110619,-759.5145253782506,-775.2749899880537,-789.5249435067228,-802.409156000791
265,0.17929687500000002,-98.78492202243946,-177.1235598828489,-247.95361292911358,-311.99496252320347,-369.8983606684909,-422.2521328458068,-469.5881922759584,-512.3874600271406,-551.0847583909838,-586.0732320879217,-617.7083442231299,-646.3114885911139,-672.1732553822435,-695.5563837259538,-716.6984311080212,-735.8141869434323,-753.0978547657608,-768.7250252126119,-782.8544599826557,-795.6297047405409
266,0.17890625000000002,-97.92638142140248,-175.58611577111182,-245.8029011792947,-309.2900201723571,-366.69243369535104,-418.5933024314455,-465.51990102167855,-507.9489711354493,-546.3115634650254,-580.9974163701856,-612.3589151014912,-640.7146717227325,-666.352761952279,-689.533651821943,-710.4928438062983,-729.4432694037865,-746.5774523825451,-762.0694646588379,-776.0766947997588,-788.7414469620032
267,0.178515625,-97.01240040802097,-173.94538463765417,-243.50451074899192,-306.3967442373669,-363.26116105065546,-414.6755304616515,-461.1622215596786,-503.19352617386653,-541.1964644808517,-575.5571268976898,-606.6245983461731,-634.7145057465704,-660.1122251299389,-683.0757812048184,-703.8384688768775,-722.6112235158048,-739.5847639894027,-754.9315302462312,-768.8074352641327,-781.35344901341
268,0.178125,-96.0784486013811,-172.27270392105322,-241.164466706428,-303.45355708531235,-359.77276409419704,-410.6942433066034,-456.7353191455259,-498.3637367944071,-536.0024127491462,-570.0337307990823,-600.8034265173235,-628.6240996179127,-653.778389710632,-676.5218477290942,-697.0855321238836,-715.6783562943657,-732.4892110125204,-747.6888833916007,-761.4317920177617,-773.8575557151335
269,0.177734375,-95.09029273318642,-170.49899826715586,-238.67994233052713,-300.3260844622553,-356.06383914640844,-406.45952856992926,-452.0251722358804,-493.2237044949807,-530.4736849750465,-564.1535544665868,-594.6054814445562,-622.1388392812837,-647.0333498194425,-669.5419254913385,-689.8932388987041,-708.294046118887,-724.9312872792501,-739.9739857493748,-753.5749653797525,-765.8724030808417
270,0.17734375000000002,-94.0823698270892,-168.69366013186664,-236.15417421952824,-297.14919074692654,-352.29835112767284,-402.1619236037937,-447.24648470404554,-488.01006189727053,-524.8667853768648,-558.1910947540301,-588.321542825542,-615.5642349498437,-640.1959388185392,-662.466896226188,-682.6033653241077,-700.8099192833597,-717.2715246239695,-732.1554203148662,-745.6128168590429,-757.7804324659927
271,0.17695312500000002,-93.0215627468635,-166.78971484636193,-233.48734680443,-293.79234371008204,-348.3174926983217,-397.6167956429881,-442.19113296440923,-482.4933677241067,-518.9329536128065,-551.8800982664656,-581.669526114407,-608.603879949831,-632.9567961163078,-654.9756847973239,-674.8842436941098,-692.8847307887878,-709.1600192201548,-723.8754551569966,-737.1805376791342,-749.2104375783819
272,0.1765625,-91.94122286627714,-164.85450296078275,-230.7797491319524,-290.3866419155285,-344.28071966036936,-393.0094993843377,-437.06802861803493,-476.903910870901,-512.9218514753823,-545.487768506039,-574.9325099596304,-601.5552148468529,-625.6263521855064,-647.3904687764524,-667.0686735980925,-684.8608841561942,-700.9478575138633,-715.4930266253127,-728.6441607547234,-740.5348666873597
273,0.176171875,-90.80940024168063,-162.82325375591014,-227.93473068670525,-286.80559642358344,-340.03406587937747,-388.1609663843856,-431.6752669551966,-471.01906108239126,-506.59206517188323,-538.7556828718573,-567.8366784452749,-594.1304974529705,-617.9042688119904,-639.399518968395,-658.8346257972013,-676.4070373180854,-692.2952777040767,-706.66076097127,-719.6494309119958,-731.3932437757867
274,0.17578125,-89.65830917254426,-160.76115204305793,-225.04947832594027,-283.17633783713126,-335.732232164535,-383.2510828704283,-426.21564516003053,-465.0624084114021,-500.18602906989497,-531.9433394543711,-560.656972618009,-586.6186399730967,-610.0920948200013,-631.3158118924108,-650.505410061731,-667.8558429100652,-683.5433793292369,-697.7273942568895,-710.5519878688218,-722.1474495140202
275,0.17539062500000002,-88.45721621939525,-158.60573100399046,-222.03065572636186,-279.37661568232767,-331.2263311588017,-378.1066210263299,-420.4937889433194,-458.8184771536019,-493.47004844478454,-524.8005452191995,-553.1282677267467,-578.7410087402918,-601.8989778569429,-622.8374453690401,-641.769132602483,-658.8863731639092,-674.3630669891813,-688.3564470529144,-701.0086768251333,-712.4482945460572
276,0.17500000000000002,-87.23714889115192,-156.41991912631724,-218.9721975971755,-275.52939644412595,-326.6660699838585,-372.9017210551512,-414.70606816476936,-452.5038135248639,-486.6789561624354,-517.5786924313701,-545.5169429647401,-570.77754177875,-593.6171197680072,-614.2677118883756,-632.9391144356592,-649.8210164640482,-665.0849269002534,-678.8859169207562,-691.3641954209548,-702.6465334168289
277,0.174609375,-85.968637598125,-154.1436497400536,-215.78422562717594,-271.5168564960299,-321.90786949557634,-367.4692627205325,-408.6639400458493,-445.9104284498981,-479.5871367331014,-510.03620322829727,-537.5669733765926,-562.4591434073933,-584.9656023736002,-605.315001644127,-623.7140779948905,-640.3497540549907,-655.3910373819974,-668.9907374671562,-681.287018252386,-692.4048017719084
278,0.17421875,-84.68147524244142,-151.83749802109813,-212.55727759521238,-267.45760867016753,-317.09621237052926,-361.9773717761108,-402.55704442364026,-439.2474904996492,-472.4214595143731,-502.41597650528615,-529.5357656426463,-554.0563458951789,-576.2268300455538,-596.2724554907496,-614.3968724602855,-630.7842129936447,-645.6009615980553,-658.9976465802812,-671.1103693633243,-682.0621871584008
279,0.173828125,-83.347501566862,-149.44389013833705,-209.20507188812667,-263.2384379894636,-312.0930492182476,-356.26529342974544,-396.20396095158475,-432.3148181587565,-464.96473638581455,-494.48542234374906,-521.1767896767591,-545.3100067995321,-567.1302522841967,-586.8592060123908,-604.6973014368896,-620.8257619880605,-635.408442247706,-648.5934926024819,-660.5148644273512,-671.2936709297618
280,0.17343750000000002,-81.99522891325873,-147.02095452785088,-205.81460971564064,-258.9734206940823,-307.03741543040354,-350.4948796778813,-389.7873069501573,-425.3138797332403,-457.4355232682234,-486.47857160824896,-512.7380825984105,-536.4808353298266,-557.9480403594973,-577.357790225853,-594.9072750782834,-610.7747860233294,-625.1215264416969,-638.0932496666892,-649.8217397903737,-660.4261504738948
281,0.17304687500000002,-80.59784973153647,-144.51369889451882,-202.30333909705303,-254.55412489590597,-301.7970040823205,-344.5119888783791,-383.1330640626167,-418.0526097446686,-449.6253941044938,-478.17218076371165,-503.98298912466413,-527.3200416653461,-548.420428429571,-567.4985159973874,-584.7481254445523,-600.3445015692604,-614.4460933256034,-627.1961635584288,-638.7242445323775,-649.1474538802834
282,0.17265625,-79.18255186341302,-141.97771534481373,-198.75459057747454,-250.0899144114625,-296.50518897280625,-338.4719497871982,-376.41654559444976,-410.72446566985633,-441.7442544650149,-469.7910518654124,-495.1497944332842,-518.0781100281692,-538.808935052227,-557.5528809024431,-574.5003735951323,-589.82358839188,-603.6781989828785,-616.2049589868341,-627.5311319632975,-637.771784296976
283,0.172265625,-77.7239218615069,-139.36067801542754,-195.08966923835942,-245.47730781239187,-291.0356098614532,-332.2274718307887,-369.47140377718557,-403.1457945236337,-433.5927620689858,-461.1216323514484,-486.0120833427825,-508.5169872563301,-528.8649800319839,-547.2627844104926,-563.8973102325357,-578.9375534493269,-592.5363130704,-604.8317434978239,-615.948758156504,-626.0002985177147
284,0.2015625,-81.99713111022031,-147.02408496824526,-205.81872572342255,-258.97836270039346,-307.04306912987283,-350.50115716775167,-389.79413703714545,-425.3212026429239,-457.44328758316436,-486.48673237733516,-512.7466001022256,-536.4896742240613,-557.9571690364344,-577.3671803297908,-594.9169011221785,-610.7846250595161,-625.1315577858726,-638.1034546711644,-649.8321016281478,-660.4366539605428
285,0.171875,-76.24778110159566,-136.71555688976235,-191.38810636743486,-240.82078773048417,-285.5157731457613,-325.9271208383142,-362.46537737584055,-395.5017444269543,-425.3718482239402,-452.379148562135,-476.798021369719,-498.8765460314034,-518.8390256236532,-536.8882656546452,-553.2076343846144,-567.9629257484928,-581.3040437084643,-593.3665251367992,-604.2729168293763,-614.1340204704669
286,0.0,-80.59687316693794,-144.51209087420636,-202.30122454706958,-254.55158638784417,-301.7941009969136,-344.5087669209525,-383.1295602126795,-418.04885496195914,-449.62141491833887,-478.1680002648597,-503.97862763039427,-527.3155171902192,-548.4157570241997,-567.4937120178203,-584.7432017730648,-600.3394697838739,-614.4409638458666,-627.1909457817831,-638.7189469344421,-649.14208411525
287,0.0,-79.18454011245007,-141.98098739321048,-198.75889277865394,-250.0950799822908,-296.5110984393588,-338.4785112712366,-376.4236846819709,-410.73211988119664,-441.7523700548403,-469.7995818470145,-495.15869728801925,-518.0873488104643,-538.8184767221805,-557.5626958194719,-574.5104351172238,-589.833872531521,-603.6886841186104,-616.2156256261288,-627.5419625169187,-637.7827628927461
288,0.0,-74.73014936271119,-133.9927731151408,-187.5751853084108,-236.0219825830587,-279.82545990439934,-319.43068418857285,-355.24004545895747,-387.6173578042388,-416.89156152138906,-443.36006790730914,-467.2917822602577,-488.92983661845005,-508.4940602779159,-526.1832133886846,-542.1770063549635,-556.6379257014809,-569.7128848882053,-581.5347168503301,-592.2235235655551,-601.8878961960116
289,0.0,-73.195441796896,-131.2425929713107,-183.7265155901557,-231.18033287287346,-274.0861127143518,-312.87973591449224,-347.9553138362407,-379.6691881758697,-408.3435494353621,-434.269709407145,-457.71106031777106,-478.9057505568375,-498.0691040161318,-515.3958076036912,-531.0618890831425,-545.2265054205405,-558.0335597090102,-569.613163086336,-580.0829566264283,-589.5493064649359
290,0.121484375,106.14231852694807,190.31556043665034,266.42099825468046,335.23212355540215,397.44815234810284,453.7012258983986,504.5628723752386,550.5498303581111,592.1293065637313,629.7237262460883,663.715026720061,694.4485387095273,722.2364952063749,747.3612039019425,770.077915431025,790.6174166401642,809.1883752840441,825.9794600255598,841.1612571478898,854.8880036443128
291,0.12109375,105.7598425513969,189.63178272336532,265.465370142624,334.03095977370145,396.02511148112524,452.0776373569697,502.75799113449443,548.5810504362404,590.0123466012665,627.472793806072,661.3429651118561,691.9669588466197,719.6558943462651,744.6910727407094,767.3268347835008,787.7931447678391,806.2979268025904,823.0291772199821,838.1568744347838,851.834705845326
292,0.120703125,105.31636078923003,188.8345952567832,264.3478046289747,332.6234625778484,394.35534460672034,450.17067313862844,500.6365290264537,546.26562981374,587.5215465839644,624.823417413637,658.5502074938858,689.0445602821175,716.6162790580256,741.545474670446,764.0854114619822,784.4650803579185,802.8915253166468,819.5519468331064,834.6156037348362,848.2355327857057
293,0.1203125,104.8523399429928,188.00460141689197,263.18748856082607,331.1647439892279,392.6269495339037,448.1985125332171,498.4440001498251,543.8738718728247,584.9496644058806,622.0886801760695,655.6682266704806,686.0294496336392,713.4807988058737,738.301161585191,760.7426963324369,781.0333941147356,799.3793949336431,815.9670820072089,830.9649752403839,844.525443308412
294,0.11992187500000001,104.32801283641341,187.06246077388445,261.86700578538813,329.501920254122,390.6544694263064,445.9459897503334,495.9382403644565,541.139127201786,582.0078709183929,618.9596761317091,652.3699515713237,682.5781250960736,709.8910925786334,734.5863361142639,756.9147432377766,777.1031558655607,795.3566749127648,811.8607440567113,826.783033684404,840.2751443587125
295,0.11953125,103.78316259899604,186.0875305848213,260.50379086435487,327.78789606797505,388.6233851677811,443.628297957003,493.3614445052613,538.3280790757992,578.985032079966,615.7453507446356,648.982495201413,679.0341325889204,706.2055674444013,730.772843409554,752.9855476424209,773.0693464382308,791.2282778381947,807.6468245567559,822.49178814354,835.9139836092677
296,0.119140625,103.17879861158899,185.00188946071074,258.98242689444214,325.8723097246601,386.3512332276264,441.03368982066706,490.47525073444893,535.1782271362149,575.5967811684149,612.141543772825,645.1837883634386,675.059203826572,702.0713054160086,726.4945186156547,748.5769673017475,768.5429946077138,786.5954421545053,802.9177108610189,817.6756241380566,831.019112590389
297,0.11875000000000001,102.5539590846991,183.88352616293045,257.4184150537719,323.90562278143324,384.0205914907525,438.3740404565491,487.5181610098539,531.9522231215979,572.1276465105394,608.4525863136661,641.2960794579698,670.9917938174119,697.8414179682297,722.1177261562095,744.0673494910304,763.9132815347765,781.8571437562958,798.0812339073842,812.7503779863746,826.0136047936248
298,0.11835937500000002,101.87049011381141,182.65605855856134,255.6985157534473,321.74022756809524,381.45227126828445,435.4413477368196,484.2559836450819,528.392120865691,568.2981627410799,604.3795333730224,637.0027983821772,666.4993900735841,693.1689750828988,717.2824991379402,739.0849398669309,758.7977956991894,776.621336194168,792.7366367213019,807.3074180274175,820.4817095770303
299,0.11796875000000001,101.16662476595909,181.39598660483315,253.936118607634,319.52391037906403,378.82566575402865,432.44384180349846,480.9231596800839,524.7561352233884,564.3880814022857,600.2216319175144,632.620831462652,661.9148341548812,688.4012474271127,712.3491555308397,734.0018532398772,753.5793175431116,771.2804424512298,787.2850596634281,801.7557654769639,814.8395726902285
300,0.117578125,100.40510466531885,180.02858517736786,252.02033592715946,317.1120451702764,375.965137409908,429.17758650488264,477.2900287778014,520.7912720989078,560.1232696038852,595.6856134187091,627.8395961520472,656.9118824822541,683.1978283618965,706.9644819835177,728.4532969891729,747.882585569252,765.449736420348,781.3332201572288,795.6944024171302,808.679183273584
301,0.1171875,99.62329881523014,178.62874752171828,250.06227098192574,314.64951515263095,373.0466181667984,425.84684594585974,473.5866095426689,516.7509112408757,555.7782706183509,591.0651791068856,622.970127835507,651.8172496323897,677.8996118976323,701.4821939797586,722.8045791736097,742.083388706164,759.5144824496912,775.2749487633154,789.5249035314775,802.4091168675284
302,0.116796875,98.7849017957897,177.12352070971244,247.95355892833567,311.9948988854736,369.8982924535638,422.2520644345152,469.58812717904976,512.387400847415,551.084706907578,586.0731893664422,617.7083107326366,646.3114643637697,672.173240111145,695.5563768625657,716.6984319695152,735.8141947616016,753.0978687132907,768.7250444958357,782.8544838226911,795.6297324090539
303,0.11640625,97.92636091126026,175.58607576504818,245.80284532659056,309.2899530133899,366.6923595391543,418.5932249020943,465.5198229474546,507.94889456358237,546.3114897710702,580.997346370925,612.3588491596187,640.714609886494,666.3527040296985,689.5335974555268,710.4927925595231,729.4432207923521,746.577405885996,762.0694198020356,776.0766511249407,788.7414040579832
304,0.11601562500000001,97.01237972463156,173.94534452725816,243.50445539487356,306.39667893568367,363.26109097957095,414.67546011665314,461.16215455431103,503.19346519736536,541.1964113815297,575.5570827938207,606.6245637442986,634.7144807036954,660.1122093528074,683.0757741498194,703.838469858991,722.6112317592555,739.5847786550279,754.9315505258401,768.8074603622041,781.3534781838614
305,0.115625,96.07842763029099,172.27266294904933,241.16440941494926,303.4534880768928,359.7726877469414,410.69416330912577,456.7352383822389,498.36365735853815,536.0023360526545,570.0336576866525,600.8033573720231,628.6240345026127,653.7783284427089,676.5217899566226,697.0854774127708,715.6783041605008,732.4891609337565,747.6888348902003,761.4317446325057,773.8575090311027
306,0.115234375,95.09027155637548,170.49895715369126,238.67988553056412,300.3260173810478,356.06376708433044,406.45945614080296,452.02510315942203,493.22364154983285,530.4736300812777,564.1535087973082,594.6054455456031,622.1388132359999,647.0333333494144,669.5419180588378,689.8932398172549,708.2940546056988,724.9313024837177,739.9740068490543,753.5749915626511,765.8724335832064
307,0.11484375000000001,94.08234832140681,168.69361806514763,236.15411530870725,297.14911966131604,352.29827231904176,402.16184082972484,447.2464009092454,488.0099792247979,524.8667052786024,558.1910181057392,588.3214700335204,615.5641660941541,640.1958737281702,662.4668345567937,682.603306645784,700.8098631137259,717.2714704405372,732.1553676384673,745.6127652260168,757.7803814585617
308,0.11445312500000002,93.02154103198434,166.7896726505257,233.48728844754442,293.7922747106335,348.3174184831558,397.6167209483736,442.1910616199975,482.4933026012652,518.9328967062462,551.880050806588,581.6694886884009,608.6038526691048,632.9567787186838,654.975676752098,674.8842443142429,692.8847392851728,709.1600347312811,723.8754768465541,737.1805647189311,749.2104691871627
309,0.11406250000000001,91.94120080437544,164.85445975777165,230.77968854073941,290.386568673577,344.2806382947767,393.00941372346256,437.0679416686774,476.90382482764943,512.9217678316313,545.4876881700712,574.9324333622636,601.5551420864927,625.6262831037377,647.3904030373651,667.068610776684,684.8608237724103,700.9477990453742,715.492969591916,728.6441046906353,740.5348111721866
310,0.113671875,90.80937800383643,162.82321049859866,227.93467079923317,286.80552553811566,340.03398955016735,388.1608894712716,431.6751933988265,471.018993847722,506.59200632893237,538.755633708768,567.8366395908307,594.1304690467251,617.9042506079097,639.3995104425933,658.8346262617492,676.4070459771533,692.2952936847911,706.6607834229384,719.6494589896815,731.3932766801624
311,0.11328125,89.65828661545137,160.76110780085247,225.04941618345413,283.1762625962212,335.7321484246643,383.2509945283799,426.2155552827429,465.06231924330217,500.18594214441606,531.9432557110028,560.656892510883,586.6185636178608,610.0920220697845,631.3157424187585,650.5053434435897,667.8557786688004,683.5433169418206,697.7273332412526,710.551927756266,722.1473898807699
312,0.112890625,88.45719347885714,158.60568671465865,222.03059434633448,279.376542957593,331.2262527716905,378.10654196114723,420.493713252559,458.8184078964867,493.4699877671241,524.8004944671688,553.1282275708186,578.7409793481092,601.8989589983992,622.8374365267471,641.7691330871905,658.8863821725638,674.3630836370024,688.3564704742296,701.0087061576468,712.4483289717264
313,0.1125,87.23712579972191,156.41987377351924,218.97213380110486,275.5293190733751,326.6659837128184,372.90162985169724,414.7059751585657,452.5037210125972,486.67886571982467,517.5786050311724,545.5168590862439,570.7774615565047,593.6170430681323,614.2676383911463,632.9390437250592,649.8209480638017,665.0848602874472,678.8858516121282,691.3641309454636,702.6464693477823
314,0.11210937500000001,85.9686143327561,154.14360437680463,215.7841626946422,271.5167818567915,321.90778896309064,367.4691814066322,408.6638621176793,445.910357063383,479.58707411191534,510.03615077837804,537.5669318114906,562.4591129239534,584.9655827584832,605.314992387075,623.7140784057591,640.3497633237774,655.391054612173,668.9907617781033,681.2870487644017,692.4048376481111
315,0.11171875,84.68145163496919,151.83745158272976,212.55721217555978,267.45752920339464,317.096123605356,361.97727775133274,402.55694833168116,439.2473946895684,472.42136560433516,502.41588550150254,529.5356780497111,554.0562618666693,576.2267494606438,596.272378038472,614.3967977296174,630.7841405105843,645.600890839696,658.9975770620058,671.1103006115629,682.0621187433228
316,0.111328125,83.34747778164682,149.4438437047736,209.20500740562846,263.23836143837383,312.09296654476094,356.26520987498935,396.2038807990001,432.3147446623442,464.96467184821404,494.48536823152534,521.1767467471384,545.3099752789536,567.1302319762815,586.8591964140542,604.6973018569854,620.8257716094224,635.4084601617802,648.5935179133409,660.5148962374783,671.2937083829762
317,0.11093750000000001,81.99520476676099,147.02090695942215,205.8145426068563,258.97333904601834,307.0373240677981,350.4947827123463,389.78720763879704,425.31378047931025,457.43542573403846,486.4784768350697,512.73799111756,536.4807473151907,557.9479557044135,577.3577086290825,594.9071961346111,610.7747092617129,625.1214513398287,638.0931757390639,649.8216665612758,660.4260775106461
318,0.11054687500000002,80.5978254113063,144.51365136031316,202.30327302054235,254.55404637765443,301.79691920406043,344.5119030133547,383.1329816131693,418.0525340651157,449.62532757831246,478.1721249196598,503.9829447648701,527.320009046808,548.4204073735702,567.4985060085197,584.7481258309792,600.3445115068118,614.4461118937627,627.1961898458969,638.7242776236857,649.1474928997422
319,0.11015625000000001,79.18252716775393,141.97766662333368,198.75452174345878,250.0898305334728,296.5050949526196,338.4718498105202,376.4164429844611,410.7243628853513,441.74415321372317,469.79095322486114,495.14969896260584,518.0780179225283,538.8088462199585,557.5527950527583,574.5002903292158,589.8235072421254,603.6781194279886,616.2048805407118,627.5310541483083,637.7717066777452
320,0.109765625,77.72389698099175,139.36062933322725,195.08960150040062,245.47722724259754,291.03552268053323,332.2273835474657,369.4713189158282,403.14571654156777,433.5926934327912,461.1215746540096,486.01203743268843,508.5169534223918,528.8649581141141,547.2627739217091,563.8973104808398,578.9375636038901,592.5363321989815,604.8317706738442,615.9487924465398,626.0003390264806
321,0.109375,76.24775582907422,136.7155069625865,191.38803573124625,240.8207015229713,285.5156763477597,325.92701771177326,362.46527131224684,395.5016379427294,425.37174307415654,452.3790458624304,476.79792170867853,498.87644962695094,518.8389324004212,536.8881753334371,553.2075465739946,567.9628399851046,581.3039594727483,593.3664419426433,604.2728341977,614.1339379635791
322,0.108984375,74.73012390735587,133.99272325553864,187.57511586620365,236.0218999080849,279.8253703592841,319.43059342038845,355.23995811681215,387.61727745076695,416.8914907081679,443.36000829296677,467.29173474110297,488.92980151608975,508.4940374516213,526.1832023604164,542.1770064328977,556.6379360482866,569.7129045599929,581.5347449051778,592.2235590519372,601.8879381988343
323,0.10859375,73.1954159188769,131.2425417841,183.72644307239773,231.18024423308643,274.08601301453524,312.87962949503196,347.9552041592453,379.6690778175466,408.34344020010747,434.2696024506247,457.7109562597332,478.9056496395055,498.069006181793,515.3957125859383,531.0617964989556,545.2264148116626,558.0334705583929,569.6130749084624,580.0828689412702,589.5492188328927
324,0.10820312500000001,71.6211223331178,128.4182099844735,179.7714028208563,226.20264369232174,268.1837473518362,306.1412642065734,340.4608427789011,371.49116034222345,399.5474712579813,424.91481268280575,447.85090182839434,468.5887550759947,487.3390556409154,504.2922942607635,519.6207045800791,533.4800130022101,546.0110207958105,557.3410346084837,567.5851597696495,576.8474697271893
325,0.1078125,70.03021392655343,125.56721000719652,175.7815573921861,221.18332355578818,262.2337286717337,299.34980329430573,332.90861500503917,363.2510951783287,390.6855010093501,415.4905464481417,437.9182333431502,458.1964114968993,476.5310932960167,493.1085466416495,508.0971872576585,521.6492896539852,533.9025341050996,544.9814054217944,554.9984575658136,564.0554571546726
326,0.107421875,68.40168614438898,122.64568506720916,171.690495195139,216.03459926494122,256.12860430114955,292.37988720696666,325.1567613584516,354.79223066344014,381.58737845787687,405.8144291430396,427.7195152237896,447.52517870368996,465.43263232052414,481.62380401318853,496.26318530803843,509.49950251328875,521.4672277072254,532.2879449500934,542.071585448418,550.917544425649
327,0.10703125000000001,66.75703039997606,119.69826264180497,167.56562921000824,210.84535411935283,249.97709880161364,285.3584012557525,317.348704748701,346.2730055264738,372.4251529381179,396.07083398263495,417.4502720970129,436.780667545846,454.25840385392706,470.061042912274,484.349128836526,497.26781895926325,508.9483585019763,519.509413970305,529.0582786582082,537.691962707892
328,0.10664062500000002,65.07677947810454,116.68404931785749,163.34485316147897,205.53344501169943,243.67852936212412,278.16768146558564,309.3513116380773,337.5462369522874,363.03890546830627,386.08830908033457,406.9286160665614,425.7715509081546,442.808545609007,458.2126847889076,472.14046422149346,484.7333807942241,496.1193700485424,506.4141059833502,515.722176176176,524.1381443657659
329,0.10625000000000001,63.38091231002647,113.6447491102068,159.0913267963188,200.18227620441417,237.33502209879154,270.9269969477172,301.2994654672496,328.7609876532709,353.5905519132699,376.04040862427763,396.33863240387916,414.69143907104814,431.2852804790251,446.2887387206989,459.8542387557639,472.119596917056,483.20942100226443,493.2363762365896,502.3023298075827,510.4993857994715
330,0.105859375,61.65152907601425,110.54249510703755,154.74734504047555,194.71537288346892,230.8527195681852,263.5265610833075,293.0688643760688,319.7797711732401,343.93065257513354,365.766868620582,385.5102622891473,403.36141407464197,419.5016800718061,434.0950346966132,447.2897366642508,459.21983526300244,470.0065322297991,479.7594131410633,488.5775606786787,496.5505612861794
331,0.10546875,59.90706540379688,107.4160035207651,150.37171695103874,189.21053155356017,224.32699178708225,256.07784261522727,284.78564399697854,310.74204389993287,334.21073960916374,355.4301559271365,374.61586697674153,391.96278616090245,407.64714616554744,421.82828934367035,434.65028647046915,446.2434003759851,456.7254092977206,466.20280345872146,474.7718668681937,482.51965553451987
332,0.105078125,58.131216441718394,104.23049229229227,145.91122760219397,183.59706360787246,217.6709514410251,248.47910166670596,276.3345259930611,301.52022800240184,324.2920833989561,344.8814420372534,363.4974795310184,380.32932310499046,395.54797330584336,409.30804150832455,421.74932076440047,432.9982060684524,443.16897846827436,452.3649661446055,460.6795941052091,468.1973333625377
333,0.1046875,56.34084608416324,101.02163011816764,141.42024463958398,177.9470377504754,210.97306524567801,240.83383450881058,267.8327033768678,292.2439580880662,314.3155982019441,334.2718553117686,352.31547064524113,368.62975464625305,383.3804490948249,396.7174109092517,408.77613453317974,419.6791284377307,429.5371596944752,438.4503793239675,446.5093396939608,453.795914502862
334,0.10429687500000001,54.52126962767105,97.75777349971256,136.85012546510538,172.19566076939236,204.15355026169587,233.0485052510643,259.1740995637331,282.79576226470465,304.15347911851376,323.464233069059,340.9242098291086,356.7107917326588,370.9843601068562,383.88992488489356,395.5585979041371,406.1089249726767,415.64809023570376,424.2730051534997,432.071293004928,439.1221791230929
335,0.10390625,52.687753221803234,94.47148859407407,132.25071242607197,166.40916233896652,197.29383332326628,225.21847785416543,250.46678389014158,273.2952530095431,293.9358046480836,312.5981314401618,329.4718291052432,344.72832247617487,358.52260686473295,370.99482268560104,382.2716791279297,392.4677414044904,401.686594625909,410.0218961845291,417.5583271813409,424.3724527614122
336,0.103515625,50.827254918342625,91.13431920578766,127.57801020997937,160.5287445272951,190.3213589097194,217.25856472825552,241.61404525623078,263.63524576712365,283.5458920433094,301.54826554446294,317.8252595767656,332.54223807157456,345.8487158391167,357.8798777754361,368.7579523377258,378.59345335827936,387.4863028091367,395.52684599946923,402.7967693703145,409.36993041562675
337,0.10312500000000001,48.95341959899381,87.77567875416568,122.87725901223016,154.61469582110587,183.31038832649836,209.2558503111599,232.71466242794838,253.92514608742596,273.10278299748904,290.44240350193485,306.1201654682916,320.29534379302777,333.11194832755217,344.7001868961056,355.17778805657093,364.6511971118199,373.2166574905376,380.9611885438025,387.96346953356294,394.29463899355625
338,0.10273437500000002,47.05486821359302,84.3703422913394,118.10917875858267,148.61430441094313,176.19570561015416,201.1336270294317,223.68143938793153,244.06822262306406,262.5010975642638,279.1673322819622,294.2362456660167,307.8609282647275,320.17979782936516,331.31800577269814,341.388708703691,350.4942180740455,358.72703960982943,366.1708131629744,372.90116238193156,378.9864630385109
339,0.10234375000000001,45.143603305037004,80.94452508075516,113.31433762303428,142.58182445783393,169.04429177079,192.9705651587742,214.60371154598204,234.16350469987665,251.84865634241953,267.8388341116737,282.29648639977984,295.3684925758577,307.18765497764645,317.8740480674719,327.53623824270295,336.2723867651002,344.17124698077725,351.3130660218945,357.7703999935035,363.608851127473
340,0.101953125,43.209926254440205,77.47627230821875,108.45823134842371,136.47071160561794,161.79837107573923,184.69855561648484,205.40393271193096,224.12486373688898,241.05154520067836,256.35594302893753,270.193540616197,282.70491907190785,294.0171856571781,304.2452653262318,313.49306835987835,321.8545460718857,329.4146453048269,336.25017148657383,342.43056886661725,348.0186260640228
341,0.1015625,41.26417878268618,73.98856068708795,103.57669354773645,130.3291020114114,154.51754087998367,176.38773305452358,196.16185693801074,214.0407997786121,230.20619691230797,244.8222762359676,258.03752618185763,269.9862041137245,280.78970008345505,290.5577700448211,299.3896508328066,307.3750683101946,314.5951488890247,321.1232437471216,327.02567395623566,332.3624042923577
342,0.101171875,39.2983576674746,70.46273942024423,98.64004905121163,124.11669066406593,147.15155496806622,167.97869219603766,186.80970783884288,203.83592034488558,219.2303086322888,233.14927132110034,245.73421656484965,257.1129992669808,267.40122020718644,276.7034006743039,285.11404439826174,292.71859768827267,299.59431752114295,305.811056472056,311.43197231336745,316.5141696957693
343,0.10078125,37.32112783544585,66.91851118584155,93.67934155444838,117.87542132463722,139.75253488941652,159.532923566951,177.41753465500233,193.58805912800048,208.20877586651153,221.42821979774737,233.38069043488935,244.1876161205231,253.9587874454437,262.79347261861915,270.7814258963376,278.00379939132114,284.53396749023017,290.43827231421034,295.77669763930237,300.6034783241521
344,0.10039062500000001,35.326193808787124,63.34055798785281,88.6697707937513,111.57129059281725,132.27784161810985,150.99981758840886,167.9274357192426,183.23267653159803,197.07103462956127,209.58310017046426,220.89598802412343,231.12462974368216,240.37294137830943,248.73487938629148,256.2953952281724,263.1312984560767,269.3120370559851,274.9004030425511,279.95317032611695,284.52167153762923
345,0.1,33.32053036054701,59.74527807786283,83.63754263794355,105.23998506434705,124.77204036062085,142.4321255818206,158.399647073374,172.83681938075577,185.8903116220266,197.69273672379418,208.36399819918014,218.01250813522861,226.73628837191953,234.62396630850736,241.755675227704,248.2038683611747,254.0340549319502,259.30546570960223,264.0716546836919,268.38104316916974
346,0.099609375,31.299559462848347,56.12070989096488,78.56277001174321,98.8538554761786,117.20016519834466,133.78811197035887,148.78623142954754,162.34690098600075,174.60789116641226,185.6937668837925,195.71715372068905,204.77988266248903,212.97402479570488,220.38282687310843,227.0815570962176,233.13826982476837,238.61449696974216,243.56587316428158,248.04270091526465,252.09046168256322
347,0.09921875000000001,29.268554983449658,52.47992195806947,73.46678050908349,92.44227613805278,109.59915610719554,125.11170726346438,139.1375183676229,151.8190774120211,163.28521759810832,173.65242537147827,183.02602336180718,191.50124023632384,199.16417794100101,206.09268640784612,212.3571543858911,218.02122450777716,223.1424398221506,227.7728284172875,231.95943191972466,235.74478343844567
348,0.09882812500000002,27.22466340812342,48.81432761168744,68.33463096697949,85.98399467628154,101.9417743919244,116.37011454353471,129.41560931893036,141.21079806024014,151.87551478267093,161.51810708297234,170.23653759432705,178.11937971701957,185.24671760682608,191.69095994965016,197.5175756291702,202.78575887730216,207.5490306518592,211.855782419649,215.74976772104398,219.27054671561407
349,0.09843750000000001,25.17144955380722,45.13364547356509,63.1827377377276,79.5020276746833,94.2572776039645,107.59837542645026,119.66084932716068,130.56724103793655,140.4283491912913,149.34435413711097,157.4058352209724,164.6946908538778,171.28497032419824,177.2436260572446,182.63119373358282,187.50240725416037,191.9067547657331,195.888981451563,199.48954404018576,202.74502185153793
350,0.098046875,23.107788838321582,41.432677060247364,58.001124705949294,72.98155258244013,86.52619652791641,98.77268259371174,109.84543747882412,119.85695808945337,128.90895715186846,137.09339788043692,144.49342890610845,151.18422946893497,157.23377330883372,162.70351939499025,167.64903634424482,172.12056698692723,176.16353880181288,179.81902547297926,183.12416410927446,186.11253257095436
351,0.09765625,21.035531525068787,37.71777607296737,52.8012716032085,66.43919263734156,78.77006095986897,89.91913440911887,99.99967161879218,109.11407910942386,117.354950099881,124.80600437247739,131.54293832118603,137.63419381869957,143.14165331654476,148.1212684970608,152.62362863031782,156.69447448953574,160.37516301216962,163.70308748246865,166.71205734944667,169.43264174123436
352,0.097265625,18.955283679973977,33.98714021370324,47.57818475571636,59.86657802969236,70.97720132415684,81.02295010191256,90.10589171445642,98.31830716814763,105.74363106447807,112.45730043290837,118.52752169134612,124.01596399730334,128.97838586309163,133.46520177498857,137.5219943994929,141.18997769399317,144.5064156119153,147.5050007217008,150.21619643771166,152.6675465461543
353,0.096875,16.86717816402757,30.24374845675599,42.33838952851972,53.27391291397446,63.16138627309907,72.10124424289927,80.1843012685735,87.49267075463071,94.10059773329849,100.07521232864538,105.47721126373274,110.36147433981495,114.77762175265521,118.77051816765008,122.38072843892684,125.64492968265562,128.59628385726865,131.2647746900679,133.67751221860695,135.85900824370464
354,0.09648437500000001,14.77355078200623,26.489197527806095,37.08188250326461,46.65929331971453,55.31876415914746,63.14828581830293,70.22740891908714,76.62805627505364,82.41525571071085,87.64780175031937,92.37885342759527,96.65647472671644,100.524122955585,104.02109038113052,107.18290343357282,110.04168364783769,112.62647399322023,114.96353397074056,117.07660632764207,118.98715830542733
355,0.09609375,12.672816772604076,22.723087038403293,31.810224525250028,40.02648841843227,47.455320996267666,54.17217883130891,60.245292150300195,65.73635462772785,70.70114862770973,75.19011110539297,79.24884552206882,82.9185849861558,86.23661092624253,89.23663181218433,91.94912553364307,94.40164899591394,96.61911804474735,98.62406061755888,100.4368455385126,102.0758894855626
356,0.095703125,10.56903807473935,18.95041028839646,26.528402488008545,33.38006313094278,39.57502921148003,45.17625118395805,50.24064027767333,54.81965021136117,58.95980176219067,62.70315629039176,66.08774347632314,69.14794801820528,71.91485901027653,74.41658591331901,76.67854414131726,78.72371327705962,80.5728705230849,82.24480182245158,83.7564926454328,85.12330058775832
357,0.09531250000000001,8.458914745583705,15.167388121125336,21.233010244269426,26.717345698095674,31.67608271849127,36.15958346479627,40.21338873854851,43.87867735596393,47.19268299965364,50.189071684780124,52.89828329270546,55.347840659799736,57.56262896152446,59.565148495614196,61.37574319209138,63.01280725423347,64.49297199633814,65.83127482926541,67.04131195630808,68.13537653522333
358,0.09492187500000002,6.34822860865868,11.382402752830785,15.934017402574089,20.049363063124808,23.770272166947628,27.134557760010733,30.176403924220455,32.92671594331471,35.413435813248036,37.66182687265944,39.69473080772036,41.53280001050667,43.194707423198956,44.6973363566841,46.055952019191714,47.28435660790799,48.39502952118874,49.39925417726258,50.30723257880321,51.12818899531936
359,0.09453125000000001,4.23196961673782,7.588302048095791,10.623055987005657,13.367006490419183,15.84800188582863,18.091232264423013,20.119478781246123,21.953341898458334,23.611449204499948,25.110643863057586,26.46615523855201,27.69175345633847,28.79988906691952,29.801819501513844,30.70772336115918,31.526803784190193,32.267381908823566,32.93698143253877,33.54240497316377,34.089803212945625
360,0.094140625,2.117630565647818,3.7968442390410417,5.3150630190946195,6.687748087368489,7.928862813052097,9.05102452782782,10.065637455004515,10.98301078731641,11.812464652727192,12.56242541201988,13.240511535110164,13.8536112619405,14.40795258902624,14.909166643503228,15.3623448891957,15.77209085507473,16.1425668924894,16.477536496312073,16.78040247059786,17.054241535324365
361,0.09375,-0.001500974304842893,-0.002484785749409547,-0.0032784755624599886,-0.003943961506162495,-0.0045157632771348506,-0.0050146992451941845,-0.00545438842557564,-0.005844488165509087,-0.0061922276182628105,-0.006503266463313715,-0.006782240733606353,-0.007032969386798925,-0.0072587254388936295,-0.007462302914421383,-0.007646124920058166,-0.007812309048770278,-0.007962724118670777,-0.008098987267636864,-0.008222555521261676,-0.008334706215916721
362,0.093359375,-2.116232780447294,-3.7945688749224864,-5.312087009268283,-6.684179160465607,-7.924772551965379,-9.046465022340044,-10.060649793239797,-10.977629661296971,-11.80672073978328,-12.556346640675574,-13.23412385931723,-13.846938930588765,-14.401018408067598,-14.901992032192503,-15.35494993503456,-15.764494354785073,-16.134786405653927,-16.46958831948442,-16.77230173799511,-17.04600223498166
363,0.09296875,-4.23496932439293,-7.593267940854771,-10.629608111412521,-13.374888628637086,-15.85702680482008,-18.10125433586701,-20.130379594516768,-21.965022343757735,-23.623824620222184,-25.123640899189713,-26.47970981094426,-27.70580911364105,-28.81439589949453,-29.816733184061512,-30.723004411363775,-31.542416952081705,-32.2832956795605,-32.95316752331337,-33.55883801322723,-34.106460384429575
364,0.09257812500000001,-6.3468331219295555,-11.380131185345197,-15.931046394609117,-20.045800146660685,-23.76618878167712,-27.130005884514755,-30.171424556182043,-32.921343698892485,-35.40770130470791,-37.65575797187194,-39.68835341881289,-41.52613833824806,-43.187784234287996,-44.690173035349666,-46.04856862162542,-47.27677190280622,-48.38726104304668,-49.391318200151424,-50.2991442168149,-51.11996221846575
365,0.0921875,-8.461907735707168,-15.172342986515124,-21.239547900355102,-26.72521049634104,-31.685087831475037,-36.16958357380315,-40.22426568158619,-43.89033223030065,-47.20503132042928,-50.20204025544499,-52.911808163980766,-55.36186549987367,-57.57710396734821,-59.580029437353126,-61.390990673217914,-63.02838610205273,-64.50885076576799,-65.847425300538,-67.05770881574458,-68.15199701665274
366,0.091796875,-10.567647180464286,-18.94814630675452,-26.525441473915063,-33.37651222342682,-39.57095956410596,-45.17171455312338,-50.23567748035621,-54.81429571215051,-58.95408604336242,-62.697107110627684,-66.08138664020753,-69.14130764235857,-71.90795778297488,-74.40944514881265,-76.67118383324515,-78.71615213812711,-80.56512603766612,-82.23689021970128,-83.74842899923726,-85.11509883212173
367,0.09140625000000001,-12.67579857298552,-22.728023534795767,-31.81673808006349,-40.03432433132629,-47.46429311546278,-54.18214235384837,-60.25612932839004,-65.74796690360986,-70.71345181099552,-75.20303225521211,-79.26232091384956,-82.93255848724893,-86.25103291118764,-89.2514582101991,-91.96431709113341,-94.4171706689336,-96.63493850444108,-98.64015174919044,-100.45318212348933,-102.09244884384658
368,0.09101562500000002,-14.772166764392377,-26.486944905031642,-37.07893645349798,-46.65576039348607,-55.31471508154657,-63.143772013036866,-70.2224709325548,-76.62272834491498,-82.40956812462917,-87.64178209751311,-92.37252736362049,-96.6498662362262,-100.51725460944866,-104.01398338883092,-107.17557769510304,-110.0341577920802,-112.61876542951445,-114.95565886099939,-117.0685796855635,-118.97899401111073
369,0.09062500000000001,-16.870144319801852,-30.248659271106774,-42.34486938673919,-53.28170844136539,-63.17031226251921,-72.11115661251132,-80.19508284969376,-87.50422347184643,-94.11283780795556,-100.08806717735534,-105.49061747610376,-110.37537606166075,-114.7919696068118,-118.78526830571127,-122.39584180714174,-125.66037141708597,-128.61202279156132,-131.28078285633507,-133.69376453120123,-135.875482143014
370,0.090234375,-18.953908812309713,-33.984902704814665,-47.57525861698765,-59.863069028500874,-70.97317961542936,-81.01846666667488,-90.10098673906447,-98.31301458833515,-105.73798090898526,-112.45132006547585,-118.52123656925089,-124.00939792961813,-128.97156126447766,-133.4581397155339,-137.5147146545982,-141.18249878101523,-144.4987548403626,-147.4971741640228,-150.20821902753002,-152.65943209185082
371,0.08984375,-21.03847761205547,-37.72265394299418,-52.807708236922956,-66.44693636071703,-78.77892777758964,-89.92898116438498,-100.01038188573835,-109.12555543133804,-117.36710922621555,-124.81877417832777,-131.55625579910782,-137.64800347163688,-143.1559060857683,-148.13592081935107,-152.63864170821452,-156.70981368994927,-160.39079737714593,-163.71898923244336,-166.72820156926693,-169.44900602572667
372,0.089453125,-23.106425392145944,-41.43045841778566,-57.998223422881715,-72.97807344875511,-86.52220898687077,-98.76823707371707,-109.84057371665891,-119.85170964394361,-128.90335372848173,-137.08746656132666,-144.48719490095374,-151.17771636754614,-157.22700333079408,-162.6965134362985,-167.64181402470288,-172.11314668460514,-176.15593770153987,-179.8112595354704,-183.11624816814378,-186.10448034501152
373,0.0890625,-25.17437118395524,-45.13848319667206,-63.18912169808007,-79.50970827104472,-94.26607231791583,-107.60814222849739,-119.67147269648059,-130.57862427178955,-140.4404096826186,-149.35702031955515,-157.41904457800555,-164.70838832352524,-171.29910723565894,-177.25815919470907,-182.64608461180774,-187.5176215212703,-191.9222617176439,-195.90475353812124,-199.50555655393845,-202.76125257544558
374,0.08867187500000001,-27.22331362001034,-48.81213153002807,-68.3317594059733,-85.98055125683176,-101.9378277061392,-116.36571435898581,-129.4107948349442,-141.20560238481426,-151.8699672347357,-161.51223440807073,-170.230364706118,-178.112929943175,-185.2400129337051,-191.68402106512082,-197.51042196701354,-202.77840864906656,-207.54150089331856,-211.84808895794075,-215.74192527022876,-219.2625688874201
375,0.08828125,-29.27144778179344,-52.484712352456114,-73.47310237223036,-92.4498823120291,-109.60786581465678,-125.12137980397593,-139.1480392877786,-151.83035089769197,-163.2971618008954,-173.6649693837288,-183.03910524582443,-191.5148054431339,-199.17817825720115,-206.10707902725505,-212.37190119139032,-218.0362914790592,-223.15779655445635,-227.7884476309536,-231.97528915218527,-235.76085669448037
376,0.087890625,-31.298225549341854,-56.11854003164572,-78.55993299612432,-98.8504535660716,-117.1962659964536,-133.7837644761156,-148.78147421768864,-162.3417666404646,-174.60240855683526,-185.68796236460216,-195.711051861513,-204.77350648635382,-212.96739601792473,-220.37596593966583,-227.0744832247086,-233.13100103321486,-238.6070501206931,-243.55826392963752,-248.03494387014837,-252.082570314262
377,0.08750000000000001,-33.323390010314,-59.75001405821067,-83.64379310839934,-105.24750567620762,-124.78065233838792,-142.44168975312851,-158.41005021193158,-172.8479666941591,-185.9021221339904,-197.7051402839713,-208.37693353526333,-218.02592128795223,-226.7501316536588,-234.63819738392843,-241.77025640283608,-248.21876599682847,-254.04923896742625,-259.32090917614704,-264.08733340022394,-268.396935395437
378,0.08710937500000002,-35.324877967021955,-63.338417980490036,-88.66697310519253,-111.56793593752792,-132.2739964723389,-150.99553007702775,-167.92274370585537,-183.2276120035879,-197.06562594503328,-209.5773732385966,-220.88996702286624,-231.11833734923263,-240.36639899739868,-248.7281071895185,-256.28841218700495,-263.1241223682011,-269.30468458673226,-274.89288968708115,-279.94551050136636,-284.5138785892106
379,0.08671875000000001,-37.32395007793135,-66.92318576245192,-93.68551146299815,-117.8828453869678,-139.76103658921087,-159.54236545619762,-177.42780489209284,-193.59906407344653,-208.22043552802066,-221.4404648793624,-233.3934604149745,-244.2008577050881,-253.9724535399967,-262.80752141899615,-270.7958201859007,-278.0185059607969,-284.54895666703175,-290.4535174802995,-295.7921749311096,-300.61916628904163
380,0.086328125,-39.297062073675065,-70.46063286005565,-98.63729542655092,-124.11338895580619,-147.14777039025375,-167.97447189346263,-186.80508887829964,-203.83093404529794,-219.22498277853336,-233.14363132336447,-245.72828616214693,-257.10680074683637,-267.3947746305075,-276.69672790310466,-285.1071631281654,-292.7115254700245,-299.5870707990462,-305.80365054319054,-311.4244214173594,-316.5064870194576
381,0.0859375,-41.26695941968995,-73.9931669699388,-103.58277385641638,-130.33641869477015,-154.5259199346142,-176.39703895017936,-196.17197937318838,-214.05164639596185,-230.21768881373313,-244.83434507550032,-258.050112272521,-269.9992549012216,-280.80316913274476,-290.57161614234036,-299.4038372925887,-307.3895624009173,-314.60992136957975,-321.1382683893693,-327.0409272495586,-332.3778651038791
382,0.085546875,-43.208653049930085,-77.4742027328532,-108.45552644828614,-136.46746844464823,-161.79465347211698,-184.69440963100342,-205.39939453033998,-224.1199639388798,-241.0463109371652,-256.3503991582693,-270.1877103919688,-282.6988243518207,-294.0108471196853,-304.23870249213155,-313.4862996197181,-321.8475887032982,-329.4075155076683,-336.2428843388539,-342.42313841182886,-348.01106531341793
383,0.08515625,-45.14633818257448,-80.94905625217233,-113.320319387202,-142.58902304295776,-169.05253593735998,-192.9797214857363,-214.6136714258925,-234.17417718553318,-251.85996373906082,-267.8507091181029,-282.30887024692055,-295.3813335228626,-307.20090731465126,-317.8876712304241,-327.55019612916936,-336.2866471693105,-344.18578113607856,-351.3278481288752,-357.7854069296145,-363.62406211145077
384,0.08476562500000001,-47.053619503321514,-84.36831317854964,-118.10652716458884,-148.61112530234968,-176.1920612777914,-201.12956234790636,-223.676989579099,-244.0634174577851,-262.4959634997602,-279.1618935728085,-294.23052503469376,-307.8549470986504,-320.17357638851433,-331.31156320456034,-341.3820630649974,-350.4873863435776,-358.7200377199699,-366.1636559520207,-372.8938636787426,-378.9790356622182
385,0.084375,-48.95610467562126,-87.78012818335621,-122.88313353727276,-154.62176589336678,-183.31848571482556,-209.2648438898267,-232.72444543294105,-253.9356291057688,-273.11388964345184,-290.4540676108062,-306.1323292693913,-320.3079564302383,-333.12496487968417,-344.71356750549194,-355.191497255368,-364.6652032657691,-373.23093234893855,-380.9757067734621,-387.9782084339194,-394.30957816571527
386,0.083984375,-50.826032783844056,-91.1323339952392,-127.57541645502842,-160.52563491899653,-190.31779408158496,-217.25458826764014,-241.60969133899331,-263.6305432863485,-283.54086670335624,-301.5429409446318,-317.8196578631053,-332.5363801210684,-345.8426214575286,-357.8735657050577,-368.75144027294886,-378.5867579534809,-387.47943970636214,-395.51982977680876,-402.78961362363424,-409.3626477555172
387,0.08359375000000001,-52.69038449284469,-94.47584970947698,-132.2564710915344,-166.4160935687709,-197.30177213671917,-225.22729560553566,-250.47637580710096,-273.3055313366562,-293.9466944137953,-312.609567707467,-329.4837551819492,-344.7406884618254,-358.53536869000476,-371.00794125578886,-382.28511966059875,-392.48147288263465,-401.70058935608296,-410.036129337069,-417.5727765114462,-424.3870982831637
388,0.08320312500000002,-54.520076092327024,-97.75583553468104,-136.8475939535826,-172.19262595307953,-204.1500709902666,-233.0446237263899,-259.1698488358883,-282.7911702820954,-304.1485707752803,-323.4590312592872,-340.9187360784917,-356.7050663688407,-370.97840244674836,-383.88375323468347,-395.55222956824605,-406.1023762563205,-415.6413764684479,-424.26614063337513,-432.0642910770408,-439.1150521735924
389,0.08281250000000001,-56.343419644201,-101.02589651229158,-141.42587904250857,-177.9538200712136,-210.98083399026882,-240.84246369159672,-267.8420903616233,-292.254016896957,-314.326255379927,-334.28304723825687,-352.32714178439477,-368.64185612221434,-383.3929377515337,-396.7302484699154,-408.7892869501367,-419.69256535565324,-429.55085401728496,-438.4643067617647,-446.5234784905117,-453.81024511494553
390,0.082421875,-58.13005348765414,-104.22860484812553,-145.90876264927218,-183.59410876821667,-217.66756365646754,-248.4753216573526,-276.330385604975,-301.51575417372044,-324.28730015738034,-344.87637152268655,-363.4921426057264,-380.3237395091194,-395.5421618334786,-409.3020199992216,-421.74310610590464,-432.991814192331,-443.1624243698864,-452.3582638224449,-460.6727566361947,-468.1903728927772
391,0.08203125,-59.909577444071324,-107.4201689455939,-150.37721889901275,-189.21715515233402,-224.33457925995708,-256.0862708122272,-284.79481255872537,-310.75186874315017,-334.22114889496737,-355.4410874377004,-374.6272664083417,-391.9746057293329,-407.65934368772014,-421.84082741413306,-434.6631318243242,-446.2565233627677,-456.73878345771027,-466.2164050770014,-474.7856747089851,-482.53365052619176
392,0.081640625,-61.65039865937787,-110.54066141698708,-154.74495090788733,-194.71250314301193,-230.8494291315454,-263.5228890937271,-293.0648413982472,-319.77542307013164,-343.9260024523271,-365.7619378152748,-385.50507095747986,-403.35598133142,-419.4960241545838,-434.08917294861897,-447.2836855288481,-459.21361027439735,-470.00014802757084,-479.75288340482365,-488.5708981998495,-496.54377795532946
393,0.08125,-63.38335910405021,-113.64880745286987,-159.0966882735649,-200.18873147932194,-237.34241733748988,-270.9352120078025,-301.308402403983,-328.77056439243614,-353.6006983297008,-376.05106398743015,-396.34974371630227,-414.70295970580975,-431.2971692844366,-446.3009592149241,-459.8667585036186,-472.13238701518634,-483.22245566544746,-493.2496323593413,-502.31578670577244,-510.5130249013206
394,0.08085937500000001,-65.07568347138401,-116.68227247618228,-163.34253392470876,-205.53066526569407,-243.67534187098863,-278.1641237046446,-309.34741281674826,-337.54202179641686,-363.034396108336,-386.08352600456243,-406.9235786843793,-425.7662776730357,-442.80305416992604,-458.2069919639591,-472.13458598448346,-484.72733225888663,-496.11316547817813,-506.40775872031435,-515.7156987099586,-524.1315483166882
395,0.08046875,-66.75940833065445,-119.70220796996688,-167.57084243915935,-210.85163175585197,-249.98429117348326,-285.36639139500943,-317.357397258888,-346.28232045342907,-372.4350219649179,-396.0811979478631,-417.46107938127363,-436.79187274297465,-454.26996690015363,-470.072928299936,-484.3613050055444,-497.2802577942465,-508.96103492906565,-519.522305526751,-529.071365241687,-537.7052262737975
396,0.080078125,-68.40062640835637,-122.6439681502435,-171.68825490998296,-216.03191438910238,-256.12552533465237,-292.3764498666389,-325.15299342469706,-354.78815566312505,-381.58301749323687,-405.8098018072006,-427.7146401386664,-447.52007362530514,-465.4273142770987,-481.6182892689463,-496.25748934151926,-509.4936399947287,-521.461212503024,-532.281790046863,-542.0653030171845,-550.9111458016778
397,0.07968750000000001,-70.0325195019382,-125.5710365953638,-175.7866148699014,-221.18941457053927,-262.2407079251037,-299.3575571537874,-332.91705075127925,-363.2601350841186,-390.69507865698523,-415.5006043240294,-437.928721274937,-458.207285360172,-476.5423141691912,-493.12008003976575,-508.1090025392952,-521.6613595309158,-533.914834250192,-544.9939140469805,-555.0111551795134,-564.0683262656644
398,0.07929687500000002,-71.62010063658316,-128.4165559158337,-179.76924533859219,-226.20005831291107,-268.18078220009164,-306.1379531547155,-340.45721210836797,-371.4872323223204,-399.5432659125957,-424.91034866617315,-447.84619693650865,-468.58382633334577,-487.3339194246191,-504.2869662540724,-519.6151997420176,-533.4743455378131,-546.0052041551339,-557.3350814049745,-567.5790818403009,-576.8412781082674
399,0.07890625000000001,-73.1976457044627,-131.24624399968087,-183.73133741245144,-231.18613977810006,-274.09276904765716,-312.8871358779037,-347.9633709767321,-379.67782967502114,-408.3527126690735,-434.2793397431769,-457.7211097188493,-478.9161764828988,-498.07986868379805,-515.4068773323503,-531.0732338101276,-545.2380982653564,-558.0453766092106,-569.6251824746446,-580.0951591706353,-589.5616748135503
400,0.078515625,-74.72914196563693,-133.9911348708638,-187.5730449227109,-236.01941851312068,-279.8225241545963,-319.42741435001255,-355.23647089529675,-387.613503032983,-416.887447990974,-443.3557149492437,-467.28720770358194,-488.92505704460683,-508.48909124269056,-526.1780694899727,-542.1717013168707,-556.6324724054108,-569.7072954050691,-581.5290024615439,-592.2176948074158,-601.8819628771297
401,0.078125,-76.24990657026609,-136.7190794714909,-191.39275994622716,-240.82639323578155,-285.5221996206574,-325.93426605070937,-362.4731577262124,-395.51008946906734,-425.3806973580888,-452.3884489147192,-476.80772645156566,-498.8866146767306,-518.8494212775557,-536.8989557393494,-553.2185898310553,-567.9741205732921,-581.3154546610576,-593.378131385127,-604.28469970831,-614.1459632339639
402,0.077734375,-77.72295647783926,-139.35910941710299,-195.08762076709743,-245.47485424552994,-291.03280047262166,-332.224342062419,-369.4679812344145,-403.1421022481453,-433.5888202491445,-461.1174592297013,-486.007695800267,-508.51240104426114,-528.860209976986,-547.2578444681079,-563.89221356023,-578.932312427794,-592.5309393281915,-604.8262479247819,-615.9431509428426,-625.9945891658351
403,0.07734375,-79.1845956843826,-141.9811042125496,-198.7590690007318,-250.0953102328279,-296.51137612834526,-338.47882975981724,-376.42403775797095,-410.7325020499048,-441.7527765712311,-469.8000086564344,-495.1591410325642,-518.0878067012076,-538.8189465232828,-557.563175741865,-574.5109237680299,-589.8343688484297,-603.6891873172533,-616.2161351317778,-627.5424779475195,-637.783284004067
404,0.07695312500000001,-80.5969279180635,-144.51220251043733,-202.30138591803384,-254.55178588546605,-301.7943256871012,-344.50900431828603,-383.12979912475697,-418.049085945186,-449.6216303290898,-478.1681941285916,-503.9787955302352,-527.3156560033136,-548.4158647711893,-567.4937876322971,-584.7432449423695,-600.33948079084,-614.4409434399371,-627.1908950482352,-638.718867227814,-649.1419769649453
405,0.0765625,-81.99718802348632,-147.0242046551576,-205.81890639026838,-258.97859893273574,-307.04335424853076,-350.5014844157522,-389.7945000691725,-425.32159582578606,-457.4437060340836,-486.4871719082196,-512.7470572298273,-536.4901460435354,-557.9576532069793,-577.367674968482,-594.917404753769,-610.7851365498994,-625.1320762893653,-638.1039795609992,-649.8326324791975,-660.4371904933402
406,0.076171875,-83.34662485443349,-149.44246849538655,-209.20321732834077,-263.23621753154106,-312.0905063873299,-356.2624591504338,-396.2008591341285,-432.31146874451974,-464.9611569155797,-494.48162877052437,-521.172796887579,-545.305828797426,-567.1259023589377,-586.8546967642316,-604.692644826433,-620.8209693372302,-635.4035242487635,-648.5884593154832,-660.50972530844,-671.2884348311379
407,0.07578125000000001,-84.68334676567737,-151.84060469122315,-212.56138634099443,-267.46256192903274,-317.1018944128062,-361.9836919329729,-402.56392835086507,-439.25487544486776,-472.42929144268106,-502.4242082445454,-529.544355720867,-554.0652575985922,-576.2360307973051,-596.2819162828731,-614.406567438568,-630.7941190761965,-645.6110581594279,-659.0079151646299,-671.1207934610434,-682.0727519792143
408,0.07539062500000002,-85.9678074530373,-154.14230525884818,-215.78247287394356,-271.5147584190434,-321.9054666078541,-367.46658358159857,-408.66100663268816,-445.9072590818867,-479.5837475655944,-510.0326090156571,-537.5631879611578,-562.4551798755105,-584.9614732084755,-605.3107187340509,-623.7096526711015,-640.3451970821127,-655.3863589590396,-668.9859472165538,-681.2821252428354,-692.3998145120921
409,0.07500000000000001,-87.2389300404219,-156.4228777681921,-218.97611242123648,-275.53411754662847,-326.6714870599854,-372.90774755660647,-414.71263304551616,-452.51085677388613,-486.68642608333795,-517.5865438822825,-545.5251362596647,-570.7860417880216,-593.625895329711,-614.2767352637852,-632.9483609131677,-649.8304639926251,-665.094555786911,-678.8957095533685,-691.3741360551675,-702.6566079565043
410,0.074609375,-88.45643403574391,-158.60446598611324,-222.02900781007042,-279.3746436257939,-331.2240723766484,-378.10410164663926,-420.49102895619535,-458.8154932115598,-493.46685527927593,-524.7971563522569,-553.124695926232,-578.7372661492273,-601.8950761280877,-622.8333956572183,-641.7649455901868,-658.8820590409417,-674.3586354455538,-688.3519072591629,-701.0040374497004,-712.4435637425375
411,0.07421875,-89.65999733102107,-160.76395836712805,-225.05319360889337,-283.1808200586564,-335.7373766046576,-383.2568072231013,-426.22188177461425,-465.06910009873206,-500.1931265403869,-531.9507996552687,-560.6647577007697,-586.6267164373941,-610.1004329590238,-631.32438527243,-650.5141951457279,-667.864818706552,-683.552527103533,-697.7366972638101,-710.5614311502966,-722.1570196870322
412,0.073828125,-90.80866732112007,-162.8220703500355,-227.933190434467,-286.8037537805748,-340.031955081035,-388.1586110653811,-431.67268506876053,-471.01626757248044,-506.5890733103234,-538.7525049170404,-567.8333260629597,-594.1269818180745,-617.9006007246511,-639.3957088299612,-658.8306836233709,-676.4029727075443,-692.2910998231692,-706.6564785253274,-719.6450521572768,-731.3887765000155
413,0.0734375,-91.94281552645757,-164.8571528566032,-230.78325948685617,-290.39087880733524,-344.28558410727504,-393.0149134393826,-437.0739281193538,-476.9102415285703,-512.9285664723054,-545.4948269351216,-574.9398758592473,-601.5628563894506,-625.6342411579479,-647.3985800843166,-667.0769849096307,-684.8693755669742,-700.9565112722948,-715.5018268754093,-728.6530933448639,-740.5439189658404
414,0.07304687500000001,-93.02088034364407,-166.7886151238959,-233.48591694406673,-293.79063375684274,-348.3155336306615,-397.6146085423386,-442.18873369873023,-482.49076948840445,-518.9301681846247,-551.8771366101105,-581.6663987666664,-608.6005970933661,-632.9533676770212,-654.972120403556,-674.8805526771358,-692.8809221402519,-709.1561015683927,-723.871436729113,-737.1764263075357,-749.2062406743642
415,0.07265625,-94.08386471836774,-168.69614988234954,-236.15747478563964,-297.15317650151883,-352.30292896670693,-402.1670200449895,-447.25203915811346,-488.016023042631,-524.8731089272815,-558.1977419980931,-588.3284797321808,-615.5714314024605,-640.2033681315249,-662.4745346744693,-682.6111918080373,-700.8179150095953,-717.2796728456444,-732.1637060845972,-745.6212268492508,-757.7889547721468
416,0.072265625,-95.08966205909988,-170.49798423062768,-238.6786255022972,-300.3245103730399,-356.0620354426509,-406.4575137219105,-452.0229599792914,-493.22130623658603,-530.4711109643407,-564.1508143440597,-594.6025845917566,-622.1357948649621,-647.0301668700865,-669.5386128451075,-689.8898051851428,-708.2904997069497,-724.9276362451617,-739.9702378291978,-753.5711279705608,-765.8684832071087
417,0.07187500000000001,-96.0798435449127,-172.2750299585083,-241.16755281403118,-303.4572861189085,-359.77704896141597,-410.69901509149474,-456.7405209122309,-498.3693202564992,-536.0083362077379,-570.0399577868538,-600.809924976008,-628.6308411788111,-653.7853492484286,-676.5290029171123,-697.0928631205192,-715.6858454406012,-732.4968425871158,-747.6966433745224,-761.4396679224658,-773.8655363995791
418,0.071484375,-97.01182253184415,-173.94445805183162,-243.50330927390522,-306.39530879617047,-363.25951589108683,-414.673691391875,-461.1602001420553,-503.1913319928362,-541.1941062286803,-575.5546128653712,-606.6219367373748,-634.7117046917082,-660.1092927458105,-683.072725518821,-703.835297801848,-722.6079447844642,-739.5813851136434,-754.92805845996,-768.8038775191402,-781.3498119383295
419,0.07109375,-97.92767437707032,-175.58827475608462,-245.80576845764426,-309.29348725902355,-366.6964196352585,-418.59774297035983,-465.5247429530072,-507.95416927055925,-546.3170787452896,-581.0032146176422,-612.3649662701531,-640.7209492262623,-666.3592422562016,-689.5403140250198,-710.4996693491029,-729.4502417832285,-746.5845569224289,-762.0766882838826,-776.0840258802364,-788.7488751325753
420,0.070703125,-98.78439796017591,-177.12272242637877,-247.9525290172461,-311.99366838329104,-369.8968770862507,-422.2504729187549,-469.58636535394515,-512.3854738397137,-551.0826200452464,-586.0709485007366,-617.7059223985274,-646.3089356035132,-672.1705784171443,-695.5535899859868,-716.6955277748473,-735.8111811004387,-753.0947533486781,-768.7218349424215,-782.8511873562161,-795.6263559819001
421,0.0703125,-99.62450797736287,-178.630775465995,-250.06496989026792,-314.65278088202695,-373.0503717736953,-425.8510243642537,-473.5911605909946,-516.7557908828292,-555.7834411432582,-591.0706078771716,-622.9757865098413,-651.8231134033734,-677.9056590497289,-701.4884054238895,-722.8109380926227,-742.0898802563288,-759.5210935356732,-775.281667742446,-789.5317200990758,-802.4160218549929
422,0.069921875,-100.40465514043797,-180.0278766664742,-252.01942431059845,-317.11095681042843,-375.96388462797523,-429.1761753741406,-477.288462989097,-520.7895549784075,-560.1214049360138,-595.6836057090566,-627.8374507521443,-656.909605384071,-683.1954261231848,-706.9619615202357,-728.4506654186728,-747.8798500738469,-765.4469041639773,-781.3302981170771,-795.6913973884687,-808.6761017784604
423,0.06953125,-101.16772796985961,-181.39784080540488,-253.9385897785245,-319.52690340512913,-378.8291081147493,-432.4476753219319,-480.9273360881807,-524.7606137335704,-564.3928270684532,-600.2266144940795,-632.6260247057729,-661.9202151104681,-688.4067960296907,-712.35485416634,-734.0076864150536,-753.5852716055257,-771.2865053805499,-787.2912207875603,-801.7620153704249,-814.8459029807223
424,0.06914062500000001,-101.87009576184128,-182.6554412494099,-255.69772431621078,-321.7392836144242,-381.45118365903454,-435.4401198588615,-484.25461700613295,-528.3906169623164,-568.2965237892738,-604.3777625108507,-637.0008997584843,-666.497368612738,-693.1668363925988,-717.280249284998,-739.0825852090596,-758.7953427381722,-776.6187914847434,-792.7340066940852,-807.3047089891111,-820.4789276120674
425,0.06875,-102.5549548024221,-183.88520413025324,-257.4206552418928,-323.9083392372302,-384.0237182115523,-438.37752422560885,-487.5219575284912,-531.9562948965412,-572.1319613982852,-608.4571164928217,-641.30080081,-670.9966852656156,-697.8464611184468,-722.1229048880709,-744.072649651851,-763.9186906782833,-781.8626509505225,-798.0868294628023,-812.7560533675876,-826.019352434479
426,0.068359375,-103.1784602125412,-185.00136464705574,-258.9817573428562,-325.87151222661043,-386.35031313310475,-441.0326477911104,-490.4740860628518,-535.176939463245,-575.5953711190597,-612.1400130978154,-645.1821399914427,-675.0574415985955,-702.0694339756701,-726.4925431678909,-748.5748934332072,-768.5408281293556,-786.5931890026178,-802.9153769113041,-817.6732152012208,-831.0166343065748
427,0.06796875000000001,-103.78404946630945,-186.08903009902897,-260.5057971790785,-327.7903325126705,-388.6261923427035,-443.6314276692858,-493.36485647543,-538.3317391453846,-578.988910941691,-615.749423029682,-648.986738940947,-679.0385286046692,-706.2100990320255,-730.7774959586053,-752.9903083551991,-773.0742040874756,-791.2332225918284,-807.6518477181475,-822.4968820767577,-835.9191415627673
428,0.067578125,-104.32773108913813,-187.06202961559026,-261.8664596495699,-329.5012710495506,-390.6537189465984,-445.94513589634954,-495.9372801860704,-541.1380584601206,-582.0066926271188,-618.9583886363779,-652.3685565646356,-682.576625321436,-709.8894917028563,-734.5846384688612,-756.9129536279444,-777.1012794020509,-795.3547169049783,-811.8587098178264,-826.7809285223403,-840.2729734632254
429,0.0671875,-104.85311682936158,-188.00592064534024,-263.1892586273954,-331.16689760861317,-392.6294339807659,-448.2012846913014,-498.44702379955896,-543.8771162231147,-584.9531030123502,-622.0922901447095,-655.6719882010395,-686.0333454623915,-713.4848139323361,-738.3052829210505,-760.7469124457684,-781.0376950068468,-799.3837718808821,-815.9715273134868,-830.9694821761587,-844.5300059430037
430,0.066796875,-105.31613632361946,-188.83425880038843,-264.34738329122996,-332.62296332861035,-394.35476564207613,-450.1700095670548,-500.6357756289975,-546.2647824505067,-587.5206026388191,-624.8223758106998,-658.5490686754385,-689.043325880947,-716.6149517524092,-741.5440579078485,-764.08390925655,-784.4634971115163,-802.8898657039563,-819.5502155977287,-834.6138056755909,-848.2336726362964
431,0.12187500000000001,106.50427113827317,190.966565537979,267.33392332195115,336.3821239749212,398.8126313495375,455.259691166515,506.29676567262726,552.4423567190903,594.1652724640724,631.8893898137296,665.9979605867816,696.8375051196622,724.7213326200683,749.932724203674,772.7278108415807,793.3381754647119,811.9732056852777,828.822221072979,844.0563964580114,857.8305009870016
432,0.06640625,-105.7605084139273,-189.6329199751204,-265.4669017649521,-334.0328279602563,-396.02727024689483,-452.0800487114306,-502.76062295617186,-548.5838753320527,-590.015341014869,-627.4759373392656,-661.3462401507634,-691.9703500572875,-719.6593884452384,-744.6946581733056,-767.330501493677,-787.7968839944202,-806.3017309383096,-823.0330395764413,-838.1607891952721,-851.8386679058585
433,0.066015625,-106.14215183035202,-190.31531949162402,-266.42070277960437,-335.231775535847,-397.4477463498333,-453.7007542126973,-504.5623274946589,-550.5492062254151,-592.1285989189897,-629.7229325797878,-663.714146213147,-694.4475718743644,-722.235443723776,-747.3600703272557,-770.0767029800035,-790.6161289991396,-809.1870164869379,-825.9780342410004,-841.1597686607248,-854.8864567278487
434,0.065625,-106.50482513959413,-190.96751946181456,-267.33521475427585,-336.38370466595734,-398.81446210837845,-455.2617391680111,-506.2990029238346,-552.4447592488253,-594.1678196232327,-631.8920637158077,-666.0007458174048,-696.8403882858131,-724.7243021647137,-749.93577011393,-772.730924444334,-793.3413492425059,-811.9764331526545,-828.8254965541518,-844.0597150534584,-857.833858423412
435,0.0,-106.80450400685005,-191.5029280912312,-268.0832213298404,-337.32368522539804,-399.9278920978567,-456.5319258847828,-507.7108815499063,-553.9847237582464,-595.8235765326508,-633.6525029168139,-667.855825292561,-698.7810306481309,-726.742301538424,-752.0237081796262,-774.8820946751829,-795.5496884902129,-814.2364598478584,-831.1322548667234,-846.408724431536,-860.2210679853318
436,0.0,-107.08491933929778,-192.0076612771996,-268.79131683148086,-338.21590289510965,-400.9867119789473,-457.74145019651587,-509.0567078580022,-555.4538148596952,-597.4041361134625,-635.3338600315735,-669.628328400769,-700.635951017753,-728.6717454815109,-754.0205374530582,-776.9398543655128,-797.6625417192528,-816.3991286787151,-833.33996683432,-848.6571641728865,-862.5063334861105
437,0.06523437500000001,-106.80450400685005,-191.5029280912312,-268.0832213298404,-337.32368522539804,-399.9278920978567,-456.5319258847828,-507.7108815499063,-553.9847237582464,-595.8235765326508,-633.6525029168139,-667.855825292561,-698.7810306481309,-726.742301538424,-752.0237081796262,-774.8820946751829,-795.5496884902129,-814.2364598478584,-831.1322548667234,-846.408724431536,-860.2210679853318
438,0.06484375,-107.08491933929778,-192.0076612771996,-268.79131683148086,-338.21590289510965,-400.9867119789473,-457.74145019651587,-509.0567078580022,-555.4538148596952,-597.4041361134625,-635.3338600315735,-669.628328400769,-700.635951017753,-728.6717454815109,-754.0205374530582,-776.9398543655128,-797.6625417192528,-816.3991286787151,-833.33996683432,-848.6571641728865,-862.5063334861105
439,0.064453125,-107.30217157450464,-192.3952534272559,-269.3323755057874,-338.8954668822929,-401.79137874897725,-458.65915919816007,-510.07658303663294,-556.5660378207724,-598.5998381888036,-636.6050278110799,-670.9677198511796,-702.037020433377,-730.1285760621754,-755.5277805902803,-778.4926748957549,-799.2565685150226,-818.0304100341186,-835.0049301647022,-850.3525796040999,-864.2292809510053
440,0.06406250000000001,-107.49989656602868,-192.75174162702086,-269.83296283444514,-339.5265975850078,-402.540670472474,-459.51535833892035,-511.02948566451045,-557.6064025154748,-599.7193004251811,-637.7960193991316,-672.2233945516207,-703.3511858972247,-731.4956318567382,-756.942661913382,-779.9508015348586,-800.7537986057345,-819.5629981908164,-836.5694895844512,-851.9460477764417,-865.8488886346486
441,0.063671875,-107.6343871314633,-192.99091954132646,-270.166239123482,-339.9446968349529,-403.0353328257462,-460.0791739809378,-511.65578406770646,-558.2891680536069,-600.4531029208845,-638.575954499792,-673.0450313797983,-704.2105205275301,-732.3890456945024,-757.8668843154452,-780.902876163686,-801.7310531020062,-820.5630168125301,-837.5900885080913,-852.9852527925225,-866.9049149994742
442,0.06328125,-107.74911690664923,-193.1986131139622,-270.458546513611,-340.3137676084977,-403.47394134555213,-460.58072818692733,-512.2142942761828,-558.899202880865,-601.1097425288926,-639.2747451219891,-673.7819426307257,-704.9819059845138,-733.191606809913,-758.6976375311675,-781.7591230239651,-802.6103531359086,-821.4631629542002,-838.5090848324663,-853.9212943575642,-867.8563696009119
443,0.062890625,-107.80063840641742,-193.28900792747558,-270.58352638148233,-340.46975719133746,-403.65783617533504,-460.7897805980775,-512.4460495458483,-559.1514574233738,-601.38051303059,-639.5622438523199,-674.0845567043474,-705.2981794354896,-733.5202248349958,-759.0374125022821,-782.108981995033,-802.9693266433285,-821.8303749517139,-838.883743631711,-854.3026844643184,-868.2438443530936
444,0.0625,-107.83219607384515,-193.3475866839904,-270.66710325195555,-340.5761991931798,-403.78508554879465,-460.9359170045727,-512.6093067917973,-559.330222540091,-601.5733184534421,-639.7677571030938,-674.301569461865,-705.5255968203647,-733.7570552644207,-759.2827582558489,-782.3620305274897,-803.2293426331555,-822.0966930489376,-839.1557618598364,-854.5798582262307,-868.5256809919656
445,0.062109375,-107.80066905370812,-193.28905895848052,-270.5835938577683,-340.4698383516923,-403.65792894845447,-460.7898833517032,-512.4461609450659,-559.1515763484639,-601.3806385249,-639.5623750879467,-674.0846929580018,-705.2983200716441,-733.5203692926278,-759.0375602859369,-782.1091326662489,-802.9694798145639,-821.8305302802758,-838.8839008153691,-854.3028432368075,-868.2440044804504
446,0.06171875,-107.74900599407472,-193.1984326807523,-270.45831154107975,-340.313487778896,-403.4736234290348,-460.58037724192025,-512.2139142716538,-558.8987970472978,-601.1093135667126,-639.2742953338936,-673.7814740091217,-704.9814202735029,-733.1911055489774,-758.6971220906184,-781.7585946295662,-802.6098128903893,-821.4626118527939,-838.5085237773694,-853.9207241687102,-867.855791025683
447,0.061328125000000004,-107.63447906030993,-192.99107261361033,-270.1664415276059,-339.94494028890375,-403.03561111697064,-460.07948221318003,-511.65611823677517,-558.2895248007225,-600.4534793763975,-638.5763481800323,-673.0454401150457,-704.210942411097,-732.3894790433499,-757.8673276431373,-780.9033281548036,-801.7315125938225,-820.5634827769468,-837.5905600382616,-852.9857290896066,-866.905395361418
448,0.060937500000000006,-107.49967496556457,-192.75138113358085,-269.83249338600706,-339.52603852843527,-402.5400353357357,-459.5146572281116,-511.0287265091974,-557.6055917692878,-599.7184434826479,-637.7951208596656,-672.222458394949,-703.3502156065904,-731.4946305069155,-756.9416322410189,-779.9497459880183,-800.7527193865839,-819.5618972870146,-836.5683687975888,-851.9449087440472,-865.8477328491107
449,0.060546875,-107.30232467294,-192.39550835630197,-269.3327125955458,-338.8958723393795,-401.79184222759864,-458.65967254341325,-510.07713958004945,-556.566631968577,-598.6004651619033,-636.6056834726533,-670.9684005877366,-702.0377230688196,-730.1292977932284,-755.5285189409889,-778.4934276751245,-799.2573337862068,-818.0311860847225,-835.0057154839154,-850.3533728613378,-864.2300809765342
450,0.06015625,-107.08458741211402,-192.0071213214946,-268.79061369716135,-338.2150655640457,-400.98576071686745,-457.7404001407123,-509.0555708856452,-555.4526006365438,-597.40285271857,-635.3325143522834,-669.6269263965918,-700.6344979036901,-728.6702458613073,-754.0189954238041,-776.9382735924704,-797.6609254991013,-816.3974799873336,-833.3382883684679,-848.655458384164,-862.5046026083478
451,0.059765625,-106.8047180380712,-191.50328448417906,-268.0836925844243,-337.32425205593466,-399.9285400412198,-456.53264353939454,-507.7116595934894,-553.9855543709853,-595.8244530336123,-633.6534195225639,-667.8567769514991,-698.7820129191991,-726.7433105024626,-752.0247403746058,-774.8831470380669,-795.5507583126096,-814.2375447357426,-831.13335270724,-846.4098333643689,-860.2221863744965
452,0.059375000000000004,-106.50438337095717,-190.96680084443148,-267.3342789876724,-336.38259032621687,-398.81319617164417,-455.2603417811689,-506.2974898949355,-552.443143441504,-594.166111788564,-631.8902730180788,-665.9988801861994,-696.8384546584571,-724.7223066657606,-749.9337181933774,-772.7288209782208,-793.3391986156694,-811.9742393237511,-828.8232631096785,-844.0574452544894,-857.8315552406065
453,0.058984375000000006,-106.14242642491892,-190.3157767357242,-266.42130738375903,-335.2325027513517,-397.44857762079897,-453.7016749100209,-504.5633256576655,-550.5502718222244,-592.1297233792263,-629.7241084831561,-663.7153670792958,-694.4488320047625,-722.236738090357,-747.3613944877656,-770.0780530044549,-790.6175014121533,-809.1884082171212,-825.9794425767278,-841.1611912152354,-854.8878914016319
454,0.05859375,-105.75995747430473,-189.63202380603923,-265.4657348279714,-334.03143837054193,-396.02569165448455,-452.078306243856,-502.758736326189,-548.5818605812466,-590.01321154996,-627.4737045846762,-661.3439139927171,-691.9679391427127,-719.6569004085616,-744.6920998067486,-767.3278788738336,-787.7942025856098,-806.2989956742616,-823.0302549258097,-838.1579592221383,-851.8357963119456
455,0.058203125,-105.3164710405169,-188.83481616298388,-264.3481202714298,-332.62384975209585,-394.3557788892009,-450.1711318037532,-500.6369922751029,-546.2660812784914,-587.5219732034446,-624.823809066333,-658.5505567232481,-689.0448617740198,-716.6165293623709,-741.5456718189394,-764.0855546775593,-784.465169805354,-802.8915619263493,-819.5519320424371,-834.615539432802,-848.2354211462635
456,0.0578125,-104.85245757045483,-188.0048483275397,-263.1878623688223,-331.1652349967105,-392.62754528998437,-448.19919999095123,-498.44476667858754,-543.8747058750176,-584.9505554767309,-622.089619086455,-655.6692054441052,-686.0304613471826,-713.4818375892039,-738.3022224709158,-760.7437751537765,-781.0344874055688,-799.3804998683822,-815.9681962317715,-830.9660968832727,-844.5265708639022
457,0.057421875000000004,-104.32812546790808,-187.06268633140124,-261.86732799506666,-329.50231546533087,-390.6549127790584,-445.9464581303926,-495.93871364270217,-541.1395887328428,-582.0083074097897,-618.9600772704674,-652.370309742914,-682.5784348576094,-709.8913503760673,-734.5865398964775,-756.9148921634683,-777.1032500516316,-795.3567152556279,-811.8607319725876,-826.7829710514333,-840.2750333494367
458,0.057031250000000006,-103.78328302830305,-186.0877835190489,-260.5041740972747,-327.7883998981488,-388.62399702906333,-443.6290046175173,-493.3622331081224,-538.3289377720565,-578.9859502031595,-615.7463188035572,-648.9835049640691,-679.0351768882243,-706.2066401812265,-730.7739394043347,-752.9866625341132,-773.0704765847559,-791.2294202557908,-807.647976750927,-822.4929481186189,-835.9151497509841
459,0.056640625,-103.17891370327261,-185.0021198033335,-258.9827558474702,-325.87271318239056,-386.35168588833477,-441.03416817886966,-490.4757343289894,-535.178699042307,-575.597227860851,-612.1419547456114,-645.1841558421469,-675.059522237315,-702.0715710981193,-726.4947294325826,-748.5771223453278,-768.5430939442678,-786.595486643856,-802.9177018956321,-817.6755635828246,-831.0190026141343
460,0.05625,-102.55408241650856,-183.8837853217253,-257.4188080216742,-323.9061398575789,-384.02121999453806,-438.374766969523,-487.51897244510354,-531.9531073734311,-572.1285926442537,-608.453584568961,-641.2971213395764,-670.9928719068314,-697.8425259296512,-722.1188585903915,-744.0685018354827,-763.9144499645554,-781.8583251229286,-798.0824255698856,-812.751577819218,-826.0148110687568
461,0.055859375,-101.87060774234988,-182.65629381322273,-255.6988516154886,-321.7406394684659,-381.45273345873784,-435.44183631831453,-484.25647782310534,-528.3926034350145,-568.2986199425333,-604.3799545062972,-637.0031755111472,-666.4997174913032,-693.1692490196791,-717.2827173692588,-739.0851014151613,-758.7979005773886,-776.6213852229071,-792.7366312667234,-807.307359938686,-820.481601016915
462,0.055468750000000004,-101.16675109692393,-181.39625218318744,-253.9365216133237,-319.52444111670496,-378.8263114300195,-432.44458881164115,-480.923994700031,-524.7570458876089,-564.3890565015092,-600.2226614154529,-632.6219065932835,-661.9159472406855,-688.4023918879251,-712.3503257402158,-734.0030444266339,-753.5805256924721,-771.2816642433979,-787.2862923047572,-801.7570067062841,-814.8408206603648
463,0.055078125000000006,-100.4052248756155,-180.0288254165659,-252.02067878829448,-317.1124656148692,-375.96560924058014,-429.17808542870097,-477.2905336674686,-520.7917654693879,-560.1237374623042,-595.6860448704149,-627.8399830985339,-656.9122190824274,-683.198110735541,-706.9647078163318,-728.4534652320965,-747.8826961799535,-765.4497901779511,-781.3332183994057,-795.694346975185,-808.6790763022057
464,0.0546875,-99.62342817962467,-178.62901961052194,-250.0626841863431,-314.6500597920342,-373.0472813399637,-425.8476138610907,-473.5874686458193,-516.7518489001751,-555.779275346037,-591.0662405858714,-622.9712370234107,-651.8183985867007,-677.9007937876248,-701.4834029455451,-722.8058102291969,-742.0846376409758,-759.5157457668826,-775.276223511183,-789.5261873081112,-802.4104077018977
465,0.054296875,-98.78502460670364,-177.12376596105395,-247.9539088160812,-311.9953278974296,-369.8987739425012,-422.25257371501465,-469.5886427931978,-512.3879050324414,-551.0851854384587,-586.0736311552228,-617.7087075187183,-646.3118101716415,-672.1735309492658,-695.5566103256629,-716.698606935641,-735.8143111313548,-753.0979272225361,-768.7250464519433,-782.8544310372457,-795.6296270268609
466,0.05390625,-97.92649339317175,-175.58635453957183,-245.8032690075343,-309.2905119416596,-366.6930407089879,-418.5940143363551,-465.52070685579747,-507.94986004570177,-546.3125250550354,-580.9984408523701,-612.3599935126692,-640.7157958962448,-666.3539246073402,-689.5348465002611,-710.4940648632871,-729.4445119417504,-746.578712200436,-762.0707381654527,-776.077978988757,-788.7427393218039
467,0.053515625000000004,-97.01250520322219,-173.94559489811226,-243.5048124452607,-306.39711667269563,-363.26158230322216,-414.6759799485138,-461.1626811062927,-503.19398042947216,-541.1969008367068,-575.5575351904677,-606.6249706587544,-634.7148360245618,-660.1125089753116,-683.0760155754843,-703.8386518905525,-722.611354237654,-739.5848422702222,-754.9315565522671,-768.8074105891483,-781.3533747437608
468,0.053125000000000006,-96.07856332424267,-172.27294860276925,-241.1648438762475,-303.45406171490794,-359.7733874543649,-410.69497492324075,-456.7361478738496,-498.36465155423315,-536.003402890369,-570.0347862679117,-600.8045380800027,-628.6252588422471,-653.7795890592369,-676.5230805005187,-697.0867924462932,-715.6796390600771,-732.4905118280218,-747.6901984920967,-761.4331182405532,-773.8588904097355
469,0.052734375,-95.0903997453453,-170.49921270917872,-238.68024982061314,-300.326463926792,-356.06426833198856,-406.4599866201595,-452.0256407542413,-493.2241679448352,-530.4741305887648,-564.1539719427608,-594.6058627422793,-622.1391782359406,-647.0336419334008,-669.5421676335454,-689.8934291081694,-708.294183391938,-724.9313714070468,-739.9740171486415,-753.5749450031452,-765.8723322823987
470,0.05234375,-94.08248726784834,-168.69391070140063,-236.15456073160036,-297.14970827885895,-352.29899092891475,-402.1626750865807,-447.24733654509964,-488.0110027909686,-524.8678044190584,-558.1921816229079,-588.3226880138214,-615.5654297560233,-640.1971754442902,-662.4681677222064,-682.604665586426,-700.8112429893396,-717.2728671827108,-732.156777783156,-745.6141859131757,-757.7818103121361
471,0.051953125,-93.0216719415607,-166.78993339978373,-233.48765997635377,-293.79273005121576,-348.3179296292466,-397.6172620413921,-442.1916102195814,-482.493840120583,-518.9334082299378,-551.8805246693001,-581.6699161415079,-608.6042273284402,-632.9570962502742,-654.9759344669067,-674.8844408592364,-692.8848743760559,-709.1601089598338,-723.8754914147521,-737.1805213648144,-749.2103700118967
472,0.051562500000000004,-91.94134307331575,-164.85475953027293,-230.78014517678653,-290.3871726295438,-344.28137627880136,-393.01027120944485,-437.0689041488537,-476.9048785749032,-512.9229001911832,-545.4888876393169,-574.9336897241883,-601.5564462658435,-625.6276271932361,-647.3917801691582,-667.0700150330238,-684.8622500891656,-700.9492431501778,-715.4944278371333,-728.6455740514268,-740.536289126158
473,0.051171875000000006,-90.8095116567434,-162.8234764701997,-227.93504959144855,-286.8059896908843,-340.034510605968,-388.16144118657223,-431.67575301316305,-471.0195425064391,-506.5925288919453,-538.7561183218635,-567.8370773445703,-594.1308534209144,-617.9045771533179,-639.3997763733909,-658.8348301448867,-676.4071874630931,-692.2953733132986,-706.6608023566149,-719.6494189377414,-731.3931797249198
474,0.05078125,-89.65843222932189,-160.76141478399362,-225.04988417643796,-283.1768821168472,-335.7329061001897,-383.2518756566152,-426.21654511759357,-465.0634037782022,-500.187108422943,-531.9444919212237,-560.6581881271178,-586.6199092652282,-610.0934095547404,-631.317164604047,-650.5067941612463,-667.8572526243523,-683.5448096526635,-697.7288408700907,-710.5534471077021,-722.1489182806166
475,0.050390625,-88.45732986551431,-158.60595788113068,-222.03098034834062,-279.37701584173857,-331.2267836327949,-378.1071041763769,-420.4942837474045,-458.8189675540058,-493.47052122704855,-524.8009896897836,-553.1286754881551,-578.7413733051677,-601.899294431086,-622.8377105521439,-641.7693441913927,-658.8865299395281,-674.3631685529356,-688.3564936605866,-701.0086692929441,-712.448234117491
476,0.05,-87.23727481160398,-156.42018809377555,-218.97261336739658,-275.529954476821,-326.6667615073273,-372.90253516254273,-414.7069930016935,-452.50483709993136,-486.6800667894096,-517.5798789564758,-545.5181950267765,-570.7788498309396,-593.6184751895182,-614.26910694553,-632.940542286973,-649.8224711012513,-665.086403100642,-678.8874101674063,-691.3657018705111,-702.6480498106008
477,0.049609375000000004,-85.96875347132169,-154.14388075533313,-215.7845559126981,-271.51726346526937,-321.9083296118282,-367.46975409841167,-408.66444346935674,-445.91092770065376,-479.5876184582692,-510.0366566113524,-537.5673899062814,-562.4595164913941,-584.9659271194427,-605.3152745606885,-623.7142967958866,-640.3499174460812,-655.3911448972533,-668.9907893040084,-681.287015176614,-692.4047449849875
478,0.049218750000000006,-84.68160410360137,-151.83777337655107,-212.5577035462502,-267.4581808276225,-317.0969219714474,-361.97820781571545,-402.5579948727526,-439.248543135654,-472.42260238396614,-502.41719816814094,-529.5370554417352,-554.0576939892894,-576.2282275261327,-596.2738943486386,-614.3983455939464,-630.7857141521174,-645.6024853342348,-658.9991881725449,-671.1119247822413,-682.063752978048
479,0.048828125,-83.34761969671715,-149.4441253212248,-209.20540785635646,-263.238851776179,-312.0935169774562,-356.26579303626096,-396.20447300281796,-432.31532628224585,-464.9652270955908,-494.48588470405093,-521.1772150649268,-545.3103885193199,-567.1305853448397,-586.8594868310566,-604.6975276425632,-620.825932209022,-635.4085559481883,-648.5935499187683,-660.5148660718551,-671.2936180589218
480,0.0484375,-81.9953607570106,-147.02123637401615,-205.81504602888418,-258.9740072502949,-307.0381434850791,-350.49573813406363,-389.7882836062693,-425.31496213515777,-457.4366991932196,-486.4798293255042,-512.739411149998,-536.4822245741623,-557.949481093819,-577.3592741587111,-594.9087948410914,-610.776335115414,-625.1230991846451,-638.0948411273957,-649.8233457468062,-660.4277673266312
481,0.048046875,-80.59797012464351,-144.5139382334986,-202.3036807092422,-254.55454543480147,-301.79747939922436,-344.51249661729986,-383.13358464352774,-418.0531266491586,-449.6258937200542,-478.1726520402526,-503.98342333145985,-527.3204320041165,-548.4207698119404,-567.4988047485228,-584.7483591076007,-600.3446786934013,-614.4462133030814,-627.1962264618597,-638.7242510180947,-649.1474050568326
482,0.047656250000000004,-79.18268676812946,-141.978003846089,-198.755037520052,-250.09051574881116,-296.5059359872154,-338.4728312939965,-376.41754922082026,-410.72557872869714,-441.7454644606922,-469.7923467715992,-495.15116298505444,-518.0795417766611,-538.8104204930588,-557.5544114541858,-574.5019416143234,-589.825187120323,-603.6798225031988,-616.2066021469535,-627.5327903413894,-637.7734541132219
483,0.047265625000000006,-77.72404451479646,-139.36092148025767,-195.09001642837362,-245.47773500328805,-291.03609260977754,-332.22798756009274,-369.4719327403908,-403.14632006558105,-433.5932704581321,-461.1221124290488,-486.0125262740143,-508.5173861432832,-528.8653296897701,-547.2630810723103,-563.8975513548382,-578.9377375006594,-592.5364393689982,-604.8318120501997,-615.9487695602438,-626.0002538306259
484,0.046875,-76.24791907085118,-136.7158520851318,-191.3885640353364,-240.82140401988272,-285.51653937891376,-325.92802575159106,-362.466408430152,-395.50288870412714,-425.373092954937,-452.3804814227573,-476.7994307842799,-498.87802123892726,-518.8405568125513,-536.8898439474282,-553.2092518565265,-567.9645753772438,-581.3057193311474,-593.3682213758234,-604.2746290567522,-614.1357447198034
485,0.046484375,-74.73027425332249,-133.99302063960272,-187.5755379589155,-236.02241626115884,-279.8259498818033,-319.431207680623,-355.2405825636289,-387.6178917403383,-416.8920784471532,-443.360556562133,-467.2922337101378,-488.93024386905296,-508.4944180496117,-526.1835178232946,-542.1772548218485,-556.6381165873916,-569.7130174356455,-581.534790997508,-592.22353984882,-601.8878556197201
486,0.04609375,-73.19558287707169,-131.24289497194144,-183.72698417951943,-231.1809644115998,-274.08689857620266,-312.88066476409,-347.9563729717121,-379.67036444847514,-408.34482980083465,-434.27108123979184,-457.7125117261889,-478.90727046197065,-498.0706822925308,-515.3974350707161,-531.0635575273728,-545.2282075481212,-558.03528910408,-569.6149141384461,-580.084724494299,-589.5510869887119
487,0.045703125000000004,-71.62127551550871,-128.41851262064156,-179.77183207310628,-226.20316861200018,-268.184336427303,-306.1418886682293,-340.46147780465606,-371.4917853647046,-399.5480696949479,-424.9153714519711,-447.85141095557304,-468.58920711762687,-487.33944534442327,-504.29261814514985,-519.6209606179217,-533.4802003404122,-546.011139554311,-557.3410856117686,-567.585144459596,-576.8473899865994
488,0.045312500000000006,-70.03038467069109,-125.5675714169243,-175.78211156679518,-221.1840618039266,-262.23463728598983,-299.3508664546369,-332.90981631592643,-363.25241862338095,-390.68693141199117,-415.49206968027846,-437.91983654032924,-458.1980829881204,-476.53282267411237,-493.1103246682002,-508.09900579676605,-521.6511415850247,-533.9044132655143,-544.9833064451371,-555.0003758707388,-564.0573888219232
489,0.044921875,-68.40184215357233,-122.64599291052944,-171.6909315172778,-216.03513261927074,-256.1292027641608,-292.3805216825429,-325.15740676468096,-354.7928662193351,-381.58798740048275,-405.81499823318876,-427.7200343478607,-447.5256402933119,-465.4330310109051,-481.62413622281804,-496.263448920307,-509.499696596671,-521.4673523133757,-532.2880008456149,-542.0715740266991,-550.9174675301384
490,0.04453125,-66.75720495903876,-119.6986323621629,-167.5661966246147,-210.84611071252732,-249.9780308603324,-285.35949282427924,-317.3499392041791,-346.27436656201036,-372.4266250476372,-396.0724026876261,-417.45192417463204,-436.7823909691668,-454.2601878694181,-470.06287794991954,-484.35100644722803,-497.26973172960714,-508.950299997895,-519.5113785761876,-529.0602615652115,-537.693959790589
491,0.044140625,-65.0769382961418,-116.68436230606838,-163.34529643788875,-205.53398663530973,-243.67913700786167,-278.16832572360687,-309.3519671791114,-337.5468827927891,-363.0395246737443,-386.08888826164264,-406.92914497577067,-425.77202185543246,-442.8089531192351,-458.213025180737,-472.14073528879953,-484.7335815259789,-496.1195004264069,-506.41416671387657,-515.7221686017947,-524.1380702878587
492,0.043750000000000004,-63.38109075801706,-113.64512730571276,-159.09190772857477,-200.18305155083854,-237.33597815264338,-270.9281176245781,-301.3007339196687,-328.76238728334806,-353.59206688242665,-376.0420240986274,-396.34033479582666,-414.6932159903756,-431.2871208177763,-446.29063256878464,-459.85617734217834,-472.1215725268675,-483.21142692121424,-493.2384065914073,-502.304379553697,-510.5014505973522
493,0.043359375000000006,-61.65169069798071,-110.54281319613696,-154.74779517824655,-194.71592263811158,-230.85333622373074,-263.52721492940384,-293.06952984896685,-319.780427098207,-343.93128185538956,-365.7674577242844,-385.51080083910756,-403.3618942628963,-419.5020963147142,-434.0953832135362,-447.2900151590592,-459.2200426438881,-470.0066684065018,-479.75947875767514,-488.5775570239401,-496.55049011642376
494,0.04296875,-59.90724777621936,-107.41639029136206,-150.37231159107714,-189.21132595434173,-224.32797226311848,-256.07899296304504,-284.7869471495605,-310.743482969864,-334.21229842409923,-355.43181929433223,-374.61762093879935,-391.9646179580376,-407.64904432826523,-421.8302436141326,-434.6522877477398,-446.24544063544676,-456.72748153672956,-466.20490153822345,-474.77398549997315,-482.52179015725267
495,0.042578125,-58.13138083946539,-104.2308153953764,-145.91168444699522,-183.59762127755883,-217.6715768418493,-248.47976480331587,-276.3352010821946,-301.52089369133813,-324.29272243958525,-344.88204076342896,-363.4980274426306,-380.32981228025227,-395.54839805522687,-409.3083979531401,-421.74960651860624,-432.99841995864443,-443.16912033073135,-452.3650365588457,-460.6795943037807,-468.19726505391566
496,0.0421875,-56.34103244293585,-101.0220256081966,-141.42085323963272,-177.94785158601297,-210.97407066693438,-240.83501520232824,-267.83404206051955,-292.2454375858001,-314.3172020057446,-334.2735678659196,-352.3172776168419,-368.63164289904137,-383.38240679001564,-396.71942743295193,-408.77820044588566,-419.6812353963582,-429.53930039921,-438.4525473612695,-446.5115295234864,-453.79812133325714
497,0.041796875000000004,-54.52143678251272,-97.75810154161164,-136.8505888760594,-172.19622615361482,-204.15418416147807,-233.04917740231238,-259.17478397932587,-282.79643742769093,-304.15412764079673,-323.46484115898124,-340.92476687014835,-356.71128969364526,-370.98479319505674,-383.8902891247941,-395.55889081981314,-406.1091453081978,-415.64823775220515,-424.2730803636299,-432.07129708233606,-439.122113725362
498,0.041406250000000006,-52.68794361470918,-94.4718929240362,-132.25133520676565,-166.4099959523284,-197.29486417149283,-225.21968952440565,-250.4681588908958,-273.2967738780777,-293.93745453970075,-312.5998944327968,-329.47369048539474,-344.73026872467415,-358.52462576612834,-370.99690326192257,-382.27381159267617,-392.46991708746407,-401.688805921417,-410.0241363958682,-417.5605905075366,-424.3747341727879
499,0.041015625,-50.82742479230841,-91.13465207443325,-127.57847999273125,-160.52931735762243,-190.3220009821348,-217.25924552845018,-241.61473861092156,-263.6359300106779,-283.54654966052476,-301.548882628284,-317.8258254018833,-332.5427445028141,-345.84915698401056,-357.88024956352007,-368.7582522037528,-378.5936799632892,-387.48645583777017,-395.5269258954692,-402.7967772459122,-409.3698678746089
500,0.040625,-48.95361406609975,-87.77609203143325,-122.87789617733785,-154.61554953646592,-183.31144506401347,-209.25709357043468,-232.7160745149038,-253.9267092554629,-273.10448006491436,-290.4442181775235,-306.12208265328087,-320.2973495792513,-333.11403011575527,-344.7023333363815,-355.17998900708415,-364.65344356664104,-373.2189415293677,-380.96350317803353,-387.96580869298305,-394.2969974017407
501,0.040234375,-47.055040754665605,-84.37067984624731,-118.10965467675818,-148.61488436523203,-176.19635546562827,-201.1343160421677,-223.68214121806972,-244.06891547347513,-262.5017638069086,-279.16795790568926,-294.23681984535165,-307.8614427667027,-320.180246665931,-331.3183847808764,-341.3890152299155,-350.49445069616496,-358.7271979349027,-366.17089756398667,-372.90117390729785,-378.9864032353845
502,0.039843750000000004,-45.143801882784004,-80.94494740631612,-113.31498936864378,-142.58269859193183,-169.0453748540285,-192.97184061614473,-214.60516148854714,-234.16511110071764,-251.85040168308896,-267.8407017294348,-282.29846080628465,-295.37055946809437,-307.1898013655772,-317.876262221488,-327.5385096573109,-336.2747060899834,-344.1736059722168,-351.3154573905092,-357.7728173910749,-363.6112890222175
503,0.039453125000000006,-43.210101413499764,-77.47661440856875,-108.45871316194273,-136.47129835565562,-161.79902831757153,-184.69925239846262,-205.4046425484357,-224.1255647174847,-241.05221959955696,-256.3565767428358,-270.19412272862223,-282.70544125872016,-294.01764183919613,-304.2456512506219,-313.49338128587834,-321.8547844940463,-329.4148087515299,-336.25026025814105,-342.430583945139,-348.0185689370525
504,0.0390625,-41.264381513624066,-73.98899217177333,-103.57736008448126,-130.32999690130774,-154.51865079231075,-176.389041353211,-196.1633455475681,-214.0424503957281,-230.20799168224357,-244.82419812229992,-258.0395593024066,-269.988333764792,-280.79191287718396,-290.5600538640477,-299.39199479988997,-307.377462721572,-314.5975851685064,-321.1257142954219,-327.0281721380584,-332.36492431164885
505,0.038671875,-39.29853536900375,-70.4630858752267,-98.64053644787425,-124.11728379030123,-147.15221909201753,-167.97939618304358,-186.81042508099003,-203.83662883889278,-219.2309905715846,-233.14991252399716,-245.73480603443295,-257.1135285958049,-267.4016832304426,-276.70379305287383,-285.1143633060409,-292.7188415370126,-299.59448575994537,-305.8111493270635,-311.43199069812795,-316.5141150355004
506,0.03828125,-37.321334729781746,-66.91895188544892,-93.68002301836941,-117.87633721673939,-139.75367201052143,-159.53426523609315,-177.4190626208194,-193.58975481672846,-208.21062108929922,-221.43019714379486,-233.3827836252062,-244.18981004597458,-253.96106831423717,-262.7958279189751,-270.7838443706051,-278.006270974347,-284.53648326471136,-290.4408243621428,-295.7792790294646,-300.60608298747945
507,0.037890625000000004,-35.326373965774835,-63.34090858116151,-88.67026342263168,-111.57188962578967,-132.27851206116506,-151.00052815079547,-167.9281596962373,-183.2333918492853,-197.07172341911252,-209.58374818669273,-220.89658420133628,-231.1251655998726,-240.3734106692699,-248.73527769078336,-256.29571963706263,-263.1315472991732,-269.3122097027692,-274.9004996436552,-279.95319172443794,-284.52161909336786
508,0.037500000000000006,-33.32074145219791,-59.745728087083606,-83.63823921944669,-105.24092227492687,-124.77320515557727,-142.4335012514127,-158.4012152008617,-172.8385611276479,-185.89220846730606,-197.69477088121099,-208.366152989565,-218.01476803884358,-226.73863918647987,-234.62639512008283,-241.75817039028792,-248.20641943918375,-254.03665265782047,-259.30810183728676,-264.0743219766881,-268.3837352761475
509,0.037109375,-31.29974198822911,-56.121064399621,-78.56326750892212,-98.85445992845354,-117.20084137633192,-133.78882845594765,-148.7869614481843,-162.347622416727,-174.60858609782045,-185.69442102304035,-195.71775594570232,-204.780424426049,-212.97449978091035,-220.3832305810982,-227.08188653740268,-233.13852324803773,-238.61467366470973,-243.56597320476473,-248.04272507138344,-252.09041124674042
510,0.03671875,-29.268770280638577,-52.48038132752923,-73.4674923391957,-92.44323491170643,-109.60034895992646,-125.11311747541957,-139.13912736917953,-151.82086610757426,-163.28716713801194,-173.65451759433216,-183.02824118603363,-191.50356772736947,-199.1666004803332,-206.09519067246222,-212.35972833361654,-218.02385732417423,-223.14512188056392,-227.77555113453195,-231.96218774483972,-235.7475657286647
511,0.036328125,-27.224848182451066,-48.814685751415475,-68.33513288040484,-85.9846039488177,-101.942455589279,-116.37083615249671,-129.41634452510834,-141.2115247219945,-151.876214968056,-161.5187664694525,-170.23714501762112,-178.11992657556905,-185.2471975190441,-191.6913683446208,-197.51790944035878,-202.7860162744788,-207.54921084516246,-211.85588540529403,-215.74979419468193,-219.27049789944257
512,0.035937500000000004,-25.171669067698424,-45.134114257914,-63.183464954103755,-79.50300826663765,-94.25849891435048,-107.59982074510316,-119.66249994489267,-130.56907761042206,-140.43035254430734,-149.34650573492635,-157.40811757768503,-164.69708761612154,-171.28746645156184,-177.2462078107474,-182.63384866704868,-187.50512416578087,-191.90952366079154,-195.89179340045263,-199.49239116809926,-202.74789721484285
513,0.035546875000000006,-23.10797572977025,-41.433038518484004,-58.0016305404011,-72.98216602050947,-86.5268819635823,-98.7734084535302,-109.84617694099876,-119.85768901989654,-128.90966162184455,-137.0940615572055,-144.4940405986004,-151.18478053316426,-157.23425730740033,-162.70393169118967,-167.64937379867663,-172.12082769248713,-176.163721889894,-179.8191308616497,-183.12419241819205,-186.11248494973398
514,0.03515625,-21.03575523057922,-37.71825426433667,-52.80201425841041,-66.4401951991675,-78.77131100913537,-89.92061526830845,-100.00136445561834,-109.11596434121077,-117.35700823397204,-124.8082165014773,-131.5452865545081,-137.63666138150066,-143.14422474204233,-148.1239296243596,-152.62636660220056,-156.69727770895693,-160.37802110790497,-163.70599116962615,-166.7149984202954,-169.43561294207743
515,0.034765625,-18.95547252895779,-33.987504622923524,-47.57869393569577,-59.86719487645785,-70.97789009681874,-81.02367920514405,-90.1066343546182,-98.31904124965011,-105.74433868795526,-112.45796727691771,-118.52813655520809,-124.01651820803299,-128.97887293765118,-133.46561701824388,-137.52233460417028,-141.1902408791026,-144.5066008314509,-147.50510781553595,-150.2162259483693,-152.6674995486033
516,0.034375,-16.867406055019202,-30.244236077354486,-42.33914771714357,-53.27493765189207,-63.16266541036126,-72.10276115807858,-80.18603702266653,-87.49460553766234,-94.10271174053338,-100.07748628355044,-105.47962687062407,-110.36401439957791,-114.78027036745057,-118.77326074847565,-122.38355171019508,-125.64782164388235,-128.5992337519126,-131.26777286869026,-133.6805501310621,-135.86207831659635
517,0.033984375,-14.773741422995046,-26.489564501650317,-37.082394422381064,-46.65991277759423,-55.31945531951616,-63.14901710480103,-70.22815360384841,-76.62879233408427,-82.41596530188224,-87.64847058631338,-92.37947031648517,-96.65703098092314,-100.52461205740408,-104.0215075849994,-107.18324546984809,-110.04194846502448,-112.62666056954355,-114.96364206801768,-117.07663641022569,-118.987111371611
518,0.03359375,-12.673048819359483,-22.723584068784767,-31.81099828532903,-40.02753547055851,-47.456629494046545,-54.17373223551104,-60.247071434018146,-65.73833976667375,-70.70331951314141,-75.1924480956961,-79.251329917315,-82.92119916123521,-86.23933854846837,-89.23945785899137,-91.95203630433481,-94.40463207883087,-96.62216228957281,-98.62715600130083,-100.43998315927762,-102.07906144070859
519,0.033203125,-10.569230311549806,-18.95077937945601,-26.528916450638672,-33.380684288826984,-39.57572167656549,-45.17698344356233,-50.24138571084609,-54.820386901797605,-58.96051195550322,-62.7038257585455,-66.08836105649212,-69.1485050243351,-71.91534890243486,-74.4170039047637,-76.67888690658633,-78.72397869840708,-80.5730575053151,-82.24491005005089,-83.75652250399955,-85.12325299723506
520,0.0328125,-8.459150911245468,-15.167894527462396,-21.233799594610172,-26.718415180952185,-31.6774208276035,-36.161173771205725,-40.21521214796389,-43.880713644201755,-47.19491176324428,-50.191472922111096,-52.90083790129625,-55.35053058750214,-57.56543743755176,-59.56806005879604,-61.378743710181574,-63.01588389685865,-64.49611321105661,-65.83447021055636,-67.04455224115435,-68.13865348209161
521,0.032421875,-6.348422225336484,-11.382773470178817,-15.934532647581115,-20.04998492575829,-23.770964754669013,-27.13528967199297,-30.177148690702975,-32.92745179448139,-35.414145115308045,-37.662495484060436,-39.69534761683633,-41.533356350413094,-43.195196745432014,-44.697753843632384,-46.05629429700442,-47.28462149756321,-48.39521585699397,-49.39936156754837,-50.30726133016449,-51.12813994790904
522,0.065625,-106.50482513959413,-190.96751946181456,-267.33521475427585,-336.38370466595734,-398.81446210837845,-455.2617391680111,-506.2990029238346,-552.4447592488253,-594.1678196232327,-631.8920637158077,-666.0007458174048,-696.8403882858131,-724.7243021647137,-749.93577011393,-772.730924444334,-793.3413492425059,-811.9764331526545,-828.8254965541518,-844.0597150534584,-857.833858423412
523,0.032031250000000004,-4.2322098481297985,-7.588817766362083,-10.623860905327621,-13.368098471698856,-15.84936980339649,-18.09285983019122,-20.121346856275633,-21.955430074985568,-23.613736795239113,-25.11311051288119,-26.46878144530198,-27.694520740772663,-28.80278021771483,-29.804818614514467,-30.71081586664977,-31.52997642594236,-32.27062272420748,-32.94027962472065,-33.54575090872398,-34.093188301839476
524,0.031640625000000006,-2.117825315481321,-3.797216028947744,-5.315578692928008,-6.688369541684006,-7.9295542025732155,-9.051754615932031,-10.066379971135648,-10.9837441502402,-11.813171384971742,-12.563091488213225,-13.241125919083222,-13.854165325366955,-14.408439790210386,-14.909582145637557,-15.36268527862125,-15.77235389742862,-16.142751355301442,-16.477641913581778,-16.780429070173984,-17.054190076527718
525,0.03125,0.0012567473260275274,0.0019598512965832535,0.002458054854896285,0.002829465722084749,0.003117897000877804,0.003349576413821418,0.0035411675343175785,0.0037037422165469517,0.0038449150531071744,0.003970087939070047,0.004083093931070455,0.004186759627517185,0.004283106130543625,0.004373624850819787,0.004459400625839566,0.004541227299449595,0.004619665465641962,0.004695148413479265,0.004767949439214655,0.004838281033057015
526,0.0,2.116037175431905,3.794196630726599,5.311571855355728,6.683559349009101,7.924083824565319,9.04573839470483,10.059911284777645,10.976900619145045,11.806018446365707,12.555684972868509,13.233513751294574,13.8463889506524,14.400535074168973,14.901580187221693,15.354613022659198,15.764234657746078,16.134605218635322,16.469486180304486,16.772278496746118,17.04605721379692
527,0.0,4.234721191133748,7.592733921858421,10.628772303167022,13.3737516613042,15.85559891511714,18.099551427384164,20.128420817649076,21.962828416179292,23.62141675694236,25.121040136747308,26.476936436963918,27.702882457308693,28.811334056844423,29.813552955347404,30.71972125658813,31.539044998728965,32.279847733435595,32.949655189250066,33.555271692723906,34.10284939317094
528,0.030859375,2.116037175431905,3.794196630726599,5.311571855355728,6.683559349009101,7.924083824565319,9.04573839470483,10.059911284777645,10.976900619145045,11.806018446365707,12.555684972868509,13.233513751294574,13.8463889506524,14.400535074168973,14.901580187221693,15.354613022659198,15.764234657746078,16.134605218635322,16.469486180304486,16.772278496746118,17.04605721379692
529,0.030468750000000003,4.234721191133748,7.592733921858421,10.628772303167022,13.3737516613042,15.85559891511714,18.099551427384164,20.128420817649076,21.962828416179292,23.62141675694236,25.121040136747308,26.476936436963918,27.702882457308693,28.811334056844423,29.813552955347404,30.71972125658813,31.539044998728965,32.279847733435595,32.949655189250066,33.555271692723906,34.10284939317094
530,0.030078125000000004,6.346636975109401,11.3797591776014,15.93053281595088,20.045183348461702,23.76550434037145,27.129284533446206,30.170692007416402,32.92062101620526,35.4070055334672,37.655102805276044,39.68774966000663,41.525594471922,43.18730673580511,44.689766738967734,46.04823698985688,47.276517258656455,48.38708473788811,49.39122084030714,50.29912572888396,51.12002200615339
531,0.029687500000000002,8.461655807545903,15.171800055957807,21.238696876350847,26.724051169069405,31.683629920415047,36.16784273280574,40.222261022469574,43.88808459238747,47.20256215856722,50.19937093055209,52.908959346447766,55.35885693917814,57.573954201548354,59.576755718028735,61.3876089117335,63.02491087013278,64.5052953013137,65.8438016244084,67.05402772668505,68.1482682072274
532,0.029296875,10.567450843503716,18.94777530458469,26.524930641040395,33.37589995570428,39.57028120587701,45.17100048884783,50.234953054009466,54.81358165087764,58.953399109947235,62.696460776326326,66.0807915454054,69.14077216221126,71.90748832939478,74.40904653096769,76.67085951983768,78.71590448304494,80.56495644238493,82.2367993548632,83.74841686579236,85.11516491489836
533,0.02890625,12.675542984788564,22.72747191000544,31.815872073387272,40.033142829904534,47.46280526835262,54.180363522356075,60.25407855226316,65.74566511815604,70.71092069186491,75.20029347419413,79.25939551518735,82.92946663565465,86.24779358488972,89.24808911291507,91.96083458860161,94.41358978193871,96.63127290926603,98.63641389019098,100.44938320507379,102.0885989445836
534,0.028515625000000003,14.771970631283692,26.48657576388583,37.07842966361191,46.655154334823614,55.314044793571234,63.14306745933765,70.22175702336062,76.6220254131354,82.40889260113094,87.64114718999866,92.3719435150523,96.64934168374764,100.51679567844661,104.01359484500912,107.17526299905197,110.03391931778107,112.61860462077661,114.95557644760638,117.06857573985066,118.97906809792619
535,0.028125,16.86988523643127,30.248099225399287,42.34398870805508,53.28050504610475,63.16879467182586,72.10933984845006,80.19298584296828,87.50186722505279,94.11024419585793,100.08525816676823,105.48761447416129,110.37219964150293,114.78863918349667,118.78180203462877,122.39225651034606,125.656682568349,128.60824451111876,131.27692801896492,133.68984475494068,135.87150790126137
536,0.027734375,18.953713324482514,33.98453637632949,47.574757308174604,59.86247103680299,70.97251959631079,81.01777408494098,90.10028600020249,98.31232556870386,105.73731965407266,112.45069947416172,118.52066684919136,124.00888714868535,128.97111563600004,133.45776394125494,137.51441217086273,141.18227196954774,144.49860517820156,147.49710243380798,150.2082253690616,152.65951614814304
537,0.02734375,21.038215222318577,37.72208579630516,52.80681326209532,66.44571143111136,78.7773807248389,89.92712662086281,100.00823863276453,109.1231445071574,117.3644526804725,124.81589425475389,131.5531742547902,137.64474127969976,143.15248309327362,148.13235563167567,152.63495160464973,156.70601460036704,160.38690387062735,163.71501462057736,166.7241578912807,169.444904158411
538,0.026953125,23.106231036124132,41.43009594723359,57.997729171414996,72.97748555820336,86.5215616431075,98.76755915882364,109.8398890549802,119.8510375881601,128.90270988101048,137.08686346322662,144.48664248342516,151.1772224951191,157.2265740766331,162.69615341552517,167.64152663140794,172.11293429434275,176.15580181409783,179.81120097887072,183.11626714478678,186.10457657344148
539,0.026562500000000003,25.174105706973876,45.13790732715498,63.18821288472281,79.50846226655385,94.26449619808182,107.60625018129909,119.66928330980926,130.57615858447554,140.4376898919515,149.3540689254742,157.41588367239297,164.70503926913787,171.29559030489168,177.25449343980188,182.6422877689773,187.51370997866206,191.91825049721487,195.900656393901,199.50138595341423,202.75701980694393
540,0.026171875000000004,27.223120941174795,48.811774080952006,68.33127396072364,85.97997572130123,101.93719570331568,116.36505409734805,129.41012947514915,141.20495068316438,151.8693442878425,161.51165234583286,170.22983313836286,178.11245649356266,185.2396035041633,191.68368015889726,197.51015291567995,202.77821380614992,207.54138176920114,211.84804641711776,215.74195957167385,219.26267982153493
541,0.025781250000000002,29.271179484251142,52.48412922647626,73.47218030062021,92.44861584374341,109.60626119701062,125.11945072058361,139.14580408442802,151.8278305745436,163.29437867164822,173.66194618051034,183.03586437731613,191.51136864851622,199.1745662254806,206.1033112524404,212.3679958646356,218.03226544741824,223.1536652956132,227.78422534609723,231.97098874336214,235.7564898689922
542,0.025390625,31.298035166058458,56.118188911277564,78.55945831409,98.84989290383741,117.19565231206657,133.78312520568088,148.7808317686238,162.34113909360238,174.60181043450837,185.68740532721503,195.71054514825877,204.773057438413,212.96701033155384,220.37564797794641,227.07423623377707,233.13082732636187,238.60695120475455,243.55824069499525,248.03499662490276,252.0826989157233
543,0.025,33.323119203643074,59.74942422678652,83.6428584776613,105.2462195017615,124.77901996062523,142.43972428593008,158.407769705519,172.84539206631783,185.8992757798316,197.7020451403771,208.37361230675577,218.02239607429732,226.74642354940414,234.63432631776578,241.76624101714572,248.21462359677463,254.04498548802215,259.31655926940243,264.0829004082221,268.3924314512031
544,0.024609375000000003,35.32469055943602,63.33807462276858,88.66651132925779,111.56739290359926,132.27340436350025,150.99491545058305,167.92212811937986,183.2270127772747,197.06505695318467,209.5768456089478,220.889489570322,231.11791708724348,240.36604137878825,248.72781640599624,256.2881913738098,263.1239737779647,269.3046097066943,274.89288942129133,279.94558519816377,284.51402816676193
545,0.02421875,37.32367710828144,66.92258984572385,93.68456507020362,117.88154038465001,139.75937732718486,159.5403644080836,177.42547975408579,193.5964356333339,208.2175262238926,221.4372978221538,233.39005858096337,244.19724353651588,253.9686485237206,262.80354590940266,270.7916932712579,278.01424540215964,284.54457885719086,290.44903752481184,295.78760661667224,300.61452218066614
546,0.023828125,39.296878393107455,70.46029884345458,98.63684891097155,124.11286657431631,147.1472034320053,167.97388592213088,186.80450449733874,203.83036772238708,219.22444766024753,233.14313793623896,245.7278428383231,257.10641412265437,267.3944498738773,276.6964689998861,285.1069730743676,292.7114064346917,299.58702423159957,305.8036773472566,311.42452197099243,316.50666129430795
547,0.0234375,41.26668468907885,73.99256569421927,103.581816648342,130.33509592878664,154.52423487911338,176.3950033615745,196.16961052950893,214.0489649021006,230.21471710757262,244.8311064071805,258.0466298623933,269.9955515125505,280.79926662858304,290.5675352912687,299.399597621235,307.38518212213023,314.60541733275073,321.13365615494405,327.0362210523154,332.37307794608523
548,0.023046875,43.208473940289416,77.4738798186047,108.45509781228036,136.46697007633512,161.79411563708308,184.69385677468674,205.39884618901044,224.11943562791615,241.04581498860975,256.349945422632,270.18730665456974,282.6984768174838,294.010560625503,304.23848077971724,313.48614551406445,321.8475042638989,329.4075021252509,336.2429429002265,342.4232693122594,348.0112685689437
549,0.022656250000000003,45.146062164474216,80.9484504778582,113.31935249945506,142.5876838124784,169.05082645207276,192.97765270040102,214.6112601294435,234.1714437409624,251.8569305353673,267.84739950488444,282.3053076565539,295.37754101430266,307.1969071076012,317.8834844931355,327.54584281645145,336.28214593940174,344.18114929179416,351.3231016851761,357.78056057136826,363.619129282224
550,0.022265625000000004,47.05344590161202,84.36800331399576,118.1061192981724,148.61065465244226,176.19155694577708,201.12904752621884,223.67648261458658,244.0629328055161,262.4955125830686,279.1614854847777,294.2301669439033,307.85464471877265,320.1733341752792,331.31138461282444,341.38195071331677,350.48734215273623,358.72006299832555,366.1637515507285,372.89402999567045,378.979272746878
551,0.021875000000000002,48.95582789409216,87.77951887184015,122.88215824985386,154.6204116777379,183.31675337203933,209.2627434817665,232.72199318236113,253.93284506920693,273.1107961073605,290.4506879800383,306.12868715233134,320.304075152672,333.1208669953085,344.70927456496673,355.1870296291098,364.66058004892056,373.2261712927703,380.97082434554665,387.9732197699317,394.3044971534913
552,0.021484375,50.82586574236129,91.13203935392087,127.57503257544099,160.52519610823362,190.31732812357438,217.25411695539626,241.60923169717546,263.63010859223476,283.54046736890496,301.5425852164972,317.81935221640805,332.53612971261873,345.8424303057364,357.8734369306983,368.7513762484502,378.5867604279844,387.47950987885673,395.5199684410487,402.78982116293304,409.3629242397446
553,0.02109375,52.69010758209935,94.47523802554517,132.2554889706003,166.41472620470788,197.30001892631424,225.22516561647345,250.47388460968924,273.30269860813155,293.9435422769192,312.6061195714259,329.48003478909135,344.7367193705207,358.5311737604881,371.0035423995966,382.28053764739866,392.47672723265265,401.69569826114605,410.03110971290187,417.5676439430273,424.3818671036559
554,0.020703125000000003,54.519916792748084,97.75555854314788,136.84723764366893,172.19222356640267,204.14964882622422,233.04420201940195,259.1694431440969,282.79079257710816,304.14823034566405,323.45873540788034,340.91849050272,356.70487559621444,370.9782699963935,383.8836818406107,395.55222131230073,406.1024326788441,415.64149862832886,424.2663292419366,432.06454648301076,439.115374451575
555,0.0203125,56.343143326462744,101.02528378958853,141.42489189437043,177.95244169636882,210.97906225371062,240.84030655611727,267.83956265026836,292.25113782707757,314.32304684245855,334.2795325895123,352.32334485300083,368.6378006598325,383.3886468929842,396.72574446207886,408.78459094203475,419.68769727764914,429.5458324911249,438.45914914447906,446.5182008128093,453.8048621545989
556,0.019921875,58.12990324889926,104.22834820270035,145.90843788233465,183.59374788682607,217.6671912937286,248.47495631633228,276.3300412206475,301.5154412730435,324.2870267835174,344.8761439282935,363.4919656182309,380.3236169470668,395.5420966482807,409.3020144796632,421.7431619936426,432.9919327771731,443.16260653583475,452.3585101697858,460.67306745589326,468.1907482458009
557,0.01953125,59.90930253553761,107.4195566997793,150.37622878989993,189.21576823096768,224.3327917211472,256.0840893930977,284.7922512310279,310.7489461753997,334.2178866705706,355.4375087960688,374.62339521056117,391.97046587556497,407.6549585505019,421.836219545774,434.65832272940827,446.2515333634061,456.7336315918964,466.2111091335688,474.78025115848544,482.528114588291
558,0.019140625,61.650258946287,110.54042810233217,154.74466207524642,194.7121893799221,230.84911320739369,263.52258759296666,293.0645664628651,319.7751836315551,343.9258051755812,365.76178778681435,385.50497203375664,403.3559365345524,419.4960357928472,434.08924280085535,447.2838149413351,459.2138002397,470.00039921560034,479.7531962723108,488.57127295337034,496.5442146208175
559,0.018750000000000003,63.38308655670465,113.64819745554874,159.09569763311603,200.1873389324298,237.3406172567692,270.9330097712964,301.3058110165566,328.7676018743116,353.5973858715313,376.0474246390996,396.34580130978367,414.69873823800106,431.2926923224671,446.2962495810155,459.86183802912325,472.12727639112177,483.2171743284338,493.24419851702424,502.31021725958954,510.507335507431
560,0.018359375000000004,65.07555592266728,116.68206581683147,163.34228590883768,205.53040485830851,243.67508976260387,278.1638943574195,309.34721639492665,337.5418654715103,363.03428502229474,386.0834639506213,406.923568437122,425.76632136177443,442.80315337636716,458.20714788509434,472.1347995095797,484.7276040308051,496.1134959084063,506.40814808495605,515.7161471005377,524.1320556991456
561,0.017968750000000002,66.75913919702474,119.70160219373733,167.56985398733747,210.8502368716753,249.98248224316606,285.3641722926885,317.3547798964622,346.2793220937974,372.4316633120671,396.077501781659,417.45706943590903,436.7875730539285,454.2654011802771,470.0681196006995,484.35627545167824,497.275028418742,508.95562554591714,519.5167347462208,529.0656503843227,537.69938342439
562,0.017578125,68.40051284121107,122.64379182350903,171.6880531049252,216.0317142263063,256.1253451920106,292.376301863078,325.15288554623373,354.78809314271354,381.5830037919256,405.80983928634214,427.71473036958224,447.5202177386551,465.42751303606366,481.6185432091035,496.2577988266228,509.4940052593258,521.46163365035,532.2822671304319,542.0658359784567,550.9117345177972
563,0.0171875,70.03225501581579,125.57043735452943,175.78563181297199,221.1880212504017,262.2388945601213,299.35532595330085,332.9144123934073,363.2571059519628,390.6916788617415,415.4968562839939,437.92464854784805,458.20291195289934,476.53766388328864,493.11517610796386,508.1038673397312,521.6560144057319,533.9092993642382,544.9882083922502,555.0052964797225,564.0623310226872
564,0.016796875000000003,71.62000312307433,128.41641408609283,179.7690958374968,226.1999261706087,268.18068322463375,306.13789687912066,340.45720412013566,371.48727571921273,399.54336230064877,424.91049882146916,447.84640109240695,468.5840845039897,487.3342314518602,504.2873319227415,519.6156188130664,533.4748177709763,546.0057292884868,557.3356592211437,567.5797120900161,576.8419605460346
565,0.01640625,73.19738731649306,131.24565401611002,183.73036353680575,231.18475265551544,274.09095652732356,312.88489832494645,347.9607176776534,379.6747759951099,408.3492780064758,434.2755460502437,457.7169802865764,478.91173521185266,498.07513939772826,515.4018833887058,531.0679977927829,545.2326417858663,558.0397201505601,569.619345384133,580.0891595542554,589.5555295743169
566,0.016015625,74.7290628194459,133.99103217420583,187.5729545004878,236.01936303513813,279.8225165783947,319.4274613582228,355.23657543667775,387.6136658553574,416.88766865481807,443.3559924770955,467.28754084266484,488.92544456250744,508.48953194612375,526.1785623137665,542.1722453329386,556.6330668241254,569.70793953521,581.5296957600776,592.2184367878726,601.8827531323677
567,0.015625,76.24965589077678,136.71850178582494,191.3917995006618,240.8250175327534,285.5203939214132,325.9320286802851,362.47049640645383,395.5070183954997,425.3772350828315,452.38461680824395,476.8035474373391,498.88211246181686,518.8446196327856,536.8938780825783,553.2132588972208,567.9685581973216,581.3096816056923,593.3721673214837,604.2785630992456,614.1396713636705
568,0.015234375000000001,77.7228983034555,139.35905105206356,195.0875970094279,245.4748851072443,291.0328957531125,332.2245053043633,369.4682124846545,403.1423996689181,433.58918114583884,461.11788068583496,486.0081749131534,508.51293519077575,528.8607968021246,547.2584819458958,563.8928999768848,578.9330463603798,592.5317195835875,604.8270735719159,615.9440212047494,625.9955034285998
569,0.014843750000000001,79.18435464485403,141.9805424643905,198.7581270862272,250.09395224874135,296.5095845019986,338.476600554867,376.4213769351864,410.7294224617202,441.7492957712873,469.7961472996911,495.15492155809915,518.0832525208156,538.8140812665631,557.5580228108262,574.5055059832025,589.8287082123303,603.6833048252171,616.2100507393503,627.5362104419049,637.7768510243066
570,0.014453125,80.59689365072799,144.5121943146206,202.3014373318669,254.55191393504614,301.7945366759765,344.5092983316026,383.1301730185955,418.0495350371509,449.6221494386745,478.1687781955056,503.97943982057814,527.3163563432175,548.4166175029557,567.4945896453222,584.7440936287376,600.3403739997115,614.4418793940814,627.1918723575055,638.7198847636602,649.1430338545579
571,0.0140625,81.99695877384063,147.02366292119177,205.81798874401895,258.9772657798606,307.04158491390785,350.49927245901637,389.79184947380674,425.3185179096236,457.4402171832016,486.48329191328025,512.7428079148538,536.4855504107546,557.9527346450562,577.3624567770017,594.9119097640345,610.7793868677701,625.126093087967,638.0977830340333,649.826241699501,660.4306234229167
572,0.013671875,83.34661777873742,149.44251698798098,209.20335340660995,263.2364548749529,312.0908474337779,356.26290017993495,396.2013934955905,432.31208862668166,464.96185439830515,494.4823964241018,521.1736279466504,545.306717360182,567.1268433084164,586.8556857672496,604.693678259705,620.8220442158263,635.4046381186522,648.5896102469483,660.5109117517126,671.2896555947077
573,0.013281250000000001,84.68313180383049,151.84008771616425,212.56049966125127,267.4612619425188,317.1001570425594,361.9815079628763,402.56129954402,439.2518113683317,472.4258071233438,502.42032243945926,529.5400894896421,554.0606334026058,576.2310716691475,596.2766453191214,614.4010073937668,630.788292083786,645.604985505096,659.0016172245373,671.1142895464324,682.066060335495
574,0.012890625000000001,85.96783129545325,154.1424178095736,215.7827043351373,271.51511872365353,321.905953919853,367.46718999233116,408.66172163445,445.90807142014506,479.5846462993527,510.0335840951726,537.5642303666507,562.4562817793964,584.9626278592199,605.3119204209327,623.7108966187966,640.3464793514257,655.387676313772,668.9872970954503,681.2835055948998,692.4012237579327
575,0.0125,87.23873231224701,156.42239114917334,218.9752646301552,275.53286061867277,326.66979317911205,372.90560442358003,414.710039927048,452.50782123986994,486.68296158225587,517.5826679431287,545.5208690053796,570.7814049870351,593.6209115244554,614.271427230045,632.9427512255766,649.8245747222651,665.0884082539413,678.8893242490695,691.3675324714118,702.6498045730208
576,0.012109375,88.45649304720742,158.60465097037826,222.02934682063585,279.3751424039379,331.22472435971275,378.104894312162,420.4919475521565,458.8165226907885,493.4679813667992,524.798366098684,553.1259778080241,578.7386101912092,601.8964737470538,622.8348395901561,641.7664297550716,658.883578407815,674.3601858758589,688.353485454702,701.005640766053,712.4451901322254
577,0.01171875,89.65982028013529,160.76350865804707,225.05239400809597,283.1796178410785,335.7357398355922,383.25472017283477,426.21934090045113,465.06611069301965,500.1897002228962,531.9469525041599,560.6605087042132,586.6220864952744,610.0954439681259,631.3190595504957,650.5085549666272,667.8588859729686,683.5463230773864,697.7302424708934,710.5547451932919,722.1501212199935
578,0.011328125000000001,90.80876639277449,162.82233736353385,227.93365091514704,286.8044087794227,340.032792803569,388.1596139010625,431.67383358836247,471.01754254544215,506.5904567768736,538.7539807142329,567.8348798829117,594.1286012878359,617.9022752064036,639.397429310171,658.8324425373132,676.4047637785761,692.292917872547,706.6583193964847,719.6469125056221,731.3906537165798
579,0.010937500000000001,91.94266322272814,164.85674781067377,230.78251910649638,290.3897451579253,344.28402070435067,393.0129007267314,437.0714593868331,476.9073194692345,512.9252005891065,545.491031598145,574.9356686923686,601.5582572198076,625.6292710551205,647.393260747043,667.07133816858,684.8634230307484,700.9502740339963,715.4953253984896,728.646347258236,740.536947024481
580,0.010546875,93.02102504399895,166.78897507025076,233.4865147050035,293.7914651372847,348.31658104255587,397.6158487596421,442.19014213310794,482.49232229025364,518.9318433175888,551.8789143464872,581.6682616996665,608.6025301711728,632.955357956102,654.9741568960003,674.8826261361864,692.8830248654127,709.1582271835553,723.8735800803136,737.1785832272398,749.2084078841352
581,0.01015625,94.08374191785808,168.69579858727806,236.15680659087317,297.152127756465,352.3014581486127,402.16510332063166,447.24966624132827,488.01319365897837,524.8698301322883,558.1940261577556,588.324342841181,615.5668919787606,640.1984462065625,662.4692511402508,682.6055678852,700.8119718647478,717.2734312722436,732.1571863684667,745.6144485441521,757.7819366452977
582,0.009765625,95.08985876985756,170.49844958146872,238.67937861881688,300.32554119113354,356.0633199523651,406.4590224916262,452.02466272187894,493.22317399482705,530.4731171852294,564.1529353399676,594.6047995023807,622.1380856420715,647.0325179801227,669.5410110716812,689.8922393725634,708.2929605285709,724.9301159474323,739.972730100857,753.5736276793239,765.8709862797633
583,0.009375000000000001,96.07975593554673,172.2747432946333,241.16697236149764,303.4563419303576,359.77569391281514,410.69722055160594,456.73827254500196,498.3666143918394,536.005177068352,570.036355388669,600.8058933740643,628.6263973039769,653.7805118452433,676.5237918486789,697.0872987992259,715.6799484145411,732.490633193199,747.6901415818959,761.4328930867038,773.8585071917304
584,0.008984375000000001,97.01207871555988,173.94504333751755,243.50423878437985,306.3965658895263,363.26106942254285,414.6755050547449,461.16223733755083,503.1935581006114,541.196489678009,575.5571255579993,606.6245539543377,634.7144050248111,660.1120577452544,683.0755394474778,703.8381473334143,722.6108187321335,739.5842741374241,754.9309549050141,768.8067751225673,781.352705684879
585,0.00859375,97.92762884224884,175.58806590050656,245.80529462490804,309.2926715308624,366.69520862985627,418.59610264893854,465.5226543737872,507.9516248644285,546.3140794480372,580.9997676865153,612.3610834530404,640.7166455370472,666.3545348564178,689.5352214835603,710.4942110325759,729.4444374088515,746.5784261809903,762.0702506590102,776.0773003791084,788.7418801968793
586,0.008203125,98.7847222906449,177.123444508948,247.9536593294984,311.9951828999014,369.8987367186129,422.2526337252545,469.5887837279408,512.3881088660221,551.0854345649244,586.0739094910131,617.7090008191169,646.3121062703445,672.1738195902573,695.556883071766,716.6988569750323,735.8145330978498,753.0981169748281,768.7252009824234,782.8545482230978,795.6297055458979
587,0.0078125,99.62451281651398,178.63066034728615,250.0646255516086,314.65212264944444,373.04933923932435,425.84957736614956,473.589274927451,516.7534544920964,555.7806511376923,591.0673682715801,622.9721063090083,651.8190053119561,677.9011382933476,701.483488960162,722.8056439576585,742.0842270810791,759.5151001359709,775.2753529117246,789.5251023132056,802.4091191632441
588,0.007421875,100.40505787354542,180.0287554353526,252.020784199482,317.1127654812012,375.96609411690275,429.1787332300381,477.2913177956463,520.7926587974731,560.1247143622152,595.6870822014379,627.8410604139124,656.9133187733611,683.1992177758523,706.9658095956603,728.4545512953274,747.8837579883732,765.4508208356962,781.3342125165162,795.6953003763415,808.6799859061917
589,0.00703125,101.16779348436141,181.39783920763696,253.93840339389772,319.5264388673018,378.82829706885553,432.4464706226441,480.9257074858564,524.7585439576171,564.3903087594555,600.223647838811,632.6226154373026,661.9163731476573,688.402534232586,712.3501874943347,734.0026312253685,753.5798451294318,771.2807252771835,787.2851049072179,801.7555814307116,814.8391684352232
590,0.006640625000000001,101.87058917054252,182.6565004526373,255.69934812281366,321.74143028740264,381.4537952737107,435.44313443521014,484.25797438354056,528.3942613306089,568.3004047285168,604.3818352684242,637.0051249552424,666.5017119846541,693.1712682422835,717.2847440659334,739.0871210627898,758.799901082437,776.623356590983,792.7385654161743,807.309250363727,820.4834426277301
591,0.00625,102.55509393383063,183.8853409409936,257.4206626782886,323.9081141052766,384.0231830880735,438.3766239318476,487.52065480324353,531.9545663833937,572.1297944711785,608.4545067915446,641.297750146062,670.9932001852503,697.842551586185,722.1185833868625,744.0679304285405,763.913589175345,781.8571833196528,798.0810122952732,812.7499033383598,826.0128861457499
592,0.005859375,103.17905918584194,185.00263303841578,258.98368662928965,325.8740499830631,386.3533901888168,441.03619143211256,490.478026279562,535.1812115698824,575.5999167729708,612.1447805142411,645.1870835678292,675.0625215797053,702.0746158266016,726.4977970906247,748.5801938396347,768.5461531734387,786.598520106312,802.9206984494815,817.6785140596588,831.021899616293
593,0.0054687500000000005,103.78427877549653,186.0893372132311,260.50604448351896,327.7904055804924,388.62600328848606,443.6309119725446,493.363968661048,538.3304486758074,578.9871989305129,615.7472796700006,648.984161308679,679.0355191373999,706.2066641332555,730.7736450333352,752.9860529962393,773.0695574572716,791.2281988908702,807.6464618779968,822.4911493680147,835.9130774099572
594,0.005078125000000001,104.32845407319492,187.06354275439273,261.8687457912363,329.5042655144002,390.6573397624565,445.94929815982044,495.9419027058855,541.1430664649146,582.0120187567373,618.963973084593,652.3743466114906,682.5825749126458,709.8955607356535,734.5907922333678,756.9191622091233,777.1075171498406,795.3609619031619,811.8649435203129,826.7871352643211,840.2791401569405
595,0.004687500000000001,104.85345821270452,188.0064402970218,263.18980687586355,331.1673469936573,392.62968436146286,448.20126051927633,498.4466698346112,543.8763933326178,584.9519847660983,622.0907601263308,655.6700376981605,686.0309718513408,713.4820191935041,738.3020726014354,760.7432947782466,781.033680235076,799.3793716761511,815.9667544247321,830.96434999656,844.524528291612
596,0.004296875,105.31700678436381,188.8360618477085,264.3500914998431,332.6264978026886,394.3590296717331,450.1749042535077,500.64120694914726,546.2706640512964,587.526856789925,624.8289334622979,658.5558688857063,689.0503152979915,716.6220838022049,741.551292150956,764.0912107105158,784.4708356514648,802.8972154676953,819.5575545674128,834.6211151366505,848.2409368298496
597,0.00390625,105.76099195270305,189.63371028145747,265.46783514535935,334.0337615205074,396.0280891887457,452.08066419587186,502.76096789444546,548.5839000965651,590.0150099065509,627.4752257689419,661.3451322020754,691.9688367636517,719.6574662036078,744.6923276220442,767.3277665542918,787.7937511300336,806.298208510412,823.0291374441722,838.1565182337168,851.8340397481687
598,0.003515625,106.14320016359194,190.31747080216715,266.4239172107075,335.2359574546527,397.45278184578694,453.7065281087368,504.5687308583513,550.5561392435119,592.1359717953637,629.730665490277,663.7221686111972,694.4558218599631,722.2438671198599,747.3686199395536,770.0853378292869,790.6248136427763,809.1957203518962,825.9867311433508,841.1684362057342,854.8950759130203
599,0.003125,106.50549207057186,190.96866019231317,267.3366489537327,336.3852707832183,398.81602745654374,455.26319857125895,506.3002746396698,552.4457805969157,594.1685433133965,631.8924548814124,666.0007794321766,696.8400473143806,724.7235758578101,749.9346527856488,772.7294144222669,793.3394480468593,811.9741447814569,828.8228270212634,844.0566718493704,857.8304502093404
600,0.0027343750000000003,106.80577514097531,191.50551378978108,268.0870660636178,337.32867292159654,399.9338880717187,456.53879539489856,507.71849778002144,553.9929707551877,595.8323500214846,633.6617101239541,667.8653841038567,698.7908688413273,726.7523557282988,752.0339229630158,774.8924217578829,795.5600859157958,814.2468912467148,831.1426889025056,846.4191341331577,860.2314302919489
601,0.0023437500000000003,107.08584207499437,192.00929284194626,268.7934558180749,338.21836355174173,400.98933816143864,457.7441151447549,509.0593103483219,555.4562747624979,597.4063905603414,635.3358602687601,669.6300370267434,700.63733997433,728.672794200921,754.0212315065714,776.940184297455,797.6625021241613,816.3987173950821,833.3391844029073,848.6560132241035,862.504818371209
602,0.001953125,107.30373222457524,192.39840103500364,269.33703396330617,338.9014942104704,401.79861428075407,458.6674438769423,510.08576788468594,556.5759869047562,598.6104293049258,636.6161521308798,670.979280893151,702.0489331236678,730.14076551963,755.5401811305193,778.5052290307017,799.2692260693486,818.0431272932614,835.0176692326098,850.3653076539883,864.2419696997814
603,0.0015625,107.50119667498032,192.75410066720883,269.8361515593791,339.53039713569854,402.5448921136129,459.519845026173,511.0341086423521,557.6110568496179,599.7239009879431,637.8004974971819,672.2276949327947,703.3552645285677,731.4994538744626,756.9462000959855,779.9540349796325,800.7567116656844,819.5655795431795,836.5717315780612,851.9479457186414,865.850440334339
604,0.0011718750000000002,107.6362977171312,192.99473996992063,270.17186597521845,339.9519563527337,403.0440335232979,460.0891284854022,511.6668178663066,558.3011223302029,600.4658350014763,638.5893372456316,673.0589519212951,704.2248791155464,732.403754298793,757.8818654655702,780.9180618052055,801.7463835859261,820.5784399311974,837.6055587533849,853.0007305170594,866.9203658121094
605,0.00078125,107.75084549058674,193.20179551434094,270.4629207413756,340.31907702124596,403.4799605095391,460.5872661943699,512.221191693857,558.9063271757108,601.1169838100593,639.2820124973512,673.7891609508006,704.989013380557,733.198552427033,758.7043798079044,781.7656281969058,802.6165940231945,821.469117887739,838.51473688363,853.9266305151541,867.8613802173813
606,0.000390625,107.80374731623664,193.29514149297822,270.59249941754723,340.48129878425124,403.6716597012852,460.80561059612967,512.4636315146519,559.1705604193656,601.4009294933418,639.5837883024104,674.1070638090872,705.3215022508454,733.5442328575136,759.0619900225519,782.1340265209869,802.9947475033786,821.8560919866756,838.9096861451803,854.328790108475,868.2700582775794
607,0.0,107.83689474731568,193.35656281332618,270.6799245071653,340.59238548623904,403.804183654797,460.95752024178216,512.6330570032326,559.3558063785042,601.6004624239354,639.7962226683526,674.3311483888576,705.5561073406534,733.7883385152654,759.3146753742151,782.3944600814546,803.2621784373102,822.1298422274385,839.1891432911733,854.6134010209632,868.5593233103365
608,0.03125,0.0012567473260275274,0.0019598512965832535,0.002458054854896285,0.002829465722084749,0.003117897000877804,0.003349576413821418,0.0035411675343175785,0.0037037422165469517,0.0038449150531071744,0.003970087939070047,0.004083093931070455,0.004186759627517185,0.004283106130543625,0.004373624850819787,0.004459400625839566,0.004541227299449595,0.004619665465641962,0.004695148413479265,0.004767949439214655,0.004838281033057015
609,0.383203125,98.7843474882652,177.1226192993068,247.9523773617305,311.9934759420861,369.8966530575744,422.2502267450989,469.58610605168394,512.3852095677053,551.0823579287576,586.0706945980633,617.7056816876151,646.3087120737512,672.1703751324507,695.5534092170615,716.6953710860097,735.8110494564675,753.0946472067866,768.7217543535229,782.851132021087,795.6263253308332
610,0.3828125,99.62445685028955,178.63067075604644,250.06481459670732,314.65258062205703,373.0501328108185,425.85075275221647,473.590861863809,516.7554699074515,555.7831021319539,591.0702544540759,622.9754217279649,651.8227398234823,677.9052787616824,701.4880201259859,722.8105491200835,742.0894886318055,759.5207000085927,775.2812728445512,789.5313241592527,802.415625044995
611,0.382421875,100.40460280438823,180.0277698054094,252.01926731016655,317.1107577805626,375.96365313841295,429.17592120578723,477.2881954512446,520.7892824736095,560.121134789483,595.6833441427374,627.837202874529,656.9093752886819,683.1952169532241,706.9617756059472,728.4505043661237,747.8797148747552,765.4467952890993,781.3302156210293,795.6913409657537,808.6760708458821
612,0.38203125000000004,101.16767477919709,181.39773164993773,253.93842758408158,319.5266938708846,378.82885766572633,432.4473902177512,480.92702208985276,524.7602759374071,564.3924699097258,600.22624180932,632.6256397437384,661.9198206111962,688.4063942425374,712.3544469312056,734.0072751904976,753.5848575207385,771.2860892751052,787.290803269911,801.7615968321668,814.8454836449596
613,0.38164062500000007,101.87004153788037,182.65533061142975,255.697561913732,321.73907792924575,381.45094463555705,435.4398576184421,484.25434115229734,528.3903361419715,568.2962455279802,604.377493194724,637.000644627012,666.4971318642616,693.1666212503134,717.2800581395513,739.0824197091807,758.7952039034677,776.6186798004665,792.733922219545,807.3046514134313,820.4788963394527
614,0.38125000000000003,102.55489951687805,183.88509045970687,257.4204860325913,323.9081202663607,384.02345606325576,438.3772253647137,487.52162794383526,531.9559399155723,572.1315856818459,608.4567240931209,641.3003951750601,670.9962693185871,697.8460372720108,722.1224751275822,744.0722155629383,763.9182535002508,781.8622116164609,798.0863886610739,812.7556115554108,826.0189098890288
615,0.380859375,103.17840407837777,185.0012501920215,258.9815894854123,325.871299825039,386.3500665094972,441.03237740916427,490.4738018214589,535.1766502541917,575.5950846685565,612.1397359565806,645.181877530361,675.0571981214752,702.0692127864047,726.492346718396,748.5747234158015,768.5406855925154,786.5930744470813,802.9152904020956,817.6731564230237,831.0166026519278
616,0.38046875,103.78399204453576,186.08891182649012,260.50562081661127,327.7901039119059,388.62591824493705,443.63111474432606,493.3645109411758,538.3313665626289,578.9885161998333,615.7490104002792,648.9863120751992,679.0380906130373,706.2096524947001,730.7770430105738,752.9898507131968,773.0737431047874,791.2327592987069,807.6513828863108,822.4964162321966,835.9186750396624
617,0.38007812500000004,104.3276730092565,187.061911281439,261.8662862545152,329.5010518337616,390.6534646135555,445.94485725453603,495.9369874313236,541.1377607300775,582.0063978493656,618.9581035270486,652.3682866267992,682.5763749653578,709.8892643141869,734.5844365619656,756.9127789399649,777.1011330116039,795.3545993295539,811.8586211294312,826.7808684023988,840.272941293759
618,0.3796875,104.85305720254014,188.0057976372484,263.18907490885755,331.1666591035453,392.62914758704375,448.20095728477145,498.4466618295828,543.8767254871696,584.9526886324373,622.0918566163665,655.6715393834637,686.032884658367,713.4843438945398,738.3048059389823,760.746430371964,781.0372093130475,799.3832836987112,815.9710375019657,830.9689913336748,844.5295144641041
619,0.379296875,105.3160762650596,188.8341365296072,264.3472042824454,332.62273720901044,394.35450349998916,450.1697225578889,500.63547424679,546.2644760794758,587.520299408459,624.8220826031871,658.5487911266907,689.0430685085457,716.6147180247779,741.5438504029147,764.0837297574866,784.463346728336,802.8897449721762,819.5501245975998,834.6137440864809,848.2336398308736
620,0.37890625,105.76044662971229,189.63279229314853,265.4667107548569,334.03257960861407,396.0269716010232,452.0797068483361,502.76024455369907,548.5834664229453,590.0149069535114,627.4754828459379,661.3457692940418,691.9698663341502,719.6588947830687,744.6941570184671,767.3299948369593,787.7963734284627,806.3012176985153,823.032524611427,838.160273177986,851.8381512932424
621,0.378515625,106.1420898288504,190.31519334258246,266.420518240548,335.23154262182,397.4474765336832,453.70045899533767,504.56201766627646,550.5488914146553,592.1282874552122,629.7226315094582,663.7138613036262,694.4473077494849,722.23520393411,747.3598575138841,770.0765189720096,790.6159749379793,809.1868929263866,825.9779412698307,841.1597059566088,854.8864236544855
622,0.37812500000000004,106.50476114519027,190.96738699844465,267.33501628435056,336.383446234847,398.81415091122943,455.26138248302186,506.2986076587567,552.4443316743896,594.1673653297967,631.8915876525153,666.0002522667467,696.8398809435907,724.7237841378698,749.9352440103554,772.7303923976788,793.3408129706868,811.9758939990679,828.824955560874,844.0591729716498,857.8333157757531
623,0.37773437500000007,106.80444000986155,191.50279797456093,268.0830311417366,337.32344537482095,399.92761444681486,456.5316222825285,507.71056308444804,553.9844003040354,595.8232566201351,633.6521937578002,667.8555327871633,698.780759527676,726.7420554372566,752.0234898035419,774.8819059008989,795.5495304923351,814.2363332002183,831.1321596682261,846.4086603598136,860.2210343966279
624,0.37734375000000003,107.0848530633325,192.0075238935135,268.7911106900135,338.2156340969082,400.9863878665208,457.7410782501513,509.05629521748807,555.4533680373299,597.4036609400362,635.3333616898475,669.6278113924378,700.6354192425936,728.6712022315309,754.0199855028538,776.9392959967404,797.6619787799435,816.398562624972,833.3393988059009,848.6565950032331,862.5057637673208
625,0.376953125,107.30210549255355,192.39511919226544,269.3321794663175,338.8952198493195,401.79109298044096,458.6588468961427,510.0762555900277,556.5657053526222,598.5995094332361,636.6047101473371,670.9674193146359,702.0367418649837,730.1283231826245,755.5275561724944,778.4924808665945,799.2564060846895,818.0302797990198,835.0048322360492,850.3525136617518,864.2292463457683
626,0.3765625,107.49982790074849,192.75159912255597,269.83274872461806,339.52631802515026,402.5403329540438,459.5149705468135,511.029054974116,557.605935685744,599.7188035332755,637.7954978673556,672.2228531073874,703.3506286504054,731.4950622909664,756.9420829760052,779.9502156615699,800.7532077802595,819.5624039874541,836.5688932454614,851.9454502222661,865.8482905310135
627,0.37617187500000004,107.63431891320296,192.9907811015077,270.1660371186909,339.9444424837698,403.03503878676315,460.07885281137044,511.65544745837605,558.2888263772792,600.4527651165049,638.5756281148689,673.0447225861288,704.2102342766954,732.3887857953437,757.8666536094319,780.9026766297447,801.7308859875909,820.5628827386334,837.5899875998673,852.9851847339055,866.9048791374488
628,0.37578125,107.74904581881182,193.19846541299466,270.4583243090826,340.3134771036712,403.47359017810066,460.58032424490045,512.2138451706376,558.8987156193662,601.1092234381783,639.2741998672655,673.7813761694947,704.9813226408512,733.1910102638377,758.6970309072788,781.7585089165879,802.6097336688074,821.4625398242389,838.5084593882028,853.9206676102739,867.8557422933325
629,0.375390625,107.80056803282686,193.28886525142755,270.5833183735135,340.46949548117,403.65753382480244,460.78945051989604,512.4457037321581,559.1511064961487,601.3801661333337,639.5619087002145,674.0842396058854,705.2978854529562,733.5199578661479,759.0371754579966,782.1087769074264,802.9691547983398,821.8302369963794,838.8836397063378,854.3026142583702,868.24380721098
630,0.375,107.83212255509335,193.3474337518032,270.66687288170283,340.57589762802564,403.78472056809966,460.93549669662895,512.6088390022996,559.3297145260595,601.5727767933683,639.7671877077169,674.3009775223408,705.5249868785608,733.7564312009305,759.2821233765753,782.361387589576,803.2286939043961,822.0960403527785,839.1551066547134,854.579201617821,868.5250238032073
631,0.374609375,107.80059652366253,193.2889120451014,270.583379850631,340.4695692942882,403.6576183070719,460.7895443938577,512.4458059626484,559.151216211201,601.3802825796645,639.5620312164419,674.0843676049282,705.2980184096522,733.5200953087044,759.0373169608347,782.1089220860783,802.9693033046758,821.8303885149177,838.8837939510614,854.3027709697758,868.2439661536617
632,0.37421875000000004,107.74892999093751,193.19827440608077,270.45807282806993,340.3131749053295,403.47324431343054,460.5799401721685,512.2134273290308,558.8982677408759,601.108748730449,639.273701128345,673.7808558639811,704.9807829534757,733.1904531405615,758.6964580862301,781.7579219543405,802.6091339611088,821.4619286242879,838.5078378223967,853.9200366915863,867.8551029334487
633,0.37382812500000007,107.63440432334035,192.9909213791619,270.16622141227833,339.9446637557636,403.03529204026216,460.0791342169362,511.6557539129888,558.2891552671672,600.4531141836819,638.5759953768373,673.0451062831156,704.2106328345341,732.3891977998339,757.8670777849017,780.903111823746,801.7313311566012,820.5633369369832,837.5904499702068,852.9856544983572,866.9053555903672
634,0.37343750000000003,107.49959641774606,192.7512173927766,269.8322461355269,339.52571407566455,402.5396417357442,459.51420296825836,511.0282199072521,557.6050405891752,599.717854817682,637.7945011248052,672.2218132635315,703.3495500715555,731.4939488662227,756.9409381790996,779.9490426033767,800.7520092502306,819.5611824901409,836.5676510319945,851.9441893170907,865.8470127561375
635,0.373046875,107.30224770372726,192.39535275952704,269.33248632200156,338.8955882760323,401.7915146583849,458.6593154493003,510.07676585183526,556.5662529710887,598.6000906487437,636.6053216589268,670.9680581921925,702.0374054874197,730.1290091951814,755.5282624510711,778.4932054922513,799.257147319851,818.0310360690339,835.005602113319,850.353295851003,864.2300396719942
636,0.37265625,107.08450629426781,192.00695204855344,268.7903577930319,338.2147293582659,400.98535239621435,457.7399283898848,509.0550442580233,555.452027152143,597.4022397327425,635.3318685376728,669.6262536742712,700.6338034993677,728.6695342892448,754.018270565258,776.9375387239792,797.6601833506453,816.3967327909558,833.3375379393424,848.6547061367164,862.5038496301621
637,0.37226562500000004,106.80463883385626,191.5031245224074,268.0834601560357,337.32396047478886,399.92820400118836,456.53227737726235,507.7112764962234,553.9851659482529,595.824069240335,633.6530487386904,667.8564260319348,698.781687371551,726.7430145877788,752.024477290756,774.8829190416744,795.5505668571177,814.2373905872334,831.1332360813049,846.4097539877952,860.222143596495
638,0.371875,106.50429966259031,190.96662598171736,267.33401432367367,336.38224220486245,398.81277290608915,455.25985225093353,506.296942887545,552.4425472340355,594.1654740010084,631.889600583765,665.9981792778722,696.837730739199,724.721564471039,749.932961806059,772.7280538574078,793.3384236551145,811.9734589008418,828.8224791674035,844.0566593184088,857.8307684946116
639,0.371484375,106.14234497648528,190.31561239526556,266.42106878942224,335.23220364737136,397.4482331106333,453.7012996848966,504.56293319906064,550.5498739823862,592.1293303122658,629.723728732867,663.7150076357877,694.4484984871718,722.2364348518232,747.3611248000022,770.077819182964,790.617304955617,809.1882499248479,825.9793226871116,841.1611094681259,854.8878471514215
640,0.37109375,105.75987116110775,189.63184330244968,265.46546130716825,334.03107818225055,396.0252532306516,452.0777986549772,502.75816859489237,548.5812412421732,590.0125484887953,627.473004999661,661.3431843117038,691.9671850704248,719.6561269059166,744.6913111631618,767.3270787365072,787.7933940167303,806.2981812009886,823.029436623538,838.1571387315835,851.8349749168531
641,0.370703125,105.31638735452901,188.83464745876128,264.34787554076075,332.6235431706237,394.35542596866486,450.17074758774555,500.63659053664514,546.2656741093224,587.5215709538007,624.8234204423316,658.5501888491743,689.0445203797464,716.616218892419,741.5453956193571,764.0853151237778,784.4649684422778,802.8913995879152,819.5518089909841,834.6154554228262,848.2353755385436
642,0.37031250000000004,104.85236862896103,188.00466212234156,263.18757988021486,331.1648625692689,392.62709146942706,448.1986740370175,498.4441778460903,543.8740629573662,584.949866628011,622.0888917729208,655.6684463539244,686.0296764312608,713.4810320381791,738.3014007859387,760.7429411750504,781.0336443687862,799.3796504559152,815.9673426555048,830.965240904017,844.5257138694096
643,0.36992187500000007,104.32803950609907,187.06251320515057,261.86707705738604,329.5020013273186,390.6545513625749,445.94606483104207,495.9383025228786,541.1391721223653,582.0078958541369,618.9596796371275,652.3699332906319,682.5780854274284,709.8910325048066,734.586257005908,756.9146466904618,777.1030435892332,795.3565486746046,811.860605561133,826.7828845809502,840.2749861891874
644,0.36953125000000003,103.7831913552594,186.08759141303437,260.5038823380625,327.7880148217402,388.6235272933979,443.62845967144654,493.36162244185624,538.3282704419418,578.9852346372468,615.7455627420438,648.982715361818,679.0343599492717,706.2058013334434,730.7730833675911,752.9857933484135,773.0695976659657,791.2285344476818,807.6470864080885,822.4920551274618,835.9142556086003
645,0.369140625,103.17882539482173,185.00194214169622,258.9824985571705,325.87239131678734,386.35131578238713,441.0337655805029,490.47531358987897,535.1782727298919,575.5968067158076,612.1415477969387,645.1837704837948,675.0591644228113,702.0712454585487,726.4944394675445,748.5768705554466,768.5428819732873,786.5953154019533,802.9175716995755,817.6754742235017,831.0189534718685
646,0.36875,102.55398792666814,183.88358714622984,257.4185067306171,323.9057417725959,384.0207338829083,438.374202468655,487.5183392822477,531.9524148712762,572.1278495095783,608.4527988213623,641.2963002068408,670.9920218526393,697.841652625865,722.117966982343,744.067596169574,763.9135338432966,781.8574015577176,798.081497063901,812.7506463900593,826.0138783280717
647,0.36835937500000004,101.87051702999912,182.65611152687862,255.69858786095796,321.7403097468484,381.45235451991164,435.4414242619725,484.2560472888971,528.392167226656,568.2981889950362,604.379538009698,637.002780994899,666.4993510222592,693.1689153246251,717.2824200274206,739.084842992986,758.7976827716628,776.6212089856912,792.7364969458756,807.3072673471137,820.4815495484802
648,0.36796875,101.16665373325239,181.3960478162499,253.9362105923768,319.5240297409894,378.825808571261,432.444004293551,480.9233384870787,524.7563275709268,564.3882850702186,600.2218451730595,632.621053045872,661.9150631173717,688.4014831106805,712.3493974860379,734.0021011544721,753.5795711975561,771.2807017106387,787.285324391523,801.7560355667074,814.8398480256581
649,0.367578125,100.40513174038266,180.0286384815946,252.02040854859473,317.1121280221219,375.9652214588154,429.1776639064876,477.29009332892224,520.7913193512088,560.1232966912294,595.685618795555,627.839579383829,656.9118439077412,683.1977689237464,706.9644030271967,728.453200099202,747.8824724547958,765.4496088563731,781.3330798623513,795.6942510596851,808.6790224177524
650,0.3671875,99.62332790441069,178.6288089619676,250.0623632801339,314.64963489525144,373.0467614223531,425.8470089291355,473.58678890027676,516.7511042017691,555.7784749690139,591.0653931214847,622.9703502608244,651.8174795257735,677.8998486061307,701.4824370580039,722.8048283129759,742.0836436898629,759.5147431449974,775.2752150355358,789.5251752745902,802.4093939661988
651,0.366796875,98.784929037639,177.12357436815418,247.9536320912644,311.9949824450387,369.8983773390066,422.252142754075,469.5881926790566,512.387449030757,551.0847348644382,586.0731955145912,617.7082946084478,646.3114262839581,672.1731810032376,695.5562980622975,716.6983350568041,735.8140814447983,753.0977407696928,768.7249036487918,782.8543317470037,795.6295706767355
652,0.36640625000000004,97.92639016625613,175.58613751449116,245.80293805327094,309.290073282975,366.6925034068986,418.5933885763987,465.52000307397134,507.94908837341313,546.3116950544191,580.9975614063287,612.3590726982985,640.7148409895733,666.3529420477635,689.5338419458247,710.493043215814,729.4434773995972,746.577668312801,762.0696879146269,776.0769248177869,788.7416832159713
653,0.36601562500000007,97.0124071783215,173.94539862066225,243.50452921261305,306.3967633443344,363.2611768664415,414.67553953831236,461.16222120272204,503.19351452314964,541.1964404281066,575.5570899395974,606.6245484942934,634.7144433506379,660.112150807484,683.0756957369058,703.8383731527493,722.6111184664061,739.5846505545858,754.9314093454423,768.8073077828288,781.3533157851801
654,0.36562500000000003,96.0784570929267,172.27272508455584,241.1645026803906,303.45360901389995,359.77283239395,410.6943278645901,456.7354194874797,498.3638522436649,536.0025425087368,570.0338739940535,600.8035822841629,628.624267082444,653.7785680426791,676.5220361351498,697.0857298648008,715.6785626717493,732.4894253733485,747.6891051246289,761.432020556215,773.8577905288082
655,0.365234375,95.09029926476579,170.49901175918183,238.67996011151573,300.32610277405723,356.0638541303548,406.45953684056843,452.025171146726,493.22369221962833,530.473660427223,564.1535171558417,594.6054313881674,622.1387768294744,647.0332755862975,669.5418402514689,689.893143533241,708.2939415493553,724.9311744352043,739.9738655398914,753.5748386797275,765.8722707137117
656,0.36484375,94.08237801769467,168.69368063715686,236.15420918708892,297.14924136145004,352.29841785992505,402.1620063971466,447.2465831375475,488.01017534062373,524.8669130716384,558.1912358561467,588.3216964951603,615.5644003302923,640.1961150918271,662.4670826064598,682.6035610767038,700.8101237116558,717.2717370745643,732.155640174928,745.6130435590233,757.780665472452
657,0.36445312500000004,93.0215690084123,166.78972779573056,233.48736383224607,293.7923611388596,348.31750674672884,397.6168029895011,442.1911310118316,482.4933546809079,518.9329284157191,551.880060438734,581.6694756797787,608.6038172596992,632.9567217819042,654.9755995873383,674.8841484820637,692.8846264872574,709.1599067488547,723.8753354150632,737.1804115313146,749.2103058383541
658,0.3640625,91.94123074768622,164.8545227956493,230.77978307749197,290.386691196987,344.2807848025577,393.0095803867346,437.06812511273625,476.90402227375347,512.9219770663418,545.4879074717328,574.9326614838141,601.5553780903473,625.6265263425167,647.3906530688132,667.0688672957157,684.8610865643329,700.9480679788879,715.4932445329624,728.6443855328525,740.5350977994817
659,0.363671875,90.80940624845464,162.82326618909917,227.93474699801743,286.8056130148861,340.0340790455759,388.1609728670324,431.6752642055435,471.0190473430293,506.59203940186643,538.7556446073847,567.8366277159233,594.1304346107188,617.9041944646691,639.3994338782671,658.8345308297453,676.4069333765434,692.2951656980205,706.6606417896242,719.6493054091385,731.3931127554592
660,0.36328125,89.6583167993251,160.7611713007755,225.04951137854783,283.1763859466138,335.732295906091,383.25116229633954,426.21573995230847,465.0625180292517,500.1861528292062,531.9434765701784,560.657122295697,586.61880138925,610.0922671794801,631.3159944233707,650.5056020374682,667.8560436366633,683.5435881519527,697.7276105592467,710.5522110754026,722.1476790847076
661,0.362890625,88.45722199547338,158.60574296225806,222.0306713780828,279.37663150689974,331.22634352579064,378.10662673911537,420.49378550036676,458.81846283053636,493.47002222200865,524.8005066448334,553.128216835313,578.7409458835496,601.8989036385678,622.8373605441757,641.7690380279623,658.886269733097,674.3629556010632,688.356328585802,701.0085521226995,712.4481644018193
662,0.36250000000000004,87.23715623919855,156.41993776790002,218.97222970433015,275.5294433166089,326.6661322479721,372.9017988166545,414.70616115603235,452.503921248905,486.6790779715535,517.5788275693498,545.5170906590237,570.7777012221159,593.6172901763804,614.2678924966276,632.9393045208778,649.8212153335367,665.0851338985747,678.886131429607,691.3644168620303,702.646761246756
663,0.36210937500000007,85.96864312306765,154.14366118979848,215.7842405733886,271.516871496548,321.9078809955208,367.4692675860859,408.66393582350804,445.9104134490723,479.5871099562087,510.03616423587056,537.5669222085805,562.459080415755,584.9655281582088,605.3149169533168,623.713983677149,640.3496509940761,655.3909264666061,668.9906195652487,681.2868941971891,692.404672346966
664,0.36171875000000003,84.68148232471809,151.837516069815,212.5573087898352,267.45765434702594,317.09627320572577,361.9774479276953,402.5571356731893,439.24759639295405,472.42157943922933,502.4161097333876,529.5359114228187,554.0565034358264,576.2269985731674,596.2726342464946,614.3970607247074,630.7844100749792,645.6011668399897,658.9978593625191,671.1105891045636,682.0624133119316
665,0.361328125,83.34750686450657,149.44390112032045,209.20508618499858,263.23845223573807,312.09305993307214,356.2652975408549,396.2039560524282,432.3148025914932,464.96470917389286,494.4853830591984,521.1767383641278,545.3099438102108,567.130178213532,586.8591216012427,604.6972075248256,620.8256594486927,635.4083319590259,648.5933754217007,660.5147411769192,671.2935423829571
666,0.3609375,81.99523572969692,147.02097198499445,205.81464000041657,258.97346517899933,307.03747484079224,350.4949542234801,389.7873964612959,425.3139837979721,457.4356413093453,486.4787029250261,512.7382264607786,536.4809909615992,557.9482069975534,577.3579671175138,594.907461507487,610.7749812991847,625.1217299070515,638.0934606992777,649.8219578059557,660.4263749224954
667,0.36054687500000004,80.59785480991428,144.51370942288855,202.3033527641604,254.55413841214562,301.7970140402259,344.5119922667289,383.13305852154934,418.0525936487035,449.6253664976595,478.17214122920154,503.98293771130074,527.3199787236172,548.420354549966,567.4984319129736,584.7480319857347,600.3443995992428,614.4459837115252,627.1960471465865,638.7241221343193,649.1473262589176
668,0.36015625,79.18255845462187,141.97773228004309,198.75462004899043,250.08995782512727,296.5052471004181,338.4720228875807,376.4166335445118,410.7245680977658,441.7443708265653,469.79118148578414,495.14993660208086,518.0782639832992,538.809100039793,557.5530561748737,574.5005584389112,589.8237821161736,603.6784009290889,616.2051685301486,627.5313485160539,637.7720073055106
669,0.359765625,77.7239267153659,139.36068808203459,195.08968226470665,245.47732058482003,291.0356190460355,332.2274744775513,369.4713975733731,403.14577787631475,433.59273404283306,461.12159254095826,486.01203180119023,508.5169243332659,528.8649063131027,547.2627006210481,563.8972171938411,578.9374520141464,592.5362040951171,604.8316278178587,615.948636572563,626.0001717823959
670,0.359375,76.24778741106887,136.7155732094979,191.3881348981684,240.82082991457153,285.5158298041232,325.92719228117926,362.465463528942,395.5018449604149,425.37196262815223,452.3792761897691,476.79816153158725,498.8766979808479,518.839188617242,536.8884389510196,553.2078172739554,567.9631175409525,581.3042437450168,593.3667327909554,604.2731315108755,614.1342416227155
671,0.358984375,74.73015397227073,133.99278268738496,187.57519764942788,236.02199455610983,279.82546825009337,319.43068601915144,355.24003850978977,387.61734051576724,416.89153297961116,443.3600277186843,467.291730482985,488.92977360176735,508.4939866030447,526.1831297734233,542.1769136118768,556.6378246731615,569.7127764205918,581.5346017682314,592.2234026590957,601.8877702077156
672,0.35859375000000004,73.1954478394703,131.24260870184395,183.72654321714185,231.18037387397462,274.08616795835997,312.879805761781,347.955398260238,379.66928688764136,408.34366195899827,434.26983512209387,457.71119855529906,478.905900585148,498.06926510176226,515.3959790111381,531.0620701059013,545.2266953694791,558.0337579244285,569.6133689398939,580.0831695251366,589.5495258491662
673,0.35820312500000007,71.62115277776344,128.41827018767836,179.771485746906,226.20273980065699,268.18384694811954,306.14135867515614,340.4609251249907,371.49122536804833,399.5475154312552,424.91483389489576,447.8508991958617,468.588728591323,487.339006000612,504.292222643063,519.6206124791906,533.4799020936724,546.0108928698567,557.3408914361161,567.5850030997269,576.8473012268591
674,0.35781250000000003,70.03024622277904,125.56727766568679,175.78165861658948,221.18345457716626,262.23388526071665,299.34998143937923,332.90881119105404,363.2513065184727,390.68572520531455,415.49078170814687,437.9184783653785,458.19666529599925,476.53135518685724,493.1088161470231,508.09746404739894,521.6495734920729,533.9028248445604,544.9817029166867,554.9987617008567,564.0557678082746
675,0.357421875,68.401716973457,122.64574605537528,171.69057928537697,216.0346968602599,256.12870563257263,292.3799835755012,325.156845685767,354.79229767436937,381.58742455210125,405.81445215426896,427.7195142219785,447.5251536454469,465.4325838763695,481.6237333435845,496.2630938965814,509.4993920313145,521.4670999452705,532.2878016836407,542.0714284338287,550.9173753399366
676,0.35703125,66.75706304810765,119.69833100898789,167.56573147610715,210.84548647822385,249.97725698864699,285.3585812278439,317.34890296384515,346.2732190757726,372.42537950492635,396.07107175911887,417.45051976756434,436.7809241134704,454.2586686238779,470.0613153991321,484.349408703271,497.26810596488247,508.94865249521933,519.5097148022941,529.0585862115984,537.6922768598047
677,0.35664062500000004,65.07681069549959,116.68411110332059,163.34493843556925,205.53354411919227,243.67863245642917,278.16777976218333,309.35139797277526,337.54630597068217,363.0389535006365,386.0883339012613,406.9286166984834,425.77152727105124,442.80849834687194,458.21261504406675,472.14037346670193,484.7332706966355,496.1192423990801,506.41396256216547,515.7220187474246,524.1379746166667
678,0.35625,63.38094534918573,113.6448182597621,159.09143021144013,200.18241004079425,237.335182051914,270.927178940263,301.2996659269757,328.761203646189,353.59078110168025,376.04064918152534,396.3388829983835,414.6916986920852,431.28554842041325,446.2890144871561,459.85452200208823,472.1198873960947,483.2097185575902,493.2366807155964,502.3026410902395,510.4997037611109
679,0.355859375,61.6515606968838,110.54255772107398,154.74743154408648,194.71547356083857,230.85282449132552,263.5266613794037,293.06895279232225,319.7798422736815,343.93070261860487,365.7668953209929,385.5102646201049,403.3613919184224,419.50163404505423,434.09496592286064,447.2896466050407,459.21972558103386,470.00640471632335,479.759269580914,488.5774028439384,496.550390874474
680,0.35546875,59.90709882227737,107.41607344103865,150.37182150543762,189.21066685972443,224.32715350107168,256.07802662482214,284.7858466989366,310.7422623342161,334.21097141603894,355.4303992602458,374.61612048776544,391.9630488246794,407.6474172638649,421.8285683708832,434.65057307290226,446.2436943000521,456.7257103817101,466.20311154625034,474.77218183658863,482.519977257424
681,0.355078125,58.13124847148345,104.23055574985605,145.91131535854973,183.59716588394673,217.6710582251168,248.47920399511355,276.3346165221865,301.52030121275794,324.2921354763475,344.8814706335383,363.49748357001226,380.32930243046724,395.5479285065141,409.3079736885117,421.74923137426646,432.99809676612716,443.1688510454204,452.36482239089963,460.6794358009163,468.1971622160095
682,0.35468750000000004,56.34087991579757,101.02170087416056,141.42035042887244,177.94717465055723,210.97322887059778,240.83402070852955,267.8329085143302,292.24417917435716,314.3158328526012,334.2721016583304,352.31572732046806,368.63002060857076,383.38072361224914,396.7176934642407,408.77642476232404,419.6794260798877,429.53746458176306,438.4506912954783,446.5096586237877,453.7962402624888
683,0.35429687500000007,54.52130208728302,97.75783784190511,136.85021453331635,172.19576471788795,204.15365899157746,233.04860970435257,259.1741923031078,282.795837684561,304.15353332938736,323.4642636589518,340.92421567055595,356.7107726297096,370.98431661931767,383.8898580971238,395.5585092544118,406.1088161141759,415.64796296031926,424.2728612556745,432.071134273154,439.12200727657387
684,0.35390625000000003,52.6877874739594,94.47156020640482,132.25081948502574,166.40930088144853,197.29399892019543,225.21866631612986,250.4669915445707,273.29547683688634,293.9360422374448,312.5983808993955,329.47208904676387,344.72859184070916,358.52288490540116,370.9951088719947,382.27197308613614,392.4680428651503,401.68690341448644,410.0222121352136,417.5586501647348,424.37278264667316
685,0.353515625,50.827287828718255,91.13438447369909,127.57810064913849,160.52885022190154,190.3214696701191,217.25867139881277,241.6141403029067,263.6353234955925,283.5459484866325,301.548298224952,317.82526731417903,332.54222062901283,345.8486737465125,357.87981209643044,368.7578644981929,378.5933450060729,387.4861757361865,395.5267020049074,402.79661025090144,409.3697579015431
686,0.353125,48.9534542940768,87.77575126887481,122.87736741067758,154.61483609830455,183.31055600831118,209.25604116651263,232.7148727463715,253.925372816352,273.10302369731465,290.44265625472855,306.1204288642112,320.2956167533799,333.11223008903664,344.7004769141206,355.1780859455964,364.6515025933253,373.2169703825751,380.96150867503604,387.96379677062527,394.29497320291114
687,0.35273437500000004,47.054901584430134,84.3704085072682,118.10927060195624,148.61441189314579,176.19581844777957,201.1337359663192,223.68153679080672,244.06830270671654,262.50115628246635,279.1673670898695,294.2362553294397,307.8609125048946,320.1797571456332,331.3179412074923,341.38862167018095,350.49411021458303,358.7269127163685,366.1706690394165,372.9010028334899,378.9862898066
688,0.35234375,45.14363846162678,80.94459853759959,113.3144474222797,142.58196655162,169.0444616382022,192.97075852497065,214.6039246603869,234.1637344746626,251.8489003071033,267.8390903205361,282.2967534188913,295.3687693054565,307.18794063654985,317.87434209562326,327.5365402419106,336.27269644675016,344.17156415478473,351.3133905108055,357.7707316595258,363.6091898340362
689,0.351953125,43.20996011534526,77.47633952798813,108.45832467526238,136.47082097415947,161.79848610467113,184.6986669451967,205.4040326045163,224.12494631426088,241.05160633473994,256.3559801055589,270.19355234546657,282.7049051317176,294.01714651511503,304.2452020025796,313.49298225438935,321.85443882087094,329.41451869991323,336.25002733621534,342.43040898438034,348.0184522025688
690,0.3515625,41.2642144341352,73.9886351508042,103.57680484344492,130.32924604662702,154.51771308448528,176.38792910680837,196.16207304457393,214.04103281350055,230.20644437137517,244.82253614319296,258.0377970769139,269.9864848736995,280.78998990742434,290.5580683556799,299.3899572182907,307.37538247039726,314.59547062472575,321.1235728739109,327.02601033120175,332.36274777535925
691,0.351171875,39.298392041824016,70.46280768924751,98.64014392636808,124.11680199975551,147.1516722812141,167.97880601789277,186.8098103277894,203.83600552521037,219.23037229164007,233.14931077414568,245.7342304643618,257.1129872462238,267.4011827009376,276.70333867994697,285.1139593015346,292.71849111901827,299.59419127040934,305.81091235271896,311.43181214731254,316.5139952469933
692,0.35078125000000004,37.32116399776025,66.91858669210255,93.67945440246281,117.87556737675608,139.75270952457598,159.53312241493808,177.41775387740992,193.58829555859353,208.20902696531388,221.42848355647627,233.3809653650061,244.18790107433708,253.95908160083516,262.7937753802317,270.7817368367513,278.004118198423,284.53429395492793,290.4386062445372,295.77703888673386,300.60382674463597
693,0.35039062500000007,35.32622870857531,63.34062733231488,88.66986725571421,111.57140394361258,132.27796126964537,150.99993396063917,167.9275408622911,183.23276437084795,197.07110086646423,209.58314204693082,220.89600413436156,231.12461967535597,240.3729055326324,248.7348187372572,256.2953111471338,263.1311925661923,269.31191114765727,274.90025893311594,279.953009845892,284.52149646217435
694,0.35000000000000003,33.320567046274256,59.74535465653062,83.63765708626866,105.24013319922736,124.77221750885477,142.43232732266162,158.39986952167695,172.83705932800012,185.8905664904189,197.69300447088358,208.36427730647938,218.0127974287097,226.73658700687247,234.62427367016213,241.75599087244376,248.20419196380797,254.03438627280892,259.30580458859276,264.07200094621487,268.3813966669453
695,0.349609375,31.299594906865686,56.1207803485447,78.56286811475496,98.85397090958496,117.20028726537916,133.7882309762183,148.78633931314587,162.34699157128708,174.607960066491,185.69381126602025,195.7171721192529,204.77987461829133,212.97399067547244,220.38276762677634,227.08147408024263,233.13816465528393,238.6143714363214,243.56572908865348,248.04254013620815,252.0902859873398
696,0.34921875,29.268592219243526,52.479999662957546,73.46689663891955,92.44242646304377,109.59933589995913,125.11191205028435,139.13774421400709,151.81932106461062,163.2854764387733,173.65269732121408,183.02630686997858,191.50153410057587,199.16448129224983,206.09299861035126,212.35747497847947,218.02155315101575,223.14277628482563,227.7731724903679,231.9597834418805,235.74514225665294
697,0.34882812500000004,27.22469942421278,48.81439923547296,68.33473078662978,85.98411228635462,101.9418989827867,116.3702363017403,129.41572006870356,141.2108915212114,151.8755864770856,161.51815410157835,170.2365584095526,178.11937382158493,185.24668533181423,191.690902220022,197.51749378578802,202.7856545287577,207.5489055865533,211.85563846349118,215.74960672119337,219.2703704710495
698,0.3484375,25.171487373175307,45.13372437044667,63.18285564706211,79.50218031829625,94.25746019790712,107.59858344130066,119.66107877607374,130.56748861990766,140.42861224499845,149.34463054442645,157.40612339666623,164.6949895650508,171.28527867539722,177.24394338998175,182.6315195675963,187.50274123445087,191.9070966484255,195.8893310177432,199.4899011210295,202.74538628864957
699,0.348046875,23.10782544225875,41.432749883226364,58.001226290329356,72.98167242901762,86.526323710634,98.77280717719748,109.84555116978594,119.85705450065963,128.9090317126148,137.09344760326496,144.49345220031728,151.1842257779708,157.23374292727448,162.70346322216608,167.64895570496566,172.12046348194193,176.16341421819965,179.8188816407909,183.12400288412937,186.11235576370643
700,0.38398437500000004,97.01177395195683,173.94435870241307,243.5031630247287,306.39512302432826,363.25929942361375,414.673453332392,461.15994921311176,503.1910761082296,541.1938523122791,575.5543668106641,606.6217033906552,634.7114879375137,660.1090955681841,683.0725501285984,703.8351457214306,722.6078169516512,739.5812819721498,754.9279800571644,768.803823562234,781.3497818713018
701,0.38359375,97.92762529633823,175.58817444610293,245.8056199843986,309.2932961531072,366.6961919955665,418.5974846434308,465.5244592460771,507.9538648223996,546.3167575471371,581.0028800839807,612.3646212612399,640.7205961269567,666.3588830002329,689.5399501725154,710.4993021152819,729.4498720874083,746.5841854269165,762.0763154466019,776.0836519699816,788.7485002722041
702,0.34765625,21.035569924438146,37.71785616533613,52.80139130465265,66.43934762199319,78.77024638691869,89.91934569259796,99.99990471858429,109.11433067515276,117.35521742554134,124.80628529950893,131.54323122841933,137.63449744145998,143.1419667319017,148.12159102281714,152.62395976631015,156.6948138645233,160.37551036908283,163.7034425920979,166.71242003518452,169.4330118391179
703,0.347265625,18.955320877961466,33.98721425273132,47.578288130729405,59.866700144936004,70.97733113409711,81.02307754644457,90.10600838041013,98.31840655923043,105.74370851534432,112.4573528765798,118.52754747292347,124.01596251013268,128.97835736462275,133.4651471384829,137.52191493344208,141.1898749911737,144.5062914580861,147.5048569511603,150.21603491474403,152.66736909375805
704,0.384375,96.07979655257695,172.2749341030735,241.16741121852536,303.4571042192512,359.77683268564545,410.6987700747096,456.74025223247247,498.36903232309834,536.0080327906435,570.0396420916046,600.8095996712299,628.6305084751206,653.7850109252314,676.5286603983719,697.0925175034953,715.6854975432968,732.4964929866661,747.6962924569457,761.439315898191,773.8651833442105
705,0.34687500000000004,16.86721716486562,30.243829790334917,42.33851109285032,53.27407033469827,63.16157465091996,72.10145893323829,80.18453817557504,87.49292647625126,94.1008695165155,100.07549797213424,105.4775091082628,110.36178308698976,114.77794045030583,118.7708461083055,122.38106510117214,125.64527467784207,128.59663691415923,131.26513556834087,133.6778807332239,135.859384224613
706,0.0,14.773588592380515,26.48927282017831,37.08198772286481,46.659417770646044,55.31889667263787,63.14841620606451,70.22752864494969,76.62815873118124,82.41533613502122,87.6478569945124,92.37888177113838,96.65647551169404,100.5240964013893,104.02103733423435,107.18282518563063,110.04158178329314,112.62635029630864,114.96339027991687,117.07644451588925,118.98698020800427
707,0.0,12.672856394049044,22.723169655176026,31.810348018270464,40.026648364241105,47.45551243560216,54.17239705901984,60.24553301251417,65.73661466841806,70.70142504452917,75.19040165199405,79.2491484990617,82.91889905949344,86.23693511276808,89.23696537759822,91.94946793393144,94.40199982385639,96.61947701396598,98.6244274758038,100.43722009166204,102.0762715569523
708,0.413671875,-39.29834446775748,-70.46271422306683,-98.64001537918304,-124.11665229642985,-147.15151491912076,-167.9786525200722,-186.8096697819259,-203.83588457104585,-219.23027543771957,-233.14924077185026,-245.7341886345971,-257.1129738758292,-267.4011972561837,-276.70338005836004,-285.1140260177716,-292.71858144690754,-299.5943033136973,-305.8110441935945,-311.4319618504904,-316.51416092811274
709,0.41328125000000004,-37.321110665772984,-66.91847142412549,-93.67927679800636,-117.87533152170826,-139.7524215601571,-159.53278922024586,-177.41738234809716,-193.58789213311482,-208.20859744780762,-221.42803304694093,-233.38049822065742,-244.18742102269624,-253.95859174173196,-262.79327828465375,-270.7812346254548,-278.0036126116291,-284.5337863766767,-290.43809782325997,-295.7765305255641,-300.6033191654249
710,0.41289062500000007,-35.326182183169905,-63.34053596050986,-88.66974172976875,-111.57125802662819,-132.27780829680302,-150.9997853066448,-167.92740548298556,-183.23264879078155,-197.0710094941605,-209.5830775481612,-220.89596775694503,-231.12461164494326,-240.37292526550783,-248.73486509114485,-256.2953826058362,-263.131287380779,-269.31202740660615,-274.9003947093353,-279.95316320035045,-284.52166551120274
711,0.41250000000000003,-33.3205148376165,-59.7452417285596,-83.63748297875446,-105.2399018528106,-124.77193488625706,-142.43200011914936,-158.39950445781344,-172.8366626837341,-185.89014393075112,-197.69256097712844,-208.3638171360812,-218.0123242272534,-226.73610380856502,-234.62378299475853,-241.75549480175798,-248.2036922098169,-254.03388420076925,-259.3053013356297,-264.07149741078825,-268.3808935714716
712,0.412109375,-31.299549402444345,-56.12069101737449,-78.56274553128365,-98.85382867690745,-117.20013855859389,-133.7880870240357,-148.78620894204943,-162.34688119322013,-174.60787399253897,-185.6937520788505,-195.71714099596727,-204.7798717255612,-212.9740153816061,-220.3828187514955,-227.0815500780761,-233.13826375591728,-238.61449171411928,-243.56586860821378,-248.042696955546,-252.0904582241045
713,0.41171875,-29.268541106905353,-52.47988902330484,-73.46672595467395,-92.44219953307089,-109.59905851196694,-125.11159071892995,-139.13738548765346,-151.81893106729595,-163.2850606986675,-173.65226070299173,-183.02585353311147,-191.50106761030142,-199.1640046185342,-206.09251422290475,-212.35698492117857,-218.02105910843372,-223.14227960410696,-227.7726742978642,-231.9592846317802,-235.7446435522188
714,0.41132812500000004,-27.2246549065225,-48.81431188031023,-68.33461105207944,-85.98397361770522,-101.94175439755122,-116.37009688531249,-129.41559452099264,-141.21078614439506,-151.8755054876189,-161.51810000172833,-170.23653230824553,-178.1193758288723,-185.24671477017137,-191.6909578730836,-197.51757408049312,-202.785757674872,-207.5490296455656,-211.85578149273024,-215.74976677657756,-219.27054567223146
715,0.4109375,-25.171437319681527,-45.1336159498583,-63.1826882882703,-79.50195768249198,-94.2571879018504,-107.59826782279562,-119.66072621465979,-130.56710508674564,-140.42820313412528,-149.3442006062724,-157.40567669484224,-164.6945295863121,-171.2848083270987,-177.24346509319608,-182.63103532946377,-187.5022527131551,-191.90660517382616,-195.88883770609047,-199.4894068627677,-202.74489180828195
716,0.410546875,-23.10778188134975,-41.432664446816375,-58.00110932139805,-72.98153721701715,-86.52618311776637,-98.77267214800567,-109.8454302801866,-119.85695394571387,-128.90895561677155,-137.09339839092456,-144.49343091461242,-151.18423247454143,-157.23377688476873,-162.70352318991772,-167.64904008388993,-172.12057046323906,-176.16354185162135,-179.8190279773479,-183.1241659784175,-186.11253373799184
717,0.41015625,-21.035520906611378,-37.71774991859321,-52.80122720644717,-66.43912919904349,-78.76997908830162,-89.9190356823056,-99.99955821006566,-109.1139534891393,-117.35481482410354,-124.80586192074658,-131.5427910417518,-137.63404385662028,-143.14150259489537,-148.1211187071499,-152.6234812432791,-156.69433076665595,-160.37502400952843,-163.70295407744598,-166.71193025245262,-169.43252151425412
718,0.409765625,-18.955278254965425,-33.98713069657104,-47.57817386996768,-59.866568314503496,-70.97719444255227,-81.02294679938532,-90.10589203182556,-98.31831069923857,-105.7436371785709,-112.45730841169214,-118.52753085927353,-124.01597375081795,-128.97839569616198,-133.46521127741323,-137.52200325596365,-141.18998567104074,-144.5064225342406,-147.50500646905317,-150.2162009282479,-152.66754972820658
719,0.40937500000000004,-16.867169169192188,-30.24372568846927,-42.33835021263006,-53.273856070955134,-63.16131228776462,-72.10115446340667,-80.18419764872264,-87.49255556473207,-94.10047335223895,-100.07508108245466,-105.47707536977526,-110.36133583358654,-114.7774824676517,-118.77037972317633,-122.38059224970263,-125.64479696744183,-128.59615564166413,-131.2646518309589,-133.6773954147169,-135.85889805244594
720,0.40898437500000007,-14.773546892526854,-26.489191112791122,-37.081876122599816,-46.65928925901258,-55.31876380600541,-63.148289652790176,-70.22741673896759,-76.62806745965484,-82.4152694447627,-87.64781716042839,-92.37886971066042,-96.65649117710313,-100.52413898864282,-104.02110552845538,-107.18291733950159,-110.04169605413861,-112.62648471309579,-114.96354288321012,-117.07661335936025,-118.98716342043852
721,0.40859375000000003,-12.672809398056692,-22.723067654207796,-31.810190292821556,-40.026438180381966,-47.4552549156912,-54.17209802754953,-60.24519835805944,-65.7362499173817,-70.70103520080029,-75.18999113406858,-79.24872109234477,-82.91845802345463,-86.2364831739531,-89.23650481707915,-91.9490006535288,-94.40152740654976,-96.61900074081001,-98.62394843502466,-100.43673916404508,-102.07578947164939
722,0.408203125,-10.569035717281189,-18.950406969630894,-26.52840060277725,-33.38006470922594,-39.57503536350284,-45.1762621229382,-50.24065555742695,-54.81966899642645,-58.95982305287394,-62.703179058622084,-66.08776679205003,-69.14797107443816,-71.9148811445244,-74.41660659976196,-76.67856298471978,-78.72372999517671,-80.57288491833276,-82.24481377377754,-83.75650208860715,-85.12330750309754
723,0.4078125,-8.458908990448705,-15.16737212338601,-21.232981104061555,-26.717302082588656,-31.67602457069563,-36.15951167619003,-40.21330482507964,-43.87858318806474,-47.19258060123157,-50.18896307362533,-52.89817042290421,-55.34772534607595,-57.56251285652293,-59.565033072942185,-61.37562975204135,-63.01269692899127,-64.49286574912995,-65.83117347465988,-67.0412161684599,-68.13528686127736
724,0.40742187500000004,-6.348227781215168,-11.382402527171628,-15.934020006982102,-20.049370269780916,-23.77028480665582,-27.13457577760549,-30.17642662860245,-32.926742283850395,-35.41346460585895,-37.66185693493282,-39.69476108318602,-41.53282959146699,-43.19473557003202,-44.69736248687538,-46.05597569865063,-47.28437753106321,-48.395047480325765,-49.399269051861324,-50.30724431431746,-51.128197588854015
725,0.40703125,-4.231965480172077,-7.588289439464002,-10.623031948355894,-13.366969515947483,-15.847951700123998,-18.09116953205806,-20.119404799773235,-21.953258338336386,-23.611357911679637,-25.11054670046052,-26.466054027710314,-27.691649900600368,-28.79978472749636,-29.801715778161615,-30.707621495999764,-31.526704865211535,-32.2672868672229,-32.93689106093358,-33.54231993270618,-34.08972404498198
726,0.406640625,-2.117631267052299,-3.7968471049497237,-5.315070109659445,-6.687760914738987,-7.928881926491446,-9.051049602187055,-10.065667553248828,-10.983044643197134,-11.81250089776135,-12.562462709737092,-13.240548703095934,-13.8536472923836,-14.407986665830192,-14.90919812812801,-15.362373309360091,-15.772115882518142,-16.142588309975746,-16.4775541844156,-16.780416384982452,-17.054251690364786
727,0.40625,0.00150349175787452,0.00249400005039166,0.0032973995901513222,0.0039742716041722345,0.00455795165808964,0.005068327338267453,0.005518376770976552,0.005917366379677562,0.00627232811130387,0.006588881775053924,0.006871682598647282,0.007124646599723536,0.0073511689980460945,0.007554187686013325,0.007736267692274658,0.00789966673477641,0.008046398200938446,0.008178207690493305,0.008296674691401051,0.008403189096166323
728,0.405859375,2.116230549711406,3.794562916020522,5.312075431855765,6.68416071477434,7.924746972507253,9.046432905957868,10.060612324014365,10.97758832162664,11.806677082661672,12.556302156426772,13.234079855903175,13.846896515418349,14.400978473128077,14.901955271451223,15.354916858367517,15.764465312570037,16.134761624099063,16.469567916414398,16.772285747061026,17.045990624102554
729,0.40546875000000004,4.234970220558224,7.59327375260972,10.629621903439732,13.374912245437026,15.857060953843492,18.10129880370894,20.130433519576858,21.965084455911914,23.62389343073625,25.123714856750823,26.47978736136241,27.705888778718357,28.814476303309668,29.816813076965875,30.72308266988419,31.542492578819353,32.283367809405654,32.953235409453676,33.55890102225075,34.10651798817712
730,0.40507812500000007,6.346829360045625,11.380122129596892,15.931030326225144,20.04577608070754,23.766156738772807,27.129966734997524,30.171379732368344,32.92129489993987,35.40765026829987,37.65570634205145,39.6883026287607,41.526089594522865,43.18773850424946,44.6901310678583,46.04853096361812,47.27673892626445,48.38723298265556,49.391295171677605,50.29912624279657,51.1199492487204
731,0.40468750000000003,8.461907006180665,15.172345383501245,21.239556537279157,26.725227383565027,31.685113890210854,36.16961881507105,40.224309461511304,43.89038347930915,47.20508872924886,50.20210242971058,52.91187368450109,55.361933002437766,57.577172170095835,59.58009716709115,61.39105686714154,63.02844980933319,64.50891115551933,65.84748164995278,67.05776050628857,68.15204352767962
732,0.404296875,10.567641884331998,18.948134147962286,26.52542090711464,33.37648253107415,39.570921055347085,45.17166837367883,50.2356253120425,54.81423947156415,58.95402765312265,62.697048368427716,66.08132910418298,69.14125261783563,71.90790631222977,74.40939803512744,76.6711416601433,78.71611529873742,80.56509477470834,82.23686464647572,83.74840912678626,85.11508459180632
733,0.40390625,12.675796213929686,22.72802250546778,31.8167415394711,40.03433445331165,47.464311033449555,54.182168302493494,60.25616288138357,65.74800719221021,70.71349770600403,75.20308252003343,79.26237426524493,82.93261367601143,86.25108875054048,89.25151360442041,91.96437103906122,94.41722226723542,96.63498695731253,98.64019635862897,100.4532222865705,102.09248404810415
734,0.40351562500000004,14.772159934030064,26.486929642053287,37.078911387675326,46.655725077050896,55.314670114440595,63.143718818112795,70.22241144226768,76.62266469386785,82.40950242052448,87.64171629154383,92.37246313854352,96.64980499569556,100.51719747015528,104.01393120797074,107.17553109228184,110.03411718109366,112.61873106065524,114.95563084467497,117.06855802092299,118.97897861068996
735,0.403125,16.870140334624224,30.248654815814465,42.34486766230501,53.2817117822301,63.17032201232696,72.11117322839117,80.19510612240845,87.5042527334897,94.11287210977733,100.08810544115214,105.49065855537327,110.37541882307403,114.79201295957643,118.78531123248868,122.39588336929792,125.66041075963521,128.61205915457126,131.28081556734801,133.69379300358187,135.87550587309494
736,0.402734375,18.95390044843084,33.984884337506045,47.57522905283125,59.86302809187619,70.97312819932515,81.01840647281885,90.10091995167122,98.31294356057293,105.73790793378252,112.4512472473762,118.52116571530485,124.00933054137985,128.9714985325663,133.45808255057,137.51466371178518,141.1824544943581,144.49871746728658,147.4971438116367,150.20819568271202,152.65941564796017
737,0.40234375,21.038471993575648,37.722646044018596,52.80770129728377,66.44693287316132,78.77892929454059,89.92898836480293,100.0103947774425,109.12557354771577,117.36713179977006,124.81880029027012,131.5562844408288,137.64803362690705,143.15593676100303,148.13595107680302,152.63867067293623,156.70984055640412,160.39082142229353,163.7190098103194,166.7282181103953,169.44901803602744
738,0.401953125,23.106415485943057,41.43043692984756,57.99818933883372,72.97802686811286,86.52215109847079,98.76816986040417,109.84049961597358,119.85163122858565,128.9032734771199,137.08738673204866,144.48711742508996,151.1776428444131,157.22693502472177,162.6964513110899,167.64175877090025,172.11309875617462,176.15589736278878,179.81122688997706,183.11622319029465,186.10446290877894
739,0.40156250000000004,25.17436392080372,45.13847182897515,63.18910950156335,79.50969789468995,94.26606552167587,107.60813991271058,119.67147508620891,130.5786311023668,140.44042036879029,149.35703410315992,157.41906058966592,164.70840566550757,171.29912501297673,177.25817655057648,182.6461007362649,187.5176356594693,191.92227318458174,195.90476171539012,199.50556089019273,202.76125258707467
740,0.40117187500000007,27.223302164572882,48.81210690819708,68.3317207845702,85.98049901342213,101.93776332812257,116.36564011248481,129.41071341232143,141.20551657920495,151.8698797110084,161.5121475780102,170.23028062528834,178.11285030849487,185.23993908298337,191.68395401509522,197.5103624432975,202.77835712534062,207.5414576405237,211.84805407589673,215.74189872061245,219.26255052460775
741,0.40078125000000003,29.271438869389204,52.4846975021177,73.4730848921587,92.4498650048903,109.60785064626214,125.12136789523232,139.14803108085934,151.83034633027387,163.29716047074373,173.66497069434152,183.039108468241,191.51480979938495,199.17818295218257,206.10708328642255,212.37190427099108,218.03629267610995,223.1577952230799,227.78844318131394,231.97528105199612,235.76084447143882
742,0.400390625,31.29821254203096,56.11851226969781,78.55988982950244,98.85039565308561,117.19619512556297,133.78368319867903,148.78138548219908,162.34167346123718,174.6023137852578,185.68786856618746,195.7109612159072,204.77342078782843,212.96731667746198,220.37589402663255,227.07441949946252,233.13094598886227,238.60700403452302,243.55822689745355,248.0349158406722,252.0825511220346
743,0.4,33.32337944199185,59.74999570752843,83.64377031262003,105.24748138921971,124.78062873025792,142.4416681645968,158.41003130224843,172.84795060385042,185.90210864473258,197.7051289620731,208.3769237934849,218.02591246947617,226.7501230646636,234.6381883335094,241.77024621476224,248.21875402125949,254.0492245987901,259.32089185428407,264.0873126129116,268.39691068258367
744,0.39960937500000004,35.32486339756519,63.33838705925545,88.66692536765842,111.56787232596679,132.27391907920475,150.99544174125856,167.92264763373612,183.22751143168324,197.06552391186676,209.57727246371587,220.88986981010177,231.11824559019664,240.36631417616297,248.7280304279834,256.28834428012544,263.1240638283972,269.30463569751487,274.89285054012987,279.94548103233325,284.51385861267835
745,0.39921875,37.32393783947399,66.92316388075616,93.6854833012715,117.88281404828693,139.76100444666662,159.54233406997815,177.4277751388381,193.59903629737363,208.22040969592922,221.44044072182868,233.39343748807107,244.20083547480766,253.97243141545567,262.80749879457153,270.79579645440543,278.0184805270155,284.5489289670616,290.4534869849344,295.7921411493472,300.6191287740368
746,0.398828125,39.2970459271401,70.4605987524287,98.63724308146168,124.11331960306404,147.1476864295117,167.9743764538158,186.80498542570473,203.8308260398409,219.224873446679,233.14352353917778,245.72818235390903,257.10670290364465,267.3946843095879,276.6966462789446,285.1070910302863,292.7114634301737,299.5870191069405,305.8036092863864,311.4243905184173,316.50646627295754
747,0.3984375,41.26694549057956,73.99314151565846,103.58274026324004,130.3363802132452,154.52587913992343,176.39699762186675,196.17193860587673,214.05160673868116,230.2176504198908,244.83430784165662,258.05007589990015,269.99921898051736,280.8031331778901,290.5715796348429,299.40379969601577,307.38952317633925,314.60987999628986,321.13822437054216,327.04088011670433,332.3778144245559
748,0.398046875,43.208635312533815,77.47416541350893,108.45546946141735,136.46739331110564,161.79456290191123,184.69430704592762,205.39928365784414,224.11984846379823,241.04619427467568,256.3502843374073,270.1875999657204,282.6987204069017,294.0107512865398,304.23861599788387,313.4862233284416,321.8475231660912,329.40746102045176,336.2428409850707,342.423106100944,348.0110438199775
749,0.39765625000000004,45.14632255528919,80.94902720521937,113.32028032625286,142.58897736342436,169.05248641481484,192.97967011832353,214.6136195262225,234.17412550805733,251.8599126248374,267.850658631,282.3088202348224,295.38128370275996,307.20085730691363,317.8876206053106,327.55014442251945,336.2865938999662,344.1857258279006,351.327790318706,357.78534617264717,363.62399799069135
750,0.39726562500000007,47.05360016353679,84.36827262579031,118.10646550665741,148.61104435451983,176.19196406348286,201.12945258404935,223.67687125636326,244.06329448688862,262.49583948528806,279.16177169914647,294.23040797974437,307.8548370468408,320.1734750435395,331.311471846208,341.3819825918752,350.48731732614687,358.71998046034963,366.16361052954704,372.8938299897828,378.97901346125667
751,0.39687500000000003,48.95608732491289,87.78009549345666,122.8830889304649,154.6217129082827,183.31842732665007,209.2647823154272,232.7243822037329,253.93556518296776,273.11382555749447,290.4540035948157,306.13226532002295,320.3078923929192,333.124900483334,344.71350241119274,355.19143107319036,364.66513557418926,373.230862718109,380.9756347754924,387.9781336491559,394.30950019392293
752,0.396484375,50.826011824675305,91.13229017800246,127.57535008386546,160.52554810731795,190.31769016958035,217.25447127010176,241.60956551180422,263.63041276744934,283.54073528761353,301.54281197235156,317.81953413749557,332.53626392453117,345.8425145672058,357.87346945356643,368.7513555935763,378.5866854361811,387.47937965957095,395.5197822758699,402.7895785519215,409.36262484752893
753,0.39609375,52.690365402795614,94.47581334163135,132.2564208814109,166.41603319589458,197.3017047745378,225.22722368927515,250.47630108741185,273.30545498248057,293.94661714632406,312.60948993077886,329.48367704334254,344.74060993711237,358.53528961862025,371.00786139155645,382.28503868968323,392.4813904448837,401.7005050695736,410.0360428106955,417.57268735210005,424.3870061086354
754,0.39570312500000004,54.52005349579524,97.75578842006442,136.84752282441804,172.1925332246936,204.1499603230281,233.04449943570896,259.1697154449114,282.79103215733284,304.1484319027374,323.4588951358108,340.91860563300594,356.7049439820259,370.9782899694451,383.8836520525473,395.55214064945557,406.10230021048227,415.641313610479,424.26609103478467,432.0642546083495,439.11502854944274
755,0.3953125,56.34339880386815,101.02585643943115,141.4258231820697,177.9537522408782,210.9807575600383,240.84238131438948,267.8420040075258,292.2539279433997,314.3261647400291,334.28295548865344,352.3270492247766,368.641762860646,383.39284373988284,396.7301535566199,408.78919089929065,419.6924678701705,429.5507547647766,438.46420538940873,446.52337463311324,453.810138409584
756,0.394921875,58.13002925994654,104.2285544436818,145.90868677280184,183.59401013929303,217.6674462577108,248.4751901063197,276.3302446930051,301.51560849624013,324.2871538914887,344.8762283215956,363.49200552375817,380.3236110248915,395.5420438712109,409.30191399730666,421.7430130671659,432.99173474578254,443.1623588367245,452.3582122701735,460.67271892232276,468.19034871195475
757,0.39453125,59.90955486035841,107.42012517022998,150.37715738144226,189.2170798444719,224.33449372560318,256.0861779203799,284.794714498269,310.75176710004473,334.22104477484953,355.44098159079533,374.62715928801396,391.97449757733904,407.6592345698821,421.8407172750513,434.6630205075506,446.2564106357366,456.73866903894486,466.216288653253,474.78555594415974,482.5335290777405
758,0.394140625,61.650372794248995,110.540607709239,154.74487026590305,194.71239859371784,230.84930498256452,263.5227502668953,293.06469295453275,319.7752698347198,343.9258487938525,365.7617875435345,385.5049272522721,403.3558467693128,419.49590073317046,434.08906215903795,447.2835884085853,459.21352747190554,470.00007987036014,479.75282995643846,488.57085930482947,496.54375328836335
759,0.39375000000000004,63.38333476543607,113.6487599461555,159.09662104866405,200.18864861946398,237.34232259845078,270.9351084739685,301.3082924831781,328.7704498799927,353.6005805251167,376.0509438162102,396.34962178739016,414.7028363966706,431.2970447768972,446.3008335517789,459.86663160983176,472.13225872459225,483.2223257492271,493.24950054544934,502.315652688711,510.5128883602619
760,0.39335937500000007,65.07565596153493,116.68221544980645,163.3424484965371,205.53055477321018,243.67521094963138,278.16397758272933,309.3472568263179,337.54186099330866,363.03423505322655,386.08336866409377,406.9234283639527,425.76613704724065,442.80292530978903,458.2068764134247,472.134484815767,484.72724613998383,496.1130947430008,506.40770342854705,515.7156586932662,524.1315232298689
761,0.39296875000000003,66.75938221259614,119.70215668079514,167.57076942581517,210.851541230663,249.9841870830388,285.3662770390178,317.3572752648389,346.2821928274237,372.43489020219425,396.08106315138787,417.4609423179308,436.79173392838584,454.26982663460484,470.07278672680764,484.3611621335033,497.28011352572554,508.9608890899337,519.5221578880544,529.071215530255,537.7050741920895
762,0.392578125,68.40059723074843,122.64390776338405,171.68816463853958,216.03179788531665,256.12538756546155,292.37629636980625,325.15282980547346,354.78798720951664,381.58284895903967,405.80963731668515,427.71448312344785,447.5199268585136,465.42717990366765,481.61816888606836,496.2573840565528,509.49355049564275,521.4611391305152,532.281732857127,542.0652618293494,550.9111202509472
763,0.3921875,70.03249158194039,125.57098147565999,175.786535990759,221.18931627093897,262.2405943411038,299.35743180021,332.91691647591676,363.25999410517556,390.6949326672745,415.50045460614945,437.9285687560755,458.20713069657023,476.54215778207134,493.11992217551864,508.10884329261563,521.6611988750677,533.9146720677974,544.9937501541042,555.010989337076,564.0681582010072
764,0.39179687500000004,71.6200697822354,128.41649215016184,179.76915019909532,226.19993576996177,268.1806375550228,306.1377922569717,340.4570408378819,371.48705620018507,399.54308988626036,424.91017701784676,447.84603322420986,468.5836734288976,487.3337795470112,504.28684105390005,519.6150903619473,533.4742526859936,546.0051281792315,557.3350223578955,567.5790395288165,576.8412521481432
765,0.39140625,73.19761598648266,131.24618504539316,183.73125265015918,231.18603366925927,274.09264591490444,312.88699944959575,347.96322432039875,379.6776752212382,408.35255230911537,434.27917494060983,457.72094156278905,478.91600577201604,498.0796959621487,515.4067029512438,531.0730579521531,545.23792097643,558.0451978304043,569.6250020686429,580.0949769339154,589.5614904996676
766,0.391015625,74.72910942657153,133.99106770965975,187.5729448926136,236.0192899059852,279.82237260898364,319.4272460291988,355.2362919552994,387.61331922883363,416.8872644642473,443.3555361403596,467.2870372971265,488.92489801123827,508.4889458756013,526.1779394933244,542.1715878688173,556.6323762345023,569.707216866147,581.5289416044475,592.2176514267605,601.8819365694217
767,0.390625,76.24987501887024,136.7190166119314,191.39266919150896,240.82627916794982,285.5220667481258,325.9341183157083,362.47299841721593,395.50992123091646,425.38052228288734,452.3882686497062,476.80754225065795,498.88642748398763,518.8492317628072,536.898764361688,553.2183968637033,567.9739261374285,581.3152587586222,593.377933927681,604.2845005299453,614.1457621163197
768,0.390234375,77.72292224408395,139.35903884022468,195.08751581918204,245.47471954342325,291.0326419950337,332.2241662886671,369.4677945980575,403.1419107390504,433.58862920352726,461.11727324652327,486.00751869090175,508.51223587841406,528.8600591222668,547.2577096824806,563.8920960575878,578.9322129573789,592.5308582522918,604.8261852904617,615.9431065328206,625.9945625575937
769,0.38984375000000004,79.18456232247654,141.98103747465046,198.75897227790557,250.09518822215588,296.51123351991583,338.47867070711754,376.4238657689976,410.73231998329845,441.75258672017833,469.799812852667,495.15894069597806,518.0876029226998,538.8187401000393,557.5629672424079,574.5107135578588,589.8341571256126,603.688974146129,616.2159204742483,627.5422616766269,637.7830659307548
770,0.38945312500000007,80.59689199493,144.51212852342437,202.30127606044607,254.55164510178608,301.79416029826905,344.50882112108326,383.1296048310395,418.04888677990846,449.62143182304214,478.1680010391057,503.9786117952368,527.3154847913835,548.4157085242192,567.4936481619868,584.7431234983395,600.3393781430759,614.4408599582372,627.1908307769987,638.7188219379547,649.1419502150111
771,0.38906250000000003,81.99715282054876,147.024133975655,205.81880359942292,258.97846884029036,307.04320172503293,350.50131382597044,389.7943151416369,425.32139963468785,457.4435010759642,486.4869602019821,512.7468403642115,536.4899252592754,557.9574294316047,577.367448882874,594.9171768185166,610.784907042644,625.131845339337,638.1037471827814,649.8323985869076,660.4369549291652
772,0.388671875,83.34658720473881,149.442391032376,209.20310247133892,263.2360705579995,312.090333964861,356.262268396815,396.20065704218797,432.31126177626356,464.96095079786255,494.48142842031456,521.1726063704111,545.3056513817813,567.1257405619356,586.8545524522342,604.6925192856817,620.8208633593246,635.4034382118224,648.5883932620351,660.5096789982994,671.2884078045697
773,0.38828125,84.68330965399788,151.8405299439582,212.56127729547552,267.4624235074877,317.10173166701827,361.98350944085036,402.56373006418926,439.2546646566923,472.4290708565989,502.42398007063304,529.544121720775,554.0650191670053,576.235788996094,596.2816719091355,614.4063210516392,630.7938710367442,645.610808664764,659.0076642850007,671.1205411543386,682.0724981213301
774,0.38789062500000004,85.96776803495534,154.14222424617145,215.78235291715646,271.51460513423734,321.90528701398557,367.4663851211511,408.66079658230416,445.9070441427384,479.58353366222224,510.0324012260739,537.5629904796992,562.4549960717292,584.9613056757994,605.310569394566,623.7095228486917,640.3450875909862,655.3862701865609,668.9858792042891,681.2820777403024,692.3997870420193
775,0.3875,87.23889101226652,156.4227989273192,218.97599707160344,275.533970718984,326.6713139847041,372.90755302353415,414.71242122969215,452.51063118809765,486.6861896397348,517.5862989841772,545.5248848439326,570.7857854058598,593.6256351799253,614.2764722622965,632.9480957205888,649.830197055089,665.0942873720902,678.8954397893409,691.3738649455496,702.6563354127038
776,0.387109375,88.45639283270576,158.6043813925401,222.02888271145014,279.37448398101947,331.22388555924334,378.10389542616275,420.4908108947313,458.81527025048223,493.46663354143544,524.7969410772457,553.1244914376083,578.7370759180936,601.8949028246609,622.8332412598329,641.764811460903,658.8819460171511,674.3585439244073,688.3518372818377,701.0039887559126,712.4435358379574
777,0.38671875,89.65995636138707,160.76387537723093,225.0530718645267,283.18066469603025,335.7371930309107,383.2566004395898,426.22165618041157,465.0688594279166,500.192873915816,531.9505376761865,560.6644884821526,586.6264416900643,610.100154021806,631.3241031831396,650.5139106692187,667.864532377248,683.5522392621035,697.7364080986672,710.5611407130343,722.1567279266493
778,0.386328125,90.8086243235094,162.82198215596623,227.93306016799363,286.80358774717837,340.0317610115974,388.1583970584857,431.6724589732212,471.01603657053346,506.58884372344346,538.7522821467027,567.8331145621213,594.1267851597105,617.9004216560716,639.3955493861516,658.8305452050082,676.4028561756743,692.2910055851962,706.656406622558,719.645002320061,731.3887482174019
779,0.38593750000000004,91.94277259928968,164.8570656768073,230.78313127657105,290.3907148044977,344.285389893354,393.014694226302,437.07368853059234,476.9099855206927,512.9282973807211,545.4945475574709,574.9395884912728,601.5625629045581,625.6339430379228,647.3982784918345,667.0766807166576,684.8690693989726,700.9562035455032,715.5015178410273,728.6527831046652,740.5436075084592
780,0.38554687500000007,93.02083553571265,166.78852329946432,233.48578146975973,293.7904612889545,348.31533226052596,397.6143866997515,442.1884995207584,482.49053039898877,518.9299307043567,551.8769063028474,581.6661802151116,608.6003939728802,632.9531828124782,654.9719558871689,674.8804099488045,692.8808020853,709.1560046050882,723.8713628995501,737.1763753332616,749.2062120283626
781,0.38515625000000003,94.08381979440976,168.6960584323258,236.15733998359602,297.1530036846901,352.3027238896413,402.1667881303453,447.25178525521,488.01575133267806,524.8728229609802,558.1974447748008,588.3281737318446,615.5711186647609,640.2030502848149,662.4742130098688,682.6108673080655,700.817588394015,717.2793446093093,732.1633765443862,745.6208961597109,757.7886229639562
782,0.384765625,95.0896153868376,170.49788868174298,238.67848469215585,300.32433131536135,356.06182659437997,406.45728384807404,452.02271750839833,493.22105883661374,530.470865356839,564.1505762570239,594.6023587391229,622.1355850260455,647.0299759487614,669.5384429922759,689.8896578813412,708.2903758631433,724.9275362917681,739.9701618103762,753.5710756001729,765.8684539431483
783,0.414453125,-43.209911468988984,-77.47624392032125,-108.45819303700083,-136.4706673933831,-161.79832424279877,-184.69850847572016,-205.403886749258,-224.1248198305794,-241.05150383364827,-256.35590442643417,-270.193504884571,-282.7048862392046,-294.01715570917924,-304.24523822228645,-313.4930440467779,-321.8545244838587,-329.4146263536296,-336.25015507306586,-342.43055487358686,-348.0186143596781
784,0.4140625,-41.2641599461107,-73.98851748151944,-103.5766236551749,-130.32900557432492,-154.51741965165382,-176.38758977985833,-196.16169489736893,-214.0406224458085,-230.20600772897572,-244.82207844699286,-258.0373227858681,-269.9859977990132,-280.7894932160781,-290.55756467121984,-299.38944870154637,-307.37487089079406,-314.59495738586486,-321.12305913616314,-327.0254970028668,-332.3622355780876
785,0.384375,96.07979655257695,172.2749341030735,241.16741121852536,303.4571042192512,359.77683268564545,410.6987700747096,456.74025223247247,498.36903232309834,536.0080327906435,570.0396420916046,600.8095996712299,628.6305084751206,653.7850109252314,676.5286603983719,697.0925175034953,715.6854975432968,732.4964929866661,747.6962924569457,761.439315898191,773.8651833442105
786,0.41484375,-45.143582803494,-80.94447843700054,-113.3142626063039,-142.5817214069659,-169.04416267339352,-192.97041299625977,-214.6035398220999,-234.1633170899095,-251.8484564651077,-267.838625364706,-282.2962719113244,-295.368275142286,-307.18743705298346,-317.87383176868747,-327.5360253732771,-336.2721788356859,-344.1710452249379,-351.31287143485827,-357.7702133512021,-363.60867301493863
787,0.0,97.01177395195683,173.94435870241307,243.5031630247287,306.39512302432826,363.25929942361375,414.673453332392,461.15994921311176,503.1910761082296,541.1938523122791,575.5543668106641,606.6217033906552,634.7114879375137,660.1090955681841,683.0725501285984,703.8351457214306,722.6078169516512,739.5812819721498,754.9279800571644,768.803823562234,781.3497818713018
788,0.0,97.92762529633823,175.58817444610293,245.8056199843986,309.2932961531072,366.6961919955665,418.5974846434308,465.5244592460771,507.9538648223996,546.3167575471371,581.0028800839807,612.3646212612399,640.7205961269567,666.3588830002329,689.5399501725154,710.4993021152819,729.4498720874083,746.5841854269165,762.0763154466019,776.0836519699816,788.7485002722041
789,0.499609375,107.79799414159118,193.28383461117724,270.5760343558535,340.46022344296557,403.6465408469284,460.7769842387211,512.4319863144191,559.1363343619862,601.3645118364813,639.5455233927407,674.0672554973223,705.2804181536923,733.5021084094868,759.0190320884209,782.0904166472649,802.9506448225014,821.8116358082203,838.8649981709634,854.2839765273114,868.2252115053695
790,0.49921875000000004,107.74652230585878,193.19353546056456,270.4511625525426,340.3043189742558,403.4626795100806,460.56789321809447,512.2001070070673,558.8838625408587,601.0934269830676,639.2576121635286,673.764131552878,704.9635394336003,733.1727924329853,758.6784696276719,781.7396840057058,802.5907148901973,821.4433880310914,838.4892275484334,853.901401737275,867.8364822434268
791,0.5,107.82725045352151,193.33784562221533,270.65284723035785,340.55783391734894,403.7630395504762,460.9106028600371,512.5811069648366,559.2994851054792,601.5403572170891,639.7328534911604,674.2649749540508,705.487535733906,733.7177273188776,759.2423410911184,782.3206819687539,803.187202792239,822.0538861864745,839.1123981025338,854.5360350665817,868.4814846605572
792,0.49882812500000007,107.63288118021431,192.9879501601526,270.16194662981775,339.9392704574812,403.02896456544363,460.07204152435037,511.6480455621081,558.2809614940883,600.4445475294559,638.5671526987123,673.0360707154379,704.2014756476639,732.3799799706953,757.857851374433,780.8939211700676,801.722213913542,820.5543249457589,837.5815700181025,852.9769289957666,866.8968031298156
793,0.49843750000000003,107.49769472670457,192.7474666831619,269.82677693217465,339.51871238385945,402.5313033236564,459.50471536134853,511.01775556293296,557.5937547843653,599.7058857093677,637.7819707176719,672.2088287254834,703.3362052295548,731.480325604332,756.9271077677209,779.9350669210758,800.7379418969076,819.547069758042,836.5535327751272,851.9300997420958,865.8329810928379
794,0.498046875,107.30112266850864,192.3931511795417,269.3293229594497,338.89161265417886,401.78687644145646,458.654151686157,510.0711973120408,556.5603840769271,598.5940108241671,636.5991070485715,670.9617733553089,702.0311050220377,730.122739103835,755.5220613402898,778.4871056089747,799.2511754522093,818.0252142954671,834.9999484519178,850.3478248389113,864.2247628365344
795,0.49765625,107.0829777823666,192.00393028044635,268.78595114300134,338.20909389929903,400.978652897845,457.73232272473246,509.04667739319075,555.4430292351534,597.392726105881,635.3219405658753,669.6159998911586,700.6233009295225,728.6588496792536,754.0074615578834,776.9266549366691,797.6492673584603,816.385820978859,833.3266612638328,848.6438908192896,862.4931177393927
796,0.49726562500000004,106.80374646255684,191.5013716323975,268.08094190590526,337.3208034977088,399.92453589862674,456.52821509701937,507.70692282560975,553.9806093043304,595.8193848064675,633.6482999745937,667.8516661832069,698.7769609352677,726.738358542085,752.0199221777883,774.878489902023,795.5462840418332,814.2332704283017,831.1292914710314,846.4059948960496,860.2185774858807
797,0.496875,106.50304493273345,190.96413884453003,267.33038629881,336.3776066775284,398.80727115516515,455.2536196792512,506.29010363924385,552.4352124377368,594.1577417532951,631.8815566727437,665.9898982008734,696.8292768924474,724.7129932524145,749.9243206698995,772.7193832822825,793.3297580260873,811.964827269892,828.8139059315711,844.048164837878,857.8223696062593
798,0.496484375,106.14163185986189,190.31420656172094,266.4190502633585,335.2296809299618,397.4453161447573,453.6980892451538,504.55951756603304,550.5463286482128,592.1257189617561,629.7201045931479,663.7114148411584,694.44497341828,722.2330072554679,747.3578187773397,770.0746540404239,790.6142959438689,809.1854088442961,825.9766584092633,841.1586284012468,854.885553609132
799,0.49609375,105.7588200356879,189.62975363819564,265.4624115204398,334.0271841041468,396.02063797588823,452.0725802581901,502.7524551169876,548.5751291400163,590.0061225775393,627.4663390962623,661.3363421528949,691.960221398437,719.6490884701713,744.6842376808536,767.3200037726517,787.7863457866874,806.2911832580468,823.0225084707946,838.1502963803048,851.8282313456467
800,0.495703125,105.31581099959169,188.83350733413272,264.3462399467934,332.62150624175746,394.35308353151436,450.1681874321812,500.6338892738013,546.262896830026,587.5187720958272,624.8206450165895,658.5474736908236,689.0418953863771,716.6137080551365,741.543017933876,764.0830853727432,784.4628978740244,802.8894964681823,819.5500790760785,834.6139023824132,848.234001285423
801,0.49531250000000004,104.85148071424963,188.0028912000374,263.1849935253263,331.16156208411303,392.62318492666463,448.194265088737,498.43936124329366,543.8689230297563,584.9444772312708,622.0833168663577,655.6627408352401,686.0238871348157,713.4751986512863,738.2955567296958,760.7371144099201,781.0278581294356,799.3739238769633,815.9616913270846,830.9596773794771,844.52024807832
802,0.49492187500000007,104.32757288061273,187.06158710280877,261.86575034183664,329.50035626414626,390.6526719976039,445.94402806209644,495.9361751474599,541.1370104765076,582.005746594999,618.9575808711413,652.3679157318531,682.5761735517331,709.8892455062382,734.5846096422172,756.913150006586,777.10170554417,795.355374646605,811.8595987789781,826.7820465095078,840.2743168253565
803,0.49453125000000003,103.78243713710786,186.08608174336686,260.50167563060313,327.78520008853513,388.62019987596796,443.6247110514699,493.35753611737016,538.3239205044499,578.9806857078539,615.7408704932269,648.9779272808605,679.0295162610208,706.2009358426506,730.7682242705804,752.980963973948,773.064817151288,791.2238183105596,807.6424470534256,822.487502311066,835.9097968101189
804,0.494140625,103.17844898277511,185.00119266191297,258.98142709263624,325.8710700973742,386.3498187988436,441.0321603920998,490.4736585628435,535.1766166750658,575.5951896069115,612.140001818709,645.1823211125758,675.0578315090502,702.0700441185702,726.4933808719704,748.5759626010058,768.5421298639444,786.5947221129642,802.9171383715841,817.6752005150669,831.018837825322
805,0.49375,102.55334535786132,183.88229582737367,257.4166171990295,323.9033324506483,384.017889135197,438.3710032863533,487.51485947345117,531.9487197255112,572.1239957254134,608.4488349795981,641.2922674713877,670.9879548266622,697.8375801287515,722.1139128001668,744.0635797386069,763.9095708739718,781.8535045591517,798.0776758071414,812.7469083330478,826.0102289531546
806,0.49335937500000004,101.8702158466881,182.65550985709936,255.69773025990804,321.73925982626906,381.45117756464754,435.44017971641733,484.2547861829206,528.3909318238516,568.2970134609027,604.3784493928347,637.0018002409462,666.4984939939147,693.1681936366095,717.2818417842736,739.0844134147978,758.7974047342797,776.6210834479148,792.7365233101184,807.3074437822762,820.4818732287321
807,0.49296875,101.16610582645204,181.39494182425872,253.93459019237687,319.52196410155165,378.82337245651564,432.44126952243386,480.92037040469626,524.7531837925942,564.3850154023878,600.2184920434687,632.6176521485899,661.9116442092009,688.3980707294318,712.3460116459796,733.998757978247,753.5762834933313,771.2774794539637,787.282175149614,801.7529648886486,814.836859748155
808,0.492578125,100.40489406254164,180.02816199571737,252.01973225012955,317.11130802473264,375.9643154190089,429.17672413822885,477.28916441125017,520.7904377944687,560.1224915652335,595.6849126534519,627.8389892177452,656.9113821133881,683.1974440846263,706.9642206068922,728.4531630254845,747.8825816227941,765.4498635223795,781.3334779741016,795.6947895523515,808.6796974281307
809,0.4921875,99.62286118779343,178.62786211279018,250.06097394326784,314.64786406769906,373.0446753819959,425.8446713897908,473.58425773737974,516.7484302694915,555.7757020158542,591.0625581817336,622.9674842491291,651.8146079792947,677.8969923495023,701.47961284876,722.8020494265314,742.080920454121,759.5120833834991,775.2726244563581,789.5226578290872,802.4069521259913
810,0.491796875,98.78474543074464,177.12320479106074,247.95311074767062,311.9943588603975,369.8977024262822,422.2514625108292,469.587545969399,512.3868672739977,551.0842426304165,586.0728113974393,617.7080321303811,646.3112948100288,672.1731864796413,695.5564436673047,716.698621746903,735.8145084240501,753.0983058530584,768.725603564594,782.8551624083938,795.6305273733883
811,0.49140625000000004,97.92599366503795,175.58532849893035,245.80174882897077,309.28855757593647,366.6907199343949,418.59139383315556,465.5178482902487,507.94681839989045,546.309348273519,580.9951700885672,612.3566635507691,640.7124358483912,666.3505584941776,689.5314939057696,710.4907415018284,729.4412302064528,746.5754816252537,762.067565863921,776.0748700117035,788.7396969895673
812,0.49101562500000007,97.01226989907437,173.94512090305912,243.5041410907766,306.3963085101496,363.2607002305153,414.6750814679988,461.1618154702538,503.19318801915887,541.1962137293232,575.5569781380503,606.6245620543195,634.714588978257,660.1124321468008,683.0761139831232,703.8389275634281,722.611806799733,739.5854694047092,754.9323544193315,768.8083741492346,781.3544980456663
813,0.49062500000000003,96.07812175579946,172.2720363320488,241.16348806696254,303.45231575493403,359.7713124266039,410.69263121111726,456.73359142740276,498.36193226196684,536.000564203798,570.0318654018946,600.8015663845191,628.6222624453205,653.7765893993932,676.5200949355132,697.0838347792509,715.676720051036,732.4876396236966,747.6873790343938,761.4303555996016,773.8561870924975
814,0.490234375,95.09020188479198,170.49881336320612,238.67968707565606,300.3257935915782,356.0635483389081,406.45926976320044,452.02497199774376,493.22358384407386,530.4736598447472,564.1536363496848,594.6056781194253,622.139155464788,647.0337877556736,669.5424854263001,689.893919505285,708.2948448402906,724.9322006061246,739.9750094444869,753.5760946925208,765.8736328820207
815,0.48984375,94.08209626718471,168.69309744103134,236.1533478552912,297.14814325076895,352.2971287956717,402.1605705677996,447.2450404655409,488.0085604900251,524.8652553534821,558.189559523184,588.3200212086214,615.5627417638598,640.1944854608563,662.4654911858197,682.6020146659364,700.8086270613461,717.2702932313422,732.1542507804841,745.6117091295456,757.7793856029894
816,0.48945312500000004,93.02150613125464,166.7895981600836,233.48719058271809,293.7921781114027,348.3173486471329,397.61670060256654,442.19110945654575,482.49343317600596,518.933120802552,551.8803759335362,581.6699196484252,608.6043920068147,632.9574271729257,654.9764335940591,674.8851076315804,692.8857062448913,709.161101803693,723.8766399111623,737.1818192767879,749.2118104396834
817,0.4890625,91.94099617259967,164.8540327118007,230.77905699145052,290.3857651724799,344.2796991318395,393.00837397711587,437.06683304277544,476.90267485706954,512.9205997550658,545.486521124124,574.9312827943298,601.5540201539524,625.6251991449146,647.3893639676021,667.0676214510163,684.8598873341624,700.9469172361199,715.4921429386393,728.6433327931352,740.5340928493773
818,0.488671875,90.80937328704738,162.8231963113005,227.93466047755274,286.8055394978911,340.03404887676504,388.16101273496463,431.67539553894983,471.0192861019063,506.59239658147703,538.7561269567262,567.837238475573,594.1311742660464,617.905061334571,639.4004246304348,658.8356409015416,676.4081573331464,692.2964974956798,706.6620749864137,719.6508333563022,731.3947287153463
819,0.48828125,89.65812388303216,160.76076362912806,225.04890504460204,283.1756122188986,335.73139005237056,383.25015842763435,426.21466875313985,465.0614058746177,500.18502168685825,531.9423442432975,560.6560028185007,586.6177055542793,610.0912029913509,631.3149675456134,650.5046161907835,667.8551009653694,683.5426895147855,697.7267557786977,710.5513991737787,722.1469084486725
820,0.487890625,88.45721502245073,158.60572511357327,222.03066036451017,279.3766531921079,331.22642430640997,378.10678959645657,420.49404853007104,458.81883905821445,493.4705200900059,524.8011306993691,553.1289684295232,578.7418238971574,601.8999050354045,622.8384808591218,641.7702717614814,658.8876106862753,674.3643971180696,688.3578637455673,701.0101739137938,712.4498658251542
821,0.48750000000000004,87.23700024533757,156.41960331398687,218.97172981427894,275.52880490258775,326.6653860010928,372.90097447815015,414.70528541163503,452.5030168963476,486.67816382234514,517.577918668517,545.5161986482003,570.7768348321911,593.6164556470112,614.267093990873,632.9385444930017,649.8204948683943,665.0844529779203,678.8854891590113,691.3638116874776,702.6461911012917
822,0.48710937500000007,85.96865878466953,154.14368874437088,215.78429543232357,271.51697609689165,321.90805814900654,367.46953690987874,408.6643123956014,445.9109076472924,479.58772792898964,510.03690856009064,537.5677925596236,562.4600742556801,584.9666412639253,605.3161438769151,623.7153181156349,640.3510861028129,655.3924550823109,668.9922343798552,681.2885879173955,692.406437782753
823,0.48671875000000003,84.68135914908615,151.83724686055857,212.5569038083531,267.45713653929346,317.0956690839744,361.9767832417815,402.5564334602,439.2468761930498,472.4208571975379,502.4153979985566,529.5352196794262,554.0558385645234,576.2263652379767,596.2720352791396,614.3964974636897,630.7838826795991,645.6006745336493,658.9974006386392,671.1101619249948,682.0620152368803
824,0.486328125,83.34754222952841,149.44396828044648,209.20519848229927,263.2386289967552,312.0933207088918,356.2656588914987,396.20443032061866,432.31539776391264,464.9654293369027,494.4862290290126,521.1777083255712,545.3110339751858,567.1313833215122,586.8604353545423,604.6986229349206,620.8271691294669,635.4099283314918,648.5950508712134,660.5164881984382,671.2953536563372
825,0.4859375,81.99514175175412,147.02076099174386,205.81431976744437,258.9730550376791,307.03699748233555,350.49443174637076,389.7868485679302,425.3134270572214,457.43508905912745,486.47816545110993,512.7377113003853,536.4805033329549,557.9477501568168,577.3575427145493,594.907069897771,610.7746218340444,625.1214011552943,638.0931606334259,649.8216839836296,660.4261246006897
826,0.48554687500000004,80.5979073575869,144.5138111817546,202.30351520622844,254.55437803259022,301.7973474174964,344.51243317703376,383.13361682375273,418.05327516689664,449.6261734624852,478.17307288160714,503.9839909115948,527.321148581821,548.4216349000876,567.4998157246335,584.7495116882786,600.345967356127,614.4476316077822,627.1977673305067,638.7259069493548,649.1491683066279
827,0.48515625,79.18249054307103,141.97757340639942,198.75437574940042,250.08964412986427,296.5048831988679,338.4716275299127,376.4162233777955,410.72415697400123,441.7439697063906,469.7907985987636,495.1495777232363,518.0779328338853,538.8087986154819,557.5527850745877,574.5003171509043,589.8235692860313,603.6782145607912,616.2050061538913,627.5312073536325,637.7718843699255
828,0.484765625,77.72399425255558,139.3608200707149,195.08988848130116,245.47761494191468,291.0360154074012,332.227984080802,369.472028019076,403.14653303097055,433.59361446627975,461.1225960647494,486.0131541093494,508.51815956602996,528.8662475162529,547.264140135202,563.8987469573941,578.9390638201238,592.5378897622231,604.8333793177063,615.9504461490656,626.002032003174
829,0.484375,76.24774278920518,136.71546104790576,191.38795871685667,240.82060272708026,285.51556758728685,325.9269107111287,362.4651764498625,395.50156373695444,425.3716960506933,452.3790306173812,476.7979411430123,498.87650514830034,518.8390242073011,536.8883026280444,553.2077077615019,567.9630328690944,581.3041814317302,593.3666899927824,604.2731051732319,614.1342285657245
830,0.483984375,74.73023456518708,133.99294104863523,187.57544201448704,236.0223364788764,279.82591911272607,319.4312547424704,355.24073064013,387.6181581472925,416.8924751682144,443.3610910359833,467.29290957005696,488.93106174755405,508.4953761699615,526.1846125654812,542.1784811575103,556.6394684656577,569.7144880735966,581.5363731294555,592.2252259180004,601.889637936139
831,0.48359375000000004,73.1954240149665,131.2425384018121,183.72642814950586,231.18022429566432,274.0859968979912,312.8796260717697,347.9552212120221,379.669121567187,408.34351517420464,434.2697115296195,457.7111008876388,478.90582999873726,498.06922145212496,515.3959611321889,531.0620760480899,545.2267226274863,558.0338036000675,569.6134298765012,580.0832424437717,589.5496074215038
832,0.48320312500000007,71.6212446926237,128.418451466571,179.77176322329422,226.20312287346783,268.1843447304096,306.14197797342666,340.46166961772445,371.4920955458238,399.54850899768854,424.9159462973329,447.8521241535127,468.5900586489231,487.34043293172255,504.2937377979327,519.6222070489249,533.4815673346471,546.012620245081,557.3426727158492,567.5868304583828,576.8491672735396
833,0.48281250000000003,70.03024096069133,125.56724487711382,175.7815983836422,221.18337463827214,262.2337959379037,299.3498929901318,332.9087325243365,363.2512446314476,390.68568509370425,415.4907664784202,437.9184894397749,458.196702735265,476.5314179415477,493.1089023136276,508.0975710852876,521.6496984314839,533.9029644331297,544.9818537376856,554.9989202964446,564.0559307402038
834,0.482421875,68.401818699991,122.64594723060651,171.69088546344642,216.0351154681656,256.1292437057344,292.38064598894977,325.15763441838703,354.79321176524354,381.5884604889657,405.8156043820144,427.7207756464807,447.526516162857,465.43403875550456,481.62527155430325,496.2647063568372,509.5010698155907,521.4688344134349,532.2895845686716,542.0732519288517,550.9192321193042
835,0.48203125,66.75707439867357,119.69833191960696,167.56572057008597,210.84546919053494,249.97724115260132,285.3585747125331,317.3489125050192,346.2732497527498,372.42543465435176,396.0711530738017,417.4506274806414,436.7810572969699,454.2588254175216,470.0614932444056,484.3496045404582,497.26831642201546,508.94887401952,519.5099437629132,529.0588190107577,537.6925099820384
836,0.48164062500000004,65.07692090209422,116.6843295048791,163.34526941635502,205.53399329930983,243.67920496822606,278.1684787150865,309.3522237987809,337.5472563953648,363.04002391943413,386.0895178668742,406.9299064009637,425.77291404390616,442.80997302947196,458.21416829147046,472.14199598047463,484.7349534180383,496.12097662629395,506.4157400258137,515.7238316883875,524.1398157983228
837,0.48125,63.38097152654841,113.6448493836633,159.09146360075152,200.18244902451647,237.33523217864297,270.9272458812423,301.2997544197739,328.7613170099492,353.59092115488454,376.0408163288373,396.3390763945986,414.69191651823826,431.2857880911094,446.2892728637837,459.8547955708039,472.1201724388524,483.2100112692487,493.2369772921125,502.30293782836304,510.499997096838
838,0.480859375,61.651678200527556,110.54279097378162,154.74778385856305,194.71594890023127,230.8534262444217,263.5273910414089,293.06980938753884,319.7808223398604,343.93180057130576,365.76810392066614,385.5115754291006,403.36279578508106,419.5031214469274,434.09652725889714,447.29127241084143,459.2214067077507,470.00813243680324,479.7610356538231,488.57919958291353,496.55221115209287
839,0.48046875,59.90713825680018,107.41613170021104,150.37189474273416,189.21075647927148,224.3272629500954,256.07815955047903,284.78600599921936,310.7424497109693,334.21118729705375,355.4306428749925,374.6163900123139,391.9633416365785,407.6477301290774,421.8288976372009,434.65091482973725,446.24404453264987,456.72606507453366,466.2034667575005,474.7725337871027,482.5203223589675
840,0.480078125,58.13137223072473,104.23080175639066,145.91168594150724,183.59766348632812,217.6716846364723,248.47995923454945,276.33549833284326,301.5213050587371,324.2932548952612,344.88269768386334,363.49880926586775,380.3307172046062,395.5494225351584,409.3095371667194,421.75085471629535,432.9997707709303,443.1705669922166,452.366572092622,460.6812116652467,468.1989572416077
841,0.47968750000000004,56.34093118562641,101.02178347807266,141.42045948244655,177.94730979962972,210.97339163087193,240.83421286338694,267.833131268328,292.2444327434447,314.31611639086424,334.2724133234028,352.3160644006192,368.63037975747295,383.3811010165465,396.71808501816747,408.776826210152,419.67983315427347,429.5378730940755,438.4510971974247,446.51005808613553,453.79662969378563
842,0.47929687500000007,54.52143118893436,97.75809475603306,136.85060068418707,172.19628115221522,204.1543060313232,233.04938601832004,259.17509446839716,282.7968601953139,304.15466893762544,323.46550380271964,340.9255508873172,356.71219299904396,370.98581207013376,383.8914186669698,395.5601252756079,406.11047836666637,415.64966275721434,424.27459048666134,432.0728854579322,439.1237735538388
843,0.47890625000000003,52.68784931934651,94.47166467159404,132.2509607630485,166.4094770118995,197.29420964267237,225.21891169689036,250.46727122834048,273.29578967355855,293.9363862137912,312.5987531950007,329.47248614431794,344.7290097417269,358.5233192794039,370.9955552132656,382.2724268396445,392.46849954988835,401.68735870140273,410.0226618966491,417.55909054355476,424.3732100659656
844,0.478515625,50.82742145165087,91.1346506355955,127.5784999410947,160.5293824080994,190.32213372615809,217.25946475893406,241.61505848402473,263.6363601170047,283.54709559926096,301.54954672084915,317.8266073192687,332.5436419262681,345.8501660662748,357.881365360372,368.75946899186476,378.5949915197995,387.48785564112075,395.5284072869878,402.79833355718273,409.3714925223984
845,0.478125,48.9535255553691,87.77587531089442,122.8775376106127,154.61504903107763,183.3108097822596,209.256334267341,232.71520338323626,253.92573858433792,273.10342151442416,290.44308240914813,306.12087910880825,320.2960865033805,333.1127145537633,344.7009712367667,355.17858531342483,364.6520023467896,373.21746608150596,380.96199613654517,387.9642721292071,394.29543291163964
846,0.47773437500000004,47.05503898005772,84.37068240736403,118.10968083043704,148.61495703691676,176.19649624836694,201.13454273054583,223.6824670732507,244.06934933957524,262.502310693311,279.1686196930689,294.2375958989446,307.8623305786226,320.18124229959153,331.31948328506354,341.3902109417055,350.4957375069355,358.72856948004755,366.1723473736011,372.90269552572624,378.9879903086651
847,0.47734375,45.14371805955489,80.94474003457653,113.31464347890125,142.58221241067423,169.0447539124544,192.97109424742013,214.6043007208125,234.16414731717254,251.84934587270257,267.83956408652773,282.29725047851997,295.3692845485102,307.1884688645627,317.874878145514,327.5370790812236,336.2732332693084,344.17209443575837,351.31391003370453,357.7712365678055,363.60967662428635
848,0.476953125,43.21010061220216,77.47661981164741,108.458743862667,136.471376571697,161.79917472324408,184.69948386288095,205.4049715035353,224.1259993202192,241.05276432299985,256.3572330751197,270.194889772449,282.70631635564143,294.018620997493,304.24672954215436,313.49455313434504,321.85604392768164,329.416149581975,336.25167622051157,342.43206880996576,348.02011659050976
849,0.4765625,41.264301439525894,73.9887922576968,103.57702408400532,130.3295214509648,154.51803989275695,176.38830301527327,196.16248972892149,214.04148766074553,230.20693242826155,244.82305214847258,258.03833552701735,269.9870401871616,280.7905565244061,290.55864084625944,299.39053036346894,307.37595134497525,314.5960306418499,321.12411980172755,327.02654033646587,332.36325740907495
850,0.476171875,39.2985350680694,70.46309319195893,98.64057036889875,124.11736589515557,147.15236920346385,167.97963030574266,186.81075487254267,203.8370618185437,219.23153072070897,233.15056097842384,245.7355616704355,257.114388636607,267.4026436577576,276.7048489867242,285.1155092785784,292.72007173209727,299.59579418140424,305.81252992836653,311.43343748690415,316.5156221467753
851,0.47578125000000004,37.32125755367701,66.91875770738557,93.67969436225493,117.87586920982967,139.75306721329702,159.5335304271021,177.41820677281729,193.58878775457245,208.20955269120327,221.42903687949163,233.38154024277884,244.18849150402357,253.95968170378035,262.79437949566244,270.7823395892417,278.00471456865307,284.5348793142741,290.43917636193447,295.77758996476183,300.6043553980465
852,0.47539062500000007,35.32637374481686,63.34091699812054,88.67029941010655,111.57197418705265,132.2786642260673,151.00076311231732,167.9284883849267,183.23382118923152,197.07225693842304,209.58438670361326,220.89732639692812,231.1260086069423,240.37435046772706,248.73630947058058,256.29683805775187,263.1327467165261,269.31348432661383,274.9018436573549,279.95459938213384,284.5230847864233
853,0.47500000000000003,33.32066637832046,59.74553803741565,83.63791552839233,105.24045863285349,124.7726027649503,142.43276574093014,158.4003546369759,172.83758466876836,185.89112553945796,197.69359068548184,208.36488415861697,218.01341853967173,226.73721621783736,234.62490512201146,241.75661906034946,248.20481179649366,254.03499309772954,259.30639418951716,264.0725695722407,268.3819410043243
854,0.474609375,31.29974148107319,56.121073219465124,78.56330458263241,98.85454573716663,117.2009942071743,133.78906273485103,148.78728741843028,162.3480464430246,174.60911128737493,185.69504790583562,195.71848303402462,204.78124878598197,212.975417411625,220.3842367610236,227.08297606964592,233.13969067417287,238.6159134123397,243.56727969696777,248.04409281680014,252.09183489939528
855,0.47421875,29.268696612939674,52.48019398549073,73.46717149845571,92.44277288721982,109.59974566778813,125.11237746722219,139.13825787492374,151.8198756844016,163.28606481964073,173.65331236768907,183.02694161755196,191.50218183660124,199.1651356132096,206.0936534884662,212.3581248040521,218.02219278078732,223.14340105826608,227.77377821846432,231.9603664295145,235.74569926811066
856,0.47382812500000004,27.224847113839452,48.814694453246325,68.33517031585643,85.98469012115065,101.94260808273984,116.37106866077961,129.41666663502195,141.2119422665232,151.87673065860363,161.5193805705842,170.23785589353625,178.1207312442378,185.24809201548456,191.69234805035916,197.5189693147899,202.78715105590442,207.55041518818345,211.8571539803474,215.75112177105515,219.27187939861068
857,0.4734375,25.17159618270749,45.133928342549076,63.18314504806367,79.50254536177309,94.25789170314238,107.59907276660084,119.6616176551077,130.56806902377366,140.42922635618376,149.34527076732948,157.4067823753751,164.6956602912832,171.2859545331662,177.24461820965308,182.6321876565957,187.50339741527628,191.9077362665472,195.8899499220559,199.49049568000436,202.74595334989544
858,0.473046875,23.10797387932563,41.4330466962249,58.00166778357667,72.98225189116674,86.52703337468398,98.77363839344646,109.84649436361993,119.85809924761843,128.91016698955846,137.09466208174538,144.49473451222084,151.1855648203371,157.23512805208858,162.70488438961144,167.65040357664063,172.12192949372363,176.16489060334501,179.82036141118792,183.12547983861015,186.11382443371346
859,0.47265625,21.035682574681648,37.718068628765664,52.80169356207748,66.43972915422974,78.77069713861731,89.91985615537806,100.00046583764689,109.11493374206022,117.35585405901124,124.80694745199635,131.54391119372303,137.6351879504111,143.1426609851168,148.122282732819,152.62464317717465,156.6954837800808,160.37616215290225,163.70407214003268,166.71302378569226,169.43358672721666
860,0.472265625,18.95546972758477,33.987511978442136,47.578730593154404,59.86727998600868,70.97803992379328,81.02390605189565,90.10694655873797,98.31944363780056,105.74483323224511,112.458553759215,118.52881308764617,124.01728175240193,128.97971963663744,133.46654249149623,137.5233341515848,141.19130965646505,144.50773396763722,147.50630049247766,150.21747347004805,152.6687973817216
861,0.47187500000000004,16.86733312032005,30.244049667202646,42.33882463847611,53.27446637323816,63.162042332268996,72.1019879579047,80.1851187685646,87.49354930981877,94.10152569793223,100.07617904686249,105.47820705804013,110.36249041394838,114.77865019847796,118.77155189439719,122.38176112370444,125.64595573605187,128.5972984005227,131.26577343362334,133.67849149134508,135.85996490132388
862,0.47148437500000007,14.773737555292426,26.489570848158756,37.08243026545417,46.65999687740545,55.319603309387794,63.14924061272101,70.22846036073277,76.62918667946076,82.4164488532362,87.64904289838964,92.38012938878566,96.65777375958628,100.52543475033,104.02240594116063,107.18421496846284,110.04298447848733,112.62775847052295,114.96479729969386,117.07784454828924,118.98836815868341
863,0.47109375000000003,12.672975162732701,22.723395953356345,31.810671407542976,40.027057082914105,47.45599491343597,54.17294227608217,60.24613053742366,65.73725461032174,70.70209804796494,75.19109889715818,79.24986169098797,82.91962050125869,86.23765771638898,89.23768268402158,91.95017411220081,94.40268968120148,96.62014598130169,98.62507156567268,100.43783589800749,102.07685619882528
864,0.470703125,10.56922532150314,18.950784650597868,26.528951427586982,33.380767355913285,39.57586784240808,45.1772036655371,50.241687115630356,54.820773343933105,58.96098470029123,62.704384136396385,66.08900295732596,69.14922738177839,71.9161479927066,74.41787560913,76.67982688631513,78.72498254492727,80.57412083715793,82.24602857334841,83.75769206747225,85.12446962036348
865,0.4703125,8.459076153554298,15.16770389775549,21.23346767304791,26.71792802322139,31.676772697692545,36.160364655285626,40.21424589728913,43.87959656841076,47.19365163833898,50.1900783091609,52.8993176216264,55.348893452457375,57.56369200407888,59.5662145084113,61.376805760868166,63.01386077814675,64.49401165031348,65.83229642823257,67.04231197386463,68.13635200158838
866,0.46992187500000004,6.348416112155364,11.382777712752944,15.934566873365746,20.050067149858467,23.771109360224724,27.135506941856747,30.177445142772733,32.927830794239426,35.4146075727873,37.66304050325532,39.695972976853994,41.53405897177752,43.195972972551054,44.69859969024266,46.057205606764256,47.28559408133815,48.3962455795616,49.40044439830611,50.308393391064286,51.12931753535323
867,0.46953125,4.232133659292427,7.588623909449034,10.623522831977125,13.367601052554589,15.848706273092368,18.0920293755702,20.120352768400927,21.954278325500248,23.612435013715192,25.111667272752765,26.467205708475344,27.692821558639192,28.800966463528784,29.802898841163735,30.708798201690794,31.52786853244218,32.26843177618811,32.93801229251979,33.543413375265814,34.090786275795146
868,0.469140625,2.1178181323880056,3.7972194007526237,5.315612446137473,6.688451321287142,7.92969775743797,9.05196954287774,10.066672167849761,10.98411648290592,11.81362439982051,12.563624055940435,13.24173570254638,13.854849227725357,14.409194220743608,14.910403247990654,15.363569076845712,15.773296420257555,16.14374871249662,16.478690336764014,16.781524953648894,17.05532999283409
869,0.46875,-0.0013346414084712136,-0.0021575410054599895,-0.0028032361340105056,-0.003338449054010251,-0.00379846112369993,-0.004203312068889188,-0.004565319832550179,-0.004892653221799208,-0.005191077969574113,-0.00546489447099851,-0.005717420493162118,-0.005951295177636485,-0.006168642991901646,-0.00637122208808431,-0.006560505819310882,-0.006737729865090512,-0.006903931978352024,-0.0070600470535624625,-0.0072068404391308506,-0.007345009268412771
870,0.468359375,-2.116045319165754,-3.79419385742165,-5.311538127825027,-6.683477400918608,-7.923940558285265,-9.045524918677623,-10.059622339969494,-10.976533855132095,-11.805573694772518,-12.555163608041813,-13.232918236334541,-13.845722407740476,-14.39980103568295,-14.900782384944403,-15.35375525651077,-15.763320684701684,-16.13363868687812,-16.468470598401392,-16.771217200016764,-17.04495335520768
871,0.46796875000000004,-4.23480101156077,-7.592935947875472,-10.629125404025462,-13.374273332380584,-15.856297939936988,-18.10043015928329,-20.129477019943316,-21.9640567257117,-23.622809770769177,-25.12258919336739,-26.47863223364514,-27.704715406900508,-28.81329460184303,-29.8156317524093,-30.7219093150959,-31.541333748232482,-32.282229069692335,-32.952121508438296,-33.55781588852306,-34.105464855083916
872,0.46757812500000007,-6.346645910981455,-11.379756610500278,-15.930498491204908,-20.04510039488142,-23.765360336926705,-27.129071320984938,-30.17040499116586,-32.920258384346624,-35.4065675151791,-37.6545910366636,-39.68716674419647,-41.524943568216145,-43.18659132806981,-44.68899044259445,-46.04740343553348,-47.27562999469897,-48.386147175073205,-49.390236231224655,-50.29809714159032,-51.118952321659364
873,0.46718750000000003,-8.461737719344875,-15.172006814663396,-21.239058557100627,-26.72458646378137,-31.68434861639983,-36.16874793792133,-40.223351006466956,-43.88935427345279,-47.20400422353411,-50.20097665063186,-52.91071922602109,-55.360761101762215,-57.57599272719341,-59.5789188490078,-61.38988720791465,-63.02729529053801,-64.50777726085197,-65.84637303785243,-67.05668101231673,-68.15099629090726
874,0.466796875,-10.56746034448238,-18.947772432163234,-26.52489492117628,-33.37581493681937,-39.57013517733366,-45.17078605897772,-50.2346663250918,-54.81322137892398,-58.9529659470319,-62.69595664200054,-66.08021920125503,-69.14013482024053,-71.90678943807991,-74.40828960033123,-76.67004802055892,-78.71504176247223,-80.56404568025077,-82.23584355302155,-83.74741882929149,-85.11412725622215
875,0.46640625,-12.675627103173534,-22.727683701134097,-31.816242857411126,-40.03369251444853,-47.46354465076834,-54.18129646358401,-60.255203822662764,-65.74697790908111,-70.71241377048894,-75.2019580344307,-79.26122185834579,-82.93144458577787,-86.24991284960362,-89.25033951039164,-91.96320621977944,-94.416073126235,-96.63385889199748,-98.63909393634536,-100.45214924948185,-102.09144344177085
876,0.46601562500000004,-14.771980414378275,-26.486571959167286,-37.07839158068238,-46.65506597412577,-55.31389519702331,-63.14285004571662,-70.22146863191446,-76.6216654032638,-82.40846207873031,-87.64064838467837,-92.37137936960835,-96.64871548223032,-100.51611085031882,-104.01285480875595,-107.17447107696574,-110.03307866596391,-112.6177181959695,-114.95464700755949,-117.06760583197348,-118.97806007047643
877,0.465625,-16.869971631383624,-30.24831625958011,-42.34436899212483,-53.281069729841185,-63.16955557590763,-72.1103015919157,-80.19414769676153,-87.50322465063063,-94.1117900357904,-100.08698353162049,-105.48950945545208,-110.37425375664186,-114.79084176025489,-118.78414245954218,-122.3947244178413,-125.65926795068947,-128.61093779651455,-131.27972013519454,-133.69272714609374,-135.87447254336226
878,0.465234375,-18.95372304460442,-33.984530885870434,-47.57471570874652,-59.862377821793956,-70.97236461116115,-81.01755161012863,-90.0999936593625,-98.31196336683833,-105.73688918769005,-112.4502033147312,-118.52010814803407,-124.00826928519706,-128.970442040475,-133.45703795745646,-137.5136369868755,-141.18145056211463,-144.4977402909482,-147.49619658850747,-150.20728086210363,-152.658535068821
879,0.46484375,-21.03830390144787,-37.722308165963895,-52.80720327617709,-66.44629151654165,-78.7781637469194,-89.92811796913008,-100.0094380853674,-109.12454779847997,-117.36605272871192,-124.81768208566544,-131.55513974741604,-137.64687364110662,-143.15477126701686,-148.1347885677189,-152.63751846553967,-156.70870488550395,-160.38970750514926,-163.71792202889748,-166.7271600204709,-169.44799249958476
880,0.464453125,-23.106240280758858,-41.43008788129655,-57.997682702563246,-72.97738572281139,-86.52139915036456,-98.76732921084127,-109.83959011501666,-119.85067035601598,-128.9022764867604,-137.08636685744273,-144.48608605804202,-151.1766097523092,-157.22590847108393,-162.6954382362444,-167.64076494916569,-172.1121289206802,-176.1549552913598,-179.8103156026431,-183.11534496837857,-186.10361943351245
881,0.46406250000000004,-25.174196632045437,-45.13813503385806,-63.18861272907912,-79.50905799542204,-94.26530174995747,-107.60727173525476,-119.67052116370071,-130.5776087537945,-140.43934537545735,-149.35592066675613,-157.41792133886173,-164.70725175685357,-171.29796617165513,-177.25702119634207,-182.64495610252308,-187.51650789156034,-191.92116740689647,-195.90368221638687,-199.50451113325326,-202.76023534455132
882,0.46367187500000007,-27.22312922621954,-48.81176240546443,-68.3312210586705,-85.9798672313056,-101.93702326841316,-116.364813910227,-129.40982090196442,-141.2045751749747,-151.86890455778507,-161.5111517664889,-170.22927537928936,-178.1118452115988,-185.238942205776,-191.68297210162268,-197.509401072729,-202.77742084046088,-207.5405500357457,-211.84717799682622,-215.74105628410274,-219.26174325823203
883,0.46328125000000003,-29.271272544391795,-52.48436213529364,-73.47258988360281,-92.44922721888496,-109.60708941384101,-125.12050277479896,-139.1470808132248,-151.82932828913988,-163.29609046230092,-173.66386291635243,-183.03797551935088,-191.51366278533803,-199.17703153081416,-206.10593579808904,-212.37076786160605,-218.03517339907674,-223.15669810882977,-227.78737242487625,-231.97424002539262,-235.7598358592135
884,0.462890625,-31.29804192241291,-56.11817242403863,-78.55939717115754,-98.84977341537947,-117.19546713586338,-133.7828716037876,-148.78051008213927,-162.3407515892795,-174.60136046518775,-185.68689673661854,-195.70998192599282,-204.7724434328835,-212.9663491325482,-220.37494283852251,-227.07349005254974,-233.1300426370734,-238.6061301912581,-243.55738523705003,-248.03410831926303,-252.08177911775408
885,0.4625,-33.32321422039088,-59.74966207399399,-83.64327752536836,-105.2468462995188,-124.77987071540748,-142.44080684512528,-158.40908547242395,-172.84693766903115,-185.9010444166534,-197.70402761873805,-208.37579789086482,-218.02477305269764,-226.74897971684703,-234.63704931035326,-241.76911857126458,-248.21764371697694,-254.04813656955844,-259.31983020213664,-264.0862806198208,-268.3959109473141
886,0.46210937500000004,-35.32469513312959,-63.33805195217963,-88.66643989124024,-111.56725975996545,-132.27320327819442,-150.9946448438832,-167.92178938861258,-183.22660907735155,-197.06459234030422,-209.57632445347818,-220.88891623008496,-231.11729564392857,-240.365375541391,-248.72710945387874,-256.2874461572434,-263.1231927237419,-269.3037948462312,-274.89204244871075,-279.9447075001419,-284.5131208727678
887,0.46171875,-37.32377384585357,-66.92283225505297,-93.68499314847445,-117.88218218211232,-139.7602502625143,-159.54147722306337,-177.42683445211455,-193.5980291864611,-208.21935196021673,-221.4393465049863,-233.39231929182617,-244.19970427477637,-253.97129671345,-262.8063687570113,-270.79467804249015,-278.0173796049716,-284.547850375831,-290.45243473423574,-295.79111843259795,-300.61813810637636
888,0.461328125,-39.296880061695205,-70.46026847435971,-98.63676491177381,-124.11271684847546,-147.14698295103193,-167.9735943628164,-186.80414440313112,-203.82994321634214,-219.22396357223428,-233.14259922474199,-245.72725428287825,-257.10578008450165,-267.39377422116684,-276.6957550726005,-285.10622370374546,-292.71062396545733,-299.58621056365536,-305.8028340065091,-311.42365014836986,-316.5057619049182
889,0.4609375,-41.26678286450416,-73.99281219266886,-103.58225318366034,-130.33575212897236,-154.5251294368059,-176.39614596289888,-196.1710038183945,-214.0506062275371,-230.21659995451867,-244.83322151701628,-258.04896615203097,-269.99809670668867,-280.8020077920078,-290.57045920937003,-299.4026910953706,-307.38843216778884,-314.60881132540817,-321.13718195520175,-327.0398670630285,-332.3768331659587
890,0.460546875,-43.20847189817025,-77.47384006566837,-108.45499873642488,-136.46680052356302,-161.7938718991303,-184.69353989354454,-205.39845995348267,-224.11898521757269,-241.0453060848109,-256.349383640069,-270.18669725383324,-282.69782449084676,-294.0098694447744,-304.2377541838112,-313.4853863479786,-321.8467148181815,-329.4066841918075,-336.2420978563681,-342.4223981693409,-348.01037204080666
891,0.46015625000000004,-45.14616142837913,-80.94870046200484,-113.31979673204087,-142.58835358565796,-169.05174180385936,-192.9788243196549,-214.61269134870517,-234.17313232600355,-251.8588701612032,-267.8495809185949,-282.3077196333357,-295.38017102293037,-307.19974186868853,-317.88651038295626,-327.54904618102705,-336.2855133082753,-344.1846675359349,-351.3267581530845,-357.78434315352644,-363.62302647168053
892,0.45976562500000007,-47.05343923845901,-84.36795228330422,-118.10600232708455,-148.61046164299194,-176.19128563530182,-201.12870044237764,-223.67606490141074,-244.06245079697626,-262.4949728983475,-279.1608944704364,-294.2295304076559,-307.8539677413747,-320.17262108197787,-331.3106389844184,-341.3811754454226,-350.48653951316476,-358.7192346975815,-366.1628988397914,-372.89315372475346,-378.97837344355844
893,0.45937500000000003,-48.95592778331515,-87.77977152654061,-122.88260912122207,-154.62109382097185,-183.31768825396364,-209.2639428634601,-232.7234611431097,-253.9345798404451,-273.1127915954766,-290.45293497269,-306.1311743123521,-320.30678971738286,-333.1237953613277,-344.71240271581365,-355.1903434684245,-364.6640656302223,-373.22981498973684,-380.9746129993542,-387.977140761333,-394.3085384706123
894,0.458984375,-50.825853397431246,-91.13197486366245,-127.57489447729381,-160.52497548946303,-190.31702430804455,-217.25373409127798,-241.6087764065878,-263.6295884730796,-283.5398900749621,-301.54195791118815,-317.81868132896903,-332.5354207771482,-345.84168795729164,-357.8726649407509,-368.75057760524874,-378.5859374125686,-387.4786641508994,-395.51910115091204,-402.78893302111237,-409.36201560512865
895,0.45859375,-52.690207540788386,-94.47549235732778,-132.2559451682927,-166.41541919684497,-197.3009717030912,-225.2263910909805,-250.47538767546317,-273.3044780195855,-293.9455922207165,-312.6084309174561,-329.48259612321914,-344.7395177284329,-358.53419523971985,-371.0067726114366,-382.283962069705,-392.48033145601005,-401.69946817189833,-410.03503165201755,-417.5717047861641,-424.3860543364159
896,0.45820312500000004,-54.519897599067846,-97.75547819495986,-136.84707486988214,-172.1919707820769,-204.14930709614552,-233.04377725960975,-259.1689435889767,-282.7902272081703,-304.14760795715637,-323.4580640731969,-340.91777735426865,-356.70412669273475,-370.9774903448442,-383.88287545697676,-395.5513913239259,-406.1015814198628,-415.64062774155485,-424.26543980577077,-432.06363909219124,-439.11444931603654
897,0.4578125,-56.3432427139592,-101.02553863743051,-141.42535186538086,-177.95314371386584,-210.9800309367866,-240.84155605987976,-267.8410987593216,-292.25295988452876,-314.3251493717139,-334.28190659111556,-352.3259788772881,-368.64068157603543,-383.39176052922,-396.7290760821148,-408.78812561821456,-419.69142015390776,-429.5497289791997,-438.4632050946202,-446.52240260223545,-453.80919677048036
898,0.457421875,-58.129875901471856,-104.22824932492722,-145.90824648798642,-183.59345787698948,-217.66680564411678,-248.4744828726878,-276.32948997690875,-301.5148227257877,-324.28635098391464,-344.87541996230266,-363.4912014115716,-380.3228191619793,-395.5412707324619,-409.3011647534413,-421.7422917752222,-432.9910444983203,-443.16170186058696,-452.3575901368264,-460.67213257128435,-468.1897985929486
899,0.45703125,-59.90940058814785,-107.41981066799664,-150.37669064699105,-189.2164770302746,-224.33377382962902,-256.08536031039324,-284.7938177210291,-310.75080824594704,-334.2200392475958,-355.43994306755746,-374.6260997402611,-391.9734274081133,-407.65816268022365,-421.8396512189048,-434.6619666377128,-446.2553742245549,-456.7376543593426,-466.2152991794598,-474.78459437095967,-482.5325974624956
900,0.456640625,-61.650221963895724,-110.54030768205291,-154.7444376237988,-194.7118564610803,-230.84867689596237,-263.5220578430403,-293.0639551904539,-319.77450299349755,-343.92506660878246,-365.7610015034874,-385.50414685302854,-403.3550798099284,-419.4951534895761,-434.0883396105379,-447.2828944311169,-459.21286498911013,-469.9994509529294,-479.7522360331255,-488.5703011859539,-496.54323130779676
901,0.45625000000000004,-63.383182373871094,-113.6484488870925,-159.0961591162269,-200.1880518006625,-237.34160975851444,-270.9342988668459,-301.3074045497423,-328.769500605021,-353.5995852042005,-376.0499160151181,-396.3485733634982,-414.7017776386781,-431.2959844728569,-446.29977914566933,-459.86558934935954,-472.1312337833172,-483.2213223081157,-493.2485219943918,-502.31470164613796,-510.5119668153494
902,0.45585937500000007,-65.07550767121333,-116.68192053473408,-163.34202351777338,-205.53002277884644,-243.67459537416437,-278.16329991723165,-309.3465359182431,-337.54111293384136,-363.03347338700814,-386.08260468058376,-406.9226713545903,-425.76539460789326,-442.802203518465,-458.2061800598544,-472.1338175972967,-484.7266108143314,-496.11249322811807,-506.40713701414046,-515.7151280643089,-524.1310286083358
903,0.45546875000000003,-66.75923176213742,-119.70184920107155,-167.57031250367373,-210.85095067501086,-249.98348161078377,-285.365475774701,-317.35639652925255,-346.28125348750234,-372.43390543546343,-396.08004640439145,-417.459905328106,-436.79068686586385,-454.26877817175944,-470.0717441961509,-484.36013167717334,-497.2791002188109,-508.9598970224687,-519.5211903671261,-529.0702750998885,-537.7041627755225
904,0.455078125,-68.40045148553945,-122.64361796792444,-171.68774732508163,-216.0312760145532,-256.12478445846443,-292.37563338195866,-325.1521256265477,-354.7872577527446,-381.5821075763912,-405.80889509591776,-427.7137491508628,-447.51920852711174,-465.4264830949004,-481.61749820218967,-496.25674301902194,-509.4929416993778,-521.4605643442228,-532.2811932351799,-542.0647579352357,-550.9106521986753
905,0.4546875,-70.03234313846414,-125.5706777177207,-175.78608429438904,-221.18873225471222,-262.23989655859606,-299.35663923153425,-332.91604730808103,-363.2590650754697,-390.6939588255397,-415.49944927213323,-437.92754354160616,-458.20609564910217,-476.5411214556673,-493.1188917897335,-508.10782488350685,-521.6601974195044,-533.9136915658048,-544.9927938313832,-555.010059665051,-564.0672570390659
906,0.45429687500000004,-71.61992658435813,-128.41620747564392,-179.76874054383194,-226.1994239968905,-268.1800468612915,-306.13714385303393,-340.45635324844574,-371.48634515512117,-399.5423685413853,-424.9094562573725,-447.8453219288524,-468.58297878940795,-487.3331072498621,-504.28619551612746,-519.614474931932,-533.4736697990454,-546.0045794583223,-557.3345088257645,-567.5785616312835,-576.8408098951081
907,0.45390625,-73.19746957268653,-131.24588507646916,-183.73080629042255,-231.18545633805206,-274.0919559906629,-312.88621575590525,-347.9623648994325,-379.67675667123643,-408.35158954470796,-434.2781811490226,-457.71992822617295,-478.91498281247914,-498.07867181403367,-515.4056847207395,-531.0720515696624,-545.2369313216764,-558.044228815018,-569.6240568389549,-580.094057891062,-589.5605994417033
908,0.453515625,-74.72896877773016,-133.9907881553215,-187.57254288502062,-236.01878820054174,-279.82179426909005,-319.4266121117555,-355.2356208131545,-387.61262640363236,-416.8865629125845,-443.35483654139125,-467.2863483257742,-488.92422665684876,-508.48829763136416,-526.1773185934118,-542.1709974913866,-556.6318186584723,-569.7066935722316,-581.5284534873995,-592.2171988184634,-601.881519379428
909,0.453125,-76.24973070252703,-136.718720572584,-191.39222837869917,-240.82570879082522,-285.5213849964742,-325.93334384295093,-362.4721491082921,-395.509013534407,-425.3795709694997,-452.38728676730466,-476.80654114656005,-498.88541695132506,-518.8482201138204,-536.897758587901,-553.2174027894457,-567.9729485455746,-581.3143014732592,-593.377000017069,-604.2835923265599,-614.1448813587654
910,0.452734375,-77.72278413265389,-139.35876438182635,-195.0871214160224,-245.47422783495938,-291.0320759024439,-332.2235467078982,-369.4671397044384,-403.14123588217353,-433.5879471385565,-461.1165944467909,-486.00685162593095,-508.5115873375565,-528.8594344075436,-547.2571128479223,-563.8915301142819,-578.9316800313208,-592.530359685592,-604.8257218536637,-615.9426784476912,-625.9941696371567
911,0.45234375000000004,-79.18442011354331,-141.98074540597958,-198.75853708453116,-250.09462489628228,-296.51056005310414,-338.4779055725585,-376.42302668525383,-410.73142324162654,-441.75164694123396,-469.7988429404078,-495.15795185973803,-518.0866048248214,-538.8177409298307,-557.5619738768215,-574.5097317159521,-589.8331914947877,-603.6880284647135,-616.214997734539,-627.5413641447695,-637.7821952883997
912,0.45195312500000007,-80.59675640099393,-144.51185912180713,-202.30088919757466,-254.55116329382392,-301.7936063167461,-344.508215694568,-383.1289659525684,-418.0482296039776,-449.6207689018351,-478.16734263992436,-503.97796618306234,-527.3148585573758,-548.4151067816479,-567.4930747877127,-584.7425813397225,-600.3388691768016,-614.4403853915638,-627.1903912600924,-638.7184175863107,-649.1415807489378
913,0.45156250000000003,-81.99701272240078,-147.02384590545358,-205.8183740785054,-258.9779126381969,-307.04253662657777,-350.5005581150853,-389.7934863622593,-425.32051391384067,-457.4425728787939,-486.48600228455484,-512.7458637952105,-536.4889395687959,-557.9564426855085,-577.3664678438674,-594.9162071013591,-610.7839532407555,-625.1309111071521,-638.1028354387867,-649.8315115332739,-660.4360941930572
914,0.451171875,-83.34645410613186,-149.4421266435815,-209.20272307756667,-263.23559854533295,-312.0897919483994,-356.26167693198556,-396.20003393549456,-432.3106219844821,-464.9603066690362,-494.4807900158166,-521.1719817518083,-545.3050469439976,-567.1251612320617,-586.8540019330136,-604.6920002641305,-620.8203776664199,-635.402986923701,-648.5879769122711,-660.5092975999075,-671.288060988853
915,0.45078125,-84.68317172410968,-151.84024598876994,-212.56085362073773,-267.46187465152235,-317.1010751970196,-361.98276344042677,-402.56291189250294,-439.2537902678415,-472.4281545531572,-502.423034455288,-529.5431577175198,-554.0640461708903,-576.2348149478296,-596.2807034563646,-614.4053637047291,-630.7929292956088,-645.6098861008875,-659.0067637443422,-671.1196647766524,-682.0716474809915
916,0.45039062500000004,-85.96763745189635,-154.14196489662072,-215.78198101762277,-271.5141429317164,-321.90475695852473,-367.465807587655,-408.6601891850114,-445.90642163669764,-479.58290818890123,-510.03178263982744,-537.5623866387004,-562.4544131755695,-584.9607484669963,-605.3100414038802,-623.7090266053197,-640.3446247829854,-655.3858417619214,-668.9854855830635,-681.2817188361529,-692.399462400322
917,0.45,-87.23875528920198,-156.42251916996926,-218.97557936946217,-275.53342937216877,-326.6706663335591,-372.9068169417896,-414.7116138829633,-452.509768350097,-486.68528544445684,-517.5853658763574,-545.5239335996067,-570.7848252829197,-593.6246739927841,-614.2755165431946,-632.9471508758113,-649.8292674918566,-665.0933765801448,-678.8945505436124,-691.3729993251013,-702.6554949409554
918,0.449609375,-88.45626478136434,-158.60412710122537,-222.02851832094404,-279.3740315908487,-331.2233674465034,-378.1033317784872,-420.49021912897103,-458.814664916502,-493.46602657212156,-524.7963421191939,-553.1239081458755,-578.736514298092,-601.8943674360805,-622.8327354637106,-641.764337631219,-658.8815057018875,-674.3581379463874,-688.351465950647,-701.0036518889373,-712.4432328976764
919,0.44921875,-89.65982288394947,-160.76359989934292,-225.05266025893962,-283.18013101816905,-335.73655438564947,-383.25587448175344,-426.2208598738445,-465.068008359,-500.1919820443278,-531.9496172846322,-560.6635501955254,-586.625494627199,-610.0992058697466,-631.3231603584615,-650.5129784744655,-667.8636151277839,-683.5513403671007,-697.7355302634693,-710.5602859576468,-722.1558977253004
920,0.448828125,-90.80849876927812,-162.8217328560052,-227.9327031832978,-286.80314502494645,-340.03125465135884,-388.1578470568114,-431.6718825471592,-471.01544806376154,-506.5882548604039,-538.7517023673981,-567.8325513204259,-594.1262442695336,-617.899907497314,-639.395065153547,-658.8300931209432,-676.4024376518115,-692.2906213229412,-706.6560568247683,-719.6446867115121,-731.3884661812255
921,0.44843750000000004,-91.94264134792175,-164.85679446023255,-230.78272575364616,-290.3901887835249,-344.2847602389258,-393.01397836878584,-437.07290322699384,-476.9091461659559,-512.9274177572846,-545.493639783565,-574.938663039731,-601.5616287550267,-625.6330077505382,-647.3973483686148,-667.0757609579514,-684.86816423019,-700.9553162973289,-715.5006511514988,-728.651938937088,-740.5427872902441
922,0.44804687500000007,-93.02071246934864,-166.78827896603408,-233.48543184529922,-293.79002816234635,-348.3148375481927,-397.6138502026193,-442.187938252905,-482.4899584961804,-518.9293596820582,-551.8763453949961,-581.6656366757271,-608.5998734264454,-632.9526894615884,-654.9714927631333,-674.8799791255234,-692.8804048413674,-709.1556415237578,-723.8710340802526,-737.1760804114086,-749.2059503108642
923,0.47109375000000003,12.672975162732701,22.723395953356345,31.810671407542976,40.027057082914105,47.45599491343597,54.17294227608217,60.24613053742366,65.73725461032174,70.70209804796494,75.19109889715818,79.24986169098797,82.91962050125869,86.23765771638898,89.23768268402158,91.95017411220081,94.40268968120148,96.62014598130169,98.62507156567268,100.43783589800749,102.07685619882528
924,0.44765625000000003,-94.08369079873061,-168.6957915399416,-236.15694063981394,-297.1524854456946,-352.30210337275145,-402.1660825340045,-447.2510111227701,-488.01492386192314,-524.8719557524042,-558.1965497789278,-588.327261266954,-615.5701975699684,-640.2021279926945,-662.4732957079382,-682.6099600950511,-700.8166954063609,-717.2784691004322,-732.1625210865199,-745.6200626610935,-757.7878128068505
925,0.447265625,-95.08949480858655,-170.4976493055409,-238.6781424035968,-300.3239077388065,-356.06134345748916,-406.4567607518154,-452.0221712605619,-493.2205033629199,-530.4703119631572,-564.1500339715997,-594.6018346174949,-622.135084504933,-647.0295030559278,-669.5380005982411,-689.8892479143992,-708.2899994717151,-724.92719394413,-739.9698535054787,-753.5708008870954,-765.8682120554822
926,0.0,14.773737555292426,26.489570848158756,37.08243026545417,46.65999687740545,55.319603309387794,63.14924061272101,70.22846036073277,76.62918667946076,82.4164488532362,87.64904289838964,92.38012938878566,96.65777375958628,100.52543475033,104.02240594116063,107.18421496846284,110.04298447848733,112.62775847052295,114.96479729969386,117.07784454828924,118.98836815868341
927,0.0,16.86733312032005,30.244049667202646,42.33882463847611,53.27446637323816,63.162042332268996,72.1019879579047,80.1851187685646,87.49354930981877,94.10152569793223,100.07617904686249,105.47820705804013,110.36249041394838,114.77865019847796,118.77155189439719,122.38176112370444,125.64595573605187,128.5972984005227,131.26577343362334,133.67849149134508,135.85996490132388
928,0.446875,-96.07966985714742,-172.27467162157066,-241.16701818239582,-303.45659392707887,-359.7762215001757,-410.6980749556419,-456.7394895022992,-498.3682169757361,-536.0071782398951,-570.0387601166109,-600.8087004335868,-628.6296006712205,-653.7841018596354,-676.527756143785,-697.0916230572748,-715.6846169532812,-732.4956294302897,-747.6954484415165,-761.4384932782509,-773.8643834583029
929,0.0,-97.01165584906995,-173.94412425205178,-243.5028280175237,-306.3947089151184,-363.25882774680775,-414.67294348559085,-461.15941779549775,-503.19053683434333,-541.1933162784891,-575.5538428405174,-606.6211983430103,-634.711007063556,-660.1086427235915,-683.0721280260724,-703.8347561467925,-722.607460926321,-739.580959852705,-754.9276917451978,-768.8035685236014,-781.3495592692543
930,0.0,-97.92750086592358,-175.58791632681084,-245.80523319796788,-309.29279374037816,-366.69559006236886,-418.59679990691865,-465.5237078050725,-507.9530614652349,-546.315915499312,-581.0020109525004,-612.3637350505999,-640.7197013919608,-666.357986918211,-689.5390587030488,-710.4984201562971,-729.4490036005425,-746.583333515632,-762.0754825558519,-776.0828399029502,-788.7477103260247
931,0.44648437500000004,-97.01165584906995,-173.94412425205178,-243.5028280175237,-306.3947089151184,-363.25882774680775,-414.67294348559085,-461.15941779549775,-503.19053683434333,-541.1933162784891,-575.5538428405174,-606.6211983430103,-634.711007063556,-660.1086427235915,-683.0721280260724,-703.8347561467925,-722.607460926321,-739.580959852705,-754.9276917451978,-768.8035685236014,-781.3495592692543
932,0.44609375,-97.92750086592358,-175.58791632681084,-245.80523319796788,-309.29279374037816,-366.69559006236886,-418.59679990691865,-465.5237078050725,-507.9530614652349,-546.315915499312,-581.0020109525004,-612.3637350505999,-640.7197013919608,-666.357986918211,-689.5390587030488,-710.4984201562971,-729.4490036005425,-746.583333515632,-762.0754825558519,-776.0828399029502,-788.7477103260247
933,0.445703125,-98.78423180768745,-177.12238967543297,-247.95204948814956,-311.9930711019828,-369.89619259028655,-422.2497298434886,-469.5855891062741,-512.3846860830122,-551.0818387934381,-586.0701884334844,-617.7051951588718,-646.3082502501771,-672.1699417012081,-695.5530067369637,-716.6950012043591,-735.8107130717111,-753.094344567544,-768.7214852678283,-782.8508958751366,-795.6261212209062
934,0.4453125,-99.62433466200117,-178.63041696990436,-250.06443402841717,-314.6520860542496,-373.0495400898921,-425.8500783497289,-473.5901216518253,-516.7546784661318,-555.7822724968391,-591.0693980591269,-622.9745484204979,-651.8218580170827,-677.904395507498,-701.4871412718556,-722.8096794661916,-742.088632055427,-759.5198595413159,-775.280450871009,-789.5305224334118,-802.4148448246666
935,0.444921875,-100.40448947657755,-180.02754488075823,-252.01894638428124,-317.1103619642163,-375.96320357535456,-429.17543688430004,-477.2876925541452,-520.7887742971992,-560.1206320173544,-595.682855197305,-627.8367342308528,-656.9089318382285,-683.1948022188367,-706.9613919968202,-728.4501533953003,-747.8793973218676,-765.4465112988873,-781.3299649118253,-795.691122847807,-808.6758843519732
936,0.44453125000000004,-101.16755475836547,-181.39748207970175,-253.93805308067743,-319.52620696177735,-378.82827393866523,-432.446725898501,-480.9262928234011,-524.7594960957572,-564.3916523389702,-600.2253977714014,-632.6247789303347,-661.918951296683,-688.4055233541761,-712.3535802076834,-734.0064173369987,-753.5840123330074,-771.2852597157029,-787.2899916659617,-801.760804891184,-814.8447125880698
937,0.44414062500000007,-101.86993049877866,-182.6551102677055,-255.69724776195784,-321.73869090698275,-381.4505056904715,-435.4393855343944,-484.25385190538265,-528.3898428221283,-568.2957586163461,-604.3770209179253,-637.0001932736873,-666.4967061519236,-693.1662245415312,-717.2796926980419,-739.0820869178391,-758.794904427139,-776.6184136839088,-792.7336890951,-807.3044505189478,-820.4787266475263
938,0.44375000000000003,-102.55478164597487,-183.88484508301806,-257.4201175704032,-323.90764099080894,-384.0228813014355,-438.3765710939422,-487.52090957946467,-531.9551716194018,-572.1307801091594,-608.4558923331373,-641.2995467637764,-670.9954123916937,-697.8451786338252,-722.1216204089707,-744.071369375666,-763.9174195602837,-781.8613928191962,-798.0855872780172,-812.754829249545,-826.0181478466533
939,0.443359375,-103.17829529075433,-185.00103435575642,-258.98128199567753,-325.87092144398315,-386.34963798700176,-441.03191732374546,-490.4733259424941,-535.1761714661924,-575.5946132519576,-612.13927994458,-645.181443028036,-675.0567896755889,-702.0688336026243,-726.4919989184755,-748.5744082560107,-768.5404036263843,-786.5928256227646,-802.9150742691693,-817.6729721500277,-831.0164491541542
940,0.44296875,-103.7838763137461,-186.08867063284427,-260.5052583875529,-327.789632263844,-388.62535244221255,-443.63047051311236,-493.3638034645898,-538.330609790167,-578.9877225945337,-615.7481908778282,-648.9854760157514,-679.0372460139807,-706.2088060381975,-730.7762002208351,-752.9890161099762,-773.0729203258481,-791.231951173965,-807.650591633365,-822.4956434712401,-835.917921923849
941,0.44257812500000004,-104.32756644746716,-187.06169989843943,-261.8659853412326,-329.50068197426896,-390.6530463578774,-445.944408974608,-495.9365246895079,-541.1372962060967,-582.0059416244147,-618.9576634429575,-652.3678686076512,-682.5759833900754,-709.8889022346226,-734.5841059611372,-756.9124809507603,-777.1008680794391,-795.354367309095,-811.8584214904583,-826.7807002469883,-840.2728034825457
942,0.4421875,-104.85294360168496,-188.00556061454537,-263.1887185020684,-331.1661950732342,-392.6285907330528,-448.20032307980614,-498.4459652222568,-543.8759802128577,-584.9519069607268,-622.0910492887757,-655.670715624278,-686.0320523271454,-713.4835095521308,-738.3039750041288,-760.7456072738186,-781.0363976127217,-799.3824861622858,-815.9702562947938,-830.9682280348399,-844.5287701952248
943,0.441796875,-105.315971876428,-188.83392950011537,-264.34690979756,-332.6223756739604,-394.3540952646335,-450.16928578796006,-500.6350242987808,-546.2640254302396,-587.519857942543,-624.8216579741079,-658.5483890809824,-689.0426932609611,-716.6143724771056,-741.5435364032445,-764.0834483190737,-784.4630981921187,-802.8895291028246,-819.5499407883965,-834.6135913761638,-848.2335170283068
944,0.44140625,-105.76033508715061,-189.632559325072,-265.46636021583527,-334.0321230072393,-396.0264234746031,-452.07908241718366,-502.7595585327322,-548.5827323343572,-590.0141368747044,-627.4746873458336,-661.3449574429961,-691.9690458561132,-719.6580721199745,-744.6933374861619,-767.32918277663,-787.7955723272157,-806.3004302612103,-823.0317529536912,-838.1595188402372,-851.8374153678509
945,0.441015625,-106.14198755879102,-190.31499056349872,-266.42023003146517,-335.23118920868603,-397.4470780662197,-453.7000334337744,-504.5615801626599,-550.5484542451167,-592.1278603104272,-629.7222218578171,-663.7134747176584,-694.4469482835059,-722.2348743436347,-747.359559515887,-770.0762534638519,-790.6157421597322,-809.1866925561781,-825.9777726276895,-841.159568021,-854.8863151853226
946,0.44062500000000004,-106.50465164631733,-190.96715806362283,-267.3346715883468,-336.38299703485774,-398.813611481108,-455.26076778920236,-506.29793218094875,-552.4436087204348,-594.1666067842463,-631.8908039114899,-665.9994522469829,-696.8390722341493,-724.722973062788,-749.9344357838827,-772.7295912745009,-793.3400223654727,-811.9751165570809,-828.8241933496276,-844.0584274945011,-857.8325880973438
947,0.44023437500000007,-106.80433982552988,-191.50259937915385,-268.0827491057702,-337.32309994335156,-399.9272255684358,-456.53120771176407,-507.71013776948996,-553.9839763216653,-595.8228434692094,-633.6517987240863,-667.855161272091,-698.780415428255,-726.7417413659463,-752.0232073494853,-774.881655848803,-795.5493129845428,-814.2361478313302,-831.1320056878532,-846.4085366888274,-860.2209397484542
948,0.43984375000000003,-107.0847456055892,-192.0072989899221,-268.79077183821215,-338.2151923026813,-400.9858571389046,-457.7404732998578,-509.0556302871865,-555.4526562190322,-597.4029139244749,-635.3325896998421,-669.6270231911246,-700.6346222845675,-728.670402723669,-754.019188558823,-776.9385057859205,-797.6611986458657,-816.3977951546749,-833.3386460201513,-848.6558583696967,-862.5050443242077
949,0.439453125,-107.30200738523061,-192.39492475422185,-269.3319035562914,-338.89488232856314,-401.7907135942808,-458.6584431921731,-510.07584231223626,-556.5652943789431,-598.5991100719466,-636.6043295033277,-670.9670626204321,-702.0364128627548,-730.1280243443748,-755.5272889622341,-778.4922459590728,-799.2562035271504,-818.0301091050804,-835.0046925872989,-850.3524039237376,-864.2291651875067
950,0.4390625,-107.49972248830893,-192.75137825869098,-269.8324157321009,-339.525883658084,-402.53981095513694,-459.51437536912755,-511.02840062136664,-557.6052350325513,-599.7180680754832,-637.7947376538716,-672.2220767476365,-703.349843464799,-731.4942743698102,-756.9412973332426,-779.9494363823055,-800.7524381380281,-819.5616465122772,-836.5681499125677,-851.9447224648418,-865.8475793619817
951,0.43867187500000004,-107.63422287210996,-192.99059079101121,-270.1657672827037,-339.94411279714046,-403.0346687897151,-460.0784598436301,-511.65504605962775,-558.2884282273124,-600.452379334408,-638.5752616265269,-673.0443804574447,-704.2099200975107,-732.3885018998444,-757.8664013391998,-780.9024565522545,-801.7306980575919,-820.5627263912664,-837.5898619510499,-852.9850885960723,-866.9048111372308
952,0.43828125,-107.74894245149274,-193.19824858934425,-270.45799717950257,-340.3130501707568,-403.4730769172158,-460.5797388500061,-512.2132014050197,-558.8980261390731,-601.1084995434122,-639.2734514326827,-673.7806116509165,-704.9805492249582,-733.1902339250913,-758.6962565608579,-781.7577405644262,-802.6089745156298,-821.4617923442905,-838.5077255123977,-853.9199487385266,-867.8550394144166
953,0.437890625,-107.8004740436518,-193.28867903276898,-270.5830545517677,-340.4691735426137,-403.65717310313624,-460.7890681464266,-512.4453140424976,-559.1507209729291,-601.3797937080686,-639.5615561218477,-674.0839117761187,-705.2975858119239,-733.5196886129368,-759.0369378145169,-782.1085713365899,-802.9689811650193,-821.8300946597423,-838.8835277189659,-854.3025313817716,-868.2437520313965
954,0.4375,-107.83202120488788,-193.3472209215184,-270.6665515533784,-340.5754780548245,-403.78421595881593,-460.934920986335,-512.6082057138822,-559.3290360971596,-601.572064328988,-639.7664509089866,-674.3002246925182,-705.5242250718665,-733.7556662774348,-759.2813601542824,-782.360629988905,-803.2279450629343,-822.0953026906558,-839.1543820601245,-854.5784914589399,-868.5243290460741
955,0.437109375,-107.80050454143513,-193.28872983112592,-270.5831219128975,-340.46925493041283,-403.6572666447094,-460.7891723570611,-512.4454276847366,-559.1508429800102,-601.3799231419634,-639.5616921473836,-674.0840536453888,-705.2977328535185,-733.5198402234296,-759.0370934520666,-782.1087305154525,-802.9691434503108,-821.8302596629525,-838.8836950934697,-854.3027008196643,-868.2439232591743
956,0.43671875000000004,-107.74883063191832,-193.19806552526305,-270.45775724304434,-340.31276262195627,-403.47274827483886,-460.57937405490304,-512.212804415747,-558.8976002510863,-601.1080475744724,-639.2729758345702,-673.7801145841635,-704.9800326106445,-733.189699481832,-758.6957058339834,-781.7571749490857,-802.6083952749016,-821.4612006247381,-838.5071223564981,-853.9193350972209,-867.8544161552612
957,0.43632812500000007,-107.63431432250769,-192.99074311543586,-270.16596927347393,-339.94435684976304,-403.03494928828275,-460.0787723361629,-511.65538683550443,-558.2887940877042,-600.4527674664622,-638.5756695257872,-673.0448058811062,-704.210361032137,-732.3889565358493,-757.8668680516639,-780.9029338844668,-801.7311847053567,-820.5632211894552,-837.590363860136,-852.9855966926427,-866.9053246010382
958,0.43593750000000003,-107.49949904104494,-192.75101244569927,-269.8319362742118,-339.52530905992063,-402.53915424322327,-459.5136464167245,-511.02760733874055,-557.6043840048379,-599.7171649331867,-637.79378729613,-672.2210834915556,-703.3488111489664,-731.4932064282267,-756.9401968536301,-779.9483061522802,-800.7512806813007,-819.5604641197446,-836.5669446671467,-851.9434962665457,-865.8463339442188
959,0.435546875,-107.30215963679105,-192.39517835484838,-269.3322398468003,-338.89528864891975,-401.79118059515514,-458.6589634619273,-510.07640967336397,-556.5659035058517,-598.5997562814986,-636.6050086257311,-670.9677709214172,-702.037146989858,-730.1287812844918,-755.528066009682,-778.4930406882042,-799.2570137662445,-818.0309329139658,-835.0055282349372,-850.3532498724177,-864.2300200713061
960,0.43515625,-107.08441082618535,-192.00675091007432,-268.7900534853444,-338.2143314005021,-400.9848732045343,-457.73938112647835,-509.05444172705774,-555.4513811390025,-597.4015607610019,-635.3311657935103,-669.6255350103482,-700.6330755806949,-728.6688026417946,-754.0175397251443,-776.936812376928,-797.659464442613,-816.3960235893773,-833.3368402134022,-848.6540211680299,-862.5031783245425
961,0.43476562500000004,-106.80455263471211,-191.50295385439426,-268.0832191664902,-337.3236678948141,-399.9278783433581,-456.5319349510687,-507.71093083883113,-553.9848277771484,-595.8237467646395,-633.6527480306081,-667.8561513694151,-698.7814416296393,-726.7427994589428,-752.0242935513031,-774.882766768056,-795.5504455847972,-814.2372993998449,-831.1331738042562,-846.4097192030058,-860.2221347504794
962,0.434375,-106.50420607507704,-190.96642860293204,-267.3337155038584,-336.3818512251623,-398.8123019228027,-455.25931417178526,-506.2963502796904,-552.4419116679621,-594.1648058091796,-631.8889087837341,-665.9974715754147,-696.8370136730927,-724.720843459586,-749.9322412951535,-772.7273374582529,-793.3377142533865,-811.9727587165611,-828.8217899333439,-844.0559822903627,-857.8301045610847
963,0.433984375,-106.14226062352282,-190.31544541637746,-266.4208332104926,-335.2319180111768,-397.447915726406,-453.70096666028275,-504.56259787659155,-550.5495468945154,-592.1290194947027,-629.7234400965225,-663.7147453109243,-694.4482652158849,-722.236232208214,-747.3609534570093,-770.0776791280771,-790.617195649137,-809.188170388265,-825.9792716952203,-841.1610855635829,-854.8878487508861
964,0.43359375,-105.75977943512511,-189.63164964911653,-265.46516792924507,-334.0306941251203,-396.02479039202484,-452.07726968893166,-502.7575858321654,-548.5806160389855,-590.0118909872392,-627.4723240496136,-661.3424874731537,-691.9664787571348,-719.6554164298645,-744.6906008814078,-767.3263721871182,-787.7926940264575,-806.2974899437628,-823.0287557969585,-838.1564695667591,-851.8343182860161
965,0.433203125,-105.31630480710315,-188.83448408953717,-264.3476452537211,-332.6232643206844,-394.3551166627672,-450.17042373337716,-500.6362652838951,-546.2653578082608,-587.5212714696845,-624.8231435279904,-658.5499384904828,-689.0442991891374,-716.6160283288913,-741.5452362556075,-764.0851868612896,-784.4648706689468,-802.8913312656595,-819.5517688463243,-834.615441961268,-848.2353871487867
966,0.43281250000000004,-104.852278726541,-188.0044721279932,-263.1872918536709,-331.1644853236267,-392.6266366462756,-448.1981540387205,-498.44360476856735,-543.8734479441042,-584.9492196322673,-622.0882214785555,-655.6677601768598,-686.0289806620009,-713.4803318842011,-738.3007005172668,-760.742244258364,-781.032953573578,-799.378967911625,-815.9666700260331,-830.9645793971316,-844.5250643422869
967,0.43242187500000007,-104.32795872893169,-187.0623533752297,-261.86685195617827,-329.5017291221444,-390.6542499589516,-445.94574993785136,-495.93798709979984,-541.1388663395802,-582.0076074092456,-618.9594141279338,-652.3696945617569,-682.5778759647642,-709.8908536553516,-734.5861092450848,-756.914529836544,-777.1029569603122,-795.356491175451,-811.8605758721928,-826.7828811725506,-840.2750074238362
968,0.43203125000000003,-103.78310325294142,-186.08740503517097,-260.50359960498093,-327.7876443169173,-388.62308040409465,-443.6279485496781,-493.3610589498029,-538.3276655114105,-578.9845980337512,-615.7449029846704,-648.9820397237428,-679.0336745991194,-706.2051113756606,-730.7723929866307,-752.9851059409987,-773.0689159456983,-791.227860500829,-807.6464218660672,-822.491401175796,-835.9136130904022
969,0.431640625,-103.1787463595902,-185.0017857924844,-258.98227855203385,-325.872125635411,-386.351022129458,-441.0334594676034,-490.475007788073,-535.1779772317371,-575.5965290538172,-612.1412934167271,-645.1835430916428,-675.058966380978,-702.0710780049296,-726.4943029830532,-748.5767647777543,-768.5428061530961,-786.5952683891336,-802.9175521305334,-817.6754805351992,-831.0189840022425
970,0.43125,-102.5539016027496,-183.8834043449344,-257.41822923632895,-323.9053779418145,-384.02029485038094,-438.37370013747267,-487.51778528197656,-531.9518199231413,-572.1272231924619,-608.4521494908223,-641.2956349946145,-670.9913468068204,-697.8409727492992,-722.1172863753239,-744.0669181602416,-763.9128610906666,-781.8567361061363,-798.0808405134462,-812.7499999050344,-826.0132427384509
971,0.43085937500000004,-101.87043970914216,-182.65595860116287,-255.69837286417513,-321.7400504710863,-381.45206846968364,-435.44112675293866,-484.255750905337,-528.3918817857937,-568.2979218668706,-604.3792944904731,-637.0025646554413,-666.4991641040561,-693.1687589593158,-717.2822945041169,-739.084747971299,-758.7976174372525,-776.6211721357059,-792.736487174643,-807.3072830599712,-820.4815890603484
972,0.43046875,-101.1665691671071,-181.39586855307763,-253.93593828396143,-319.52367251950756,-378.8253773208304,-432.4435106698575,-480.9227938882789,-524.7557425088278,-564.3876689382316,-600.2212061644893,-632.6203981523321,-661.914398267764,-688.4008132076573,-712.3487265471151,-734.001432440538,-753.5789073142965,-771.2800446616743,-787.2846757466858,-801.7553964700448,-814.8392192948753
973,0.430078125,-100.40505610809839,-180.0284889252425,-252.02019847683346,-317.1118750395131,-375.96494287037945,-429.17737483335924,-477.28980617042737,-520.7910437515153,-560.1230398603664,-595.6853858831754,-627.8393738281341,-656.9116678322457,-683.197623356606,-706.9642881683536,-728.4531155326706,-747.8824173034603,-765.4495818667532,-781.3330795885819,-795.6942758771354,-808.6790706198072
974,0.4296875,-99.62324507055915,-178.62863319003117,-250.06209609283096,-314.64928420348883,-373.04633786189896,-425.84652391018443,-473.5862535911282,-516.7505289062905,-555.7778688965763,-591.0647643046426,-622.9697055525743,-651.8168247373218,-677.8991885414746,-701.4817756533629,-722.8041687634013,-742.0829885490322,-759.5140943770522,-775.2745741811893,-789.5245434586238,-802.4087719949388
975,0.429296875,-98.78485505537924,-177.12342810576433,-247.95342683216143,-311.99473560724283,-369.89810602955043,-422.25186190170155,-469.58791450062085,-512.3871830002274,-551.0844880349218,-586.0729728923696,-617.7080995023134,-646.3112607025804,-672.1730458743538,-695.5561934995615,-716.6982605713068,-735.8140360991026,-753.0977232619449,-768.7249124949523,-782.8543652942525,-795.6296271985026
976,0.42890625000000004,-97.92630902539561,-175.5859651634299,-245.80267588985987,-309.2897290008383,-366.69208739662866,-418.5929120054293,-465.5194768830507,-507.948522660619,-546.3110988471075,-580.9969425783315,-612.3584379659695,-640.7141960483148,-666.352291604806,-689.5331898578813,-710.4923926137719,-729.4428307866758,-746.5770276151094,-762.0690546450609,-776.0763000830004,-788.7410678119296
977,0.42851562500000007,-97.01233480993339,-173.94525558117905,-243.50432866000727,-306.39652251105315,-363.2609126630141,-414.67526670308325,-461.16195177254804,-503.1932578046136,-541.1962033203868,-575.5568773087605,-606.6243635228736,-634.7142879355029,-660.1120257789345,-683.0756011251499,-703.8383083984877,-722.6110825742525,-739.5846421764808,-754.9314269611409,-768.8073497130089,-781.3533802847913
978,0.42812500000000003,-96.07837760312705,-172.27255607965228,-241.16424543757202,-303.45327101371566,-359.77242378523124,-410.69385957477,-456.7349022323269,-498.36329591782476,-536.0019559597458,-570.0332649391997,-600.8029573052498,-628.6236317610515,-653.7779269912309,-676.5213931327849,-697.0850879798484,-715.6779243585602,-732.4887925214573,-747.6884792204817,-761.4314026894639,-773.8571814860151
979,0.427734375,-95.09022845946677,-170.49887184747448,-238.67976412649634,-300.3258677645404,-356.0635968127136,-406.45927176524646,-452.0249101738099,-493.22344449175546,-530.4734326931851,-564.1533141451401,-594.6052561606493,-622.1386311736239,-647.0331602382796,-669.5417551612923,-689.8930880738615,-708.2939146700427,-724.9311747440472,-739.9738914826489,-753.5748885523897,-765.8723427542742
980,0.42734375,-94.08230014750443,-168.69351492167118,-236.1539567862811,-297.14890954636377,-352.2980165405151,-402.1615462627142,-447.24607468114465,-488.00962825547043,-524.8663360273183,-558.1906364152858,-588.3210811068068,-615.5637744639167,-640.1954832667337,-662.466448526085,-682.6029277479906,-700.809493541477,-717.2711119171295,-732.1550214915295,-745.6124324232331,-757.7800626621092
981,0.42695312500000004,-93.02149974200174,-166.78959096143268,-233.4871723375228,-293.792131849304,-348.3172561855378,-397.6165455204377,-442.19087832031664,-482.4931157480171,-518.9327098424312,-551.879866820755,-581.6693099570165,-608.6036811149323,-632.9566158597592,-654.9755237602346,-674.8841020572892,-692.8846083608111,-709.1599154868335,-723.8753694309867,-737.1804690978955,-749.2103851777888
982,0.4265625,-91.94115448165084,-164.85436033868186,-230.77953547507371,-290.38636551334105,-344.28039071090603,-393.0091283399749,-437.0676253827946,-476.9034843538433,-512.9214094494159,-545.48731756716,-574.9320556092097,-601.5547616043624,-625.6259036726154,-647.3900278439845,-667.0682424626171,-684.8604644834062,-700.9474504699625,-715.4926330330359,-728.6437811001211,-740.5345012036547
983,0.426171875,-90.80933847869564,-162.82313235064046,-227.93455987323037,-286.8053892878162,-340.0338350483828,-388.1607227797053,-431.6750195417446,-471.018816925411,-506.59182968682455,-538.7554600602203,-567.8364711598684,-594.130307625991,-617.9040976073561,-639.399366945855,-658.8344930665962,-676.4069236277094,-692.2951824897062,-706.6606835048769,-719.6493702990423,-731.3931990279242
984,0.42578125,-89.65824207256318,-160.76101198671117,-225.04926841383227,-283.17606619449015,-335.7319088081254,-383.25071807432715,-426.21524866086287,-465.0619889650844,-500.1855943118129,-531.9428958587871,-560.6565255793201,-586.6181939183635,-610.0916532921947,-631.3153776761343,-650.504985319216,-667.8554292632781,-683.5429779106111,-697.7270058639172,-710.551612970307,-722.147088332842
985,0.425390625,-88.4571556845902,-158.60561204550694,-222.03048851320332,-279.3764131978641,-331.22610591569855,-378.1063838270215,-420.49354863091406,-458.8182406709262,-493.4698210871033,-524.800330872777,-553.1280691357613,-578.7408277371486,-601.898815515714,-622.8373021698808,-641.7690085863268,-658.8862680204137,-674.3629801056172,-688.356377661783,-701.0086240011091,-712.4482572777215
986,0.42500000000000004,-87.23708304651439,-156.419781582804,-218.97199135677383,-275.5291294709226,-326.66575211576867,-372.90136238985406,-414.70567827326056,-452.5034010114879,-486.6785285265421,-517.5782560269854,-545.5165030807472,-570.7771027512482,-593.6166850626811,-614.2672842250366,-632.9386959234087,-649.8206086823252,-665.0845309488476,-678.8855335729646,-691.3638251292102,-702.6461763944145
987,0.42460937500000007,-85.96857825336174,-154.14353315541072,-215.78406190674616,-271.51665852177956,-321.907649667509,-367.4690317241877,-408.66370660525746,-445.9101993883814,-479.5869172287334,-510.0359970551419,-537.5667831731402,-562.458970909087,-584.9654485673324,-605.3148669330099,-623.7139623531547,-640.3496571157332,-655.3909584858675,-668.9906758088961,-681.2869728773302,-692.4047716468083
988,0.42421875000000003,-84.68141063270372,-151.83736295208402,-212.5570749732907,-267.45734630088344,-317.09589991496944,-361.9770191571689,-402.55666104813463,-439.24708482164044,-472.42103889839535,-502.41554718637275,-529.5353328053872,-554.0559137859358,-576.2264020539151,-596.2720342729314,-614.3964600732978,-630.7838109754122,-645.6005710166719,-658.9972681857173,-671.1100035923711,-682.0618342153625
989,0.423828125,-83.3474433961434,-149.4437758917682,-209.20491160401218,-263.2382444482529,-312.0928347078928,-356.265068520161,-396.2037342495049,-432.3145963700494,-464.9645245735628,-494.4852241721259,-521.1766076808417,-545.3098426200181,-567.1301068228952,-586.8590795973614,-604.6971939774289,-620.8256730623302,-635.4083711512168,-648.593438493525,-660.5148263230376,-671.2936477759614
990,0.4234375,-81.99516550668781,-147.0208218757214,-205.81441063228345,-258.9731628298281,-307.0371082722449,-350.49453297625416,-389.78692994973534,-425.31348073961635,-457.43510951280456,-486.4781492087299,-512.737656636669,-536.4804099640257,-557.9476189045918,-577.357375275866,-594.9068686394154,-610.774389593181,-625.1211410577695,-638.0928760566081,-649.8213783761413,-660.4258014515754
991,0.42304687500000004,-80.59779270925316,-144.5135869341485,-202.30318217083422,-254.55393568332067,-301.7967947604919,-344.51176990343225,-383.13284392623444,-418.0523950377338,-449.62518977766916,-478.1719903739039,-503.9828151060881,-527.3198855664132,-548.420291069308,-567.4983976309527,-584.748025918248,-600.3444204080733,-614.4460297814954,-627.1961167546343,-638.7242134589865,-649.1474374633149
992,0.42265625,-79.18248966287581,-141.97758510994356,-198.75439503226676,-250.08966105229862,-296.504887113502,-338.47160900643536,-376.4161749753182,-410.72407336996275,-441.74384758311487,-469.7906364024053,-495.14937536890415,-518.0776914329921,-538.8085201671861,-557.5524722599921,-574.4999731512365,-589.823197604357,-603.6778188591468,-616.2045902326105,-627.5307749861571,-637.7714392850332
993,0.422265625,-77.72386595838238,-139.36056828335109,-195.08951558351998,-245.4771228141763,-291.03540558767804,-332.2272586258792,-369.47119002023754,-403.1455866932027,-433.5925650060507,-461.1214495084046,-486.01191705564787,-508.51683898377695,-528.8648505126276,-547.2626738287931,-563.8972183737878,-578.9374797871368,-592.53625681479,-604.8317037383786,-615.9487338575066,-626.0002885863705
994,0.421875,-76.247720048491,-136.71542896906405,-191.38791421778444,-240.82053869937118,-285.5154763782144,-325.92678574511683,-362.46501288190734,-395.5013585449627,-425.3714479227913,-452.3787397285637,-476.7976088837593,-498.87613387834034,-518.8386169725254,-536.8878629783177,-553.207239590617,-567.9625402565007,-581.3036684973068,-593.3661608916073,-604.2725639444593,-614.1336791269994
995,0.421484375,-74.73009454842946,-133.9926655518272,-187.57503483637805,-236.0218016826245,-279.8252605357348,-319.4304765866102,-355.2398378927609,-387.6171566427712,-416.8913714987421,-443.3598923741673,-467.29162345713326,-488.92969591683595,-508.49393833839423,-526.1831103272143,-542.1769218978089,-556.6378592726453,-569.71283565736,-581.5346838747924,-592.2235057849922,-601.8878924998281
996,0.42109375000000004,-73.19538188294636,-131.24246734615485,-183.72632680932855,-231.1800881370007,-274.08582100137073,-312.87940646871243,-347.95495542561594,-379.66880866922145,-408.3431556727325,-434.26930716209563,-457.7106543715883,-478.90534481045074,-498.06870156757225,-515.3954108670869,-531.0614999183616,-545.226125209823,-558.0331894032372,-569.6128033506009,-580.0826078422328,-589.5489688068863
997,0.42070312500000007,-71.62109464995821,-128.41815564383964,-179.77132669714013,-226.20255168782617,-268.18364481174103,-306.14115546888434,-340.46073122737704,-371.4910485675972,-399.5473612507751,-424.91470596785996,-447.85079960725864,-468.5886582793752,-487.33896497366163,-504.2922102404492,-519.6206275666256,-533.4799432149364,-546.0109583205798,-557.3409794286044,-567.5851117707333,-576.8474287165927
998,0.42031250000000003,-70.03018162728166,-125.56713911293872,-175.7814463668898,-221.18317417598809,-262.233544606342,-299.3495892030704,-332.90837596645457,-363.2508362814852,-390.68522711180884,-415.49026201462476,-437.91794240537877,-458.19611760507735,-476.53079951742734,-493.1082555855552,-508.0969011111403,-521.6490102153414,-533.902262812093,-544.9811434047206,-554.9982056746495,-564.0552159992367
999,0.419921875,-68.40166010082291,-122.64563402570157,-171.6904238857844,-216.03451336166995,-256.12850889667783,-292.379786389859,-325.15665827704066,-354.79212769414346,-381.587277400891,-405.81433135783317,-427.7194217712723,-447.52509039747605,-465.4325497710954,-481.62372766375705,-496.26311546233643,-509.4994393505475,-521.4671712873777,-532.2878952421906,-542.0715423340388,-550.9175077164135
1000,0.41953125,-66.7569997773988,-119.69819519206821,-167.5655232901146,-210.8452112956246,-249.9769225001263,-285.3581958954819,-317.3484751834344,-346.27275664406136,-372.4248894200746,-396.0705601422855,-417.4499918379194,-436.78038431126527,-454.2581206241395,-470.06076222664774,-484.3488528276194,-497.2675493844205,-508.9480967699026,-519.5091611920333,-529.0580356731323,-537.6917301223093
1001,0.41914062500000004,-65.07675504779418,-116.68400152823425,-163.34478659782985,-205.53336511880192,-243.67844097960196,-278.1675884324741,-309.3512168676091,-337.54614260742625,-363.03881316020545,-386.0882200045852,-406.92853114512,-425.7714708393326,-442.80847091073144,-458.2126158318293,-472.14040125489953,-484.7333239589597,-496.1193193801759,-506.4140614381588,-515.7221376330842,-524.1381116419063
1002,0.41875,-63.38088338471967,-113.64468514118302,-159.09122603525506,-200.18214000787825,-237.3348536498176,-270.9268004239071,-301.29924549672756,-328.76074892165065,-353.5902989250673,-376.0401455404987,-396.3383629991246,-414.691166680948,-431.2850079962834,-446.28846861432294,-459.8539731034061,-472.1193374348243,-483.2091690695447,-493.23613294495317,-502.30209598567683,-510.4991620499157
1003,0.418359375,-61.65150627013654,-110.54245058526922,-154.7472832407671,-194.71529901837278,-230.85263822154158,-263.5264758426232,-293.0687779180983,-319.7796854467997,-343.930569002184,-365.76678823305616,-385.5101858705673,-403.36134220874,-419.50161318479775,-434.0949730875078,-447.2896805288374,-459.2197847047057,-470.0064872607322,-479.759373705611,-488.57752665394145,-496.5505324955553
1004,0.41796875,-59.90703817345591,-107.41594303021016,-150.371621349438,-189.21040198960318,-224.3268312018778,-256.0776549455549,-284.7854336454132,-310.7418153497958,-334.21049718784275,-355.4299036431445,-374.6156084755755,-391.9625246704723,-407.6468844909261,-421.8280298834969,-434.6500312475263,-446.24315106521937,-456.7251672492708,-466.20256974478906,-474.771642306775,-482.51944072463516
1005,0.417578125,-58.13119525761161,-104.23045103127471,-145.9111705531091,-183.59699574882947,-217.67087709816965,-248.47902417468063,-276.3344477913834,-301.5201508255897,-324.2920084801085,-344.88137024529806,-363.49741151194576,-380.3292593290208,-395.547914108626,-409.30798711841237,-421.7492713252761,-432.9981616472878,-443.1689390548294,-452.3649316724199,-460.67956445053335,-468.1973083559237
1006,0.41718750000000004,-56.34082055966826,-101.0215731260959,-141.4201542287153,-177.9469148627465,-210.9729125807401,-240.83365576256074,-267.83250272590124,-292.24373981284475,-314.3153664521176,-334.2716139427413,-352.31522317284885,-368.62950419020893,-383.3801983721572,-396.71716224789225,-408.7758899007751,-419.6788894678541,-429.5369277078355,-438.4501553732504,-446.50912458638834,-453.7957088337376
1007,0.41679687500000007,-54.52125006667528,-97.7577354993197,-136.85007316312016,-172.1955989070581,-204.1534829053645,-233.04843548098117,-259.1740295812507,-282.7956935897289,-304.15341279545254,-323.4641698043451,-340.9241501319647,-356.7107359607294,-370.9843085062432,-383.889877614758,-395.5585550567378,-406.10888657999084,-415.64805626614515,-424.2729755307152,-432.0712676052083,-439.1221577849539
1008,0.41640625000000003,-52.68772938550695,-94.47143507268767,-132.2506271716773,-166.40904608967296,-197.29368853938584,-225.21830799213444,-250.46659290147588,-273.29504497247405,-293.935583534976,-312.5979009536439,-329.4715926317781,-344.72808302755533,-358.5223670702004,-370.9945848026378,-382.27144506931853,-392.46751276269407,-401.6863726924552,-410.0216819928248,-417.55812152805754,-424.37225623832984
1009,0.416015625,-50.82723696469669,-91.13428443740479,-127.5779626126666,-160.52868860408432,-190.321298466035,-217.2585025892732,-241.61398338498105,-263.6351854692827,-283.54583417538583,-301.5482106514604,-317.8252080323987,-332.54219012228924,-345.84867164287976,-357.87983742343073,-368.7579158723821,-378.59342077771316,-387.48627406167185,-395.52682100003443,-402.7967479963302,-409.3699125145606
1010,0.415625,-48.95339744062562,-87.77562868823675,-122.87717889745406,-154.61458619431232,-183.31025141044188,-209.2556893239293,-232.71448109659903,-253.924948288313,-273.10257252588445,-290.442183907778,-306.1199400087239,-320.2951153719748,-333.111719486512,-344.699959822171,-355.1775646077462,-364.6509788395451,-373.21644565724785,-380.96098416371404,-387.9632733928841,-394.29445168061204
1011,0.41523437500000004,-47.05485184722387,-84.37031071936404,-118.10913581410409,-148.6142543577402,-176.1956519918295,-201.133572415619,-223.68138550338054,-244.06817055976873,-262.5010479917559,-279.16728558500876,-294.23620208419044,-307.86088793474335,-320.179760822541,-331.3179721137222,-341.38867838661,-350.4941910644892,-358.72701583732413,-366.17079253493324,-372.90114477801694,-378.9864483161537
1012,0.446875,-96.07966985714742,-172.27467162157066,-241.16701818239582,-303.45659392707887,-359.7762215001757,-410.6980749556419,-456.7394895022992,-498.3682169757361,-536.0071782398951,-570.0387601166109,-600.8087004335868,-628.6296006712205,-653.7841018596354,-676.527756143785,-697.0916230572748,-715.6846169532812,-732.4956294302897,-747.6954484415165,-761.4384932782509,-773.8643834583029
1013,0.41484375,-45.143582803494,-80.94447843700054,-113.3142626063039,-142.5817214069659,-169.04416267339352,-192.97041299625977,-214.6035398220999,-234.1633170899095,-251.8484564651077,-267.838625364706,-282.2962719113244,-295.368275142286,-307.18743705298346,-317.87383176868747,-327.5360253732771,-336.2721788356859,-344.1710452249379,-351.31287143485827,-357.7702133512021,-363.60867301493863
1014,0.0,-43.209911468988984,-77.47624392032125,-108.45819303700083,-136.4706673933831,-161.79832424279877,-184.69850847572016,-205.403886749258,-224.1248198305794,-241.05150383364827,-256.35590442643417,-270.193504884571,-282.7048862392046,-294.01715570917924,-304.24523822228645,-313.4930440467779,-321.8545244838587,-329.4146263536296,-336.25015507306586,-342.43055487358686,-348.0186143596781
1015,0.0,-41.2641599461107,-73.98851748151944,-103.5766236551749,-130.32900557432492,-154.51741965165382,-176.38758977985833,-196.16169489736893,-214.0406224458085,-230.20600772897572,-244.82207844699286,-258.0373227858681,-269.9859977990132,-280.7894932160781,-290.55756467121984,-299.38944870154637,-307.37487089079406,-314.59495738586486,-321.12305913616314,-327.0254970028668,-332.3622355780876
1016,0.34648437500000007,14.773588592380515,26.48927282017831,37.08198772286481,46.659417770646044,55.31889667263787,63.14841620606451,70.22752864494969,76.62815873118124,82.41533613502122,87.6478569945124,92.37888177113838,96.65647551169404,100.5240964013893,104.02103733423435,107.18282518563063,110.04158178329314,112.62635029630864,114.96339027991687,117.07644451588925,118.98698020800427
1017,0.34609375000000003,12.672856394049044,22.723169655176026,31.810348018270464,40.026648364241105,47.45551243560216,54.17239705901984,60.24553301251417,65.73661466841806,70.70142504452917,75.19040165199405,79.2491484990617,82.91889905949344,86.23693511276808,89.23696537759822,91.94946793393144,94.40199982385639,96.61947701396598,98.6244274758038,100.43722009166204,102.0762715569523
1018,0.345703125,10.569076522810686,18.950486883175074,26.528509622271844,33.38019000458457,39.575164528293755,45.176384623632444,50.24076317764309,54.819755849407294,58.95988527711133,62.70321445054965,66.08777449389797,69.14795118266095,71.9148345018378,74.41653455078772,76.67846719883978,78.72361233024837,80.5727473543209,82.24465827414329,83.75633059918793,85.12312189111806
1019,0.3453125,8.458955021421795,15.167472087870848,21.233135766002587,26.71750830081272,31.67627738070733,36.15980541810831,40.21363376813538,43.878941948873646,47.192964301329354,50.18936740107697,52.89859168149438,55.34816034901423,57.56295893486683,59.56548799003596,61.376091639295865,63.013164226959724,64.49333719181696,65.83164798225141,67.04169286271508,68.13576501104886
1020,0.34492187500000004,6.3482677191638,11.382480698170882,15.934126520313137,20.049492444872758,23.770410384862437,27.13469435791336,30.176530109781044,32.92682487710095,35.413522532565906,37.66188806054145,39.69476460741869,41.532805657518495,43.1946850574806,44.69728676849234,46.055876464496635,47.28425665299372,48.39490694625117,49.39911082845988,50.307070346290736,51.128009738941365
1021,0.34453125,4.232010566564203,7.588387407938627,10.623183605201476,13.367171841911594,15.84819988548046,18.091458078616693,20.119728131937183,21.953611213388367,23.61173557451226,25.110944943880074,26.46646924312855,27.69207897256237,28.800225043508973,29.802165145028468,30.70807807758233,31.52716712497238,32.267753553752264,32.93736110248512,33.54279245335569,34.090198311462366
1022,0.344140625,2.1176703587886005,3.7969235755400907,5.315174178741581,6.687880049652978,7.92900401451451,9.05116437278139,10.065767018190005,10.983123109438019,11.812554667392142,12.562489715093252,13.240548199414935,13.85361946778431,14.407932435104389,14.909118890750499,15.362270774822008,15.771991935613626,16.142444945687075,16.477393371931374,16.780240067316228,17.05406172535768
1023,0.34375,-0.0014593276680762409,-0.0023979840540747747,-0.0031486852071496495,-0.0037757592330768075,-0.004314299438416774,-0.004784874775769882,-0.0052005470049682765,-0.005570263883962033,-0.005900586766296598,-0.006196605908649733,-0.006462394780485939,-0.006701392329467936,-0.006916505507277565,-0.007110265695174226,-0.007284891692339966,-0.007442350995622367,-0.007584380036790271,-0.007712551138913367,-0.00782825359996268,-0.007932738987648534
1024,0.343359375,-2.116192283068863,-3.794488104254093,-5.311973745978967,-6.684044541151924,-7.924628279796607,-9.046321836243498,-10.060516754635833,-10.97751385205461,-11.806627332252265,-12.556279128041414,-13.234084240729416,-13.846928082191997,-14.401036273459155,-14.902037880573697,-15.355022548575873,-15.764592187161139,-16.134907681865723,-16.469731186340315,-16.772464288350744,-17.04618258420684
1025,0.34296875000000004,-4.234926956508567,-7.593179645631678,-10.629476068974675,-13.37471746807747,-15.856821743313263,-18.101020343830953,-20.13012108374645,-21.964743012780495,-23.623527495082467,-25.123328431907815,-26.479383885481074,-27.705471228711648,-28.814047182324767,-29.816374494217726,-30.72263639900532,-31.542040112440574,-32.282910371223025,-32.9527740561433,-33.55843662581232,-34.10605128651542
1026,0.34257812500000007,-6.346791896500714,-11.380048933723238,-15.930930960772686,-20.04566278744182,-23.766041344200296,-27.129859254811148,-30.171287935170582,-32.92122429381562,-35.40760439620967,-37.6556871441445,-39.68831074458763,-41.52612475144646,-43.18779972189162,-44.69021689756614,-46.04863966067936,-47.27686858308874,-48.38738159265036,-49.39146076267536,-50.29930687674394,-51.12014307874924
1027,0.34218750000000003,-8.461864619715932,-15.172253141801733,-21.239413519792425,-26.725036262117573,-31.68487902928017,-36.169345245801225,-40.22400231027397,-43.89004758135865,-47.20472848238878,-50.20172173815124,-52.91147590357172,-55.36152104182651,-57.57674848003695,-59.57966381625609,-61.39061559908391,-63.02800209566385,-64.50845820678437,-65.84702451580618,-67.0573000571029,-68.15158050386115
1028,0.341796875,-10.567605205072367,-18.94806253052833,-26.52532380693596,-33.37637204684428,-39.57080887316854,-45.17156438475021,-50.235537178220426,-54.81417261158766,-58.95398553557188,-62.69703287269863,-66.08134082000339,-69.14129123285109,-71.90797081557949,-74.40948695557861,-76.6712532370949,-78.7162476146525,-80.56524581837509,-82.23703244518605,-83.74859174569318,-85.11528019005861
1029,0.34140625,-12.67575468749045,-22.727932093584194,-31.81660128738132,-40.034146922798435,-47.46408044663141,-54.181899540586784,-60.255860926233986,-65.74767674789655,-70.71314305529557,-75.20270746972047,-79.26198208927597,-82.93220721806738,-86.25067040898347,-89.25108540821917,-91.96393470235853,-94.41677924114025,-96.63453843959688,-98.63974339218112,-100.4527657402811,-102.09202466493232
1030,0.34101562500000004,-14.772124019663886,-26.486859564760355,-37.07881649657022,-46.65561732934439,-55.31456105762016,-63.1436182208027,-70.22232686158583,-76.62260146125077,-82.40946393218438,-87.64170436807579,-92.3724783216576,-96.64984693496451,-100.51726512573019,-104.0140230873333,-107.17564542004801,-110.03425203070937,-112.61888441704491,-114.95580073519204,-117.06874251438333,-118.97917587258875
1031,0.340625,-16.870099645404526,-30.248566189524,-42.34473011200825,-53.28152776269267,-63.170095606476636,-72.11090917052267,-80.19480925257682,-87.50392762703089,-94.11252293655747,-100.08773591241382,-105.49027186527725,-110.37501775064557,-114.79159985246686,-118.78488808091113,-122.39545185874732,-125.6599723213216,-128.6116149739446,-131.2803666808566,-133.69334027884233,-135.87505005572694
1032,0.340234375,-18.953865276545088,-33.984815757106794,-47.57513630791857,-59.86292299997756,-70.97302217127985,-81.01830915674171,-90.10083880207532,-98.31288382373921,-105.73787293565734,-112.4512387517809,-118.52118421780239,-124.00937565517083,-128.97156919035822,-133.4581772398962,-137.51478064362323,-141.18259173410036,-144.49887299677957,-147.49731565892642,-150.20838192076005,-152.65961444896132
1033,0.33984375,-21.03843211852265,-37.7225591587379,-52.807566384685366,-66.44675228401627,-78.77870697575707,-89.92872890676419,-100.0101028811578,-109.12525366221655,-117.36678798415478,-124.81843616210737,-131.55590311608503,-137.6476378213006,-143.1555287726327,-148.13553285806742,-152.63824388144022,-156.70940660405586,-160.39038148266704,-163.71856491374325,-166.72776912341553,-169.44856570702845
1034,0.339453125,-23.106381036510435,-41.43036980722014,-57.99809868300259,-72.97792435859603,-86.52204801130341,-98.76807572513351,-109.84042178652204,-119.85157486810708,-128.9032418432846,-137.08738153382595,-144.4871391136689,-151.17769099823076,-157.22700855050311,-162.69654867767855,-167.64187817671038,-172.1132382594448,-176.15605494301596,-179.8114005764779,-183.11641106061396,-186.10466314212385
1035,0.33906250000000004,-25.174324841089433,-45.138386647268376,-63.18897717238495,-79.50952066755492,-94.26584721039812,-107.60788496655387,-119.67118806968615,-130.5783163404634,-140.44008181181076,-149.35667527672334,-157.41868453300233,-164.70801503225078,-171.29872205271747,-177.25776317873246,-182.64567858321485,-187.51720611832872,-191.92183741741454,-195.9043207466533,-199.50511558550116,-202.76080369762417
1036,0.33867187500000007,-27.223268417272333,-48.81204120382952,-68.33163216027822,-85.98039901241849,-101.93766309350887,-116.36554905719795,-129.41063879170582,-141.20546347530637,-151.86985131519828,-161.51214554631235,-170.23030536627482,-178.11290136742684,-185.24001534204845,-191.68405392568602,-197.51048419232774,-202.77849876477967,-207.5416171482337,-211.84822948303102,-215.7420881097278,-219.2627520822297
1037,0.33828125000000003,-29.27140056025879,-52.484613976621475,-73.47295507850004,-92.4496910543943,-109.6076362428904,-125.12111735022003,-139.14774882503042,-151.83003656706103,-163.29682704384413,-173.66461703934038,-183.03873754926119,-191.51442420934703,-199.17778489335055,-206.106674638184,-212.371486637277,-218.03586743184974,-223.15736351928203,-227.78800603688964,-231.9748393318425,-235.7603989296782
1038,0.337890625,-31.298179472980227,-56.11844793817211,-78.55980317119278,-98.8502980768221,-117.19609764358675,-133.7835951094606,-148.78131394465595,-162.3416234784477,-174.60228848437657,-185.6878695522939,-195.71098885679365,-204.77347459723316,-212.967395514544,-220.37599632662025,-227.07454343888935,-233.13108961435594,-238.60716532306725,-243.5584038826386,-248.0351066105305,-252.08275387075196
1039,0.3375,-33.32334188052842,-59.74991379397038,-83.64364295081766,-105.2473106352134,-124.78041814128098,-142.44142191686504,-158.4097536955995,-172.8476457225712,-185.90178022802087,-197.70478035732907,-208.3765578912863,-218.02553180333194,-226.74972979063625,-234.63778429584616,-241.76983299168515,-248.21833297007183,-254.04879685986012,-259.3204584412618,-264.08687439015904,-268.39646840724
1040,0.33710937500000004,-35.324830991109,-63.338324069033455,-88.66684062890796,-111.56777711454556,-132.27382427811597,-150.99535653625264,-167.92257908905435,-183.2274644732149,-197.0655016043002,-209.57727636288848,-220.88990024458616,-231.1183020436013,-240.36639548589824,-248.7281350141858,-256.2884703098877,-263.12420934376206,-269.30479867518926,-274.89302901659926,-279.9456731014474,-284.5140624765171
1041,0.33671875,-37.323901012579256,-66.92308355135087,-93.68535835027981,-117.88264643871213,-139.76079761157627,-159.54209205309647,-177.42750211124886,-193.598736226209,-208.2200862176181,-221.44009709710093,-233.39307653521072,-244.2004596689233,-253.9720428672787,-262.807099313858,-270.7953875942067,-278.0180636273764,-284.54850515795215,-290.4530572748684,-295.7917064021945,-300.6186897499234
1042,0.336328125,-39.29701417162685,-70.460537078752,-98.63716022523667,-124.11322670832104,-147.14759425142077,-167.97429406696588,-186.804919801201,-203.8307820279716,-219.22485405123788,-233.14353026830358,-245.72821549836456,-257.106761918158,-267.39476801097555,-276.69675307319943,-285.1072190759072,-292.7116107652793,-299.5871837084808,-305.8037891941173,-311.4245838322821,-316.50667120310976
1043,0.3359375,-41.26690938685837,-73.99306274551179,-103.58261768597713,-130.3362157009431,-154.52567600393405,-176.39675977585188,-196.17167009431577,-214.0513114134613,-230.21733181632644,-244.83396913525337,-258.0497198378376,-269.9988479804578,-280.8027493060496,-290.571184667084,-299.40339516071606,-307.38911039661133,-314.60946009191076,-321.1377983449802,-327.04044883335126,-332.3773786464691
1044,0.335546875,-43.20860419561894,-77.47410503055904,-108.45538844929294,-136.4673026832315,-161.79447328706559,-184.69422740909621,-205.39922087856732,-224.1198073183551,-241.04617770753367,-256.3502938105437,-270.18763573348946,-282.69878189640036,-294.01083729513874,-304.23872491837875,-313.4863533115723,-321.8476722467087,-329.4076271762624,-336.2430222594799,-342.4233006002575,-348.011249762599
1045,0.33515625000000004,-45.14628716510085,-80.94894997248349,-113.3201600898333,-142.5888159064663,-169.05228692928577,-192.97943639011905,-214.61335547530098,-234.17383487288694,-251.8595988411942,-267.8503247905349,-282.3084690147355,-295.38091746417604,-307.20047807229804,-317.8872301171838,-327.54974418503156,-336.28618521958396,-344.18530981437704,-351.32736797052416,-357.7849183527016,-363.6235654648895
1046,0.33476562500000007,-47.05356967773478,-84.36821351608936,-118.10638631177535,-148.61095595823684,-176.19187696936174,-201.12937564875062,-223.67681126922278,-244.06325615155234,-262.4958256882652,-279.1617838575957,-294.2304463128412,-307.85490095516235,-320.17356330602104,-331.31158284327114,-341.3821144672103,-350.4874681118938,-358.7201481353914,-366.163793141235,-372.8940256509758,-378.9792203987163
1047,0.33437500000000003,-48.95605263713071,-87.7800197739287,-122.88297099879755,-154.6215544607922,-183.31823143831593,-209.2645526466967,-232.7241225522012,-253.93527917556793,-273.11351653209505,-290.4536745606235,-306.13191888541445,-320.3075308634405,-333.12452583850154,-344.71311636077195,-355.1910350975541,-364.664730963476,-373.230450572235,-380.97521608804027,-387.9777092825115,-394.30907091677346
1048,0.333984375,-50.82598195660439,-91.13223231435947,-127.5752726661498,-160.52546189104118,-190.31760553460344,-217.25439696629329,-241.60950823992195,-263.6303771601151,-283.54072417496985,-301.5428267282412,-317.8195749473093,-332.5363301635944,-345.8426049971535,-357.87358244339396,-368.7514892807166,-378.5868378507288,-387.4795487820903,-395.5199661580375,-402.78977531340814,-409.3628327236162
1049,0.33359375,-52.69033139837999,-94.47573909796596,-132.25630520041994,-166.41587768966792,-197.3015124038947,-225.22699799190005,-250.47604574104167,-273.3051735047358,-293.9463127791323,-312.6091656025461,-329.48333529503344,-344.7402530198783,-358.5349194700078,-371.0074796893473,-382.2846468910537,-392.48098982412466,-401.70009671707714,-410.0356277153462,-417.5722663758738,-424.3865800230033
1050,0.33320312500000004,-54.52002422928713,-97.75573177086098,-136.84744713789834,-172.1924491296847,-204.14987807737162,-233.04442768410073,-259.16966080131937,-282.79099918507274,-304.14842337731113,-323.45891238926214,-340.9186488184283,-356.7050124508586,-370.9783824671951,-383.8837669377822,-395.55227605416655,-406.1024541634428,-415.6414840944746,-424.26627610623063,-432.0644523940236,-439.11523729332026
1051,0.3328125,-56.34336546584768,-101.02578363805014,-141.42570970302705,-177.9535996145011,-210.9805686357007,-240.84215950949203,-267.8417528824719,-292.2536509086257,-314.3258649434564,-334.28263577935775,-352.32671207769835,-368.6414104737342,-383.3924780096184,-396.7297761295191,-408.78880320986036,-419.6920711773052,-429.5503501496222,-438.46379383632154,-446.5229570037354,-453.80971547813783
1052,0.332421875,-58.13000055296173,-104.22849893421633,-145.90861271261923,-183.59392803370878,-217.66736624566246,-248.4751207300763,-276.33019248288304,-301.5155779489849,-324.287147730625,-344.87624783960075,-363.4920508437054,-380.32368147648555,-395.5421381856069,-409.3020305241984,-421.7431499344249,-432.9918899820379,-443.162530427936,-452.3583982782858,-460.67291748185636,-468.1905580760605
1053,0.33203125,-59.90952211987405,-107.42005369082966,-150.37704593678592,-189.21692988869992,-224.33430800217218,-256.0859597311912,-284.79446729155035,-310.751494183243,-334.2207492056629,-355.4406661419866,-374.62682637145207,-391.9741493405221,-407.65887287039556,-421.840343729997,-434.66263653033616,-446.2560174712259,-456.73826776015727,-466.215880240952,-474.7851412604147,-482.53310890012966
1054,0.331640625,-61.65034461542401,-110.54055328289364,-154.74479775211316,-194.71231837681097,-230.84922708509117,-263.5226831308482,-293.06464302928805,-319.775241552711,-343.9258448288247,-365.761809150236,-385.50497452567237,-403.35591901923823,-419.4959966779259,-434.08918014073,-447.28372655206744,-459.21368380660954,-470.0002523861845,-479.75301672147503,-488.57105846181963,-496.5439630999888
1055,0.33125000000000004,-63.38330263231602,-113.64868980041979,-159.09651165185474,-200.1885013503098,-237.34214009568072,-270.9348939249954,-301.308049225486,-328.77018111900804,-353.6002892291534,-376.05063268224563,-396.3492931647631,-414.70249238290455,-431.2966871909182,-446.30046398136676,-459.86625144729345,-472.13186920067005,-483.22192792863723,-493.24909540512255,-502.31524109084194,-510.5124710854429
1056,0.33085937500000007,-65.07562830862253,-116.68216209797009,-163.34237751470025,-205.5304764255457,-243.67513514328246,-278.16391266079694,-309.3472091579617,-337.5418349478032,-363.03423325565075,-386.0833923327911,-406.92347756674536,-425.76621107474386,-442.8030228682869,-458.206995838084,-472.13462422895486,-484.72740357234346,-496.11326818866166,-506.4078909619417,-515.7158584654472,-524.1317335130632
1057,0.33046875000000003,-66.75935066714769,-119.70208782873223,-167.57066201846513,-210.851396574046,-249.98400771408782,-285.36606603463946,-317.357035853091,-346.281928114133,-372.43460306829,-396.0807562205739,-417.4606178783213,-436.79139402803526,-454.2694730548826,-470.07242102697586,-484.3607856854075,-497.2797275464648,-508.96049463626866,-519.5217559333183,-529.0708069368935,-537.7046597437536
1058,0.330078125,-68.40057008216797,-122.6438554446214,-171.68809512904573,-216.03172133116098,-256.12531376045024,-292.3762335607877,-325.15278428269056,-354.78796328105614,-381.58284920313844,-405.8096629174225,-427.7145341229917,-447.5200025292955,-465.4272789412633,-481.618289619778,-496.2575246071765,-509.493708895787,-521.4613133791502,-532.2819210355055,-542.0654620971856,-550.9113308902633
1059,0.3296875,-70.03246060238928,-125.57091387579044,-175.78643051328677,-221.18917415183898,-262.24041801840985,-299.3572242429857,-332.9166808055237,-363.25973333009483,-390.6946495830407,-415.5001517648187,-437.9282483860061,-458.20679479761594,-476.5418080990482,-493.11956023996004,-508.108470456533,-521.6608163423884,-533.9142808876666,-544.9933512964857,-555.0105836647874,-564.0677465008001
1060,0.32929687500000004,-71.62004311857123,-128.41644082821625,-179.76908211014006,-226.19986094378794,-268.1805656739575,-306.1377314730932,-340.45699736469305,-371.48703428627147,-399.5430920646856,-424.910204439772,-447.84608590763935,-468.5837506295556,-487.3338799509017,-504.28696298542786,-519.6152319411686,-533.4744119481525,-546.0053031286753,-557.3352110831103,-567.5792401984725,-576.8414630542558
1061,0.32890625,-73.19758553979493,-131.24611863787368,-183.73114901799912,-231.1858939816744,-274.0924725144909,-312.886795200422,-347.9629922406952,-379.67741822477893,-408.3522731084174,-434.27887601782766,-457.7206250883537,-478.91567369933296,-498.0793500007138,-515.4063446058823,-531.0726885558776,-545.2375417206589,-558.0448097571792,-569.6246061449427,-580.0945740231928,-589.5610813919446
1062,0.328515625,-74.72908321255042,-133.9910173214104,-187.57287813542962,-236.01921669617775,-279.82230252013494,-319.4271871210705,-355.23625036732733,-387.61329915243675,-416.887268389556,-443.3555651875887,-467.2870914620388,-488.92497653463676,-508.4890474354375,-526.1780624104177,-542.1717302636099,-556.6325361458304,-569.7073923045231,-581.5291306662351,-592.217852290088,-601.8821475366866
1063,0.328125,-76.249845082988,-136.71895135453678,-191.3925673438965,-240.8261418352082,-285.5218961802872,-325.9339172747339,-362.4727698206598,-395.50966790011444,-425.38024684933515,-452.38797352742677,-476.80722955358567,-498.8860991202077,-518.8488894075083,-536.8984094937715,-553.2180307978067,-567.9735500529358,-581.3148736908126,-593.3775408407796,-604.2841002881642,-614.145355512998
1064,0.327734375,-77.72289647656501,-139.35898937634127,-195.08745037876525,-245.47464793014763,-291.03257367469644,-332.22410922972426,-369.4677548668969,-403.14189247094555,-433.5886348467161,-461.11730389126313,-486.00757431162396,-508.5123157017927,-528.8601618189218,-547.2578335702236,-563.8922392577178,-578.9323735126832,-592.5310341797011,-604.8263746943773,-615.9433076008947,-625.9947736026011
1065,0.32734375000000004,-79.18453289924483,-141.98097336551905,-198.75887220952475,-250.09505323658811,-296.51106577612177,-338.47847286647396,-376.42364064984525,-410.7320703157718,-441.7523150558331,-469.799521538251,-495.15863178962627,-518.0872782877025,-538.8184013776662,-557.5626158858694,-574.5103508635399,-589.8337842608871,-603.6885921394489,-616.2155302869481,-627.5418641734736,-637.7826619081538
1066,0.32695312500000007,-80.59686666258482,-144.51207996088993,-202.3012119030289,-254.55157504184078,-301.79409369519146,-344.50876585339006,-383.1295668934496,-418.04887025286115,-449.6214391141926,-478.16803320995945,-503.97866880001953,-527.3155658436418,-548.4158122881328,-567.493772953095,-584.7432674394121,-600.3395392813426,-614.4410363174219,-627.1910204698075,-638.7190231617309,-649.1421612929942
1067,0.32656250000000003,-81.9971238901002,-147.024070976465,-205.81870525488472,-258.97833613182706,-307.0430367231908,-350.50111909412215,-389.79409340132645,-425.3211535269471,-457.4432330742786,-486.4866725873865,-512.746535140377,-536.4896042458046,-557.9570942367582,-577.3671009348776,-594.9168173960553,-610.784537301495,-625.1314663014134,-638.1033598067106,-649.8320037380958,-660.4365534070963
1068,0.326171875,-83.34656230365444,-149.44234336070852,-209.20303958040657,-263.2360020296959,-312.09026905314334,-356.2622148912336,-396.2006208668205,-432.3112469576968,-464.960959704182,-494.4814620851982,-521.1726647287558,-545.3057336347902,-567.1258453680318,-586.8546781252389,-604.6926639502841,-620.8210250675412,-635.4036149944105,-648.5885832401578,-660.5098803790505,-671.288618921646
1069,0.32578125,-84.68328122579467,-151.84046806572437,-212.56118068712885,-267.462293090374,-317.10156942427614,-361.98331783894537,-402.56351172893824,-439.2544221409067,-472.4288065564705,-502.4236962020507,-529.543820233386,-554.0647018370225,-576.2354573989436,-596.2813274481045,-614.4059649876665,-630.7935045138846,-645.6104326981939,-659.0072798303843,-671.1201490774091,-682.0720992243048
1070,0.32539062500000004,-85.9677435666279,-154.1421774640563,-215.78229128884874,-271.5145381317039,-321.9052237864101,-367.466333369817,-408.66076216142017,-445.9070310257789,-479.5835441785051,-510.0324363821699,-537.563050191873,-562.4550795294625,-584.9614115322915,-605.3106959623406,-623.7096682546857,-640.3452498922397,-655.3864474210105,-668.9860695016191,-681.2822793173418,-692.3999982428477
1071,0.325,-87.23886307515629,-156.42273814649388,-218.9759021643955,-275.53384254847055,-326.67115444875327,-372.90736449382365,-414.71220623830874,-452.5103922013502,-486.6859289780604,-517.586018799568,-545.5245870330704,-570.7854717024316,-593.6253071272012,-614.2761312391289,-632.9477429705411,-649.8298337107439,-665.0939144420308,-678.8950582263215,-691.3734756155989,-702.6559391206805
1072,0.324609375,-88.45636877829538,-158.6043354645917,-222.02882229522777,-279.37441844036164,-331.22382394036384,-378.1038453438001,-420.49077813491465,-458.8152587351373,-493.4666455626587,-524.7969776158847,-553.1245523925942,-578.7371604683586,-601.8950096192007,-622.8333686107397,-641.7649574980951,-658.8821088032934,-674.358721505094,-688.3520277956427,-701.0041904296561,-712.443747026274
1073,0.32421875,-89.65992889080275,-160.76381564782042,-225.05297859266028,-283.180538689143,-335.73703610447967,-383.2564148732961,-426.22144441521715,-465.0686238458949,-500.19261676369194,-531.9502610437496,-560.6641942145875,-586.6261314797665,-610.0998293809,-631.3237654668497,-650.5135611043777,-667.8641720854632,-683.5518692457349,-697.7360293078165,-710.5607540141791,-722.1563341273674
1074,0.323828125,-90.80860065921406,-162.82193703855913,-227.9330009020977,-286.8035235906249,-340.03170090971923,-388.15834854145294,-431.6724277607938,-471.0160265348448,-506.58885712109316,-538.7523199343478,-567.8331766227981,-594.1268706631005,-617.900529248098,-639.3956773794449,-658.830691733295,-676.4030193079296,-692.2911833752324,-706.6565972182743,-719.6452039585944,-731.3889592641756
1075,0.32343750000000004,-91.94274556765934,-164.8570069478319,-230.78303956743085,-290.3905908697727,-344.2852354691548,-393.01451150324044,-437.07347986123364,-476.90975320525195,-512.9280435943596,-545.4942743295582,-574.9392976170474,-601.5622560364412,-625.6336216579656,-647.3979439325041,-667.0763341887607,-684.8687120136896,-700.9558362993905,-715.501141681837,-728.6523988995184,-740.543216067768
1076,0.32304687500000007,-93.02081224213325,-166.78847895642963,-233.48572330270528,-293.7903984515482,-348.31527359905647,-397.61433966156056,-442.18846976102964,-482.49052174161636,-518.9299453719798,-551.876945229295,-581.6662432688045,-608.6004803154127,-632.9532910877016,-654.972084409106,-674.8805568557171,-692.8809654530678,-709.15618249622,-723.8715534716371,-737.1765768340136,-749.2064228341723
1077,0.34687500000000004,16.86721716486562,30.243829790334917,42.33851109285032,53.27407033469827,63.16157465091996,72.10145893323829,80.18453817557504,87.49292647625126,94.1008695165155,100.07549797213424,105.4775091082628,110.36178308698976,114.77794045030583,118.7708461083055,122.38106510117214,125.64527467784207,128.59663691415923,131.26513556834087,133.6778807332239,135.859384224613
1078,0.32265625000000003,-94.08379318971866,-168.69600067898037,-236.1572498004828,-297.1528817753253,-352.3025719128945,-402.1666081898759,-447.2515796171823,-488.0155222171656,-524.8725724731362,-558.1971748848115,-588.3278861860693,-615.5708150765287,-640.2027321067736,-662.4738815522425,-682.6105237660157,-700.817233868552,-717.2789800913456,-732.163002979391,-745.6205144154314,-757.788233853564
1079,0.322265625,-95.08959247314975,-170.49784512498354,-238.67842763848037,-300.32426981435816,-356.06176939353713,-406.4572383121974,-452.0226892284713,-493.2210515886502,-530.4708813299795,-564.1506163626404,-594.602422831418,-622.1356722588914,-647.0300849642035,-669.5385721059317,-689.8898052361453,-708.2905395419366,-724.9277143657547,-739.970352446774,-753.5712770571332,-765.8686646078569
1080,0.321875,-96.07977041280778,-172.2748773846448,-241.16732264021473,-303.4569844322241,-359.77668327087497,-410.6985930485042,-456.74004977431855,-498.36880657259144,-536.007785782634,-570.0393757366486,-600.8093156663627,-628.6302083940934,-653.7846961907144,-676.5283322977419,-697.0921772156412,-715.6851461584,-732.4961314893322,-747.6959217896832,-761.438936928684,-773.8647968877078
1081,0.0,-97.01175143009435,-173.94431594862175,-243.5031071057144,-306.39506288557214,-363.25924371393984,-414.67340933426226,-461.15992245358814,-503.19107031571326,-541.193869642789,-575.5544081533982,-606.6217685859231,-634.7115761317674,-660.1092054018619,-683.0726799190614,-703.8352936163724,-722.6079810408899,-739.5814603355476,-754.9281708714661,-768.8040250958713,-781.3499925220553
1082,0.0,-97.92759955849178,-175.58811865234543,-245.80553285709334,-309.2931782959991,-366.69604491669764,-418.5973102764442,-465.52425968810167,-507.95364213637856,-546.3165137010842,-581.0026169317672,-612.3643404532081,-640.7202991995804,-666.3585713481367,-689.5396250618977,-710.4989647101884,-729.4495234683883,-746.5838265732908,-762.0759472987604,-776.0832753962316,-788.7481160904334
1083,0.287890625,-35.32621878398158,-63.340609261004275,-88.66984513603313,-111.57138294652118,-132.27794651275607,-150.99992985969962,-167.92755081569143,-183.23279066647385,-197.07114477994054,-209.58320401951946,-220.8960838888039,-231.1247164718159,-240.3730182805054,-248.73494613587138,-256.2954517892058,-263.1313450180771,-269.3120739906955,-274.9004308312772,-279.9531895436253,-284.52168280930175
1084,0.28828125,-37.32115232719115,-66.91856145380936,-93.67941444093287,-117.87551195795906,-139.75263807995904,-159.53303450495847,-177.41764919674546,-193.58817392674467,-208.2088883526208,-221.42832810424326,-233.38079331040842,-244.18771281509822,-253.95887763326598,-262.79355629186244,-270.78150328945156,-278.00387091419105,-284.53403368522834,-290.4383337854806,-295.77675503941003,-300.6035323149776
1085,0.288671875,-39.29838184061223,-70.46278911487384,-98.64012113966061,-124.11678024792172,-147.15165675256716,-167.97880118488837,-186.8098196302407,-203.83603127759864,-219.23041578419662,-233.14937245313843,-245.73431005061494,-257.1130839934416,-267.4012955091117,-276.7034662370854,-285.1141001883209,-292.7186438898605,-299.5943544947794,-305.8110846836465,-311.43199231901957,-316.514182100092
1086,0.2890625,-41.26420245483273,-73.98860929223414,-103.57676395140143,-130.32918940968628,-154.51764016727464,-176.3878395072657,-196.16196649598038,-214.0409091718256,-230.2063036401517,-244.82237849250757,-258.03762276828223,-269.98629432518806,-280.7897836320226,-290.557846954155,-299.38972136308115,-307.3751328920275,-314.59520808108687,-321.1232981663618,-327.0257242648025,-332.36245115918297
1087,0.289453125,-43.20994962363057,-77.47632042609843,-108.45830118779998,-136.47079842611745,-161.7984697564978,-184.6986613272302,-205.40404119900407,-224.1249714631488,-241.0516493435983,-256.35604142629467,-270.193631697522,-282.70500176280376,-294.0172593162213,-304.24532965073655,-313.4931233185191,-321.85459184367375,-329.4146822391671,-336.25020003414943,-342.4305895650955,-348.0186394975446
1088,0.28984375,-45.14362615280933,-80.94457202179504,-113.31440554765979,-142.58190863106836,-169.0443871714028,-192.97066714915994,-214.60381614918228,-234.16360872208628,-251.84875735127272,-267.8389303615211,-282.296576743553,-295.368576353051,-307.18773193744215,-317.87411826438716,-327.5363019619952,-336.2724444575703,-344.1712992209228,-351.3131134390715,-357.77044325910043,-363.60889091723897
1089,0.29023437500000004,-47.05489078760642,-84.37038885213207,-118.10924637818884,-148.61438850509438,-176.19580122947002,-201.13372950719108,-223.68154461657596,-244.06832718767538,-262.5011987402955,-279.167427982769,-294.23633437602643,-307.8610089473728,-320.17986986641705,-331.3180688729976,-341.38876283785737,-350.4942634156776,-358.72707649715505,-366.1708420314765,-372.9011837509221,-378.98647747183907
1090,0.290625,-48.95344164620853,-87.77572407769203,-122.87732452716844,-154.6147768606604,-183.31047995250205,-209.25594797034287,-232.71476222501164,-253.92524490299292,-273.10287846564216,-290.44249393561785,-306.1202497705318,-320.29542134611177,-333.1120189163438,-344.70025060470203,-355.17784519412453,-364.651248148264,-373.2167030152774,-380.9612291977977,-387.9635059967463,-394.2946719479262
1091,0.291015625,-50.82727670968891,-91.13436423529276,-127.57807564751141,-160.52882594243962,-190.32145152195778,-217.25866403182852,-241.61414728740056,-263.6353472311676,-283.5459903119354,-301.54835860520336,-317.82534596779254,-332.5423167932321,-345.84878629566373,-357.87993968673106,-368.75800567595496,-378.5934982913902,-387.48633966405816,-395.5268751964538,-402.7967914103721,-409.369945842445
1092,0.29140625000000003,-52.68777446985801,-94.47153230871653,-132.25077554834618,-166.4092402707041,-197.29392120924342,-225.21857122498278,-250.46687893148336,-273.2953466756207,-293.9358946385108,-312.59821612553344,-329.4719074377272,-344.7283938799292,-358.5226711594438,-370.99487998416356,-382.2717297626825,-392.4677858638798,-401.68663351371924,-410.02193015287287,-417.55835691833676,-424.37247895502503
1093,0.291796875,-54.52129066146434,-97.7578170447463,-136.85018878705353,-172.19573958861858,-204.15363996323342,-233.04860148695073,-259.17419851115596,-282.7958607465939,-304.1535746006702,-323.46432361135885,-340.9242940219317,-356.71086861199177,-370.9844290984305,-383.8899857187772,-395.5586505534557,-406.10896959926106,-415.64812715486045,-424.273034770036,-432.07131580144915,-439.1221956231048
1094,0.2921875,-56.34086657956838,-101.02167230811818,-141.4203054897497,-177.94711272890282,-210.97314957743447,-240.8339238056645,-267.83279390274396,-292.2440468680869,-314.31568299871606,-334.27193455110347,-352.3155433261569,-368.629820232652,-383.38050743927266,-396.71746215167104,-408.77617902750626,-419.6791666895087,-429.53719232062184,-438.45040698664997,-446.5093630885431,-453.79593432246116
1095,0.292578125,-58.131236739026804,-104.23053439270942,-145.91128886541514,-183.59713990220646,-217.67103831398506,-248.47919492519728,-276.33462195248103,-301.52032360095615,-324.29217619454425,-344.88153016039587,-363.49756162288924,-380.3293982360616,-395.5480409224098,-409.3081013499423,-421.7493728045965,-432.9982504625565,-443.16901551971785,-452.3649962426028,-460.6796177139225,-468.1973509853231
1096,0.29296875,-59.90708515116808,-107.41604419958605,-150.37177555247266,-189.2106036119612,-224.32707260743467,-256.0779278898565,-284.78573006719654,-310.742127860821,-334.21081928535295,-355.43022979864406,-374.6159340884384,-391.96284601547933,-407.6471986475742,-421.8283346192884,-434.65032491449654,-446.24343251044013,-456.72543575212256,-466.20282490484146,-474.7718840082868,-482.51966906656986
1097,0.293359375,-61.65154865300434,-110.54253579436023,-154.747404290352,-194.71544670966216,-230.85280367791722,-263.52665143570704,-293.06895742227505,-319.77986396457754,-343.9307427598035,-365.76695439822583,-385.51034235048223,-403.3614875236181,-419.50174637450164,-434.0950936014753,-447.28978814477915,-459.2198794677427,-470.00656945014754,-479.7594437505767,-488.57758512311176,-496.55058004883807
1098,0.29375,-63.380931320632364,-113.64478830245875,-159.0913831873252,-200.18234539449142,-237.33509947207287,-270.9270782761487,-301.2995471683906,-328.7610668909594,-353.59062657297505,-376.04047723902096,-396.33869406322174,-414.69149331537,-431.28532722389326,-446.2887781575521,-459.8542712794836,-472.1196230654222,-483.2094414167841,-493.2363915981139,-502.3023408248362,-510.4993931749595
1099,0.29414062500000004,-65.07679833967015,-116.68408860452463,-163.3449104171122,-205.53351639372696,-243.67861073533143,-278.1677689392668,-309.35140179715614,-337.54632695951943,-363.0389930608143,-386.0883925257349,-406.92869410420485,-425.77162267477337,-442.8086105899619,-458.21274274119503,-472.1405151183854,-484.73342477741073,-496.1194073974104,-506.41413705590776,-515.7222013999615,-524.1381642042757
1100,0.29453125,-66.75704869614057,-119.6983003904262,-167.5656834539247,-210.84542052376776,-249.97717282838033,-285.3584787549468,-317.3487822124798,-346.2730801857892,-372.42522273769896,-396.0708975069567,-417.4503284788549,-436.7807163619036,-454.25844504950834,-470.0610767029744,-484.3491556362683,-497.2678393207037,-508.9483730778288,-519.5094234498329,-529.0582837560561,-537.6919641306201
1101,0.294921875,-68.4017043268166,-122.64572301833842,-171.69055054794043,-216.03466831683843,-256.1286830706303,-292.379971949915,-325.156848790215,-354.79231805526115,-381.58746363328146,-405.8145104354387,-427.71959141932524,-447.52524897033845,-465.43269616166253,-481.62386119333337,-496.2632357994049,-509.4995464500869,-521.4672653563425,-532.2879766536404,-542.0716116154983,-550.9175654998118
1102,0.29531250000000003,-70.03023154075989,-125.567246372047,-175.78160957544927,-221.1833872858282,-262.233799486101,-299.3498771192308,-332.90868840516697,-363.25116544969677,-390.68556615403133,-415.4906051002021,-437.91828467684354,-458.19645512362314,-476.5311291893435,-493.10857503999745,-508.09720859278934,-521.6493044923957,-533.9025431097832,-544.9814092896321,-554.9984570167089,-564.0554528986702
1103,0.295703125,-71.62113982882353,-128.4182465913705,-179.77145626088083,-226.20271040193845,-268.1838235018135,-306.14134619804724,-340.4609274562755,-371.49124508409477,-399.5475539734085,-424.9148917702806,-447.85097612034315,-468.5888237713124,-487.3391182608188,-504.2923505772498,-519.6207545643656,-533.4800567812159,-546.0110586241605,-557.3410668127038,-567.58518674079,-576.847491889256
1104,0.29609375,-73.19543281787601,-131.24257671442814,-183.7264931294666,-231.18030521069022,-274.0860805275077,-312.87969954708973,-347.9552733883847,-379.66914358557796,-408.3435005669966,-434.2696561003877,-457.71100240837427,-478.9056879333438,-498.0690366228419,-515.3957354356069,-531.0618122069914,-545.226423958603,-558.0334738176866,-569.6130729848202,-580.0828625601033,-589.5492087079784
1105,0.296484375,-74.730140708262,-133.99275850858345,-187.57516738218507,-236.0219642616116,-279.8254438720334,-319.43067263746354,-355.2400400103359,-387.6173595055998,-416.8915709180578,-443.36008512079644,-467.29180706510067,-488.92986856576533,-508.49409876587146,-526.1832577186989,-542.1770558055052,-556.6379795550558,-569.7129424435353,-581.5347774767621,-592.2235866849554,-601.8879612981619
1106,0.296875,-76.24777202966928,-136.7155404915427,-191.3880837115372,-240.82075981296651,-285.5157406383487,-325.9270840829597,-362.465336473963,-395.5016993212034,-425.3717987859505,-452.37909464020265,-476.7979628089638,-498.8764827298627,-518.8389575353686,-536.8881927838905,-553.2075568068426,-567.9628435942293,-581.3039571414191,-593.3664343828813,-604.272822140013,-614.1339221251274
1107,0.297265625,-77.72391311536538,-139.360663283725,-195.0896511645943,-245.4772893301161,-291.03559366057607,-332.2274601060022,-369.47139814971194,-403.1457960393489,-433.59277127071175,-461.12164935743084,-486.0121079240525,-508.5170189605262,-528.8650182545302,-547.262828450494,-563.8973593666964,-578.9376069591217,-592.5363702538295,-604.831803724108,-615.9488208478577,-626.0003631645676
1108,0.29765625,-79.1825426954694,-141.97769879849372,-198.75456771593215,-250.08988622474652,-296.5051561278888,-338.4719126243918,-376.4165042169826,-410.7244200254534,-441.7442044329298,-469.790997302885,-495.14973519503656,-518.0780460219227,-538.808866241874,-557.5528073016187,-574.5002952880453,-589.8235055173105,-603.6781117118554,-616.204867551956,-627.5310366220128,-637.7716853340082
1109,0.29804687500000004,-80.59784089593683,-144.51368404010063,-202.3033208782997,-254.5541062555991,-301.79698771618,-344.51197698391826,-383.13305826130346,-418.0526110809478,-449.6254031187697,-478.17219757104675,-503.98301349259356,-527.3200731380236,-548.4204663996145,-567.498559761529,-584.7481742776362,-600.3445547516309,-614.4461501544547,-627.1962234027446,-638.7243068146263,-649.1475180914364
1110,0.2984375,-81.99521964916072,-147.02093783156815,-205.81458664463025,-258.97339223238475,-307.0373822403762,-350.494842098508,-389.78726508679875,-425.31383353898906,-457.43547263015193,-486.47851639274506,-512.7380226699199,-536.4807706058458,-557.9479708137881,-577.3577158814187,-594.9071960280461,-610.7747024142677,-625.1214384521119,-638.0931575357899,-649.8216437815627,-660.42605087707
1111,0.298828125,-83.34749266334373,-149.443875196016,-209.20505357131537,-263.23841924907015,-312.0930327548994,-356.2652814430679,-396.2039550626426,-432.31481940993564,-464.9647453144417,-494.4854390611208,-521.1768139463254,-545.3100381614133,-567.1302901276536,-586.8592496312831,-604.6973501037082,-620.8258149815642,-635.408498863878,-648.5935522096689,-660.5149264479167,-671.2937348548807
1112,0.29921875000000003,-84.68146591987463,-151.83748123652006,-212.5572543980898,-267.4575800361975,-317.0961789554841,-361.9773339160454,-402.5570022246506,-439.2474439189356,-472.4214084456159,-502.4159208229576,-529.5357052198893,-554.0562806583193,-576.2267599773045,-596.2723806226428,-614.3967928931467,-630.7841288819063,-645.600873126621,-658.9975539943251,-671.1102729316272,-682.0620871754971
1113,0.29960937500000007,-85.96862863479139,-154.143634722026,-215.78420722815957,-271.51683767475504,-321.9078529573923,-367.4692506671207,-408.6639340978082,-445.910429647466,-479.58714561034554,-510.03621989260716,-537.5669975871381,-562.459174700078,-584.9656401341031,-605.3150451632342,-623.7141265425153,-640.3498069081,-655.3910938351804,-668.9907968879241,-681.2870800628259,-692.404865463226
1114,0.30000000000000004,-87.23713950174455,-156.41990223769233,-218.97217425100382,-275.5293676082369,-326.6660363080196,-372.9016828731759,-414.70602558416556,-452.5037665075654,-486.6789046092217,-517.5786362252729,-545.5168819879644,-570.777475966763,-593.617049112694,-614.2676364299862,-632.9390342830454,-649.8209317791953,-665.0848378747587,-678.8858238058028,-691.3640984907504,-702.6464329705702
1115,0.300390625,-88.45720719999598,-158.60571591515836,-222.03063725103638,-279.37659678703403,-331.22631455368474,-378.10660891526794,-420.4937829465909,-458.8184783094045,-493.4700572839053,-524.8005618451431,-553.1282918943498,-578.7410399811808,-601.8990155531134,-622.8374888081098,-641.7691810516582,-658.8864258982487,-674.3631233017845,-688.356506310326,-701.0087384490628,-712.4483580276307
1116,0.30078125,-89.65829971700147,-160.76113504994544,-225.04945482886754,-283.1763087959948,-335.73219822317566,-383.25104436065504,-426.215602191053,-465.0623609501761,-500.1859770244432,-531.9432827164899,-560.6569110790651,-586.6185735777728,-610.0920235693629,-631.3157358354212,-650.5053293152056,-667.855757643495,-683.5432897408627,-697.7273006038113,-710.5518904306091,-722.1473485944571
1117,0.301171875,-90.80939113403372,-162.8232385406467,-227.93471205778354,-286.80557735748346,-340.03404909326457,-388.1609540861593,-431.67526076650506,-471.0190620409623,-506.5920738065846,-538.7556992834551,-567.8367023853073,-594.1305284497118,-617.9043062445306,-639.3995621218932,-658.8346739367902,-676.407089717424,-692.2953336552755,-706.6608198403204,-719.6494921206173,-731.3933068153606
1118,0.3015625,-91.94121328974127,-164.85448576898034,-230.77972535320134,-290.3866125051108,-344.2806852597774,-393.0094603260945,-437.0679850157124,-476.90386269900534,-512.9217986515224,-545.4877109326655,-574.9324475390628,-601.555147534587,-625.6262799931526,-647.3903917629257,-667.0685918893136,-684.8607979300377,-700.9477669760864,-715.4929320396857,-728.6440624068601,-740.5347648862357
1119,0.30195312500000004,-93.02155356574629,-166.78969952821816,-233.48732805338318,-293.79232451177523,-348.317475775941,-397.6167832082594,-442.1911266400498,-482.49336854689767,-518.9329621091711,-551.8801145341523,-581.6695499012237,-608.6039107802777,-632.956833366207,-654.9757277490006,-674.884291610199,-692.884782941298,-709.1600748999044,-723.8755137291338,-737.1805985651328,-749.2105002696354
1120,0.30234375,-94.08236021281189,-168.69364288015117,-236.15415034845236,-297.14916120188366,-352.2983165420103,-402.16188430764777,-447.24644081211926,-488.01001338833174,-524.8667321749159,-558.1910367698976,-588.3214799700113,-615.5641671869246,-640.1958661683909,-662.4668187557571,-682.6032831664833,-700.8098326234248,-717.271433673532,-732.1553253430191,-745.6127181562468,-757.7803303453178
1121,0.302734375,-95.09028353353789,-170.4989829371699,-238.67992358143624,-300.3260652855809,-356.0638222681393,-406.45951620334546,-452.02516600259133,-493.22370542876257,-530.4736935978076,-564.1535708714434,-594.6055053739248,-622.1388702543676,-647.0333872074306,-669.5419685724438,-689.8932869318179,-708.2940983733923,-724.9313430437103,-739.9740443871799,-753.5750263113415,-765.8724657968943
1122,0.30312500000000003,-96.0784389675504,-172.27268663809943,-241.16444278092342,-303.4535274515461,-359.77272937686894,-410.6942038323628,-456.7352750295691,-498.3636880193661,-536.0023592449193,-570.0336724843962,-600.8033633109799,-628.6240314920144,-653.7783166934377,-676.5217698951682,-697.0854496130947,-715.6782692981991,-732.4891197484876,-747.6887881337466,-761.4316930610961,-773.8574533765379
1123,0.30351562500000007,-97.0123911656647,-173.94536925369027,-243.50449194309118,-306.3967250085338,-363.26114412941416,-414.67551806410864,-461.16221530763954,-503.19352709936476,-541.1964731022356,-575.5571433043638,-606.6246222759229,-634.7145367139836,-660.1122625021488,-683.0758242564409,-703.8385168634964,-722.6112757045892,-739.5848196670229,-754.9315887745969,-768.8074960629415,-781.3535115728786
1124,0.30390625000000004,-97.9263717134103,-175.58609836341424,-245.80287706975759,-309.2899902874221,-366.69239865416074,-418.59326256010485,-465.519856438611,-507.9489218297382,-546.3115093746179,-580.997357423785,-612.3588512276721,-640.7146029032489,-666.3526882248757,-689.5335732700204,-710.492760577543,-729.443181697283,-746.5773604223626,-762.0693687246875,-776.0765951918929,-788.7413440017274
1125,0.304296875,-98.7849127040681,-177.12354438749423,-247.9535939868177,-311.9949431426007,-369.89834358657987,-422.2521202834717,-469.58818585693643,-512.3874607833633,-551.0847668384993,-586.0732483137288,-617.7083679614161,-646.3115193527506,-672.1732925311475,-695.5564265338611,-716.6984788277903,-735.8142388406535,-753.0979101257202,-768.725083396143,-782.8545204091382,-795.629766900102
1126,0.3046875,-99.62330907052147,-178.62876901283295,-250.0623010820382,-314.6495503025837,-373.0466547402288,-425.84688070893606,-473.5866398448763,-516.7509350765515,-555.7782865940931,-591.0651863725001,-622.970125986863,-651.8172386271018,-677.8995919841855,-701.4821656133563,-722.8045429485926,-742.0833453137777,-759.5144326393442,-775.2748932929277,-789.5248431609552,-802.4090523301787
1127,0.305078125,-100.40511504918163,-180.0286078231587,-252.02036951990425,-317.11208764129526,-375.96518655935984,-429.177640290312,-477.29008541509404,-520.7913301018897,-560.1233277749803,-595.6856708284445,-627.8396520985356,-656.911936464618,-683.1978800609179,-706.9645312211693,-728.4533436960415,-747.8826297699218,-765.449778214225,-781.3332596833241,-795.6944398569373,-808.6792188279605
1128,0.30546875,-101.16663448261647,-181.39600700554223,-253.9361470897101,-319.52394343742907,-378.8256998251503,-432.443873716763,-480.9231868434001,-524.75615568255,-564.3880938074035,-600.2216354553848,-632.62082575843,-661.914819189617,-688.401223467508,-712.3491230458952,-734.0018128337076,-753.5792699144049,-771.2803883540058,-787.2849998585003,-801.7557007259659,-814.8395037271711
1129,0.30585937500000004,-101.87049997695621,-182.65608018106067,-255.69854789324387,-321.7402682684433,-381.45231845066525,-435.4413994745279,-484.25603825526167,-528.3921769453259,-568.2982191569885,-604.3795892438046,-637.0028530381751,-666.4994430337455,-693.169026037604,-717.28254791062,-739.0849863830185,-758.7978399740259,-776.6213783140779,-792.7366768100156,-807.307456249899,-820.4817461168184
1130,0.30625,-102.5539682867172,-183.8835455163731,-257.41844197816124,-323.9056538241506,-384.02062314997283,-438.374069623066,-487.51818514834287,-531.9522403272972,-572.1276554761491,-608.4525862612393,-641.2960700408235,-670.9917750389568,-697.8413901124644,-722.1176897050889,-744.06730505795,-763.913229824998,-781.857085527952,-798.081169923908,-812.7503090107364,-826.0135315602395
1131,0.306640625,-103.17880799988781,-185.00191013934,-258.9824576896672,-325.87234878793737,-386.35127859908386,-441.0337396853612,-490.4753035072553,-535.1782814931756,-575.5968360389928,-612.1415983204492,-645.183841948792,-675.0592559867349,-702.0713558496062,-726.4945671464313,-748.5770138495305,-768.5430391773749,-786.5954848187765,-802.9177517282687,-817.6756633563483,-831.0191503257131
1132,0.30703125000000003,-103.78317132879113,-186.08754896490848,-260.5038163333522,-327.78792522294714,-388.62341456653166,-443.6283245489679,-493.3614658093805,-538.3280932339188,-578.9850378258419,-615.7453473331713,-648.982482312423,-679.0341102466053,-706.2055359486955,-730.7728032541257,-752.9854994491238,-773.06929091767,-791.2282157518231,-807.6467566701122,-822.4917152202951,-835.9139063837198
1133,0.30742187500000007,-104.32802177480119,-187.06248055275174,-261.86703529729505,-329.501957755953,-390.65451307400184,-445.9460378379186,-495.938291401944,-541.139179941926,-582.0079243513236,-618.9597294639584,-652.3700041924984,-682.5781765602106,-709.8911425916998,-734.5863844995928,-756.9147899090736,-777.1032008168278,-795.3567182028879,-811.8607857785664,-826.7830739690993,-840.2751833547096
1134,0.30781250000000004,-104.85234822578032,-188.0046188685007,-263.18751263748624,-331.1647713357749,-392.62697676596076,-448.1985366570344,-498.44401873688264,-543.8738831099047,-584.9496670664035,-622.0886735463863,-655.6682104556943,-686.0294238776266,-713.4807638235537,-738.3011178810799,-760.7426445361459,-781.0333349415328,-799.3793291477587,-815.9670103758635,-830.964898527571,-844.5253622480096
1135,0.308203125,-105.31636932060839,-188.83461421013376,-264.3478329602479,-332.62349864550134,-394.3553866786361,-450.1707196141602,-500.63657850737206,-546.2656811264941,-587.5215987766957,-624.8234697337069,-658.5502593578683,-689.0446112593498,-716.6163288604727,-741.5455231199095,-764.0854584651499,-784.465125897223,-802.8915694365735,-819.5519896106262,-834.615645283811,-848.2355732368673
1136,0.30859375,-105.75985045064785,-189.6317993555754,-265.4653929783757,-334.0309855013,-396.0251367698269,-452.0776592661546,-502.75800728475275,-548.5810590562703,-590.0123465011678,-627.4727843011661,-661.3429459301631,-691.9669300495556,-719.6558562618446,-744.6910258825955,-767.3267797875087,-787.7930823526367,-806.297857734007,-823.0291022658669,-838.1567943585829,-851.8346213797347
1137,0.308984375,-106.14232667359738,-190.31557860406008,-266.4210254606112,-335.2321582573245,-397.4481929230341,-453.7012708484838,-504.5629203916131,-550.5498803389055,-592.1293576131036,-629.723777650782,-663.7150779222918,-694.4485892928604,-722.2365448879484,-747.3612525013854,-770.0779628474907,-790.6174628442539,-809.1884203056266,-825.9795039255692,-841.1613000229399,-854.8880456074583
1138,0.309375,-106.50427861747367,-190.9665812918055,-267.33394483752096,-336.38214798584625,-398.81265458006203,-455.2597107305024,-506.29677924091095,-552.4423625634186,-594.1652694319437,-631.8893772503578,-665.9979382437804,-696.8374730766199,-724.7212912187001,-749.9326739673543,-772.7277524128114,-793.3381095661514,-811.9731330848398,-828.8221425395959,-844.0563127550749,-857.8304128464916
1139,0.30976562500000004,-106.80462023265095,-191.50309013641095,-268.083416005754,-337.3239141277951,-399.9281628069937,-456.53224755385475,-507.71126277294667,-553.9851714946386,-595.824095859073,-633.6530971139393,-667.8564959190254,-698.7817779191253,-726.7431245017322,-752.0246049975108,-774.8830628293456,-795.5507249755626,-814.2375612928772,-831.1334177283568,-846.4099450236322,-860.2223425951552
1140,0.31015625,-107.08448491123468,-192.0069066061461,-268.79028713391756,-338.21463358000614,-400.98523217904716,-457.73978470829377,-509.0548782428124,-555.4518399633348,-597.4020325480769,-635.3316425353286,-669.6260099542823,-700.6335431628353,-728.6692583978012,-754.0179801392048,-776.9372347562714,-797.6598668111095,-816.3964046020069,-833.3371990191591,-848.6543573624194,-862.5034918518942
1141,0.310546875,-107.30222880970301,-192.3953177850867,-269.33244135750056,-338.89554098025866,-401.79147246662563,-458.6592846489493,-510.07675122391385,-556.5662577199354,-598.6001165993881,-636.6053695071955,-670.9681276973558,-702.0374957962864,-730.1291190083757,-755.5283901866975,-778.4933494286292,-799.2573056957876,-818.0312071292801,-835.0057842006573,-850.3534874014306,-864.2302392486007
1142,0.31093750000000003,-107.49957468336531,-192.7511711712737,-269.83217426429087,-339.5256166876424,-402.5395195669478,-459.5140570567182,-511.0280514479308,-557.6048508014755,-599.7176449326269,-637.7942723658226,-672.2215667678834,-703.349286969958,-731.4936702437607,-756.9406450734369,-779.9487360202236,-800.7516901680181,-819.5608518364988,-836.56730972811,-851.9438382409834,-865.8466527573487
1143,0.31132812500000007,-107.63438511374527,-192.99088577507072,-270.1661755754199,-339.94461543786446,-403.035248763874,-460.07910234042834,-511.65573827043875,-558.2891590991381,-600.4531393386005,-638.5760425633989,-673.0451752655081,-704.2107227586259,-732.3893073617612,-757.8672053951642,-780.9032557514233,-801.7314896300135,-820.5635081896038,-837.5906323337182,-852.9858463976745,-866.9055555778523
1144,0.31171875000000004,-107.74890788612527,-193.19822736929748,-270.45799969230694,-340.31307584046243,-403.47312011294525,-460.57979193959807,-512.2132563253043,-558.8980752465861,-601.1085360311807,-639.273469494135,-673.780606470337,-704.9805169615947,-733.1901716596567,-758.6961621719099,-781.7576126254555,-802.6088122050921,-821.4615953741979,-838.5074940025761,-853.9196831810832,-867.8547405812599
1145,0.312109375,-107.80057701773191,-193.28887584063364,-270.58333317994465,-340.4695200011792,-403.65757400051916,-460.7895115026546,-512.4457893734005,-559.1512192004031,-601.3803070186408,-639.5620778265559,-674.0844361549968,-705.2981080443584,-733.5202047194344,-759.0374445502658,-782.1090661137565,-802.9694619882326,-821.8305600762512,-838.8839767104519,-854.3029633407879,-868.2441666776306
1146,0.3125,-107.83210013095565,-193.34738598141294,-270.6667985906805,-340.5757970204241,-403.7845944927146,-460.93534632093576,-512.608665651817,-559.3295195414909,-601.5725615135641,-639.7669534483049,-674.3007254959726,-705.5247182758583,-733.7561471541649,-759.2818249583116,-782.3610758307764,-803.2283698005936,-822.0957048415127,-839.1547606625842,-854.5788460240782,-868.5246594554958
1147,0.312890625,-107.80054825711179,-193.2888284880865,-270.5832709242928,-340.46944528060385,-403.6574885670642,-460.7894167032296,-512.4456862948438,-559.1511087501272,-601.380189971957,-639.5619548571004,-674.0843078539772,-705.2979749353382,-733.520067268987,-759.0373031757813,-782.1089211897165,-802.9693138517538,-821.8304090308201,-838.8838230302682,-854.302807273636,-868.2440084474997
1148,0.31328125,-107.74902306993775,-193.19841689565328,-270.4582488415925,-340.31337492499864,-403.47346219338095,-460.5801716868215,-512.21366943051,-558.8985180992572,-601.1090055310092,-639.2739629351199,-673.7811214627924,-704.9810513801451,-733.1907236047788,-758.6967299396706,-781.7581946836294,-802.6094071742504,-821.4622020100976,-838.508111183284,-853.9203098939622,-867.8553759118033
1149,0.31367187500000004,-107.63429884706694,-192.99074374144402,-270.1659888371334,-339.94439130756837,-403.03499249673007,-460.07881797663396,-511.6554290701812,-558.2888277843655,-600.4527882352562,-638.5756736922514,-673.0447904001719,-704.2103234697803,-732.3888950491216,-757.8667813108959,-780.9028210190156,-801.7310452607775,-820.5630550940174,-837.5901713344106,-852.985378237997,-866.9050809297751
1150,0.3140625,-107.49980480940546,-192.75154982415228,-269.83267203086865,-339.526214211452,-402.54020298364605,-459.5148157195164,-511.02887674879696,-557.6057355275775,-599.718582890561,-637.7952581498762,-672.2225956043465,-703.3503546131454,-731.4947728991383,-756.9417793372097,-779.9498988316315,-800.7528787714738,-819.5620637465152,-836.5685427035235,-851.9450902589414,-865.8479219910367
1151,0.314453125,-107.30208515629467,-192.3950812663381,-269.33213039286693,-338.8951677465851,-401.79104571509,-458.6588111075667,-510.07623632188773,-556.5657059900983,-598.5995319153121,-636.6047552340349,-670.9674867888158,-702.0368308680978,-730.1284323915299,-755.527683966472,-778.4926254760613,-799.2565656949877,-818.0304525965263,-835.005016505933,-850.352707782649,-864.2294488248239
1152,0.31484375000000003,-107.08482966796358,-192.00747387422763,-268.79103284954914,-338.2155287451674,-400.9862560235644,-457.7409212819688,-509.0561146497585,-555.4531653977537,-597.4034377315511,-635.3331193692632,-669.6275512870656,-700.6351426338872,-728.6709103223629,-754.0196794179162,-776.9389768037403,-797.6616474989961,-816.3982202067344,-833.3390461831722,-848.6562330551714,-862.5053933365602
1153,0.31523437500000007,-106.80441944746941,-191.50275955336022,-268.0829813713094,-337.3233924624144,-399.927566342881,-456.5315856949014,-507.7105431075755,-553.9844003582236,-595.8232786656937,-633.6522385667063,-667.855600146156,-698.7808485764203,-726.7421648469555,-752.023617945014,-774.8820509941252,-795.5496907111855,-814.2365067185093,-831.1323447586866,-846.4088553886969,-860.221237858942
1154,0.31562500000000004,-106.50473749054143,-190.96733632902408,-267.33493739123867,-336.3833394601871,-398.8140173303047,-455.26122352680966,-506.298424918719,-552.4441267399303,-594.1671397575695,-631.8913429454706,-665.9999897894604,-696.8396020068,-724.7234899667433,-749.934935745834,-772.7300711184944,-793.3404797039285,-811.9755496985498,-828.8246011602433,-844.0588093488395,-857.8329437705605
1155,0.316015625,-106.14206905584415,-190.3151544488813,-266.42046780248216,-335.23148893505163,-397.4474276319954,-453.7004216546612,-504.56199703156676,-550.5488909412071,-592.128309124492,-629.7226761052744,-663.7139286165408,-694.4473969173438,-722.2353136223097,-747.3599860846907,-770.0766646348256,-790.6161358550339,-809.1870672587565,-825.9781272775913,-841.1599019933892,-854.8866282029096
1156,0.31640625,-105.76042270895537,-189.63274095771922,-265.46663078436546,-334.03247137842516,-396.02683624300005,-452.07954585989467,-502.7600595934696,-548.5832591433575,-590.0146789659918,-627.4752357004414,-661.3455043931639,-691.9695850185308,-719.658598300544,-744.6938465265514,-767.3296714256188,-787.7960381318627,-806.300871473689,-823.0321683928507,-838.1599078422946,-851.8377776772936
1157,0.316796875,-105.31605527481724,-188.8340971490418,-264.34715315522845,-332.622682720061,-394.35445376730297,-450.16968442631344,-500.6354529125863,-546.264475033765,-587.5203206545965,-624.822126937456,-658.548858344146,-689.0431577458439,-716.6148279419348,-741.5439793540788,-764.0838759418293,-784.4635082966876,-802.8899200730912,-819.5503114786294,-834.613941088699,-848.2338454245489
1158,0.3171875,-104.85303300049475,-188.00574560597929,-263.1889938172507,-331.16654936178605,-392.62901038550746,-448.2007941892739,-498.4464745677657,-543.8765157762078,-584.9524581399764,-622.0916069405464,-655.6712719659549,-686.0326008706053,-713.4840450076364,-738.3044931275662,-760.7461047376386,-781.0368718973241,-799.3829354620624,-815.9706793798148,-830.9686242014049,-844.5291391556369
1159,0.31757812500000004,-104.32765175356697,-187.06187132976424,-261.866234320741,-329.50099639548756,-390.6534138762111,-445.9448181348405,-495.93696517955846,-541.1377588757506,-582.0064184200409,-618.9581473335456,-652.3683534706229,-682.5764639837616,-709.8893741632927,-734.5845655891796,-756.9129253354312,-777.101294915767,-795.3547748793591,-811.8588085606607,-826.7810660442016,-840.2731476045866
1160,0.31796875,-103.78396750396536,-186.08885899882787,-260.50553846305775,-327.78999248167077,-388.62577899120106,-443.6309493054004,-493.36432111748667,-538.3311541395339,-578.9882829042299,-615.7487578810806,-648.9860418154852,-679.037804017088,-706.2093508585566,-730.7767275274567,-752.989522497602,-773.0734032066088,-791.2324086827678,-807.6510224897224,-822.4960469296954,-835.9182976627451
1161,0.318359375,-103.17838256836883,-185.00120968465754,-258.9815367644737,-325.8712434606155,-386.3500147944149,-441.03233733202865,-490.473778686632,-535.1766476297072,-575.5951046063543,-612.1397792821139,-645.1819440517678,-675.0572869767922,-702.0693226278964,-726.4924758867895,-748.5748700922281,-768.5408479069714,-786.593250524841,-802.9154784670452,-817.6733547922157,-831.0168097718049
1162,0.31875000000000003,-102.55487468713306,-183.88503691413428,-257.4204025219893,-323.9080072766566,-384.02331490885143,-438.3770577551933,-487.52143575137205,-531.9557249927742,-572.1313498139732,-608.4564689788801,-641.3001223380525,-670.9959801950716,-697.845733181981,-722.1221572819398,-744.0718850881742,-763.917911453721,-781.8618589664866,-798.0860263455969,-812.7552404476778,-826.0185308173095
1163,0.31914062500000007,-101.8700198127453,-182.65528961089848,-255.69750848965376,-321.73902074229744,-381.4508920643896,-435.43981672217666,-484.254317288193,-528.3903329155847,-568.2962650147905,-604.3775362339937,-637.0007110328606,-666.4972207749431,-693.1667313135974,-717.2801876889273,-739.082566916222,-758.7953668871547,-776.6188566738774,-792.7341111941247,-807.3048507935808,-820.4791045590672
1164,0.31953125000000004,-101.16764967707572,-181.39767741024968,-253.93834294633666,-319.5265793574867,-378.82871465258785,-432.44722048619525,-480.9268275842959,-524.7600585781367,-564.3922315407275,-600.2259841792343,-632.6253644168092,-661.9195290557064,-688.4060878022863,-712.3541268346073,-734.0069425758074,-753.5845134524653,-771.2857347247544,-787.2904391758884,-801.7612240658273,-814.8451030309404
1165,0.319921875,-100.40458084537633,-180.02772827690407,-252.0192131334382,-317.11069970858233,-375.96359963734864,-429.17587940685615,-477.28817076610073,-520.7892785467315,-560.1211537212514,-595.6833867873776,-627.8372690532802,-656.9094641410637,-683.1953271233386,-706.9619054208074,-728.4506519883888,-747.879878412898,-765.4469728444432,-781.3304053929037,-795.6915412461427,-808.6762800563024
1166,0.3203125,-99.62443146599848,-178.63061580144787,-250.06472880069367,-314.65246454501573,-373.0499878920434,-425.8505808466646,-473.59066498993076,-516.7552500547899,-555.782861204636,-591.0699942517622,-622.9751438565144,-651.822445784013,-677.9049699223519,-701.4876977331747,-722.8102143241451,-742.0891425045992,-759.520343524949,-775.280906943383,-789.5309497099897,-802.4152428685632
1167,0.320703125,-98.78432527336257,-177.1225772026453,-247.95232237565278,-311.99341691388304,-369.8965985429162,-422.25018394914514,-469.58608044222905,-512.3852048297649,-551.0823761891819,-586.0707367273814,-617.7057475154902,-646.3088007421591,-672.1704852827966,-695.5535391707575,-716.6955189975512,-735.8112134244233,-753.0948253212428,-768.7219448020937,-782.8513330836327,-795.626535416714
1168,0.32109375,-97.92759955849178,-175.58811865234543,-245.80553285709334,-309.2931782959991,-366.69604491669764,-418.5973102764442,-465.52425968810167,-507.95364213637856,-546.3165137010842,-581.0026169317672,-612.3643404532081,-640.7202991995804,-666.3585713481367,-689.5396250618977,-710.4989647101884,-729.4495234683883,-746.5838265732908,-762.0759472987604,-776.0832753962316,-788.7481160904334
1169,0.32148437500000004,-97.01175143009435,-173.94431594862175,-243.5031071057144,-306.39506288557214,-363.25924371393984,-414.67340933426226,-461.15992245358814,-503.19107031571326,-541.193869642789,-575.5544081533982,-606.6217685859231,-634.7115761317674,-660.1092054018619,-683.0726799190614,-703.8352936163724,-722.6079810408899,-739.5814603355476,-754.9281708714661,-768.8040250958713,-781.3499925220553
1170,0.287109375,-31.299585252472802,-56.1207627684666,-78.56284664576982,-98.8539506475108,-117.20027325821691,-133.78822758377112,-148.78634989307557,-162.34701838548372,-174.6080043764002,-185.69387350828893,-195.71725201885005,-204.77997144212628,-212.974103342536,-220.38289484789482,-227.08161446028805,-233.13831677265753,-238.61453388428455,-243.56590054214288,-248.04271934990575,-252.09047182026276
1171,0.28750000000000003,-33.32055568198582,-59.74533003243783,-83.63761804565523,-105.24007898604685,-124.77214752225987,-142.43224108651447,-158.39976669296087,-172.83693969058731,-185.89042998216385,-197.6928512048986,-208.36410749605176,-218.0126114515701,-226.7363853428933,-234.62405689379813,-241.75575963506884,-248.20394697892195,-254.03412828541454,-259.30553438948186,-264.07171933241034,-268.3811044411218
1172,0.321875,-96.07977041280778,-172.2748773846448,-241.16732264021473,-303.4569844322241,-359.77668327087497,-410.6985930485042,-456.74004977431855,-498.36880657259144,-536.007785782634,-570.0393757366486,-600.8093156663627,-628.6302083940934,-653.7846961907144,-676.5283322977419,-697.0921772156412,-715.6851461584,-732.4961314893322,-747.6959217896832,-761.438936928684,-773.8647968877078
1173,0.28671875,-29.268581140271085,-52.4799756159585,-73.46685846709718,-92.44237339006924,-109.59926729460373,-125.1118274016305,-139.13764314309176,-151.81920332127004,-163.2853419297728,-173.65254613268337,-183.02613919233033,-191.50135029240076,-199.1642818176839,-206.09278403134846,-212.35724593636718,-218.02131035116125,-223.14252046604048,-227.7729044383317,-231.95950394970336,-235.7448521238598
1174,0.28632812500000004,-27.22469001782559,-48.81438210834946,-68.33470991575773,-85.9840926944938,-101.94188565026349,-116.37023353401553,-129.4157311841188,-141.2109187568709,-151.8756310813081,-161.51821650730764,-170.23663834477125,-178.11947056063505,-185.24679780388905,-191.69102914796915,-197.51763378707378,-202.78580619421288,-207.5490675216704,-211.85580935443494,-215.74978533309474,-219.2705556722969
1175,0.2859375,-25.17147656041013,-45.13370086663045,-63.182818296363806,-79.50212832573582,-94.25739290369519,-107.59850030146316,-119.66097937736846,-130.56737267965644,-140.4284796402029,-149.34448133538305,-157.4059577518732,-164.69480782476427,-171.285081288673,-177.24373090680774,-182.63129261966859,-187.502500519337,-191.90684289898795,-195.88906501473045,-199.4896236537694,-202.74509815360486
1176,0.285546875,-23.107816266448875,-41.432733178844686,-58.001205976108224,-72.98165345646143,-86.52631099406,-98.77280496911197,-109.84556275040755,-119.8570820833267,-128.9090765333896,-137.09351009214043,-144.49353208892865,-151.18432234865028,-157.23385511989997,-162.70358977202076,-167.64909524245056,-172.12061461061094,-176.1635755560061,-179.8190518853156,-183.12418081110357,-186.1125402510064
1177,0.28515625,-21.035559358078537,-37.717833169674186,-52.80135472590452,-66.43929664819491,-78.7701803315724,-89.91926398041528,-99.99980690373205,-109.11421644397514,-117.35508662661934,-124.80613796847061,-131.54306751282274,-137.6343176640455,-143.14177132731365,-148.12138052962396,-152.62373480700316,-156.69457512921252,-160.37525858493345,-163.70317853511813,-166.71214449105864,-169.43272560134142
1178,0.284765625,-18.955311916156134,-33.987197942339776,-47.578268333709254,-59.86668174327374,-70.9773189777281,-81.02307583623814,-90.10602035961143,-98.31843441838991,-105.74375347909064,-112.45741537266798,-118.52762723724446,-124.01605883353353,-128.97846919811528,-133.46527323017165,-137.5220539269787,-141.19002550310566,-144.50645211903716,-147.5050264702982,-150.2162120785357,-152.66755278967025
1179,0.284375,-16.867206838589222,-30.24380729048236,-42.33847526803095,-53.27402035679042,-63.16150980780262,-72.10137861936614,-80.1844419135841,-87.49281392247744,-94.10074049195208,-100.07535248844367,-105.4773472926214,-110.36160524506276,-114.77774700265661,-118.77063758232242,-122.3808421102929,-125.64503790481079,-128.59638708047038,-131.2648734452501,-133.67760710272734,-135.85909987716818
1180,0.283984375,-14.773579841346649,-26.489256897471357,-37.0819684344248,-46.65939992986079,-55.318885065945004,-63.14841498334768,-70.22754101302178,-76.62818685822802,-82.41538123456442,-87.64791949232826,-92.37896140756683,-96.65657158624822,-100.52420787633042,-104.02116297056982,-107.18296364030634,-110.04173168587077,-112.6265102900694,-114.9635590855851,-117.07662093062075,-118.98716312879459
1181,0.28359375000000003,-12.672846297838445,-22.72314763261396,-31.81031292089968,-40.02659934882435,-47.455448765664165,-54.17231809999199,-60.245438256714195,-65.73650374327948,-70.70129774441745,-75.19025796542292,-79.24898853348803,-82.91872310404193,-86.2367435743382,-89.23675877271594,-91.94924686720397,-94.40176497081794,-96.6192290905261,-98.62416724850769,-100.43694833882206,-102.07598906596206
1182,0.283203125,-10.569067967895618,-18.95047132268386,-26.528490807492926,-33.38017268191652,-39.5751534221797,-45.17638383419166,-50.2407758763046,-54.819784182873136,-58.95993044853541,-62.7032768843618,-66.0878539354159,-69.14804694051844,-71.91494554993467,-74.41665966336394,-76.67860504640343,-78.72376155559955,-80.57290661356846,-82.2448262997054,-83.75650619901347,-85.1233039718071
1183,0.2828125,-8.458945139166103,-15.167450513884695,-21.233101355631895,-26.717460197112718,-31.676214824440333,-36.15972774721762,-40.2135404460973,-43.87883257556411,-47.19283864566436,-50.18922542943648,-52.898433482457754,-55.34798619586198,-57.56276922140072,-59.56528322237106,-61.375872413555115,-63.01293121173339,-64.49309109761624,-65.83138957104525,-67.04142290921948,-68.13548429964287
1184,0.28242187500000004,-6.348259348966053,-11.382465479918146,-15.934108151826765,-20.049475606969335,-23.770399741304875,-27.134693960117993,-30.176543094688206,-32.926853370670905,-35.41356772819659,-37.6619503818332,-39.69484380509123,-41.53290104968565,-43.19479562998356,-44.697411309055376,-46.0560136573892,-47.28440515441448,-48.395065425250735,-49.39927802923737,-50.30724508764725,-51.128190937116365
1185,0.28203125,-4.232000889516446,-7.5883662662171405,-10.623149858418723,-13.367124620358242,-15.848138408317126,-18.091381657455443,-20.119636202539457,-21.95350334910005,-23.61161151969471,-25.110804643538952,-26.466312767576593,-27.69190657972293,-28.800037114465955,-29.8019621757685,-30.70786065593848,-31.52693591271978,-32.267509256067456,-32.93710447678411,-33.54252427074599,-34.08991935326803
1186,0.281640625,-2.117662166589911,-3.7969086874350317,-5.315156240007741,-6.687863676633147,-7.928993811329522,-9.051164342969898,-10.065780264876787,-10.983151738380478,-11.812599862662852,-12.56255189981427,-13.24062712998155,-13.853714472011095,-14.408042510955035,-14.90924283957309,-15.36240729474631,-15.77213969630638,-16.142602629173677,-16.477559734205972,-16.780413938025916,-17.054242030357393
1187,0.28125,0.0014688051492257512,0.002418704574860522,0.0031817846001733806,0.0038221192342769855,0.004374721522115484,0.004860072669828113,0.0052911116936494185,0.005676647665320648,0.006023069064976871,0.006335262446815995,0.006617173002902421,0.006872049275578635,0.007102672511457649,0.007311456690410484,0.007500527005985485,0.007671775597844066,0.007826894074573876,0.007967401772226922,0.008094673383856938,0.008209949731094882
1188,0.280859375,2.1162003042729163,3.7945026747622137,5.311991272127047,6.684060469954381,7.924638065733969,9.046321522817406,10.060503271860117,10.977485113832133,11.806582163404178,12.556217105570303,13.234005602290477,13.84683349004924,14.400926717344502,14.901914545375352,15.354886722203931,15.764445186410208,16.13475081170113,16.469565678956616,16.77229130325894,17.04600318595805
1189,0.28046875,4.23493624280606,7.593199960590772,10.629508543440448,13.37476299491835,15.856881143539898,18.101094355389893,20.13021032328839,21.964847957263313,23.623648446855125,25.12346548668893,26.47953700788715,27.70564019028247,28.814231626447178,29.816573944477284,30.722850283706162,31.542267783179412,32.28315113341411,32.95302716150428,33.55870131057704,34.10632677566933
1190,0.280078125,6.346799754435277,11.380063200374144,15.93094809312483,20.045678294713404,23.76605073840574,27.129858625615416,30.17127424502304,32.921195475718406,35.40755928342157,37.65562531342097,39.6882324273447,41.52603059979621,43.18769071306299,44.69009420253303,46.04850455328041,47.27672236649971,48.38722555878293,49.39129613188711,50.29913479769906,51.11996460641807
1191,0.27968750000000003,8.461873722933051,15.172273066336231,21.239445391086853,26.7250809833073,31.684937439846777,36.16941810681147,40.22409026299128,43.89015112643985,47.20484794426493,50.201857231821705,52.911627410253054,55.361688347109734,57.57693123900393,59.57986156188675,61.3908277674822,63.02822804494006,64.50869724756814,65.84727590435796,67.0575630333542,68.15185429601944
1192,0.279296875,10.567612905974581,18.948076504537504,26.525340560805056,33.37638715094003,39.57081789606281,45.17156346147015,50.23552330302054,54.81414373607366,58.95394050104692,62.69697125535292,66.08126284477488,69.14119754151592,71.9078623727058,74.40936491811318,76.67111886472689,78.7161021968883,80.56509063405474,82.23686870282783,83.7484205831302,85.11510265271181
1193,0.27890625,12.67576361470822,22.727951641080093,31.81663257483672,40.034190862822946,47.46413789618432,54.18197128281684,60.255947626021076,65.74777892868875,70.71326106280976,75.20284143756089,79.26213201472336,82.93237290034769,86.25085151454208,89.251281479197,91.96414518250317,94.41700349498163,96.63477578294436,98.63999308583706,100.45302702790579,102.09229677801167
1194,0.27851562500000004,14.772131571832324,26.486873260787853,37.07883289199188,46.65563205450333,55.314569736564664,63.14361703302422,70.22231283242557,76.62257256034563,82.40941900842003,87.64164299669683,92.37240072082874,96.64975373589226,100.51715728011723,104.01390173794542,107.17551181230891,110.03410744037114,112.61873010982599,114.95563790773998,117.06857229368879,118.97899929453003
1195,0.278125,16.87010840320456,30.248585372497587,42.34476083374571,53.281570944527466,63.17015212189559,72.1109798237546,80.19489473115549,87.50402847632016,94.11263952279099,100.08786838714825,105.49042024134147,110.3751818405027,114.79177933360769,118.78508250441753,122.39566067586499,125.66019490291575,128.61185064097594,131.28061469867515,133.69359989487344,135.87532050479572
1196,0.277734375,18.953872684129582,33.98482918281686,47.57515235531199,59.862937358461444,70.97303051953452,81.01830771803431,90.10082463230596,98.3128549101793,105.73782813446999,112.45117763702838,118.52110700071074,124.00928295626166,128.97146194836867,133.45805658335357,137.51464780365524,141.18244797269807,144.4987195665595,147.4971537446961,150.2082126387123,152.65943882548896
1197,0.27734375,21.03844070988824,37.722577983625676,52.80759655045955,66.44679472021352,78.77876257165228,89.9287984868568,100.01018715484408,109.12535319605729,117.36690316427345,124.81856715748643,131.55604995469784,137.6478003285512,143.15570663682888,148.13572563909386,152.6384510379674,156.7096275132655,160.39061547070108,163.71881125055708,166.7280270602825,169.4488344822157
1198,0.276953125,23.106388304976747,41.43038297246037,57.998114395764176,72.97793836636093,86.52205604646707,98.76807405398624,109.84040749493435,119.85154596053586,128.90319718282092,137.0873206930705,144.48706229670563,151.1775988147477,157.22690192614016,162.69642872663997,167.6417461157713,172.11309533680583,176.15590239818908,179.81123958244103,183.11624272278834,186.10448847745647
1199,0.2765625,25.174333279012554,45.13840513728625,63.18900681495605,79.50956239928948,94.26590193507205,107.60795352763562,119.671271197196,130.57841462103693,140.4401956504703,149.35680485901827,157.4188299013456,164.70817602441872,171.2988983673581,177.25795438417146,182.64588414527034,187.51742542029538,191.92206979047762,195.90456546527898,199.50537190475615,202.7610708591954
1200,0.276171875,27.22327555934286,48.81205413061805,68.33164756850101,85.98041270620085,101.93767085764483,116.36554719988746,129.41062442787506,141.20543462585485,151.86980684953218,161.51208503505015,170.23022900593782,178.11280975652767,185.23990939281964,191.68393473776456,197.51035296793506,202.77835673816378,207.5414655456803,211.84806946559027,215.74192077197665,219.26257843162003
1201,0.27578125000000003,29.271408856114864,52.48463215223868,73.47298422683448,92.4497321181031,109.60769013905984,125.12118494007255,139.147830858055,151.83013364891764,163.29693959752913,173.66474526616597,183.0388815054252,191.5145837444777,199.1779597159976,206.1068643247882,212.3716906605584,218.03608518103917,223.15759433049425,227.78824918902836,231.9750940837316,235.76066452641868
1202,0.275390625,31.298186501736918,56.118460649126106,78.55981830579445,98.85031149439398,117.19610517999432,133.78359311368462,148.78129955975908,162.34159474102006,174.60224426952092,185.68780942811517,195.71091301182454,204.77338361846918,212.9672903004938,220.3758779621065,227.07441311137438,233.13094854396846,238.6070147227391,243.5582449013898,248.03494033201676,252.08258129287557
1203,0.275,33.323350049885626,59.74993168271037,83.64367164358696,105.2473510794523,124.78047126598766,142.4414885996049,158.4098347040144,172.84774168014238,185.90189157465255,197.70490730915813,208.37670051752485,218.02568996484035,226.7499032053277,234.63797254786297,241.77003556032287,248.21854925024638,254.0490261924331,259.3207001094397,264.08712765643014,268.39673252006264
1204,0.27460937500000004,35.324837907085346,63.33833656570349,88.66685549191592,111.5677902577503,132.27383158783962,150.99535440176024,167.92256468121647,183.22743584408687,197.06545763453678,209.57721661797285,220.88982490502616,231.1182116848937,240.36629099282527,248.7280174567968,256.2883408609406,263.12406920933086,269.3046490549359,274.89287104760064,279.9455078565315,284.5138909441366
1205,0.27421875,37.32390904000223,66.9231011286404,93.68538655465008,117.8826862230329,139.76084991709476,159.54215777386764,177.42758203318243,193.59883099068682,208.22019628154362,221.4402226915342,233.39321774255296,244.20061636151058,253.97221477261542,262.8072860240707,270.79558859547035,278.0182783206049,284.54873288908374,290.4532973317396,295.7919580512828,300.618952243364
1206,0.273828125,39.29702097123085,70.46054935575536,98.63717480917215,124.11323956718304,147.14760132161553,167.974291777755,186.8049053511375,203.83075348452957,219.22481030063682,233.14347087343643,245.72814063180985,257.10667214405885,267.39466420048893,276.6966362817396,285.10709046167256,292.71147152042914,299.5870350195597,305.8036321864106,311.4244195679399,316.50650066128605
1207,0.2734375,41.26691727868386,73.99308002333984,103.58264541929826,130.33625484737536,154.5257275161277,176.39682456342206,196.17174896058268,214.05140501691213,230.21744063015586,244.83409340482294,258.0498596582591,269.9990032352009,280.80291973189776,290.5713698639485,299.4035946215201,307.38932352817767,314.6096862452246,321.1380368125109,327.0406988855945,332.37763953928976
1208,0.273046875,43.20861087871215,77.47411708826853,108.455402754551,136.46731525754134,161.79448011635986,184.6942249621772,205.39920638137625,224.11977885360048,241.04613416688085,256.35023475421525,270.1875613261237,282.69869269083745,294.01073414892113,304.23860887234827,313.4862255094476,321.84753386680404,329.40747939210075,336.2428661846531,342.4231372863398,348.0110801795527
1209,0.27265625,45.146294920360454,80.94896695047433,113.3201873524188,142.58885441576066,169.0523376489058,192.9795002446985,214.61343328501948,234.17392731284679,251.85970640043897,267.85044772836113,282.3086074387017,295.38107126873314,307.2006470033699,317.88741378242685,327.54994208413575,336.28639676531543,344.1855343628539,351.32760481895673,357.78516677572804,363.62382472224215
1210,0.272265625,47.053576246838844,84.36822535925484,118.10640034469898,148.61096825512226,176.19188356496332,201.12937305083997,223.67679673067843,244.06322777002634,262.49578236064133,279.1617251412713,294.23037236441473,307.8548123161367,320.17346082026353,331.3114675370532,341.3819874697991,350.48733058777276,358.7200012451107,366.1636379867511,372.8938632733496,378.97905175878947
1211,0.27187500000000003,48.95606026218113,87.78003646390499,122.88299780762783,154.62159235435726,183.31828139035537,209.2646155959732,232.72419933483795,253.93537048249303,273.11362286748044,290.4537961971011,306.13205594249365,320.30768324618305,333.1246933016446,344.7132985195096,355.1912314582137,364.66494094465395,373.2306735351416,380.9754513346216,387.9779560915664,394.3093285519454
1212,0.271484375,50.82598842654123,91.13224396829422,127.57528646123345,160.5254739525804,190.31761194477488,217.2543942706651,241.6094937172591,263.63034892220963,283.5406811232332,301.5427684166887,317.8195015240162,332.5362421583329,345.8425032397472,357.8734679452674,368.7513631564664,378.58670125078413,387.47940285386966,395.51981199173116,402.7896139394566,409.3626650936587
1213,0.27109375,52.690338923117444,94.47575555119967,132.25633162656217,166.41591505616415,197.3015616924543,225.2270601533611,250.4761216254594,273.3052638171092,293.9464180371642,312.6092860908269,329.4834711438049,344.7404041437791,358.53508563167435,371.00766051077204,382.28484188459356,392.481198413651,401.7003182684572,410.0358615348977,417.57251174625185,424.38683621151205
1214,0.27070312500000004,54.52003063110541,97.75574328801821,136.84746076684942,172.19246104424562,204.14988440484927,233.04442500594251,259.16964642032553,282.79097122571847,304.1483807442469,323.4588546320713,340.9185760756804,356.7049252397228,370.97828160269125,383.88365341585035,395.5521509741894,406.1023186612747,415.6413393039747,424.2661231054507,432.06429220245616,439.11507085312013
1215,0.2703125,56.34337291024966,101.02579988895783,141.42573579433375,177.95363651364127,210.98061733076545,240.8422209619698,267.84182795468143,292.2537403183131,314.32596922063897,334.2827552196286,352.3268468211033,368.6415604436632,383.39264297595514,396.72995572054066,408.78899694354646,419.6922784824312,429.55057039643947,438.46402633530215,446.52320104121935,453.8099703249609
1216,0.269921875,58.13000689866129,104.22851033481149,145.90862620279833,183.5939398344202,217.66737252812638,248.4751181108451,276.3301782876396,301.51555031424476,324.2871055637101,344.8761906853836,363.4919788308317,380.32359510907736,395.54203826361845,409.3019180278839,421.74302594779545,432.9917556262126,443.1623868231074,452.3582464902794,460.67275851915116,468.1903928712806
1217,0.26953125,59.90952949180539,107.4200697531299,150.37707171256477,189.2169663446443,224.33435613188584,256.0860205063176,284.794541585303,310.7515827253551,334.2208525377401,355.44078457028894,374.62696004525714,391.9742981913357,407.65903667504045,421.8405221228091,434.66282903476036,446.2562235208158,456.7384867294841,466.2161114446126,474.7853839884339,482.5333624268989
1218,0.269140625,61.65035090454677,110.54056456621491,154.74481110214947,194.71233006110256,230.84923331825462,263.52268056445473,293.06462901128316,319.7752142315329,343.9258031143784,365.76175258286054,385.50490322405165,403.35583347432424,419.4958976746667,434.089068643777,447.2836036301446,459.2135505661882,470.00010993388736,479.7528661110015,488.57090069073837,496.5437990914991
1219,0.26875,63.38330992911638,113.64870567050613,159.09653710773412,200.18853735789207,237.34218765377628,270.934954015236,301.3081227312993,328.7702687817557,353.60039160168674,376.0507500813744,396.3494257487594,414.70264009114925,431.29684980710636,446.300641145894,459.86644268909436,472.1320739581562,483.22214558079713,493.2493252707949,502.3154824638694,510.5127232439163
1220,0.268359375,65.07563454761711,116.68217327597543,163.34239074101805,205.5304880133471,243.67514134960965,278.1639101710916,309.34719534218436,337.54180796579203,363.03419201950953,386.0833363777924,406.92340700141943,425.7661263769244,442.8029248077324,458.2068853637454,472.1345023941688,484.7272714688915,496.11312690955515,506.40774154872884,515.715701904777,524.131570718714
1221,0.26796875000000003,66.75935790046556,119.70210352917118,167.57068718684093,210.8514321744937,249.984054749378,285.36612549399104,317.3571086302545,346.2820149608989,372.43470454778287,396.08087265854215,417.4607494414757,436.79154066375855,454.2696345531597,470.07259703388115,484.36097573502576,497.2799310818502,508.96071104063657,519.5219845296072,529.0710470226634,537.7049106007256
1222,0.267578125,68.40057628311243,122.64386653914765,171.68810826178193,216.0317328596119,256.1253199827679,292.3762311945544,325.1527707196585,354.7879366916645,381.5828085010645,405.8096076319552,427.71446435216524,447.5199187378703,465.4271818834502,481.61818022858995,496.25740392032407,509.49357799021595,521.4611733341112,532.2817728802743,542.0653068073951,550.9111693701954
1223,0.2671875,70.03246779178271,125.57092944047727,175.78645544130293,221.18920940421415,262.240464600337,299.3572831499047,332.91675293993774,363.2598194529565,390.6947502665728,415.50026734278947,437.92837903266326,458.20694046754954,476.5419685879012,493.11973519898174,508.1086594245078,521.6610187666919,533.914496155456,544.9935787345711,555.0108225742669,564.067996166885
1224,0.26679687500000004,71.62004930010616,128.4164518706717,179.7690951920231,226.19987246533378,268.1805719728734,306.13772929811347,340.45698412786675,371.48700816776636,399.5430519789593,424.9101499097085,447.84601702016255,468.5836678357006,487.3337839889251,504.2868547720648,519.6151124981843,533.4742823374144,546.005164415447,557.3350642842023,567.5790862783406,576.8413029075499
1225,0.26640625,73.19759270029077,131.246134092549,183.7311737414561,231.1859289307954,274.0925186956791,312.88685361458994,347.9630637974158,379.6775036931739,408.35237306883676,434.2789908115541,457.7207548963904,478.91581848263223,498.079509560102,515.4065185974007,531.0728765226823,545.2377431142042,558.0450239683671,569.6248325043023,580.0948118352493,589.5613299453211
1226,0.266015625,74.72908938329756,133.99102832664184,187.57289118665315,236.0192282353463,279.8223089235358,319.42718516793326,355.2362374891719,387.61327353869103,416.88722895503884,443.35551144858294,467.287023494078,488.9248947747647,508.48895260579144,526.1779554113426,542.1716121008211,556.6324078660421,569.7072549589541,581.5289852591853,592.2176997748085,601.8819887981807
1227,0.265625,76.24985220580213,136.71896668579808,191.39259184530493,240.826176459858,285.52194193588923,325.93397516753816,362.4728407673228,395.50975267783565,425.380346046485,452.3880874927061,476.8073584747571,498.88624296471716,518.8490479814277,536.8985824580711,553.2182177001647,567.9737503490514,581.3150867755154,593.3777660485077,604.2843369270679,614.1456028753121
1228,0.265234375,77.72290261650575,139.35900031132724,195.0874633539697,245.47465942995842,291.03258011459826,332.22410742005076,369.4677422592969,403.1418672647914,433.58859595782314,461.1172508299625,486.00750714266553,508.51223484884224,528.8600679885262,547.2577276468634,563.8921222315352,578.9322464156772,592.5308980494524,604.8262305230534,615.9431563308949,625.9946161096105
1229,0.26484375,79.18453997303386,141.98098855547417,198.75889646518362,250.09508750780466,296.5111110721905,338.4785301991264,376.4237109428443,410.7321543544481,441.7524134365834,469.7996346172849,495.15875976154376,518.0874211265805,538.8185588949672,557.5627877476918,574.510536622293,589.8339833767301,603.6888040113652,616.2157542535136,627.5420995466957,637.7829079841091
1230,0.264453125,80.59687277573296,144.51209083294472,202.3012248122313,254.5515865142871,301.7941001848678,344.5087642011753,383.1295545706742,418.0488454685581,449.6214007849224,478.1679808399758,503.978602443169,527.3154859101556,548.4157194689099,567.4936681167411,584.7431515604865,600.3394133771307,614.4409014118755,627.190877542979,638.7188731451946,649.1420050531508
1231,0.26406250000000003,81.9971309283792,147.02408604897724,205.8187292983752,258.9783700919548,307.0430816097262,350.50117592317156,389.7941631026542,425.32123689304785,457.4433307086526,486.4867848530065,512.746662237999,536.4897461555845,557.9572507750726,577.3672717725894,594.9170020899937,610.784735316039,625.1316770395048,638.1035826109124,649.8322379241599,660.436798274859
1232,0.263671875,83.34656840959755,149.44235420331788,209.20305246953046,263.2360135314896,312.09027565853506,356.26221347031276,396.200608909438,432.3112226816231,464.96092202588994,494.4814105022199,521.1725992834391,545.3056547234395,567.1257536654523,586.8545744838001,604.6925493286249,620.8209004679535,635.4034814269631,648.5884416725669,660.5097317318774,671.288464051845
1233,0.26328125,84.68328825707268,151.84048306986506,212.56120458666246,267.4623268249198,317.1016140021676,361.9833742788221,402.56358096480335,439.2545049708551,472.42890358963706,502.42380780693713,529.5439466157756,554.0648429821916,576.2356131273407,596.2814974346596,614.406148793013,630.7937016061086,645.6106424837499,659.0075016554443,671.120382261153,682.0723430700598
1234,0.26289062500000004,85.9677496627709,154.14218827346053,215.7823041527408,271.5145496560322,321.90523049873815,367.4663321692386,408.6607505561655,445.9070072423574,479.5835071332953,510.03238556609404,537.5629856358632,562.4550016160158,584.9613209202296,605.3105934879342,623.7095548607683,640.3451265662367,655.3863151592199,668.9859292595315,681.2821320046164,692.3998447070989
1235,0.2625,87.23887005612168,156.42275301066277,218.97592582253728,275.53387593675035,326.6711985761458,372.9074203832707,414.7122748295506,452.5104742994705,486.6860251990205,517.5861295185742,545.5247124619812,570.7856118326473,593.6254617841773,614.2763001027685,632.9479256061105,649.8300295908376,665.0941229773516,678.8952787673403,691.3737074855704,702.6561816270267
1236,0.262109375,88.45637485445506,158.60434622431484,222.02883511127962,279.37442995874136,331.2238307253912,378.10384432375383,420.4907668366097,458.8152353941377,493.4666090955237,524.7969275072968,553.1244886623837,578.7370834855375,601.8949200269064,622.8332672294515,641.7648452550939,658.8819866714156,674.3585904670999,688.3518887950167,701.0040443653663,712.4435947367908
1237,0.26171875,89.65993584139386,160.7638304067573,225.05300205795177,283.18057179231215,335.73707985372675,383.25647029447725,426.2215124524573,465.0687053100762,500.19271227645834,531.9503709860805,560.664318803553,586.6262707121647,610.0999830865645,631.3239333301497,650.5137426947326,667.8643668796484,683.552076658384,697.7362486934395,710.560984699896,722.1565754245213
1238,0.261328125,90.80860671952132,162.82194775611993,227.93301368062535,286.80353511555086,340.0317077814352,388.1583477168755,431.6724167848698,471.0160036519126,506.588821247626,538.7522705486723,567.8331137335125,594.1267946256515,617.9004406898783,639.3955771051199,658.8305806545426,676.4028983830134,692.2910535733603,706.6564594709229,719.6450591540498,731.388808231778
1239,0.2609375,91.94275249239467,164.8570216101758,230.7830628525781,290.39062370425927,344.2852788598354,393.0145664782709,437.0735473684591,476.9098340607797,512.928138424939,545.494383521515,574.9394213922574,601.5623943967754,625.6337744373868,647.3981108196725,667.0765147570937,684.8689057440607,700.956042610292,715.5013599317796,728.6526284194769,740.5434561730108
1240,0.260546875,93.02081831017476,166.78848967177555,233.48573609865375,293.790410050862,348.3152806364982,397.6143391211827,442.1884592045999,482.4904994211934,518.9299102029756,551.876896682934,581.6661813417473,608.6004053489313,632.9532036929165,654.9719853744208,674.88044707686,692.8808458732904,709.1560540708535,723.8714171198611,737.1764334331805,749.2062732042674
1241,0.26015625000000003,94.08380012167032,168.6960153009224,236.1572729836712,297.152914438623,352.3026150598026,402.1666628488391,447.2516467378701,488.01560261923856,524.8726667868369,558.1972835004877,588.3280093291642,615.5709527529049,640.2028841535919,662.4740476616612,682.6107035149261,700.8174267411239,717.279185509416,732.1632203050192,745.6207429830514,757.7884729820321
1242,0.259765625,95.08959855259914,170.49785584454986,238.67844046083033,300.32428149864506,356.0617766083229,406.457238068173,452.02267910382784,493.2210298429372,530.4708468773133,564.1505686670707,594.6023618775687,622.1355983737922,647.0299987426736,669.5384743201087,689.8896967658843,708.2904213153787,724.9275873243589,739.9702174974304,753.5711350662714,765.8685163861243
1243,0.28671875,-29.268581140271085,-52.4799756159585,-73.46685846709718,-92.44237339006924,-109.59926729460373,-125.1118274016305,-139.13764314309176,-151.81920332127004,-163.2853419297728,-173.65254613268337,-183.02613919233033,-191.50135029240076,-199.1642818176839,-206.09278403134846,-212.35724593636718,-218.02131035116125,-223.14252046604048,-227.7729044383317,-231.95950394970336,-235.7448521238598
1244,0.259375,96.07977733473585,172.2748919382961,241.16734568402737,303.4570168784616,359.7767261203485,410.6986473304472,456.74011644057174,498.368886446706,536.0078794985864,570.039483689124,600.8094380846302,628.6303452882725,653.7848474014569,676.5284975210128,697.0923560320639,715.6853380557723,732.496335893109,747.6961380657486,761.4391644152054,773.8650349073877
1245,0.25898437500000004,97.01175752053923,173.94432667229378,243.50311995435445,306.3950746544543,363.25925110502226,414.6734093845742,461.1599127575146,503.19104914020926,541.1938359005846,575.5543613014119,606.6217085967556,634.7115033182324,660.1091203425382,683.0725833698949,703.8351864413673,722.6078641531823,739.5813346627681,754.9280373082723,768.8038844978303,781.3498456905294
1246,0.0,-31.299585252472802,-56.1207627684666,-78.56284664576982,-98.8539506475108,-117.20027325821691,-133.78822758377112,-148.78634989307557,-162.34701838548372,-174.6080043764002,-185.69387350828893,-195.71725201885005,-204.77997144212628,-212.974103342536,-220.38289484789482,-227.08161446028805,-233.13831677265753,-238.61453388428455,-243.56590054214288,-248.04271934990575,-252.09047182026276
1247,0.0,-33.32055568198582,-59.74533003243783,-83.63761804565523,-105.24007898604685,-124.77214752225987,-142.43224108651447,-158.39976669296087,-172.83693969058731,-185.89042998216385,-197.6928512048986,-208.36410749605176,-218.0126114515701,-226.7363853428933,-234.62405689379813,-241.75575963506884,-248.20394697892195,-254.03412828541454,-259.30553438948186,-264.07171933241034,-268.3811044411218
1248,0.25859375,97.92760648921337,175.58813317045104,245.8055558073418,309.2932105829484,366.6960875371615,418.59736425914815,465.5243259857934,507.9537215753782,546.3166069180132,581.0027243247719,612.3644622545572,640.7204354229284,666.3587218370329,689.5397895156158,710.4991427126121,729.449714510615,746.5840300840626,762.0761626475256,776.0835019246709,788.748353124906
1249,0.0,98.7843313792941,177.12258793848966,247.95233526169235,311.99342878089647,369.89660612559493,422.250184310311,469.58607119201565,512.385184242244,551.0823431754224,586.0706907370508,617.7056885090276,646.3087290180466,672.1704014033139,695.5534438756202,716.6954131348411,735.8110978922706,753.0947010334035,768.7218126409733,782.8511938939231,795.6263899904777
1250,0.0,99.6244383950287,178.63063026738124,250.06475163536788,314.65249664587634,373.05003025220867,425.85063449450604,473.5907308791515,516.7553290145371,555.782953874159,591.0701010327554,622.9752649842915,651.8225812758202,677.9051196247559,701.4878613488987,722.8103914404545,742.0893326160651,759.5205460637412,775.2811212826697,789.531175195132,802.4154788297308
1251,0.258203125,98.7843313792941,177.12258793848966,247.95233526169235,311.99342878089647,369.89660612559493,422.250184310311,469.58607119201565,512.385184242244,551.0823431754224,586.0706907370508,617.7056885090276,646.3087290180466,672.1704014033139,695.5534438756202,716.6954131348411,735.8110978922706,753.0947010334035,768.7218126409733,782.8511938939231,795.6263899904777
1252,0.2578125,99.6244383950287,178.63063026738124,250.06475163536788,314.65249664587634,373.05003025220867,425.85063449450604,473.5907308791515,516.7553290145371,555.782953874159,591.0701010327554,622.9752649842915,651.8225812758202,677.9051196247559,701.4878613488987,722.8103914404545,742.0893326160651,759.5205460637412,775.2811212826697,789.531175195132,802.4154788297308
1253,0.257421875,100.40458702670347,180.02773912609834,252.01922619584874,317.1107118464675,375.963607614428,429.17588030843604,477.2881622151236,520.7892588218328,560.1211217295269,595.6833419692749,627.837211355268,656.9093938456582,683.1952447750966,706.9618117419348,728.4505478098641,747.8797646168207,765.4468503297295,781.3302750288545,795.6914038658126,808.6761364417562
1254,0.25703125,101.16765670922037,181.39769200118243,253.9383659095682,319.5266115769367,378.82875711166076,432.44727420734375,480.92689351706287,524.7601375498685,564.392324189059,600.2260909056682,632.6254854562881,661.9196644259868,688.4062373502458,712.3542902639921,734.0071194750697,753.5847033177251,771.2859369898453,787.2906532161426,801.7614492288955,814.8453386495494
1255,0.256640625,101.87002609050674,182.65530060936896,255.69752177793885,321.73903321253886,381.45090050782943,435.4398182452864,484.2543095255867,528.39031414952,568.2962341475453,604.3774926961471,637.0006547562944,666.4971520256456,693.1666506179582,717.2800957512403,739.0824645499742,758.7952549581054,776.6187360657796,792.7339827629054,807.3047153604186,820.4789628958038
1256,0.25625000000000003,102.55488179920279,183.88505159227952,257.4204255630043,323.9080395524511,384.02335739427633,438.37711146770295,487.5215016371013,531.9558038779303,572.1314423351299,608.4565755379333,641.300243170067,670.9961153187596,697.8458824450195,722.1223203895534,744.0720616304129,763.9181009286805,781.8620608100229,798.0862399355682,812.7554651343704,826.0187659363145
1257,0.255859375,103.17838891810992,185.00122079208117,258.98155022372833,325.87125619504684,386.3500236239251,441.0323393853153,490.47377161100036,535.1766297120282,575.5950747450053,612.13973689874,645.18188906448,675.0572196357741,702.0692434420987,726.4923855432401,748.5747693874888,768.5407376910065,786.5931316666885,802.9153518096878,817.6732211453462,831.0166698973788
1258,0.25546875,103.78397464695703,186.08887368317625,260.50556147195834,327.7900246782311,388.62582134441396,443.6310028300281,493.36438675826685,538.3312327233115,578.988375068099,615.7488640288277,648.9861621836209,679.0379386264648,706.209499558818,730.7768900263633,752.9896983877564,773.0735919890027,791.2326097960769,807.6512353150915,822.4962708207497,835.9185319585649
1259,0.25507812500000004,104.32765813026798,187.06188247136728,261.8662478489039,329.50100926741936,390.6534229428225,445.9448205492031,495.9369586036781,541.137741602971,582.0063893465657,618.9581058737365,652.3682995302875,682.5763977985836,709.8892962260469,734.5844765707471,756.9128260164438,777.101186131328,795.3546574845849,811.8586833863302,826.7809338891986,840.273009221567
1260,0.2546875,104.85304013215762,188.00576022691692,263.1890166998589,331.1665813632124,392.6290524712597,448.2008473734358,498.44653979542784,543.8765938763722,584.9525497516292,622.0917124706531,655.6713916536107,686.0327347398153,713.4841929110256,738.3046547763425,760.7462797277843,781.0370597335291,799.3831355865067,815.9708911775919,830.9688470300896,844.5293723583402
1261,0.254296875,105.31606165447202,188.8341082853585,264.3471666987321,332.6226956632107,394.35446299322683,450.16968711357066,500.6354467389616,546.2644583000681,587.520292255833,624.8220862816454,658.5488053256321,689.0430925865389,716.6147511191868,741.5438915232679,764.0837778682284,784.4634008010883,802.8898039971286,819.5501876413068,834.6138102784746,848.2337083851052
1262,0.25390625,105.76042983488156,189.63275552600675,265.4666535568186,334.03250320614893,396.02687808775704,452.0795987347174,502.76012444339943,548.5833367991014,590.0147700680506,627.4753406586391,661.345623448873,691.969718198608,719.6587454604314,744.6940073807368,767.3298455733201,787.7962250813887,806.3010706706131,823.0323792261538,838.1601296734614,851.838009853411
1263,0.253515625,106.14207544199031,190.31516558672328,266.4204813712893,335.2315019622465,397.4474370326268,453.7004246325239,504.561991280069,550.5488747684772,592.1282814243177,629.7226362793473,663.71387654775,694.4473328138065,722.2352379460186,747.3598994755489,770.0765678427598,790.6160296865697,809.1869525420332,825.9780048198473,841.1597725726659,854.8864925538995
1264,0.253125,106.50474460762297,190.96735084078765,267.3349600495819,336.3833711106351,398.8140589311176,455.261276090049,506.29848938938625,552.4442039503334,594.1672303496953,631.8914473319658,666.0001082139357,696.8397344989036,724.7236363847857,749.9350958076033,772.7302444264792,793.3406657701304,811.9757479719651,828.8248110338055,844.0590301880146,857.8331749264582
1265,0.252734375,106.80442581863312,191.5027706575135,268.082994917705,337.32340551469775,399.9275758491248,456.531588885166,507.7105376918762,553.984384652874,595.8232515641897,633.6521994652593,667.8555489169701,698.7807854144772,726.7420901995912,752.0235324372333,774.8819553610284,795.5495857455328,814.2363932353405,831.1322235538588,846.408727230179,860.2211034727222
1266,0.25234375000000003,107.08483674650937,192.0074882809291,268.79105532853544,338.21556013849727,400.9862972877467,457.74097342953394,509.0561786269013,555.453242039371,597.4035276821062,635.333223045073,669.6276689347569,700.635274286578,728.6710558419462,754.0198385260949,776.9391491068493,797.661832513286,816.3984173850981,833.3392549229561,848.6564527262493,862.5056232944327
1267,0.251953125,107.30209149544338,192.3950923090581,269.33214387942144,338.8951807778577,401.79105527309423,458.658814449443,510.07623117506597,556.5656906797818,598.5995053354998,636.604716776142,670.9674363150122,702.0367685607878,730.1283586839832,755.5275994692753,778.4925309099394,799.2564618393396,818.0303402536322,835.0048964605837,850.3525807930306,864.2293156084479
1268,0.2515625,107.49981183550251,192.75156410376192,269.8326943016609,339.52624531318736,402.540243871992,459.5148674081378,511.0289401856316,557.6058115504482,599.71867214685,637.7953610598892,672.222712418038,703.350485367363,731.4949174596837,756.9419374299591,779.950070067034,800.7530626702887,819.5622597657515,836.5687502451643,851.9453086974797,865.8481506865407
1269,0.25117187500000004,107.634305119326,192.99075466499806,270.1660021852508,339.94440422048183,403.0350019922998,460.07882134079375,511.6554240494106,558.2888127141631,600.4527620115875,638.5756357030048,673.0447404986741,704.2102618269196,732.3888220851127,757.8666976227834,780.9027273139567,801.7309423055407,820.5629436787522,837.5900522334205,852.9852522002103,866.904948664671
1270,0.25078125,107.74902998212538,193.19843094616377,270.4582707654828,340.3134055637884,403.473502505445,460.58022268999173,512.2137320771515,558.8985932323795,601.10909380313,639.2740647724061,673.7812371202721,704.9811808999535,733.1908668581178,758.6968866578939,781.758364482525,802.6095895801946,821.4623964852252,838.5083171351378,853.9205267024964,867.8556029424082
1271,0.250390625,107.80055444315505,193.28883926076102,270.58328409098925,340.4694580220273,403.65749793796334,460.78942001922286,512.44568132235,559.1510938356887,601.3801640143918,639.5619172414756,674.0842584254841,705.2979138539768,733.5199949425304,759.0372201882369,782.1088282351607,802.9692116847434,821.8302984297534,838.8837047592989,854.3026820727312,868.2438770183644
1272,0.25,107.83210696584261,193.34739986551995,270.6668202549379,340.575827306133,403.78463435907895,460.9353967880429,512.6087276746904,559.3295939665315,601.5726489970264,639.7670544207647,674.3008402163065,705.5248467903548,733.7562893384774,759.2819805483671,782.3612444469449,803.2285509741557,822.0958980391222,839.1549652967967,854.5790614798132,868.5248851030191
1273,0.24960937500000002,107.80058314703251,193.2888865126433,270.58334623461724,340.46953265781013,403.65758334910026,460.7895148869064,512.4457845783495,559.1512045823231,601.3802814783287,639.562040745289,674.0843873690606,705.2980477021316,733.520133215667,759.0373624553288,782.1089741081495,802.9693608138032,821.830450499231,838.8838594844476,854.3028391964345,868.2440363085212
1274,0.24921875000000002,107.7489146577541,193.19824111171138,270.4580211319541,340.3131058178187,403.47315958744827,460.579841932795,512.2133177941204,558.898149039907,601.1086228084589,639.2735696896142,673.7807203462012,704.9806445677722,733.1903128758488,758.6963167382062,781.7577801665152,802.6089922567747,821.4617874074461,838.5076974347498,853.9198974018678,867.8549649656247
1275,0.248828125,107.63439115609593,192.99089629630168,270.16618844958,339.94462792462116,403.0352579901754,460.07910567953047,511.6557335273335,558.2891446408433,600.453114069334,638.5760058615842,673.0451269595757,704.2106629862294,732.3892365055154,757.867124012528,780.903164510068,801.7313892596222,820.5633994448223,837.5905159581204,852.9857231129913,866.9054260699528
1276,0.2484375,107.49958131686685,192.75118464724343,269.8321953090873,339.5256461457393,402.5395584023667,459.51410629608444,511.02811205332756,557.6049236269972,599.71773064366,637.7943714024818,672.2216793978039,703.3494132486243,731.4938100566964,756.9407981664658,779.9489020237972,800.7518686238517,819.5610422210619,836.5675114646835,851.9440507250107,865.846875369411
1277,0.248046875,107.30223476737339,192.39532815993257,269.33245405743986,338.89555330508927,401.7914815801529,458.6592879536939,510.0767465446974,556.5662434342851,598.6000916150441,636.6053331995914,670.9680798871086,702.0374366103456,730.1290488172599,755.5283095349494,778.4932589711534,799.2572061500576,818.0310992383844,835.0056686981544,850.3533650001258,864.2301106266294
1278,0.24765625000000002,107.08449150853757,192.00691998795924,268.79030802129745,338.2146628154117,400.9852707256587,457.73983359257727,509.05493842724957,555.4519123026977,597.4021177098899,635.3317409618438,669.6261219153803,700.633668716633,728.6693974330416,754.0181324050595,776.9373998869207,797.6600443521505,816.3965940337528,833.3373997692892,848.6545688307355,862.5037134233356
1279,0.24726562500000002,106.80462616312141,191.50310046203464,268.08342866511373,337.32392645720455,399.9281720039825,456.532251047171,507.71125840461156,553.9851576502036,595.8240714478568,633.6530615064062,667.8564489263515,698.7817196560723,726.7430553253928,752.0245254382763,774.8829735283047,795.5506266369202,814.2374546472846,831.1333034985495,846.4098239127268,860.2222152728644
1280,0.246875,106.50428516585895,190.96659455908824,267.3339655404238,336.38217696582836,398.8126928003895,455.25975921799056,506.29683895886996,552.4424343674639,594.1653539921784,631.8894750112744,665.9980494777628,696.8375978446298,724.7214294129241,749.9328253404901,772.7279166030197,793.3382861230255,811.9733214927408,828.8223422307912,844.0565231338686,857.8306333023243
1281,0.246484375,106.14233254676672,190.31558883049397,266.42103801108715,335.23217050645536,397.4482021038076,453.701274417256,504.5629162089474,550.5498667994823,592.1293336291336,629.723742588713,663.715031584889,694.4485317836131,722.236476551363,747.3611738544326,770.0778745181755,790.6173655240467,809.1883147133104,825.9793907735626,841.1611800050937,854.8879193854433
1282,0.24609375,105.75985691309984,189.63181244720073,265.4654134139032,334.03101412374906,396.02517454486764,452.0777072227255,502.7580663885623,548.5811301649929,590.0124302888391,627.472881215473,661.3430562470045,691.9670538336419,719.655993409641,744.6911761510682,767.3269428195532,787.7932577024137,806.2980448905348,823.0293006665635,838.1570034127344,851.8348404817243
1283,0.24570312500000002,105.31637514435059,188.83462435128783,264.34784542132587,332.62351083893276,394.35539587254476,450.1707232920373,500.6365745479821,546.2656679332374,587.5215752646045,624.8234352649257,658.5502137266508,689.0445545578134,716.6162614204541,741.5454454448619,764.0853711699704,784.465029660504,802.891464965174,819.551877606601,834.6155264316625,848.2354481901477
1284,0.24531250000000002,104.85235464086952,188.0046318504105,263.18753289723315,331.1647997159256,392.62701423278486,448.1985842396221,498.44407740152286,543.8739537144887,584.9497502874812,622.0887698332863,655.6683200865766,686.0295469198087,713.4809001767561,738.3012673056121,760.7428066788797,781.0335093603903,799.3795153357801,815.967207775065,830.9651065516858,844.5255802958887
1285,0.244921875,104.32802752419768,187.06249056747916,261.86704761293635,329.50196982430464,390.65452219983473,445.9460415330453,495.9382875644877,541.1391669849709,582.0079011938584,618.9596954646562,652.3699591379958,682.5781205320607,709.891075909795,734.5863076545154,756.9147035032544,777.1031055164414,795.3566147033541,811.8606747720235,826.7829561310634,840.2750593309376
1286,0.24453125,103.78317762298754,186.08756171469025,260.50383625040496,327.78795315424793,388.62345148334225,443.6283714841881,493.3615237331532,538.328163007137,578.9851201302795,615.7454426220265,648.9825908682512,679.034232141264,706.2056710869066,730.7729514011274,752.9856602572673,773.0694639498897,791.2284005063914,807.6469525947633,822.4919217341886,835.9141228910623
1287,0.244140625,103.17881363935437,185.00191996858163,258.9824697794292,325.8723606315714,386.35128753998015,441.03374326540205,490.475299645575,535.1782686140543,575.5968130667956,612.1415646116691,645.1837972836474,675.0592004373178,702.0712897248476,726.4944909249317,748.576928122061,768.5429445984017,786.5953820729286,802.9176414983393,817.6755463093824,831.019027100126
1288,0.24375000000000002,102.55397447698317,183.88355806367267,257.41846159464757,323.9056813604898,384.020659581539,438.3741159857474,487.5182424153257,531.9523093617607,572.12773696425,608.4526806594313,641.296177635427,670.9918959058274,697.8415241608229,722.1178367046639,744.0674646661472,763.9134016094596,781.8572689918797,798.0813645204513,812.7505141642515,826.0137466800716
1289,0.24335937500000002,101.87050551098537,182.65608983309625,255.69855976920795,321.7402799029806,381.45232722547075,435.4414029613251,484.2560343940442,528.3921641715059,568.2981964001889,604.3795558583446,637.0028087978383,666.4993880011722,693.1689605107539,717.2824723561101,739.0849013799364,758.7977461651325,776.6212763731951,792.7365674105519,807.3073400504061,820.4816237483352
1290,0.24296875,101.1666405337372,181.39601929228832,253.93616632804157,319.5239704839998,378.8257356607727,432.4439193821744,480.9232433163745,524.7562238304196,564.3881743212822,600.2217287965253,632.6209322177814,661.9149388478816,688.4013562391581,712.3492687058502,734.0019710448113,753.5794402498791,771.2805703224884,787.285192918853,801.75590430823,814.8397172462478
1291,0.242578125,100.40512043205256,180.02861722184903,252.02038107968147,317.1120989405747,375.9651950192599,429.177643514812,477.2900813671454,520.7913172309076,560.1233050165714,595.6856375372529,627.8396080432467,656.9118816997358,683.1978148745989,706.9644560691129,728.453259146155,747.8825364546276,765.4496767972586,781.33315082906,795.694324216126,808.6790970248383
1292,0.2421875,99.62331493618379,178.6287809622481,250.06231983876404,314.6495767322483,373.04668983110673,425.8469255090085,473.5866953385391,516.7510021375398,555.7783659195288,591.0652784302806,622.9702310737703,651.8173568298321,677.899723223489,701.4823096702921,722.8046994920816,742.0835139236561,759.5146128303796,775.2750845301811,789.5250448807859,802.4092639535937
1293,0.24179687500000002,98.78491792818492,177.12355352067686,247.95360521433847,311.9949540870435,369.8983517087164,422.2521232198665,469.588181593848,512.3874477846554,551.084744045989,586.073215082809,617.7083240559834,646.3114648194825,672.1732276486582,695.5563517471816,716.6983946938235,735.8141459817188,753.097809195628,768.7249750503499,782.8544052907258,795.6296456266103
1294,0.24140625000000002,97.92637742712752,175.5861100327473,245.80289542472445,309.29001620077923,366.69243311970246,418.59330663134614,465.51991110495624,507.9489879699553,546.3115876902652,580.9974483882496,612.3589551423914,640.7147198598826,666.3528181495009,689.5337159490023,710.4929156850679,729.4433488192008,746.5775390789619,762.0695583866499,776.0767953014237,788.7415539855092
1295,0.241015625,97.01239624905841,173.94537815215787,243.50450288098102,306.39673565140146,363.26115197658214,414.6755207837063,461.16221090837985,503.1935140588489,541.1964503678257,575.5571102316593,606.6245786235563,634.7144825204044,660.1121980360372,683.075749951824,703.8384332659623,722.6111834260682,739.5847193511354,754.93148106764,768.8073816001016,781.353390964787
1296,0.240625,96.07844453457957,172.2726980370071,241.16446074805813,303.4535528667152,359.77276323937247,410.69424720085686,456.7353288980964,498.3637532712319,536.0024365858482,570.0337623927785,600.8034660926099,628.6241472432652,653.778445345445,676.5219112394004,697.0856033288957,715.6784349771939,732.4892969163619,747.688976266741,761.4318916071513,773.8576617679182
1297,0.240234375,95.09028849764422,170.49899163740255,238.67993427985112,300.32607568932065,356.0638299139129,406.45951878964723,452.02516155957494,493.2236924467812,530.4736710290872,564.1535380710161,594.605462094591,622.1388165258564,647.0333232880064,669.5418948847172,689.8932040097408,708.2940068180931,724.9312434883067,739.9739374685663,753.5749126565266,765.8723460093443
1298,0.23984375000000002,94.08236567286322,168.6936540762292,236.1541680212887,297.1491862361403,352.29834994041414,402.1619271319769,447.24649405915403,488.01007794402824,524.8668087475922,558.1911258413738,588.3215818490954,615.5642819734941,640.1959937975423,662.4669590230843,682.6034357556514,700.8099971310056,717.2716096299089,732.1555122294034,745.6129154257408,757.7805374352552
1299,0.23945312500000002,93.02155842459761,166.78970805430956,233.48733854563554,293.79233471798307,348.31748326914874,397.6167857167326,442.19112221474234,482.4933556902445,518.9329397778251,551.8800820821408,581.6695070751705,608.6038576008782,632.9567700810443,654.9756547690232,674.8842094575098,692.8846922059993,709.1599762044181,723.8754077008035,737.1804858226135,749.2103814090667
1300,0.2390625,91.94121862908858,164.85449674011872,230.7797427023262,290.38663712281965,344.28071815265025,393.00950256008804,437.06803759094163,476.90392650438247,512.9218743983132,545.4877991064529,574.9325484519444,601.5552612901807,625.6264065307736,647.3905308825131,667.0687432790454,684.8609611916482,700.9479416448368,715.4931176019617,728.6442583210738,740.5349705949343
1301,0.238671875,90.80939585063634,162.8232468306805,227.93472225908346,286.8055872607344,340.03405631019535,388.16095637636823,431.67525620333134,471.01904914043246,506.59205153133144,538.7556669876685,567.8366598106657,594.1304756090015,617.9042433756407,639.3994896250293,658.8345923231061,676.4069995666401,692.2952355797886,706.6607144585466,719.6493800433784,731.3931886319415
1302,0.23828125,89.65830486753109,160.76114568185582,225.04947169800107,283.1763328033682,335.7322303843487,383.251085748291,426.21565381131563,465.0624236976974,500.18605161609037,531.9433696433911,560.6570106585963,586.6186859191174,610.0921486175907,631.315873396305,650.5054790829578,667.8559192259972,683.5434626793768,697.7274843909147,710.5520845309262,722.1475524565691
1303,0.23789062500000002,88.45721175904694,158.60572394366423,222.0306471265901,279.3766063440943,331.2263214438191,378.1066109298256,420.4937781818485,458.8184652956731,493.47003499049094,524.8005296268525,553.1282494884778,578.740987393134,601.8989530115234,622.8374167028707,641.7690998834206,658.8863362366061,674.3630257494195,688.3564014769985,701.0086269379948,712.4482404214568
1304,0.23750000000000002,87.23714450072472,156.41991259406703,218.9721907285098,275.5293911162161,326.66606786858125,372.9017235640534,414.70607641589123,452.50382837878567,486.67897824074157,517.5787221124843,545.5169804522293,570.7775871216576,593.6171729080314,614.2677726764372,632.939182679959,649.8210919399304,665.0850093459054,678.8860060855342,691.3642910493643,702.6466352622006
1305,0.237109375,85.96863305921238,154.14364252800794,215.78421683171842,271.5168469525848,321.90785959930696,367.4692524950593,408.6639292299479,445.9104166274018,479.58712341318625,510.0361878730971,537.5669554775459,562.4591224978474,584.9655780581165,605.3149735926091,623.714045966957,640.3497178867243,655.390996960603,668.9906927609408,681.2869692787583,692.4047485977881
1306,0.23671875,84.68147079778157,151.8374913692259,212.55727055586758,267.45760313501705,317.09621002236753,361.9773740322036,402.55705240347226,439.2475050616222,472.4214812756404,502.4160058387489,529.5358027457194,554.0563908111727,576.2268827108742,596.2725157517143,614.3969401215219,630.7842878277811,645.6010433413562,658.9977349812068,671.1104641661742,682.0622881169922
1307,0.236328125,83.34749698220685,149.44388282866936,209.20506297057145,263.23842833195675,312.09303924772513,356.2652831968071,396.20395021600314,432.31480651855935,464.9647233582091,494.48540739376836,521.1767722942814,545.3099865134193,567.130228692197,586.8591787761135,604.6972703070569,620.8257267915735,635.4084028626525,648.593448988645,660.5148165941389,671.2936189367981
1308,0.23593750000000002,81.99522441477976,147.02094775607605,205.81460250466827,258.97341495019367,307.03741284745877,350.4948816790499,389.7873146565407,425.31389400115086,457.43554471039766,486.4786005920726,512.7381193150977,536.480879816884,557.9480925479397,577.3578499572914,594.9073421536431,610.774860212393,625.1216074787023,638.0933372990804,649.8218337621361,660.4262505392242
1309,0.23554687500000002,80.59784510675323,144.51369149562726,202.30333006826012,254.55411513740853,301.79699405267473,344.51197865512506,383.13305342653746,418.0525983079786,449.6253813923963,478.17216624413,503.9829722858715,527.3200220316654,548.42040559186,567.4984896088816,584.7480952469657,600.344467380197,614.4460550139336,627.196121075291,638.7241978790588,649.1474031089864
1310,0.23515625,79.18254734701918,141.97770851258596,198.75458327603448,250.08990855971183,296.505186273911,338.4719516686946,376.41655317766856,410.7244798076967,441.74427576453604,469.79108068733876,495.14983096153594,518.0781542934299,538.8089869791655,557.5529403270863,574.5004403138685,589.8236621708822,603.6782795536774,616.2050460952161,627.5312253523524,637.7718837207435
1311,0.234765625,77.7239172009536,139.36067053372233,195.08966010659594,245.47729796292975,291.03559978446344,332.22746163083593,369.4713932561945,403.14578330809803,433.5927496921635,461.1216182842252,486.01206707185406,508.51696830148694,528.8649579771728,547.2627589005424,563.8972810000824,578.9375203025987,592.5362758689827,604.8317021841157,615.9487127235759,626.000249010245
1312,0.234375,76.24777651768655,136.71554991291075,191.38809885961336,240.82078162650038,285.5157701611071,325.9271224076696,362.4653846232816,395.501758204169,425.3718691342445,452.37917696132945,476.7980574359385,498.87658978984257,518.8390769938072,536.8883244680003,553.2077004339236,567.9629987971255,581.3041234859791,593.3666113879635,604.2730092969608,614.1341189088648
1313,0.23398437500000002,74.73014463084192,133.9927654900347,187.57517599006232,236.02197253838153,279.8254496574332,319.43067387303313,355.24003489988223,387.61734664415593,416.89154930318165,443.3600541062576,467.29176636273394,488.929818140824,508.4940387982036,526.1831885441794,542.1769778699655,556.6378933755035,569.7128485721419,581.5346764783443,592.2234791229471,601.8878477203187
1314,0.23359375000000002,73.19543712251442,131.24258581051384,183.7265078217041,231.18032644918839,274.08610936485314,312.8797370824937,347.9553206499151,379.6692014868442,408.3435698441925,434.269737265584,457.71109579889975,478.9057936809846,498.06915469815056,515.3958656709914,531.0619543252185,545.2265775982901,558.0336385503234,569.6132483352113,580.083048025538,589.5494037692184
1315,0.233203125,71.62114357410505,128.41825328067034,179.77146450249077,226.20271828278462,268.18382890183733,306.14134709107293,340.46092206984844,371.49123202826013,399.5475322534393,424.9148607416269,447.8509354915299,468.5887735011636,487.3390585209566,504.2922816940973,519.6206769740103,533.479970991243,546.0109651776144,557.340966266298,567.585079650757,576.8473787970594
1316,0.2328125,70.03023566084698,125.56725514156481,175.781623810828,221.18340794880086,262.23382763823935,299.34991386623574,332.9087347804898,363.2512223714343,390.6856343628034,415.4906851125461,437.9183768343078,458.19655956253064,476.5312458852852,493.1087038305188,508.0973492060762,521.6494565728099,533.9027062344292,544.9815829892467,554.9986407945117,564.0556462412537
1317,0.232421875,68.40170791320597,122.64572944674366,171.6905584663558,216.03467585540972,256.12868814838873,292.3799725719234,325.15684320688297,354.7923048908863,381.58744190020946,405.81447949023953,427.71955096672923,447.5251989623037,465.43263676121103,481.6237927170912,496.26315867340367,509.49946117221083,521.4671724602467,532.2878766877001,542.0715051285212,550.9174530267679
1318,0.23203125000000002,66.75705266600453,119.69830889168536,167.56569731315645,210.84544071239554,249.97720041514125,285.3585148502433,317.34882785349805,346.27313629357366,372.4252900558789,396.07097655523637,417.45041960182994,436.78081969936676,454.25856058114,470.0612042706,484.3492949727261,497.2679900754152,508.94853483289825,519.5095957413818,529.0584660927385,537.6921560044177
1319,0.23164062500000002,65.07680177071994,116.68409477828475,163.3449180210168,205.5335236007973,243.67861550337759,278.16776930427403,309.3513960321802,337.54631370295516,363.03897133196887,386.08836168222496,406.92865384692453,425.771572948781,442.80855154966173,458.2126746933983,472.14043847905464,484.73334003471444,496.1193150755992,506.4140376950035,515.7220955413239,524.1380523763581
1320,0.23125,63.38093512005531,113.64479650206209,159.09139662518368,200.18236505312112,237.33512642856232,270.92711364654065,301.2995919944215,328.76112209731536,353.5906929068872,376.04055522388535,396.33878404715813,414.691595442065,431.2854414775117,446.28890438455846,459.85440921770464,472.11977236964754,483.20960167440467,493.23656235090283,502.30252158712165,510.4995834443364
1321,0.230859375,61.65155192200435,110.54254170244472,154.74741156468568,194.71545356643765,230.85280811397755,263.52665151815785,293.0689514470699,319.77985058447615,343.9307210013434,365.76692362034225,385.5103022505049,403.3614380399543,419.50168765317704,434.0950259396985,447.2897119486426,459.21979521587275,470.00647765755065,479.7593449490606,488.5774798467079,496.55046881958964
1322,0.25859375,97.92760648921337,175.58813317045104,245.8055558073418,309.2932105829484,366.6960875371615,418.59736425914815,465.5243259857934,507.9537215753782,546.3166069180132,581.0027243247719,612.3644622545572,640.7204354229284,666.3587218370329,689.5397895156158,710.4991427126121,729.449714510615,746.5840300840626,762.0761626475256,776.0835019246709,788.748353124906
1323,0.23046875,59.907088777086926,107.41605209290628,150.37178856318206,189.2106227340287,224.32709892652917,256.07796252773494,284.78577407018804,310.7421821572517,334.2108846260142,355.4303067105773,374.61602292324744,391.96294692070325,407.6473116118332,421.8284594936608,434.650461441793,446.24358035080945,456.7255944982531,466.2029941041672,474.7720631808215,482.51985771553643
1324,0.0,58.131239846914966,104.2305400370157,145.9112958128627,183.59714641195706,217.6710424217224,248.47919472894114,276.33461577096864,301.5203101012547,324.29215441038843,344.8814994520418,363.49752168413033,380.32934899868803,395.5479825241052,409.3080340783465,421.74929705597276,432.9981667060149,443.16892426105085,452.3648980054272,460.6795130249532,468.1972403602034
1325,0.0,56.34087003989064,101.02167990921274,141.4203180932365,177.94713133982577,210.97317528964197,240.8339577461263,267.83283712190047,292.2441002974369,314.31574739213397,334.27201043883736,352.31563106290463,368.62991996945584,383.38061916888665,396.71758572950813,408.77631420111913,419.6793131241909,429.5373496141734,438.4505746920059,446.50954073125695,453.79612141125847
