,surface_points,surface_disp_step1,surface_disp_step2,surface_disp_step3,surface_disp_step4,surface_disp_step5,surface_disp_step6,surface_disp_step7,surface_disp_step8,surface_disp_step9,surface_disp_step10
0,0.36796875,178.48325710122123,310.69711565012295,419.8662876134346,510.03985405090936,584.5252527042956,646.051990234515,696.8745413543311,738.8551512499096,773.5320836970425,802.175985790588
1,0.3671875,175.7607962171235,305.95846096747664,413.4634189946387,502.2629185822931,575.6138777264742,636.2041057336586,686.2536343769187,727.5962571212784,761.746735425179,789.9563027451501
2,0.36640625000000004,172.76698141147804,300.74649548498945,406.4194005433342,493.7050847073334,565.8050508807102,625.3613832605922,674.5563497160693,715.1925516372223,748.758985876025,776.4856040353585
3,0.36562500000000003,169.50667667864815,295.0713725796109,398.75078578583594,484.3903125844214,555.130995202731,613.5650117566008,661.8334041790598,701.7047173706488,734.6398148939612,761.845408478957
4,0.36484375,165.98553983135204,288.9416731683042,390.46680272224023,474.3264593439073,543.5964727690739,600.8152154035496,648.079293865802,687.1205521129627,719.3695399125608,746.0079303149489
5,0.3640625,162.2074921126674,282.3650710601187,381.5797213861376,463.5312792343617,531.2255454937327,587.1430854495109,633.3327509593372,671.4869346919871,703.003595604661,729.037483921742
6,0.36328125,158.18074220321614,275.3554293550676,372.1068472203586,452.0234536298656,518.0364416383502,572.5648219504609,617.6066136571891,654.8122258889512,685.5449415139115,710.9308696226719
7,0.36250000000000004,153.90824441910078,267.91789498285056,362.0560911171172,439.81442140855086,504.0449136457471,557.1012267736671,600.9273907216888,637.1292117633652,667.0331253687643,691.7348008376424
8,0.36171875000000003,149.4007076996962,260.07152775606136,351.4527292683648,426.9335730115764,489.28254357963544,540.7843759707647,583.3261832965128,618.4667645395975,647.493730576697,671.4706837017231
9,0.3609375,144.660101219733,251.81891599242212,340.30026465153117,413.38596142199464,473.75667729243986,523.6246537775954,564.817113287742,598.843375371669,626.9501740966527,650.1673426723125
10,0.36015625,139.6995681531077,243.18419870693305,328.6317883714431,399.21150494606286,457.5120559358649,505.6698144817631,545.449353036136,578.3082499200395,605.4505054695314,627.8706577200767
11,0.359375,134.52008039260724,234.16738964756868,316.44637389381285,384.40883951853516,440.5475734824292,486.9197606655387,525.2245505254074,556.8654704292601,583.0018665115667,604.5913866276863
12,0.35859375000000004,129.13713431464447,224.79755820673728,303.7847232187539,369.0281652012279,422.9208543278579,467.4376304315499,504.20964612969533,534.584272626759,559.6744766558262,580.3996003362751
13,0.35781250000000003,123.55069853797924,215.07214347783935,290.64148601256795,353.0617092904121,404.62234738367835,447.2128453089871,482.39380374984535,511.45430467908614,535.4591585440207,555.2879236283326
14,0.35703125,117.77852710124532,205.02496600824662,277.064724229322,336.56964410342596,385.72220501611486,426.3235379481465,459.8613190837541,487.5644055194005,510.44786857527623,529.3501864048555
15,0.35625,111.81958554266305,194.6509060256455,263.0446967225176,319.53783621938754,366.2024899613696,404.748714044959,436.5889387575874,462.88985305877935,484.61516679827923,502.56092591885346
16,0.35546875,105.69377610347526,183.98832671735258,248.63652908211895,302.0360592286602,346.14545004333047,382.58101908343457,412.67779408179524,437.5385417143438,458.07417963622504,475.03715253842955
17,0.35468750000000004,99.39906761918336,173.02958101047406,233.82614940628298,284.04390613050913,325.52487241214,359.7891723631871,388.09235777272806,411.47153156168474,430.7833613906258,446.7354729735086
18,0.35390625000000003,92.95738782975721,161.81733821054956,218.6754070533876,265.6403216110648,304.43459326430974,336.4797610118805,362.9499732453978,384.8151072971003,402.87631104691087,417.79535665165804
19,0.353125,86.36572139075547,150.3414710908047,203.1659861241364,246.79875090560807,282.8402857747708,312.61141078863557,337.20305834375415,357.5163512381684,374.29563330234976,388.15574727366345
20,0.35234375,79.64788634903537,138.64869200449633,187.36607842339728,227.60682307572293,260.84679598122295,288.3039933195968,310.9844451261043,329.71915977312085,345.1945760223341,357.9777134510544
21,0.3515625,72.7999017708424,126.72645600873543,171.25323697808903,208.03199931173035,238.4118947197551,263.50629590942964,284.23478992390164,301.356963716726,315.50024816111664,327.18291230796507
22,0.35078125000000004,65.84732916375812,114.62523050733158,154.90157561445255,188.17005278840625,215.65079145861716,238.35073563437766,257.10159448499644,272.5903839801277,285.3846016400658,295.9530185984041
23,0.35000000000000003,58.78524654846729,102.33013018497942,138.28465467861375,167.9826612636203,192.5136150518109,212.776577087856,229.5141195016985,243.3396102963446,254.75969906784496,264.1928858796241
24,0.34921875,51.640801298094985,89.89506634773596,121.48205308183017,147.57315155190312,169.1252280934904,186.92796640093886,201.63362701411958,213.78099781814902,223.81513628107214,232.10367496289052
25,0.3484375,44.408160733409694,77.3029050808085,104.46350149870727,126.89765424805626,145.4284249277886,160.73501990979128,173.3784182068036,183.82198725366928,192.44847170610552,199.57402244805803
26,0.34765625,37.11589072046118,64.61066921131228,87.31355329498888,106.06641276209811,121.5569514552413,134.35272409136783,144.92252117789437,153.653580709012,160.8657761732947,166.82333498021265
27,0.34687500000000004,29.75728384052559,51.79908186127673,69.99829609425247,85.0302809952763,97.44662020205294,107.70247788066284,116.17378130459214,123.17104052628873,128.95073551312169,133.72471879426917
28,0.34609375000000003,22.362148334545108,38.92792581423626,52.606736417180954,63.90573926589827,73.23923578728424,80.94915255744729,87.31791980209007,92.57883817356003,96.92462505459655,100.51447365433482
29,0.3453125,14.922943397753404,25.97590007737695,35.10152791736335,42.63866778365277,48.86402465627815,54.00591425718908,58.25289440407465,61.760703369342494,64.65797514778744,67.0509577725687
30,0.34453125,7.470535868250077,13.005178809883546,17.575581515586506,21.351065635195738,24.469975873939116,27.046502576156026,29.174974409680132,30.93331630899581,32.38590138431745,33.585907165411726
31,0.34375,-0.0034019531933747885,-0.007431768179030095,-0.011652851880526088,-0.015826994810502742,-0.0198338527203408,-0.023613790025406277,-0.027140966378937467,-0.030409067570150366,-0.03342314267386257,-0.036194708968633665
32,0.34296875000000004,-7.467134935633224,-12.99774944632883,-17.563932690852155,-21.335244416278503,-24.450149580057158,-27.022898090949376,-29.14784440649404,-30.902919743124144,-32.35249214472473,-33.549727618016455
33,0.34218750000000003,-14.929726329732224,-25.990717794267603,-35.12476177776732,-42.67022419578934,-48.903570081728944,-54.05299625392725,-58.307009008594584,-61.82133402856831,-64.72461537560861,-67.12312404638969
34,0.34140625,-22.358768369343814,-38.92054225489733,-52.595159412036935,-63.890015592475415,-73.21953173372985,-80.92569360887143,-87.29095707410684,-92.54862902484591,-96.89142180862447,-100.4785171825064
35,0.340625,-29.76400397860813,-51.81376240227907,-70.02131486755167,-85.0615452765909,-97.4857995414692,-107.7491240250753,-116.22739495607925,-123.23110991367291,-129.0167588388305,-133.7962170115566
36,0.33984375,-37.112552560820006,-64.60337697800402,-87.30211948622811,-106.05088357825511,-121.53749112867956,-134.32955531876104,-144.8958919689993,-153.6237452391151,-160.83298364453807,-166.7878232841789
37,0.33906250000000004,-44.41477664523308,-77.31735793520059,-104.48616326718704,-126.9284336462328,-145.46699663209694,-160.78094261996256,-173.43120036892452,-183.88112503363067,-192.51347108844192,-199.64441181510622
38,0.33828125000000003,-51.637525524408694,-89.88791039920693,-121.47083296337466,-147.55791260260978,-169.10613147790252,-186.90523065458135,-201.60749551191637,-213.75171998485237,-223.7829566608999,-232.06882700067672
39,0.3375,-58.791717444267285,-102.34426624581249,-138.30681972562087,-168.01276601581543,-192.55134131821765,-212.82149324209303,-229.56574476454296,-243.39745187699248,-254.8232737785289,-264.2617324391954
40,0.33671875,-65.84413597175923,-114.61825496202901,-154.8906383626669,-188.15519802913383,-215.6321762954643,-238.32857309466806,-257.07612180842614,-272.56184430306354,-285.3532333409285,-295.9190492357678
41,0.3359375,-72.80618775487093,-126.74018812209732,-171.27476864928275,-208.06124381434444,-238.4485429576746,-263.5499285915767,-284.28494001000263,-301.4131524974395,-315.5620062552126,-327.2497916145162
42,0.33515625000000004,-79.64479542530694,-138.6419398686014,-187.355491470644,-227.59244409323566,-260.8287770435953,-288.2825406328639,-310.9597883321694,-329.69153422088795,-345.1642124545715,-357.9448321368579
43,0.33437500000000003,-86.37178370732123,-150.3547145932663,-203.18675167015667,-246.82695485877065,-282.87563004002516,-312.6534909955752,-337.2514240706131,-357.57054080841095,-374.355194035003,-388.22024701047013
44,0.33359375,-92.95441823035945,-161.81085111283232,-218.6652356722877,-265.62650705876285,-304.4172816493213,-336.4591504479254,-362.9262843608694,-384.7885662023788,-402.84713942633675,-417.763766126575
45,0.3328125,-99.40486889159428,-173.04225425106756,-233.84602080119222,-284.0708956496839,-325.5586947999755,-359.8294406633304,-388.13864095902403,-411.5233878367389,-430.8403575644833,-446.79719549474027
46,0.33203125,-105.69094613645142,-183.98214465249714,-248.62683598309195,-302.0228942799576,-346.1289524871134,-382.56137771997976,-412.65521916584834,-437.5132487236655,-458.0463798298061,-475.0070475849071
47,0.33125000000000004,-111.82509000357106,-194.66293086910943,-263.0635514529094,-319.56344490717055,-366.23458194961876,-404.7869221774056,-436.63285406122253,-462.939056339132,-484.6692470270121,-502.6194907008138
48,0.33046875000000003,-117.7758542137024,-205.01912709020098,-277.0555691738659,-336.55720992652243,-385.7066232356392,-426.3049868872365,-459.8399973273363,-487.54051658408287,-510.42161199205975,-529.3217526460852
49,0.3296875,-123.55587224996526,-215.0834457864563,-290.65920783304216,-353.0857792625915,-404.652511118554,-447.2487577143405,-482.43508042739217,-511.50055162171526,-535.5099894189844,-555.3429696157698
50,0.32890625,-129.13463498519312,-224.79209843373394,-303.7761626509991,-369.0165384586828,-422.9062843938135,-467.4202840529164,-504.1897089973683,-534.5619350414147,-559.6499251901511,-580.3730130917681
51,0.328125,-134.52489145736598,-234.177899738163,-316.4628535435517,-384.4312223773605,-440.57562299820046,-486.95315593803423,-525.262934101147,-556.9084759176508,-583.0491346571747,-604.642574459615
52,0.32734375000000004,-139.69725779031407,-243.1791517396232,-328.62387507025016,-399.2007573222528,-457.4985876804734,-505.65377973776475,-545.4309234556896,-578.287601414599,-605.4278105030438,-627.8460809249186
53,0.32656250000000003,-144.66451997480704,-251.82856906609288,-340.31540052807514,-413.4065191712712,-473.78243965816677,-523.655326030353,-564.852367122819,-598.8828742738932,-626.993588102694,-650.2143567745508
54,0.32578125,-149.39860054705346,-260.0669247099369,-351.4455120218622,-426.9237707706637,-489.2702600427233,-540.7697517269041,-583.3093749009855,-618.4479324300709,-647.4730320449459,-671.4482688957727
55,0.325,-153.91224362073558,-267.9266315244372,-362.06978990272125,-439.8330273043639,-504.0682300313797,-557.1289869079669,-600.9592974729804,-637.1649605666166,-667.072417586954,-691.7773513683396
56,0.32421875,-158.17885125129905,-275.3512986085686,-372.10037052506715,-452.0146572071558,-518.0254185552604,-572.5516983757107,-617.5915300841363,-654.7953262923255,-685.526367043437,-710.9107550161026
57,0.32343750000000004,-162.211047103659,-282.3728372049295,-381.59189862283495,-463.5478185661654,-531.2462721489753,-587.1677623202376,-633.3611139190024,-671.5187130034541,-703.0385237982968,-729.0753085578557
58,0.32265625000000003,-165.98387673772746,-288.9380401878579,-390.46110650873953,-474.3187229732475,-543.5867781037349,-600.8036734144363,-648.0660281183438,-687.1056892313152,-719.3532040340507,-745.990239936158
59,0.321875,-169.50976554052636,-295.0781204457855,-398.76136639650235,-484.4046833826891,-555.1490043437882,-613.5864532279336,-661.8580484878707,-701.7323292769028,-734.6701637320156,-761.8782740342053
60,0.32109375,-172.76555642881812,-300.74338266797577,-406.4145199300409,-493.69845608669726,-565.796744406564,-625.3514940222602,-674.5449835894333,-715.1798171152153,-748.7449893181306,-776.4704469662258
61,0.36953125000000003,183.0991241601612,318.73218478161317,430.72455940243015,523.2300580900476,599.6416619708002,662.7594718533192,714.8962697078944,757.9624631560777,793.5360989898894,822.9206858343778
62,0.36875,180.93129200138037,314.95921370343274,425.6269127363293,517.0389066687201,592.5479092829079,654.9207898379794,706.4428827130778,749.0019239913319,784.1572340190397,813.196853709047
63,0.3203125,-175.76339990511514,-305.96414895090516,-413.47233774548226,-502.27503224672716,-575.6290583233481,-636.222179616453,-686.274408101698,-727.6195323954829,-761.7723178091973,-789.9840066069738
64,0.31953125000000004,-178.4820790141468,-310.6945421868714,-419.8622526901907,-510.03437404844396,-584.5183856359064,-646.0438147221114,-696.8651449317069,-738.8446236099269,-773.5205127655141,-802.1634554941186
65,0.37031250000000004,184.98628620569906,322.0181381541052,435.16627502764305,528.6271779641631,605.8286859369485,669.5996694887679,722.2766757585872,765.7897449270852,801.7331425000723,831.4237756462531
66,0.31875000000000003,-180.93339446202245,-314.9638067345768,-425.6341146394957,-517.0486885150016,-592.5601677445006,-654.9353847053784,-706.4596577840824,-749.0207191434516,-784.177892237399,-813.219225088545
67,0.0,-183.09820023100855,-318.7301665369591,-430.7213950448122,-523.2257604918894,-599.6362766478486,-662.7530604757858,-714.8889009280509,-757.9542073137966,-793.5270250351517,-822.9108595781431
68,0.0,-184.98787447555918,-322.0216079137928,-435.17171567967245,-528.6345676837235,-605.8379466873025,-669.6106953623272,-722.289348758179,-765.8039440875775,-801.7487491993151,-831.4406766301105
69,0.26953125,105.69094613042525,183.98214458289024,248.62683579508737,302.02289393480635,346.1289519650861,382.5613770180433,412.65521829340827,437.5132476981206,458.04637867276057,475.00704631927965
70,0.26875,111.82508999719683,194.66293079977635,263.0635512668896,319.56344456661395,366.23458143538704,404.7869214867437,436.63285320354913,462.93905533166264,484.6692458910372,502.6194894588642
71,0.26796875,117.77585420698911,205.01912702117048,277.0555689898745,336.55720959060994,385.706622729248,426.3049862078814,459.83999648444404,487.540515594683,510.42161087712975,529.3217514277713
72,0.2671875,123.5558722429422,215.08344571777974,290.6592076511377,353.08577893137044,404.65251062002136,447.2487570462645,482.4350795991952,511.5005506502327,535.5099883248752,555.3429684207939
73,0.26640625,129.1346349778956,224.7920983654835,303.77616247128304,369.0165381322723,422.90628390326424,467.42028339624034,504.18970818397725,534.5619340879458,559.6499241169453,580.3730119202014
74,0.265625,134.5248914498213,234.17789967038522,316.4628533660758,384.43122205579994,440.57562251564417,486.95315529272347,525.262933302471,556.9084749820408,583.0491336046479,604.6425733111623
75,0.26484375000000004,139.69725778253866,243.17915167235705,328.6238748950706,399.20075700560596,457.4985872059722,505.6537791038711,545.4309226717652,578.2876004968675,605.4278094712,627.8460797995699
76,0.26406250000000003,144.66451996682247,251.82856899937696,340.31540035523403,413.4065188595672,473.7824391917199,523.6553254078319,564.852366353547,598.8828733738789,626.9935870913048,650.2143556720102
77,0.26328125,149.39860053888447,260.0669246438214,351.44551185142865,426.92377046398053,489.2702595844083,540.7697511158246,583.3093741464215,618.4479315478135,647.4730310540368,671.4482678160533
78,0.2625,153.91224361240162,267.92663145895733,362.06978973473406,439.83302700272833,504.0682295811952,557.1289863082867,600.9592967330298,637.164959701963,667.0724166163087,691.7773503111616
79,0.26171875,158.178851242824,275.35129854377215,372.10037035959147,452.01465691064016,518.025418113277,572.5516977874911,617.5915293588469,654.795325445308,685.5263660930735,710.9107539814719
80,0.2609375,162.21104709506812,282.3728371408602,381.59189845992023,463.5478182748095,531.2462717152084,587.1677617434557,633.3611132083031,671.5187121739467,703.0385228680302,729.0753075455274
81,0.26015625,165.98387672901035,288.9380401245048,390.46110634837163,474.31872268702824,543.5867776781456,600.8036728490341,648.066027422155,687.1056884192164,719.3532031237601,745.9902389459954
82,0.259375,169.50976553169377,295.07812038317064,398.76136623870275,484.4046831016138,555.1490039263558,613.5864526738504,661.8580478060834,701.7323284820488,734.670162841479,761.8782730659282
83,0.25859375,172.7655564199121,300.7433826061748,406.41451977491073,493.698455810882,565.7967439974093,625.3514934796139,674.5449829221564,715.1798163377049,748.7449884474368,776.4704460199144
84,0.2578125,175.76339989615923,305.9641488899569,413.4723375930634,502.27503197620223,575.6290579224767,636.2221790852124,686.2744074488555,727.6195316351892,761.7723169581649,789.9840056823925
85,0.25703125000000004,178.48207900514916,310.6945421267932,419.8622525405045,510.03437378322724,584.5183852433256,646.0438142022688,696.8651442932729,738.8446228668053,773.5205119340826,802.1634545911929
86,0.25625000000000003,180.93339445297806,314.96380667536806,425.6341144925383,517.048688255075,592.5601673601666,654.9353841968532,706.4596571599328,749.020718417329,784.1778914253432,813.2192242069984
87,0.25546875,183.09820022196152,318.7301664786925,430.7213949006758,523.2257602373533,599.6362762718611,662.7530599786708,714.8889003182668,757.9542066047414,793.5270242425279,822.9108587180215
88,0.2546875,184.98787446651437,322.0216078564799,435.17171553836545,528.6345674345727,605.837946319631,669.6106948765565,722.2893481626526,765.8039433954351,801.7487484259193,831.4406757911605
89,0.25390625,186.58546014807658,324.800713365702,438.92499663184606,533.1912858893202,611.0572102577721,675.3762127523993,728.5051285479362,772.3907506134037,808.6411785717806,838.5847437549861
90,0.253125,187.9018427192689,327.0940387421196,442.0263382486204,536.9612387169856,615.3805328784321,680.1576329541283,733.6658851482814,777.8657324067518,814.3765577838208,844.5360191268658
91,0.25234375,188.9223586664179,328.8687558476086,444.42247980138785,539.8695099596437,618.710773345239,683.8354465890445,737.6298804074667,782.0652487984288,818.7697911345325,849.088474988843
92,0.2515625,189.65733362793483,330.14982610907026,446.15572159483975,541.9773654048948,621.1290938171404,686.5111730490494,740.5191279831666,785.1317205110232,821.9834648551373,852.424517067763
93,0.25078125,190.09448802053438,330.9092130897757,447.17995059750433,543.2192589762569,622.5497787728399,688.0786074991214,742.206898767472,786.9180546615383,823.8504156663694,854.3572934238406
94,0.25,190.24352400737598,331.17013001219226,447.5344065557159,543.6520214094661,623.0481873462483,688.6321434741742,742.8068241466334,787.5571104757626,824.5225705286041,855.0575344012537
95,0.24921875,190.09462164319388,330.9095049948047,447.18040829582174,543.2198806226213,622.5505577955857,688.0795349847126,742.2079647878517,786.9192490409795,823.8517284276979,854.3587150423999
96,0.2484375,189.65679979890888,330.14865993853374,446.153893079877,541.9748819194066,621.1259816158306,686.5074677413777,740.5148692309357,785.1269489651505,821.9782203732423,852.4188376997469
97,0.24765625000000002,188.9227587105358,328.8696297629562,444.42385007442226,539.871371066024,618.7131056104901,683.8382233275142,737.6330718961949,782.0688245729712,818.7737213248794,849.0927310797459
98,0.27109375,92.95441822513487,161.81085104287402,218.6652354805632,265.6265067046737,304.41728111190497,336.45914972354814,362.92628345887545,384.7885651405112,402.84713822681584,417.7637648130911
99,0.2703125,99.40486888594658,173.0422541812414,233.84602061126765,284.0708952999935,325.5586942701799,359.82943995010174,388.1386400717409,411.52338679297424,430.84035638614984,446.797194205141
100,0.246875,187.9007783523653,327.0917135907484,442.02269249194694,536.9562870573628,615.3743276634092,680.1502451830846,733.6573939002967,777.8562187330342,814.3661011538737,844.524695405901
101,0.24609375,186.58612414720577,324.8021639033401,438.9272710313718,533.1943749813651,611.0610813863577,675.3808216242851,728.5104258285089,772.3966857373221,808.6477019603528,838.5918080781735
102,0.27187500000000003,86.37178370254536,150.3547145232261,203.18675147669322,246.826954500335,282.8756294950119,312.6534902600275,337.2514231538264,357.57053972828845,374.35519281406624,388.2202456727937
103,0.24531250000000002,184.986286123938,322.0181380596776,435.16627501741465,528.6271781296426,605.8286863483772,669.5996701905406,722.276676770676,765.7897462492807,801.7331441170093,831.4237775322738
104,0.0,183.09912408234845,318.7321846956389,430.7245594043915,523.2300582699875,599.6416623972706,662.7594725691064,714.89627073162,757.9624644865155,793.5361006110073,822.9206877201736
105,0.0,180.93129192739124,314.9592136256254,425.6269127500357,517.0389068625462,592.5479097237588,654.9207905670814,706.4428837477492,749.0019253293723,784.1572356437858,813.1968555941806
106,0.31796875,-183.09820023100855,-318.7301665369591,-430.7213950448122,-523.2257604918894,-599.6362766478486,-662.7530604757858,-714.8889009280509,-757.9542073137966,-793.5270250351517,-822.9108595781431
107,0.3171875,-184.98787447555918,-322.0216079137928,-435.17171567967245,-528.6345676837235,-605.8379466873025,-669.6106953623272,-722.289348758179,-765.8039440875775,-801.7487491993151,-831.4406766301105
108,0.31640625,-186.58546015706594,-324.80071342196925,-438.9249967702026,-533.1912861329474,-611.0572106169819,-675.3762132266801,-728.5051291290652,-772.3907512885015,-808.6411793258247,-838.584744572647
109,0.31562500000000004,-187.90184272818345,-327.09403879730996,-442.02633838399356,-536.9612389550666,-615.3805332291801,-680.1576334169514,-733.6658857150838,-777.8657330649202,-814.3765585186735,-844.5360199234453
110,0.31484375000000003,-188.9223586752693,-328.868755901736,-444.42247993379647,-539.8695101922073,-618.7107736875679,-683.83544704047,-737.6298809600221,-782.0652494397651,-818.7697918503084,-849.0884757644677
111,0.3140625,-189.65733363672112,-330.1498261621323,-446.1557217242895,-541.9773656319636,-621.1290941511004,-686.5111734891623,-740.519128521601,-785.1317211356982,-821.9834655520526,-852.4245178226952
112,0.31328125,-190.09448802919775,-330.90921314167196,-447.1799507238624,-543.2192591976774,-622.5497790982662,-688.0786079277536,-742.2068992916186,-786.9180552693894,-823.8504163442659,-854.357294157926
113,0.3125,-190.24352401590448,-331.1701300629037,-447.534406678965,-543.6520216252328,-623.0481876631575,-688.6321438913731,-742.8068246565762,-787.5571110669136,-824.5225711876482,-855.0575351147005
114,0.31171875000000004,-190.0946216515765,-330.9095050443092,-447.18040841593245,-543.2198808327046,-622.5505581039539,-688.0795353904632,-742.2079652835871,-786.9192496154393,-823.8517290679091,-854.3587157352357
115,0.31093750000000003,-189.65679980712451,-330.14865998679835,-446.1538931968152,-541.9748821237808,-621.1259819156504,-686.5074681356998,-740.5148697125163,-785.1269495230073,-821.9782209947465,-852.4188383721355
116,0.31015625,-188.92275871862506,-328.86962981004416,-444.42385018827264,-539.8713712647972,-618.7131059018933,-683.8382237105637,-737.6330723638,-782.0688251144265,-818.7737219278965,-849.0927317319216
117,0.309375,-187.9007783603354,-327.0917136366705,-442.02269260272885,-536.9562872505693,-615.374327946453,-680.1502455549479,-733.6573943540466,-777.8562192582436,-814.3661017385962,-844.5246960380923
118,0.30859375,-186.58612415503208,-324.80216394805,-438.92727113902373,-533.1943751689361,-611.0610816609727,-675.3808219848964,-728.5104262683441,-772.3966862462345,-808.6477025267371,-838.5918086903432
119,0.30781250000000004,-184.9862861316024,-322.0181381031524,-435.166275121917,-528.6271783115707,-605.8286866145763,-669.5996705399397,-722.2766771966678,-765.7897467420012,-801.733144665195,-831.4237781245952
120,0.30703125000000003,-183.09912408986278,-318.73218473789,-430.724559505757,-523.2300584462898,-599.6416626550791,-662.7594729073297,-714.8962711438166,-757.962464963104,-793.5361011410648,-822.9206882927255
121,0.30625,-180.93129193473516,-314.95921366662344,-425.6269128482348,-517.0389070332035,-592.5479099731754,-654.920790894152,-706.442884146203,-749.0019257899136,-784.1572361558334,-813.1968561471148
122,0.30546875,-178.48325703807024,-310.69711561986804,-419.86628773335764,-510.0398544228951,-584.5252533996736,-646.0519912918751,-696.8745427836262,-738.8551530389889,-773.532085818397,-802.1759882073362
123,0.3046875,-175.76079615733462,-305.9584609434854,-413.46341912214234,-502.2629189612357,-575.6138784263585,-636.2041067915948,-686.2536358018153,-727.5962589003726,-761.7467375307324,-789.9563051403636
124,0.30390625000000004,-172.76698135492725,-300.7464954669695,-406.4194006779567,-493.7050850926244,-565.8050515843793,-625.3613843183084,-674.5563511357306,-715.1925534054831,-748.7589879649395,-776.4856064082243
125,0.30312500000000003,-169.50667662522537,-295.0713725673144,-398.75078592720286,-484.39031297559524,-555.130995909675,-613.5650128135912,-661.8334055930314,-701.7047191277129,-734.6398169659961,-761.845410829381
126,0.30234375,-165.98553978091763,-288.9416731614205,-390.46680286987214,-474.3264597403402,-543.5964734785596,-600.8152164590086,-648.0792952732396,-687.1205538579746,-719.3695419668701,-746.0079326421077
127,0.3015625,-162.2074920651116,-282.36507105840565,-381.5797215396742,-463.5312796356112,-531.225546205281,-587.1430865029706,-633.3327523598281,-671.4869364246268,-703.0035976410483,-729.0374862255842
128,0.30078125,-158.18074215842668,-275.35542935826714,-372.10684737939715,-452.023454035406,-518.0364423513444,-572.5648230012467,-617.6066150500312,-654.8122276085141,-685.5449435316865,-710.9308719025328
129,0.30000000000000004,-153.90824437698174,-267.9178949907471,-362.0560912813361,-439.8144218179896,-504.04491435976706,-557.101227821377,-600.9273921065401,-637.1292134696046,-667.0331273678038,-691.7348030935418
130,0.29921875000000003,-149.40070766012423,-260.07152776838456,-351.4527294373519,-426.9335734243822,-489.28254429406246,-540.7843770147251,-583.3261846726739,-618.4667662318118,-647.4937325563131,-671.470685932997
131,0.2984375,-144.66010118260937,-251.81891600895705,-340.30026482497084,-413.38596183778657,-473.756678006871,-523.624654817425,-564.8171146548933,-598.8433770496339,-626.9501760567432,-650.1673448789994
132,0.29765625,-139.69956811833893,-243.1841987274639,-328.6317885489999,-399.211505364406,-457.5120566497941,-505.66981551691424,-545.4493543937143,-578.3082515831966,-605.4505074095564,-627.8706599016631
133,0.296875,-134.52008036010332,-234.16738967190093,-316.4463740752036,-384.4088399390917,-440.5475741955056,-486.919761695689,-525.2245518731564,-556.8654720774507,-583.0018684314895,-604.5913887842734
134,0.29609375000000004,-129.13713428430097,-224.79755823463992,-303.7847234036268,-369.0281656235473,-422.92085503956065,-467.4376314561374,-504.2096474670375,-534.5842742594093,-559.67447855509,-580.399602467331
135,0.29531250000000003,-123.55069850971842,-215.0721435091437,-290.6414862006787,-353.0617097142067,-404.6223480937151,-447.2128463277536,-482.39380507659183,-511.45430629610604,-535.4591604226557,-555.2879257340232
136,0.29453125,-117.77852707497034,-205.02496604273816,-277.0647244203449,-336.56964452827987,-385.7222057240079,-426.3235389605799,-459.8613203993819,-487.564407120274,-510.4478704327855,-529.3501884847091
137,0.29375,-111.81958551829482,-194.65090606315698,-263.0446969162139,-319.5378366450229,-366.2024906668392,-404.74871505081546,-436.58894006192236,-462.88985464342966,-484.615168634704,-502.5609279730428
138,0.29296875,-105.69377608092971,-183.9883267576956,-248.6365292782018,-302.03605965471195,-346.1454507459592,-382.5810200822697,-412.6777953743875,-437.53854328233166,-458.074181451147,-475.0371545665617
139,0.2921875,-99.3990675983884,-173.02958105349572,-233.82614960453537,-284.0439065567268,-325.52487311168034,-359.7891733547926,-388.09235905344013,-411.4715331129694,-430.7833631841201,-446.73547497578755
140,0.29140625,-92.95738781062519,-161.81733825605968,-218.67540725352413,-265.6403220370883,-304.43459396035234,-336.47976199582183,-362.94997451379083,-384.81510883125327,-402.8763128185687,-417.79535862769893
141,0.290625,-86.36572137321815,-150.3414711386609,-203.1659863259575,-246.7987513312113,-282.8402864670974,-312.611411764737,-337.20305959972467,-357.5163527551826,-374.29563505227856,-388.1557492236994
142,0.28984375,-79.64788633303527,-138.64869205456213,-187.3660786266925,-227.60682350063846,-260.84679666953156,-288.3039942875427,-310.9844463693408,-329.71916127270185,-345.19457775026336,-357.9777153748412
143,0.2890625,-72.79990175631728,-126.72645606087873,-171.25323718267308,-208.0319997357493,-238.411895403847,-263.50629686906404,-284.2347911543193,-301.356965198883,-315.50024986716613,-327.1829142057441
144,0.28828125000000004,-65.84732915064082,-114.62523056140401,-154.9015758201029,-188.17005321124995,-215.65079213817944,-238.35073658537442,-257.10159570227324,-272.59038544455456,-285.38460332395215,-295.95302046991617
145,0.28750000000000003,-58.78524653670152,-102.33013024086337,-138.28465488516815,-167.98266168511017,-192.51361572668057,-212.77657803009853,-229.51412070579087,-243.33961174309172,-254.75970072972777,-264.19288772514767
146,0.28671875,-51.640801287611225,-89.89506640528076,-121.48205328906478,-147.5731519717603,-169.12522876335532,-186.9279673341022,-201.633628204706,-213.7809992469099,-223.81513792066605,-232.1036767821627
147,0.2859375,-44.408160724152495,-77.30290513990067,-104.46350170646758,-126.89765466611297,-145.42842559249877,-160.73502083377252,-173.37841938385358,-183.82198866450588,-192.4484733235789,-199.57402424136248
148,0.28515625,-37.11589071236749,-64.61066927181517,-87.31355350307237,-106.06641317810353,-121.55695211451797,-134.35272500587934,-144.92252234112664,-153.6535821016592,-160.865777768404,-166.823336747328
149,0.284375,-29.75728383354579,-51.79908192308824,-69.99829630252125,-85.0302814090834,-97.44662085576931,-107.70247878562616,-116.1737824540002,-123.1710419008309,-128.95073708605497,-133.72472053549518
150,0.28359375,-22.36214832862,-38.92792587722927,-52.60673662544792,-63.90573967727683,-73.23923643518653,-80.94915345260273,-87.31792093742239,-92.5788395297628,-96.92462660514111,-100.51447536948059
151,0.2828125,-14.922943392836181,-25.9759001414558,-35.10152812550063,-42.63866819246845,-48.86402529825393,-54.00591514247279,-58.25289552533852,-61.76070470730168,-64.65797667613973,-67.0509594619384
152,0.28203125,-7.470535864291794,-13.005178874940022,-17.575581723433913,-21.35106604125214,-24.46997650977374,-27.046503451351473,-29.174975516669743,-30.933317628524374,-32.38590289031265,-33.585908828862244
153,0.28125,0.003401956236547123,0.007431702233265833,0.01165264443938687,0.015826591632851352,0.019833223122310378,0.023612924964320357,0.02713987363911557,0.0304077663609508,0.03342165882655784,0.03619307112373146
154,0.28046875000000004,7.4671349378111325,12.99774937960138,17.563932483974803,21.335244016171487,24.4501489569045,27.022897236232662,29.147843328203358,30.902918460415535,32.35249068318539,33.54972600591696
155,0.27968750000000003,14.92972633108637,25.99071772684137,35.124761571561805,42.67022379886197,48.9035694651056,54.0529954095897,58.307007944718585,61.821332764241376,64.72461393616362,67.12312245972144
156,0.27890625,22.358768369918593,38.92054218686831,52.59515920664316,63.89001519889673,73.21953112381762,80.92569277509313,87.29095602481298,92.54862777904903,96.89142039140069,100.47851562137613
157,0.278125,29.764003978439753,51.813762333720376,70.02131466306406,85.06154488645366,97.48579893833441,107.74912320187326,116.22739392131645,123.23110868627265,129.01675744360278,133.79621547564227
158,0.27734375,37.11255255995355,64.60337690901092,87.3021192827841,106.05088319172424,121.53749053249878,134.32955450630968,144.89589094892952,153.62374403025493,160.83298227142944,166.7878217735846
159,0.2765625,44.41477664370419,77.31735786584291,104.486163064875,126.92843326339285,145.46699604292712,160.7809418182696,173.43119936348856,183.88112384317122,192.5134697372241,199.6444103295102
160,0.27578125,51.63752552225518,89.88791032956657,121.47083276231321,147.55791222360247,169.1061308958939,186.90522986379273,201.60749452124642,213.75171881290703,223.7829553316659,232.06882554015343
161,0.275,58.791717441522465,102.34426617595386,138.30681952589015,168.01276564071506,192.5513407434159,212.82149246220524,229.5657437885697,243.3974507234136,254.8232724710451,264.2617310034214
162,0.27421875,65.84413596845903,114.61825489203024,154.89063816437962,188.15519765807448,215.63217572801082,238.32857232581756,257.0761208472726,272.5618431679559,285.3532320552802,295.91904782481083
163,0.2734375,72.806187751045,126.74018805201513,171.2747684525082,208.0612434473874,238.4485423976012,263.5499278337466,284.2849390635873,301.4131513806458,315.5620049911593,327.2497902280491
164,0.27265625000000004,79.6447954209892,138.6419397985092,187.3554912754874,227.59244373050535,260.82877649103216,288.28253988617865,310.95978740060315,329.6915331225008,345.1642112121874,357.94483077493845
165,0.31875000000000003,-180.93339446202245,-314.9638067345768,-425.6341146394957,-517.0486885150016,-592.5601677445006,-654.9353847053784,-706.4596577840824,-749.0207191434516,-784.177892237399,-813.219225088545
166,0.27187500000000003,86.37178370254536,150.3547145232261,203.18675147669322,246.826954500335,282.8756294950119,312.6534902600275,337.2514231538264,357.57053972828845,374.35519281406624,388.2202456727937
167,0.0,92.95441822513487,161.81085104287402,218.6652354805632,265.6265067046737,304.41728111190497,336.45914972354814,362.92628345887545,384.7885651405112,402.84713822681584,417.7637648130911
168,0.0,99.40486888594658,173.0422541812414,233.84602061126765,284.0708952999935,325.5586942701799,359.82943995010174,388.1386400717409,411.52338679297424,430.84035638614984,446.797194205141
169,0.41015625,-37.11589007167895,-64.6106678791942,-87.31355143985974,-106.06641062575295,-121.55694928992803,-134.35272212166495,-144.92251958338346,-153.653579619621,-160.86577567165386,-166.82333510763573
170,0.40937500000000004,-29.75728321605733,-51.79908058630084,-69.99829433093693,-85.03027898291005,-97.4466181878933,-107.7024760831468,-116.17377989691917,-123.17103963234852,-128.95073521019555,-133.72471911918365
171,0.40859375000000003,-22.36214773351566,-38.92792459422241,-52.60673474197789,-63.905737372239415,-73.23923391750702,-80.9491509239985,-87.3179185719879,-92.57883746488189,-96.9246249395073,-100.51447416540037
172,0.4078125,-14.922942819329945,-25.975898910240304,-35.1015263267122,-42.63866600359238,-48.864022924261896,-54.005912779782356,-58.25289334226715,-61.760702835573944,-64.65797520928614,-67.05095845781298
173,0.40703125,-7.470535311619508,-13.005177693602526,-17.575580006062765,-21.351063963867194,-24.469974273446677,-27.046501247328926,-29.174973507668994,-30.933315940813348,-32.3859016124705,-33.585908014498855
174,0.40625,0.0034024888042256843,0.0074328355326068055,0.011654283558180267,0.01582856209856484,0.01983532774692492,0.02361497758751658,0.02714171701590506,0.03040927952871437,0.033422757998006127,0.03619370677690627
175,0.40546875000000004,7.46713545098018,12.997750466629705,17.563934047852054,21.335245884018253,24.45015093536188,27.022899144103175,29.147845013547826,30.90291980738771,32.352491612594086,33.549726472136825
176,0.40468750000000003,14.929726825532734,25.990718769298716,35.12476306311302,42.67022556828808,48.90357132285317,54.05299717933794,58.30700947970902,61.82133395359881,64.72461470514169,67.12312276644455
177,0.40390625,22.358768846299945,38.92054318639641,52.59516062865865,63.89001687387817,73.21953286596147,80.92569441283673,87.29095741642162,92.54862881844213,96.89142100809543,100.47851577707097
178,0.403125,29.764004437383463,51.81376329189122,70.02131601823078,85.06154647084675,97.48580056987035,107.74912471366062,116.22739517652225,123.23110958347169,129.01675791643245,133.79621548923717
179,0.40234375,37.11255300206785,64.60337782734193,87.3021205736772,106.05088468919172,121.53749205812143,134.32955589775403,144.8958920741167,153.62374479225073,160.832982607824,166.78782165278736
180,0.40156250000000004,44.4147770695687,77.31735874578484,104.48616429396806,126.92843467747434,145.4669974672072,160.78094309488554,173.43120036499695,183.88112447699572,192.51346994477163,199.64441008233598
181,0.40078125000000003,51.63752593243995,89.88791117253461,121.47083393199969,147.55791355769236,169.10613222317033,186.90523103075506,201.60749540494766,213.75171932497506,223.78295541716957,232.0688251736457
182,0.4,58.791717836568,102.34426698329403,138.306820638456,168.01276689807216,192.55134197788112,212.82149352455286,229.56574456023378,243.397451120099,254.82327244135402,264.26173052478293
183,0.39921875,65.84413634889675,114.61825566505699,154.8906392220419,188.15519884183527,215.6321768736646,238.32857328831,257.0761215122876,272.56184345513225,285.3532319166104,295.91904724046447
184,0.3984375,72.8061881173793,126.74018879197892,171.27476945738172,208.06124456055466,238.44854345829103,263.5499287009889,284.28493962720455,301.41315156408893,315.56200474968944,327.24978954446277
185,0.39765625000000004,79.6447957737119,138.6419405066257,187.35549222961941,227.59244477597002,260.82877747043705,288.2825406625395,310.9597878677575,329.6915332075787,345.16421087358634,357.94482999795764
186,0.39687500000000003,86.37178404211656,150.35471520063922,203.18675238201692,246.82695548083595,282.8756303966313,312.6534909496814,337.2514235292604,357.5705397201957,374.35519238386644,388.2202448081821
187,0.39609375,92.95441855203434,161.81085169075004,218.66523633902526,265.6265076229431,304.41728193919994,336.4591503305892,362.9262837471991,384.78856504424886,402.84713771028584,417.76376386627123
188,0.3953125,99.40486920060417,173.04225480064133,233.84602142465292,284.07089615854994,325.55869502635517,359.82944047833683,388.1386402772597,411.5233866132362,430.84035578826405,446.79719318126854
189,0.39453125,105.69094643325121,183.98214517483635,248.62683656511848,302.02289473607755,346.12895265322163,382.5613774711161,412.6552184202213,437.51324743934714,458.04637799818903,475.0070452231499
190,0.39375000000000004,111.8250902885837,194.6629313652428,263.06355199520414,319.5634453129051,366.2345820584066,404.786921868114,436.6328532555533,462.93905499808244,484.6692451442382,502.6194882950728
191,0.39296875000000003,117.77585448736649,205.01912756118386,277.0555696781693,336.55721028428536,385.7066232901276,426.3049865210494,459.8399964655597,487.5405151905281,510.42161006254224,529.3217502008681
192,0.3921875,123.55587251267647,215.0834462332443,290.65920830092676,353.0857795745521,404.6525111214409,447.2487572943877,482.4350795129613,511.5005501793239,535.5099874465058,555.3429671348849
193,0.39140625,129.13463523734302,224.79209885728056,303.776163084043,369.0165387270306,422.90628434783736,467.4202835823952,504.189708033838,534.5619335539963,559.6499231786808,580.3730105792604
194,0.390625,134.52489169932883,234.17790013936312,316.46285394321774,384.4312226041017,440.57562290584167,486.95315541980534,525.262933091654,556.9084743885155,583.0491326101007,604.6425719188682
195,0.38984375000000004,139.697258022451,243.17915211935625,328.623875437992,399.2007575094004,457.4985875442437,505.6537791747534,545.430922403478,578.2875998472148,605.4278084239708,627.8460783595966
196,0.38906250000000003,144.6645201974558,251.82856942517202,340.3154008652215,413.4065193206436,473.782439480306,523.6553254251295,564.8523660306904,598.8828726711959,626.9935859946032,650.2143541876036
197,0.38828125,149.39860076056044,260.06692504919647,351.4455123297832,426.92377088414815,489.2702598255768,540.7697510821904,583.3093737719486,618.4479307952674,647.4730299111618,671.448266290573
198,0.3875,153.91224382542362,267.9266318446421,362.06979018265656,439.8330273836453,504.0682297770092,557.1289862261139,600.9592963095799,637.1649589023536,667.0724154301411,691.7773487474985
199,0.38671875,158.17885144748766,275.35129891048877,372.10037077827883,452.01465725396895,518.0254182658164,572.5516976592069,617.5915288891154,654.7953246015189,685.5263648666102,710.9107523826709
200,0.38593750000000004,162.21104729164207,282.3728374892662,381.5918988504587,463.5478185820487,531.2462718263318,587.1677615712073,633.3611126946452,671.5187112884606,703.0385216038067,729.0753059141113
201,0.38515625000000003,165.98387691781613,288.9380404553466,390.4611067119701,474.3187229598334,543.5867777499054,600.8036726352009,648.0660268672001,687.1056874948365,719.3532018246834,745.9902372849136
202,0.384375,169.50976571298864,295.0781206970664,398.76136657637437,484.40468334137375,555.1490039604652,613.5864524203998,661.858047211975,701.7323275210197,734.6701615098247,761.8782713774261
203,0.38359375,172.76555659392662,300.7433829037046,406.4145200876247,493.6984560189447,565.796743995552,625.3514931885043,674.5449822910606,715.1798153423316,748.7449870855867,776.4704443063978
204,0.3828125,175.7634000631199,305.9641491716763,413.47233788173327,502.27503215381984,575.6290578861924,636.2221787582042,686.2744067826796,727.6195306074537,761.7723155681103,789.9840039458055
205,0.38203125000000004,178.48207916530066,310.69454239329133,419.86225280609693,510.03437393172885,584.518385174262,646.0438138412678,696.8651435941154,738.8446218089349,773.5205105181213,802.1634528338545
206,0.38125000000000003,180.93339460655736,314.9638069271961,425.6341147359378,517.0486883756548,592.5601672597753,654.9353838035031,706.4596564295583,749.0207173311412,784.1778899852836,813.2192224306546
207,0.38046875,183.09820036921053,318.7301667164241,430.7213951228159,523.2257603312872,599.636276141717,662.7530595547862,714.8888995586677,757.9542054923453,793.5270227805421,822.9108569248616
208,0.3796875,184.98787460764927,322.0216080806216,435.171715740059,528.6345675029546,605.8379461610579,669.6106944236279,722.2893473754176,765.8039422584529,801.7487469436054,831.4406739827101
209,0.37890625,186.58546028328868,324.80071357672807,438.92499681387744,533.1912859332305,611.0572100721067,675.3762122719671,728.5051277347532,772.3907494536172,808.6411770709656,838.5847419330771
210,0.37812500000000004,187.90184284874874,327.0940389404832,442.02633841171945,536.9612387374053,615.3805326668572,680.1576324475166,733.665884310552,777.8657312255785,814.3765562658834,844.5360172927942
211,0.37734375000000003,188.9223587903792,328.868756033808,444.4224799463568,539.8695099576615,618.7107731090883,683.8354460577797,737.6298795468555,782.0652475976202,818.7697896012662,849.0884731444071
212,0.3765625,189.65733374656114,330.14982628353545,446.15572172236494,541.9773653814249,621.1290935575086,686.511172494347,740.5191271009484,785.1317192918557,821.9834633077694,852.4245152140984
213,0.37578125,190.0944881339817,330.90921325289924,447.1799507082357,543.2192589321933,622.5497784908277,688.078606922243,742.206897865021,786.9180534254526,823.8504141063675,854.35729156241
214,0.375,190.2435241158163,331.17013016437517,447.53440665029035,543.6520213456529,623.0481870428598,688.6321428762265,742.8068232251002,787.5571092238985,824.5225689570497,855.0575325330415
215,0.37421875000000004,190.09462174679987,330.9095051364568,447.1804083749008,543.219880539955,622.5505574719157,688.0795343669421,742.207963848588,786.9192477747505,823.8517268460289,854.3587131688381
216,0.37343750000000003,189.65679989783263,330.1486600700129,446.1538931440294,541.974881818638,621.1259812727648,686.5074671047519,740.514868274935,785.1269476855244,821.9782187823569,852.4188358216286
217,0.37265625,188.9227588049361,328.86962988463983,444.4238501242572,539.8713709479773,618.7131052490327,683.8382226731738,737.6330709246906,782.0688232812345,818.7737197260826,849.0927291983685
218,0.371875,187.90077844240838,327.09171370300754,442.0226925280384,536.9562869227832,615.3743272844291,680.1502445119685,733.6573929142442,777.8562174301097,814.3660995480135,844.5246935220035
219,0.37109375,186.58612423303774,324.80216400652284,438.92727105428173,533.1943748310113,611.0610809907771,675.380820937438,728.5104248290343,772.3966844243795,808.6477003486128,838.5918061929299
220,0.41171875,-51.640800597954275,-89.89506489448243,-121.48205103135686,-147.5731491507746,-169.12522560405785,-186.92796406043476,-201.63362501541422,-213.78099630385162,-223.81513534514102,-232.1036746562286
221,0.4109375,-44.408160059417646,-77.30290368929568,-104.46349954790267,-126.89765198217026,-145.4284226040865,-160.73501775909983,-173.37841641524233,-183.82198595738592,-192.44847099326867,-199.57402236465282
222,0.37031250000000004,184.98628620569906,322.0181381541052,435.16627502764305,528.6271779641631,605.8286859369485,669.5996694887679,722.2766757585872,765.7897449270852,801.7331425000723,831.4237756462531
223,0.41250000000000003,-58.785245821211475,-102.3301286675465,-138.28465252427662,-167.9826587211873,-192.5136123887354,-212.77657454787953,-229.51411728460081,-243.339608551385,-254.75969789497063,-264.1928853348515
224,0.0,183.0991241601612,318.73218478161317,430.72455940243015,523.2300580900476,599.6416619708002,662.7594718533192,714.8962697078944,757.9624631560777,793.5360989898894,822.9206858343778
225,0.0,180.93129200138037,314.95921370343274,425.6269127363293,517.0389066687201,592.5479092829079,654.9207898379794,706.4428827130778,749.0019239913319,784.1572340190397,813.196853709047
226,0.44765625000000003,-165.98387295885738,-288.9380308637316,-390.46109076914166,-474.3187006056244,-543.5867493437959,-600.8036387841231,-648.0659883039993,-687.1056449949954,-719.3531561509265,-745.9901891522496
227,0.446875,-169.50976190130473,-295.0781114828168,-398.76135129364616,-484.4046619580258,-555.1489768449935,-613.5864201745491,-661.8580105531968,-701.7322872024531,-734.670118267493,-761.8782258973027
228,0.44609375,-172.7655529240769,-300.7433740525253,-406.4145054394514,-493.69843556818256,-565.7967181190184,-625.3514624827186,-674.5449474585758,-715.179777114861,-748.7449461736926,-776.4704013684928
229,0.4453125,-175.76339652960016,-305.9641406687793,-413.4723238410525,-502.2750125940499,-575.6290331908596,-636.2221495175402,-686.2743736837367,-727.6194943602908,-761.7722768578967,-789.9839634036903
230,0.44453125000000004,-178.48207576308064,-310.69453422548435,-419.8622393493802,-510.0343552277698,-584.5183616127084,-646.0437860060798,-696.8651121573496,-738.8445874598818,-773.5204739177315,-802.1634145873936
231,0.44375000000000003,-180.9333913305511,-314.96379908086095,-425.63410183833616,-517.048670489418,-592.560144779265,-654.9353573055095,-706.4596265706638,-749.0206847797297,-784.1778553782143,-813.2191863476394
232,0.44296875,-183.0981972147535,-318.7301591793657,-430.7213827626337,-523.2257432304069,-599.6362546987206,-662.7530343393556,-714.8888712124196,-757.9541746636096,-793.5269900831959,-822.9108229143526
233,0.4421875,-184.98787157004932,-322.02160084030794,-435.17170389448853,-528.6345511525606,-605.8379257074165,-669.6106704285573,-722.2893204651989,-765.8039130612989,-801.7487160505859,-831.4406419253608
234,0.44140625,-186.58545735822656,-324.80070662189684,-438.9249854629293,-533.1912703035671,-611.0571905678866,-675.3761894472432,-728.5051022009766,-772.3907218196998,-808.6411479062156,-838.5847117463213
235,0.44062500000000004,-187.90184003190328,-327.09403225961694,-442.02632753448034,-536.9612237965753,-615.3805140681114,-680.1576107365112,-733.6658600836297,-777.8657050723506,-814.376528734108,-844.5359888689562
236,0.43984375000000003,-188.92235607775856,-328.8687496165169,-444.4224695244214,-539.8694956783203,-618.7107553791911,-683.8354254147145,-737.6298565723554,-782.0652228627748,-818.7697636332673,-849.0884464085176
237,0.4390625,-189.65733113417087,-330.1498201192122,-446.155711736531,-541.9773517343673,-621.1290766563266,-686.5111528676395,-740.5191053156386,-785.1316959005641,-821.98343881736,-852.4244900689898
238,0.43828125,-190.09448561813167,-330.9092073319566,-447.1799411415527,-543.219245892286,-622.5497623847657,-688.078588269987,-742.2068772191739,-786.9180313209071,-823.850391030584,-854.3572679400041
239,0.4375,-190.24352169282542,-331.17012447705775,-447.53439748513983,-543.652008886165,-623.0481716952761,-688.6321251514427,-742.8068036612663,-787.557088338274,-824.5225472179528,-855.057510345665
240,0.43671875000000004,-190.09461941324454,-330.9094996738991,-447.18039959564845,-543.2198686377584,-622.5505428519616,-688.0795175312322,-742.2079453212965,-786.919228056209,-823.851706386279,-854.3586923546184
241,0.43593750000000003,-189.65679765030504,-330.1486548232219,-446.1538847344867,-541.9748704492428,-621.1259673469642,-686.5074511153086,-740.5148507319723,-785.1269290725744,-821.978199531463,-852.4188163014537
242,0.43515625,-188.92275664031104,-328.86962484549935,-444.4238420701092,-539.8713600902248,-618.7130919891981,-683.8382074949634,-737.6330543246379,-782.0688057267394,-818.7737016319975,-849.0927109161787
243,0.434375,-187.9007763575464,-327.0917088632495,-442.0226848144369,-536.9562765542662,-615.3743146600077,-680.150230106019,-733.6573772096822,-777.8562008783582,-814.3660825470225,-844.5246764064567
244,0.43359375,-186.5861222250178,-324.80215935860286,-438.92726366796796,-533.1943649321894,-611.0610689758053,-675.3808072715563,-728.5104099819894,-772.3966688322505,-808.6476843932031,-838.5917901929547
245,0.43281250000000004,-184.98628427161023,-322.01813369039417,-435.1662679549645,-528.6271685144973,-605.8286745034998,-669.5996565274299,-722.2766617259499,-765.7897302440608,-801.7331275326126,-831.4237606974742
246,0.43203125000000003,-183.09912229734104,-318.73218049520904,-430.7245526312515,-523.2300490716649,-599.6416510951556,-662.7594595671576,-714.8962564550795,-757.9624493429503,-793.5360849672554,-822.9206718905241
247,0.43125,-180.93129020714792,-314.9592095873227,-425.62690625413074,-517.0388980628318,-592.5478989395845,-654.9207781946595,-706.4428702009442,-749.001911002348,-784.1572208891616,-813.1968407120936
248,0.43046875,-178.48325537305382,-310.6971116978379,-419.86628140890707,-510.03984584092626,-584.5252428713492,-646.0519792069459,-696.8745295510568,-738.855139049081,-773.532071420426,-802.1759736982488
249,0.4296875,-175.7607945525529,-305.9584571725679,-413.4634130562936,-502.2629107510157,-575.6138683806372,-636.2040952923912,-686.2536232469471,-727.5962456671466,-761.7467239547601,-789.9562915051063
250,0.42890625000000004,-172.7669798081887,-300.7464918415135,-406.41939486078974,-493.705077239554,-565.8050420018975,-625.361373380873,-674.5563392303753,-715.1925408970222,-748.7589751759126,-776.4855936092536
251,0.42812500000000003,-169.50667513435974,-295.0713690816292,-398.75078034854243,-484.39030546438846,-555.1309867696906,-613.5650024116035,-661.8333943053397,-701.7047073068127,-734.6398049216175,-761.8453988196214
252,0.42734375,-165.985538343893,-288.9416698102795,-390.46679752056366,-474.326452557553,-543.5964647632774,-600.8152065704955,-648.079284577409,-687.120542695476,-719.3695306351766,-746.0079213873908
253,0.4265625,-162.20749067993256,-282.3650678365802,-381.5797164103846,-463.53127276725263,-531.2255378957598,-587.143077103954,-633.3327422269128,-671.4869258867998,-703.0035869837832,-729.0374756834318
254,0.42578125,-158.1807408232172,-275.35542626093746,-372.1068424616975,-452.0234474691182,-518.0364344312554,-572.5648140716005,-617.606605456441,-654.8122176687484,-685.5449335197358,-710.9308620418785
255,0.42500000000000004,-153.9082430898926,-267.91789201308785,-362.05608656664094,-439.8144155409397,-504.04490681178453,-557.1012193392277,-600.9273830259398,-637.1292040972905,-667.0331179665385,-691.7347938760315
256,0.42421875000000003,-149.4007064194293,-260.0715249059585,-351.4527249179081,-426.9335674252185,-489.28253710321115,-540.7843689616458,-583.326176083503,-618.4667574026731,-647.4937237392201,-671.4706773303906
257,0.4234375,-144.66009998661005,-251.8189132573339,-340.30026049290836,-413.3859561047701,-473.75667115733813,-523.6246471734988,-564.8171065332307,-598.8433687359357,-626.9501677925223,-650.1673368567137
258,0.42265625,-139.699566965421,-243.1841960825156,-328.63178439713096,-399.2114998870418,-457.51205012776853,-505.6698082651865,-545.4493467197652,-578.3082437626962,-605.4504996739643,-627.8706524339259
259,0.421875,-134.52007924869298,-234.16738712953835,-316.4463700962866,-384.4088347066096,-440.54756798651954,-486.9197548179867,-525.2245446251533,-556.865464724978,-583.001861196196,-604.5913818398645
260,0.42109375000000004,-129.1371332129134,-224.79755579106416,-303.78471959105235,-369.028160626309,-422.92084913095016,-467.43762493693987,-504.20964062689086,-534.5842673546744,-559.6744717980197,-580.3995960228241
261,0.42031250000000003,-123.5506974768954,-215.07214116057798,-290.6414825477786,-353.0617049423234,-404.62234247223495,-447.2128401504709,-482.39379862448635,-511.4542998162592,-535.4591541181607,-555.2879197612305
262,0.41953125,-117.77852607934463,-205.02496378568347,-277.0647209210369,-336.5696399728945,-385.72220037803817,-426.3235331109947,-459.86131431877624,-487.564401046795,-510.4478645607516,-529.3501829623234
263,0.41875,-111.8195845585127,-194.6509038941236,-263.04469356435783,-319.5378322970581,-366.202485584258,-404.74870951378904,-436.5889343347862,-462.88984895558616,-484.61516317192496,-502.5609228756299
264,0.41796875,-105.69377515572151,-183.9883246734409,-248.63652606817334,-302.0360555059945,-346.1454459160658,-382.5810148447359,-412.67778998554934,-437.5385379631705,-458.074176379246,-475.03714987469147
265,0.41718750000000004,-99.39906670650018,-173.0295790507982,-233.82614653068336,-284.0439025989262,-325.52486852338194,-359.78916840293715,-388.09235398649383,-411.47152814367934,-430.783358482101,-446.735470666512
266,0.41640625000000003,-92.95738695087809,-161.81733633191698,-218.6754043106526,-265.6403182626701,-304.43458960380497,-336.4797573176495,-362.9499697548362,-384.81510419633224,-402.8763084696599,-417.7953546833189
267,0.415625,-86.36572054445972,-150.34146929011075,-203.165983508878,-246.79874773254338,-282.84028233216304,-312.61140734765553,-337.2030551338478,-357.5163484375783,-374.29563103750036,-388.15574562352936
268,0.41484375,-79.64788553415396,-138.64869027879593,-187.3660759305661,-227.60682007072822,-260.84679274710066,-288.3039901204805,-310.9844421837423,-329.71915725817126,-345.1945740542388,-357.97771210268525
269,0.4140625,-72.79990098624262,-126.72645435515945,-171.25323460272332,-208.03199646759302,-238.41189168464464,-263.5062929405359,-284.2347872354372,-301.3569614719661,-315.50024647273966,-327.18291124296036
270,0.41328125000000004,-65.84732840835251,-114.62522892314801,-154.90157335188005,-188.1700500984246,-215.65078861385035,-238.35073288524165,-257.1015920384073,-272.5903819922551,-285.38460021711796,-295.9530178017802
271,0.44921875,-158.17884717619228,-275.35128851655827,-372.1003534286005,-452.01463282559604,-518.0253870956944,-572.551660362042,-617.5914862275242,-654.7952773959448,-685.526313934476,-710.9106984991369
272,0.44843750000000004,-162.21104317946933,-282.372827504258,-381.5918822180994,-463.547795211611,-531.2462420664356,-587.1677260327231,-633.3610721250634,-671.518666485271,-703.0384733564299,-729.0752549668455
273,0.41250000000000003,-58.785245821211475,-102.3301286675465,-138.28465252427662,-167.9826587211873,-192.5136123887354,-212.77657454787953,-229.51411728460081,-243.339608551385,-254.75969789497063,-264.1928853348515
274,0.45,-153.912239388565,-267.9266210243679,-362.06977208359194,-439.8330018477854,-504.0681971275235,-557.1289470800832,-600.9592514438318,-637.1649091598226,-667.0723616561587,-691.7772917482858
275,0.0,-51.640800597954275,-89.89506489448243,-121.48205103135686,-147.5731491507746,-169.12522560405785,-186.92796406043476,-201.63362501541422,-213.78099630385162,-223.81513534514102,-232.1036746562286
276,0.0,-44.408160059417646,-77.30290368929568,-104.46349954790267,-126.89765198217026,-145.4284226040865,-160.73501775909983,-173.37841641524233,-183.82198595738592,-192.44847099326867,-199.57402236465282
277,0.49921875000000004,190.0944088467338,330.90894122200365,447.1793953657426,543.2183542058634,622.548479961192,688.0768879070225,742.2047457025175,786.9154662796219,823.8473983300672,854.3538595669914
278,0.49843750000000003,189.65665609800172,330.148292278364,446.15324603573606,541.9739191165714,621.1246813663822,686.5058196312215,740.5128714036507,785.124605962998,821.9755414280987,852.4158353864447
279,0.5,190.24278949273224,331.1683501289357,447.5313786084394,543.6476190099526,623.042337919014,688.6248130527263,742.7980065797851,787.5468195597907,824.5108341860905,855.0443903391186
280,0.49765625,188.9226776639201,328.86942926422023,444.4235086632317,539.8708786160241,618.7124599389966,683.8374279614998,737.632134455395,782.0677555461965,818.7725331284921,849.0914373311095
281,0.496875,187.90072693117415,327.0915725850898,442.0224331348228,536.955889403476,615.373779111091,680.1495389756996,733.6565278092022,777.8551939585185,814.364921430074,844.5233662822119
282,0.49609375,186.58609518042343,324.8020884187602,438.9271391879266,533.1941834175627,611.0608316626601,675.3805188365544,728.5100774806699,772.3963008633572,808.6472904577237,838.5913802113378
283,0.49531250000000004,184.9862721520538,322.0181003500289,435.16620607424034,528.6270725605103,605.8285406222299,669.5994823655558,722.2764462071921,765.7894733314487,801.732829999629,831.4234239205829
284,0.49453125000000003,183.09912020560895,318.73217437202675,430.7245415482615,523.230033385892,599.6416324497997,662.7594407416192,714.8962411416314,757.9624419031311,793.5360901995849,822.9206948250791
285,0.49375,180.93129585380842,314.95922455295675,425.6269336030047,517.0389402808555,592.5479579827746,654.9208555497055,706.4429669448167,749.0020278547488,784.1573582567441,813.1969987249083
286,0.49296875,178.48326602922933,310.6971399544132,419.86633285754255,510.0399249843364,584.5253533746,646.0521241022584,696.8747113923604,738.8553600219967,773.5323334173141,802.1762783673289
287,0.4921875,175.76080898525757,305.9584956106735,413.463483096868,502.2630182593441,575.6140177359819,636.2042896010358,686.2538645269665,727.5965350094076,761.7470616640846,789.9566772239612
288,0.49140625000000004,172.7669968795099,300.7465372616855,406.4194774615074,493.70520373216783,565.805217327474,625.3616010217064,674.5566214792863,715.1928790859882,748.7593698681397,776.4860447588146
289,0.49062500000000003,169.5066940662859,295.071419483703,398.75087200909996,484.39044575896196,555.1311810315925,613.5652542607164,661.8337059320017,701.7050797139809,734.640238131004,761.8458920469316
290,0.48984375,165.98555856398468,288.9417235662552,390.46689511331283,474.326601651654,543.5966708081324,600.8154731778723,648.0796138504622,687.1209355110088,719.3699868839823,746.0084401775069
291,0.4890625,162.20751171765977,282.3651237308673,381.5798178106872,463.53142755077243,531.2257516086155,587.1433533549,633.3330830290511,671.4873319493694,703.0040579593925,729.0380103762382
292,0.48828125,158.1807623652689,275.35548341638264,372.10694599699843,452.02360526642923,518.036651956121,572.5650947912387,617.6069512038439,654.8126289544929,685.5454097967613,710.9314019287073
293,0.48750000000000004,153.90826484689458,267.91794967297034,362.05619089936766,439.8145743781053,504.0451255297079,557.1015012888533,600.9277299055414,637.1296162703447,667.0335947304047,691.7353336872799
294,0.48671875000000003,149.40072821623303,260.0715825904911,351.4528291493858,426.9337258838314,489.28275498759206,540.784649430857,583.3265206400353,618.4671662190649,647.4941959341024,671.4712111999547
295,0.4859375,144.66012164539623,251.81897050000595,340.3003637952098,413.3861129583125,473.7568865765094,523.6249241438269,564.8174463985689,598.84377152757,626.9506325063219,650.1678616845809
296,0.48515625,139.69958838673165,243.18425261578756,328.63188627711077,399.21165436819393,457.5122619987656,505.6700803024576,545.4496800782687,578.308638307468,605.4509542588507,627.8711651339672
297,0.484375,134.5201003249082,234.16744267210038,316.4464700561351,384.4089860800098,440.54777533440426,486.92002072166554,525.2248700775577,556.8658494615503,583.0023039721756,604.591880660668
298,0.48359375000000004,129.1371538890289,224.79761019840905,303.7848173700886,369.02830849427295,422.92105140434046,467.43788398815786,504.2099572750804,534.5846411953819,559.6749014787437,580.400079471362
299,0.48281250000000003,123.55071768987028,215.07219426972506,290.64157786063106,353.06184888801545,404.622539125427,447.2130916871142,482.3941057104538,511.4546619340388,535.4595698390264,555.2883869700252
300,0.48203125,117.77854580119507,205.02501552581916,277.06481364443823,336.5697798145474,385.72239116691503,426.3237768239323,459.8616114661581,487.56475099575107,510.44826580360314,529.350633337605
301,0.48125,111.81960375486426,194.65095417859598,263.04478355056114,319.5379678252084,366.20267024403586,404.7489450951642,436.58922120962814,462.8901863963196,484.61554961528503,502.5613561390546
302,0.48046875,105.69379381535056,183.9883734764666,248.63661327670843,302.0361866672663,346.1456243830913,382.5812422233261,412.67806651129973,437.5388628151869,458.07454793895783,475.03756593746454
303,0.47968750000000004,99.39908481356792,173.02962633505405,233.82623090279105,284.04402931808704,325.52504071496514,359.7893875008736,388.0926201049189,411.471840385075,430.7837151905813,446.7358696341479
304,0.47890625000000003,92.95740450469603,161.81738209946738,218.67548585631073,265.6404405634715,304.43475556323597,336.47996820287204,362.95022556260113,384.81540395528543,402.8766504879528,417.79573674957516
305,0.478125,86.36573754116652,150.34151353539008,203.16606222645328,246.7988656257131,282.8404420930979,312.611610088902,337.2033007480354,357.51663589348,374.29595862161847,388.15611113540854
306,0.47734375,79.64790197961362,138.64873302091576,187.36615186041954,227.6069336257127,260.846946415164,288.3041848655137,310.9846777988318,329.71943265527096,345.1948874996687,357.9780614067907
307,0.4765625,72.79991688428193,126.72649560877053,171.25330777933345,208.03210574910062,238.4120393660681,263.50647984890367,284.2350130762734,301.35722511232393,315.5005461704145,327.1832448303391
308,0.47578125000000004,65.84734376885105,114.62526871757952,154.9016438334161,188.17015520208122,215.6509304491534,238.35091214835828,257.10180835172224,272.59063418070735,285.38488653113205,295.9533360953553
309,0.47500000000000003,58.78526065281751,102.33016702997564,138.2847203673256,167.98275974434185,192.5137485274575,212.77674637870152,229.51432435759332,243.33984965965394,254.75997129120844,264.1931889036038
310,0.47421875,51.64081491292,89.89510186006416,121.48211630388553,147.5732462029239,169.12535620448017,186.9281286716688,201.63382311918346,213.78122666372798,223.81539621677032,232.10396395386093
311,0.4734375,44.408173869307305,77.30293929261512,104.46356231928112,126.89774517908567,145.42854783954482,160.73517539216076,173.3786058690277,183.82220597484226,192.44871984103597,199.5742979938567
312,0.47265625,37.11590338997434,64.61070215827166,87.31361178256111,106.06650008280629,121.55706932550203,134.35287299644398,144.92270066528923,153.65378963272843,160.86601289379425,166.82359752556496
313,0.47187500000000004,29.757296055961625,51.79911357970883,69.99835232089691,85.03036482483441,97.4467332077547,107.70262045297073,116.17395293815629,123.17124005792724,128.95096131587547,133.72496893313826
314,0.47109375000000003,22.36216010903207,38.92795634098956,52.60679045286292,63.90581971530995,73.23934408678035,80.94928900734624,87.31808384721005,92.57902863498694,96.92484031793316,100.51471182014413
315,0.4703125,14.922954744436986,25.97592945063319,35.101579836880454,42.63874497523153,48.86412842940256,54.00604483102468,58.25305118153614,61.76088516264781,64.65818036093238,67.05118454653068
316,0.46953125,7.470546800360614,13.0052070664271,17.575631388220703,21.351139678081093,24.47007527539413,27.0466274782485,29.175124175884037,30.93348974362549,32.386096909346236,33.58612296056919
317,0.46875,-0.0033914222495758403,-0.0074045898303675035,-0.011604951346978561,-0.01575597928201762,-0.019738645781680397,-0.02349431854841077,-0.026997899291966457,-0.03024360251754754,-0.03323683479916128,-0.03598933585193104
318,0.46796875000000004,-7.467124792844089,-12.997723310259326,-17.56388669520082,-21.33517632282256,-24.450058419178898,-27.02278385497003,-29.147707794783912,-30.902761954741703,-32.35231471266992,-33.54953227906166
319,0.46718750000000003,-14.929716561816527,-25.990692662626536,-35.12471761400891,-42.670158906686915,-48.90348279597031,-54.0528870219333,-58.306878553959756,-61.82118354663278,-64.72444637311179,-67.12293821611054
320,0.46640625,-22.358758963711736,-38.920518093138966,-52.595117015855045,-63.88995300747181,-73.21944818236095,-80.92558919668163,-87.29083254739342,-92.54848557503671,-96.89126091719137,-100.47834050027029
321,0.465625,-29.76399492235301,-51.813739173858366,-70.0212741688623,-85.06148528320671,-97.48571956188758,-107.74902421338159,-116.22727607580568,-123.23097314792035,-129.01660564036132,-133.79604898667253
322,0.46484375,-37.11254384190096,-64.60335465004475,-87.30208042409647,-106.05082608190246,-121.53741458863367,-134.32945993513047,-144.89577852140644,-153.6236149024255,-160.83283784398807,-166.78766358368077
323,0.46406250000000004,-44.414768251273976,-77.31733647285138,-104.48612577509034,-126.92837854059712,-145.46692337848984,-160.78085145864978,-173.43109209083073,-183.8810008016045,-192.51333229733058,-199.6442599843923
324,0.46328125000000003,-51.63751744399334,-89.88788977142741,-121.47079698400331,-147.55785979905707,-169.10606138724393,-186.9051435551249,-201.60739220506238,-213.75160162175192,-223.78282460733098,-232.06868273386772
325,0.4625,-58.79170966564559,-102.34424641966837,-138.30678519636817,-168.0127154146611,-192.55127424745106,-212.8214100128589,-229.5656461845415,-243.39733908245242,-254.82314810379253,-264.26159531763165
326,0.46171875,-65.84412848416981,-114.61823590837285,-154.89060522990798,-188.15514954772144,-215.6321121298011,-238.32849358697226,-257.0760277721373,-272.56173685998584,-285.3531137953797,-295.91891897944026
327,0.4609375,-72.80618054723287,-126.74016981000607,-171.2747368544561,-208.0611973597492,-238.4484815641821,-263.54985262787613,-284.28485029164557,-301.41305012906906,-315.56189250918135,-327.24966783959815
328,0.46015625000000004,-79.64478848752316,-138.64192227082242,-187.3554609637724,-227.59239958866198,-260.82871831594457,-288.2824680758379,-310.9597027630913,-329.6914367278732,-345.16410427947363,-357.94471458769203
329,0.45937500000000003,-86.37177702900341,-150.35469768091832,-203.1867223967299,-246.82691221799254,-282.8755738552278,-312.65342168141683,-337.25134244304945,-357.57044793672065,-374.3550911289641,-388.22013533640114
330,0.45859375,-92.95441180206888,-161.81083486051966,-218.6652075858723,-265.62646621063476,-304.4172279091476,-336.4590842501244,-362.9262065198701,-384.78847776935714,-402.8470415804855,-417.7636600946291
331,0.4578125,-99.4048627036224,-173.04223863190424,-233.84599385121382,-284.07085651444925,-325.5586433909875,-359.8293774312048,-388.1385667139573,-411.5233036098668,-430.8402645031491,-446.7970947854107
332,0.45703125,-105.69094018000101,-183.98212964288203,-248.62681012651555,-302.02285679185394,-346.1289033187532,-382.56131733720406,-412.6551483746075,-437.5131685358615,-458.04629136242363,-475.0069519861938
333,0.45625000000000004,-111.82508426960543,-194.66291644409796,-263.063526642954,-319.5634089926322,-366.2345349175333,-404.78686450571803,-436.6327865493149,-462.9389799780586,-484.66916290240096,-502.6193999222181
334,0.45546875000000003,-117.77584869405325,-205.0191132279238,-277.05554537074664,-336.55717552489807,-385.7065782565095,-426.3049318198699,-459.8399329646505,-487.54044389713715,-510.4215320365984,-529.3216664949391
335,0.4546875,-123.55586693623817,-215.0834324638207,-290.65918499357883,-353.0857463061649,-404.6524680965748,-447.24870512467294,-482.435019054504,-511.5004824153377,-535.5099134042047,-555.3428878283968
336,0.45390625,-129.13462986978473,-224.7920856304542,-303.77614073839385,-369.0165068915049,-422.9062432523214,-467.4202338429551,-504.1896504951541,-534.5618691762327,-559.6498529578746,-580.3729354930706
337,0.453125,-134.5248865324968,-234.17788743289898,-316.4628325180122,-384.4311921371924,-440.575583649362,-486.9531079919744,-525.2628783241416,-556.9084132174482,-583.0490659998513,-604.6425008105533
338,0.45234375000000004,-139.69725304893836,-243.17913991361894,-328.62385489782974,-399.20072835759726,-457.49855005388525,-505.65373396581936,-545.4308702949946,-578.2875417522607,-605.4277452767423,-627.8460110665403
339,0.45156250000000003,-144.6645154097315,-251.82855769966713,-340.3153811721677,-413.4064914250153,-473.78240367342306,-523.6552823267583,-564.8523164458821,-598.8828174891952,-626.9935261190983,-650.2142904904086
340,0.45078125,-149.39859615176215,-260.0669137857716,-351.445493451185,-426.9237441954501,-489.27022563521905,-540.7697100094474,-583.3093266083137,-618.4478784071357,-647.4729731731434,-671.4482060416224
341,0.45,-153.912239388565,-267.9266210243679,-362.06977208359194,-439.8330018477854,-504.0681971275235,-557.1289470800832,-600.9592514438318,-637.1649091598226,-667.0723616561587,-691.7772917482858
342,0.0,-158.17884717619228,-275.35128851655827,-372.1003534286005,-452.01463282559604,-518.0253870956944,-572.551660362042,-617.5914862275242,-654.7952773959448,-685.526313934476,-710.9106984991369
343,0.0,-162.21104317946933,-282.372827504258,-381.5918822180994,-463.547795211611,-531.2462420664356,-587.1677260327231,-633.3610721250634,-671.518666485271,-703.0384733564299,-729.0752549668455
344,0.025781250000000002,51.637511762731215,89.88787450374657,121.47076905453395,147.55781691146694,169.1060019377842,186.90506654147387,201.60729713659018,213.75148843465186,223.78269358676198,232.06853444398595
345,0.025,58.79170318091453,102.34422898605597,138.30675329303742,168.01266640735068,192.55120629083888,212.82132194735226,229.56553743451175,243.397209559891,254.82299811984157,264.26142550301853
346,0.02421875,65.84412119609584,114.61821630777575,154.89056934818646,188.15509440963413,215.63203564490138,238.32839443457095,257.0759052877065,272.561590927511,285.35294474842044,295.9187275120811
347,0.0234375,72.80617245597303,126.74014803841092,171.27469697963403,208.061136057577,238.4483964904516,263.5497422918992,284.28471393116956,301.4128875915715,315.56170414263426,327.24945439405286
348,0.022656250000000003,79.64477959567941,138.6418983337058,187.35541710293154,227.59233212855816,260.82862465513847,288.2823465495419,310.95955250687445,329.69125754814235,345.1638965341489,357.9444790785974
349,0.021875000000000002,86.37176733927791,150.3546715797152,203.1866745428565,246.82683857519925,282.8754715543002,312.65328887231374,337.2511781478702,357.5702519097223,374.3548637274022,388.21987740390404
350,0.02109375,92.95440132149021,161.81080661259975,218.66515576762478,265.62638642398736,304.41711701435474,336.4589402078969,362.92602823398767,384.7882649365675,402.84679455181157,417.76337974998285
351,0.0203125,99.40485143964187,173.04220824983412,233.84593807930207,284.07077058263184,325.5585238767689,359.82922209263603,388.138374322541,411.52307379082544,430.8399975875665,446.796791676354
352,0.01953125,105.69092814697956,183.98209716391585,248.62675046602806,302.022764809449,346.12877530808595,382.56115085034884,412.6549420457818,437.5129219125537,458.04600474880556,475.00662630113294
353,0.018750000000000003,111.82507148315595,194.6628819007717,263.0634631379863,319.5633110051213,366.2343984438156,404.7866868762732,436.63256624419313,462.93871644955294,484.6688564102608,502.61905138395394
354,0.017968750000000002,117.77583518019787,205.01907668933453,277.0554781450865,336.5570717172287,385.70643356782745,426.3047433572769,459.83969904921884,487.5401638788289,510.4212061219232,529.3212955901291
355,0.0171875,123.55585272406663,215.08339399630214,290.65911414929195,353.0856368073652,404.65231533490294,447.2485059661397,482.4347716410182,511.50018597284037,535.5095680635384,555.3424944619454
356,0.01640625,129.1346150035791,224.79204535314537,303.776066491823,369.0163920294616,422.9060828642676,467.4200245548282,504.1893902656094,534.561557099028,559.6494890769306,580.3725206334867
357,0.015625,134.52487106322582,234.17784546786115,316.4627550682267,384.4310721828441,440.5754159642467,486.95288894225786,525.2626056610346,556.9080858752295,583.0486839062231,604.6420647128907
358,0.01484375,139.697237049291,243.17909645803442,328.62377460581575,399.20060386265067,457.4983758297815,505.6535061247669,545.4305863783269,578.2872005257194,605.4273465377236,627.8455554671143
359,0.0140625,144.66449896618397,251.8285129667592,340.3152983968462,413.4063628959305,473.7822235528002,523.6550464509542,564.8520221165427,598.8824632677655,626.9931116325052,650.2138162520106
360,0.013281250000000001,149.39857938180992,260.0668680963345,351.4454087831863,426.92361253980647,489.27004087197685,540.7694677131061,583.3090238421676,618.4475135198721,647.4725456058401,671.4477161494393
361,0.0125,153.91222243714685,267.92657474231606,362.06968614676816,439.8328679630884,504.06800888462385,557.1286997658187,600.9589418431798,637.1645353572704,667.0719228460042,691.7767880584386
362,0.01171875,158.17883023103286,275.3512421557499,372.10026717123264,452.0144981729286,518.0251973987739,572.5514106497186,617.5911730192744,654.7948985134898,685.5258683208332,710.9101860497422
363,0.010937500000000001,162.211026483377,282.37278168052484,381.59179670556904,463.5476613370005,531.2460529355322,587.1674763781189,633.3607581354677,671.5182856307026,703.0380242182,729.0747370772514
364,0.010156250000000002,165.9838568111972,288.9379863994156,390.461007525678,474.3185698714785,543.5865640804103,600.8033935029489,648.0656789228984,687.1052686876036,719.3527111974593,745.9896747965007
365,0.009375000000000001,169.5097467089841,295.0780694099943,398.7612721027967,484.4045369457211,555.1487988052128,613.5861833125998,661.857710374432,701.7319203892039,734.6696825528289,761.8777199407303
366,0.00859375,172.76553921225278,300.74333582978284,406.41443302486005,493.6983205348278,565.7965533233023,625.351242040747,674.5446666899642,715.1794324657506,748.7445351273548,776.469922349149
367,0.0078125,175.76338502675563,305.964108128906,413.4722613290613,502.27491198366477,575.6288872754495,636.2219520590227,686.2741194190999,727.6191789777131,761.7718969515955,789.9835164141637
368,0.00703125,178.4820671975709,310.69450939877925,419.86219063220517,510.0342753823438,584.5182440207547,646.0436248164931,696.8649023704969,738.8443249612274,773.5201554726716,802.163037807408
369,0.00625,180.9333869372234,314.96378499420405,425.63407187723925,517.0486180484858,592.5600632068023,654.9352401867744,706.4594679285906,749.0204792061069,784.1775981094903,813.2188732980721
370,0.0054687500000000005,183.09819854338417,318.73016057470994,430.72138140872767,523.2257353589274,599.6362360875058,662.7530006767728,714.8888183503436,757.9540987816079,793.5268877855079,822.9106912775862
371,0.004687500000000001,184.98788044464024,322.02162149880894,435.1717360436443,528.634592160519,605.8379713576807,669.6107155136643,722.2893592416743,765.803939588096,801.7487244340906,831.4406264912236
372,0.00390625,186.58548176305897,324.80076979980885,438.9250965672863,533.1914345829093,611.057410371309,675.3764649464539,728.505431932522,772.3911031051264,808.6415771838584,838.5851848354596
373,0.003125,187.9018866756558,327.0941501024047,442.0265306689453,536.9615190141932,615.3809029469046,680.1580910740778,733.6664269578912,777.8663516549487,814.3772469216533,844.5367697727579
374,0.0023437500000000003,188.92240983800605,328.8688979886748,444.42274626146093,539.8699260726033,618.7113565098696,683.8362070944582,737.6308225196103,782.0663718696729,818.7710906310302,849.0899433949386
375,0.0015625,189.65736646940402,330.1499343284399,446.15594217508334,541.9777254922561,621.1296109820769,686.5118566562068,740.5199807283398,785.1327398481858,821.9846442348211,852.425846975488
376,0.00078125,190.09482064804374,330.910075660054,447.1814720885579,543.2215188335309,622.5528205666395,688.0824487075769,742.2115379770046,786.9234769398279,823.8565965973205,854.3642021442513
377,0.0,190.24426773424523,331.1719021535052,447.5374013409266,543.6563639250127,623.0539521408351,688.6393678547921,742.8155179826687,787.5672635447181,824.5341580713741,855.0705213438696
378,0.02734375,37.11253976456222,64.6033436985252,87.30206040073995,106.05079535084637,121.5373720128259,134.3294048101085,144.89571051024157,153.62353397425923,160.83274421772444,166.7875576774321
379,0.026562500000000003,44.41476337250862,77.31732336526815,104.48610180343726,126.92834174025556,145.4668723806624,160.7807854115907,173.43101058238096,183.88090378596704,192.51322002794046,199.644132953618
380,0.028125,29.763991645245195,51.81373037303106,70.02125808037314,85.06146059556364,97.48568536520207,107.74897994591763,116.22722147149032,123.23090818674895,129.01653050298222,133.79596401361871
381,0.05390625,-172.7669848684595,-300.7465040479617,-406.419415039919,-493.7051053532976,-565.8050774686154,-625.3614153088477,-674.556386582878,-715.1925926049593,-748.7590302115394,-776.4856510312686
382,0.053125000000000006,-169.506680274275,-295.0713814982377,-398.75080090527865,-484.3903341475537,-555.1310230113145,-613.5650453247911,-661.8334428510814,-701.7047604082223,-734.6398615390505,-761.8454579969825
383,0.05234375000000001,-165.98554357118815,-288.94168245759573,-390.4668184920215,-474.3264818663517,-543.5965018565777,-600.8152505667784,-648.0793344351889,-687.1205973292789,-719.3695889921951,-746.0079824951239
384,0.051562500000000004,-162.20749600186815,-282.3650807338201,-381.5797378312348,-463.53130275423996,-531.2255759126947,-587.1431222754579,-633.3327935091806,-671.4869821854492,-703.0036472321669,-729.0375388917087
385,0.05078125,-158.18074624780547,-275.35543942945935,-372.10686437062515,-452.02347819302906,-518.0364734522261,-572.5648605210674,-617.6066582881682,-654.8122757786986,-685.5449958261756,-710.9309275360037
386,0.05,-153.90824862468003,-267.91790547291527,-362.0561089998641,-439.8144470568096,-504.0449469123302,-557.1012671636022,-600.9274375257439,-637.129264158597,-667.0331824919095,-691.7348618368026
387,0.049218750000000006,-149.40071207280883,-260.0715386794908,-351.45274791606334,-426.93359979485695,-489.28257836810485,-540.7844182694702,-583.326232383676,-618.4668195706829,-647.4937906606954,-671.4707479551658
388,0.0484375,-144.66010576647406,-251.81892736556313,-340.300284094064,-413.3859893861759,-473.7567136663956,-523.624698067479,-564.8171647597726,-598.8434331598157,-626.9502372818955,-650.1674103390678
389,0.04765625,-139.69957288056236,-243.18421054896243,-328.63180864405325,-399.21153414540805,-457.51209397059904,-505.66986086030556,-545.4494070131202,-578.3083106077191,-605.4505719201277,-627.8707289847113
390,0.046875,-134.5200853073902,-234.16740197629258,-316.4463950291574,-384.4088700033393,-440.5476132478773,-486.91980922362916,-525.224607119911,-556.8655341509456,-583.0019363837237,-604.591461667652
391,0.04609375,-129.1371394243936,-224.7975710428769,-303.78474525498626,-369.02819703033686,-422.920895905804,-467.4376812752396,-504.2097054725582,-534.5843395379061,-559.67455012886,-580.3996793535133
392,0.045312500000000006,-123.55070384987272,-215.0721568407843,-290.6415089853656,-353.06174251894686,-404.62239085100543,-447.2128985384979,-482.39386596556386,-511.4543749288585,-535.4592357917078,-555.2880068208208
393,0.04453125000000001,-117.77853262351198,-205.02497992036828,-277.064748179951,-336.56967879513974,-385.7222504615701,-426.3235936787385,-459.86138431474507,-487.56447927725804,-510.44794979336416,-529.350273993343
394,0.043750000000000004,-111.81959128306926,-194.65092050801204,-263.04472168988826,-319.537872434605,-366.202537469373,-404.74877238703226,-436.5890071414183,-462.8899304900495,-484.61525217995063,-502.56101812406877
395,0.04296875,-105.69378207090423,-183.98834179413168,-248.63655511086446,-302.03609703643104,-346.14549971013867,-382.58108016218193,-412.6778657733784,-437.53862300361675,-458.07426939500317,-475.03724960149685
396,0.0421875,-99.39907382203317,-173.0295967045418,-233.82617653881084,-284.0439455968106,-325.5249243303956,-359.7892363001573,-388.0924329240036,-411.4716168921245,-430.78345574117986,-446.7355751404291
397,0.041406250000000006,-92.95739427756706,-161.81735454791047,-218.6754353378098,-265.64036281045685,-304.43464753812424,-336.47982794270246,-362.9500520244574,-384.815196869311,-402.8764102216365,-417.7954641852506
398,0.040625,-86.36572809259789,-150.3414880962724,-203.1660156066264,-246.79879391018633,-282.8403425057276,-312.61148084703336,-337.2031409182986,-357.5164452549483,-374.29573753965406,-388.1558604479436
399,0.03984375,-79.64789331514245,-138.6487097060043,-187.36610915571944,-227.60686796583866,-260.8468552817038,-288.30406665221045,-310.98453167816126,-329.7192584520462,-345.19468557466143,-357.97783255194196
400,0.0390625,-72.79990901098368,-126.72647443313046,-171.2532690104101,-208.0320461660201,-238.4119567009692,-263.5063726631699,-284.23488063833156,-301.3570672820745,-315.5003632929545,-327.1830376403775
401,0.03828125,-65.84733668885508,-114.6252496844918,-154.901609002248,-188.17010169314227,-215.6508562414451,-238.35081596725146,-257.10168955827476,-272.5904926671383,-285.3847226247984,-295.95315047247095
402,0.037500000000000006,-58.78525436901237,-102.33015014388364,-138.28468947627655,-167.98271230441628,-192.51368275779822,-212.77666116101938,-229.51421913732193,-243.3397243527356,-254.75982619854827,-264.19302463427454
403,0.03671875000000001,-51.64080942568362,-89.89508712018912,-121.48208934854368,-147.57320482098623,-169.125298852115,-186.92805438395743,-201.63373142332395,-213.78111749728475,-223.81526985270787,-232.10382093329923
404,0.035937500000000004,-44.408169179259424,-77.30292669797007,-104.4635392932499,-126.89770983836186,-145.42849887154446,-160.73511197902832,-173.37852761311692,-183.8221128286154,-192.44861204283006,-199.5741760103114
405,0.03515625,-37.115899496850986,-64.6106917069147,-87.31359268024447,-106.0664707718046,-121.55702872222224,-134.35282042801316,-144.92263580745401,-153.6537124515039,-160.86592359202797,-166.82349649507427
406,0.034375,-29.757292959391634,-51.7991052686844,-69.99833713350154,-85.03034152492822,-97.44670093624725,-107.70257867718479,-116.17390140229982,-123.17117873661782,-128.95089037160193,-133.7248886781881
407,0.033593750000000006,-22.362157808767773,-38.9279501689227,-52.60677917670786,-63.905802419216805,-73.23932013490251,-80.94925800609619,-87.31804560838948,-92.57898314124411,-96.92478769115822,-100.51465229320436
408,0.0328125,-14.922953239942995,-25.97592541484874,-35.101572464929006,-42.63873366889326,-48.8641127731244,-54.00602456718308,-58.25302618631715,-61.760855423512,-64.65814595600521,-67.05114562619454
409,0.03203125,-7.470546091792156,-13.005205167097143,-17.575627920416956,-21.35113436094644,-24.47006791345112,-27.046617949722453,-29.1751124213697,-30.93347575558289,-32.38608072249717,-33.586104643348435
410,0.03125,0.003391335103557205,0.007404353747287754,0.011604517749963537,0.01575531274186876,0.01973772293174155,0.02349312666298687,0.02699643479958051,0.030241869443690766,0.033234843335509086,0.03598710102048487
411,0.030468750000000003,7.467123909282734,12.997720936703914,17.56388235607984,21.335169665666594,24.45004920097398,27.02277192763982,29.147693090888588,30.90274447386797,32.35229450897687,33.54950945007231
412,0.029687500000000002,14.92971488149688,25.99068815034347,35.12470936653598,42.670146253844166,48.903465274476304,54.05286434783176,58.30685059552881,61.821150298734366,64.72440793371659,67.12289476521232
413,0.02890625,22.358756485445095,38.92051143838615,52.59510485217143,63.88993434527745,73.21942233635512,80.9255557452678,87.29079129284571,92.54843650584876,96.89120417361404,100.47827634337652
414,0.05546875,-178.48326029556804,-310.6971235408721,-419.86630093530835,-510.0398729708055,-584.5252769998283,-646.0520194344256,-696.874574845244,-738.8551883548624,-773.5321237311374,-802.1760280986573
415,0.0546875,-175.7607995402055,-305.95846918739744,-413.4634328911935,-502.2629383458249,-575.6139031414333,-636.2041363232901,-686.2536695135716,-727.5962961078127,-761.7467775529027,-789.9563473332595
416,0.028125,29.763991645245195,51.81373037303106,70.02125808037314,85.06146059556364,97.48568536520207,107.74897994591763,116.22722147149032,123.23090818674895,129.01653050298222,133.79596401361871
417,0.05625,-180.93129507134722,-314.9592212765437,-425.62692550435537,-517.0389247765962,-592.5479325023417,-654.9208177036696,-706.4429146260062,-749.0019592944917,-784.1572720508748,-813.1968938394041
418,0.0,37.11253976456222,64.6033436985252,87.30206040073995,106.05079535084637,121.5373720128259,134.3294048101085,144.89571051024157,153.62353397425923,160.83274421772444,166.7875576774321
419,0.0,44.41476337250862,77.31732336526815,104.48610180343726,126.92834174025556,145.4668723806624,160.7807854115907,173.43101058238096,183.88090378596704,192.51322002794046,199.644132953618
420,0.07890625000000001,-129.13463605071334,-224.7921007995035,-303.77616625072073,-369.01654306358466,-422.90628970812384,-467.4202897724675,-504.1897148431476,-534.5619407765416,-559.649930626338,-580.3730180893027
421,0.078125,-134.52489256265872,-234.17790220246144,-316.46285730970743,-384.4312272183054,-440.5756286146785,-486.95316201905456,-525.2629403589846,-556.9084821059165,-583.0491405780616,-604.6425799644192
422,0.07734375,-139.69725893704353,-243.17915430678855,-328.6238790105303,-399.20076241067727,-457.49859361446687,-505.65378619950036,-545.4309301485861,-578.2876080825215,-605.4278169383687,-627.8460869696182
423,0.0765625,-144.6645211644407,-251.8285717398248,-340.31540464884455,-413.40652451637254,-473.7824459216699,-523.6553328874136,-564.8523742677185,-598.8828814404078,-626.9935950730113,-650.2143633809385
424,0.07578125000000001,-149.3986017813712,-260.06692749489827,-351.4455163314131,-426.9237763848048,-489.2702666523645,-540.7697590001845,-583.3093825229051,-618.4479401240696,-647.4730395827046,-671.4482760994966
425,0.07500000000000001,-153.91224490131773,-267.92663442462714,-362.0697944079604,-439.8330331975633,-504.06823700027513,-557.1289946135072,-600.9593055906,-637.1649688090656,-667.0724257150158,-691.7773591937557
426,0.07421875,-158.17885258008434,-275.35130162905875,-372.10037523501677,-452.0146633928779,-518.0254259015418,-572.5517065363247,-617.5915387248064,-654.7953351148515,-685.5263757973654,-710.9107635023232
427,0.0734375,-162.21104848237349,-282.37284035008537,-381.59190354504693,-463.547825055391,-531.246279887061,-587.1677709536162,-633.3611231034002,-671.5187224293558,-703.0385332036035,-729.0753177321806
428,0.07265625,-165.9838781684654,-288.9380434631643,-390.46111165298794,-474.31872978058874,-543.586786253336,-600.8036825454218,-648.0660378762988,-687.1056992951364,-719.3532141296325,-745.990249841418
429,0.07187500000000001,-169.5097670251438,-295.07812385596367,-398.76137177098843,-484.4046905201184,-555.1490129206853,-613.5864628759633,-661.8580588421912,-701.7323400044484,-734.670174546247,-761.8782847008974
430,0.07109375000000001,-172.76555796954742,-300.743386218909,-406.41452554528905,-493.69846356999454,-565.7967534320967,-625.3515042142874,-674.5449945725468,-715.1798285441035,-748.745000893438,-776.4704584411335
431,0.0703125,-175.76340150396138,-305.9641526477122,-413.47234361041546,-502.2750400889633,-575.6290678148064,-636.2221903738517,-686.2744197387799,-727.6195445543076,-761.7723301771478,-789.9840189241681
432,0.06953125,-178.4820806735537,-310.6945460359705,-419.8622588162843,-510.0343822668331,-584.5183956165897,-646.0438260743424,-696.8651572582424,-738.8446365399022,-773.5205259726426,-802.1634687049677
433,0.06875,-180.93339618416243,-314.9638107415329,-425.63412103648164,-517.0486971238456,-592.56017823339,-654.9353966759865,-706.4596708279021,-749.0207328763031,-784.1779063188648,-813.2192392311471
434,0.06796875,-183.09820201850985,-318.73017070869645,-430.7214017251016,-523.2257695098459,-599.636287670247,-662.753073096823,-714.8889147278264,-757.9542218945093,-793.5270400418192,-822.9108747087193
435,0.0671875,-184.98787633076773,-322.0216122563433,-435.17172265385074,-528.6345771264035,-605.8379582640015,-669.6107086596762,-722.2893633446154,-765.8039595512839,-801.7487651702684,-831.4406927911778
436,0.06640625,-186.58546208286143,-324.8007179428978,-438.92500405182216,-533.1912960207322,-611.0572227756438,-675.3762272354161,-728.5051445445264,-772.3907676845366,-808.6411963169062,-838.5847618259927
437,0.065625,-187.9018447271164,-327.0940435031826,-442.0263459846072,-536.961249305044,-615.380545992633,-680.157648165585,-733.6659019935078,-777.8657504322498,-814.3765765733893,-844.5360383165726
438,0.06484375,-188.92236075038642,-328.86876080063513,-444.4224878679596,-539.869521026348,-618.7107870857201,-683.8354625670179,-737.6298981474254,-782.065267832081,-818.7698110295362,-849.0884953648386
439,0.06406250000000001,-189.6573357907727,-330.14983126117346,-446.15573000457124,-541.9773769689258,-621.1291082089663,-686.5111898249761,-740.5191466554327,-785.1317405961523,-821.9834859041454,-852.4245386832991
440,0.06328125000000001,-190.09449026550504,-330.90921844965254,-447.1799593661104,-543.219271061405,-622.549793848477,-688.0786251143629,-742.206918422213,-786.9180758567843,-823.850437935979,-854.3573163528229
441,0.0625,-190.24352633745764,-331.1701355875789,-447.53441569691455,-543.6520340361725,-623.0482031332074,-688.6321619633438,-742.8068448253549,-787.5571328291364,-824.5225940728218,-855.0575587030977
442,0.06171875,-190.0946240619606,-330.9095107951943,-447.1804178267598,-543.2198938168561,-622.5505743293388,-688.0795543930469,-742.2079865454822,-786.9192726167593,-823.8517533196055,-854.3587407982956
443,0.060937500000000006,-189.65680230957992,-330.14866597232617,-446.15390301550315,-541.9748957035191,-621.1259989265537,-686.5074881069662,-740.5148921132976,-785.1269738165153,-821.9782466728587,-852.418864975948
444,0.06015625000000001,-188.92276131697474,-328.8696360404317,-444.42386043333715,-539.8713854682338,-618.7131237367896,-683.8382446996686,-737.6330959632545,-782.0688507701955,-818.7737491122131,-849.0927599652498
445,0.059375000000000004,-187.90078105808934,-327.0917201210878,-442.0227032905183,-536.9563021021976,-615.3743466384898,-680.1502676038338,-733.6574192027643,-777.8562463351474,-814.3661304957542,-844.5247259747148
446,0.05859375,-186.58612695636944,-324.80217069764086,-438.9272822897323,-533.1943906994356,-611.0611012521792,-675.38084514732,-728.5104524317848,-772.3967148210854,-808.6477329443,-838.5918404277817
447,0.0578125,-184.98628904032222,-322.0181451278746,-435.16628675335704,-528.6271945477165,-605.8287071413076,-669.5996948620536,-722.2767047306829,-765.789776880011,-801.7331768172191,-831.4238117451155
448,0.057031250000000006,-183.09912711046292,-318.7321920497829,-430.72457163980096,-523.2300754213825,-599.6416841630415,-662.7594984476964,-714.896300119834,-757.9624967482174,-793.5361351233806,-822.9207239031995
449,0.08046875,-117.77585520394246,-205.01912926976456,-277.0555724595437,-336.55721408675595,-385.7066279816587,-426.3049919281239,-459.84000240080667,-487.5405214713868,-510.4216165229576,-529.3217566978223
450,0.07968750000000001,-123.55587327706871,-215.0834480571057,-290.65921127217615,-353.08578363986896,-404.6525161416349,-447.248763085694,-482.435085876441,-511.50055692075796,-535.5099943888964,-555.3429741254715
451,0.05625,-180.93129507134722,-314.9592212765437,-425.62692550435537,-517.0389247765962,-592.5479325023417,-654.9208177036696,-706.4429146260062,-749.0019592944917,-784.1572720508748,-813.1968938394041
452,0.08125,-111.8250909582181,-194.66293296075676,-263.0635545905384,-319.5634488581096,-366.2345864286009,-404.7869268999342,-436.6328587730331,-462.9390608301095,-484.6692511354625,-502.61949431196945
453,0.0,-178.48326029556804,-310.6971235408721,-419.86630093530835,-510.0398729708055,-584.5252769998283,-646.0520194344256,-696.874574845244,-738.8551883548624,-773.5321237311374,-802.1760280986573
454,0.0,-175.7607995402055,-305.95846918739744,-413.4634328911935,-502.2629383458249,-575.6139031414333,-636.2041363232901,-686.2536695135716,-727.5962961078127,-761.7467775529027,-789.9563473332595
455,0.10703125000000001,117.778526789581,205.024965478745,277.0647236780654,336.56964374460244,385.7222050360119,426.3235384858687,459.86132022743277,487.5644073106477,510.44787101726695,529.3501894714437
456,0.10625000000000001,111.81958522204246,194.6509054748482,263.04469613679487,319.53783581385414,366.2024899243013,404.7487145179766,436.5889398314798,462.88985477769455,484.6151691676424,502.5609289143967
457,0.10546875,105.69377577340089,183.9883261440136,248.63652845981332,302.0360587734004,346.1454499454143,382.5810194870709,412.67779508052075,437.5385433549372,458.0741819264522,475.03715545597873
458,0.1046875,99.39906727922241,173.02958041357297,233.82614874576313,284.0439056233477,325.5248722507806,359.7891726945799,388.0923586933208,411.47153312104666,430.7833635990106,446.73547581069073
459,0.10390625,92.95738747935953,161.81733758872448,218.67540635234786,265.64032104871865,304.43459303527936,336.47976126593073,362.94997408198157,384.81510876867736,402.87631316631933,417.79535940084526
460,0.10312500000000001,86.3657210294647,150.3414704429753,203.16598538084162,246.7987502857521,282.8402854752785,312.61141096224327,337.2030590930888,357.5163526187468,374.29563532974873,388.1557499321394
461,0.10234375000000001,79.64788597627786,138.6486913292324,187.36607763541483,227.60682239487917,260.84679560677404,288.3039934073232,310.9844457819031,329.7191610556703,345.1945779500523,357.9777160105996
462,0.1015625,72.79990138613364,126.72645530488671,171.25323614356395,208.03199856740085,238.4118942673337,263.50629590790135,284.23479048260793,301.3569648976804,315.50024998574014,327.18291476546324
463,0.10078125,65.8473287664938,114.62522977338382,154.90157473079972,188.17005197688286,215.65079092341628,238.3507355377608,257.1015949398489,272.5903850519074,285.3846033533056,295.95302094495645
464,0.1,58.785246138138255,102.33012941971688,138.2846537438621,167.9826603822337,192.51361443058778,212.77657689249835,229.5141198488153,243.33961125501884,254.75970066589178,264.1928881116965
465,0.09921875000000001,51.64080087404184,89.89506554951744,121.48205209318128,147.57315059663736,169.12522738103243,186.92796610050425,201.6336272461438,213.78099865545605,223.81513775487568,232.1036770707528
466,0.09843750000000001,44.408160295085224,77.3029042483259,104.46350045403364,126.8976532160176,145.42842412056152,160.7350195002726,173.3784183194423,183.82198796521934,192.44847305135895,199.57402442764908
467,0.09765625,37.11589026718105,64.61066834284428,87.31355219133694,106.06641164902783,121.55695054769525,134.35272356599557,144.92252116326355,153.6535812859273,160.8657773802499,166.82333682103186
468,0.096875,29.757283371712226,51.79908095543336,69.99829492934893,85.03027979806495,97.44661919036731,107.70247723507647,116.17378115798434,123.17104096371231,128.95073657696142,133.72472049171165
469,0.09609375,22.362147849471043,38.92792486918162,52.60673518786625,63.905737979977125,73.23923466548916,80.94915178434624,87.31791951498245,92.57883846187399,96.92462596473985,100.51447519698371
470,0.09531250000000001,14.922942895799583,25.97589909161811,35.10152662118702,42.638666405654796,48.86402342021451,54.00591335179724,58.25289397127407,61.76070350314304,64.65797589881937,67.05095915518154
471,0.09453125000000001,7.470535348640385,13.00517778145631,17.575580149159144,21.35106416020734,24.469974517170442,27.04650153058358,29.17497382195539,30.93331627784437,32.38590196473333,33.58590837555573
472,0.09375,-0.0034024911208357655,-0.0074328408764731645,-0.011654291199202048,-0.01582857043439647,-0.01983533472066169,-0.023614981008080037,-0.027141714753349526,-0.030409269679106635,-0.033422738949164796,-0.03619367724286078
473,0.09296875,-7.467135492706705,-12.997750565398697,-17.563934206699372,-21.335246097824314,-24.45015119423105,-27.022899435871548,-29.147845325519377,-30.90292012752254,-32.35249193020263,-33.549726778250246
474,0.0921875,-14.929726906660587,-25.99071896143121,-35.124763372992106,-42.67022598720862,-48.90357183300902,-54.052997758520675,-58.30701010458731,-61.821334601931504,-64.72461535710136,-67.12312340532435
475,0.09140625000000001,-22.358768967009,-38.92054347240159,-52.59516109053894,-63.89001749945193,-73.21953362959923,-80.92569528235258,-87.29095835789802,-92.54862979947075,-96.89142199973291,-100.47851675488481
476,0.09062500000000001,-29.76400459776682,-51.81376367197095,-70.02131663240233,-85.06154730340552,-97.48580158729942,-107.7491258737214,-116.22739643463012,-123.23111089696849,-129.01675924717742,-133.7962168049941
477,0.08984375,-37.11255320241742,-64.60337830229685,-87.30212134162541,-106.05088573104022,-121.53749333256232,-134.32955735255928,-144.89589365407016,-153.6237464444577,-160.83298428494243,-166.78782331476134
478,0.0890625,-44.41477731008276,-77.31735931608534,-104.48616521645411,-126.92843592963972,-145.4669989998963,-160.7809448458021,-173.43120226820028,-183.881126469254,-192.51347196943902,-199.6444120914354
479,0.08828125,-51.637526213520864,-89.8879118392717,-121.47083501102608,-147.55791502325022,-169.10613401836352,-186.90523308327946,-201.6074976381607,-213.751721665301,-223.7829577986295,-232.06882754029698
480,0.08750000000000001,-58.79171815851618,-102.34426774720419,-138.30682187525434,-168.01276857874674,-192.5513440377459,-212.82149588121385,-229.5657471262415,-243.3974538114152,-254.82327518254223,-264.26173325181026
481,0.08671875000000001,-65.84413671222727,-114.61825652752808,-154.89064061914416,-188.15520074149262,-215.6321792035201,-238.32857595593813,-257.0761244194425,-272.5618465072864,-285.3532350288154,-295.91905034052417
482,0.0859375,-72.80618852249583,-126.74018975401725,-171.2747710164971,-208.06124668162767,-238.448546061253,-263.54993168329725,-284.2849428796998,-301.4131549816177,-315.56200823764493,-327.2497930223366
483,0.08515625,-79.64479622125582,-138.64194156994213,-187.3554939538493,-227.59244712316988,-260.8287803529575,-288.2825439677778,-310.959791475639,-329.69153700227696,-345.16421475075634,-357.94483386867677
484,0.084375,-86.37178453260937,-150.35471636653523,-203.18675427358426,-246.82695805735094,-282.87563356283124,-312.65349458281395,-337.2514274982062,-357.57054389830023,-374.35519665687724,-388.2202490785891
485,0.08359375000000001,-92.95441908621858,-161.81085296122225,-218.66523840155747,-265.62651043428485,-304.4172853966221,-336.459154301249,-362.9262880889203,-384.7885696194831,-402.8471423947691,-417.76376855377464
486,0.08281250000000001,-99.40486977910386,-173.04225617726735,-233.8460236608683,-284.0708992086474,-325.55869878011725,-359.8294447927385,-388.13864499892736,-411.52339159355444,-430.8403608927654,-446.79719829480723
487,0.08203125,-105.69094705694579,-183.9821466599643,-248.62683897926496,-302.02289803136546,-346.1289567121078,-382.56138214045245,-412.6552235354141,-437.51325284062835,-458.0463835407569,-475.007050782781
488,0.10859375,129.13713401954027,224.79755771661357,303.7847227312154,369.0281649287328,422.9208544530042,467.4376310887859,504.2096474022457,534.584274551566,559.6744792319324,580.3996035341012
489,0.1078125,123.55069823485871,215.0721429686616,290.6414854942288,353.0617089762434,404.6223474581019,447.21284590874166,482.39380496056367,511.4543065399984,535.4591610561922,555.2879267638632
490,0.08125,-111.8250909582181,-194.66293296075676,-263.0635545905384,-319.5634488581096,-366.2345864286009,-404.7869268999342,-436.6328587730331,-462.9390608301095,-484.6692511354625,-502.61949431196945
491,0.109375,134.52008010513376,234.16738917558843,316.4463734356266,384.4088392857984,440.54757365603746,486.91976137779614,525.2245518572847,556.8654724155596,583.001869149443,604.5913898859978
492,0.0,-117.77585520394246,-205.01912926976456,-277.0555724595437,-336.55721408675595,-385.7066279816587,-426.3049919281239,-459.84000240080667,-487.5405214713868,-510.4216165229576,-529.3217566978223
493,0.0,-123.55587327706871,-215.0834480571057,-290.65921127217615,-353.08578363986896,-404.6525161416349,-447.248763085694,-482.435085876441,-511.50055692075796,-535.5099943888964,-555.3429741254715
494,0.20703125,-105.69094612391676,-183.9821445548232,-248.62683573312026,-302.0228938312601,-346.12895181698525,-382.56137682615986,-412.6552180610745,-437.5132474301197,-458.0463783744654,-475.0070459960396
495,0.20625000000000002,-111.82508999039288,-194.66293077023244,-263.063551201497,-319.56344445720265,-366.23458127878183,-404.786921283755,-436.6328529577126,-462.9390550480598,-484.6692455753798,-502.61948911684095
496,0.20546875000000003,-117.77585419992022,-205.01912699020122,-277.05556892112423,-336.55720947541295,-385.70662256422577,-426.30498599387937,-459.83999622519946,-487.54051529557546,-510.4216105442102,-529.3217510670688
497,0.20468750000000002,-123.55587223560808,-215.08344568538527,-290.6592075790272,-353.0857788103779,-404.65251044656065,-447.2487568212133,-482.43507932648913,-511.5005503355477,-535.5099879745999,-555.3429680412975
498,0.20390625,-129.134634970289,-224.7920983316507,-303.776162395792,-369.01653800545586,-422.90628372132744,-467.42028316009305,-504.1897078977545,-534.5619337576213,-559.6499237492477,-580.3730115218419
499,0.203125,-134.524891441938,-234.1778996351073,-316.4628532871918,-384.43122192313666,-440.5756223251942,-486.95315504542464,-525.2629330026548,-556.9084746359773,-583.0491332194048,-604.6425728937925
500,0.20234375,-139.69725777439112,-243.1791516356552,-328.6238748128202,-399.2007568671247,-457.498587007037,-505.65377884544654,-545.4309223583792,-578.2876001350862,-605.4278090684313,-627.8460793632111
501,0.2015625,-144.66451995842186,-251.82856896126756,-340.3154002696324,-413.406518715276,-473.78243898429446,-523.655325138259,-564.852366026547,-598.8828729963111,-626.9935866709175,-650.2143552165431
502,0.20078125000000002,-149.39860053021368,-260.0669246042801,-351.44551176244505,-426.92377031384126,-489.2702593684461,-540.7697508350482,-583.3093738057441,-618.4479311543905,-647.473030615957,-671.448267341403
503,0.2,-153.9122436034717,-267.92663141799613,-362.06978964237453,-439.8330268467345,-504.0682293566718,-557.1289860162593,-600.9592963786021,-637.1649592925831,-667.0724161604054,-691.7773498171669
504,0.19921875,-158.17885123364815,-275.35129850141976,-372.1003702638966,-452.0146567488406,-518.0254178802451,-572.5516974842665,-617.5915289907223,-654.7953250200244,-685.5263656194006,-710.9107534681895
505,0.19843750000000002,-162.2110470856566,-282.3728370971294,-381.5918983608985,-463.54781810720067,-531.2462714736457,-587.1677614289883,-633.3611128264085,-671.5187117326565,-703.0385223764533,-729.0753070127909
506,0.19765625000000003,-165.98387671938673,-288.93804007943965,-390.4611062460832,-474.31872251368105,-543.5867774281297,-600.8036725234037,-648.0660270265709,-687.1056879620003,-719.3532026143616,-745.9902383938903
507,0.19687500000000002,-169.50976552188246,-295.07812033680636,-398.7613661331855,-484.4046829225597,-555.1490036679035,-613.586452337053,-661.8580473967789,-701.7323280088465,-734.6701623141674,-761.8782724943306
508,0.19609375,-172.76555640988656,-300.7433825584714,-406.41451966611174,-493.6984556260548,-565.7967437304403,-625.3514931315551,-674.5449824990254,-715.1798158483999,-748.7449879020879,-776.4704454286971
509,0.1953125,-175.7633998859073,-305.9641488408931,-413.47233748094743,-502.2750317855464,-575.6290576469098,-636.2221787257805,-686.2744070117518,-727.6195311295983,-761.772316394558,-789.984005071296
510,0.19453125,-178.48207899467283,-310.69454207637773,-419.8622524250854,-510.0343735867579,-584.5183849591739,-646.0438138314726,-696.8651438422003,-738.8446223449287,-773.5205113522155,-802.1634539602165
511,0.19375,-180.93339444229716,-314.9638066236256,-425.6341143738353,-517.0486880527973,-592.5601670674121,-654.9353838146452,-706.4596566948092,-749.0207178790469,-784.1778908250567,-813.2192235559422
512,0.19296875000000002,-183.0982002110868,-318.7301664256501,-430.7213947787295,-523.2257600293159,-599.6362759705565,-662.7530595851041,-714.8888998391444,-757.9542060501046,-793.5270236238736,-822.9108580469402
513,0.1921875,-184.98787445546583,-322.0216078021644,-435.1717154132,-528.6345672207868,-605.8379460097659,-669.6106944715914,-722.2893476694564,-765.8039428243302,-801.7487477887425,-831.4406750998579
514,0.19140625,-186.5854601368368,-324.80071331009293,-438.9249965034374,-533.1912856697564,-611.0572099393083,-675.3762123359879,-728.5051280406087,-772.3907500257649,-808.6411779160104,-838.5847430433893
515,0.19062500000000002,-187.90184270785647,-327.09403868524157,-442.02633811698894,-536.9612384916495,-615.3805325513513,-680.1576325262207,-733.6658846267352,-777.8657318024501,-814.3765571092836,-844.5360183947568
516,0.18984375000000003,-188.92235865485495,-328.86875578950514,-444.422479666594,-539.8695097286069,-618.7107730096177,-683.8354461497175,-737.6298798717773,-782.0652481775381,-818.7697904413029,-849.0884742362987
517,0.18906250000000002,-189.65733361624362,-330.1498260497744,-446.15572145691664,-541.9773651681778,-621.1290934729769,-686.5111725982702,-740.5191274332624,-785.1317198734295,-821.9834641430547,-852.4245162945762
518,0.18828125,-190.09448800870604,-330.90921302927853,-447.1799504564414,-543.2192587338448,-622.5497784201107,-688.0786070368557,-742.2068982033092,-786.9180540071881,-823.8504149353748,-854.3572926299507
519,0.1875,-190.2435239954226,-331.1701299505115,-447.53440641152673,-543.6520211613567,-623.0481869849255,-688.6321430003603,-742.8068235681078,-787.5571098045061,-824.5225697784991,-855.057533586412
520,0.18671875,-190.09462163113508,-330.9095049319787,-447.1804081485581,-543.2198803688742,-622.5505574257312,-688.079534499409,-742.207964195018,-786.9192483528669,-823.8517276585308,-854.3587142066553
521,0.1859375,-189.65679978675425,-330.14865987457495,-446.153892929545,-541.9748816600091,-621.1259812374018,-686.5074672445031,-740.5148686236669,-785.1269482600048,-821.9782195847823,-852.418836842815
522,0.18515625000000002,-188.92275869831047,-328.8696296979134,-444.4238499210884,-539.871370801054,-618.7131052235692,-683.8382228191507,-737.6330712745703,-782.0688238508693,-818.7737205172026,-849.0927302017047
523,0.184375,-187.90077834009196,-327.09171352465603,-442.02269233564505,-536.95628678684,-615.3743272679893,-680.1502446631881,-733.657393264227,-777.8562179938361,-814.3661003267855,-844.5246945064999
524,0.18359375,-186.58612413488623,-324.8021638362079,-438.9272708721173,-533.1943747053048,-611.0610809824503,-675.3808210928613,-728.5104251779923,-772.3966849810174,-808.6477011138392,-838.591807157399
525,0.18281250000000002,-184.98628611157764,-322.01813799151313,-435.16627485520684,-528.6271778480249,-605.8286859359303,-669.5996696474956,-722.2766761055692,-765.7897454756716,-801.7331432508139,-831.4237765898088
526,0.18203125000000003,-183.09912406996847,-318.7321846264853,-430.72455923929044,-523.2300579828814,-599.641661976356,-662.7594720145099,-714.8962700519876,-757.9624636956619,-793.5360997251878,-822.920686756078
527,0.18125000000000002,-180.9312919150058,-314.95921355550297,-425.6269125820559,-517.0389065699475,-592.5479092943402,-654.9207900008536,-706.4428830534597,-749.0019245210856,-784.1572347380925,-813.196854608142
528,0.18046875,-178.4832570185402,-310.69711550910273,-419.86628746756486,-510.0398539599053,-584.5252527208435,-646.0519903982099,-696.8745416900701,-738.8551517688659,-773.5320843988753,-802.175986666119
529,0.1796875,-175.76079613802872,-305.95846083311267,-413.4634188567658,-502.26291849851236,-575.6138777474829,-636.2041058974434,-686.2536347072455,-727.5962576286624,-761.7467361090422,-789.956303596417
530,0.17890625,-172.76698133587269,-300.74649535704583,-406.4194004130744,-493.7050846302558,-565.8050509055454,-625.361383423749,-674.5563500402124,-715.1925521322385,-748.7589865411235,-776.4856048615873
531,0.178125,-169.5066766064464,-295.07137245787635,-398.75078566284463,-484.3903125135815,-555.1309952308327,-613.5650119185054,-661.8334044963642,-701.7047178526425,-734.6398155396678,-761.8454092795691
532,0.17734375000000002,-165.9855397624227,-288.94167305249454,-390.4668026060763,-474.32645927872204,-543.5964727997423,-600.8152155634159,-648.0792941754258,-687.1205525810642,-719.3695405380021,-746.0079310890885
533,0.1765625,-162.20749204691398,-282.36507095001133,-381.57972127644956,-463.531279174365,-531.2255455264121,-587.1430856067237,-633.332751260637,-671.4869351455537,-703.00359620922,-729.0374846688374
534,0.17578125,-158.18074214054553,-275.3554292504508,-372.10684711680955,-452.0234535746067,-518.0364416724971,-572.5648221044097,-617.6066139495133,-654.8122263273151,-685.5449420969254,-710.9308703420817
535,0.17500000000000002,-153.90824435944535,-267.9178948835502,-362.05609101942076,-439.8144213576429,-504.0449136808959,-557.1012269238346,-600.9273910044961,-637.1292121859866,-667.0331259297178,-691.7348015288937
536,0.17421875000000003,-149.4007076429516,-260.07152766185493,-351.45272917617854,-426.93357296456895,-489.2825436152489,-540.7843761165516,-583.326183569167,-618.4667649458266,-647.4937311149458,-671.4706843641923
537,0.20859375000000002,-92.95441821922067,-161.81085101776256,-218.66523542543842,-265.62650661282896,-304.4172809807552,-336.45914955378214,-362.92628325341525,-384.7885649035405,-402.8471379630294,-417.7637645271609
538,0.2078125,-99.40486887973931,-173.04225415465714,-233.84602055272762,-284.07089520230545,-325.5586941305639,-359.82943976928834,-388.1386398528574,-411.5233865405034,-430.84035610512484,-446.7971939005717
539,0.17343750000000002,-144.6601011658334,-251.818915903146,-340.3002645645887,-413.38596137853,-473.7566773280888,-523.6246539185252,-564.8171135497441,-598.8433757610078,-626.9501746117197,-650.1673433055607
540,0.17265625,-139.6995681020047,-243.18419862246122,-328.6317882895347,-399.2115049058549,-457.5120559712031,-505.66981461744894,-545.4493532870794,-578.3082502920801,-605.4505059610236,-627.8706583237381
541,0.209375,-86.37178369693169,-150.35471449959616,-203.18675142498975,-246.82695441433336,-282.87562937231814,-312.65349010128574,-337.2514229617516,-357.5705395067634,-374.355192567447,-388.2202454054135
542,0.171875,-134.5200803442457,-234.16738956776095,-316.4463738167079,-384.4088394812724,-440.54757351708173,-486.91976079556423,-525.2245507648565,-556.8654707835684,-583.0018669790697,-604.5913872013796
543,0.0,-129.13713426894424,-224.79755813142066,-303.7847231461863,-369.028165166562,-422.9208543614121,-467.43763055545827,-504.2096463571695,-534.5842729628496,-559.6744770988652,-580.3996008795491
544,0.0,-123.55069849489495,-215.0721434068954,-290.6414859443409,-353.0617092580758,-404.6223474158119,-447.21284542641956,-482.3938039649692,-511.454304996585,-535.4591589622385,-555.2879241408592
545,0.24453125000000003,183.09912408234845,318.7321846956389,430.7245594043915,523.2300582699875,599.6416623972706,662.7594725691064,714.89627073162,757.9624644865155,793.5361006110073,822.9206877201736
546,0.24375000000000002,180.93129192739124,314.9592136256254,425.6269127500357,517.0389068625462,592.5479097237588,654.9207905670814,706.4428837477492,749.0019253293723,784.1572356437858,813.1968555941806
547,0.24296875,178.48325703093724,310.6971155801958,419.8662876384231,510.0398542579991,584.5252531587754,646.0519909760884,696.8745423990474,738.8551525946264,773.5320853244897,802.1759876741503
548,0.2421875,175.76079615044384,305.9584609051875,413.46341903052746,502.2629188021523,575.6138781940177,636.2041064871113,686.253635431106,727.5962584721551,761.7467370549026,789.956304626833
549,0.24140625,172.7669813482707,300.74649543003676,406.41940058964997,493.7050849393375,565.8050513605721,625.3613840250947,674.556350778847,715.1925529933573,748.7589875071252,776.485605914281
550,0.240625,169.506676618816,295.0713725317654,398.7507858422213,484.39031282811203,555.1309956943923,613.5650125316164,661.8334052499173,701.7047187315948,734.6398165260849,761.8454103548844
551,0.23984375000000002,165.9855397747288,288.94167312721504,390.4668027881631,474.3264595985949,543.5964732717213,600.815216188178,648.0792949437856,687.1205534777421,719.3695415447286,746.0079321869163
552,0.2390625,162.20749205915655,282.3650710255628,381.57972146125616,463.5312794996145,531.2255460068836,587.1430862432615,633.3327520439888,671.4869360602098,703.003597236581,729.0374857895772
553,0.23828125,158.1807421527075,275.35542932679476,372.1068473042807,452.02345390516774,518.0364421613937,572.5648227526584,617.6066147477985,654.8122272598968,685.5449431448715,710.930871485683
554,0.23750000000000002,153.90824437150692,267.9178949606564,362.0560912095298,439.81442169350987,504.04491417824937,557.1012275838779,600.9273918178612,637.129213136711,667.0331269985415,691.7348026957278
555,0.23671875000000003,149.4007076548958,260.0715277396825,351.45272936886494,426.9335733056688,489.2825441209814,540.7843767883122,583.3261843975386,618.4667659146247,647.4937322045799,671.4706855541892
556,0.23593750000000002,144.66010117764162,251.81891598166487,340.3002647598256,413.38596172485694,473.7566778422331,523.6246546020897,564.8171143932744,598.8433767481058,626.9501757224707,650.167344519109
557,0.23515625,139.69956811364418,243.184198701604,328.6317884872255,399.2115052572921,457.51205649363084,505.6698153126849,545.449354145636,578.3082512973469,605.4505070927596,627.8706595607018
558,0.234375,134.52008035569273,234.16738964749013,316.4463740168175,384.4088398378062,440.5475740478193,486.91976150255374,525.2245516385901,556.8654718072324,583.0018681321023,604.5913884621568
559,0.23359375,129.13713428017624,224.79755821168442,303.7847233486375,369.0281655280982,422.92085490035674,467.4376312740973,504.20964724597826,534.5842740048121,559.6744782730975,580.3996021640401
560,0.2328125,123.5506985058915,215.07214348765896,290.6414861491004,353.06170962460203,404.62234796299117,447.2128461567925,482.3938048690083,511.45430605708134,535.4591601579921,555.2879254494757
561,0.23203125000000002,117.77852707142556,205.02496602270247,277.0647243721502,336.5696444444854,385.7222056017218,426.32353880064716,459.8613202052146,487.5644068967547,510.447870185377,529.3501882188253
562,0.23125,111.81958551503885,194.65090604457862,263.0446968714088,319.5378365670386,366.20249055298143,404.7487149018895,436.58893988113596,462.88985443536535,484.61516840448496,502.56092772574306
563,0.23046875,105.69377607796626,183.98832674058428,248.6365292368002,302.0360595825532,346.1454506405444,382.58101994436265,412.6777952069905,437.5385430897271,458.0741812381186,475.03715433784413
564,0.22968750000000002,99.399067595731,173.02958103787026,233.82614956655704,284.04390649041045,325.52487301471893,359.7891732279052,388.092358899422,411.4715329358019,430.7833629882475,446.7354747656053
565,0.22890625000000003,92.95738780827571,161.8173382419269,218.67540721897933,265.6403219766258,304.4345938718546,336.4797618799624,362.9499743731566,384.8151086695246,402.87631263985025,417.7953584360478
566,0.22812500000000002,86.36572137118517,150.3414711260323,203.16598629485742,246.79875127661026,282.84028638706496,312.61141165989824,337.20305947245726,357.5163526088652,374.29563489067596,388.1557490505309
567,0.22734375,79.64788633131275,138.64869204342904,187.36607859902534,227.60682345188297,260.8467965979433,288.3039941936984,310.98444625540844,329.71916114175826,345.1945776057346,357.9777152201092
568,0.2265625,72.79990175490784,126.72645605124623,171.2532371584446,208.03199969284321,238.41189534070256,263.5062967862078,284.2347910537085,301.35696508329215,315.5002497396824,327.1829140694123
569,0.22578125,65.84732914954495,114.62523055327243,154.9015757993122,188.17005317419012,215.65079208347248,238.35073651349575,257.10159561496926,272.5903853442974,285.3846032134902,295.9530203519581
570,0.225,58.78524653592294,102.33013023423847,138.28465486782108,167.9826616539004,192.51361568041108,212.7765779691927,229.51412063178284,243.33961165815128,254.75970063626477,264.1928876255347
571,0.22421875000000002,51.6408012871455,89.89506640015662,121.48205327515356,147.5731519463905,169.1252287255103,186.92796728415237,201.63362814397348,213.7809991772619,223.81513784417402,232.10367670086367
572,0.2234375,44.408160724002315,77.30290513628053,104.4635016959947,126.89765464658355,145.42842556307528,160.73502079477174,173.3784193363851,183.82198861013424,192.44847326403746,199.57402417835308
573,0.22265625,37.11589071254116,64.61066926971392,87.31355349605775,106.06641316443778,121.55695209354101,134.3527249778532,144.9225223069474,153.6535820625883,160.86577772583607,166.82333670262977
574,0.22187500000000002,29.7572838340456,51.799081922509615,69.99829629896922,85.0302814012852,97.44662084324175,107.70247876857577,116.17378243310931,123.17104187705753,128.95073706045565,133.72472050910153
575,0.22109375000000003,22.3621483294451,38.927925878171784,52.606736625355964,63.90573967534211,73.23923643110224,80.94915344651963,87.31792092980879,92.57883952127334,96.9246265964939,100.51447536137229
576,0.22031250000000002,14.92294339398796,25.97590014392205,35.1015281288724,42.63866819640166,48.86402530261776,54.005915147361996,58.25289553100728,61.760704714101394,64.65797668445033,67.05095947212197
577,0.21953125,7.470535865768914,13.005178878927742,17.575581730265974,21.351066051048402,24.469976522579216,27.04650346720474,29.174975535610688,30.933317650600934,32.385902915566426,33.58590885732057
578,0.21875,-0.003401954434299991,-0.0074316967239575265,-0.01165263414626444,-0.01582657597188703,-0.019833201872502364,-0.023612898143075798,-0.02713984142058071,-0.030407729000353045,-0.03342161662024268,-0.03619302437876366
579,0.21796875,-7.467134935684817,-12.997749372572653,-17.56393247022391,-21.335243994650185,-24.450148927215796,-27.02289719844998,-29.147843282715,-30.90291840778012,-32.35249062403755,-33.54972594089848
580,0.2171875,-14.929726328636315,-25.99071771829279,-35.124761554351196,-42.67022377147621,-48.90356942697116,-54.05299536083557,-58.30700788594676,-61.82133269631348,-64.72461386005214,-67.12312237640253
581,0.21640625000000002,-22.358768367144673,-38.92054217680045,-52.59515918597415,-63.89001516564845,-73.21953107723982,-80.9256927153703,-87.29095595276102,-92.54862769583283,-96.89142029833111,-100.47851551976424
582,0.215625,-29.76400397534407,-51.8137623221352,-70.02131463893708,-85.06154484734046,-97.48579888330696,-107.7491231311707,-116.22739383596779,-123.23110858774552,-129.01675733354597,-133.7962153557013
583,0.21484375,-37.112552556535135,-64.6033768959082,-87.30211925519954,-106.05088314674678,-121.53749046902233,-134.32955442462784,-144.89589085028467,-153.62374391641768,-160.83298214438707,-166.78782163531793
584,0.21406250000000002,-44.414776639965595,-77.31735785122517,-104.48616303383359,-126.92843321254831,-145.46699597099374,-160.78094172559432,-173.43119925152587,-183.88112371399424,-192.51346959315805,-199.64441017287078
585,0.21328125000000003,-51.63752551819458,-89.88791031343239,-121.47083272781367,-147.5579121668891,-169.10613081550093,-186.90522976012002,-201.60749439596103,-213.75171866838465,-223.7829551705706,-232.06882536513697
586,0.21250000000000002,-58.791717437142836,-102.34426615830658,-138.30681948793404,-168.01276557813043,-192.55134065455485,-212.82149234751915,-229.56574364993662,-243.39745056351146,-254.8232722928757,-264.2617308099719
587,0.21171875,-65.84413596377173,-114.61825487288962,-154.89063812299315,-188.15519758964933,-215.6321756307152,-238.3285722001532,-257.07612069532803,-272.56184299271087,-285.35323186007537,-295.9190476129694
588,0.2109375,-72.80618774605182,-126.74018803138286,-171.2747684076904,-208.06124337311533,-238.448542291857,-263.54992769708025,-284.28493889829645,-301.4131511900112,-315.56200477885926,-327.2497899977429
589,0.21015625,-79.64479541568456,-138.64193977637663,-187.35549122722648,-227.59244365037088,-260.82877637681963,-288.2825397384864,-310.95978722193826,-329.6915329164457,-345.16421098275976,-357.94483052613475
590,0.24531250000000002,184.986286123938,322.0181380596776,435.16627501741465,528.6271781296426,605.8286863483772,669.5996701905406,722.276676770676,765.7897462492807,801.7331441170093,831.4237775322738
591,0.209375,-86.37178369693169,-150.35471449959616,-203.18675142498975,-246.82695441433336,-282.87562937231814,-312.65349010128574,-337.2514229617516,-357.5705395067634,-374.355192567447,-388.2202454054135
592,0.0,-92.95441821922067,-161.81085101776256,-218.66523542543842,-265.62650661282896,-304.4172809807552,-336.45914955378214,-362.92628325341525,-384.7885649035405,-402.8471379630294,-417.7637645271609
593,0.0,-99.40486887973931,-173.04225415465714,-233.84602055272762,-284.07089520230545,-325.5586941305639,-359.82943976928834,-388.1386398528574,-411.5233865405034,-430.84035610512484,-446.7971939005717
594,0.14140625,129.13463494432,224.79209837252503,303.7761626054525,369.01653846675504,422.90628448778097,467.4202842561121,504.1897093235902,534.5619354957988,559.6499257707425,580.3730137912946
595,0.140625,134.52489141382551,234.1778996724402,316.4628534934285,384.4312223827851,440.57562309321355,486.95315614730305,525.2629344393199,556.9084763902607,583.0491352622801,604.6425751896622
596,0.13984375,139.69725774402062,243.17915166918777,328.6238750152259,399.2007573245809,457.4985877759671,505.6537799524387,545.4309238050566,578.2876019046013,605.4278111317643,627.8460816845289
597,0.1390625,144.66451992571066,251.82856899083043,340.3154004679771,413.40651917029123,473.78243975391774,523.6553262502265,564.8523674832222,598.8828747812042,626.9935887550448,650.2143575638579
598,0.13828125000000002,149.39860049504966,260.06692462961,351.4455119563073,426.9237707658484,489.27026013807114,540.7697519511986,583.3093752715446,618.4479329537247,647.4730327198864,671.4482697136713
599,0.1375,153.91224356576214,267.9266314389032,362.0697898314937,439.83302729544647,504.06823012603644,557.1289871364075,600.9592978534662,637.1649611064599,667.0724182844348,691.7773522149059
600,0.13671875,158.17885119326377,275.35129851760666,372.1003704478003,452.01465719362307,518.0254186485761,572.5516986075255,617.5915304736715,654.795326847392,685.5263677624149,710.9107558902265
601,0.13593750000000002,162.21104704250482,282.37283710840035,381.591898539313,463.5478185477473,531.2462722406576,587.1677625551471,633.3611143173565,671.5187135735952,703.0385245387342,729.0753094596346
602,0.13515625,165.9838766733504,288.93804008551064,390.4611064185465,474.3187229493629,543.5867781930483,600.8036736515686,648.066028524527,687.1056898154407,719.3532047947725,745.9902408643427
603,0.134375,169.50976547285165,295.0781203374515,398.76136629938156,484.40468335301773,555.1490044303837,613.5864534669489,661.8580489015919,701.7323298748064,734.6701645129323,761.8782749888499
604,0.13359375,172.76555635771612,300.7433825533518,406.41451982549745,493.698456050554,565.7967444895793,625.3514942621401,674.5449840095389,715.1798177256293,748.7449901178777,776.4704479458825
605,0.1328125,175.7633998304907,305.96414882978127,413.47233763319946,502.2750322037158,575.6290584023469,636.2221798567634,686.2744085278,727.6195330181052,761.7723186275937,789.9840076116124
606,0.13203125,178.4820789358731,310.6945420589438,419.8622525696648,510.0343739978596,584.5183857099951,646.043814961791,696.8651453625989,738.8446242434284,773.5205136011267,802.1634565222156
607,0.13125,180.9333943800083,314.9638065996359,425.634114510405,517.0486884564388,592.5601678132301,654.9353849439798,706.4596582193647,749.0207197875224,784.1778930900458,813.2192261400794
608,0.13046875000000002,183.0982001451423,318.73016639471695,430.72139490666484,523.2257604246471,599.6362767103213,662.7530607122342,714.888901366495,757.954207967078,793.5270259033633,822.9108606515488
609,0.1296875,184.98787438574357,322.02160776402303,435.17171553211756,528.6345676073566,605.8379467430211,669.6106955961224,722.2893491993311,765.8039447497079,801.7487500828635,831.440677725328
610,0.12890625,186.585460063176,324.8007132643542,438.9249966126991,533.1912860466864,611.0572106649607,675.3762134566418,728.5051295715756,772.3907519579872,808.6411802230939,838.5847456879551
611,0.12812500000000002,187.90184263012242,327.09403863161486,442.02633821617303,536.961238858439,615.3805332688869,680.1576336425396,733.6658861584582,777.8657337413617,814.3765594294027,844.5360210587596
612,0.12734375,188.92235857287446,328.8687557275703,444.4224797550095,539.8695100843019,618.7107737178453,683.8354472603061,737.6298814026891,782.0652501214273,818.7697927726244,849.0884769177966
613,0.1265625,189.65733352986862,330.1498259792115,446.1557215340961,541.9773655122181,621.1290941713122,686.5111737025925,740.5191289629462,785.1317218220607,821.9834664855767,852.424518993843
614,0.12578125,190.09448791771663,330.90921294958054,447.17995052156715,543.2192590651122,622.5497791071641,688.078608133288,742.2068997299423,786.918055958573,823.8504172869671,854.357295344732
615,0.125,190.24352389966452,331.170129861338,447.5344064640952,543.6520214792395,623.048187660049,688.6321440882939,742.8068250911962,787.5571117583306,824.5225721390849,855.0575363169136
616,0.12421875,190.0946215303987,330.9095048328306,447.1804081877509,543.2198806722415,622.5505580875081,688.0795355771788,742.2079657126845,786.9192503070752,823.8517300259017,854.3587169505354
617,0.1234375,189.65679968087971,330.1486597650942,446.1538929548262,541.974881948203,621.1259818851263,686.5074683114358,740.5148701353481,785.1269502142137,821.9782219587964,852.4188396002214
618,0.12265625000000001,188.92275858707902,328.8696295775727,444.42384993158845,539.8713710728669,618.7131058557222,683.8382238734534,737.6330727782395,782.0688258028532,818.773722895465,849.0927329700938
619,0.12187500000000001,187.90077822333532,327.09171339307454,442.0226923307896,536.9562870415604,615.3743278838,680.1502457041138,733.6573947592425,777.8562199431339,814.3661027090801,844.5246972859528
620,0.12109375,186.5861240123739,324.80216369282334,438.9272708509727,533.1943749416312,611.0610815802755,675.3808221184628,728.5104266621457,772.3966869251998,808.6477034975459,838.5918099451295
621,0.1203125,184.98628598312823,322.0181378359153,435.1662748171511,528.6271780651797,605.8286865149173,669.5996706569324,722.2766775781183,765.7897474141739,801.7331456356154,831.4237793858047
622,0.11953125,183.09912393534134,318.7321844580794,430.7245591833296,523.2300581794722,599.64166253474,662.7594730056859,714.8962715105499,757.962465625857,793.5361021082465,822.920689557317
623,0.11875000000000001,180.93129177399825,314.959213373834,425.6269125074986,517.0389067451063,592.5479098311598,654.9207909728067,706.4428844971638,749.0019264422763,784.1572371189611,813.1968574144887
624,0.11796875000000001,178.4832568708586,310.69711531347326,419.8662873732631,510.03985411203377,584.52525323408,646.0519913485456,696.8745431161947,738.8551536780512,773.5320867743127,802.1759894741228
625,0.1171875,175.76079598346615,305.95846062304673,413.46341874198777,502.2629186266828,575.613878236098,636.2041068251091,686.2536361148206,727.5962595250447,761.7467384785018,789.9563064058491
626,0.11640625,172.76698117416123,300.7464951318729,406.4194002766879,493.7050847328679,565.805051367497,625.3613843263041,674.5563514264476,715.192554012726,748.7589889012542,776.4856076688708
627,0.115625,169.50667643735653,295.071372217071,398.7507855040395,484.39031258960205,555.1309956649534,613.5650127947501,661.8334058601296,701.7047197162706,734.6398178897547,761.8454120843111
628,0.11484375000000001,165.98553958563696,288.9416727952853,390.4668024235656,474.32645932634114,543.5964732037277,600.815216410598,648.0792955135757,687.120554424347,719.3695428742668,746.0079338872553
629,0.11406250000000001,162.20749186218202,282.36507067582403,381.5797210693438,463.5312791924407,531.2255458989605,587.1430864234884,633.3327525718719,671.4869369673485,703.003598530768,729.0374874598601
630,0.11328125,158.18074194754135,275.3554289584784,372.1068468837499,452.02345356121714,518.0364420111501,572.5648228878101,617.6066152304545,654.8122281238685,685.5449443996796,710.930873121602
631,0.1125,153.908244157898,267.91789457317293,362.0560907594448,439.81442131154523,504.0449139842262,557.1012276723707,600.9273922536847,637.1292139559888,667.0331282126145,691.7348042961772
632,0.11171875,149.40070743250772,260.0715273321986,351.4527288878135,426.9335728836776,489.28254388058525,540.7843768270156,583.3261847829192,618.4667666851793,647.4937333735274,671.4706871144698
633,0.11093750000000001,144.6601009462078,251.8189155535459,340.3002642467907,413.38596126148434,473.75667755385354,523.6246545892393,564.8171147264021,598.8433774681882,626.9501768447032,650.1673460378781
634,0.11015625000000001,139.69956787279366,243.1841982519389,328.6317879406664,399.2115047503426,457.51205615443536,505.6698152448579,545.4493544225588,578.3082519625415,605.4505081634614,627.8706610328007
635,0.14296875,117.77585417802936,205.0191270376838,277.05556913693334,336.5572099391807,385.70662332669167,426.3049870774114,459.8399976287952,487.5405170012287,510.4216125229616,529.3217532840752
636,0.1421875,123.55587221172149,215.08344572966658,290.65920779192646,353.0857792731318,404.6525112112872,447.24875791129205,482.43508074153624,511.50055205781655,535.5099899750957,555.3429702849182
637,0.109375,134.52008010513376,234.16738917558843,316.4463734356266,384.4088392857984,440.54757365603746,486.91976137779614,525.2245518572847,556.8654724155596,583.001869149443,604.5913898859978
638,0.14375000000000002,111.82508997043529,194.66293082078317,263.0635514200354,319.5634449217949,366.2345820388336,404.78692236066547,436.63285434990064,462.9390567372925,484.6692475327586,502.6194913078003
639,0.0,129.13713401954027,224.79755771661357,303.7847227312154,369.0281649287328,422.9208544530042,467.4376310887859,504.2096474022457,534.584274551566,559.6744792319324,580.3996035341012
640,0.0,123.55069823485871,215.0721429686616,290.6414854942288,353.0617089762434,404.6223474581019,447.21284590874166,482.39380496056367,511.4543065399984,535.4591610561922,555.2879267638632
641,0.17109375,-129.13713426894424,-224.79755813142066,-303.7847231461863,-369.028165166562,-422.9208543614121,-467.43763055545827,-504.2096463571695,-534.5842729628496,-559.6744770988652,-580.3996008795491
642,0.1703125,-123.55069849489495,-215.0721434068954,-290.6414859443409,-353.0617092580758,-404.6223474158119,-447.21284542641956,-482.3938039649692,-511.454304996585,-535.4591589622385,-555.2879241408592
643,0.16953125000000002,-117.77852706071367,-205.02496594153408,-277.06472416521564,-336.56964407313,-385.72220504648504,-426.32353805872555,-459.86131928613315,-487.56440581791253,-510.4478689682915,-529.3501868862784
644,0.16875,-111.81958550462514,-194.6509059630309,-263.0446966623215,-319.5378361908541,-366.20248998964485,-404.7487141483172,-436.5889389468362,-462.88985333791777,-484.6151671657174,-502.5609263688207
645,0.16796875,-105.69377606787685,-183.98832665871458,-248.63652902564422,-302.03605920164097,-346.14545006921816,-382.58101917925063,-412.6777942575802,-437.53854197377757,-458.07417997777026,-475.03715295665023
646,0.16718750000000002,-99.39906758598042,-173.02958095570557,-233.8261493533566,-284.043906104772,-325.52487243536086,-359.78917245114974,-388.0923579347212,-411.47153180108285,-430.78336170595554,-446.7354733596779
647,0.16640625000000003,-92.95738779890604,-161.8173381595535,-218.67540700385882,-265.64032158641294,-304.4345932846334,-336.4797610917398,-362.94997339334344,-384.815107516214,-402.87631133579436,-417.795357005572
648,0.16562500000000002,-86.36572136221939,-150.34147104349074,-203.16598607785804,-246.79875088184286,-282.8402857919569,-312.61141086012185,-337.20305847736586,-357.51635143670615,-374.2956335644997,-388.1557475950462
649,0.16484375,-79.64788632278953,-138.64869196080224,-187.36607838026927,-227.6068230527124,-260.8467959951178,-288.30399338254637,-310.98444524521994,-329.7191599509328,-345.19457625762215,-357.9777137398062
650,0.1640625,-72.79990174685436,-126.72645596858223,-171.2532369379825,-208.03199928929985,-238.41189473014632,-263.50629596360216,-284.23479002826315,-301.3569638735456,-315.50024836927537,-327.18291256382366
651,0.16328125,-65.84732914199398,-114.62523047064634,-154.90157557725757,-188.170052766416,-215.65079146534538,-238.35073567960498,-257.1015945744382,-272.59038411580156,-285.3846018209625,-295.953018821264
652,0.1625,-58.78524652890301,-102.33013015170121,-138.284654644229,-167.98266124193083,-192.51361505470393,-212.77657712394094,-229.51411957600558,-243.33961041064703,-254.75969922124904,-264.1928860692538
653,0.16171875000000002,-51.64080128069973,-89.89506631780252,-121.48205305016471,-147.5731515304016,-169.1252280924226,-186.9279664277526,-201.63362707316935,-213.7809979109721,-223.81513640689727,-232.10367511923124
654,0.1609375,-44.40816071816241,-77.30290505416653,-104.46350146967218,-126.89765422661951,-145.42842492260664,-160.73501992715538,-173.3784182503979,-183.82198732480015,-192.44847180412836,-199.5740225708786
655,0.16015625,-37.115890707350495,-64.61066918793675,-87.31355326854758,-106.06641274068289,-121.55695144590165,-134.35272409924568,-144.92252120601057,-153.65358075844802,-160.86577624353782,-166.82333506956556
656,0.15937500000000002,-29.757283829537656,-51.79908184113011,-69.99829607033965,-85.03028097378919,-97.44662018843576,-107.702477878911,-116.17378131706597,-123.1710405538477,-128.95073555538715,-133.72471884994178
657,0.15859375000000003,-22.362148325670102,-38.92792579730001,-52.60673639577267,-63.90573924431485,-73.23923576937034,-80.94915254605753,-87.31791979893002,-92.57883817927208,-96.92462506894054,-100.51447367641323
658,0.15781250000000002,-14.922943390981121,-25.975900063623317,-35.10152789841055,-42.63866776190091,-48.86402463397198,-54.0059142360429,-58.25289438513987,-61.76070335304509,-64.65797513402596,-67.05095776084718
659,0.15703125,-7.470535863580625,-13.00517879931436,-17.575581499096177,-21.35106561329163,-24.469975847270412,-27.0465025453008,-29.17497437503955,-30.933316270782917,-32.38590134257271,-33.58590712004367
660,0.15625,0.003401955766131162,0.007431775581019545,0.011652865940723801,0.015827016917349095,0.01983388382272098,0.023613830683354525,0.027141016843251497,0.030409127842227303,0.03342321257292793,0.036194788183396685
661,0.15546875,7.467134936106387,12.997749450552803,17.563932702458985,21.335244438548525,24.450149615533935,27.022898141328213,29.147844472675146,30.902919825321078,32.3524922426142,33.54972773088221
662,0.1546875,14.929726328108252,25.990717795321128,35.124761786937555,42.670224218252976,48.9035701216287,54.05299631409801,58.307009090589915,61.82133413281764,64.72461550164957,67.12312419310423
663,0.15390625000000002,22.358768365609478,38.92054225274761,52.59515941871348,63.89001561504824,73.21953177793905,80.92569367869041,87.2909571717418,92.54862915094148,96.89142196257824,100.47851736279732
664,0.153125,29.764003972759138,51.81376239691961,70.02131487173048,85.06154529927757,97.48579959000789,107.74912410458462,116.22739506942453,123.23111006171979,129.0167590208419,133.7962172256132
665,0.15234375,37.11255255283652,64.60337696938659,87.30211948782713,106.0508836009371,121.53749118139211,134.32955540776854,144.89589209782702,153.62374540885037,160.8329838543094,166.78782353166815
666,0.15156250000000002,44.414776635106136,77.31735792330691,104.48616326618364,126.92843366889083,145.46699668897645,160.78094271848295,173.43120051327983,183.8811252251381,192.5134713261027,199.64441209620986
667,0.15078125000000003,51.63752551210968,89.88791038397004,121.47083295965757,147.5579126250864,169.106131538746,186.90523076236812,201.60749567151177,213.7517201978056,223.78295692608629,232.0688273149937
668,0.15000000000000002,58.79171742978499,102.34426622720684,138.30681971915521,168.01276603807528,192.55134138300022,212.82149335914315,229.56574493940843,243.39745211146487,254.82327407136663,264.26173278691175
669,0.14921875,65.84413595506645,114.61825493998488,154.89063835333238,188.15519805100377,215.63217636396124,238.3285732207085,257.07612199824393,272.5618445586957,285.35323366101915,295.9190496164468
670,0.1484375,72.80618773594611,126.74018809656945,171.27476863701662,208.06124383575525,238.4485430298237,263.54992872656635,284.28494021476655,301.413152774273,315.562006602656,327.2497920283257
671,0.14765625,79.64479540410815,138.64193983949025,187.35549145528134,227.5924441139561,260.8287771191019,288.28254077644993,310.959788551474,329.6915345184696,345.16421282887126,357.9448325832601
672,0.146875,86.37178368382756,150.35471456052355,203.18675165162702,246.82695487872,282.8756301188138,312.65349114770373,337.25142430444237,357.5705411267777,374.3551944362615,388.2202474896439
673,0.14609375000000002,92.95441820451157,161.81085107632484,218.6652356503769,265.62650707764607,304.417281731021,336.45915060815673,362.92628460872265,384.78856654097586,402.84713985395064,417.76376663787215
674,0.1453125,99.40486886336215,173.0422542107286,233.8460207758033,284.0708956673875,325.5586948844741,359.82944083157327,388.1386412208497,411.5233881955716,430.84035801852974,446.797196038322
675,0.14453125,105.69094610578216,183.98214460820003,248.62683595401384,302.0228942961855,346.12895257403477,382.5613778957855,412.65521944113374,437.5132491021649,458.0463803096659,475.0070481601086
676,0.171875,-134.5200803442457,-234.16738956776095,-316.4463738167079,-384.4088394812724,-440.54757351708173,-486.91976079556423,-525.2245507648565,-556.8654707835684,-583.0018669790697,-604.5913872013796
677,0.14375000000000002,111.82508997043529,194.66293082078317,263.0635514200354,319.5634449217949,366.2345820388336,404.78692236066547,436.63285434990064,462.9390567372925,484.6692475327586,502.6194913078003
678,0.0,117.77585417802936,205.0191270376838,277.05556913693334,336.5572099391807,385.70662332669167,426.3049870774114,459.8399976287952,487.5405170012287,510.4216125229616,529.3217532840752
679,0.0,123.55587221172149,215.08344572966658,290.65920779192646,353.0857792731318,404.6525112112872,447.24875791129205,482.43508074153624,511.50055205781655,535.5099899750957,555.3429702849182
