,surface_points,surface_disp_step1,surface_disp_step2,surface_disp_step3,surface_disp_step4,surface_disp_step5,surface_disp_step6,surface_disp_step7,surface_disp_step8,surface_disp_step9,surface_disp_step10,surface_disp_step11,surface_disp_step12,surface_disp_step13,surface_disp_step14,surface_disp_step15,surface_disp_step16,surface_disp_step17,surface_disp_step18,surface_disp_step19,surface_disp_step20
0,0.24921875,101.76621215196833,182.3419935701318,255.68176983630133,322.43561145752756,383.19501011013307,438.4982850577435,488.8353978258686,534.6523063877172,576.3549202473149,614.3126979872396,648.8619209762142,680.3086727977595,708.931551067609,734.984135677325,758.6972353677784,780.280932569908,799.926444595031,817.8078177112139,834.0834690723804,848.8975901999415
1,0.2484375,101.57907956068064,182.01033118439088,255.21902579260228,321.85369652925954,382.5046721883381,437.70927794848865,487.9565894972048,533.6917646107919,575.3199865997033,613.2100539025515,647.6976473919915,679.0883042616423,707.6601249058302,733.666236708951,757.3370365834503,778.8822321453918,798.4926995726861,816.3421746511036,832.5887919470142,847.3764857806116
2,0.24765625000000002,101.13896548505276,181.2180890748639,254.10580555933132,320.44818140156457,380.8330632382857,435.79545242948353,485.82229048517036,531.3567865429147,572.8023481121375,610.5261564591005,644.8624201392953,676.1153360600848,704.5617845842297,730.4537825574555,754.0207160347677,775.4713725168622,794.9957906676319,812.7669439482204,828.9422730423213,843.6650806864761
3,0.246875,100.63835482109526,180.32477352174504,252.85552739451435,318.87313793147644,378.96246539538936,433.6558585221589,483.43786376580465,528.7495165005577,569.992247862232,607.5314410720737,641.6996684759232,672.7996378857183,701.1068743924316,726.8721613368713,750.323762081158,771.6694422819043,791.0983105432068,808.7824938026512,824.8786622512087,839.5294173325461
4,0.24609375,99.88816345218919,178.9769147298456,250.96319431922794,316.48508144024504,376.1231534350749,430.4057953105009,479.81392641285674,524.7852745170788,565.7182579990101,602.97551701496,636.8871268003581,667.7535221106868,695.848158995441,721.4199374857714,744.6954067084522,765.8807719885475,785.163721690032,802.7150900272885,818.6903705387734,833.2310936665102
5,0.24531250000000002,99.07716124939981,177.52745389497244,248.93309098199222,313.9266209773081,373.0838297448394,426.9288074653191,475.938583966586,520.5473530894545,561.150318837739,598.1071965056493,631.7453994926103,662.3629399341529,690.2310689139455,715.596679566307,738.684494383498,759.6990561183837,778.8265398840384,796.2364025502189,812.0828840089542,826.5063736425232
6,0.24453125000000003,98.02151767890615,175.63228814646988,246.27331139726255,310.57074545213715,369.09431892111394,422.362542799963,470.84734925148905,514.9782859554277,555.1463257748229,591.7073319599455,624.9852114025362,655.2747844255451,682.8443968170006,707.938297241012,730.7788011444808,751.5682603514431,770.4908557639444,787.7142290988905,803.3909680794042,817.6599582702097
7,0.24375000000000002,96.90512410338324,173.6356186756701,243.47589963254927,307.04464252976004,364.9050089114604,417.569599207288,465.504985568164,509.1358433504067,548.8487128607479,584.995423701282,617.8962117117394,647.8425560069819,675.099761309973,699.9093083700509,722.490993320737,743.0448749370485,761.7530470098118,778.7812515830502,794.2803473099447,808.3876459646341
8,0.24296875,95.55053662788858,171.20483001185508,240.06507141704506,302.7416372071578,359.78989470824257,411.71528412337443,458.97784082033564,501.996284083927,541.1517307891693,576.7910732660639,609.2300530686649,638.7560584216983,665.6306704098139,690.0919804549051,712.356699674409,732.6220788239991,751.0676558064233,767.856846273285,783.1383913775156,797.0476755302839
9,0.2421875,94.13563469282737,168.67326228460036,236.5175986933008,298.2696322087291,354.47642796786744,405.6359362914454,452.2013950772627,494.58534293046995,533.163273310053,568.2769609787687,600.2374898551689,629.3280089675097,655.8062409856913,679.9067654648221,701.8430970633923,721.8095771496667,739.983095523571,756.5246575488288,771.5808105462231,785.2849421094389
10,0.24140625,92.49045481137465,165.72183723246982,232.3767504567625,293.04602602922284,348.2672459834783,398.5296635337838,444.2785809899685,485.9193077022202,523.8207548482918,558.3187051326911,589.7187881199284,618.2991880926801,644.3131086969878,667.9910161991754,689.5426812904715,709.1590375407619,727.0138729417785,743.2653695673258,758.0575049611874,771.5213276902739
11,0.240625,90.78576803250775,162.6709796173287,228.10108884011743,287.6556914136884,341.8623832234052,391.2013944458781,436.1098343622567,476.98556138560497,514.1907070851794,548.0548842291066,578.8781068781776,606.9334482667186,632.4694600652217,655.7123743740573,676.8681079883524,696.1240866905648,713.6509057054733,729.6038410657195,744.1242252476906,757.3406992856567
12,0.23984375000000002,88.86013865625594,159.2171142904979,223.25574958493414,281.54368860379344,334.5974137316262,382.88697479575046,426.840195619185,466.84647675441886,503.2602492246735,536.4041158981803,566.5717100420421,594.0302968984075,619.0231415891093,641.7716643232948,662.4774020592541,681.323794011306,698.4778067985558,714.0914136719296,728.3029408957459,741.2382932338761
13,0.2390625,86.87617700363889,155.6657764717378,218.27826028207983,275.2682581559772,327.1406439135259,374.3549668029905,417.32951256074944,456.4450064767439,492.0479855672749,524.4538684325431,553.9497495885367,580.7969428879247,605.2332965974853,627.4753005667676,647.72000418188,666.1467620973901,682.9188231868462,698.1847768241742,712.0798692794599,724.7272019133088
14,0.23828125,84.68197017127721,151.73076480475558,212.75830258592765,268.3055403969794,318.86467670039275,364.88365993344786,406.77019776259624,444.89538116328293,479.5969758209927,511.1824158145059,539.931527766955,566.0990101003495,589.9166896010846,611.5955752911394,631.3277278525269,649.2879611794573,665.6353911129094,680.514845114609,694.0581453411793,706.3852765082133
15,0.23750000000000002,82.43096546239936,147.70084213530313,207.10967386096905,261.183704880055,310.40197422183144,355.20051692624315,395.9762163099891,433.09031723971793,466.8716256609259,497.61942134394707,525.606109226072,551.0796326906185,574.2656701865715,595.3696345803739,614.578492973919,632.0624231128687,647.9763210361142,662.4611733560355,675.6453062984515,687.6455225899197
16,0.23671875000000003,79.98170913091619,143.30894457233407,200.94912966327297,253.41319893796577,301.1660323815297,344.6307153000355,384.19232555630276,420.20135665360334,452.9768265037702,482.80910496344336,509.9624867877425,534.6775332773815,557.1732035934191,577.6487946289443,596.2857066707799,613.2490505064444,628.6891101959367,642.7426745014678,655.5342487438865,667.1771578443337
17,0.23593750000000002,77.47753965726955,138.82528314402865,194.6641877179263,245.48886765507683,291.74957374899515,333.85613852423097,372.1815959561827,407.065483291066,438.81684820376904,467.7169864741488,494.021933993029,517.9647350201881,539.7575068038049,559.5933187883006,577.6479030768971,594.0812113040885,609.0388316887082,622.6532788524154,635.0451678033196,646.3242825067246
18,0.23515625,74.78833422552187,134.0035769463522,187.9010383392229,236.95848052132084,281.6105988725173,322.2530071156448,359.24577918307585,392.9166502008042,423.56392345739164,451.4591143613053,476.8493563347236,499.9595904160786,520.9945581844335,540.1406156715258,557.5673843750419,573.4292540121505,587.8667503099203,601.0077799820912,612.9687638964576,623.8556684933826
19,0.234375,72.04643909836848,129.09382025732495,181.01853239505087,228.2805103485998,271.2984407199149,310.4534267581151,346.0923532146347,378.5309563526204,408.0566201927458,434.93092224098444,459.39195079442834,481.65641419317564,501.9215607108347,520.3669260322024,537.1559238148757,552.4372934272818,566.3464176686031,579.006522173326,590.5297671005684,601.0182408001568
20,0.23359375,69.1338643571831,123.872032644944,173.69447448204417,219.0428340177811,260.3189419967837,297.88850147779914,332.0843624933427,363.2094811998949,391.53960712567726,417.32572724894237,440.7962899993478,462.15922931626966,481.60380689628744,499.302288962135,515.4114724486531,530.074074138029,543.4199950358798,555.5674712194173,566.6241213294595,576.6879000067837
21,0.2328125,66.17114836818044,118.56645124812033,166.25683798829772,209.66472832214777,249.1746633082401,285.1366672858315,317.86933711842704,347.66266146445014,374.7805888704453,399.4633658548821,421.9296652267863,442.3785233269286,460.9911033528217,477.93230033227155,493.3522019777124,507.38741836403494,520.1622921910638,531.7900003794565,542.373556735078,552.0067245841373
22,0.23203125000000002,63.05316121061952,112.97677600491583,158.41702628007212,199.77671534544686,237.4223319014427,271.68741367070044,302.8755346606224,331.263004236356,357.1013180800756,380.6193873223448,402.0255669398787,421.5095017906847,439.243806826992,455.3855963832795,470.07787612556706,483.45081000397903,495.6228734191329,506.7019028463968,516.7860511943595,525.9646573808242
23,0.23125,59.88789052477431,107.30808074067158,150.47011510610088,189.75629388014548,225.5146417445245,258.06194610559186,287.68655167877506,314.6509116382735,339.19391172375964,361.532986264938,381.8660443911226,400.37322331767905,417.2184842341666,432.5510648784229,446.5068016769483,459.20933316464794,470.7711953280741,481.2948186009935,490.87343532198594,499.5919057119732
24,0.23046875,56.58371431760036,101.38497986542022,142.16288422730588,179.2789064670831,213.06193372686664,243.81128203069576,271.79937773168933,297.27417986792113,320.46137972267366,341.56640126618237,360.77622144452596,378.26102681025833,394.17572134206523,408.66129882333416,421.8460919730367,433.84690940452606,444.7700704725186,454.71234720222293,463.76182162413056,471.9986661284763
25,0.22968750000000002,53.23540396679125,95.38812037301136,133.75569419933367,168.67794920953938,200.46424801077043,229.39618797016936,255.7300839094566,279.69923540448,301.51599257582615,321.37363700791445,339.44809397370267,355.8994909565232,370.87357626226265,384.50301023827484,396.9085405483354,408.2000719148292,418.4776397894924,427.8322966018628,436.34691841525273,444.0969391542709
26,0.22890625000000003,49.76540999049563,89.16811154030587,125.0322605658755,157.67578325694697,187.38793750909676,214.43197227316617,239.04748665432524,261.4525606169521,281.8456895852976,300.40754386281867,317.30256958997853,332.6804457568016,346.67741033334795,359.4174672777248,371.013485147309,381.5681970541412,391.17511081227167,399.9193373645196,407.8783448077855,415.1226447148789
27,0.22812500000000002,46.25470348678987,82.88006066469507,116.21662523074028,146.55964931430867,174.1779261147928,199.31612681199235,222.19695606310094,243.02312147298278,261.97912833174877,279.2329138316521,294.93733475038516,309.2315215992558,322.242111213233,334.0843686538051,344.86320837248877,354.67412368014806,363.6040327421328,371.732048615617,379.13018013055756,385.863969840494
28,0.22734375,42.640285332332446,76.40149206873474,107.13077126627341,135.10053612965737,160.55863194668757,183.73061758551307,204.82178770031075,224.01899864937172,241.49232620917348,257.39657312446826,271.87264086498925,285.0487780370921,297.04171664928066,307.95770630812837,317.8934555365925,326.9369885610208,335.1684251474648,342.6606904186007,349.48016092068303,355.6872526814086
29,0.2265625,38.988827416830794,69.86101794913878,97.96104237321225,123.53776084409569,146.81773994411014,168.00721617964447,187.29391099021782,204.84869024658693,220.82707686951093,235.37062826870925,248.6081903125668,260.6570387536531,271.62391819731795,281.6059877715146,290.6916818829813,298.9614936832048,306.4886881720162,313.3399512762972,319.5759806346788,325.25202333847005
30,0.22578125,35.25226911345161,63.163831918498985,88.56878498321902,111.69234901850032,132.7394286652517,151.89650207100817,169.33329373405542,185.20428437798975,199.65008155930002,212.79866605419372,224.76652595729317,235.6596887956295,245.57466092399946,254.59928253272636,262.81350586956074,270.29010357600237,277.0953134045874,283.28942504977095,288.9273142732559,294.0589290723667
31,0.225,31.482572301909936,56.4112589576127,79.10149737031436,99.75422140283706,118.55237415225692,135.66248592791518,151.236137581558,165.41129980146434,178.3135542860242,190.0572059121265,200.74629526000527,210.47552027862233,219.33107522721474,227.39141428164388,234.7279465763272,241.40566883650726,247.48374119369313,253.01601130395883,258.051491393916,262.6347924764513
32,0.22421875000000002,27.646910908057205,49.53674566302827,69.46074253192155,87.59554118001682,104.1018423051476,119.12589364158417,132.80080312841514,145.24772343231524,156.57692699884973,166.88878359215167,176.27464974390594,184.81767820651612,192.5935546868206,199.67116839437838,206.11322236899161,211.9767889992799,217.31381564601207,222.17158486899146,226.59313331765372,230.617633012606
33,0.2234375,23.782216697427888,42.61370591988834,59.75426557861011,75.3556644080031,89.5560941049936,102.48135206000387,114.24594398550019,124.95409474850165,134.70067056949253,143.57201906307995,151.64673407529244,158.99635190625355,165.6859850522934,171.77489904087236,177.31703747301464,182.36149992148123,186.95297690787066,191.13214582915575,194.9360313236996,198.39833328474597
34,0.22265625,19.8711002740535,35.604248813995895,49.92445134110936,62.958677441180136,74.82243310434488,85.62083399245455,95.4495508350957,104.39566129816541,112.5384228513119,119.94997543407734,126.69598077179515,132.83620417753355,138.42504408215257,143.51201398905476,148.14218114448397,152.35656581345643,156.1925046917682,159.68398169148122,162.86192901413617,165.75450119478103
35,0.22187500000000002,15.935235844123461,28.55342531710903,40.03862908589213,50.492515039893796,60.00767146817179,68.66838725216597,76.55138699392779,83.72650715446107,90.25731359179959,96.2016642945253,101.61222181589841,106.53691976118645,111.01938742305913,115.09933628864142,118.81291184530191,122.19301379830578,125.2695875277069,128.06988938210787,130.6187281428638,132.93868481303656
36,0.22109375000000003,11.972777663971009,21.452239838793968,30.080359132446368,37.933652249513514,45.0817183477614,51.587892949982326,57.509819738532435,62.899964518194075,67.80608113523178,72.27163493827162,76.33618801987262,80.03574978039727,83.40309598985148,86.46805917778022,89.25779294181831,91.79701251936106,94.10821374766287,96.21187236856564,98.1266254280586,99.86943639327302
37,0.22031250000000002,7.990008987848972,14.317103452759557,20.076141344257977,25.318062878696765,30.08928208970834,34.432059673318285,38.38486608299906,41.98271880480361,45.25749142681054,48.238195595780276,50.95123788863249,53.42065368820138,55.668320093827745,57.71414971753228,59.57626708406565,61.27116919376656,62.813871662228216,64.21804174565654,65.49611941447841,66.65942756270609
38,0.21953125,4.000638863209507,7.1679705797306195,10.050811336482058,12.674753213500122,15.063059441968257,17.236894927068295,19.215520915343827,21.016467883583605,22.6556916374199,24.147714956579186,25.505756387319575,26.741847407039383,27.866939050932366,28.890998946766246,29.823099632152875,30.671498938803655,31.443713150728666,32.14658359946337,32.78633727155004,33.368641980530185
39,0.21875,-0.004478906012386318,-0.0074880163518120536,-0.01012227361950556,-0.012483209502412385,-0.014617213730858373,-0.01655233451619334,-0.01830945571440854,-0.019905964741129226,-0.021357057693535696,-0.022676298212994835,-0.023875892516012607,-0.024966867312818372,-0.025959196761436765,-0.026861912063512856,-0.027683194808002513,-0.02843045886926794,-0.02911042904873781,-0.029729204273547895,-0.03029232111401974,-0.030804803473153338
40,0.21796875,-3.9961652422472924,-7.160491693570049,-10.040703222664844,-12.662290150567404,-15.048468590922498,-17.220374739199926,-19.19724853302533,-20.996602902747586,-22.634378455222702,-24.12508451709991,-25.481927585248688,-26.71692828361768,-27.84102782901559,-28.86418494961772,-29.795464103464713,-30.6431157771786,-31.41464958073291,-32.11690077227655,-32.75609081643557,-33.33788249744142
41,0.2171875,-7.99893916806621,-14.332033233093359,-20.096323290912384,-25.34295200668294,-30.11842591752907,-34.465061650710744,-38.421371304434345,-42.02240703662064,-45.30007273692947,-48.28340709800485,-50.9988410354815,-53.47043191865473,-55.720076734289165,-57.76770610138264,-59.63146085742248,-61.327852784578575,-62.8719109062502,-64.27731463844535,-65.55651499010246,-66.72084487151633
42,0.21640625000000002,-11.968331700525237,-21.44480725340618,-30.070313684151742,-37.92126655178055,-45.067218172847085,-51.57147552655314,-57.49166111072187,-62.88022328792618,-67.78490079749591,-72.24914561741205,-76.31250786535689,-80.01098615581256,-83.37734650175766,-86.44141258884567,-89.2303299857631,-91.76880663081512,-94.07933172903547,-96.18237498688323,-98.09656796300737,-99.83886912666799
43,0.215625,-15.944083298893743,-28.568216624853342,-40.05862361585262,-50.51717277021734,-60.0365440542901,-68.701081786198,-76.58755184455092,-83.76582505396259,-90.29949730276871,-96.24645338173676,-101.65937996214303,-106.58623243524995,-111.0706597988493,-115.15239138110606,-118.86758883111223,-122.24916649849332,-125.32708304597696,-128.12860686804515,-130.6785576808902,-132.99952640947976
44,0.21484375,-19.866709460537447,-35.596908553775464,-49.91453084995863,-62.94644601233513,-74.80811374081003,-85.60462148489395,-95.43161903767461,-104.3761668306868,-112.5175074097884,-119.92776750825556,-126.67259702513005,-132.81175062234,-138.39961709607107,-143.48570121690605,-148.11506230308734,-152.32871341226587,-156.1639846914,-159.65485409295366,-162.83224840006935,-165.7243172126144
45,0.21406250000000002,-23.790926848962947,-42.62826739830798,-59.773949044640354,-75.37993807733737,-89.58451649929228,-102.51353631678573,-114.28154390776973,-124.99279799124297,-134.74219436774123,-143.61610704958264,-151.69315363450997,-159.04489187592134,-165.73645367269648,-171.82712211792276,-177.370856723706,-182.41677147900137,-187.00956998039482,-191.18994148165567,-194.99492138391216,-198.4582193456727
46,0.21328125000000003,-27.64260239627155,-49.5295431822399,-69.45100851787042,-87.58353997097706,-104.08779277139689,-119.10998693540385,-132.7832098357579,-145.2285972149644,-156.5564068681285,-166.8669955984407,-176.25170833304213,-184.79368737428283,-192.56860897692334,-199.6453537834633,-206.0866170563514,-211.9494641137265,-217.2858358919555,-222.14300910433533,-226.5640150847917,-230.58802101230404
47,0.21250000000000002,-31.491091413431434,-56.42550065781375,-79.12074803048829,-99.77796070016258,-118.5801701618882,-135.69396019878923,-151.2709514778739,-165.44914782753045,-178.3541598997364,-190.100318406318,-200.791687169559,-210.52298512875967,-219.38042552471376,-227.44247971570752,-234.78057239850335,-241.45971439707077,-247.53907862893703,-253.07252434388448,-258.1090742918744,-262.6933490331094
48,0.21171875,-35.24806953826357,-63.15681180617185,-88.55929779485446,-111.68065253366882,-132.7257362839053,-151.88100012946146,-169.31614849230206,-185.18564558246558,-199.63008466779996,-212.77743388831087,-224.74417002760583,-235.63631042884052,-245.55035223643023,-254.5741272930506,-262.7875802685029,-270.26347691498944,-277.06804872535076,-283.26157969722027,-288.8989404129762,-294.03007415214137
49,0.2109375,-38.997102919453354,-69.87485187723752,-97.97974113131215,-123.56081872469088,-146.84473720472712,-168.03778509527075,-187.32772256692985,-204.88544772281335,-220.86651163841992,-235.41249684077357,-248.652271790395,-260.7031326398678,-271.671842439258,-281.6555770102922,-290.74278587735284,-299.01397588582404,-306.54242445306704,-313.3948287641824,-319.6318966758552,-325.3088845487845
50,0.21015625,-42.63622066514467,-76.39469780330954,-107.12158974927642,-135.08921701801455,-160.54538186556644,-183.71561690684695,-204.8051973266012,-224.0009634781262,-241.47297729739503,-257.3760292951654,-271.8510099936953,-285.02615814513257,-297.01819684693504,-307.9333676297635,-317.8683716855784,-326.9112265758122,-335.1420460107948,-342.6337496017506,-349.45270888426154,-355.65933532156424
51,0.209375,-46.2626843378791,-82.8934013815713,-116.23465644908337,-146.58188300420494,-174.20395726861304,-199.34560067809844,-222.2295553096168,-243.05855990243523,-262.01714693518903,-279.27327784945146,-294.97983122896534,-309.2759572710512,-322.2883106060727,-334.13217239826076,-344.9124716789026,-354.72471496310817,-363.6558323880619,-371.78494786337114,-379.1840800677877,-385.9187804880799
52,0.20859375000000002,-49.76150537622654,-89.16158521676519,-125.02344169359729,-157.66491185583794,-187.37521216637788,-214.41756628432682,-239.0315545655191,-261.4352415727762,-281.8271094215908,-300.38781665867094,-317.28179890834855,-332.65872569759864,-346.6548264405881,-359.394097341915,-370.98939992095626,-381.54346089104513,-391.14978225250576,-399.89346965662247,-407.85198638970854,-415.0958396420311
53,0.2078125,-53.24304092954078,-95.40088546242539,-133.77294633123458,-168.69922098548304,-200.4891516201553,-229.42438380257948,-255.76126824380415,-279.73313437266575,-301.5523583706187,-321.4122450583862,-339.4887405975332,-355.9419913241035,-370.91776258155204,-384.548730130186,-396.95565558580086,-408.2484563035512,-418.5271791868341,-427.88288704402254,-436.39846535626083,-444.1493565890484
54,0.20703125,-56.57999390832486,-101.37876191689521,-142.1544827236499,-179.26855033634936,-213.04981230483142,-243.79756046808086,-271.78420325876436,-297.2576850080121,-320.44368430245027,-341.5476139049192,-360.756440741862,-378.2403423530292,-394.154214569988,-408.6390437937017,-421.82315604236794,-433.82335383701616,-444.7459509971506,-454.68771450953886,-463.7367218243668,-471.9731411586837
55,0.20625000000000002,-59.895136468131255,-107.32019131135053,-150.486481375337,-189.77647190844846,-225.53826327523367,-258.0886887447046,-287.71612718145445,-314.6830601556383,-339.2283981856043,-361.569597685518,-381.90458763010867,-400.41352313995804,-417.2603815804953,-432.5944153181882,-446.5514740177688,-459.255208197106,-470.8181647029427,-481.34278380936473,-490.92230678275627,-499.6416019388104
56,0.20546875000000003,-63.04964801411447,-112.97090494913313,-158.40909427617115,-199.76693884337953,-237.4108898292582,-271.67446201642144,-302.86121242440004,-331.247436492923,-357.0846178962151,-380.60165717553946,-402.0068998465627,-421.4899822610526,-439.2235116839905,-455.3645954849025,-470.0562330084041,-483.4285824569514,-495.6001140092528,-506.6786593869378,-516.7623671773255,-525.9405723605266
57,0.20468750000000002,-66.17795858059274,-118.57783245881778,-166.2722171004147,-209.68368753741478,-249.19685615979287,-285.1617905646761,-317.89711982562017,-347.69285937337304,-374.81298110437604,-399.49775233802757,-421.96586456628626,-442.41637097932244,-461.0304499902808,-477.97301038159924,-493.3941523085413,-507.43049710484485,-520.2063976714193,-531.8350401691439,-542.419446785624,-552.0533884446997
58,0.20390625,-69.13058012797235,-123.86654490172124,-173.68706127026385,-219.033697998212,-260.308250596024,-297.8764005582858,-332.0709819603388,-363.1949378970212,-391.524006649824,-417.309165290854,-440.7788534060559,-462.1409969884297,-481.58485055550983,-499.2826738264363,-515.3912578338791,-530.0533139932079,-543.3987384343332,-555.545762795322,-566.6020016819508,-576.6654060575016
59,0.203125,-72.05277159091646,-129.1044018241516,-181.03282922489586,-228.29813330332058,-271.31906722200335,-310.4767746321284,-346.1181703692322,-378.5590156887147,-408.0867163947312,-434.96286938700524,-459.42558037105414,-481.6915733788652,-501.9581108469007,-520.4047412563945,-537.1948898357367,-552.4773064183039,-566.387383281745,-579.048354642848,-590.5723884437882,-601.0615800869635
60,0.20234375,-74.7852993070773,-133.99850657353596,-187.89419001500622,-236.95004189078614,-281.6007248376081,-322.24183251241976,-359.2334240129507,-392.9032223443266,-423.54952037748905,-451.44382435882557,-476.83325953911265,-499.9427596201633,-520.9770595554108,-540.1225093754254,-557.5487251322488,-573.4100915909336,-587.8471299798083,-600.9877429160158,-612.9483475439658,-623.8349069098185
61,0.2015625,-77.4833553503367,-138.83499965317657,-194.6773137306144,-245.50504503748903,-291.7685057671186,-333.87756575674285,-372.2052867660359,-407.0912291077894,-438.8444605458666,-467.7462947316205,-494.0527835855119,-517.9969858070567,-539.7910316683655,-559.6280023737394,-577.683640653831,-594.1179077492278,-609.076400575492,-622.6916416248524,-635.0842530408044,-646.3640252515536
62,0.20078125000000002,-79.97894233050287,-143.30432305631493,-200.9428888416482,-253.40551030571757,-301.1570373695424,-344.62053688481734,-384.18107308724325,-420.1891283712641,-452.96371112307065,-482.7951828376853,-509.9478308219923,-534.6622096960397,-557.1572725904773,-577.6323109376518,-596.2687200697637,-613.2316062682086,-628.6712494996553,-642.7244347981269,-655.5156640962335,-667.1582592255394
63,0.2,-82.43622850725846,-147.70963358113877,-207.12154784283513,-261.1983364188389,-310.4190942194742,-355.21989029369496,-395.9976332831484,-433.1135890618078,-466.8965818521741,-497.6459076682928,-525.6339860026303,-551.1087733393222,-574.2959599333236,-595.4009693025445,-614.6107781675319,-632.0955729615946,-648.0102575843819,-662.4958257577745,-675.6806101503606,-687.6814193209962
64,0.19921875,-84.67948865058383,-151.72662087738985,-212.75270815396092,-268.29864976953826,-318.8566169731765,-364.87454146267356,-406.7601185625549,-444.8844292165945,-479.5852305340997,-511.1699490842556,-539.9184048115656,-566.085290155564,-589.9024265056111,-611.5808179980875,-631.3125208829052,-649.2723450226953,-665.6194025964659,-680.498517729818,-694.0415095476692,-706.3683600001049
65,0.19843750000000002,-86.8808549152938,-155.6735884793935,-218.28880863907378,-275.2812529862589,-327.1558453793653,-374.3721655778266,-417.3485220391343,-456.4656588802297,-492.0701294760225,-524.4773669470287,-553.9744788032053,-580.8227905805312,-605.2601610621224,-627.5030895754866,-647.7486340573308,-666.1761568773998,-682.9489138848724,-698.2155007574689,-712.1111694746227,-724.7590265615075
66,0.19765625000000003,-88.85795783230795,-159.21347376299,-223.25083647708405,-281.5376391076526,-334.59033983088773,-382.8789735423963,-426.8313530784925,-466.8368700956048,-503.24994804205255,-536.3931831749395,-566.5602028940639,-594.0182671953509,-619.0106364712558,-641.758726651708,-662.4640708137473,-681.3101046402851,-698.4637915430995,-714.0771018503527,-728.2883591704114,-741.2234658431131
67,0.19687500000000002,-90.78983199437796,-162.67776395209467,-228.11024629063954,-287.6669689351718,-341.8755716793698,-391.21631154079546,-436.1263177899079,-477.00346537878266,-514.2099002225696,-548.0752478015526,-578.8995335322651,-606.9558408451862,-632.4927305739463,-655.7364430656379,-676.8929025453715,-696.149541490366,-713.6769611722422,-729.6304430821739,-744.1513246363472,-757.3682513328727
68,0.19609375,-92.48858822591566,-165.7187227785306,-232.3725493609816,-293.04085554789316,-348.26120230518086,-398.5228298048363,-444.2710307871164,-485.9111068930489,-523.811962772511,-558.3093754582221,-589.708969495467,-618.2889246903302,-644.3024406574974,-667.979980017786,-689.5313101569656,-709.1473616361982,-727.001919714971,-743.2531639762439,-758.0450697006391,-771.5086833877793
69,0.1953125,-94.13905961398808,-168.67897695144455,-236.52530840044264,-298.2791222475291,-354.4875211576292,-405.6484784721129,-452.2152492351761,-494.60038620909904,-533.1793951040756,-568.2940615129655,-600.2554790048756,-629.3468052561817,-655.8257706917316,-679.9269618315951,-701.8638995979371,-721.8309309916051,-740.0049508926086,-756.5469692429295,-771.603537502675,-785.3080469999014
70,0.19453125,-95.5489958355719,-171.20226097994336,-240.06160851914677,-302.7373780655862,-359.7849191324787,-411.70966084051565,-458.97163045716724,-501.9895407901036,-541.1445032722186,-576.7834055359453,-609.2219849960615,-638.7476261984749,-665.6219069207498,-690.0829155961629,-712.34736063364,-732.6124903222058,-751.0578403250835,-767.8468242501816,-783.1281813947817,-797.0372944728938
71,0.19375,-96.90788873117826,-173.64022810382082,-243.48211345008895,-307.05228564069034,-364.91393715305486,-417.57968749143276,-465.5161230141794,-509.147930775651,-548.861661168637,-585.0091526805234,-617.910649040378,-647.8576364109889,-675.1154258157055,-699.925503644171,-722.5076710882048,-743.0619914581972,-761.7705626263884,-778.7991303051944,-794.298556459558,-808.4061558449276
72,0.19296875000000002,-98.02031222315203,-175.63028051768765,-246.2706083249507,-310.56742434698685,-369.09044273000126,-422.35816540584244,-470.84251794951297,-514.973042833284,-555.1407085958004,-591.7013747928488,-624.9789450835435,-655.2682369330091,-682.83759356816,-707.9312613406057,-730.7715536030987,-751.5608202712009,-770.4832405146959,-787.7064544670493,-803.3830484148049,-817.6519066067168
73,0.1921875,-99.07924855189117,-177.5309295778463,-248.93777032998622,-313.93236952889634,-373.0905372065367,-426.93637857057905,-475.9469346419435,-520.5564084369679,-561.160011824412,-598.1174669886444,-631.7561934122369,-662.374208636934,-690.2427685548693,-715.6087705817735,-738.6969410316736,-759.7118260673769,-778.8396038589308,-796.2497340111253,-812.096458878882,-826.5201700531799
74,0.19140625,-99.88730086663674,-178.97548112051408,-250.96126814785896,-316.48271944793987,-376.12040132317054,-430.4026917810513,-479.8105051275989,-524.7815652292813,-565.7142872809383,-602.9713087704565,-636.8827026284833,-667.7489015922652,-695.8433599132101,-721.4149760014296,-744.6902975177317,-765.8755284495682,-785.1583559472555,-802.7096131123897,-818.6847924753307,-833.2254235517254
75,0.19062500000000002,-100.63975186789784,-180.3270938184526,-252.85864298286108,-318.8769557594591,-378.9669096850997,-433.66086439811784,-483.4433744738569,-528.7554818914109,-569.998623387929,-607.538187041519,-641.7067494407931,-672.8070221307628,-701.1145334904219,-726.880069757209,-750.3318968547826,-771.6777827028524,-791.1068379183481,-808.7911912228955,-824.887514405213,-839.5384103301492
76,0.18984375000000003,-101.1384511521401,-181.21723850036275,-254.10466848893407,-320.44679357738613,-380.83145284083514,-435.79364273804117,-485.82030131131876,-531.3546351101476,-572.80004962505,-610.5237244966498,-644.8598669187583,-676.1126726336454,-704.5590209811782,-730.4509278886244,-754.0177785831238,-775.4683598076892,-794.9927095392267,-812.7638006042838,-828.9390731135794,-843.6618292728085
77,0.18906250000000002,-101.5797777193134,-182.01148164837392,-255.2205580696176,-321.8555594939143,-382.50682500955014,-437.7116865218933,-487.95922472943954,-533.6946014107278,-575.3230031856793,-613.2132312910729,-647.7009689790727,-679.0917554823828,-707.663692943803,-733.669910242369,-757.340805576045,-778.8860876628305,-798.4966336361956,-816.346180103148,-832.5928623518248,-847.3806153261048
78,0.18828125,-101.7660493773245,-182.3417315692256,-255.68142936330818,-322.4352070506708,-383.19455225732924,-438.49778146467565,-488.8348543188741,-534.6517275391612,-576.3543097847909,-614.312059066189,-648.8612563430971,-680.3079848957248,-708.9308420997049,-734.9834076377039,-758.6964900670208,-780.2801716464346,-799.9256695319303,-817.8070298397631,-834.0826695901178,-848.896780172704
79,0.1875,-101.89353057893727,-182.573708332809,-256.008953703319,-322.84981678008967,-383.68845857738523,-439.06387044865863,-489.46664387958896,-535.3433158852534,-577.1003248637443,-615.1076114324308,-649.7018959111234,-681.1896614711787,-709.8498694281733,-735.9364306795707,-759.6804552162284,-781.2922996302334,-800.9634307501543,-818.8681219238359,-835.1649969815398,-849.9984355386689
80,0.18671875,-101.7662262173929,-182.34202749795395,-255.68182957472297,-322.4357007075119,-383.1951303575249,-438.498436131701,-488.8355785189027,-534.6525149395427,-576.3551546620822,-614.3129562371264,-648.8622011078221,-680.3089729880489,-708.9318696443332,-734.9844711119625,-758.6975862669615,-780.2812976568149,-799.9268226990596,-817.8082077472342,-834.0838700371262,-848.8980011543125
81,0.1859375,-101.57907605129886,-182.01030755107533,-255.21896915471552,-321.8535976810243,-382.50452521201635,-437.7090794993425,-487.95633816553925,-533.6914604206594,-575.3196306188397,-613.2096479553749,-647.697193828006,-679.0878057780282,-707.6595844056875,-733.6656571823064,-757.3364210217671,-778.8815834716635,-798.4920205985325,-816.3414680373008,-832.5880601910136,-847.3757311975177
82,0.18515625000000002,-101.13898055386767,-181.21812441460347,-254.10586658845753,-320.44827141728814,-380.83318347078927,-435.79560257774966,-485.822469303631,-531.356992297294,-572.8025788732263,-610.5264102892999,-644.8626951865576,-676.1156306055735,-704.5620970564281,-730.454111522017,-754.0210601836081,-775.4717306484725,-794.9961616764776,-812.767326804482,-828.9426667886049,-843.6654844208646
83,0.184375,-100.63835281664299,-180.32475279727777,-252.85547486086026,-318.87304411853415,-378.9623241376531,-433.65566627479774,-483.4376189725032,-528.7492190888636,-569.9918988435284,-607.5310422442715,-641.6992221823003,-672.7991468302042,-701.1063414913183,-726.8715895962566,-750.3231545083388,-771.6688018135809,-791.0976400015262,-808.7817958555331,-824.8779393994985,-839.5286718910868
84,0.18359375,-99.88817955588951,-178.97695154017669,-250.9632567173036,-316.4851723104564,-376.1232737435254,-430.4059446190763,-479.814103432248,-524.7854775349623,-565.7184851501029,-602.9757664502719,-636.8873967684729,-667.7538109969877,-695.8484653295634,-721.4202599284004,-744.6957440378806,-765.8811230798328,-785.1640855040059,-802.7154655908296,-818.69075694176,-833.2314900454896
85,0.18281250000000002,-99.07716077869709,-177.5274361326192,-248.93304262704262,-313.9265322923566,-373.0836943142509,-426.9286215423866,-475.9383458466384,-520.547062602161,-561.1499769369786,-598.1068049618673,-631.7449606421753,-662.3624564872664,-690.2305437996496,-715.5961158065346,-738.6838950012042,-759.6984240638988,-778.8258779899463,-796.2357134916258,-812.0821702901657,-826.5056375780923
86,0.18203125000000003,-98.02153484925906,-175.6323264867078,-246.27337524333754,-310.5708372663495,-369.0944393968387,-422.36269135488936,-470.84752454694075,-514.9784862969899,-555.1465493583868,-591.7075770234404,-624.985476294552,-655.2750676357282,-682.8446969766159,-707.9386131066981,-730.7791315820303,-751.5686043138171,-770.4912122796812,-787.7145972531059,-803.3913470107369,-817.6603471550045
87,0.18125000000000002,-96.90512519819357,-173.63560393420994,-243.47585553876027,-307.0445590757048,-364.9048794286408,-417.5694197450026,-465.50475427165185,-509.1355599499657,-548.8483782514019,-584.9950396248062,-617.8957804968836,-647.8420803696063,-675.0992441913845,-699.9087528077213,-722.4904023530152,-743.0442515277991,-761.752394001906,-778.7805716588732,-794.2796429773389,-808.386919537827
88,0.18046875,-95.55055491876493,-171.2048699786335,-240.06513684139767,-302.74173011874984,-359.79001551761274,-411.71543209557797,-458.9780145608008,-501.9964819112642,-541.1519509568658,-576.791314096472,-609.2303130092195,-638.7563360657289,-665.6309644902783,-690.0922898248753,-712.3570232878872,-732.6224157128584,-751.068005067984,-767.8572070521111,-783.1387628622697,-797.0480569382554
89,0.1796875,-94.13563743644552,-168.67325071004834,-236.5175590635963,-298.2695542395955,-354.47630473237695,-405.63576362999993,-452.2011709810192,-494.5850670268183,-533.1629464319452,-568.2765848363395,-600.2370667673799,-629.3275416537978,-655.805732398008,-679.9062186547385,-701.842515083377,-721.8089629761103,-739.9824520087816,-756.5239873817231,-771.5801162375847,-785.2842259725574
90,0.17890625,-92.49047419742298,-165.7218787909385,-232.3768174092079,-293.04611996748696,-348.2673670289192,-398.52981079415935,-444.2787530110845,-485.9195028141908,-523.8209713614744,-558.3189414539655,-589.719042796966,-618.2994598240336,-644.3133963195434,-667.9913186647894,-689.5429976437235,-709.1593668950477,-727.0142144659224,-743.2657224680225,-758.0578684793868,-771.5217010866288
91,0.178125,-90.78577226889696,-162.67097095726868,-228.1010533306843,-287.6556185039336,-341.86226573432845,-391.201228015849,-436.10961683322125,-476.98529228841994,-514.1903871959773,-548.0545152311727,-578.8776910858384,-606.9329884072381,-632.4689591056647,-655.7118353840682,-676.8675340380091,-696.1234807723372,-713.6502706846899,-729.6031796408857,-744.1235399349397,-757.339992400217
92,0.17734375000000002,-88.86015908146635,-159.21715735564905,-223.25581794655608,-281.5437834122001,-334.59753481407495,-382.8871210992146,-426.84036562715835,-466.8466688079565,-503.260461691321,-536.4043472705168,-566.5719589701656,-594.0305621884307,-619.0234221849313,-641.771959278625,-662.477710512356,-681.3241151603481,-698.4781398872381,-714.091757971727,-728.3032957027257,-741.2386578550295
93,0.1765625,-86.8761827629147,-155.66577078666498,-218.27822898005863,-275.2681904160065,-327.1405323015679,-374.3548067525096,-417.3293017624787,-456.44474436286237,-492.0476728555757,-524.4535067782565,-553.9493413003664,-580.7964907001598,-605.2328034920112,-627.4747696309993,-647.7194385034716,-666.1461646849025,-682.9181969187242,-698.1841244082228,-712.0791932374409,-724.7265045625883
94,0.17578125,-84.68199168625098,-151.7308094691701,-212.75837248116758,-268.30563622020975,-318.86479797430644,-364.8838054352131,-406.7703659066367,-444.89557029618544,-479.5971843638789,-511.18264234340154,-539.9317710330625,-566.0992690168872,-589.9169632192629,-611.5958627672125,-631.328028419552,-649.2882741216472,-665.6357157502065,-680.5151807846684,-694.0584913967369,-706.3856323040486
95,0.17500000000000002,-82.43097282709505,-147.70083957101275,-207.10964696947184,-261.18364256326913,-310.401868784937,-355.20036359246484,-395.9760126143787,-433.0900625114944,-466.8713205559659,-497.6190674864581,-525.605708916437,-551.0791886680511,-574.2651854459626,-595.3691122254767,-614.5779361088532,-632.0618347613264,-647.9757040888135,-662.4605305295162,-675.6446401196473,-687.6448353778527
96,0.17421875000000003,-79.98173178272044,-143.30899092139572,-200.94920120561017,-253.41329590566934,-301.1661539822215,-344.6308601320938,-384.1924919581884,-420.20154297210263,-452.9770312099845,-482.80932671467355,-509.96272443503045,-534.6777858408007,-557.1734702317893,-577.6490746019085,-596.28599930742,-613.249355178414,-628.6894263009212,-642.7430014449932,-655.5345859370302,-667.1775046912264
97,0.17343750000000002,-77.47754862583969,-138.8252837069396,-194.66416524904912,-245.48881077705477,-291.74947450451026,-333.85599192465133,-372.1813993795676,-407.06523596252356,-438.8165507164868,-467.7166404208892,-494.02154166556033,-517.9642991627262,-539.7570304244232,-559.5928050074931,-577.6473550158106,-594.0806320021487,-609.0382240495582,-622.652645602119,-635.0445114746931,-646.323605421094
98,0.17265625,-74.788358060793,-134.0036250650933,-187.90111164122828,-236.95857876141454,-281.6107209322959,-322.25315140541056,-359.2459439580725,-392.91683380254267,-423.56412440321816,-451.459331387507,-476.8495883908961,-499.95983662886573,-520.9948178205713,-540.1408880949075,-557.56766901203,-573.4295503232963,-587.8670577722552,-601.0080980707664,-612.9690920826185,-623.8560062321797
99,0.171875,-72.04644976263356,-129.09382411057206,-181.0185145762398,-228.28045919332075,-271.2983480014051,-310.4532872695065,-346.09216417134513,-378.530716870577,-408.05633079810883,-434.9305844914015,-459.39156696986,-481.6559870402624,-501.9210932486499,-520.3664213962328,-537.1553851419154,-552.4367237713532,-566.3458199453629,-579.0058991176654,-590.5291212506197,-601.0175744790679
100,0.17109375,-69.13388945519627,-123.8720826730355,-173.6945497308071,-219.04293375029613,-260.31906475555644,-297.8886454738971,-332.08452588987757,-363.20966232617434,-391.53980454025697,-417.32593976363466,-440.79651666000933,-462.15946935490723,-481.60405968707386,-499.302553973364,-515.4117492045903,-530.0743621890309,-543.4202939394505,-555.5677805216148,-566.6244405628446,-576.6882286788735
101,0.1703125,-66.17116078410514,-118.56645849565103,-166.256824966011,-209.66468307268298,-249.17457733003727,-285.13653514884004,-317.8691558710705,-347.66243010961017,-374.78030786401354,-399.46303671672547,-421.9292902228217,-442.3781052045088,-460.99064514066833,-477.9318051798809,-493.35167303685216,-507.38685870285696,-520.1617047369585,-531.7893878760104,-542.3729217257095,-552.0060693938441
102,0.16953125000000002,-63.05318763693195,-112.97682805922645,-158.41710363093415,-199.77681675011797,-237.42245555062476,-271.68755756544056,-302.8756968633719,-331.2631830576919,-357.1015121151107,-380.6195954553278,-402.0257883110167,-421.5097357364915,-439.24405282896083,-455.38585401459613,-470.0781450093463,-483.45108978161215,-495.62316373003137,-506.70220330907915,-516.7863614044223,-525.9649768997729
103,0.16875,-59.88790478173102,-107.30809154310711,-150.47010710504205,-189.7562548173108,-225.51456283622562,-258.0618216918192,-287.6863786349426,-314.65068884884624,-339.1936395697489,-361.5326662245268,-381.865678712852,-400.37281474691383,-417.2180358070546,-432.55057975670604,-446.50628302600256,-459.2087840656758,-470.7706187193809,-481.2942172342403,-490.87281174542085,-499.5912622520995
104,0.16796875,-56.58374215609588,-101.38503409369494,-142.16296387772252,-179.27900977560654,-213.06205851843276,-243.8114260844573,-271.7995389999663,-297.2743566352103,-320.4615706152729,-341.56660523705045,-360.7764377257696,-378.2612548415631,-394.1759607117233,-408.6615492095606,-421.8463530984392,-433.8471810024986,-444.77035226559855,-454.7126388827565,-463.76212285221095,-471.99897652108274
105,0.16718750000000002,-53.23542012210909,-95.3881348383892,-133.7556913725844,-168.67791652524292,-200.46417639728327,-229.39607153208803,-255.72991934438093,-279.69902147419293,-301.5157295828579,-321.37332638578744,-339.44773795112576,-355.89909227497145,-370.8731379638483,-384.50253549592577,-396.9080325403263,-408.19953373495133,-418.4770743867226,-427.8317067358478,-436.3463066391107,-444.09630779613275
106,0.16640625000000003,-49.76543928246802,-89.16816801936167,-125.03234261563028,-157.6758885787097,-187.38806355001626,-214.4321165804462,-239.04764706238248,-261.4527353784413,-281.8458773537938,-300.40774365762263,-317.30278073391594,-332.6806677925634,-346.67764295659936,-359.4177102728588,-371.01373833800534,-381.5684602676384,-391.1753838562612,-399.9196200072873,-407.87863677607146,-415.1229456832668
107,0.16562500000000002,-46.254721583626186,-82.88007887837227,-116.21662770085673,-146.55962316280116,-174.17786197680073,-199.31601855176288,-222.19680019604067,-243.02291663431552,-261.9788747422784,-279.23261287759965,-294.9369886384973,-309.2311330655284,-322.2416833045884,-334.0839045535936,-344.86271127145875,-354.6735966844953,-363.6034788115321,-371.73147051786503,-379.12958042392887,-385.86335085510495
108,0.16484375,-42.64031614479506,-76.40155091861057,-107.13085587418027,-135.1006436470325,-160.55875942922293,-183.73076233695974,-204.8219474281342,-224.0191715674968,-241.4925109935492,-257.3967688574829,-271.87284695823405,-285.0489941354106,-297.041942555686,-307.9579419138141,-317.89370076742665,-326.9372433395284,-335.16868936816803,-342.6609639275269,-349.4804435131063,-355.6875440914164
109,0.1640625,-38.988847530928936,-69.86104005189024,-97.96105033935866,-123.5377414753866,-146.81768357525962,-168.007116427788,-187.29376418252954,-204.84849488634362,-220.82683309117428,-235.37033740731744,-248.60785454967166,-260.6566608171904,-271.623501136988,-281.6055347795439,-290.69119616147395,-298.9609783499656,-306.488146196902,-313.33938543494054,-319.57539349037137,-325.25141722329744
110,0.16328125,-35.252301518434884,-63.163893267796134,-88.56887231943224,-111.6924589272693,-132.73955779653127,-151.89664747309445,-169.33345297800088,-185.20445563176463,-199.6502635160399,-212.79885785588738,-224.76672710216238,-235.65989902966953,-245.57488015743883,-254.59951076410033,-262.81374312798937,-270.2903498807075,-277.09556873858816,-283.2896893386468,-288.9275873827136,-294.0592107979229
111,0.1625,-31.482594515804013,-56.41128510261067,-79.10151104930057,-99.75420908930646,-118.55232587272076,-135.6623950450814,-151.23600022780113,-165.41111434224516,-178.3133207644107,-190.056925607707,-200.74597032557426,-210.47515343118934,-219.33066951698993,-227.39097290798676,-234.7274727514172,-241.40516568883342,-247.48321170267855,-253.01545825267948,-258.0509173504845,-262.6341997748647
112,0.16171875000000002,-27.646944979887895,-49.53680964444765,-69.4608327719076,-87.59565368197246,-104.1019732985878,-119.12603990701912,-132.80096209076416,-145.2478932061692,-156.57710628918954,-166.88897159696006,-176.27484604582168,-184.81788265163237,-192.5937672924271,-199.67138926689088,-206.11345164186184,-211.97702678987034,-217.31406202755252,-222.1718398484779,-226.59339683319072,-230.61790492313395
113,0.1609375,-23.782241075626782,-42.61373623132939,-59.75428514818837,-75.35565937383018,-89.55605417835638,-102.48127034251257,-114.24581640872573,-124.95391953472948,-134.70044766581054,-143.57174968979263,-151.64642035328976,-158.9959965391441,-165.68559108890904,-171.77446968632498,-177.31657594862818,-182.36100936584037,-186.95246030967147,-191.13160597883433,-194.93547079428504,-198.3977544123672
114,0.16015625,-19.8711360737752,-35.60431553832247,-49.9245446299272,-62.95879269959694,-74.82256612712695,-85.62098128041032,-95.44970965771029,-104.39582970964285,-112.53859956354138,-119.95015969782146,-126.69617225227955,-132.83640282026482,-138.42525001168661,-143.51222742057448,-148.1424023171867,-152.35679494461246,-156.1927419468422,-159.68422716104803,-162.86218271094515,-165.75476304346097
115,0.15937500000000002,-15.935262448897614,-28.553459916648656,-40.03865472108594,-50.49251750636618,-60.00764015488639,-68.66831499284537,-76.55126951320165,-83.72634252595171,-90.25710166191317,-96.20140622035099,-101.6119196832075,-106.53657625766643,-111.01900559425646,-115.09891934404187,-118.81246301446294,-122.19253622935668,-125.26908421837474,-128.06936313016803,-130.6181815264275,-132.93812017065974
116,0.15859375000000003,-11.972815257027973,-21.452309424410792,-30.08045562520806,-37.93377043950223,-45.08185358012616,-51.588041433463594,-57.50997857751126,-62.90013169917845,-67.80625537183414,-72.27181553061641,-76.3363747137859,-80.03594261999073,-83.40329520706548,-86.46826509739118,-89.25800591014732,-91.79723285534119,-94.10844171102339,-96.21210813564271,-98.12686908852668,-99.86968793975487
117,0.15781250000000002,-7.990037896039179,-14.31714248759711,-20.076173255887827,-25.31807311217627,-30.089259703580066,-34.431997225667445,-38.384759084474446,-41.98256517404767,-45.257290904093644,-48.23794927036747,-50.950947807366916,-53.420322519803264,-55.6679508781964,-57.71374566675211,-59.57583143467736,-61.27070510260384,-62.813382135562065,-64.2175295883757,-65.49558720976712,-66.65887765169646
118,0.15703125,-4.000678324945713,-7.16804316177947,-10.050911210872382,-12.67487453754024,-15.063197095449915,-17.23704481356449,-19.215679963833445,-21.016634005035627,-22.65586354152382,-24.147891989005053,-25.505938372173304,-26.74203448594492,-27.86713156309879,-28.891197327195705,-29.823304335514486,-30.671710387326502,-31.443931700344002,-32.14680951438827,-32.78657072061552,-33.368883026627714
119,0.15625,0.004447613082805904,0.00744439029171628,0.010083861995871775,0.012464926312600206,0.014630339433087511,0.016604594903617268,0.01840556164236022,0.02004815930908824,0.021545712628155328,0.022910397043096,0.024153431445327368,0.02528519989976326,0.026315291333699364,0.027252555890805316,0.02810514575839028,0.0288805523523186,0.02958565081684463,0.030226742604869832,0.03080958779632088,0.03133945466850378
120,0.15546875,3.9961238318125805,7.160415971917582,10.040599778390877,12.662165477613687,15.048328291200395,17.220223227893023,19.197089067258133,20.99643765526677,22.63420872618601,24.124910919339175,25.48175021888159,26.71674691074814,27.84084200338947,28.863994125453445,29.7952677165726,30.64291330042553,31.414440560053368,32.1166848534403,32.75586774919713,33.33765214632898
121,0.1546875,7.998905403864539,14.331984849871619,20.09627814117294,25.34292537240503,30.118429427270396,34.465103322917706,38.42145607950779,42.02253732664862,45.300249031939025,48.28362845968273,50.99910550753545,53.47073688052531,55.72041916535156,57.76808279041421,59.63186855825269,61.328288325932874,62.872371266566255,64.27779699951604,65.55701675877933,66.72136370115498
122,0.15390625000000002,11.968288257414775,21.44472824214546,30.070206472826317,37.921138304755765,45.06707499065546,51.571322157183296,57.491501008478856,62.88005871775754,67.78473307558896,72.24897531936078,76.31233501817218,80.01081042669841,83.37716733773264,86.44122933286225,89.230141962977,91.76861320759588,94.07913235124506,96.18216920812365,98.09635544932426,99.83864966765145
123,0.153125,15.944046969787035,28.568163305294686,40.05857147084179,50.51713745918925,60.03653756362618,68.70111243640933,76.58762481423835,83.76594293202336,90.29966070435734,96.24666145253332,101.65963079822357,106.58652344589645,111.07098797760277,115.1527535206576,118.86798168301246,122.24958688602374,125.32752794105443,128.1290734464256,130.67904334465715,133.00002880913797
124,0.15234375,19.866663889059932,35.59682608309091,49.914419647688455,62.94631393358962,74.8079674026415,85.60446598297524,95.43145803528084,104.37600269406958,112.51734147788555,119.92760032415366,126.67242854580306,132.81158042181102,138.39944451523795,143.48552548721207,148.11488263809989,152.3285290704242,156.16379501668325,159.65465854473533,162.83204655846473,165.72410878997093
125,0.15156250000000002,23.790887840681133,42.628208927283815,59.77388959688736,75.37989370053057,89.58449954868811,102.51355542565008,114.28160450276162,124.99290284700142,134.74234423239207,143.6163011595529,151.6933901439248,159.04516822859117,165.73676688008413,171.82746897959964,177.3712339911917,182.41717597179465,187.0099986650503,191.19039152865122,194.99539019099953,198.45870456069096
126,0.15078125000000003,27.64255459667945,49.5294570752382,69.45089309144818,87.58340379198634,104.08764299185555,119.10982901398381,132.78304765684788,145.2284332555155,156.55624249679397,166.86683133073214,176.25154405912505,184.79352257684496,192.56844289143817,199.6451855296845,206.08644573535892,211.94928887460676,217.28565597498428,222.14282387256918,226.56382403015255,230.58782376754104
127,0.15000000000000002,31.491049632603502,56.42543685350378,79.12068101714134,99.77790692334189,118.58014235588476,135.69396731957954,151.27099920940904,165.44923913857522,178.35429567873817,190.1004979867508,200.79190876884496,210.52324622951593,219.38072315968532,227.44281069393293,234.78093347335067,241.4601023855599,247.5394904930738,253.07295724929284,258.1095256320897,262.6938164531858
128,0.14921875,35.248019432320135,63.156721921570785,88.55917796034646,111.68051204803518,132.72558285176783,151.88083958700952,169.31598495641572,185.18548164946463,199.62992174233761,212.7772724626192,224.74400992766252,235.63615104727293,245.55019270344172,254.57396661600987,262.78741743461524,270.2633109620976,277.0678787877632,283.2614050391625,288.89876043551266,294.0298884056871
129,0.1484375,38.99705828855901,69.8747825826301,97.979666322424,123.56075525378276,146.84469819466977,168.0377798342282,187.32775700499425,204.8855250309287,220.86663285241428,235.41266139719613,248.6524779749465,260.70337797799357,271.6721239880878,281.6558915906621,290.7431302461051,299.0143468585471,306.5428189877799,313.39524402182815,319.63233004562187,325.3093336725847
130,0.14765625,42.63616816729925,76.39460398733458,107.1214653060873,135.08907199941982,160.54522454718332,183.7154535175159,204.80503222760004,224.00079939426044,241.47281567599424,257.37587060981076,271.85085400907855,285.02600416533164,297.01804389723037,307.9332146045946,317.8682174570085,326.91107006863183,335.14188625114036,342.63358575253363,349.45254025303217,355.6591613736659
131,0.146875,46.26263673514759,82.8933263640445,116.23457350981138,146.58180941364705,174.20390655036815,199.34558246444777,222.22957582793376,243.05862253600176,262.01725287620013,279.2734266453047,294.9800212401939,309.27618607136145,322.2885752813476,334.1324697845884,344.9127985392304,354.72506811352577,363.65620878395265,371.78534466186375,379.1844946542039,385.9192105013781
132,0.14609375000000002,49.76145036826343,89.16148726078686,125.02331236632985,157.6647619855988,187.3750506202551,214.41739970077504,239.03138756375247,261.4350770166588,281.82694880911464,300.38766045056366,317.2816468119611,332.65857693089856,346.65467992510514,359.3939518593404,370.9892542275855,381.54331379736453,391.14963267476423,399.8933166543574,407.85182917466494,415.09567759206146
133,0.25078125,101.76603624492718,182.3416989299061,255.68137074839973,322.4351183665381,383.1944317727299,438.4976292289378,488.83467150866716,534.6515159463465,576.3540714759376,614.3117961621911,648.8609709006315,680.3076788431073,708.9305172104981,734.9830655346836,758.696132228591,780.2797994242766,799.9252841611379,817.8066324600567,834.0822612498661,848.8963618474806
134,0.25,101.89353556244043,182.5737348190266,256.0090143677503,322.8499205672473,383.6886111596,439.0640749723857,489.46690160971104,535.3436267026742,577.1006876455525,615.1080243286439,649.7023565668036,681.1901671964308,709.850417333591,735.9370177915167,759.6810785592926,781.2929562952943,800.9641179362642,818.8688369774325,835.165737408588,849.9991990238984
135,0.1453125,53.24299022998827,95.4008044821708,133.77285491562955,168.69913683497185,200.4890886716315,229.42435204484156,255.76127419314116,279.73318163532434,301.5524483045899,321.4123773300806,339.48891364921536,355.94220278346756,370.91800956784977,384.549009498407,396.95596410779154,408.2487907979529,418.52753660783617,427.8832645458649,436.3988603209122,444.149766652714
136,0.14453125,56.579936301752475,101.3786596616454,142.1543483051569,179.26839538169668,213.04964629185002,243.79739046063457,271.78403414645487,297.2575198033109,320.4435245610518,341.54746007961296,360.7562924857853,378.2401987997105,394.1540745376607,408.63890595080744,421.8230190281715,433.8232163458434,444.7458118330764,454.68757262612786,463.7365763347563,471.97299135033313
137,0.0,101.13843890680899,181.2172070670618,254.10461088635594,320.4467053286059,380.8313319779792,435.7934891962726,485.82011624253926,531.3544203423048,572.7998072985756,610.5234568275247,644.8595760681337,676.1123606355494,704.5586897104938,730.450579061968,754.0174137632428,775.4679804202794,794.9923168829433,812.7633958724398,828.9386573986098,843.6614035857938
138,0.2515625,101.57978410464459,182.01151086281007,255.22062258886683,321.85566800655073,382.50698294691955,437.7118968358642,487.95948854357357,533.6949185139064,575.3233724024168,613.2136507480585,647.7014363179402,679.0922680221794,707.6642478103358,733.6705044796547,757.3414362258122,778.8867518307999,798.4973285329669,816.3469030831218,832.5936109250395,847.3813871777836
139,0.0,100.63975963566688,180.32712572526876,252.85871130727662,318.8770689361375,378.9670729058382,433.66108042118503,483.44364428248974,528.7558051832366,569.9989989354544,607.5386129485057,641.7072233457909,672.8075413619309,701.1150951889477,726.8806709848266,750.33253467036,771.6784542269439,791.1075403730885,808.7919219706031,824.8882709599513,839.5391903776377
140,0.14375000000000002,59.89508258147212,107.32010418459795,150.48638121302014,189.77637685085475,225.53818768352932,258.08864297525105,287.71611804993165,314.68309150085213,339.2284715398487,361.5697128415292,381.9047431179992,400.4137166464015,417.26061026204076,432.59467605171915,446.5517635862146,459.25552342312096,470.81850254041177,481.34314141004126,490.9226815252666,499.64199145633637
141,0.0,63.049587711912544,112.97079822075506,158.40895453974704,199.7667785479982,237.4107190835568,271.67428832612063,302.86104096250716,331.24727043055077,357.08445885422697,380.6015056040689,402.0067553479848,421.48984388639894,439.22337814887936,455.3644653442028,470.05610478323194,483.4284547237214,495.5999854576551,506.67852886201547,516.76223369083,525.9404351066207
142,0.0,66.17790139782898,118.5777389685579,166.27210787403865,209.68358116611984,249.1967674412607,285.1617302351325,317.89709501182625,347.6928741574196,374.8130372024216,399.49784967738424,421.96600177188395,442.416545802558,461.0306596295927,477.97325173932325,493.39442218138373,507.4307923213589,520.2067151864511,531.8353771326771,542.4198005732131,552.0537566864546
143,0.14296875,63.049587711912544,112.97079822075506,158.40895453974704,199.7667785479982,237.4107190835568,271.67428832612063,302.86104096250716,331.24727043055077,357.08445885422697,380.6015056040689,402.0067553479848,421.48984388639894,439.22337814887936,455.3644653442028,470.05610478323194,483.4284547237214,495.5999854576551,506.67852886201547,516.76223369083,525.9404351066207
144,0.1421875,66.17790139782898,118.5777389685579,166.27210787403865,209.68358116611984,249.1967674412607,285.1617302351325,317.89709501182625,347.6928741574196,374.8130372024216,399.49784967738424,421.96600177188395,442.416545802558,461.0306596295927,477.97325173932325,493.39442218138373,507.4307923213589,520.2067151864511,531.8353771326771,542.4198005732131,552.0537566864546
145,0.14140625,69.13051703211643,123.86643352446552,173.6869159872854,219.03353210451615,260.3080748516061,297.8762229275447,332.070807913022,363.1947707731767,391.5238481432221,417.3090158544143,440.77871259500665,462.14086377335946,481.58472355018455,499.2825514718374,515.3911385319172,530.053196200601,543.3986207241786,555.5456439015479,566.6018805120653,576.6652817094044
146,0.140625,72.05271097010103,129.10430169631357,181.0327105374749,228.29801511160105,271.3189647744967,310.47669905922135,346.1181291223515,378.5590131057128,408.08675438679614,434.9629480257172,459.42569838447207,481.6917285900304,501.9583005017862,520.404962287266,537.195139056594,552.477580666211,566.3876795144035,579.0486700097435,590.5727203181627,601.0619260962096
147,0.13984375,74.78523327081719,133.99839028997238,187.8940388453599,236.94987000330758,281.6005436671702,322.24165050155966,359.23324694386315,392.9030537384212,423.5493620110673,451.44367669476486,476.8331220907081,499.94263128102034,520.9769388394723,540.1223946106068,557.5486146011702,573.4099836297469,587.8470230435653,600.9876356256295,612.948238700475,623.8347955123934
148,0.1390625,77.48329113425436,138.83489258600116,194.67718514571712,245.50491446851836,291.76838892885684,333.87747418918684,372.2052282599909,407.09120827040385,438.8444794955177,467.7463536947014,494.0528814023629,517.9971203799895,539.7912002971549,559.6282020255678,577.6838681639898,594.1181599662976,609.076674462269,622.6919343318814,635.0845619400187,646.3643479681638
149,0.13828125000000002,79.97887320998694,143.3042016135433,200.9427314520729,253.40533203863004,301.15685035846707,344.62035007005954,384.18089257928375,420.18895788539834,452.96355252785287,482.79503661314067,509.94769644477356,534.6620859862434,557.157157964244,577.63220361059,596.2686182050865,613.231508080552,628.6711533244976,642.7243391413651,655.5155676501038,667.1581608878822
150,0.1375,82.43616050230446,147.7095192096531,207.12140883552684,261.1981928041817,310.4189621961228,355.21978182880235,395.99755652360057,433.1135488994356,466.89658062641206,497.6459457724226,525.634062399854,551.1088860201053,574.2961062586404,595.4011462804646,614.6109826595277,632.095801831549,648.0105078031128,662.4960944790415,675.6808947463232,687.6817174156663
151,0.13671875,84.67941628953058,151.7264940013036,212.75254418247354,268.29846470190165,318.8564236662763,364.8743493750025,406.7599341494042,444.8842564002827,479.5850712857077,511.169803908649,539.9182731544713,566.0851707674245,589.9023177071163,611.5807178935784,631.3124275163016,649.2722564863524,665.6193171049053,680.4984336720266,694.0414255048194,706.368274766165
152,0.13593750000000002,86.88078298057836,155.67346652416052,218.28865879989894,275.2810957997579,327.1556975430838,374.37203950140315,417.3484262403012,456.4655985491744,492.07010718555875,524.4773832680431,553.9745328310321,580.8228804015026,605.2602841047213,627.5032428936547,647.7488145426533,666.1763614119637,682.9491394496067,698.2157445107215,712.1114287895722,724.7592990612721
153,0.13515625,88.85788211192093,159.2133412416387,223.2506656473282,281.5374469257625,334.5901399000824,382.8787758581258,426.83116445585625,466.83669467568484,503.2497879074391,536.3930388619036,566.5600738220121,594.0181520479377,619.0105334751584,641.7586338002191,662.4639860307881,681.3100258944195,698.4637169257945,714.0770296311197,728.288287816462,741.22339404142
154,0.134375,90.78975600341238,162.6776341549768,228.1100852371757,287.6667976823827,341.875407438079,391.21616717801487,436.1262022086705,477.00338408107547,514.2098560267004,548.075241466624,578.8995642948079,606.955906894965,632.4928294131087,655.736571798866,676.8930580980975,696.1497207656089,713.677161162926,729.6306609524074,744.1515577609033,757.3684973340883
155,0.13359375,92.48850907359162,165.71858447671835,232.3723715023617,293.0406560704991,348.2609955793782,398.5226263797671,444.270837850809,485.91092881537764,523.8118017549721,558.309232073671,589.7088431402532,618.2888139829934,644.3023437310289,667.9798947536544,689.5312343574074,709.1472931435889,727.0018564947678,743.2531041751292,758.04501166822,771.5086257002148
156,0.1328125,94.13897948396372,168.67883912454425,236.52513584464967,298.27893654999986,354.4873400548025,405.64831530154834,452.2151132981936,494.60028333165025,533.1793283609156,568.2940318610093,600.2554858299645,629.3468468582087,655.8258446518541,679.9270653093607,701.8640295556216,721.8310843552158,740.005124668289,756.5471606011067,771.6037438197128,785.308265896904
157,0.13203125,95.54891313398349,171.20211668738943,240.06142335858073,302.7371709846697,359.78470529222994,411.70945136289686,458.9714329184136,501.9893598008646,541.1443411620638,576.7832629211003,609.2218612545606,638.7475198867297,665.6218160795767,690.0828379954854,712.3472939532501,732.6124322767229,751.0577887517178,767.8467771700725,783.1281370368488,797.0372512991329
158,0.13125,96.90780427565205,173.64008188325482,243.4819288603539,307.05208481495356,364.9137383714905,417.57950458074964,465.51596569201035,509.14780520871716,548.8615707033442,585.00909848504,617.9106306615301,647.8576522686811,675.1154735783332,699.9255805328498,722.507774107388,743.0621175610383,761.7707088353548,778.7992937992741,794.2987346182224,808.4063462889258
159,0.13046875000000002,98.02022583886075,175.6301299969213,246.27041555279513,310.5672093101867,369.09022140498956,422.35794950761743,470.8423154587635,514.9728586143034,555.1405451161958,591.7012327196958,624.9788237819988,655.2681349009224,682.8375087561935,707.9311914078385,730.7714961064938,751.5607727963774,770.4832007686422,787.7064203428561,803.3830180178055,817.6518782815
160,0.1296875,99.07915961226853,177.53077464327814,248.93757323236352,313.93215296183433,373.0903200109275,426.9361750800247,475.94675500773855,520.5562591828525,561.1598965831624,598.1173871526504,631.7561487006514,662.3741975991795,690.2427889544484,715.6088197076909,738.6970159355458,759.7119237333229,778.8397213284934,796.2498684737691,812.0966077183834,826.5203308904465
161,0.12890625,99.88721066984834,178.9753241399404,250.96106746325637,316.48249611486597,376.1201721584045,430.40246911293224,479.81029735758165,524.7813774882292,565.7141221845128,602.9711670441362,636.8825836300063,667.7488037645136,695.8432811187189,721.4149137891347,744.6902493213308,765.875491724377,785.1583282679604,802.7095922414215,818.684776391403,833.2254104786396
162,0.12812500000000002,100.63965831063985,180.32692988863027,252.8584329549855,318.8767229004441,378.9666734125955,433.6606395696606,483.44317169122144,528.7553080511867,569.9984824236268,607.5380805825071,641.7066773895019,672.8069831753796,701.1145254971568,726.8800900890875,750.3319426152607,771.6778509105615,791.106925636356,808.7912956527373,824.8876329358374,839.5385405828819
163,0.12734375,101.13835699235919,181.21707479407283,254.10445954495816,320.44656155121737,380.831215416069,435.79341287796547,485.82008785564176,531.3544434703043,572.7998825757687,610.5235828304546,644.8597499920171,676.1125788386138,704.5589480949355,730.4508733513564,754.0177397052842,775.4683339133846,794.9926940691089,812.7637931877365,828.9390715998056,843.6618317617239
164,0.1265625,101.57967928950681,182.01130823675888,255.22033440526712,321.8553094362579,382.50656857582874,437.7114391169173,487.95899742813026,533.6944015037504,575.3228349266251,613.2130965639235,647.7008678841586,679.0916868596612,707.6636547731555,733.6698999702159,757.3408203650863,778.8861245721505,798.4966897550576,816.34625264862,832.5929487204784,847.3807131417157
165,0.12578125,101.76595110153694,182.34156086685996,255.68121180762995,322.4349659288226,383.19430614664606,438.49754398535384,488.8346347666721,534.6515316203809,576.354140444541,614.3119171729959,648.8611412581649,680.307894965228,708.930775018101,734.9833607379519,758.696460536478,780.2801566771043,799.9256664287475,817.8070360966435,834.0826829237828,848.896798556062
166,0.125,101.89342717626674,182.5735252068599,256.00871604202695,322.849549046514,383.68818140327005,439.063599802497,489.46639132592964,535.3430891245071,577.100128483908,615.107447584779,649.7017649048261,681.1895623071383,709.8498002074398,735.9363889378769,759.6804381800682,781.2923044024039,800.9634544483379,818.8681617819078,835.1650504042082,849.9985001520464
167,0.12421875,101.76612375970538,182.34184967422254,255.68160325494608,322.43545033812995,383.19487543232145,438.49819094588594,488.8353528385628,534.6523147769537,576.3549831411524,614.3128143085321,648.8620881416443,680.3088872867266,708.9318088205324,734.9844323909815,758.6975667115138,780.2812943243472,799.9268327556334,817.8082285475801,834.0838991613199,848.8980364438399
168,0.1234375,101.57896754245333,182.01011442020535,255.21871705422492,321.85331169047646,382.50422659484076,437.70878480635685,487.95605946955754,533.6912058495371,575.3194051111898,613.2094539443394,647.6970318439472,679.0876749934158,707.6594830515203,733.6655828908059,757.3363710887216,778.8815550477395,798.4920108327855,816.341474182367,832.5880796607476,847.3757616207972
169,0.12265625000000001,101.13887369782537,181.21793909239216,254.1056310076491,320.4480112211588,380.83291910070693,435.79534902969993,485.82223683528025,531.3567872443558,572.8024045526216,610.5262677450679,644.8625838067702,676.1155486556235,704.5620420719869,730.4540806237196,754.0210503112257,775.4717387253779,794.9961847293159,812.7673620474362,828.9427116631483,843.6655366344162
170,0.12187500000000001,100.63823881986623,180.3245489510158,252.85520729976201,318.8727385675794,378.9620025226664,433.6553457602391,483.43731216975607,528.7489345816374,569.9916419470384,607.5308156963152,641.699026755701,672.7989818869096,701.1062054077432,726.8714801138655,750.3230690032993,771.6687374935758,791.0975940544417,808.7817655587688,824.8779221810332,839.5286653859478
171,0.12109375,99.88806801954546,178.97675823300256,250.96301122955626,316.4849015242366,376.1229990828164,430.40568180990897,479.81386324830436,524.7852666557894,565.7183071025354,602.975622385387,636.8872861036853,667.7537319693668,695.8484154044166,721.4202361263514,744.6957431789331,765.8811419550747,785.1641210012785,802.7155147834237,818.6908171314847,833.2315588038381
172,0.1203125,99.07704105195279,177.52722109168815,248.9327588990813,313.92620626714313,373.08334860390283,426.92827395019197,475.938009547414,520.5467466590151,561.1496870633462,598.1065442197946,631.7447300637615,662.36225563866,690.2303712151459,715.5959693473606,738.6837721323429,759.6983220568144,778.8257940766156,796.2356449781734,812.0821146214552,826.5055923973051
173,0.11953125,98.021418464809,175.6321248991144,246.27311946597445,310.57055545549935,369.0941539884573,422.3624188290532,470.8472762130066,514.9782691944156,555.1463672369217,591.7074311516039,624.9853661269633,655.2749913869707,682.8446520455991,707.9385964164175,730.7791398336119,751.5686341657644,770.4912604797203,787.7146607314959,803.39142292679,817.6604329410135
174,0.11875000000000001,96.90499953313272,173.63537727083914,243.47555500485427,307.04421174354104,364.90450861894885,417.56904392393403,465.5043872014264,509.13521119592264,548.8480539462166,584.9947431736429,617.895513207715,647.8418420270582,675.0990334997018,699.9085677578845,722.4902405069116,743.0441102270776,761.7522705275333,778.7804633492967,794.2795472967974,808.3868341391957
175,0.11796875000000001,95.55043348290334,171.2046597553953,240.06487031033382,302.74143674828116,359.7897187870802,411.71514926496445,458.9777574965038,501.99625803032615,541.1517642464423,576.7911659542342,609.230202936206,638.7562622610234,665.6309242914032,690.0922800604637,712.357040541912,732.6224565116719,751.0680660185161,767.8572849399944,783.1388547019818,797.0481600199683
176,0.1171875,94.13550554362533,168.67301185658317,236.51724088930095,298.26918452155365,354.4759075268406,405.63535809445244,452.2007714932474,494.5846836811452,533.1625858049371,568.2762506984916,600.2367607221771,629.3272637213937,655.8054814671742,679.9059928584675,701.8423120905816,721.8087802068447,739.9822867995232,756.523837108282,771.579978387339,785.2840982107497
177,0.11640625,92.49034752883554,165.72165961344487,232.37653971154765,293.0458145674084,348.2670584796878,398.52951716069595,444.27848673746706,485.91927171210966,523.8207796694647,558.3187907101135,589.7189325575717,618.299388279321,644.3133607503379,667.9913158083157,689.5430239682236,709.1594187948515,727.0142884061794,743.2658150878332,758.0579766457466,771.5218219443439
178,0.115625,90.78563393635585,162.67071947102025,228.10071684973622,287.6552255279911,341.8618410783922,391.2007915541129,436.10918358456115,476.9848729006043,514.1899887120935,548.0541418074552,578.8773446393024,606.9326692091333,632.4686662425107,655.7115671418686,676.867288201653,696.1232548474088,713.650062068669,729.6029857510127,744.123358284578,757.3398206687772
179,0.11484375000000001,88.86002695148058,159.21692882612717,223.25552856173456,281.5434653795601,334.5972137941047,382.88681598929645,426.84008947199095,466.8464298330875,503.26026440264354,536.4041933596517,566.5718480592308,594.0304924669948,619.0233908832334,641.7719630467109,662.4777457053028,681.3241780416025,698.4782267800746,714.0918653675874,728.3034203191465,741.238796688786
180,0.11406250000000001,86.87603763282719,155.66550597648185,218.27787318156558,275.2677728777545,327.1400786286081,374.35433756875545,417.3288327605386,456.4442867750105,492.0472342201292,524.453091663169,553.9489519592919,580.796127675649,605.2324660857607,627.474456296834,647.7191471546482,666.1458929227649,682.9179422100349,698.1838842182261,712.0789651105739,724.7262861962357
181,0.11328125,84.68185383048457,151.7305711300748,212.7580708074816,268.30530485202826,318.86446371472704,364.8834880434824,406.7700790527686,444.89532264045727,479.59698069708895,511.18248452529247,539.9316587634904,566.0992004942225,589.9169356304054,611.595872680281,631.3280720799335,649.288347663848,665.6358153562336,680.5153027977834,694.0586323835595,706.3857891110931
182,0.1125,82.43082061642181,147.70056086553714,207.10927100297602,261.1831993548752,310.40138475739735,355.19986014939565,395.9755061521972,433.0895648758338,466.8708398071506,497.6186086284297,525.6052745610675,551.0787796480078,574.2648012942799,595.3687515774373,614.5775970173844,632.0615149327398,647.9754010664766,662.4602418323431,675.6443633273778,687.6445682088331
183,0.11171875,79.98158803027484,143.30874247126496,200.94888685648453,253.41295076807913,301.1658060324807,344.63053001636575,384.19219399258543,420.20128626902084,452.9768208595644,482.8091647565875,509.9626106562961,534.6777184557861,557.1734463892483,577.6490907914055,596.286051666398,613.2494397127859,628.6895390505505,642.7431386030577,655.5347439164864,667.1776801848889
184,0.11093750000000001,77.47738910884458,138.82499062519594,194.66376838401598,245.48834093667259,291.74895895418814,333.8554528755412,372.1808539602186,407.0646966593184,438.81602613729103,467.7161360288194,494.02106045132996,517.9638422670744,539.7565976270945,559.5923951381349,577.6469662776361,594.0802622149913,609.0378708400873,622.6523065479807,635.0441841945739,646.3232876567198
185,0.11015625000000001,74.78820818436022,134.00336610826554,187.90078410182082,236.9582192618558,281.61035865588076,322.2528079131276,359.2456342355842,392.9165674342622,423.56390679542284,451.4591647738036,476.8494726569245,499.9597700140575,520.9947974424364,540.1409103693732,557.5677299717305,573.4296458471354,587.8671837581792,601.0082505609379,612.9692673344263,623.856200782035
186,0.109375,72.04628257608319,129.09351593646593,181.01809575535037,228.27996134858012,271.29779927353457,310.452710712361,346.09157768080655,378.53013360757393,408.0557599495012,434.93003200811165,459.39103624705217,481.6554795492521,501.92060903540255,520.3659595014165,537.1549439330346,552.4363011933764,566.3454137177092,579.0055068842433,590.5287406749137,601.0172033305729
187,0.10859375,69.13373317842684,123.87181273219834,173.6942083755273,219.04255915967775,260.31868735647623,297.88828777267463,332.08420356760985,363.20938546149574,391.5395788745534,417.3257677404958,440.79639827705523,462.1594028874532,481.60404222988495,499.30258187509634,515.4118183975085,530.0744684277784,543.4204329813091,555.5679482577024,566.6246330938669,576.6884423828109
188,0.1078125,66.17098554813282,118.56613447963606,166.25638308174774,209.66415578516552,249.17399368928727,285.1359190881235,317.8685260904354,347.6618004799599,374.7796881842399,399.4624334556948,421.9287072071658,442.3775442599199,460.9901066000225,477.93128831258815,493.3511763896625,507.38638035832327,520.1612425174245,531.788939499809,542.3724849075088,552.0056419357464
189,0.10703125000000001,63.05302466042541,112.97654661875414,158.41674778274094,199.7764262764134,237.4220621598101,271.68718474090446,302.87536100873893,331.2628947692249,357.10127748946127,380.6194171632644,402.0256664765939,421.5096686827472,439.24403763735813,455.3858869737425,470.0782219563397,483.45120635025864,495.6233155387892,506.70238609849827,516.7865711178298,525.96520975504
190,0.10625000000000001,59.887721105719116,107.30775091153879,150.4696410120509,189.75569659744176,225.51394248370713,258.0611640572292,287.68570326064724,314.6500103525144,339.1929683966937,361.53200939299495,381.86504050918535,400.37219737611895,417.2174399106531,432.55000485151095,446.50572785380496,459.2082468598034,470.7700974159238,481.2937096346722,490.8723156224505,499.5907754456637
191,0.10546875,56.58357217396931,101.38474062721006,142.16259284575727,179.27860261045328,213.0616482482917,243.81103720185203,271.7991886585439,297.27405597274964,320.4613261043904,341.56641979346085,360.7763116149875,378.2611864467477,394.1759471110055,408.6615866392006,421.84643730600084,433.84730750474785,444.77051654432483,454.7128365286746,463.7623496507775,471.9992285285288
192,0.1046875,53.235227608660864,95.38777679963972,133.7551998955313,168.67732584149272,200.4635174807653,229.39537018949693,255.72919599962833,279.69829152965735,301.51500416582974,321.3726130964764,339.4470415649158,355.8984154021448,370.8724815772468,384.50189937928354,396.9074156470364,408.1989344629832,418.47649079732605,427.8311367228616,436.34574804056666,444.0957584953841
193,0.10390625,49.76526203566132,89.16786207881661,125.03195581745938,157.675464049641,187.38763567377677,214.43171088847893,239.04728148389353,261.45242161495986,281.84562227320794,300.407550437186,317.30264979462265,332.6805975892181,346.67763057319576,359.4177519003161,371.01382963934844,381.5685966457929,391.175560657939,399.9198326735616,407.87888093351177,415.1232172244217
194,0.10312500000000001,46.254519880353655,82.87970270909105,116.21610975262699,146.55899858882066,174.1771627640705,199.31527150035689,222.19602664950534,243.0221328168308,261.9780924980239,279.23184042083045,294.93623126257586,309.2303938116478,322.2409634993054,334.08320426682843,344.8620296845304,354.672932373648,363.6028299743496,371.73083514952975,379.1289564348231,385.8627361773102
195,0.10234375000000001,42.64013133949673,76.40123199809061,107.13045264887538,135.10020098450283,160.55831310614556,183.7303389550786,204.82156571933666,224.01884382088224,241.4922444931535,257.3965670602175,271.8727104560512,285.04892146766383,297.0419308227083,307.95798726936846,317.89379879606554,326.93738933449873,335.1688785435516,342.66119157569847,349.48070510138535,355.6878353471884
196,0.1015625,38.988636193430146,69.8606448677886,97.9605046062222,123.53708129748586,146.8169419911663,168.0063212732932,187.2929377638011,204.84765429110766,220.82599091978508,235.36950252423742,248.60703279895176,260.6558557000475,271.62271435927386,281.60476671953467,290.69044624737626,298.9602453523156,306.48742846294067,313.33868107209946,319.57470049013045,325.25073357331024
197,0.10078125,35.252108838697175,63.16356082476764,88.56845195688192,111.69199730128929,132.7390921152033,151.89620544084852,169.33305415758997,185.204112924799,199.6499846447395,212.79864657610673,224.7665841934292,235.6598231298821,245.57486839477454,254.59955926430263,262.8138474040733,270.2905051211839,277.09577002804923,283.2899318223178,288.92786636882283,294.0595218476525
198,0.1,31.48237309565897,56.41087000512221,79.1009361918948,99.7535115566065,118.55153979383242,135.66154933469753,151.23511819876643,165.41021398875847,178.31241548351193,190.05602495144944,200.74508072259144,210.47427887295967,219.32981211529122,227.39013337258928,234.7266507772569,241.40436025754474,247.4824213251799,253.0146811601666,258.0501516248049,262.6334434665293
199,0.09921875000000001,27.6467440991017,49.53646311893508,69.4603945390139,87.59517223450938,104.10148731478674,119.12557822672719,132.8005451362641,145.24753451713462,156.5768140487684,166.88874988000077,176.2746958368297,184.81780270182585,192.5937547700806,199.67144027957036,206.11356163862695,211.9771908600236,217.31427512985246,222.1720969830008,226.59369314960983,230.6182358157015
200,0.09843750000000001,23.78200911304577,42.613300294850475,59.75367978354912,75.35492267539824,89.55522140551277,102.48037153319297,114.2448759278724,124.95295632740451,134.69947596774676,143.57077977949632,151.64545927929677,158.9950488147884,165.68465925979103,171.77355481801837,177.31567802370924,182.3601275948125,186.95159338201265,191.1307522617789,194.93462846998239,198.39692160204166
201,0.09765625,19.87092666839076,35.60395437588473,49.92408780210183,62.95829058368538,74.8220589097254,85.62049896913102,95.44927356286766,104.39545403456627,112.53829297525498,119.94992661053628,126.69601387327116,132.8363180292746,138.42523602977593,143.51228034739856,148.14251754583387,152.3569674710672,156.19296660800518,159.68449881411524,162.86249634779386,165.7551138908572
202,0.096875,15.935019475050273,28.553002191990206,40.03801742697701,50.491739776196916,60.00675841865835,68.66736045709938,76.55026764165562,83.72531326030297,90.25606012002717,96.20036344748267,101.61088338450811,106.5355515012534,111.01799538870411,115.09792513620187,118.81148509653278,122.19157405944907,125.26813668027897,128.0684287402029,130.61725857765276,132.93720686345335
203,0.09609375,11.972597003939432,21.451933071897244,30.079979480561324,37.933246811918124,45.08132420230442,51.58753751281594,57.50952234080187,62.89973803911776,67.80593346257216,72.27157014651746,76.33620730318037,80.03585220687786,83.40327907852038,86.46831935595145,89.25812590141014,91.79741348831683,94.10867770513676,96.21239420783198,98.12720007392838,99.87005889733399
204,0.09531250000000001,7.989783420879933,14.316661981265103,20.075502542032616,25.317252393032252,30.088326621348703,34.43098420247186,38.383692731302226,41.98146647690933,45.25617590834925,48.23682983020556,50.949832323086305,53.41921664896345,55.66685812311764,57.71266788254622,59.57476924652931,61.26965823623784,62.81234968596947,64.21651023502348,65.49457936813651,66.65787961055096
205,0.09453125000000001,4.000450881241507,7.167651033651099,10.050414984016982,12.67432850115766,15.062644566590485,17.236518232071763,19.215202502109076,21.016221271823028,22.655525242388112,24.147633280363188,25.50576096282108,26.74193756099521,27.86711248994738,28.891252223082788,29.823428507983273,30.671898665638537,31.444178691626682,32.14710979865513,32.78691897794395,33.369274148410106
206,0.09375,-0.004714116309213038,-0.007948742399120618,-0.010789590389367939,-0.013330728715569643,-0.015617317841577178,-0.017679062277708005,-0.019539708721264707,-0.021219905539095925,-0.022738037267327964,-0.024110592334220957,-0.025352361069491014,-0.02647657998285443,-0.02749509296792869,-0.028418486799974784,-0.029256222634447392,-0.03001676024169031,-0.030707665170287574,-0.0313357054252034,-0.031906948492046686,-0.03242682581368016
207,0.09296875,-3.996360821599143,-7.160824481321996,-10.041116879489586,-12.662734852925448,-15.048905001055337,-17.220773567201554,-19.197588888385095,-20.996870606163803,-22.634564544803386,-24.125184044427286,-25.48193866083092,-26.71685130552149,-27.84086488802342,-28.863939355276983,-29.79514001180319,-30.642717903534045,-31.414182970309124,-32.116370623775616,-32.75550235234286,-33.337240857743524
208,0.0921875,-7.999184477241432,-14.332514147211695,-20.097020535466392,-25.34383843009461,-30.119472950106314,-34.46624230830211,-38.42266146733222,-42.023785889869124,-45.301522724765874,-48.28491367437009,-51.00039232912652,-53.4720183602742,-55.72169071332641,-57.76934164677032,-59.6331133550317,-61.329518736056464,-62.873587716408785,-64.27900043612111,-65.55820848282173,-66.72254521544374
209,0.09140625000000001,-11.968535155769016,-21.445153749200323,-30.070745253956282,-37.921731966223646,-45.06767693229638,-51.57189737602226,-57.49202435194148,-62.88051306285217,-67.78510757814587,-72.2492639898107,-76.3125355649577,-80.01092328821429,-83.3771949393638,-86.4411754889557,-89.23001141043095,-91.76841125186249,-94.07886459141497,-96.18184132548792,-98.0959730666324,-99.83821822602162
210,0.09062500000000001,-15.944339181489772,-28.568718701156936,-40.05935226479129,-50.518100054590434,-60.03764041619205,-68.70231917554828,-76.58890507438475,-83.76727228553894,-90.30102002854258,-96.24803619105498,-101.66101021275296,-106.5878998822248,-111.07235624841474,-115.15411036632868,-118.86932532272857,-122.25091665614092,-125.32884399794018,-128.13037652445757,-130.68033458100447,-133.00130958471826
211,0.08984375,-19.866921072901505,-35.59726922708655,-49.914980945133124,-62.94693286653583,-74.80859567268146,-85.60506725651604,-95.43200612472666,-104.3764796772129,-112.51773590197222,-119.92790574684699,-126.67264235142984,-132.811702831484,-138.39947782554293,-143.48547345692458,-148.11475000872844,-152.3283212007233,-156.16351759813242,-159.65431738162016,-162.8316474200665,-165.72365728126036
212,0.0890625,-23.791193803015055,-42.62879165943213,-59.77471064918469,-75.38090827997165,-89.58566471692211,-102.5148333890277,-114.28296353283508,-124.99431725854646,-134.7437937710606,-143.6177702690114,-151.69486721503057,-159.04664485849673,-165.7382372452957,-171.82892928621845,-177.37268201522227,-182.41861068663195,-187.0114199343338,-191.19179985475853,-194.99678653135084,-198.46009016086484
213,0.08828125,-27.642822464097993,-49.52991852947755,-69.45147778729451,-87.58404903916289,-104.08829875590918,-119.11045759768601,-132.7836218069202,-145.22893422141888,-156.55665818968708,-166.86715482989334,-176.2517724013584,-184.7936557449962,-192.5684830348877,-199.6451363358194,-206.0863119370574,-211.9490758731467,-217.28536954578186,-222.1424699366081,-226.56340849891632,-230.58735240729288
214,0.08750000000000001,-31.491369974056436,-56.4260481980631,-79.12154424869419,-99.77897601950009,-118.58137293554731,-135.6953201097531,-151.27244105977718,-165.45074304757225,-178.35584020375293,-190.1020665181184,-200.7934887772596,-210.52482851844582,-219.382301228865,-227.4443801789817,-234.7824916751539,-241.4616478866562,-247.5410228402688,-253.07447669236635,-258.11103293132425,-262.6953127043426
215,0.08671875000000001,-35.248298373519724,-63.15720234462929,-88.55978691563811,-111.68118462655961,-132.72626724687453,-151.88149670605526,-169.3165864505549,-185.18600791107866,-199.63036001903382,-212.77761532946533,-224.74425405015455,-235.6362961485017,-245.55024076660197,-254.57392124066908,-262.7872833311555,-270.2630935629313,-277.0675839432066,-283.261038780062,-288.89832881073136,-294.0293973397812
216,0.0859375,-38.99739365090067,-69.87542384983234,-97.98057371110745,-123.56188147976722,-146.84599738501785,-168.03921117930315,-187.32928587222537,-204.88712304201516,-220.86827731808825,-235.4143345992829,-248.6541664127677,-260.7050716144472,-271.6738156037577,-281.65757621276526,-290.74480466684685,-299.0160092401964,-306.5444685347914,-313.39688070949285,-319.63395441851725,-325.3109466611111
217,0.08515625,-42.63645858095775,-76.39510405015027,-107.12209939804356,-135.08977294738852,-160.54593873713463,-183.71614043020352,-204.80566238887678,-224.0013523104544,-241.47327790317166,-257.3762341922662,-271.85111521633166,-285.0261624382566,-297.01810103283594,-307.93317409716946,-317.8680839795562,-326.9108490723365,-335.1415836512574,-342.6332076820779,-349.45209289263954,-355.6586508024729
218,0.084375,-46.262987804154484,-82.89399895011896,-116.23552716223821,-146.58299555300155,-174.2052777608533,-199.34709634004395,-222.23119619070297,-243.06031956764843,-262.0190025794855,-279.2752101354644,-294.98182399112926,-309.2779971557707,-322.2903867156585,-334.1342759472112,-344.91459567778713,-354.7268539384247,-363.6579821297574,-371.7871052056279,-379.18624270453626,-385.92094680623006
219,0.08359375000000001,-49.76175267032031,-89.16200766106284,-125.02397250814577,-157.66549238700813,-187.37579582536827,-214.41811773286972,-239.03204779351148,-261.4356580348707,-281.82743645150316,-300.38804620306934,-317.2819265223018,-332.6587497340307,-346.65474741057216,-359.3939173974165,-370.9891224377604,-381.5430901360308,-391.1493231110137,-399.8929274146188,-407.8513665647619,-415.0951478411031
220,0.08281250000000001,-53.24335771875066,-95.40150984208424,-133.77385703036992,-168.70038579651856,-200.49053546937026,-229.42595261507282,-255.7629907474907,-279.73498285005877,-301.5543088108606,-321.4142770160783,-339.49083690699143,-355.9441377435469,-370.9199474352218,-384.5509439600912,-396.9578908288456,-408.25070700338324,-418.5294407329503,-427.8851559440437,-436.40073904298384,-444.1516332456804
221,0.08203125,-56.58025089665451,-101.37920107547603,-142.1550353796119,-179.2691562839369,-213.05042369206384,-243.7981408955955,-271.78472580302645,-297.2581303279491,-320.44403904059726,-341.54786941400744,-360.7565920748048,-378.24038744820444,-394.1541536058173,-408.6388786654709,-421.8228899384538,-433.8229908990491,-444.74549604030767,-454.68717279777434,-463.73609889459334,-471.97244267223675
222,0.08125,-59.895467218116956,-107.32084381213483,-150.48743405386463,-189.77769163600675,-225.53971375541934,-258.0903345502978,-287.7179356628656,-314.6850022553629,-339.2304486299378,-361.5717348658766,-381.90679332830274,-400.4157821769616,-417.2626814570734,-432.59674586228056,-446.5538270548952,-459.2575772541682,-470.8205447387964,-481.34517097843644,-490.92469823343663,-499.64399563047925
223,0.08046875,-63.04991503491022,-112.97136137296373,-158.40966949582707,-199.76757108260827,-237.4115299613457,-271.6750725683364,-302.8617655430563,-331.2479120218741,-357.08500176453543,-380.6019401182369,-402.00707639012865,-421.4900499054149,-439.22347025201987,-455.3644465937855,-470.0559796394793,-483.42822860896484,-495.5996644116698,-506.6781192682764,-516.7617420825042,-525.9398679959305
224,0.07968750000000001,-66.17830397186208,-118.57851447442589,-166.27321387790548,-209.68496500411408,-249.19837675424205,-285.1635174544086,-317.89901892541934,-347.6949002257963,-374.81513711331,-399.5000006739356,-421.9681859034334,-442.418749149731,-461.03287162322425,-477.9754645468254,-493.39663018001164,-507.4329916564711,-520.2089033989965,-531.8375528451719,-542.4219632488499,-552.0559064087275
225,0.07890625000000001,-69.13085750847527,-123.8670191200284,-173.68765974602067,-219.03435737004213,-260.3089204542236,-297.87704234607656,-332.07156688067795,-363.1954449594873,-391.5244210482676,-417.30947711887154,-440.77905663922417,-462.14108866385396,-481.5848301169581,-499.2825425907962,-515.3910185549566,-530.0529705083147,-543.3982953707409,-555.5452253317619,-566.6013753591036,-576.6646966166115
226,0.078125,-72.05313229016127,-129.1051147382538,-181.03387221920332,-228.29947134161225,-271.32066143737245,-310.47858673502833,-346.12016478114714,-378.561160492294,-408.08898361145623,-434.96523490788394,-459.42802370680556,-481.6940773197205,-501.96066110137804,-520.4073260906018,-537.197499730541,-552.4799337570109,-566.3900220633152,-579.0510002278053,-590.5750373347349,-601.0642297285827
227,0.07734375,-74.78558735255108,-133.99899907502564,-187.89481238372923,-236.95072917036663,-281.6014253312786,-322.2425065728368,-359.23404188707786,-392.90376219078024,-423.54996663413317,-451.4441664546704,-476.8334908744576,-499.9428767447443,-520.977061509943,-540.1223971537271,-557.5485012394071,-573.4097596835035,-587.8466945655686,-600.9872091087208,-612.9477208669791,-623.8341931282407
228,0.0765625,-77.48373205674511,-138.83574491740475,-194.67840516562865,-245.5064466247443,-291.7701772935938,-333.87946742299874,-372.20738144111584,-407.0934833526426,-438.84684493749984,-467.74878382083244,-494.0553556611062,-517.9996225622037,-539.7937178391081,-559.6307253746588,-577.6863902287661,-594.120675650934,-609.0791802700802,-622.6944280286835,-635.0870422918125,-646.3668145004575
229,0.07578125000000001,-79.97924132072085,-143.30483428271893,-200.94353567575635,-253.40622619155738,-301.15776932384017,-344.62124416646435,-384.18172497783127,-420.18970216330206,-452.96419047885337,-482.7955564991092,-509.94809158994127,-534.6623536082312,-557.157298260261,-577.6322190124532,-596.2685127840691,-613.2312870777024,-628.6708227744698,-642.7239055709667,-655.5150378591791,-667.1575417556713
230,0.07500000000000001,-82.43662188162126,-147.71041259695977,-207.1226898866841,-261.1998044760778,-310.4208466938153,-355.2218858254244,-395.9998331313352,-433.11595820486184,-466.89908936098146,-497.64852669268646,-525.6366935507842,-551.1115499514599,-574.2987893204739,-595.403837978898,-614.6136750948843,-632.0984892210572,-648.0131860720184,-662.4987609124067,-675.6835477155589,-687.684356127336
231,0.07421875,-84.67979894166795,-151.72715139282093,-212.75338019368326,-268.29939517304456,-318.85738147072385,-364.8752832150765,-406.76080587496324,-444.8850384981122,-479.5857446493825,-511.17035606284236,-539.9186968279258,-566.085462707806,-589.9024777524431,-611.5807482142726,-631.3123320075568,-649.2720402877029,-665.618986213458,-680.497994631792,-694.0408851790069,-706.3676401356864
232,0.0734375,-86.88126591844315,-155.67440316429023,-218.29000418216725,-275.2827913487997,-327.157683530594,-374.37426053378795,-417.35083337838716,-456.468149925431,-492.07276771855766,-524.4801240639117,-553.9773304527969,-580.8257160843676,-605.2631430444216,-627.5061135925118,-647.7516882357104,-666.1792315779411,-682.9520013893545,-698.2185949872628,-712.1142657431866,-724.7621213475031
233,0.07265625,-88.85827982370986,-159.2140241984134,-223.25153455466983,-281.53841505962,-334.5911381028108,-382.8797511935988,-426.83207742670794,-466.8375166486672,-503.2504988438277,-536.3936255158948,-566.560528293498,-594.0184705822071,-619.0107155202232,-641.7586812364293,-662.4639025509657,-681.3098165129468,-698.4633875812764,-714.0765868665392,-728.2877385428125,-741.2227453282608
234,0.07187500000000001,-90.79026140222895,-162.6786159301865,-228.11149783580572,-287.6685809708496,-341.87749970102584,-391.2185108862643,-436.12874629513095,-477.0060846445421,-514.2126760933212,-548.0781504146004,-578.9025371310895,-606.9589234702819,-632.495873703692,-655.7396312430691,-676.8961230106198,-696.1527838366999,-713.6802170240368,-729.6337058043011,-744.1545890770689,-757.3715135876677
235,0.07109375000000001,-92.48892219545279,-165.71929355565152,-232.37327402207865,-293.04166272756555,-348.2620351770852,-398.5236443326374,-444.27179329779494,-485.9117919815642,-523.8125516438823,-558.3098546412457,-589.7093298288036,-618.2891605068028,-644.302549120419,-667.9799605727576,-689.5311640725001,-709.1470916219586,-727.0015295969677,-743.2526584260021,-758.044454011879,-771.507963282574
236,0.0703125,-94.13950825222358,-168.6798679465545,-236.5266186037147,-298.28081153215237,-354.48954350597563,-405.6507874889495,-452.21780095020216,-494.6031404331113,-533.1823159648169,-568.2971175385145,-600.2586429559376,-629.3500538268961,-655.8290841525674,-679.9303236539868,-701.8672960811225,-721.8343509110516,-740.0083851692114,-756.5504106431523,-771.6069803717473,-785.3114870162266
237,0.06953125,-95.54934205982644,-171.20285251158677,-240.06236029796347,-302.7382171441843,-359.7857874304541,-411.7105132355361,-458.9724322847901,-501.99026572249164,-541.1451316583851,-576.7839231206721,-609.2223819116538,-638.7478961540214,-665.622046539856,-690.0829238682533,-712.347238451743,-732.6122400968427,-751.0574656540969,-767.8463296420265,-783.1275720387349,-797.036576038834
238,0.06875,-96.90835745261889,-173.64115990205656,-243.48348506990132,-307.05405589539635,-364.91605847395635,-417.5821116956895,-465.5188042611697,-509.1508270170162,-548.8647347440839,-585.0123704374683,-617.9139821866466,-647.8610602266119,-675.1189192985785,-699.9290491330573,-722.5112538843005,-743.0655994661454,-761.7741860147881,-778.8027611975017,-794.302188657524,-808.4097845734744
239,0.06796875,-98.02067098235278,-175.6308932148831,-246.2713877538752,-310.56829600009235,-369.09134729593194,-422.35905668984674,-470.84336029774244,-514.9738089868572,-555.1413780314007,-591.7019324490705,-624.9793803602532,-655.2685428871522,-682.837766254174,-707.9312992622147,-730.7714572490129,-751.5605917252276,-770.4828831206061,-787.7059725462763,-803.3824470303688,-817.6511913567263
240,0.0671875,-99.07973828173682,-177.53190410385162,-248.93920633278785,-313.934224752935,-373.0927624933845,-426.93892389367556,-475.9497522240545,-520.5594542987141,-561.163246443077,-598.1208554562002,-631.7597053099738,-662.3778177593368,-690.2464525588358,-715.6125106085319,-738.7007213234557,-759.7156336012503,-778.843427998742,-796.2535661891884,-812.1002923096199,-826.5239994683701
241,0.06640625,-99.88767245934957,-178.9761154161137,-250.96207579008123,-316.48362439697905,-376.12134306489264,-430.40362306554744,-479.8113893160601,-524.7823741249103,-565.7149994723045,-602.971908367646,-636.8831782721459,-667.7492456576675,-695.8435678546947,-721.4150458057641,-744.6902292385575,-765.8753238143481,-785.1580180176451,-802.7091459966699,-818.6842010862642,-833.2247133939136
242,0.065625,-100.64026359123157,-180.32811311541724,-252.86014651696652,-318.87890019923793,-378.9692442442192,-433.66353714964464,-483.446335636342,-528.7586854806657,-570.0020279420254,-607.5417558194225,-641.7104503205346,-672.8108273465542,-701.1184192862959,-726.8840160084634,-750.3358866801825,-771.6818020915667,-791.1108753734782,-808.795237434015,-824.8915619521993,-839.5424534087241
243,0.06484375,-101.13883579755574,-181.21789468479537,-254.1055047132983,-320.44773231006087,-380.83243240398195,-435.79461485278745,-485.821228365484,-531.3554879677747,-572.8008059751576,-610.524367601781,-644.8603846359614,-676.1130566286107,-704.5592660782396,-730.4510315268319,-754.0177403503575,-775.4681810451611,-794.992392997878,-812.7633501523402,-828.9384934886169,-843.6611258631431
244,0.06406250000000001,-101.58031234398972,-182.01254764973777,-255.22213215309387,-321.85759725562497,-382.5092740053279,-437.7144928742494,-487.9623365901274,-533.6979707207747,-575.3265864699272,-613.2169898998028,-647.704869011461,-679.0957675381362,-707.6677917821879,-733.674074403882,-757.3450169906571,-778.8903312703803,-798.5008970217244,-816.3504531604085,-832.5971369773404,-847.3848851349695
245,0.06328125000000001,-101.76644722736398,-182.34240980942826,-255.68229437043743,-322.43617985440164,-383.1955700661501,-438.49879500585325,-488.83582502551235,-534.6526253404049,-576.3551114628684,-614.3127470201633,-648.8618176242119,-680.3084104336017,-708.9311260595152,-734.9835468802428,-758.6964836835033,-780.2800205613415,-799.9253761560376,-817.8065977732691,-834.0821033692516,-848.8960850453687
246,0.0625,-101.8940890752966,-182.57482309627414,-256.0106015462211,-322.8519522326321,-383.6910275089634,-439.06681698118257,-489.46991403465773,-535.3468594576175,-577.1040962888778,-615.1115700736416,-649.7060060101413,-681.1938919156647,-709.854193417189,-735.9408253462467,-759.6849012326162,-781.2967808215648,-800.9679337222474,-818.8726357177272,-835.1695127578496,-850.0029462836476
247,0.06171875,-101.7666374150365,-182.34272793324098,-255.6827235285514,-322.43670783406094,-383.19618681018227,-438.49949168562614,-488.83659367608175,-534.6534587020109,-576.3560029003858,-614.3136904722852,-648.8628075636326,-680.309441831464,-708.9321943515484,-734.9846479338777,-758.6976137657546,-780.2811763080118,-799.9265545418655,-817.8077960837384,-834.0833191738445,-848.8973161723444
248,0.060937500000000006,-101.57965943749866,-182.01147323461933,-255.22069412723934,-321.8558354177409,-382.50721986988856,-437.7121731508981,-487.9597746390555,-533.6951872924433,-575.3236001574642,-613.2138174568915,-647.7015255956163,-679.0922669069242,-707.6641464560978,-733.6702958039992,-757.3411155561552,-778.8863165603968,-798.4967778032942,-816.3462374857605,-832.592832251611,-847.3804981757831
249,0.06015625000000001,-101.13940518957466,-181.2188470821066,-254.10678951386546,-320.44931295602396,-380.83427879131347,-435.7967005542203,-485.8235295378684,-531.3579828776682,-572.803474757949,-610.5271921098295,-644.8633483196429,-676.1161444300885,-704.5624643302609,-730.4543278544099,-754.0211235747286,-775.4716410916682,-794.9959208066596,-812.7669375939864,-828.9421332841202,-843.664811508421
250,0.059375000000000004,-100.63896212795969,-180.32597160846686,-252.85728042502762,-318.87538887379714,-378.9651505074008,-433.6589142366521,-483.4412301002274,-528.7531386690525,-569.996076900304,-607.5354339253565,-641.7037877698534,-672.8038515445475,-701.1111551728037,-726.8764863325349,-750.3281122344332,-771.6738019153568,-791.102666928253,-808.786836757417,-824.8829837930474,-839.5337113457673
251,0.05859375,-99.88861767368702,-178.97769638311098,-250.96420851153732,-316.48624820364375,-376.12440800154695,-430.4070852759966,-479.81520922836216,-524.786515664335,-565.7194296623798,-602.9765970789886,-636.8880980258242,-667.7543714495513,-695.8488769880154,-721.4205177283629,-744.6958453838012,-765.8810674484968,-785.1638740917991,-802.7151010069185,-818.690242940915,-833.2308312882834
252,0.0578125,-99.07779708538189,-177.52871035895052,-248.9349323796379,-313.9289889968582,-373.08665864392435,-426.93203133740076,-475.9421403667138,-520.5511847734792,-561.154374461297,-598.1114307563477,-631.7497728835959,-662.3674184363047,-690.2356234929075,-715.6012856875991,-738.6891315194893,-759.7037072736108,-778.8311911558541,-796.2410427184808,-812.0875041788667,-826.5109669027827
253,0.057031250000000006,-98.0219864597682,-175.63309337393892,-246.2743557028616,-310.5719473436704,-369.09561255004814,-422.3638748488289,-470.848676306795,-514.9795726478109,-555.1475434493988,-591.7084576849649,-624.9862271586826,-655.2756764335396,-682.8451549428905,-707.9389144710238,-730.779273118424,-751.568584946661,-770.4910327307902,-787.7142597329546,-803.3908549477677,-817.659704951472
254,0.05625,-96.9057896834136,-173.6369360739451,-243.47783339248636,-307.04713308440495,-364.9079885002441,-417.57299953964076,-465.5087416743485,-509.13989545376563,-548.8530071550042,-584.999912529174,-617.9008533851511,-647.8473144536806,-675.1046056155694,-699.9142122846702,-722.495934762215,-743.0498355107163,-761.758011561465,-778.7862077811274,-794.2852852786908,-808.3925579327122
255,0.05546875,-95.55101996834186,-171.20565865089867,-240.06614558840784,-302.74287400733357,-359.7912273081487,-411.71665836702743,-458.97921247963563,-501.9976169666926,-541.152995411935,-576.7922458775704,-609.2311148560631,-638.7569948528368,-665.6314706490541,-690.0926368468444,-712.357207281629,-732.6224350136459,-751.0678598856805,-767.8568991612681,-783.1382953285835,-797.0474338705621
256,0.0546875,-94.13633119036925,-168.67464312878099,-236.51962877738728,-298.27225074884484,-354.47956517763623,-405.639521459472,-452.20536065295545,-494.58962653516005,-533.1678185967953,-568.2817178605758,-600.2424143547639,-629.3330628798136,-655.811391426676,-679.9119843806923,-701.8483607309865,-721.8148656916101,-739.9883924540501,-756.5299493486576,-771.5860862867122,-785.2901930915201
257,0.05390625,-92.49095247510101,-165.72268870260157,-232.3778536744485,-293.04729682260876,-348.2686166680688,-398.5310792117105,-444.27999668609084,-485.92068644548266,-523.8220663502136,-558.3199248300008,-589.7198964017921,-618.3001696595306,-644.3139519899537,-667.9917128941574,-689.5432258418462,-709.159426772249,-727.0141056829209,-743.2654463258323,-758.0574276436909,-771.5210993365137
258,0.053125000000000006,-90.78649646526625,-162.67242618337534,-228.10321891700892,-287.6584430616281,-341.8656846394677,-391.20517247595853,-436.1140188293691,-476.9900872498819,-514.1955153880384,-548.0599223751199,-578.8833285179117,-606.938812975749,-632.4749329027028,-655.7179253950452,-676.8737117425115,-696.1297217341165,-713.6565541404199,-729.6094881077597,-744.1298588410682,-757.3463097341792
259,0.05234375000000001,-88.86065030458167,-159.21798781471315,-223.2568807616628,-281.54499215867116,-334.5988212696209,-382.8884307899651,-426.84165442823536,-466.8479006830376,-503.2616072116603,-536.405382582715,-566.5728650160075,-594.0313240840906,-619.0240286855678,-641.7724023122503,-662.4779847566668,-681.3242176641884,-698.4780697236969,-714.0915159288904,-728.3028840068138,-741.2380799165543
260,0.051562500000000004,-86.87693853568818,-155.66729130532593,-218.28049442375112,-275.2711485736109,-327.1441168001074,-374.3589465400817,-417.3339263004051,-456.44978645616595,-492.05307014282863,-524.4592024185247,-553.9552841758283,-580.8026353417091,-605.2391098277164,-627.4812026445916,-647.7259678381441,-666.152764232165,-682.9248444029142,-698.1908009879385,-712.0858831282028,-724.7331946777988
261,0.05078125,-84.68249540094051,-151.7316594673348,-212.75946044523675,-268.30687526292905,-318.8661196317637,-364.8851549026954,-406.77169855640324,-444.8968494265936,-479.59837976028456,-511.1837292922386,-539.9327295827499,-566.1000833909391,-589.9176213064491,-611.596355674272,-631.3283500609404,-649.2884208494007,-665.6356860116789,-680.5149748152963,-694.058110942911,-706.3850803674733
262,0.05,-82.43176130198621,-147.70242787700096,-207.11201630203766,-261.18673997129537,-310.40562617398746,-355.2047076420893,-395.9808702310421,-433.0953638219399,-466.8770005040446,-497.62506659079514,-525.6119735197278,-551.0856708935165,-574.2718429645786,-595.3759079250196,-614.5848377019985,-632.0688143744849,-647.9827378432784,-662.4675981374429,-675.6517244995423,-687.6519222873574
263,0.049218750000000006,-79.98224740094176,-143.30985919176422,-200.9503125642758,-253.41456322986664,-301.16750876595404,-344.63224739791104,-384.1938666937427,-420.2028678944407,-452.97827537415094,-482.8104645793283,-509.9637351688967,-534.6786527733666,-557.1741803721958,-577.6496182131194,-596.2863695110999,-613.2495475950668,-628.6894387138143,-642.7428334962325,-655.5342388512541,-667.1769810190507
264,0.0484375,-77.47837098907026,-138.8269424192858,-194.6666427078681,-245.49205338642392,-291.7534124860957,-333.86054968790745,-372.18650124652663,-407.0708093313727,-438.8225277705227,-467.7229589608641,-494.0281454088355,-517.9711377331056,-539.7640591403174,-559.5999845632754,-577.6546510956854,-594.0880148702046,-609.045668128538,-622.6601290647509,-635.0520158526471,-646.3311152300901
265,0.04765625,-74.78888481848587,-134.00451000757295,-187.90224418416142,-236.95987180688815,-281.6121061606111,-322.2545738488385,-359.2473583583501,-392.91820239648655,-423.56541558529165,-451.46051883256433,-476.8506504109558,-499.96075566534995,-520.9955799953298,-540.1414828086665,-557.5680885668103,-573.4297895748801,-587.8671138020057,-601.0079698864571,-612.9687803441626,-623.8555129951645
266,0.046875,-72.04730710101732,-129.09555570502107,-181.02110423935835,-228.2838528036256,-271.30247415429085,-310.45806811950285,-346.0975214402721,-378.5365751890024,-408.06261953184435,-434.93723865273256,-459.3985275699676,-481.66320111517246,-501.9285136706909,-520.3740065696345,-537.1630986240906,-552.4445338655506,-566.3536992781892,-579.0138242266952,-590.537072187578,-601.0255344278592
267,0.04609375,-69.13442631415514,-123.87298218496514,-173.69570055897938,-219.04424912343225,-260.3204768047493,-297.8900994544813,-332.0859764626721,-363.21107137118753,-391.5411398799751,-417.32717434889224,-440.7976279822116,-462.1604389840688,-481.60487285865196,-499.3031992140665,-515.4122179749644,-530.0746485505204,-543.4203942360034,-555.567693086886,-566.6241654493189,-576.6877674026416
268,0.045312500000000006,-66.17205411718747,-118.56826535760398,-166.25953082684427,-209.6682334288496,-249.17889922850264,-285.1415485211871,-317.87477983696436,-347.6685865041174,-374.7869231873379,-399.47004312877715,-421.9366259525443,-442.3857146148969,-460.99847856608017,-477.9398186379949,-493.3598278591751,-507.3951211315175,-520.170045502252,-531.7977817813505,-542.3813472459057,-552.0145082867609
269,0.04453125000000001,-63.05373328542797,-112.97773952998993,-158.41826914863557,-199.7781502158826,-237.42388984917943,-271.689038421345,-302.8771790495229,-331.2646282445304,-357.10288766190615,-380.62087366558916,-402.02694590565517,-421.5107534422284,-439.2449150049418,-455.38654830888817,-470.07866202457154,-483.4514227590676,-495.62330824318303,-506.70215697892894,-516.7861236335526,-525.9645486196545
270,0.043750000000000004,-59.88883507952873,-107.30997599581794,-150.47293311281425,-189.75996766341066,-225.5190881182575,-258.0670771680864,-287.6922808355909,-314.6571567973666,-339.200596861928,-361.54004211106235,-381.87340856946236,-400.3808401815932,-417.22630452601044,-432.5590452949778,-446.5149043891892,-459.2175253325729,-470.77944862096916,-481.3031087371786,-490.8817416464131,-499.6002107840035
271,0.04296875,-56.584294982936,-101.38595435385956,-142.16413972185995,-179.2803561713693,-213.0635094492305,-243.81292802648005,-271.80104706223403,-297.2758324523744,-320.4629812147052,-341.5679223706611,-360.77763740997386,-378.26231700097543,-394.17686884982237,-408.6622900994837,-421.8469164747935,-433.8475592652477,-444.7705401877485,-454.71263333588087,-463.7619225471116,-471.9985817590889
272,0.0421875,-53.23638827192427,-95.39009908553994,-133.75864135528508,-168.6817975122036,-200.4689126610014,-229.40157872851373,-255.7361114445642,-279.7058146886408,-301.5230445759847,-321.3810894515572,-339.45588154807376,-355.9075551791163,-370.88186516624273,-384.51147795445615,-396.9171468348447,-408.2087816776395,-418.4864226041141,-427.84112625221195,-436.35577246803996,-444.10579854205093
273,0.041406250000000006,-49.765997327479276,-89.16909324930897,-125.03352352926578,-157.67724165880387,-187.3895242713637,-214.43363249439247,-239.0491738735402,-261.4542348899028,-281.84731641842467,-300.40909359361285,-317.3040169378306,-332.68176944360425,-346.67859273592035,-359.41849409256866,-371.01434506256766,-381.56888144047605,-391.175613424183,-399.9196540583688,-407.87847328882657,-415.1225842835679
274,0.040625,-46.255728360555956,-82.88212495222825,-116.21970529595717,-146.56367776622102,-174.18281668950033,-199.32178702325137,-222.2032938898316,-243.03004896418702,-261.9865634288322,-279.24078122221385,-294.9455661276654,-309.24005557310915,-322.25089302420326,-334.093349774356,-344.8723460489076,-354.68338046076843,-363.6133760021889,-371.7414500966836,-379.1396155129959,-385.8734183228098
275,0.03984375,-42.64087700316067,-76.40247647865112,-107.1320354719778,-135.10199579269832,-160.560221537524,-183.73228340645255,-204.82348406060746,-224.0206859752031,-241.49397004373193,-257.39814357952173,-271.8741122364988,-285.0501284797834,-297.04292787449,-307.9587632852765,-317.89434619438134,-326.9377035019817,-335.1689573672685,-342.6610350382433,-349.48031494402227,-355.68721474910603
276,0.0390625,-38.989893525177735,-69.86316968836597,-97.96425882407776,-123.54197478838056,-146.8228638355621,-168.0131554054676,-187.3005709117736,-204.8559800230897,-220.834911418753,-235.37892921433505,-248.61688630838086,-260.6660654390557,-271.63321794343943,-281.6155093046405,-290.70137984127746,-298.9713281548265,-306.4986242250602,-313.3499585004434,-319.5860327131234,-325.2620976247864
277,0.03828125,-35.252862265821186,-63.16481356128592,-88.5700428979538,-111.69380091250696,-132.74101105521532,-151.89816287835328,-169.33498837860844,-185.20597393185733,-199.65173182258647,-212.80024708585205,-224.76801176236933,-235.66105705971754,-245.57589276160732,-254.6003622298922,-262.81442061818785,-270.2908432154599,-277.095870162008,-283.28979328899464,-288.9274902651702,-294.0589107584696
278,0.037500000000000006,-31.483680114372106,-56.413499705993175,-79.10485329366695,-99.7586257684959,-118.5577383536911,-135.66871338035682,-151.24313113054868,-165.4189657751746,-178.32180460186493,-190.06595912344898,-200.75547695023158,-210.48506306543072,-219.34091854443312,-227.40150402808115,-234.7382346901498,-241.4161128456726,-247.49430375314552,-253.02665974130613,-258.06219728246543,-262.6455312109335
279,0.03671875000000001,-27.647502078412167,-49.537717946749744,-69.46198507234747,-87.59697437995617,-104.10340529712035,-119.12753644452089,-132.80248266832487,-145.24940175113878,-156.57857041603233,-166.89036232347252,-176.2761376677395,-184.81905266455794,-192.59479628850673,-199.6722608054687,-206.1141520833089,-211.97754511109088,-217.31438961461802,-222.17197028731803,-226.5933256979573,-230.61762956188682
280,0.035937500000000004,-23.78336637382534,-42.61603672018233,-59.75776340455778,-75.36026338150505,-89.56170483057493,-102.48787617857616,-114.25328196601329,-124.9621501792478,-134.709352418526,-143.58124283069463,-151.65642226331903,-159.00643407562976,-165.69639764475417,-171.78558505670452,-177.32794606620544,-182.3725859651819,-186.96420054123325,-191.14347200910558,-194.9474294009005,-198.4097765797459
281,0.03515625,-19.871685282309606,-35.60520383040776,-49.9256676063933,-62.96007879578899,-74.82396194811314,-85.62244299227432,-95.45119888222979,-104.39731178413368,-112.54004292632554,-119.95153572319009,-126.69745522814951,-132.83756995625745,-138.4262814068473,-143.513105991606,-148.1431136788764,-152.35732726303894,-156.19308576179117,-159.6843752005321,-162.8621296980751,-165.75450549650077
282,0.034375,-15.936427247929775,-28.555846711696617,-40.04227060811158,-50.4973120951033,-60.01353419593747,-68.67521576290092,-76.5590795595249,-83.73496474946154,-90.26644231599587,-96.21137663798667,-101.622437209173,-106.54756469125282,-111.03039529919582,-115.11064715294327,-118.82447199201816,-122.20477535732313,-125.28150802368116,-128.0819312946386,-130.63085848743498,-132.95087471934846
283,0.033593750000000006,-11.973351513048105,-21.45316817591131,-30.08153614271467,-37.93500605701482,-45.083195363281035,-51.58944912023491,-57.51141645105846,-62.901566957394444,-67.80765764950337,-72.2731568635285,-76.3376296283682,-80.03708823525062,-83.4043112801376,-86.46913401530665,-89.25871262212803,-91.7977647683964,-94.10878854627875,-96.21226177036407,-98.12682338473486,-99.86943856151657
284,0.0328125,-7.991241569271063,-14.31961527789529,-20.079927437542374,-25.32306042948892,-30.095401160055,-34.43919914299715,-38.392922255684205,-41.99159021055596,-45.26708141575071,-48.24841372290306,-50.962000551094924,-53.431884305060485,-55.67994902085988,-57.72611399470985,-59.588510082841246,-61.28364022188258,-62.82652553808888,-64.23083836948541,-65.5090233565307,-66.67240764578666
285,0.03203125,-4.001195561661803,-7.168861002170364,-10.051933588589256,-12.676040669341639,-15.064463374093181,-17.238375288948443,-19.21704220622671,-21.017997598953947,-22.65719975759074,-24.149173888410868,-25.50714101790123,-26.743135146929134,-27.868109844961523,-28.892035234053584,-29.823986259903087,-30.672223053344887,-31.444264058452156,-32.14695261500865,-32.786517568094794,-33.3686284169651
286,0.03125,0.0032062323187321187,0.0048868481917921204,0.0061919529839722575,0.007284178044773683,0.008239024251358166,0.00909697118237655,0.009882295086267602,0.010610699846491907,0.011292923835616595,0.011936560593826518,0.012547115190711123,0.013128663801958153,0.013684261079586592,0.014216229676147137,0.014726363270438886,0.015216058026650643,0.015686428152593187,0.01613837695084572,0.01657264730622218,0.01698988046778573
287,0.030468750000000003,3.9956328698754753,7.15965258940899,10.039654235513474,12.661091551599071,15.047163271419146,17.218997901952804,19.19583185357546,20.99517596895258,22.632969143449372,24.123718920618373,25.480629845643954,26.715720450057756,27.839929763979764,28.863214298776402,29.79463632293099,30.6424441926082,31.414145485036105,32.1165735426926,32.755948035360404,33.3379301014739
288,0.029687500000000002,7.997628138519513,14.32934494350596,20.092250596035456,25.33755229659272,30.111787809815997,34.457287548819586,38.41256790781162,42.01267997853725,45.289523619691465,48.272131844657295,50.98692905779168,53.45796579170337,55.707132167669805,57.75435210353902,59.6177600196637,61.31386162223262,62.85768024363602,64.26289000673722,65.54193701652994,66.70614968138871
289,0.02890625,11.967832232488373,21.44403543869676,30.06936002976139,37.92018371029223,45.066042082559115,51.570235582301294,57.49038433553234,62.87893564567836,67.78362741903418,72.24791058641219,76.31133392393619,80.00989445675643,83.37635642231342,86.44054162296771,89.22959370564672,91.7682186900746,94.07890391361946,96.18211729252988,98.09648868279803,99.83897497237271
290,0.028125,15.942736469405997,28.565444873277887,40.05441233026761,50.511575491805736,60.02964781217654,68.69298886593076,76.57836982843303,83.75566115901488,90.28845521455746,96.23463146114831,101.64687030456905,106.57312046222114,111.0570241631935,115.13830407911375,118.85311544491367,122.2343665036724,125.31201017035643,128.11330946883476,130.66307911790477,132.98390543527043
291,0.02734375,19.866253157984058,35.596223076357994,49.91369886788643,62.9455111114559,74.80710362413767,85.60355862673323,95.43052484809368,104.37506282281633,112.516415259758,119.92670868483188,126.67159235768128,132.81081993560622,138.39877892275604,143.4849726040153,148.1144587002889,152.328248612447,156.16367082874504,159.6547016753484,162.8322663584855,165.72451299035953
292,0.026562500000000003,23.789547813796293,42.625417676718236,59.769605430624964,75.37414933002228,89.5773672833526,102.50512815223556,114.27198472057468,124.98219613691741,134.73065525220434,143.60373118124608,151.6800355661495,159.03111970577024,165.72210887674868,171.81227960380625,177.35558502588208,182.40113302784832,186.99362143030612,191.17373406342782,194.9785012583384,198.441627978522
293,0.025781250000000002,27.642201544039455,49.52896678643774,69.4503296857674,87.58279155920145,104.08699277240122,119.10914961683521,132.78234987804004,145.227730713079,156.55555120790683,166.86616891508257,176.25092892852217,184.7929732232715,192.567977328008,199.64482087046673,206.08619790528869,211.94917241331743,217.28568393215585,222.14300775763806,226.56417381197105,230.5883479146427
294,0.025,31.489685068254364,56.422580768082774,79.11628149435201,99.77199040070529,118.57277747750436,135.68524510457425,151.2610215855312,165.43811207907657,178.34212496287552,190.08738656123492,200.77795512417194,210.50854342095835,219.36535827430924,227.42686461325223,234.76448084717276,241.4432117376693,247.52222443228442,253.0553727339124,258.0916742755003,262.67574485638164
295,0.02421875,35.24773887619921,63.15637171587031,88.5588098238039,111.6801368957272,132.72519955902195,151.8804468880413,169.31558538382612,185.18508214970285,199.62953302043127,212.77690797408655,224.74368488506195,235.63588155186764,245.54999505292687,254.5738567711542,262.78741063302937,270.2634214396572,277.0681196042936,283.2617879684279,288.89929591427136,294.0305855308517
296,0.0234375,38.9956758142865,69.87187257060982,97.97516511614842,123.5546817215323,146.8371162086622,168.0287775983178,187.31743506501397,204.873989062872,220.85398917471,235.39901414477617,248.63792732923136,260.68801907052193,271.6560462718845,281.6391785244853,290.7258592038866,298.99658918138596,306.52464015131306,313.3767038644516,319.61348304470664,325.2902292531436
297,0.022656250000000003,42.63597789952735,76.39442665451712,107.12133789084702,135.08898981327826,160.54517251372147,183.71541854959025,204.80500706309027,224.00078296743388,241.47281220867953,257.3758883736819,271.8509041333046,285.02609959774173,297.01819856621364,307.9334427611321,317.86853318201014,326.9114869025858,335.1424169416531,342.6342420769143,349.4533329097686,355.660099930164
298,0.021875000000000002,46.2612451019622,82.89037713446389,116.22998952155514,146.57560043748634,174.1961303672694,199.33632332187824,222.21893190385492,243.04669836046799,262.00415458075537,279.25925893696456,294.96488547381415,309.26017902566764,322.27178842540013,334.11498887512266,344.8947034579862,354.7064328584969,363.6371015866485,371.7658281734602,379.16462618708033,385.8990423091011
299,0.02109375,49.76137184633184,89.16152227011757,125.02348044009591,157.66504025205484,187.37540774626882,214.41780874263853,239.03182967142365,261.43554153394814,281.8274320881047,300.38816436429744,317.28217734573343,332.6591429573281,346.65529220624074,359.3946222513974,370.98999507038087,381.54413744175105,391.150551142526,399.8943413847809,407.85297085058744,415.09694603106925
300,0.0203125,53.24160087670699,95.39783557615242,133.76821372278485,168.69282221915913,200.48115074573823,229.4148697241617,255.75034208829067,279.72090208775376,301.53892635694405,321.39771748604056,339.47321777571295,355.92556874771583,370.9005303885687,384.53077284676243,396.93705206395526,408.229279773699,418.5074974064423,427.8627624996179,436.3779554919471,444.1285140788425
301,0.01953125,56.57999545312834,101.37895463249941,142.1548780180895,179.26911578622673,213.05050711502798,243.79834852335122,271.78505690499526,297.25858514847647,320.4446193302353,341.5485782978479,360.75743372132865,378.24136673571854,394.1552757989479,408.6401491571432,421.8243140529743,433.82457372971385,444.7472423453766,454.6890869258488,463.73818472229914,471.97470359411886
302,0.018750000000000003,59.893710393016946,107.31714136229954,150.4817170187566,189.76999708863636,225.53013290604656,258.0789851018809,287.70494666186397,314.67050546905716,339.2145736984192,361.55460651769465,381.8885298501225,400.3964946692347,417.24247353108075,432.57571363706774,446.5320593385863,459.2351558188677,470.7975446758384,481.32166108280654,490.90074138768387,499.61964922079187
303,0.017968750000000002,63.04981605248625,112.9714109566052,158.40992628217165,199.76804057017372,237.41219903185512,271.67592399033566,302.8627836195926,331.2490843094857,357.08631931731765,380.6033970918407,402.00866947745584,421.49177780003095,439.2253331485476,455.3664457771835,470.05811715570303,483.4305069872291,495.6020864603328,506.6806879127831,516.7644602268948,525.9427384463609
304,0.0171875,66.17656577504373,118.57481616212496,166.2674662550621,209.6771908979021,249.18865723074967,285.1519629821437,317.885753477218,347.6800521596148,374.7988339734703,399.4823661454543,421.94933807908194,442.3987996239476,461.01192505747184,477.95361855789264,493.3739754310369,507.4096120560098,520.1848763928515,531.8129497471979,542.3968495797695,552.0303422743259
305,0.01640625,69.13095308585048,123.8674346039225,173.68842803673448,219.0354576128054,260.31031568597115,297.87869454229644,332.07344245572943,363.19751617813625,391.5266659501089,417.3118788296352,440.78160254826537,462.14376966215843,481.587639901297,499.28547708209135,515.39407542001,530.0561487517216,543.4015950170526,555.548647163588,566.6049206911633,576.6683671426182
306,0.015625,72.05143731923266,129.1014637309318,181.02815227749332,228.2916879567951,271.3108828016377,310.46691366799877,346.1067140443352,378.54605514238386,408.0723474251885,434.94718905310293,459.40868478764344,481.6735562915458,501.9390626889666,520.3847485537653,537.1740348521149,552.4556669544734,566.365032606634,579.0253615069872,590.5488171447693,601.0374906017585
307,0.01484375,74.78592454350573,133.99986666181505,187.89621242852584,236.95260963797662,281.6037210507872,322.2451548161572,359.2369876794334,392.9069593730016,423.55337743071,451.44776046021036,476.8372439445233,499.94676998299025,520.9810803530771,540.1265305981676,557.5527411952032,573.4141004187092,587.8511322590443,600.9917414741327,612.9523468264058,623.8389125705805
308,0.0140625,77.48211290021446,138.83219891243627,194.67279150622875,245.4987496815056,291.76044901612875,333.86779598280265,372.19387371572503,407.0782547161333,438.8300132795279,467.7304659090022,494.03566494191296,517.9786678770247,539.7716026771483,559.607547499542,577.6622415486054,594.095642228927,609.0533424559992,622.6678606518653,635.0598148819146,646.3389915644831
309,0.013281250000000001,79.97987880381393,143.30626137911284,200.9457174918665,253.4090737322505,301.1611839744582,344.62513378707433,384.1860089746082,420.1943121536034,452.9690694607638,482.8006574761501,509.9533761425618,534.6677906007731,557.1628626802735,577.637890981646,596.2742767226018,613.2371309811274,628.6767376190484,642.7298848070136,655.5210769691288,667.1636379102321
310,0.0125,82.43512227622202,147.70704959706262,207.1172895970547,261.19232543751787,310.4113203939893,355.2103840094489,395.98644940701973,433.1007972293349,466.8822604191821,497.6301397210287,525.6168566673696,551.0903679493913,574.2763627341606,595.3802625521674,614.589041515436,632.0728830138715,647.986687629745,662.4714456003052,675.6554860157447,687.6556138492454
311,0.01171875,84.68081065948512,151.7292732761441,212.7565329810842,268.303445915676,318.8621917603878,364.8807257728481,406.7667693255825,444.8914275818753,479.5924789441257,511.1773682039364,539.9259307223227,566.0928719266664,589.9100240939176,611.5884004707051,631.3200649146162,649.2798336105968,665.6268239835081,680.505864489703,694.0487777996493,706.3755487657922
312,0.010937500000000001,86.87994491589298,155.67132918273896,218.28496375625332,275.2757112520048,327.14856943814874,374.3631629501537,417.33782830714955,456.4533274030578,492.0562249105706,524.4619609135889,553.9576469086219,580.804610341983,605.2407104003834,627.4824457303932,647.7268728035068,666.1533519447295,682.9251365566986,698.1908195897533,712.0856501012208,724.7327315975025
313,0.010156250000000002,88.85976063794666,159.2170143554631,223.25590129579604,281.5439728758071,334.5977009630302,382.88714959937164,426.8401628198617,466.8461611032845,503.2595932822763,536.4030774730196,566.5702597279294,594.0284159140023,619.0208198803581,641.7688989568503,662.4741958681228,681.3201544354982,698.473744932542,714.0869434544891,728.2980784303616,741.233056233103
314,0.009375000000000001,90.78920149193195,162.6759798334787,228.10702414442406,287.66215695701936,341.8690982245092,391.20815488421766,436.116488448257,476.9919951969843,514.196835414072,548.0606442256243,578.8834533916895,606.9383503315972,632.4738981173138,655.7163380355557,676.8715942769153,696.1270985354502,713.6534507475468,729.605930654124,744.1258736065132,757.3419228345599
315,0.00859375,92.49099688535547,165.72338012965557,232.37917471709343,293.04912863251354,348.2708227594223,398.5335329199652,444.28258903232245,485.92332690987325,523.8246813553917,558.3224555140887,589.7222963830206,618.3024030373149,644.3159915882917,667.9935387772482,689.5448240717559,709.1607883482014,727.0152256737462,743.2663231364818,758.0580623886468,771.5214953458349
316,0.0078125,94.13882844470726,168.6778855930928,236.523013130029,298.27542026511315,354.482296994531,405.6416724976565,452.2068390347445,494.5903749665656,533.1678040951807,568.2809249360498,600.2408403012853,629.3307144305652,655.8082822755405,679.9081333317665,701.8437902977861,721.8096010009646,739.9824604160727,756.5233780036979,771.5789042833588,785.2824293096974
317,0.00703125,95.55217651114866,171.20833872433647,240.07022078845682,302.74812576036106,359.7974305188213,411.72360749147003,458.9867281419383,502.00554573652795,541.1612074783362,576.8006321386479,609.2395840891036,638.765471188334,665.6398913415746,690.1009503643638,712.3653716772463,732.6304165151403,751.0756317103869,767.8644404945411,783.1455904357107,797.0544713654745
318,0.00625,96.90822666474861,173.64013868230802,243.48117862469599,307.0502375330028,364.9106036035278,417.5749592566971,465.5099340953664,509.140245995707,548.8524680301642,584.9984556722044,617.8984655111334,647.8439935033819,675.1003580875598,699.9090512138513,722.4898781642341,743.0429051458882,761.7502319777058,778.7776055460505,794.2758883535809,808.3823952014938
319,0.0054687500000000005,98.0245094286173,175.63822543663443,246.28183581945015,310.5814371105055,369.10677999411206,422.3764189723023,470.8623322741719,514.9941104106462,555.1627644788716,591.7241912653778,625.0023268638415,655.292016985077,682.861629428528,707.9554319349089,730.7957564806428,751.584969182605,770.5072633132481,787.7302912720853,803.4066499954237,817.675232990442
320,0.004687500000000001,99.08045920762609,177.53239712346107,248.93897731601743,313.9329594428374,373.0902596792364,426.93505516960937,475.944437966821,520.5526487173186,561.1549279903228,598.1110203203566,631.7483628512277,662.3649872281325,690.2321606325215,715.5967895263371,738.6836074509547,759.6971662893524,778.8236486991053,796.2325177447498,812.0780183742094,826.5005440714858
321,0.00390625,99.89288930959763,178.98597823610777,250.97607575038109,316.5012136338027,376.14200644909687,430.4268963867598,479.8368609584536,524.8096815246971,565.7438243214864,603.0019716993077,636.9142359055455,667.781084139362,695.8760008431731,721.4479108968899,744.723385179844,765.9086480358095,785.191404474792,802.7425032606841,818.7174506426818,833.2577881675662
322,0.003125,100.64239673683194,180.33115096260593,252.86345212371032,318.88203031587636,378.9718830816367,433.66545442694735,483.4473608615319,528.758691610118,570.0009206637528,607.5394661073594,641.7069290731205,672.8060414128136,701.1123483939242,726.8766503590235,750.3272250320574,771.6718501872302,791.0996446673067,808.7827440335462,824.8778257228829,839.5274972545197
323,0.0023437500000000003,101.14576293780968,181.2308821874208,254.12388441627323,320.4708067640512,380.85955100920177,435.8251914435868,485.85474154850516,531.3914762991884,572.8388620453305,610.5641321451951,644.9015411170797,676.1553264183984,704.6024041538955,730.494822681118,754.061995850331,775.5127356608555,795.0371023914382,812.8080885571264,828.9831516356993,843.7056091690935
324,0.0015625,101.5839842000724,182.0183462046604,255.2292641916151,321.86547981572437,382.51746729887986,437.7226561237212,487.97020043243305,533.7053193996358,575.3332459461138,613.2228194336293,647.7097549729564,679.0996187123901,707.670535662035,733.6756542200183,757.3453892893014,778.8894638865615,798.4987673986739,816.3470469221584,832.5924467005608,847.3789093286167
325,0.00078125,101.77888875631717,182.36548637321906,255.7148876061978,322.4771736406254,383.24393460827577,438.5536016045414,488.89624247143064,534.7179115790468,576.4246046895117,614.3858572137153,648.9380188743146,680.3872341102086,709.0121547142884,735.0664088359989,758.7808482292623,780.3655936554226,800.0118966136977,817.8938338553452,834.1698497187197,848.9841599760907
326,0.0,101.91049512842213,182.6040357331191,256.05084125407797,322.90170631452366,383.7490108032532,439.13192444431274,489.5411850166344,535.4234520451934,577.1852685997953,615.1966659675765,649.7944437844972,681.2851551008766,709.9478230542644,736.036413418339,759.7820850030249,781.3952378811695,801.0673776615208,818.9728123000006,835.2701965147464,850.1039375191237
327,0.14375000000000002,59.89508258147212,107.32010418459795,150.48638121302014,189.77637685085475,225.53818768352932,258.08864297525105,287.71611804993165,314.68309150085213,339.2284715398487,361.5697128415292,381.9047431179992,400.4137166464015,417.26061026204076,432.59467605171915,446.5517635862146,459.25552342312096,470.81850254041177,481.34314141004126,490.9226815252666,499.64199145633637
328,0.25234375,101.13843890680899,181.2172070670618,254.10461088635594,320.4467053286059,380.8313319779792,435.7934891962726,485.82011624253926,531.3544203423048,572.7998072985756,610.5234568275247,644.8595760681337,676.1123606355494,704.5586897104938,730.450579061968,754.0174137632428,775.4679804202794,794.9923168829433,812.7633958724398,828.9386573986098,843.6614035857938
329,0.253125,100.63975963566688,180.32712572526876,252.85871130727662,318.8770689361375,378.9670729058382,433.66108042118503,483.44364428248974,528.7558051832366,569.9989989354544,607.5386129485057,641.7072233457909,672.8075413619309,701.1150951889477,726.8806709848266,750.33253467036,771.6784542269439,791.1075403730885,808.7919219706031,824.8882709599513,839.5391903776377
330,0.25390625,99.88728948987638,178.97545085668978,250.96121150915815,316.4826315815753,376.12028003167035,430.40253689122767,479.81031777123536,524.7813472736767,565.7140409424289,602.9710363611504,636.8824064143323,667.7485837126837,695.8430223437258,721.4146205514858,744.6899258331961,765.875142028836,785.1579561511901,802.7092011865416,818.6843695548358,833.2249906819018
331,0.2546875,99.07925769326266,177.53096415924736,248.93784243474772,313.93248733892244,373.0907056747281,426.9366002619066,475.94721039964503,520.5567378675936,561.1603936485129,598.1178992870097,631.7566738202696,662.3747344917332,690.2433370128676,715.6093787222251,738.6975859303658,759.7125048594967,778.8403137779659,796.2504724271229,812.0972233097659,826.5209581850526
332,0.25546875,98.02030172608666,175.630251436436,246.27055266959596,310.567336894279,369.09032105810724,422.35800923745813,470.84232839949067,514.9728218102373,555.1404583928675,591.7010978182944,624.978643707533,655.2679133992182,682.8372499513716,707.9308995414445,730.7711753487729,751.5604271309926,770.4828339098738,787.7060356935874,803.3826186488435,817.6514669262185
333,0.25625000000000003,96.90789928591387,173.64026542380424,243.48218942294906,307.05240819377804,364.9141109983385,417.5799149984787,465.51640488431525,509.14826652250747,548.8620494590454,585.0095915706229,617.9111361608776,647.8581691064306,675.1160012564308,699.9261189256827,722.5083233020252,743.062677753071,761.7712802461867,778.7998766267789,794.2993290039194,808.4069522978524
334,0.25703125000000004,95.54898619609646,171.2022330391532,240.06155379081903,302.73729096313616,359.78479701653913,411.70950333540594,458.97143866533304,501.98931666469537,541.1442491852479,576.7831239929643,609.2216784718697,638.7472970408364,665.6215573031849,690.0825475096462,712.346975885702,732.612090551895,751.0574270129107,767.8463987413327,783.1277449052517,797.0368481121864
335,0.2578125,94.1390715184006,168.67901690182612,236.525388093216,298.27924935961323,354.4877001634036,405.64871154855825,452.21553694423693,494.60072797370714,533.1797895392945,568.2945066520076,600.2559724753063,629.347344411329,655.8263527171032,679.9275838400424,701.8645586977066,721.831624345907,740.0056757565341,756.5477230008905,771.6043176794466,785.308851281626
336,0.25859375,92.48857939161212,165.71869588577934,232.372495434377,293.0407686462493,348.26107957990047,398.5226707889928,444.27083657651764,485.91087948977525,523.8117046306108,558.309089182688,589.7086576670996,618.2885897616949,644.3020849011485,667.979605514981,689.5309187952437,709.1469551239074,727.0014995913017,743.2527316349381,758.0446263969084,771.5082302620274
337,0.259375,90.78984520930422,162.67780646627654,228.11032961256308,287.6671004939448,341.87575571373867,391.21655003674056,436.12661117136093,477.00381297916897,514.2103006062172,548.075698979651,578.9000331300471,606.9563862254613,632.4933189380555,655.7370715443639,676.8935682642154,696.1502416274984,713.6776929944424,729.6312039818073,744.1521121424017,757.3690631322476
338,0.26015625,88.85794976238563,159.21344784548282,223.2507832537368,281.53755229051086,334.5902163696139,382.8788128852406,426.83115631975255,466.83663929012243,503.24968572860223,536.3928920596989,566.5598856648434,594.0179264099356,619.0102745012729,641.7583456684131,662.4636727841945,681.3096913414964,698.4633645722464,714.0766626489626,728.287909032178,741.2230059386088
339,0.2609375,86.88086942249431,155.67363352617826,218.28889554812932,275.28138894011903,327.15603438182893,374.3724094243225,417.3488210158952,456.4660122314303,492.0705357154533,524.477824064018,553.9749844207978,580.8233420711271,605.2607556430387,627.5037243955575,647.749306259434,666.1768636547956,682.9496525161721,698.2162686431069,712.1119641479704,724.7598457103883
340,0.26171875,84.67948131692593,151.72659588365008,212.75265556448883,268.2985629564677,318.8564926910231,364.87437908051515,406.7599191775811,444.8841949396326,479.5849639908046,511.1696530832717,539.9180821483284,566.0849434931567,589.9020583144841,611.5804305389591,631.3121162016363,649.2719249641754,665.6189688149923,680.4980717137995,694.041052628431,706.367893377551
341,0.2625,82.43624427800356,147.7096811121697,207.12163827349826,261.1984766867377,310.41928809449774,355.2201393815065,395.99793773289167,433.11394802895205,466.89699380045266,497.64637056560673,525.6344974702437,551.1093307595931,574.2965605399306,595.401610262729,614.6114566418962,632.0962861588351,648.0110027952885,662.496600391159,675.6814117443301,687.6822455646294
342,0.26328125,79.97893572413386,143.30429896697237,200.9428368605499,253.40542347057695,301.1569122450873,344.6203727655016,384.18087107654816,420.18889063834405,452.96344038184185,482.7948819998666,509.94750279065966,534.6618572391368,557.1568982765657,577.6319171159813,596.2683088639483,613.231179589891,628.6708090591337,642.7239821295506,655.5152005674951,667.1577860648532
343,0.26406250000000003,77.48337241856156,138.83504972523872,194.67740776183888,245.50518971841316,291.76870463130723,333.87782021775394,372.20559683367804,407.0915938467992,438.8448783680732,467.74676358183166,494.05330108171773,517.9975493402322,539.7916384873877,559.6286496632201,577.6843255911898,594.1186275578058,609.0771525575777,622.6924231970204,635.0850617454079,646.3648587784982
344,0.26484375000000004,74.7852934140435,133.99848336109844,187.8941386055617,236.94995499321422,281.6005988322982,322.24166662385005,359.2332193543879,392.90298114570766,423.5492454425047,451.44351870302137,476.83292617337247,499.94240141702073,520.9766791809842,540.1221092667295,557.5483074897612,573.4096583920957,587.8466829899464,600.9872837140233,612.9478775333814,623.83442734627
345,0.265625,72.05278991067671,129.10445436102734,181.03292675325147,228.29828226898783,271.3192709238906,310.47703429307234,346.1184858608507,378.5593859860889,408.08713985877955,434.9633439403767,459.42610362935375,481.6921427425293,501.958723580837,520.4053945633794,537.195580910775,552.478032500125,566.388141684859,579.0491427922583,590.5732038867758,601.062420514899
346,0.26640625,69.1305749121097,123.8665225018458,173.68701034516576,219.03361093465728,260.308123596541,297.8762327829741,332.0707745366175,363.19469311888855,391.5237274130296,417.30885471625015,440.7785146131845,462.14063295478934,481.58446404482066,499.2822673632765,515.3908336952269,530.0528742218376,543.3982848500818,555.5452970212543,566.6015251567147,576.6649200635974
347,0.2671875,66.17797812928823,118.57788742378469,166.27231807691274,209.68384072747318,249.19706462799527,285.1620553433169,317.8974406481791,347.6932351253767,374.813410095954,399.4982324698275,421.966393451723,442.4169460285247,461.0310684844665,477.9736695420177,493.39484934811844,507.4312292780555,520.2071623053738,531.8358346976372,542.4202687612681,552.0542355607189
348,0.26796875,63.04964343508936,112.97088329065316,158.409043738612,199.7668514981398,237.41076170750455,271.6742922195038,302.8610020982977,331.2471879990347,357.08433422471575,380.60134155416694,402.0065555044804,421.4896122812242,439.22311892791265,455.3641825646503,470.05580227722993,483.42813602263146,495.59965374574955,506.6781869610458,516.7618840623834,525.9400798654809
349,0.26875,59.89515721734683,107.32024865829987,150.48658573812656,189.77662924634825,225.53847641895692,258.0889585363032,287.71645321644326,314.6834412302166,339.2288325593659,361.57008323740206,381.9051219716761,400.4141036914078,417.26100563977724,432.5950801254753,446.5521768043852,459.25594623376725,470.81893532987135,481.3435844696398,490.92313503484183,499.64245547828784
350,0.26953125,56.57998995198496,101.37874097250969,142.15443253686468,179.2684626681946,213.0496830200183,243.7973886133971,271.78399000186084,297.25743277987107,320.4433961890101,341.5472932414696,360.7560908673464,378.2399664556699,394.1538156086001,408.63862446723545,421.8227187796323,433.82290081002253,444.7454841332127,454.6872355183986,463.73623221332565,471.972642262432
351,0.2703125,53.24306288900888,95.40094520928866,133.77305410635591,168.69938250399636,200.48936947715112,229.42465864817137,255.76159953390788,279.73352081275743,301.5527981685477,321.4127360703627,339.489280432421,355.94257741149374,370.918392235597,384.54940060958415,396.9563641399893,408.2492002192959,418.5279558173658,427.8836938416463,436.3992998853147,444.15021654752206
352,0.27109375,49.76150203348724,89.16156496773176,125.02339183237493,157.66482383755243,187.37508169369846,214.41739235322652,239.03133836804602,261.43498561135,281.826816878977,300.3874909781531,317.2814435386274,332.658343931807,346.65442133428854,359.3936716802268,370.98895620746487,381.5430013611849,391.14930888613577,399.8929842056286,407.85149039461317,415.09533446255756
353,0.27187500000000003,46.26270750402571,82.8934635243704,116.23476763252532,146.58204869849044,174.20417983198203,199.34588056751645,222.22989184022964,243.05895168803113,262.0175921310772,279.273774288485,294.9803765168419,309.2765488464345,322.28894579912276,334.13284848612176,344.913185929141,354.72546467863305,363.65661493527244,371.78576070399106,379.18492077227864,385.9196467571035
354,0.27265625000000004,42.63621792509749,76.39467822799372,107.12154018433802,135.08912861704735,160.54525017352734,183.7154408725652,204.8049781691969,224.0007037732808,241.4726803257637,257.375698608493,271.8506491504613,285.02577054309785,297.0177856379129,307.93293568442226,317.8679215815901,326.9107606113176,335.14156621748623,342.63325777295125,349.452206593061,355.6588239520974
355,0.2734375,38.99712728400326,69.87491640449232,97.97985570882567,123.5609885770335,146.84496445215365,168.0380700004842,187.32806430323456,204.88584481145674,220.86696218149007,235.41299864725983,248.65282246248776,260.7037296251169,271.6724830837665,281.6562586097049,290.74350571751233,299.014731286005,306.54321279312086,313.3956475155649,319.63274341551147,325.309756980418
356,0.27421875,35.24806738849052,63.15679288056987,88.55924849356376,111.68056371302129,132.72560333536478,151.88082195829185,169.31592634729637,185.18538211434966,199.62978325616436,212.7770981938343,224.74380371860298,235.6359170074679,245.54993495031744,254.5736890978701,262.78712381540527,270.2630045641896,277.06756255974943,283.2610815509619,288.8984318911471,294.0295566627444
357,0.275,31.491116983927057,56.425567584832244,79.12086602466601,99.77813473866624,118.58040212486893,135.69425015268942,151.27129845229987,165.44955024963502,178.35461581708668,190.10082560298565,200.79224324340495,210.52358753561072,219.38107162617922,227.4431668256609,234.78129782092347,241.46047546756714,247.53987274087442,253.07334897856978,258.1099270329193,262.6942275874727
358,0.27578125,27.642600825151764,49.529524883848275,69.45095944957394,87.58345069589289,104.0876585314962,119.10980659576632,132.78298467728683,145.22832996508262,156.55610100631108,166.8666548947095,176.25133656557054,184.79328814938313,192.5681856376156,199.64490936990444,206.086154292598,211.94898542148042,217.2853434047509,222.14250469657617,226.56350039304007,230.58749746794138
359,0.2765625,23.790953614045883,42.62833670914508,59.774070435209765,75.3801162765467,89.584753145905,102.51383127975795,114.28189607187196,124.99320568865237,134.7426555908324,143.61661955704437,151.69371501960399,159.04549960266215,165.73710511824493,171.82781461456256,177.37158759383414,182.41753807492435,187.0103697094163,191.19077183539162,194.99577995313373,198.4591038410928
360,0.27734375,19.866708458208905,35.59689086319457,49.9144819881878,62.94635625304551,74.80797818020946,85.60443895101514,95.43139084575576,104.3758957863287,112.51719709316505,119.92742179904326,126.67221981131883,132.81134561412085,138.39918773141176,143.48525061992984,148.11459327019904,152.32822842609193,156.1634859355639,159.65434348159408,162.8317276007418,165.72378767962545
361,0.278125,15.94411126919773,28.568288340644113,40.058748433485945,50.517355168046116,60.036785427092425,68.70138180303665,76.58790924316476,83.76623806972738,90.29996387135137,96.24697123522604,101.6599466882668,106.58684550552869,111.07131660551576,115.15308927456961,118.86832515205542,122.24993861591417,125.32788838121454,128.12944292319074,130.67942205410333,133.00041681549013
362,0.27890625,11.968331261951144,21.44479015947314,30.070265013680576,37.92117629231286,45.067081278130836,51.57129079031968,57.49142988442488,62.879948456529775,67.78458604244193,72.24879492814189,76.31212523947842,80.01057540699631,83.37691116238277,86.44095586641595,89.22985474842532,91.76831542152476,94.07882678094025,96.1818582533206,98.09604114203624,99.83833369506598
363,0.27968750000000003,7.998968343444572,14.332107357295161,20.096451542060404,25.34313861073793,30.11867202310127,34.465366724954436,38.42173393623421,42.02282536308317,45.30054463584228,48.283930273968025,50.99941307007056,53.4710502905176,55.720738850538865,57.76840933054366,59.63220255859023,61.328630343681006,62.8727217589887,64.2781562977675,65.55738506198307,66.7217410751477
364,0.28046875000000004,3.9961653562883637,7.160475175109437,10.040654714482413,12.662199357584909,15.0483303278871,17.220187768426413,19.19701424419938,20.996324261524723,22.634059245034308,24.12472883742594,25.481539543286953,26.71651179629669,27.840586522769595,28.863722114925544,29.794982679786038,30.642618367375135,31.41413846707775,32.11637794692781,32.75555800761421,33.337341204081376
365,0.28125,0.004509286622244508,0.007564553265732294,0.01025396594350042,0.012674028788580899,0.014868060075030375,0.01686247101476009,0.018677320468252066,0.020329595043404692,0.021834272226836662,0.023204773168977923,0.02445320268761598,0.025590498100942046,0.026626569983901716,0.02757041437692795,0.028430203881734,0.02921337783989535,0.02992670834950292,0.030576368134446284,0.031167983795268053,0.03170668911827004
366,0.28203125,-4.000638204921129,-7.167986539080522,-10.050859704820574,-12.674844565333471,-15.063199098404993,-17.237084154614443,-19.21575828432156,-21.016750346531257,-22.656015308367394,-24.148075625868238,-25.506149838286156,-26.74226961978597,-27.86738630536797,-28.891467869864478,-29.82358721357685,-30.67200251620292,-31.444230393089487,-32.147112476162405,-32.78687602452351,-33.36918908897814
367,0.2828125,-7.989977397950403,-14.317024492002888,-20.076006193704156,-25.317867823616538,-30.08902648123279,-34.431744454875144,-38.38449296947295,-41.982289860486766,-45.25700889354061,-48.237661826851074,-50.950655316787845,-53.420024821761196,-55.66764749652088,-57.71343598461095,-59.575514819168234,-61.27038097629987,-62.81305002667742,-64.21718915609604,-65.49523824790124,-66.65852008953406
368,0.28359375,-11.972776465044118,-21.45225524726376,-30.080407372266496,-37.933744171859495,-45.08185940687412,-51.58808443898052,-57.510060186334925,-62.90025079471345,-67.80640925165886,-72.27200057483246,-76.33658685072018,-80.0361776830775,-83.40354915110868,-86.46853414253684,-89.25828662934515,-91.79752220826951,-94.10873705860364,-96.2124072328186,-98.12717005804242,-99.8699892466135
369,0.284375,-15.935203034264832,-28.553343910006884,-40.03849044441532,-50.49231570909886,-60.00741105363216,-68.66806690674142,-76.5510085880767,-83.72607285616287,-90.25682570511124,-96.20112520354432,-101.61163396186127,-106.53628564677662,-111.01870959794361,-115.09861733013828,-118.81215433833474,-122.19222030465515,-125.26876056649017,-128.06903140534396,-130.61784151838268,-132.93777180537978
370,0.28515625,-19.87109854177094,-35.60426368576533,-49.92449947192917,-62.95876995607232,-74.82257558793286,-85.62102776224201,-95.44979437716633,-104.39595139894622,-112.5387554187971,-119.95034603836419,-126.6963849780423,-132.83663776103697,-138.42550313686706,-143.51249497822516,-148.14268091734945,-152.35708158991537,-156.1930340444165,-159.68452251375285,-162.8624794891436,-165.75505975876018
371,0.2859375,-23.782182669438885,-42.613622064513365,-59.75412344173494,-75.35546079688046,-89.55582888235269,-102.48102659056723,-114.24556029744538,-124.95365511516644,-134.70017735844544,-143.5714746901523,-151.64614099079847,-158.99571260753171,-165.68530207500717,-171.7741749442462,-177.31627482293797,-182.36070126165887,-186.9521447415047,-191.1312825956076,-194.9351393809954,-198.39741489089434
372,0.28671875,-27.64690865045712,-49.5367600133559,-69.46079057476986,-87.59563431153708,-104.10198623772553,-119.12608971500558,-132.80104978461074,-145.24801737344623,-156.5772640294078,-166.88915917211673,-176.27505932962745,-184.81811747132272,-192.59401963221165,-199.67165540224056,-206.11372821882964,-211.97731085253454,-217.31435102743126,-222.17213163433783,-226.59368962087402,-230.61819726866128
373,0.28750000000000003,-31.482537047522897,-56.41117263487345,-79.10135171001293,-99.75401347759275,-118.55210408536853,-135.6621552990187,-151.23574857924513,-165.41085480657833,-178.3130557313531,-190.05665624652758,-200.7456969437659,-210.4748758042964,-219.33038711674962,-227.39068507620908,-234.72717882262876,-241.4048650598699,-247.48290388097894,-253.0151428813787,-258.0505942091464,-262.6338687803986
374,0.28828125000000004,-35.25226632995498,-63.16384574807198,-88.56883293916847,-111.69244276604364,-132.73957404255273,-151.8967004386171,-169.33354348896594,-185.20458213777965,-199.65042302505316,-212.79904657612485,-224.76694088341245,-235.66013369781948,-245.57513171183265,-254.59977550721308,-262.8140177409018,-270.29063144754537,-277.09585475352714,-283.28997769444976,-288.92787633865686,-294.0594989523434
375,0.2890625,-38.9887909196847,-69.86092912613547,-97.96089314252387,-123.53754854753076,-146.81746496955094,-168.00688032521862,-187.2935166080935,-204.84823982765926,-220.82657291384237,-235.37007325977476,-248.60758672177508,-260.65638906954973,-271.6232249286031,-281.6052534414944,-290.6909090191589,-298.9606847923294,-306.4878457242756,-313.3390776843376,-319.57507823534803,-325.25109437505984
376,0.28984375,-42.640282019781765,-76.40150537374562,-107.13081913025823,-135.10063048513388,-160.55877875592805,-183.73081822861013,-204.82204052880698,-224.0193001961659,-241.49267207221942,-257.39695854471086,-271.8730610826716,-285.0492285232458,-297.0421932221266,-307.95820518830715,-317.8939733654412,-326.9375223841542,-335.1689723948034,-342.6612488713031,-349.4807286749465,-355.68782811012034
377,0.290625,-46.25466572996447,-82.87996930729581,-116.21647238101623,-146.55943258728288,-174.17764616714157,-199.31578566407282,-222.19655623395428,-243.02266556619577,-261.9786189167822,-279.2323534282361,-294.93672584221997,-309.23086667166314,-322.24141276212475,-334.0836291847968,-344.86243039383305,-354.6733096797888,-363.6031851732069,-371.731169876755,-379.12927254725844,-385.8630356478822
378,0.29140625,-49.7654061407923,-89.16812430845378,-125.03230832113384,-157.6758781977673,-187.388085720604,-214.43217515415986,-239.04774251074122,-261.45286589721275,-281.8460397847564,-300.4079341138538,-317.30299502580135,-332.6809017483155,-346.67789260809144,-359.4179719765443,-371.01400884316917,-381.5687367353174,-391.17566386170637,-399.91990152643916,-407.87891814978354,-415.12322558901764
379,0.2921875,-53.23536493368891,-95.38802644727241,-133.75553768212237,-168.67772799323674,-200.46396302518224,-229.39584146171129,-255.7296785674168,-279.6987739478136,-301.5154776455349,-321.3730711616225,-339.4474797085531,-355.89883075536915,-370.8728726086426,-384.5022656202359,-396.90775745477737,-408.19925281460166,-418.4767871182398,-427.8314127436927,-436.3460056837346,-444.0959997757521
380,0.29296875,-56.58370993732583,-101.38499210867064,-142.16293189032064,-179.2790020121265,-213.0620833600355,-243.8114871681011,-271.7996366330064,-297.274488896813,-320.46173427196607,-341.5667963599495,-360.77665210925295,-378.26148831703676,-394.176209328024,-408.6618093497291,-421.84662154459477,-433.8474549522418,-444.77062933233213,-454.7129170813863,-463.7624005615454,-471.999252455268
381,0.29375,-59.88785021661036,-107.30798424204355,-150.4699549132228,-189.75606816598872,-225.51435171555468,-258.06159423736034,-287.68614083350025,-314.65044465229005,-339.19339131113475,-361.53241502225006,-381.86542482955934,-400.37255791787027,-417.2177754672104,-432.55031521447165,-446.50601358502865,-459.20850909383444,-470.77033769570926,-481.2939297758252,-490.87251760476613,-499.59096131937696
382,0.29453125,-63.05315631394797,-112.97678774766527,-158.417073884333,-199.77681153482982,-237.42248300089219,-271.6876211120353,-302.87579665642403,-331.2633170650488,-357.1016770318313,-380.6197873129963,-402.0260028892784,-421.50996887021677,-439.24430058343245,-455.3861127982825,-470.07841163555213,-483.45136148251476,-495.6234381549328,-506.7024785095274,-516.7866357947655,-525.9652492284187
383,0.29531250000000003,-66.17110677863845,-118.56635215915081,-166.25667409385005,-209.66449807959438,-249.1743682048018,-285.13631002976416,-317.8689207480089,-347.66218893576865,-374.78006297247214,-399.4627892244814,-421.9290403900174,-442.37785276263594,-460.99038951975126,-477.9315456824865,-493.35140895995755,-507.38658940701913,-520.1614296930819,-531.7891066931353,-542.3726341475126,-552.0057753014772
384,0.29609375000000004,-69.13385895072908,-123.87204389873432,-173.69452204338214,-219.04293086968974,-260.31909458151114,-297.8887112418051,-332.08462760179384,-363.20979784591225,-391.53997049701906,-417.32613215357344,-440.79673125082985,-462.1597019865973,-481.60430644210305,-499.302811285617,-515.4120139179523,-530.0746315692282,-543.4205656702946,-555.568052689786,-566.6247116165476,-576.6884973990444
385,0.296875,-72.04639622289082,-129.09371856322767,-181.01836477685026,-228.28027555193933,-271.2981405169708,-310.4530640934877,-346.0919313058608,-378.5304782779219,-408.05608881783536,-434.93034024432575,-459.39132071773395,-481.65573851389854,-501.92084187538904,-520.366166474298,-537.1551259624924,-552.4364596880932,-566.3455504210204,-579.0056237530288,-590.5288397800796,-601.017286774169
386,0.29765625,-74.78832832120601,-134.00358773139692,-187.9010858854093,-236.95857806891283,-281.61075297946326,-322.25321924193184,-359.24604744614714,-392.91697070833476,-423.56429129488515,-451.45952422913615,-476.8498029403849,-499.96006873236644,-520.9950635779302,-540.141143964913,-557.5679318680934,-573.4298174632529,-587.8673269126456,-601.0083673315872,-612.9693599439483,-623.8562715054825
387,0.2984375,-77.47749551218071,-138.82517886468654,-194.66401640151363,-245.48862833826047,-291.7492684922598,-333.85577051135766,-372.1811685865049,-407.0649997665816,-438.8163114680943,-467.7163992480335,-494.0212988340186,-517.9640544041829,-539.7567831643752,-559.5925545400471,-577.6471006260958,-594.0803730362766,-609.0379599611338,-622.6523759826656,-635.0442360480821,-646.3233240479807
388,0.29921875000000003,-79.98170273167456,-143.30895489372423,-200.94917720149706,-253.41329718907497,-301.16618801832493,-344.6309297956163,-384.19259698072085,-420.2016810294878,-452.9771988150107,-482.809519803525,-509.9629387586449,-534.6780172531988,-557.1737148509789,-577.6493289116124,-596.2862602100156,-613.2496200028618,-628.6896927951215,-642.7432677608317,-655.5348505848253,-667.177766511296
389,0.30000000000000004,-82.43091998772957,-147.7007351629347,-207.10949869686166,-261.1834608594419,-310.40166370112786,-355.20014333512444,-395.9757832355349,-433.08982801251665,-466.8710833065264,-497.618828628671,-525.6054687257981,-551.0789468816542,-574.2649414910195,-595.3688653946866,-614.5776856832823,-632.061580080978,-647.9754445990638,-662.4602658132882,-675.6443698906332,-687.6445594859689
390,0.30078125,-84.68196323048794,-151.73077458454623,-212.7583500094451,-268.3056392182495,-318.86483370893455,-364.8838766176163,-406.7704721472244,-444.8957091885362,-479.59735237170554,-511.18283537970547,-539.9319848451861,-566.0994994688868,-589.9172064485188,-611.5961152828012,-631.3282871526125,-649.2885364316071,-665.6359794154454,-680.5154439875964,-694.0587526765585,-706.3858905284962
391,0.3015625,-86.87613014913843,-155.66566671444212,-218.27808114263973,-275.2680092763125,-327.1403279531093,-374.3545874437283,-417.3290735823123,-456.44451134291154,-492.04743738926965,-524.4532700252781,-553.949103548428,-580.7962516933949,-605.2325626602658,-627.4745262658755,-647.719191881792,-666.1459141400171,-682.9179418872029,-698.1838644630978,-712.0789280811287,-724.7262340330827
392,0.30234375,-88.86013120501651,-159.21712358002966,-223.25579696436964,-281.5437880829118,-334.59757221469533,-382.88719378500474,-426.84047309327207,-466.84680857067315,-503.2606301687591,-536.4045403546622,-566.5721724058025,-594.0307918497064,-619.0236642278818,-641.7722102363506,-662.4779673429643,-681.32437525163,-698.4784010458884,-714.0920184080929,-728.3035539824677,-741.2389128708783
393,0.30312500000000003,-90.78571987268951,-162.67086719086973,-228.10090588269594,-287.65543787424235,-341.862062065441,-391.2010096041255,-436.10938980921946,-476.98506071792025,-514.1901534990795,-548.0542805871148,-578.8774557957205,-606.9327522226608,-632.4687214589334,-655.7115955650081,-676.8672913181222,-696.1232344769663,-713.6500202401213,-729.6029246084959,-744.1232800041548,-757.3397273953876
394,0.30390625000000004,-92.49044686125985,-165.72184605160993,-232.37679782021777,-293.0461262013565,-348.2674059825502,-398.52988487557747,-444.27886160740945,-485.91964337026474,-523.8211402541604,-558.3191345571839,-589.719255854691,-618.2996887212053,-644.3136372307266,-667.9915681463126,-689.5432526793576,-709.1596248992893,-727.0144732719194,-743.2659803119649,-758.0581239512913,-771.5219531021212
395,0.3046875,-94.13558516088945,-168.67314707132113,-236.51741175634837,-298.26937381297887,-354.4761013893548,-405.6355457250152,-452.2009446949961,-494.5848364671039,-533.1627140513702,-568.2763518385441,-600.2368334706234,-629.3273078199438,-655.8054974638025,-679.9059819095163,-701.8422757940341,-721.8087204602616,-739.9822056823687,-756.5237367941443,-771.5798610647925,-785.2839660246688
396,0.30546875,-95.55052807919189,-171.2048381950568,-240.06511853827578,-302.7417377920675,-359.79005589409616,-411.71550744495596,-458.97812416977257,-501.99662315932636,-541.1521201841997,-576.7915071620974,-609.2305256582442,-638.7565641947634,-665.6312042924463,-690.0925378790795,-712.3572766023866,-732.6226717273169,-751.0682616401971,-767.8574624421709,-783.1390156825335,-797.0483061252255
397,0.30625,-96.90507302990332,-173.63550038507756,-243.47570831637373,-307.0443787859565,-364.9046763421004,-417.5692022803918,-465.50452866546453,-509.13533035516383,-548.8481471565739,-584.9948082600749,-617.8955491989203,-647.8418489110392,-675.0990120132959,-699.9085191983437,-722.4901665736311,-743.0440128870063,-761.752151903782,-778.7803256392594,-794.2793926970523,-808.3866647910918
398,0.30703125000000003,-98.02150845104632,-175.6322955590426,-246.27335809203038,-310.57084622180344,-369.09448102610617,-422.3627677989149,-470.84763500016874,-514.9786280801985,-555.1467187801404,-591.7077699314738,-624.9856884374537,-655.2752949230255,-682.84493562035,-707.9388597079937,-730.7793831727314,-751.5688583574606,-770.4914666571326,-787.7148502466159,-803.3915972531737,-817.6605936018946
399,0.30781250000000004,-99.07710861505336,-177.52733248631836,-248.93289522996753,-313.92635182010935,-373.08349111684356,-426.92840411327614,-475.9381204867712,-520.5468335177019,-561.1497466584927,-598.1065747509433,-631.7447308577854,-662.3622269157082,-690.2303138884201,-715.5958848441413,-738.6836622441199,-759.6981888120652,-778.8256396356268,-796.2354715568164,-812.0819244201381,-826.505387550654
400,0.30859375,-99.8881535364004,-178.97692135620466,-250.96324056660845,-316.48518236950343,-376.1233164305134,-430.40602195607147,-479.8142145297406,-524.7856196620671,-565.7186545892058,-602.9759590417752,-636.8876082670979,-667.7540373266983,-695.8487027219267,-721.420505006628,-744.6959938566994,-765.8813751255384,-785.1643376792218,-802.7157161982524,-818.691004633081,-833.2317337935306
401,0.309375,-100.6383005791308,-180.32464890771521,-252.85532708580752,-318.872863215272,-378.962120546192,-433.65544857262626,-483.4373935326144,-528.7489901772723,-569.9916690381112,-607.5308128422572,-641.6989935681104,-672.7989188060347,-701.1061135125456,-726.8713609524817,-750.3229244515212,-771.6685696349044,-791.0974050811596,-808.7815577008594,-824.8776976394995,-839.5284262863134
402,0.31015625,-101.13895484864915,-181.2180948589456,-254.10585128249795,-320.44828239524475,-380.8332270128286,-435.79568059703445,-485.82258083502,-531.3571345654249,-572.802748139858,-610.5266023915665,-644.862905888058,-676.1158558463115,-704.5623330881762,-730.4543549900079,-754.0213081648047,-775.471980650862,-794.9964116232059,-812.7675750169802,-828.9429119357393,-843.6657254910523
403,0.31093750000000003,-101.5790236909273,-182.01020332179274,-255.21882086685733,-321.85341618393267,-382.50432104471093,-437.708861331213,-487.95611244786573,-533.6912314847577,-575.3194010941357,-613.2094191779104,-647.696966209883,-679.0875791387401,-707.6593582091961,-733.6654307194354,-757.3361935396317,-778.8813542520184,-798.491789008669,-816.34123356873,-832.5878224552545,-847.3754899366373
404,0.31171875000000004,-101.76620078225925,-182.34199848900096,-255.68181500374044,-322.4357124768484,-383.1951746190629,-438.49851469875495,-488.8356903582461,-534.6526572378053,-576.3553236653089,-614.3131477826627,-648.8624109703563,-680.3091971247418,-708.9321043273932,-734.9847130081649,-758.6978324744829,-780.2815457039231,-799.9270705278581,-817.8084536959017,-834.0841127897903,-848.8982397130414
405,0.3125,-101.89347801853326,-182.57360362056505,-256.0088047039679,-322.8496344470709,-383.68825355928414,-439.0636515160092,-489.46641756948526,-535.3430866008745,-577.1000952913122,-615.1073829508911,-649.7016689633227,-681.1894358960604,-709.8496446996752,-735.9362060904936,-759.6802300090816,-781.292073077186,-800.9632022052874,-818.8678908619795,-835.1647629959643,-849.998198352081
406,0.31328125,-101.76602413005325,-182.34170296168784,-255.6814153298524,-322.4352193742822,-383.19459697332655,-438.4978602974363,-488.8349661763288,-534.6518695779965,-576.354478241706,-614.3122497835487,-648.8614651100953,-680.3082076888896,-708.9310752129045,-734.9836477596725,-758.696734316942,-780.2804175721849,-799.9259150936911,-817.8072733910632,-834.0829098289823,-848.8970161134093
407,0.3140625,-101.57972486547733,-182.01137628309934,-255.22040812359728,-321.85537603770985,-382.50661881278654,-437.7114664663035,-487.95899744621994,-533.694371382123,-575.3227731605443,-613.2130026958814,-647.7007422909599,-679.0915305623342,-707.6634692775242,-733.6696871257498,-757.3405822475548,-778.8858633851954,-798.4964077502098,-816.3459520664119,-832.5926317387924,-847.3803818394484
408,0.31484375000000003,-101.13842601850294,-181.2172101621324,-254.10465481333125,-320.4468062398047,-380.83149777133144,-435.7937215826296,-485.8204129281699,-531.3547766338166,-572.8002172890515,-610.5239141529877,-644.860074374372,-676.1128938864796,-704.5592523478302,-730.4511660800691,-754.0180207392126,-775.4686034951114,-794.9929527352028,-812.764041676242,-828.9393107719749,-843.6620625425915
409,0.31562500000000004,-100.63969863110219,-180.3269876366454,-252.85849186413776,-318.8767709042174,-378.9667019952718,-433.66064287646867,-483.4431458538376,-528.7552507413286,-569.9983925249256,-607.5379579440513,-641.7065226236755,-672.8067974794736,-701.1143105040928,-726.8798477358165,-750.3316750332175,-771.677560334439,-791.1066143304034,-808.7909658551899,-824.8872868127389,-839.5381801948002
410,0.31640625,-99.8872757959977,-178.97545295855866,-250.96125470357862,-316.4827322992561,-376.120446304866,-430.4027704702033,-479.81061634076354,-524.7817060857792,-565.7144540164454,-602.9714972504944,-636.8829086803032,-667.749121236661,-695.8435894900132,-721.4152122436158,-744.6905375850102,-765.8757699262108,-785.1585968260605,-802.709851772899,-818.6850276386274,-833.2256542515942
411,0.3171875,-99.07919489957101,-177.53082251122524,-248.9376179433085,-313.9321831616977,-373.0903279013107,-426.9361554581874,-475.9467045637909,-520.5561760521016,-561.1597800218112,-598.1172373012911,-631.7559663942687,-662.3739841991867,-690.2425462101144,-715.6085496337528,-738.6967207109611,-759.7116056168483,-778.8393825912091,-796.2495113466808,-812.0962343517706,-826.5199433230224
412,0.31796875,-98.02028719619649,-175.6302524910705,-246.27059505658798,-310.5674373253877,-369.09048770299205,-422.3582438895155,-470.84262872572873,-514.9731830118369,-555.1408744188101,-591.7015621422681,-624.9791498086182,-655.2684550780084,-682.8378214959168,-707.9314958051831,-730.7717917826329,-751.5610597657501,-770.4834793306254,-787.7066909937902,-803.3832813818248,-817.6521350543962
413,0.31875000000000003,-96.907834633631,-173.64012008906596,-243.48195970727062,-307.0520976575986,-364.91372612092164,-417.5794626761895,-465.5158913708724,-509.14769705863796,-548.8614283421997,-585.0089223346309,-617.9104217700601,-647.8574121532333,-675.11520409707,-699.9252837717816,-722.5074522875212,-743.0617729605417,-761.7703437283928,-778.7989104065431,-794.2983350718446,-808.4059326039579
414,0.31953125000000004,-95.54897079521544,-171.2022329844749,-240.06159528427008,-302.7373910006024,-359.78496390862625,-411.7097389227761,-458.971740601418,-501.9896801039574,-541.1446680100188,-576.7835916003551,-609.2221882612381,-638.7478427339108,-665.6221331130623,-690.0831482205042,-712.3475968859763,-732.6127278173343,-751.0580770815985,-767.8470586657985,-783.1284122056599,-797.0375207242702
415,0.3203125,-94.13900497397655,-168.6788678126925,-236.52515305924663,-298.27893235307096,-354.48730806177014,-405.648251586186,-452.21501563666163,-494.6001507550022,-533.1791608399652,-568.293830090554,-600.255251063735,-629.3465807621384,-655.8255491869962,-679.9267426278554,-701.8636819161615,-721.8307140517426,-740.0047339751491,-756.5467517263658,-771.6033188755673,-785.3078268735677
416,0.32109375,-92.48856307423289,-165.71869464168577,-232.37253592323293,-293.04086815189135,-348.26124655819865,-398.5229071327277,-444.2711399304527,-485.91124496639446,-523.8121260498474,-558.3095598686876,-589.7091709423992,-618.2891392714192,-644.3026647850311,-667.980210489012,-689.5315441859889,-709.1475968523265,-727.0021541484257,-743.2533960320922,-758.0452981206435,-771.5089072208375
417,0.321875,-90.78977667993034,-162.6776534556167,-228.1100890296844,-287.66677673554534,-341.8753560673822,-391.216082085259,-436.12608170113475,-477.0032276251978,-514.2096639383235,-548.0750147060435,-578.8993043143397,-606.955615503178,-632.492508668473,-655.7362239149352,-676.8926853672676,-696.1493254942809,-713.6767456229616,-729.6302273371455,-744.1511081610141,-757.3680337138342
418,0.32265625000000003,-88.85793247611976,-159.21344531988544,-223.2508226102227,-281.53765110497164,-334.5903832481167,-382.879049778094,-426.8314608686883,-466.8370065708286,-503.2501095032648,-536.3933655834506,-566.5604021865937,-594.0184795006977,-619.0108582292038,-641.7589546825453,-662.4643023499633,-681.3103373254104,-698.4640234182449,-714.0773313270333,-728.2885849948344,-741.2236870665846
419,0.32343750000000004,-86.88079885325766,-155.67347648970295,-218.28864927186854,-275.2810582557261,-327.1556269969935,-374.37193327915963,-417.3482831752057,-456.4654185373065,-492.06989088200174,-524.477131893003,-553.974248030262,-580.8225641215753,-605.2599384974691,-627.5028702305726,-647.7484171469812,-666.1759416002394,-682.9486994893866,-698.215286579313,-712.1109549551919,-724.7588112616809
420,0.32421875,-84.679463026157,-151.7265920118902,-212.75269369811758,-268.2986609666911,-318.85665933831905,-364.8746163774949,-406.76022476802575,-444.88456386711744,-479.5853899639485,-511.17012929169846,-539.9186017700754,-566.0855000271989,-589.902645758782,-611.5810434764297,-631.3127498369553,-649.2725751093818,-665.619631866575,-680.4987445999415,-694.0417327668869,-706.3685786204983
421,0.325,-82.4361716116235,-147.70951994109436,-207.12138615304005,-261.1981388942694,-310.41887276814896,-355.2196548277049,-395.99739130267886,-433.11334577785584,-466.8963405919818,-497.64567029904924,-525.6337533209908,-551.1085454151548,-574.2957363682301,-595.400749430082,-614.6105611999021,-632.0953580865801,-648.0100440337587,-662.4956128448454,-675.6803972916996,-687.6812060509022
422,0.32578125,-79.97891638533099,-143.30429367053495,-200.94287366139795,-253.405520539054,-301.15707850085437,-344.62061028880186,-384.18117751880686,-420.18926101618865,-452.96386835491995,-482.7953606961468,-509.948025320367,-534.6624170315248,-557.1574892609895,-577.6325338102477,-596.2689464124734,-613.2318337503328,-628.6714761802627,-642.7246590973297,-655.5158847642485,-667.1584753134412
423,0.32656250000000003,-77.48329759777837,-138.83488431024955,-194.67714964544103,-245.5048446345732,-291.76828115904095,-333.87732703893624,-372.20504159354095,-407.0909828207256,-438.84421657415294,-467.7460550208858,-494.05254898943156,-517.9967564331486,-539.7908071395495,-559.6277820311988,-577.6834237062321,-594.1176933722854,-609.0761879827816,-622.6914301057916,-635.0840419854738,-646.3638141659956
424,0.32734375000000004,-74.78527300568935,-133.99847659763338,-187.8941740129618,-236.950051043538,-281.60076460819397,-322.24190427767684,-359.2335265501238,-392.9033528775008,-423.5496753249811,-451.44399980573706,-476.8334515412209,-499.94296441129336,-520.9772736635015,-540.1227296906951,-557.5489489393591,-573.4103165702437,-587.8473541969915,-600.987964792923,-612.9485658299857,-623.83512065302
425,0.328125,-72.05271289821351,-129.1042846256645,-181.03266253412028,-228.2979297664849,-271.31883916747205,-310.4765323483737,-346.1179216745331,-378.5587660591145,-408.08646936835794,-434.96262699227384,-459.42534352193707,-481.6913422228742,-501.957885029815,-520.4045201278955,-537.1946726012859,-552.477092241448,-566.3871713573758,-579.0481442359039,-590.5721789170193,-601.0613709172353
426,0.32890625,-69.13055339543394,-123.86651419951737,-173.6870442575571,-219.03370583916225,-260.3082887436865,-297.87647040274817,-332.0710823114509,-363.1950660257774,-391.5241590262948,-417.3093380509538,-440.77904265196037,-462.14119899323737,-481.5850618787429,-499.28289138216303,-515.3914789233853,-530.0535363073707,-543.398960044437,-555.5459821238184,-566.6022174759972,-576.6656173606725
427,0.3296875,-66.17789886605988,-118.57771325460685,-166.2720475973422,-209.68348061556637,-249.19662437451265,-285.1615444071542,-317.8968672857754,-347.6926060699673,-374.81273068927993,-399.4975069267935,-421.9656251364624,-442.41613772076056,-461.0302225731557,-477.9727881649593,-493.3939344949631,-507.43028284559426,-520.2061861421947,-531.8348306098012,-542.4192385307205,-552.0531809409774
428,0.33046875000000003,-63.04962079402608,-112.97087341498694,-158.40907610542394,-199.76694519259496,-237.41092615194495,-271.67452972624136,-302.8613103734101,-331.2475620070187,-357.0847675036752,-380.60182706799054,-402.0070861760473,-421.4901813421682,-439.22372010901984,-455.3648101920923,-470.0564513153252,-483.4288020641491,-495.6003329923326,-506.6788761675563,-516.7625804987528,-525.9407812601214
429,0.33125000000000004,-59.89507567055124,-107.32006998532076,-150.48630890002883,-189.77626140875404,-225.53802754362434,-258.0884384838187,-287.7158705604154,-314.68280294194756,-339.22814414971356,-361.56934903383683,-381.9043454064676,-400.4132875783727,-417.2601523765948,-432.5941918408152,-446.55125546653085,-459.2549937105022,-470.81795343661645,-481.3425749771761,-490.9220996899087,-499.6413960007041
430,0.33203125,-56.579966133681936,-101.37872942693657,-142.1544632219464,-179.26855498147228,-213.04984656177535,-243.79762578498696,-271.7842985401423,-297.25780764316767,-320.4438308848087,-341.54778068716223,-360.75662392976733,-378.24053830528106,-394.1544199131283,-408.63925549077345,-421.8233714271431,-433.8235706190829,-444.74616725531325,-454.68792866347076,-463.7369326119417,-471.97334760945483
431,0.3328125,-53.2429789583532,-95.40076184925454,-133.7727706560929,-168.69900663068088,-200.48891162698567,-229.4241290952777,-255.76100717959093,-279.7328728749952,-301.55210033445525,-321.4119927857142,-339.4884952020808,-355.941753086699,-370.91753122508544,-384.5485050343997,-396.95543594786096,-408.24824124925465,-418.5269678513943,-427.882678614846,-436.3982591084353,-444.149151905771
432,0.33359375,-49.7614770045917,-89.16155168766726,-125.02342074318177,-157.66491465286384,-187.3752441970803,-214.41762904114398,-239.03164701464988,-261.43536117459547,-281.82725284083796,-300.38798021372406,-317.2819788619485,-332.6589184545171,-346.6550286625849,-359.3943060169474,-370.98961239845295,-381.54367488858503,-391.1499958505939,-399.89368127136953,-407.85219475174324,-415.09604377119445
433,0.33437500000000003,-46.262621164576665,-82.89327541945346,-116.23447748858186,-146.5816646941043,-174.20371290748423,-199.34534141898786,-222.229289704074,-243.05829403467436,-262.016884828436,-279.273021904001,-294.9795826302543,-309.2757163477262,-322.2880771085926,-334.1319457170032,-344.91225100786875,-354.7244994143126,-363.65562107486727,-371.78473994530884,-379.18387478818755,-385.9185771962673
434,0.33515625000000004,-42.63619164618803,-76.3946631380511,-107.12156721312859,-135.08921779853907,-160.5454114804632,-183.71567690315467,-204.8052867419055,-224.0010798519797,-241.4731173724331,-257.37618946048195,-271.85118657256436,-285.0263475907201,-297.01839585744904,-307.9335732184349,-317.86858121715665,-326.91143777500093,-335.14225695846386,-342.63395870899745,-349.4529148727378,-355.65953719959066
435,0.3359375,-38.99703845822737,-69.87472340850466,-97.97955866838149,-123.56059619528399,-146.8444881762299,-168.03752095957904,-187.32745207872398,-204.8851771342418,-220.86624510687943,-235.41223686957247,-248.65201964028282,-260.7028886899448,-271.6716064693359,-281.6553484224602,-290.7425638629351,-299.0137595430699,-306.5422128730625,-313.3946210780489,-319.63169209432726,-325.3086823863744
436,0.33671875,-35.248039794000654,-63.156775861052715,-88.55927347147933,-111.68065104864833,-132.7257631981778,-151.88105705644233,-169.31623455201185,-185.18575840301045,-199.63022107744916,-212.77759035294494,-224.74434293555723,-235.63649628483893,-245.55054777714105,-254.57432955803807,-262.7877866381324,-270.2636851207835,-277.0682568477207,-283.2617861412415,-288.89914388999017,-294.0302736574956
437,0.2515625,101.57978410464459,182.01151086281007,255.22062258886683,321.85566800655073,382.50698294691955,437.7118968358642,487.95948854357357,533.6949185139064,575.3233724024168,613.2136507480585,647.7014363179402,679.0922680221794,707.6642478103358,733.6705044796547,757.3414362258122,778.8867518307999,798.4973285329669,816.3469030831218,832.5936109250395,847.3813871777836
438,0.3375,-31.491025574887544,-56.42536951864426,-79.1205618396155,-99.77773367700264,-118.57991615441752,-135.69369084803063,-151.2706757506511,-165.44887215133386,-178.35388857225882,-190.10005403878563,-200.79143110182136,-210.52273779316928,-219.38018673236616,-227.44224888160537,-234.78034871189018,-241.45949694253738,-247.53886647495202,-253.07231659267345,-258.1088701207851,-262.6931477209345
439,0.33828125000000003,-27.642571867688616,-49.529505844710606,-69.45098224805972,-87.58353602366624,-104.08781676161816,-119.11004055394687,-132.7832922954556,-145.22870624124772,-156.556539382096,-166.86714814833658,-176.25187737633078,-184.79386947001177,-192.56880090183773,-199.64555260416182,-206.08682016877324,-211.94966925559416,-217.28604114209963,-222.14321286052308,-226.56421604645692,-230.58821816012266
440,0.33906250000000004,-23.79085957188566,-42.628133471720744,-59.77375896452494,-75.37970636597471,-89.58425729555977,-102.51326151980214,-114.28126270432287,-124.99251699052395,-134.74191801291792,-143.61583806384638,-151.6928934398184,-159.0446409599687,-165.73621187913986,-171.82688887528238,-177.3706312191893,-182.4165527831382,-187.00935713823077,-191.18973356558735,-194.99471753670258,-198.4580188091101
441,0.49921875000000004,101.7567783563384,182.32480926459675,255.6578345951524,322.4058608367112,383.1602807038239,438.4593169685976,488.79284413508293,534.6067429796918,576.3068547816888,614.2625778291222,648.8101401540526,680.2555781354029,708.8774475684115,734.9292912629909,758.6418850676519,780.2252822168374,799.8706741064624,817.7520839895917,834.0279085905347,848.8423212902168
442,0.49843750000000003,101.57083325450039,181.99515594233637,255.19777356434864,321.8272013040871,382.47369185697227,437.67448577847557,487.9185790930285,533.6510579608582,575.2770422851225,613.1652745997922,647.6513864989807,679.0408717219699,707.6117922921507,733.6172416713594,757.2875867619196,778.8325086062048,798.4428598495797,816.2923554254892,832.5391114321066,847.3270458278098
443,0.5,101.87405960974468,182.53773153867266,255.9581501640508,322.78583098307706,383.61279928489967,438.97789685187854,489.371573753095,535.2402385409383,576.9902143542897,614.9913387329713,649.5802398561234,681.0633185072853,709.7194622759097,735.8025160406369,759.5435306370152,781.1528096212851,800.8217722512802,818.7246491929557,835.0200259669276,849.8522478030939
444,0.49765625,101.1341422945536,181.2093650487823,254.0938093692985,320.4334994696742,380.8162132844277,435.776884678694,485.80239459909893,531.3358990177152,572.7807590732853,610.5041156304196,644.8401420201552,676.0930044362775,704.5395564316692,730.4317914323167,753.9990750323832,775.4501768463289,794.9751199119104,812.7468640349506,828.9228379823062,843.6463340922721
445,0.496875,100.63234304710898,180.3137108104989,252.84007827913024,318.85395422443366,378.9401365468365,433.630904125347,483.41073781720223,528.7206143769548,569.9619134262339,607.499973125806,641.6673264140595,672.7666466274926,701.0734286475803,726.8384293100788,750.2898887058884,771.6355520391024,791.0645099407634,808.7488735449535,824.8452991582362,839.496376023758
446,0.49609375,99.88499057095412,178.97119131014705,250.955394628108,316.4756498779738,376.1124795360854,430.3942136431486,479.80172216463933,524.7726897728713,565.7054975828314,602.9627536183618,636.8745054023807,667.7411638024064,695.8361642569281,721.4083890071063,744.6843718292693,765.8703047999272,785.1538648647439,802.7058763999237,818.6818244882538,833.2232323113434
447,0.49531250000000004,99.07275871267787,177.5193544045611,248.92181902160192,313.9126913844411,373.06770523658594,426.9108921922818,475.9192273215535,520.5268558824367,561.1289395483586,598.0851569177008,631.7228895847596,662.3401221127197,690.2080816380947,715.5736404706475,738.6615029813138,759.6761961381324,778.803881310863,796.2140033981492,812.0607918782914,826.4846270755875
448,0.49453125000000003,98.01929751614664,175.62829742734718,246.2679267889465,310.56432024240473,369.08716012111984,422.35491063170497,470.83946200807264,514.970325589405,555.1384431140631,591.6996512675958,624.977834278456,655.2677931585232,682.8378572294188,707.9322611181817,730.7733083165582,751.5633404705358,770.4865298393379,787.710510809997,803.3878649146461,817.6574725016028
449,0.49375,96.90185601148322,173.62960618752243,243.46756295430643,307.03439437376323,364.8932176604111,417.5565833428422,465.49101715170815,509.1211535789115,548.8334976525387,584.9798486884673,617.880416533385,647.8266579938285,675.0838586081975,699.8934826097578,722.4753119053687,743.029393004849,761.7378091350425,778.7662932406386,794.2656961527445,808.373322925725
450,0.49296875,95.54903246476509,171.20214642572574,240.06150897687976,302.73747677412945,359.7853773285576,411.7106105983903,458.9731761260315,501.9917624420827,541.147460377945,576.787140307314,609.2265252934872,638.7529880229947,665.6280965213971,690.0899312497871,712.3551941446526,732.621128284226,751.0672651806341,767.857015183658,783.1391150789897,797.0489457004181
451,0.4921875,94.13317112134041,168.66872781072166,236.51133455584085,298.2619737538098,354.4676722970701,405.6263374113304,452.19116712738787,494.5746652443939,533.1522954649643,568.2658072709879,600.226263113355,629.316793796728,655.7951064897079,679.8957675516134,701.8322804045526,721.7989768437599,739.97273852726,756.514563898295,771.5709944132717,785.2754127040779
452,0.49140625000000004,92.48947076208731,165.72010425650794,232.37451020212933,293.04350265573265,348.26462881686217,398.5271069049591,444.2762083657763,485.91721635631785,523.8190201582389,558.3173842749292,589.7179231716314,618.298808648628,644.3132340432709,667.991657134467,689.5438416538293,709.1607154877553,727.0160620249407,743.2680596393295,758.0606829402424,771.5249781983591
453,0.49062500000000003,90.78392003992859,162.66757521619613,228.0964055471095,287.65000212815494,341.85592766691815,391.1943749363836,436.10241882572205,476.977887997036,514.182888855899,548.0470130401308,578.8702568839782,606.9256787620405,632.4618178668225,655.704895817546,676.8608206082065,696.1170106324137,713.6440549297622,729.5972243644782,744.1178471152703,757.3345606556082
454,0.48984375,88.8595484717533,159.21610152898043,223.25450843795483,281.5423972347072,334.59621952324153,382.8859945256963,426.83951938084647,466.8461722981801,503.2603659004483,536.4046880119536,566.572759643316,594.031836105531,619.0251744996522,641.774188595663,662.4804102235693,681.327274550545,698.4817450522569,714.0957925801695,728.3077416213077,741.2434956718259
455,0.4890625,86.8748090546414,155.66325281601763,218.27480606117976,275.2640949301669,327.13596437407665,374.3499310911962,417.3242510905314,456.4396242069567,492.0425661842164,524.448477996426,553.94443958014,580.7917527468878,605.2282558090219,627.4704303909741,647.715319093018,666.142270980197,682.9145303452024,698.1806828225479,712.0759716565952,724.7234957778501
456,0.48828125,84.68168343319574,151.730306738155,212.75782838826453,268.3051902842812,318.86456351810136,364.88386967357576,406.77079331888353,444.8964063880897,479.59845915735355,511.18437335444236,539.9339657618073,566.1019270293418,589.9200778505302,611.599422525773,631.3320181369199,649.2926758891964,665.6405096847451,680.5203456525734,694.0640051153465,706.391472353462
457,0.48750000000000004,82.42997873417534,147.6990176764334,207.1071930779512,261.1807464383918,310.39869164234364,355.19703538739844,395.97263530179146,433.0867145064629,466.86806102297845,497.61593999994784,525.6027444826109,551.0764082100511,574.2626018134489,595.3667318356652,614.5757602833444,632.0598608145785,647.9739262196001,662.4589405516653,675.64322805531,687.6435899496554
458,0.48671875000000003,79.98165801930884,143.30891674367317,200.94924787729374,253.41357178752324,301.1667440210581,344.63182628299205,384.1938764493111,420.2033718415569,452.97931754522665,482.81207338275357,509.9659263381955,534.6814317814212,557.1775444165397,577.6535578650443,596.2908700964038,613.2545903425114,628.6950017233396,642.7488925469859,655.5407680715124,667.1839534579923
459,0.4859375,77.47685985817623,138.8240216182073,194.66248892472885,245.4868739866901,291.7474057077246,333.8538919612539,372.17934457307655,407.06328228464207,438.8147377620268,467.7149947683311,494.02007962250804,517.9630290002876,539.7559541598467,559.5919198408856,577.6466544832622,594.0801068992149,609.0378631748778,622.6524363556905,635.0444403325793,646.3236583215875
460,0.48515625,74.78846710781731,134.00388446507768,187.90161600128314,236.95941034981058,281.61194101552366,322.25480097172573,359.24804688844466,392.91940020715964,423.56715363739187,451.4628145606188,476.8535104126703,499.96417788094953,520.9995554835833,540.1459972109466,557.573123325004,573.4353229365978,587.8731216633864,601.0144264900963,612.9756588527381,623.8627859789566
461,0.484375,72.04600867328845,129.09301623997888,181.0174677883176,228.2792966149162,271.2971702966373,310.4521706962972,346.09116354237864,378.5298694483351,408.0556599841865,434.93010291541447,459.3912789854399,481.65589073378715,501.92118201838,520.3666852063817,537.1558115121,552.4372985535903,566.3465279368475,579.0067245422417,590.5300481293144,601.0185869234746
462,0.48359375000000004,69.13414112729656,123.87260173104127,173.695408331013,219.04419220093854,260.3207644790847,297.8908099954683,332.0871639222086,363.2127709250707,391.5433719190406,417.32994760293354,440.8009419659409,462.1642859572349,481.60923940775893,499.308067545561,515.4175669836402,530.0804546939876,543.4266322637724,555.5743366390967,566.6311875442333,576.6951408493449
463,0.48281250000000003,66.17092185576772,118.56602157254169,166.2562912205802,209.66414938835698,249.17412064315405,285.1362108431305,317.86900060863616,347.66246547917865,374.7805438090671,399.4634743767873,421.92992420283673,442.37892537926126,460.99163805035664,477.93295511996195,493.35296290086137,507.3882706286595,520.1632206031492,531.7909896798963,542.3745918619015,552.0077908660783
464,0.48203125,63.05355029780204,112.97754854698653,158.41823510765266,199.77840097960785,237.4245172837008,271.69010575689634,302.8787276750806,331.2666828488344,357.1054600736588,380.623965727597,402.030551690037,421.51486100391094,439.24950778122644,455.39160625334443,470.0841625368805,483.4573414390581,495.6296195158401,506.70883460296125,516.7931411111745,525.9718795423089
465,0.48125,59.88783148045326,107.30795880044037,150.46999319136432,189.75623404510296,225.51469180062807,258.0621379802054,287.6869035394133,314.6514307875209,339.1945972748667,361.533831356905,381.86703792442154,400.37435129928275,417.2197308007875,432.5524130728868,446.50823403717555,459.21083216498187,470.77274371308306,481.2963996277301,490.87503294043046,499.59350468663575
466,0.48046875,56.584190628869514,101.3859096635189,142.16430358885597,179.2808397018435,213.06438938944996,243.81425469646206,271.80285113940266,297.2781299167283,320.46577694616246,341.57121278298393,360.78141244530303,378.2665616868067,394.1815645262689,408.66741540332987,421.85244813974356,433.8534727640215,444.7768102609798,454.7192344179973,463.76882910539865,472.0057685789391
467,0.47968750000000004,53.235482791875775,95.38825211438333,133.75592182768315,168.67831500100772,200.46478199850768,229.39690663264923,255.7309921918365,279.7003294016787,301.51726197577136,321.3750670876788,339.44966713673256,355.90118789912503,370.87537683960636,384.50489410184167,396.9104876124453,408.20206269077676,418.4796556248153,427.83431983992676,436.3489325031104,444.09892870069257
468,0.47890625000000003,49.76595338666997,89.16916152213462,125.0338388600798,157.6779003540159,187.39058979644045,214.43514396124806,239.05115280932563,261.4566899885986,281.8502469007778,300.4124916079525,317.30786934171704,332.68605917227734,346.68329986514965,359.42359668050875,371.0198198277005,381.57470429870904,391.18175992815463,399.9260997467924,407.88519396058723,415.1295562278628
469,0.478125,46.25489583778343,82.88040166265229,116.21714062860413,146.56036425052991,174.17885526544174,199.317273392909,222.1983137584375,243.02467692215126,261.980863357049,279.2348072316801,294.9393636541025,309.2336624683542,322.2443405642605,334.086663569064,344.8655468555322,354.6764848932198,363.6063971605615,371.73439811356195,379.1324980244127,385.8662408907331
470,0.47734375,42.640879542714856,76.4026322981056,107.13246692708685,135.10278592319682,160.5614219745476,183.73392339689883,204.82557721555946,224.02323482798747,241.49696917565063,257.40158179254314,271.87797412784903,285.05439562802866,297.0475797441739,307.96377793264236,317.8997008288429,326.94337492380544,335.1749223225524,342.66727049670544,349.48679831280475,355.69392405216985
471,0.4765625,38.989113152309955,69.86153145615208,97.96179453625062,123.53876193188195,146.81899134962214,168.0087097223739,187.2956307612166,204.8506149135091,220.82918170368217,235.37288675037516,248.61057531555906,260.6595233965468,271.6264764336481,281.60859478518427,290.69431434293773,298.9641298935454,306.4913081501156,313.34253677257016,319.57851511874486,325.25449195136594
472,0.47578125000000004,35.25290093842194,63.165038126851066,88.5705644075928,111.6946903033206,132.742309229077,151.89989024863814,169.3371515913973,185.20857022850635,199.65475193246544,212.8036771740042,224.77183480111398,235.66525383689557,245.5804426316824,254.60524368819222,262.81961175042534,270.29632204035505,277.10161490607896,283.295782596712,288.93370335616885,294.06532755965526
473,0.47500000000000003,31.48293464040785,56.41191435595963,79.10244387579111,99.75545637506796,118.5538874892496,135.66425965616574,151.23814762620373,165.41351812238662,178.31595071802573,190.05974959520935,200.74895566707025,210.47826792707707,219.33388214807877,227.3942543094243,234.7307955120592,241.4085045189371,247.48654350885195,253.01876214597206,258.0541746003766,262.6373937368323
474,0.47421875,27.647569607360268,49.53799812204439,69.46257848912181,87.59794070814222,104.10477551103115,119.12932287929348,132.80468570577136,145.252013983059,156.5815793033413,166.89375192020194,176.27988979211477,184.82314773243692,192.59921391422964,199.6769802479725,206.11915258701077,211.98280615668585,217.31989111677274,222.1776927401439,226.59925027842777,230.62373821728227
475,0.4734375,23.78264154915679,42.61447750013685,59.755370863221785,75.35708955304872,89.55781906497003,102.48335045452876,114.24818480249034,124.95654432322709,134.7032942503498,143.57478247892885,151.6496040175153,158.99929691140713,165.68897575991298,171.77790838683865,177.32004076927288,182.36447485589878,186.95590349221382,191.13500630726858,194.93881006187448,198.40101664156057
476,0.47265625,19.871777072676892,35.60553142755788,49.92632169296565,62.96110831171082,74.8253884671113,85.62427127702784,95.45342352548015,104.3999211672543,112.543021642523,119.95486607761988,126.70111820943661,132.84154589676743,138.43055043526863,143.51764835308168,148.14790996943776,152.3623585907582,156.1983338694938,159.68982254863516,162.86775951616312,165.76030182795284
477,0.47187500000000004,15.935711369094145,28.554291460286233,40.03986329017047,50.49409374525414,60.00956603534295,68.670564095287,76.5538092239952,83.72913641224837,90.26011155068421,96.20459377589684,101.61524753593308,106.54000879420923,111.0225094569889,115.1024637300541,118.81601982337716,122.19608010024498,125.27259249140214,128.07281575739242,130.62156094208885,132.94141114702094
478,0.47109375000000003,11.973465401876076,21.453539492615242,30.082245914895335,37.93609275322925,45.084671427860044,51.59131201743874,57.513655250761985,62.90416608176208,67.81059905632434,72.27642132069242,76.34119748537802,80.04093991063688,83.40842756652084,86.47349627453364,89.26330291436459,91.80256592481304,94.11378421796307,96.2174364496996,98.13216240628444,99.87492810492678
479,0.4703125,7.990525163795614,14.31804584726956,20.077479213478302,25.319764250624083,30.091310911900024,34.434376201320056,38.38742847066422,41.98548480114356,45.26041972644167,48.24124681254182,50.95437517659837,53.423843094619464,55.671530720398174,57.71735374466551,59.579439705945276,61.27428849559434,62.816918463296275,64.22099941883408,65.49897370169893,66.66216638125255
480,0.46953125,4.001331678756876,7.169276560467258,10.052699942143875,12.677185806529224,15.065990636139063,17.24027489431601,19.219297768807834,21.02058965403967,22.660107699807252,24.1523770173142,25.510619107646725,26.74686875984826,27.8720804886445,28.896225431351738,29.828379572740285,30.676804067132476,31.449018357473356,32.15186674266442,32.791578977456474,33.373825432323095
481,0.46875,-0.00393057484177775,-0.006484908843904242,-0.008702140325420575,-0.010685288435774428,-0.012483935345164936,-0.014128687474865693,-0.015641443726558034,-0.01703903647384689,-0.018334898941350073,-0.019539990702752516,-0.02066340987887091,-0.021712824408335434,-0.022694775039308366,-0.023614909238030193,-0.024478152381119906,-0.02528883733908295,-0.026050809240272126,-0.026767504927115993,-0.027442014232863285,-0.02807713389239109
482,0.46796875000000004,-3.9954721340325534,-7.159188110534013,-10.038824625993634,-12.659879576682824,-15.045574908373695,-17.217050343662518,-19.19354707142439,-20.992577418064126,-22.630080077281246,-24.120561578974197,-25.4772250900625,-26.71208762634113,-27.83608669475109,-28.85917733987438,-29.790420445865077,-30.638063089195263,-31.409611666179277,-32.11189843978733,-32.75114210049327,-33.33300288758961
483,0.46718750000000003,-7.998365890407633,-14.33098261530998,-20.094839054455967,-25.34107964663863,-30.11621333287162,-34.462558274110386,-38.41862660087129,-42.019469051456625,-45.29698702164585,-48.280215992753305,-50.99558327392231,-53.46714247201741,-55.716786816443665,-57.76444328613281,-59.628249262844434,-61.324713295454856,-62.86886141506956,-64.27437029580577,-65.55368844703828,-66.71814652148146
484,0.46640625,-11.96764219112517,-21.443513143769987,-30.06845463223796,-37.91888927018436,-45.06437435496378,-51.568219557026445,-57.48804789629049,-62.87630651879762,-67.78073174934565,-72.24477236509892,-76.30797483358947,-80.00633391357923,-83.37261172119491,-86.43662812266923,-89.22552501956909,-91.76400688171307,-94.07455967105807,-96.1776500928714,-98.091906944327,-99.83428617753091
485,0.465625,-15.94349119690805,-28.567129728613306,-40.057090707496094,-50.515244712060074,-60.034273413253736,-68.69852173743566,-76.58475470702946,-83.76284094873363,-90.29637320387125,-96.24323251444066,-101.6561015091275,-106.58293146844146,-111.06736735780702,-115.14913465212472,-118.86439138307705,-122.24604854775511,-125.32406173269811,-128.12569653554223,-130.6757701414437,-132.99687120562285
486,0.46484375,-19.866026707604597,-35.59562963852567,-49.912698995582396,-62.944110978215534,-74.80532947482033,-85.60144386142734,-95.42810379468872,-104.37236794329772,-112.51347599783901,-119.9235511414228,-126.66823935165985,-132.80729123060576,-138.39509152888206,-143.48114109538588,-148.11049551724463,-152.32416435060577,-156.15947449170616,-159.65040090439498,-162.82786763873668,-165.7200218184
487,0.46406250000000004,-23.790321147421547,-42.627153824579956,-59.77238063992933,-75.37797028392839,-89.58220584503836,-102.51093910230837,-114.27871477472536,-124.98978868340906,-134.73905289925972,-143.61287721139476,-151.6898747948803,-159.04159899359928,-165.73317744269835,-171.82388920708223,-177.3676900531711,-182.41369052715842,-187.00659109060894,-191.1870781670179,-194.9921846133564,-198.4556178217548
488,0.46328125000000003,-27.64192894835589,-49.52828405850841,-69.44920995529068,-87.5812542270985,-104.0850755534994,-119.10689517689597,-132.7797997388162,-145.22492273228352,-156.55251871082964,-166.86294062709578,-176.24752925912154,-184.7894226837622,-192.5642929952978,-199.64101684174494,-206.0822857159465,-211.9451614234442,-217.2815816609307,-222.13882018146998,-226.55990562751245,-230.5840027537061
489,0.4625,-31.490476538313906,-56.42436856090326,-79.11915530736815,-99.77596667778073,-118.57783470566638,-135.69134219315677,-151.26810742344045,-165.44613069815114,-178.35101842081033,-190.0970966624314,-200.78842449284997,-210.51971618741754,-219.37718053068426,-227.43928471174408,-234.77744958282167,-241.45668246029538,-247.5361530896222,-253.0697178754497,-258.10639702614367,-262.6908088520391
490,0.46171875,-35.24740742078808,-63.15557610930842,-88.557537288183,-111.67842149537064,-132.72309175174505,-151.87799972513804,-169.31284856901192,-185.18209981100534,-199.6263431399628,-212.7735425887601,-224.7401706030781,-235.63224016911693,-245.54624418569384,-254.57001045402413,-262.78347985800207,-270.2594146450547,-277.0640430953699,-283.2576462880848,-288.89509216671144,-294.02632164724974
491,0.4609375,-38.996482633330636,-69.87370820689326,-97.97813360631959,-123.55880994109692,-146.8423898145263,-168.03516009002064,-187.3248779005155,-204.88243725815056,-220.86338452901367,-235.40929723304905,-248.64903879384045,-260.699900485311,-271.6686407434168,-281.65243110975604,-290.7397171912627,-299.01100228314175,-306.5395606125706,-313.39208652065616,-319.62928533843007,-325.3064112043149
492,0.46015625000000004,-42.63557148935984,-76.39348840411411,-107.11987100782449,-135.0870448162203,-160.54281419911015,-183.71271176596227,-204.80201094782367,-223.99754903116857,-241.46938407951512,-257.37230227917837,-271.8471896603407,-285.0222805170721,-297.0142936424269,-307.92946650127635,-317.86449650268537,-326.90739772745104,-335.1382807139061,-342.63006220776964,-349.4491111674951,-355.6558367608774
493,0.45937500000000003,-46.26206184667521,-82.89225207449384,-116.23304224303637,-146.57986921842874,-174.20160885374898,-199.3429803126046,-222.22672204523232,-243.0555681946341,-262.01404612164833,-279.27011194097327,-294.9766389557374,-309.2727723055218,-322.28516187963424,-334.1290844779284,-344.90946516420786,-354.7218068802886,-363.6530365715021,-371.7822753183706,-379.18153930131734,-385.91637782172927
494,0.45859375,-49.760870384450776,-89.16040430961822,-125.0217674964024,-157.66280149167187,-187.372724266636,-214.41475893345296,-239.02848365614253,-261.43195958999826,-281.8236647241177,-300.38425309859224,-317.2781557224108,-332.65503759022135,-346.6511237761384,-359.3904064144276,-370.9857432613099,-381.5398575876098,-391.14624827385467,-399.89001816820445,-407.84862804904725,-415.0925828850895
495,0.4578125,-53.24241891656446,-95.39973551001609,-133.77133226421034,-168.6972103645454,-200.4868112646643,-229.42177770946012,-255.7584562532238,-279.73017127678906,-301.5492934830617,-321.40912208803513,-339.48559776564707,-355.9388616469735,-370.91467423494765,-384.54570686482197,-396.95271715493243,-408.24561888096537,-418.5244557669655,-427.8802878188649,-436.3959980563777,-444.14702680421584
496,0.45703125,-56.57937406583988,-101.37761118369824,-142.15285514724272,-179.2665039641269,-213.0474061240432,-243.79485242110152,-271.7812487007663,-297.25453558547963,-320.44038731714915,-341.5442120013662,-360.7529718535465,-378.23683983073136,-394.1507074092146,-408.6355569324032,-421.8197106895839,-433.8199678094023,-444.7426390535328,-454.68448867580616,-463.7335916937575,-471.9701141813283
497,0.45625000000000004,-59.89451728416161,-107.31904508652252,-150.4848734167802,-189.77447158665225,-225.5359388934567,-258.08610528994274,-287.71334500816835,-314.6801341677163,-339.2253774912311,-361.5665255485334,-381.9015016529923,-400.4104556017649,-417.2573598449839,-432.591462284434,-446.54860857520686,-459.25244566443627,-470.81551724437344,-481.340260823435,-490.91991525162496,-499.63934675489105
498,0.45546875000000003,-63.0490440508506,-112.9697856377458,-158.40751480450746,-199.76495790678948,-237.40856652837556,-271.6718539487607,-302.85837424365496,-331.24441887870245,-357.0814669971719,-380.59841436073395,-402.00360170294914,-421.4866607636562,-439.22019445532203,-455.3613061178059,-470.05299141358546,-483.42540521308837,-495.5970147073564,-506.67564896169137,-516.7594542108826,-525.9377633738918
499,0.4546875,-66.17734412490135,-118.57669352504557,-166.27062010815783,-209.68170328946601,-249.19455410732363,-285.1592363997851,-317.8943741813021,-347.68997707400064,-374.81001090079786,-399.49473693147274,-421.9628408526185,-442.41337043807135,-461.02749913267644,-477.97013123298075,-493.3913628878573,-507.42781188183625,-520.203827996671,-531.8325946727989,-542.4171317331673,-552.0512080680616
500,0.45390625,-69.12999251494071,-123.86545779387771,-173.68553075235545,-219.03178317646413,-260.3060104781466,-297.8738922264661,-332.0682592312401,-363.19205037991645,-391.52099926546674,-417.30607808321207,-440.775721587659,-462.1378511492246,-481.5817169513256,-499.279574724333,-515.3882118761994,-530.0503365591733,-543.395841992375,-555.542957239266,-566.5992946369147,-576.6628031719157
501,0.453125,-72.05216344750352,-129.10327316976844,-181.03124726756795,-228.2961699444643,-271.31679276410074,-310.47425522223875,-346.11546671369285,-378.5561823677866,-408.08380167307337,-434.95991530544484,-459.4226230477962,-481.6886434457176,-501.9552339337088,-520.4019385021376,-537.1921783897311,-552.4746999132415,-566.3848922754316,-579.045987024971,-590.5701497965791,-601.0594740194019
502,0.45234375000000004,-74.78472834095871,-133.99745213214575,-187.89270886819588,-236.94819335059506,-281.5985676419425,-322.239423083841,-359.23081521841203,-392.900462639035,-423.54665339632226,-451.4408887851541,-476.83028919484326,-499.93978371032546,-520.9741029829715,-540.1195931067142,-557.5458665753672,-573.4073049669278,-587.8444266812954,-600.9851318467672,-612.9458354256323,-623.8324985735302
503,0.45156250000000003,-77.48275486692332,-138.8338838288565,-194.67575027662005,-245.50310665702423,-291.76626335042664,-333.8750856847869,-372.2026296386685,-407.0884491185021,-438.84160536308406,-467.7434056539366,-494.04989589580146,-517.9941292522495,-539.7882309770082,-559.6252777928971,-577.6810084694421,-594.1153807727673,-609.0739885954513,-622.6893518198862,-635.0820903438026,-646.3619926857115
504,0.45078125,-79.97838818560024,-143.30330151729635,-200.9414571784859,-253.40372785812207,-301.1549624534276,-344.61822514065693,-384.17857633854413,-420.18649385162047,-452.9609811371292,-482.79239468398845,-509.94501692477064,-534.659397882796,-557.1544864306453,-577.6295701258678,-596.2660408166397,-613.2290016793362,-628.6687299390013,-642.7220082297123,-655.513336390538,-667.1560344497288
505,0.45,-82.43563676896963,-147.7085326607451,-207.12000570682653,-261.196426311629,-310.4168873880578,-355.2174531605223,-395.9950261867455,-433.11086568786834,-466.89378918141176,-497.6430861910213,-525.6311701219944,-551.1059918912189,-574.2932367340594,-595.3983237088715,-614.6082256138111,-632.0931254580388,-648.0079241765063,-662.4936129444029,-675.678522249785,-687.6794588078074
506,0.44921875,-84.67895138235403,-151.7256322597913,-212.75132579666047,-268.29693288660496,-318.8546233290542,-364.8723258133103,-406.75773161158446,-444.88191692317946,-479.58263384063736,-511.1673038903865,-539.9157421449711,-566.0826364800168,-589.8998040811645,-611.5782452801393,-631.3100129235112,-649.2699138558111,-665.6170576047293,-680.4962659871446,-694.0393561243118,-706.366308250666
507,0.44843750000000004,-86.88027284395956,-155.6725042302278,-218.28729021595217,-275.2793739429227,-327.15367711422783,-374.3697743848348,-417.34596786000606,-456.4629947883802,-492.06740168696194,-524.474615088408,-553.9717363636067,-580.8200854663563,-605.2575161725084,-627.500523383004,-647.7461611597797,-666.1737885057534,-682.9466583690721,-698.2133639479104,-712.1091551092007,-724.7571366022161
508,0.44765625000000003,-88.85743738718749,-159.2125178890178,-223.24950298545335,-281.53598695608883,-334.5884261235074,-382.87685206630084,-426.8290733566134,-466.8344767730568,-503.2474806779584,-536.3906762649409,-566.5576860775813,-594.0157655917561,-619.0081710594629,-641.7563146831401,-662.4617262225258,-681.307838433259,-698.4616121687651,-714.0750155413076,-728.2863702461549,-741.2215769951015
509,0.446875,-90.78926030810673,-162.67669777105814,-228.10875346802695,-287.665123131516,-341.8734442654675,-391.21396853511993,-436.12381862182787,-477.00086242206294,-514.2072388645669,-548.0725667650875,-578.8968653666509,-606.9532125171148,-632.4901640670407,-655.7339559795176,-676.8905086600921,-696.1472512823404,-713.6747822849051,-729.6283807496987,-744.1493820505005,-757.3664299785012
510,0.44609375,-92.4880844514927,-165.71779929360162,-232.37126406027036,-293.03926702263834,-348.2593669090179,-398.52080028807404,-444.26885544518456,-485.9088290292147,-523.8096205513679,-558.3070019742293,-589.7065930143176,-618.2865690110791,-644.3001255095951,-667.9777214862166,-689.5291210997939,-709.1452520780749,-726.9998972170611,-743.2512339775942,-758.0432358179081,-771.5069476966822
511,0.4453125,-94.13849884803257,-168.67792990314265,-236.52384261102043,-298.2773113083666,-354.48543625669544,-405.6461852262464,-452.2128064638155,-494.59784551433876,-533.1768009951504,-568.2914517765464,-600.2528852352275,-629.3442534772894,-655.8232819790533,-679.9245529273837,-701.8615834864922,-721.8287174216049,-740.0028468513021,-756.5449793809646,-771.6016644997972,-785.3062918985466
512,0.44453125000000004,-95.54850848181377,-171.2013693571385,-240.06037050608353,-302.735851795913,-359.78316013646895,-411.7077207788232,-458.9695563638078,-501.9873746094999,-541.1422817720795,-576.7811604195336,-609.2197431754912,-638.7454101808017,-665.6197352206527,-690.0808031716714,-712.3453193096609,-732.6105291863164,-751.0559660974582,-767.8450416230397,-783.1264933283225,-797.0357024725688
513,0.44375000000000003,-96.90733930184363,-173.6392010300297,-243.48067582161747,-307.05051082521294,-364.91189601962367,-417.57744514565763,-465.5137375821276,-509.1454530276422,-548.8591346957172,-585.0066143099832,-617.9081294021263,-647.8551605883356,-675.1130139870545,-699.9231717126394,-722.5054312659996,-743.0598527939248,-761.7685314815557,-778.7972107791268,-794.2967507530877,-808.404464591396
514,0.44296875,-98.01984102818086,-175.6294202030574,-246.26941666708254,-310.565958943642,-369.08875822678067,-422.3563123307815,-470.8405420494964,-514.970984683475,-555.1386035697593,-591.6992532163771,-624.976832537883,-655.2661546630364,-682.8355589090562,-707.9292881627171,-730.7696527401744,-751.5589999173986,-770.4815065935933,-787.7048109684096,-803.3814976860897,-817.6504496256833
515,0.4421875,-99.07871077696609,-177.52992313399884,-248.93636173513286,-313.9306317912769,-373.08854075701646,-426.93418790846,-475.9446071287895,-520.5539939615135,-561.1575530279141,-598.1149997226145,-631.7537473382948,-662.37180790383,-690.2404324580141,-715.6065142053376,-738.6947758405396,-759.7097604381122,-778.8376435574836,-796.2478826169236,-812.0947181457344,-826.518540237076
516,0.44140625,-99.88684556441392,-178.974651547645,-250.9601219033449,-316.48131352653155,-376.1187894345414,-430.4009232861935,-479.8086244675327,-524.7796116050101,-565.7122946787704,-602.9693061554221,-636.8807142755333,-667.746947514849,-695.8414563023986,-721.4131356785624,-744.6885303662128,-765.8738418121003,-785.1567549931075,-802.7081011708067,-818.6833713220622,-833.2240936765093
517,0.44062500000000004,-100.63922609077443,-180.3261086834649,-252.85726432742436,-318.87525610725896,-378.96495891891345,-433.6587263236281,-483.44110562321083,-528.7531312267254,-569.9962325725672,-607.5357909371622,-641.7043767381798,-672.8046960506545,-701.1122724589945,-726.8778880589226,-750.3298052304618,-771.6757888831003,-791.1049471014159,-808.7894064971165,-824.8858371064173,-839.5368403657048
518,0.43984375000000003,-101.13801144942816,-181.21643905372403,-254.103566656571,-320.4454456956584,-380.8299116427786,-435.79195639217704,-485.8185129415063,-531.3527825442812,-572.7981654736939,-610.5218363841436,-644.8579978406709,-676.1108414041325,-704.5572426831563,-730.4492143329732,-754.016138742985,-775.4668002150522,-794.9912346497043,-812.7624131265749,-828.9377742905167,-843.6606191433564
519,0.4390625,-101.57926403614178,-182.01051807105821,-255.2192096702238,-321.8538982119771,-382.50492009284034,-437.7096010153596,-487.9570142884481,-533.6923140408921,-575.320679557327,-613.2109052730137,-647.6986682978302,-679.0895024450141,-707.6615051273485,-733.6678011559512,-757.3387852637788,-778.8841632386029,-798.4948097607995,-816.344459404327,-832.5912457776002,-847.3791024645936
520,0.43828125,-101.76562480948279,-182.34096134458275,-255.68037055358005,-322.43391529766376,-383.19307929407086,-438.4961742569868,-488.83315467525466,-534.6499719266008,-576.3525294589875,-614.310280338649,-648.8595009632672,-680.3062705156929,-708.9291827341779,-734.9818141286695,-758.6949705196324,-780.2787318241789,-799.9243132182776,-817.8057591631765,-834.081485299218,-848.8956818924837
521,0.4375,-101.89302893864944,-182.57276630073,-256.0076355190676,-322.8481937182006,-383.6865991805377,-439.06183694859334,-489.4644910200745,-535.3410906961353,-577.0980670160608,-615.1053538064143,-649.6996652817247,-681.1874792507891,-709.8477523684913,-735.9343915415299,-759.6785033765614,-781.2904416166494,-800.9616707169428,-818.8664620688812,-835.163437895047,-849.9969765183638
522,0.43671875000000004,-101.76581634121835,-182.3412856253904,-255.6808124526926,-322.43446325419615,-383.19372328886146,-438.49690520574325,-488.83396423459055,-534.6508524180698,-576.3534738270672,-614.3112821161245,-648.8605542376687,-680.3073698955759,-708.9303233149996,-734.98299145898,-758.6961805679215,-780.2799709467541,-799.9255781284161,-817.8070469019599,-834.0827932076193,-848.8970075855951
523,0.43593750000000003,-101.57858651723083,-182.00938722890234,-255.21768138836518,-321.85201300168046,-382.50271138926473,-437.70709790050324,-487.954242588364,-533.6892968995687,-575.3174378182398,-613.207457769522,-647.6950320907008,-679.0856930233904,-707.6575365808743,-733.6636863239311,-757.3345358650191,-778.8797899849783,-798.4903224569176,-816.33986703573,-832.5865565880775,-847.3743240256514
524,0.43515625,-101.13858496256147,-181.21741008426207,-254.1048899087067,-320.44708655901997,-380.83184012051896,-435.7941452844763,-485.82093726531355,-531.3554193062646,-572.8009935447762,-610.5248363961206,-644.8611520859372,-676.1141337348848,-704.5606584093614,-730.4527401212481,-754.0197625174079,-775.4705110610523,-794.9950227217427,-812.7662695608542,-828.941691121428,-843.66458922633
525,0.434375,-100.63787527682415,-180.32385404409138,-252.8542172960978,-318.87149747011125,-378.9605553506695,-433.65373581545424,-483.43557967062094,-528.7471159744518,-569.9897695760274,-607.5289177420942,-641.6971273547503,-672.7971013545964,-701.1043605351343,-726.8696844988539,-750.3213333916381,-771.6670701154391,-791.0960009461307,-808.7802508626742,-824.8764884227508,-839.5273137227715
526,0.43359375,-99.8877977985843,-178.97626386855939,-250.96231914015638,-316.48403823709975,-376.1219918270767,-430.4045582052857,-479.81265043248385,-524.7839904342568,-565.7169912827256,-602.9742883657364,-636.8859526793439,-667.7524152880168,-695.8471290405723,-721.418991229668,-744.6945486660613,-765.8800047250442,-785.163046158934,-802.7145058599451,-818.6898762969428,-833.2306870635391
527,0.43281250000000004,-99.07669515876385,-177.52655885912625,-248.93181511900013,-313.9250234199906,-373.0819701516402,-426.92674162177127,-475.9363620108365,-520.545018869687,-561.147909965048,-598.1047447035288,-631.7429310986098,-662.3604764996429,-690.2286277793917,-715.5942744211965,-738.6821357858126,-759.6967519523054,-778.8242957816935,-796.2342222566449,-812.08076970114,-826.5043262099048
528,0.43203125000000003,-98.02116648133325,-175.63166460143938,-246.2724754510716,-310.56975220646234,-369.093216690274,-422.3613731541806,-470.84614749450185,-514.9770815944349,-555.1451430877526,-591.7061905435011,-624.9841267080947,-655.2737683113002,-682.8434580371998,-707.9374419070742,-730.7780331433961,-751.5675817071485,-770.4902669698112,-787.7137294020486,-803.3905557263356,-817.6596307219044
529,0.43125,-96.90467132430759,-173.6347478748047,-243.474657701015,-307.0430874304672,-364.903199143905,-417.5675893961165,-465.5028247037401,-509.1335741699542,-548.8463719227552,-584.9930417503105,-617.8938141896242,-647.8401636580672,-675.0973907566191,-699.9069726723765,-722.4887024925108,-743.0426363990218,-761.7508660060281,-778.7791315410925,-794.2782901531308,-808.3856523866816
530,0.43046875,-95.55019943979883,-171.2042329152957,-240.0642733963576,-302.74069216199547,-359.7888496470786,-411.71417928737003,-458.97671021157817,-501.99515596757084,-541.1506282807711,-576.790014891045,-609.2290533042514,-638.7551282511532,-665.6298178098826,-690.091210854976,-712.3560163701324,-732.621483333467,-751.0671481964678,-767.8564254384992,-783.1380552786196,-797.0474214030085
531,0.4296875,-94.13519504513724,-168.67241544021343,-236.5163902918989,-298.2681190073272,-354.4746672767596,-405.6339815555061,-452.19929413193483,-494.5831374046455,-533.1609987199756,-568.274647106285,-600.2351612674537,-629.3256856256814,-655.8039388198297,-679.9044969323252,-701.8408716605421,-721.8074018601349,-739.9809752287324,-756.5225953829172,-771.5788082014928,-785.2830001046827
532,0.42890625000000004,-92.49013112717903,-165.72126562021614,-232.37598892779533,-293.0451272804354,-348.26625572368187,-398.5286206898067,-444.27751828354235,-485.9182521843735,-523.8197285041816,-558.3177254514598,-589.7178686422061,-618.2983389649049,-644.3123371569249,-667.9903270319528,-689.54207723685,-709.1585196480086,-727.013440883371,-743.2650219163357,-758.0572394209272,-771.5211412974295
533,0.42812500000000003,-90.78534121064945,-162.67015623450558,-228.09991327069412,-287.65421918734273,-341.8606704419766,-391.1994933660472,-436.10779166452073,-476.98341760089676,-514.1884967037975,-548.0526360913334,-578.8758447018415,-606.9311912566022,-632.4672234876726,-655.7101701123735,-676.8659450493471,-696.1219716482777,-713.6488431050379,-729.6018337725767,-744.1222747453826,-757.3388059391849
534,0.42734375,-88.85982799004533,-159.21656723405977,-223.25502316861702,-281.5428343241633,-334.59647600679153,-382.88599125490964,-426.8391977262516,-466.84549037481946,-503.25929524533535,-536.40321080677,-566.5708664793274,-594.0295242110001,-619.0224463130392,-641.7710506356224,-662.4768721806331,-681.323348551362,-698.4774450687314,-714.0911339522542,-728.3027406585638,-741.238169341178
535,0.4265625,-86.87576278094356,-155.66497618168034,-218.27711702100075,-275.26682620308077,-327.13897814389446,-374.3531182758675,-417.32752680236945,-456.44292292829067,-492.04583770789094,-524.4516841803912,-553.9475518347188,-580.7947501054344,-605.231123414806,-627.4731583189841,-647.7179014119212,-666.1447049942818,-682.9168159828192,-698.1828221372355,-712.0779684046063,-724.7253550799962
536,0.42578125,-84.68167212078085,-151.7302415168754,-212.75761010203803,-268.304729013355,-318.86378955269504,-364.8827333684085,-406.7692620079145,-444.89446092480745,-479.5960909173012,-511.1815817641854,-539.930756344627,-566.0983098870514,-589.9160664652471,-611.5950328349453,-631.3272678084411,-649.2875837496146,-665.6350952748454,-680.5146288812514,-694.0580059777234,-706.385210723399
537,0.42500000000000004,-82.43056370863378,-147.7000647214318,-207.10856259260038,-261.18231276137817,-310.40035488208184,-355.19872021693794,-395.9742866020973,-433.08829289094297,-466.8695391516675,-497.61729968717606,-525.6039745059495,-551.0775026701818,-574.2635588791339,-595.3675527957357,-614.5764488136749,-632.0604224026425,-647.9743677155525,-662.4592698147065,-675.6434536601647,-687.6437209641206
538,0.42421875000000003,-79.98142331988815,-143.30844431034873,-200.9484699970723,-253.41242896545555,-301.1651939659512,-344.6298435221057,-384.1914494296472,-420.20049975072135,-452.9760076044288,-482.80833864886586,-509.9617839990712,-534.6769018631521,-557.1726487869986,-577.6483194892176,-596.2853124721828,-613.2487370719462,-628.6888761954383,-642.7425177050329,-655.5341662315244,-667.177146191164
539,0.4234375,-77.47715011153059,-138.82452816665233,-194.6631078208959,-245.48751455496193,-291.747999820561,-333.85439241017014,-372.17972087886375,-407.06351653773254,-438.81482127412073,-467.71492549756636,-494.0198602704583,-517.9626656297402,-539.7554551689019,-559.5912952184583,-577.6459152565459,-594.0792647183359,-609.036930005964,-622.6514242535527,-635.0433612587825,-646.3225240218411
540,0.42265625,-74.78806023192482,-134.00309889413424,-187.9004102799416,-236.95775036239797,-281.6098072198455,-322.25218780469953,-359.24496003894234,-392.91585369168155,-423.5631673558907,-451.45841234451547,-476.84871854405884,-499.959024001263,-520.99406777659,-540.1402038178046,-557.56705192175,-573.4290004309953,-587.8665739889102,-601.0076784719878,-612.9687341132827,-623.8557068975058
541,0.421875,-72.0460615085252,-129.09308728693668,-181.0174832624941,-228.27919547360713,-271.29691121707367,-310.4517300624967,-346.09053140831145,-378.5290456664599,-408.05465116431844,-434.9289201377467,-459.3899361575659,-481.65440344029605,-501.91956669993635,-520.3649585964944,-537.1539902446285,-552.435398888725,-566.34456557895,-579.0047145230837,-590.5280047232872,-601.0165236116267
542,0.42109375000000004,-69.13360176946837,-123.871576006715,-173.69387685127165,-219.04214212153144,-260.31819520050277,-297.88773239384886,-332.08359778465774,-363.2087422598259,-391.5389107513054,-417.3250862460529,-440.79571374270614,-462.15872428953867,-481.6033771600683,-499.3019365821479,-515.4111978716122,-530.0738765108688,-543.4198724890169,-555.567421106372,-566.6241404220216,-576.6879846680486
543,0.42031250000000003,-66.17078247467072,-118.56573983871138,-166.25581899101104,-209.663450854513,-249.17317722234267,-285.1350188130575,-317.86756721092144,-347.66080531225975,-374.7786760685036,-399.46142083084567,-421.92770778564005,-442.37656924996213,-460.9891649566144,-477.93038699703254,-493.3503206217299,-507.38557385537143,-520.1604877147847,-531.7882377529763,-542.3718366704577,-552.0050469211637
544,0.41953125,-63.05290965038106,-112.9763400431337,-158.41645798347523,-199.77606027146012,-237.42162819232277,-271.686692737856,-302.87482203090383,-331.26232025706395,-357.1006786034221,-380.6188043144171,-402.0250490404728,-421.50905484857327,-439.243434362311,-455.3853000088776,-470.0776559153141,-483.4506648047368,-495.62280112625973,-506.7019006364801,-516.7861157130297,-525.9647849097798
545,0.41875,-59.887536094509166,-107.30739048689136,-150.4691256710195,-189.7550530752806,-225.51319815846873,-258.0603447708624,-287.6848324283693,-314.64910863694763,-339.1920536428942,-361.5310967137869,-381.86414246106415,-400.37132417669903,-417.21659968012625,-432.5492038604227,-446.50497076199076,-459.20753694183287,-470.76943676785635,-481.29309936346357,-490.8717560116644,-499.59026610477434
546,0.41796875,-56.583473419187094,-101.38456386682014,-142.1623442078429,-179.27828682675673,-213.06127140321374,-243.81060725715813,-271.798714925523,-297.27354835921375,-320.4607944491251,-341.56587338518915,-360.77575889177183,-378.26063482978117,-394.1754029424473,-408.6610551918612,-421.8459228361665,-433.84681333240303,-444.7700451466233,-454.7123896411814,-463.76192836417925,-471.99883338453185
547,0.41718750000000004,-53.23506075080111,-95.38745083998019,-133.75473371332282,-168.67674427602083,-200.46284595721647,-229.39463263779578,-255.7284140250213,-279.6974841245378,-301.51418766834576,-321.3718012857747,-339.4462458375599,-355.897644984063,-370.87174375509795,-384.5011997358721,-396.9067582865527,-408.19832222235414,-418.475925438988,-427.83061911110025,-436.34527829437826,-444.0953361266865
548,0.41640625000000003,-49.76517937261993,-89.16771476860512,-125.03174773880797,-157.67519763226414,-187.38731484063766,-214.43134164145795,-239.04687139508715,-261.4519790730011,-281.8451558108598,-300.4070682379341,-317.30215937711347,-332.68010562519964,-346.6771428085517,-359.41727314821117,-371.01336381689174,-381.56814683886205,-391.1751292001286,-399.9194212343315,-407.87849060234015,-415.1228485961274
549,0.415625,-46.25437117402799,-82.87941131126954,-116.21569293530546,-146.55847928244268,-174.17656442079218,-199.31461611811665,-222.19533400677128,-243.02142022291937,-261.977374775292,-279.23113000943147,-294.935538396857,-309.22972672605204,-322.24032864911175,-334.0826065507253,-344.86147265573686,-354.672418436811,-363.60236056402584,-371.73041089321373,-379.12857729274003,-385.86240156940295
550,0.41484375,-42.64006460470319,-76.40111377568351,-107.13028453405073,-135.0999830912454,-160.55804719521524,-183.73002907518924,-204.82121771449175,-224.01846457425515,-241.49184124690228,-257.3961469091022,-271.87228001646963,-285.0484866793992,-297.0414968528673,-307.9575584887341,-317.893378799386,-326.9369809897375,-335.1684840561677,-342.6608125635942,-349.48034266640786,-355.6874901498495
551,0.4140625,-38.98850572749829,-69.8603882841417,-97.96013757883055,-123.5366248326458,-146.81641754504372,-168.005748888685,-187.2923353720838,-204.84703750195115,-220.82537302702474,-235.36889461982003,-248.60644394884218,-260.65529314358565,-271.62218371879936,-281.6042722096737,-290.6899908716436,-298.959831085219,-306.4870564138753,-313.3383516348259,-319.5744134692915,-325.25048830005596
552,0.41328125000000004,-35.25205792407343,-63.163471422812734,-88.56832334350163,-111.69182725973847,-132.7388802420831,-151.8959538369972,-169.33276694825372,-185.20379549933037,-199.64964296777617,-212.79828666768282,-224.76621178224156,-235.6594434385658,-245.57448602649833,-254.59917816212396,-262.8134708546697,-270.2901357883827,-277.0954100023111,-283.2895826823944,-288.9275292405221,-294.05919746793273
553,0.41250000000000003,-31.482260990938133,-56.41064854592306,-79.10061946469662,-99.75311862898114,-118.55109010305442,-135.6610609446745,-151.23460717233903,-165.40969421782611,-178.31189871879468,-190.0555209253936,-200.74459732439192,-210.47382234094204,-219.32938723498202,-227.38974367231555,-234.72629870986552,-241.40404736740163,-247.48214839720274,-253.01444835553036,-258.0499585939841,-262.6332894534343
554,0.41171875,-27.64670892504242,-49.53640232003426,-69.4603050357807,-87.59504946467042,-104.10132870900152,-119.12538394305919,-132.8003175899034,-145.24727761419945,-156.5765324880696,-166.88844861920086,-176.27437972964842,-184.81747626663415,-192.59342205896618,-199.67110482053442,-206.11322642261678,-211.97685835862453,-217.31394732987113,-222.17177543475697,-226.5933790128983,-230.61792991324273
555,0.4109375,-23.781915482346133,-42.61311426228876,-59.753413861844976,-75.35459398177711,-89.5548473375236,-102.47996815333781,-114.24445740954228,-124.9525348265722,-134.69906167694967,-143.5703810595784,-151.6450828332421,-158.99469987277155,-165.6843417653183,-171.77327160949102,-177.3154310009374,-182.35991787063358,-186.95142141621474,-191.13061798283059,-194.93453137441898,-198.3968608469989
556,0.41015625,-19.87090715728479,-35.603921968270676,-49.92403702783896,-62.95821452185068,-74.82195282476835,-85.62036108246603,-95.44910458879818,-104.39525640651935,-112.53807013743778,-119.94968246979033,-126.69575242001282,-132.83604308927258,-138.42495111556295,-143.51198858320532,-148.14222163781952,-152.35666970909543,-156.1926688852492,-159.68420266192862,-162.8622029688165,-165.75482420181896
557,0.40937500000000004,-15.934944470691288,-28.55285196027294,-40.0378029214738,-50.49147615229072,-60.00646101280541,-68.66704330673994,-76.54994300819502,-83.72499154364148,-90.25574993720383,-96.20007177322086,-101.6106157236279,-106.53531206609605,-111.01778727301874,-115.0977504823649,-118.81134524656517,-122.19146969100386,-125.2680679252254,-128.06839529219013,-130.6172597776683,-132.93724178064403
558,0.40859375000000003,-11.97259309967208,-21.451928881927362,-30.079967108738153,-37.93321696609141,-45.08126998091854,-51.58745520683305,-57.50941097240658,-62.89959857875187,-67.80576810987176,-72.27138176760016,-76.33599903519378,-80.03562719289867,-83.40304030124439,-86.46806954530986,-89.2578674879339,-91.79714858894859,-94.10840812780302,-96.21212147285421,-98.12692543423383,-99.8697833706192
559,0.4078125,-7.989727192514707,-14.316547926752488,-20.07534007325966,-25.31705469449897,-30.088106948613444,-34.43075454501902,-38.383463416123064,-41.98124612727473,-45.2559715476775,-48.23664703147995,-50.949675379699634,-53.419088744294555,-55.666761491897475,-57.7126039634743,-59.5747388175426,-61.26966153464995,-62.812386511510155,-64.21658004306317,-65.49468134125989,-66.65801272756602
560,0.40703125,-4.000462540326375,-7.167674910824944,-10.050440722041207,-12.674344425113672,-15.06264161003569,-17.236490762178565,-19.2151478576628,-21.016138969466407,-22.65541624632207,-24.147499424889546,-25.50560454046173,-26.74176104051853,-27.866918332334716,-28.891042771817943,-29.823205925528175,-30.67166490326392,-31.443935478923432,-32.14685865146289,-32.786661205641146,-33.36901087545358
561,0.40625,0.00475138345498456,0.008026176646854347,0.010899303064477428,0.01346151505461864,0.01575802351724309,0.017819769803391776,0.019672049578180167,0.02133705563491537,0.02283458717098157,0.02418238882689532,0.02539633794315797,0.026490596470858822,0.027477785117626562,0.028369129676943987,0.029174611023194356,0.029903104547755754,0.030562504112469722,0.03115982731209615,0.03170133378178619,0.0321925900102016
562,0.40546875000000004,3.996333626564168,7.16077265876649,10.041053282710019,12.662673550306861,15.048857222074668,17.22074686152684,19.197587592126578,20.996896647966782,22.6346181878116,24.12526447856214,25.482044431065297,26.716980610640004,27.841015782327847,28.864109875579874,29.795328257825552,30.642922084041174,31.414401428666565,32.116601843507226,32.75574496277425,33.3374936230606
563,0.40468750000000003,7.999202586356238,14.3325544909148,20.097076727661836,25.343901253095392,30.11953337049627,34.466292504716975,38.42269505444785,42.02379786643228,45.301509317140365,48.284872168800334,51.00032090417318,53.47191593334461,55.72155680494862,57.76917625779144,59.632916863473795,61.32929180922364,62.87333123947762,64.2787154480651,65.55789613324178,66.7222067194541
564,0.40390625,11.968492440044956,21.445074081096575,30.070644017480166,37.92162563282147,45.067578891670244,51.57181708725198,57.49196781758212,62.88048364885531,67.78510676782194,72.24929199091434,76.31259175422863,80.01100652676789,83.37730379195399,86.4413083681586,89.23016667386229,91.76858726423075,94.07905976512845,96.18205413968629,98.09620208576365,99.8384620994623
565,0.403125,15.944337911518085,28.568721435064234,40.05935409685372,50.51809376079377,60.03761910378805,68.70227714417547,76.58883794791599,83.76717691089621,90.30089429164721,96.24787883945476,101.66082068961352,106.58767818098815,111.0721027900864,115.15382589180152,118.8690108059465,122.25057323254921,125.32847290912149,128.12997906883774,130.6799120850829,133.00086337002026
566,0.40234375,19.86686283639318,35.597161786241095,49.91484224914571,62.94678179855923,74.80844777902801,85.60493389792165,95.43189496194252,104.3763955061895,112.51768142005784,119.9278821745666,126.6726498930827,132.81174100693383,138.39954570686353,143.48556982963078,148.11487348572075,152.32847030017805,156.16369079911976,159.65451315657862,162.8318642663026,165.72389373108217
567,0.40156250000000004,23.791172902243247,42.62875620404721,59.7746571903465,75.38083159360488,89.58556007118513,102.514697230579,114.28279352237958,124.99411211851697,134.74355307295042,143.6174942459252,151.69455659707697,159.0463007355396,165.73786095731762,171.8285223308602,177.37224597737656,182.41814718334965,187.01093057563543,191.19128620924323,194.9962501119481,198.45953240392288
568,0.40078125000000003,27.642748675164686,49.529783334907975,69.45130173649805,87.58385343556172,104.08810129880939,119.11027154214706,132.78345646453806,145.22879581215273,156.5565506204331,166.8670803307535,176.25173200200234,184.79364962254738,192.56851076772273,199.6451970816565,206.0864045634975,211.94919905129407,217.28552182081086,222.14264977363564,226.5636143274032,230.58758264163325
569,0.4,31.49132914185414,56.42597388253351,79.12143443391838,99.77882748832725,118.58118313874877,135.69508766907293,151.27216570285725,165.45042540245717,178.35548155647703,190.10166861465353,200.7930536600852,210.52435839730072,219.3817983842045,227.44384688478692,234.7819301450485,241.46106023536163,247.54041106070505,253.07384263627654,258.1103783096648,262.6946390785726
570,0.39921875,35.24820897753465,63.157039376150465,88.55957355934868,111.68094461402262,132.72602042623376,151.88125821931428,169.31636725329028,185.18581564222185,199.63019979185734,212.77749038203842,224.74416623709007,235.63624630456277,245.55022897736342,254.57394703722483,262.78734583708876,270.26319160352637,277.0677161308802,283.2612035735708,288.89852457244416,294.02962236665786
571,0.3984375,38.99733255562807,69.87530994121161,97.98040638071079,123.56165952397572,146.84572045942232,168.03888010998216,187.32890248555523,204.88668990382112,220.86779746023828,235.4138113104164,248.65360307574286,260.70447158493755,271.67318212677014,281.6569123607328,290.74411330232914,299.0152929939513,306.54372979926217,313.3961216345449,319.6331769265803,325.31015245072433
572,0.39765625000000004,42.63635350283086,76.39491325280876,107.12184873622185,135.08948858762722,160.5456426714244,183.7158496798216,204.8053895468006,224.0011064303333,241.47306530265544,257.3760591172423,271.8509803475881,285.0260692703554,297.0180501612836,307.93316542945587,317.8681168983432,326.9109225600921,335.14169639044127,342.63335812760465,349.4522793419785,355.65887143693834
573,0.39687500000000003,46.26290609432698,82.89384467130179,116.23530108586758,146.5826984944554,174.20491160258794,199.34666414232063,222.2307019116039,243.05976774455127,262.01839802329647,279.2745577094123,294.9811284487127,309.27726302697357,322.28961823644545,334.13347701287023,344.9137698222409,354.7260043289566,363.65711157696353,371.786216174346,379.18533734384334,385.9200269652912
574,0.39609375,49.7616318459049,89.16178899792004,125.02368456386834,157.66516376691595,187.37545065767307,214.41777490854764,239.03172153519512,261.4353588061545,281.82717177241716,300.38782132757393,317.2817449592999,332.6586136409629,346.65465789667735,359.3938747507518,370.98912630435,381.5431396597165,391.1494170482546,399.89306422010503,407.851544474283,415.0953649230566
575,0.3953125,53.24325502680817,95.4013143774387,133.7735709141353,168.7000118670655,200.49007785764414,229.42541664574432,255.76238254430746,279.73430895716683,301.55357585318677,321.41349146537243,339.4900049198131,355.94326505480785,370.9190393005153,384.55000512420725,396.95692552168225,408.2497189513371,418.52843318538845,427.8841316994849,436.3997004940512,444.1505824072878
576,0.39453125,56.58011426321945,101.37895451207733,142.15471017779296,179.26878348890665,213.05002955833166,243.79774617269084,271.7843463346564,297.2577779826762,320.4437225391366,341.5475950193386,360.75636412686083,378.2402087715638,394.154025828559,408.63880246176916,421.82286522338495,433.8230169834085,444.7455717598584,454.687296611879,463.73626898177713,471.97265699181014
577,0.39375000000000004,59.89534318204234,107.32060634311857,150.48708658881566,189.7772390375366,225.53916242303427,258.0896921026787,287.7172104234726,314.6842028109613,339.2295834555077,361.5708120769814,381.9058205185627,400.41476631855477,417.261628855695,432.59566214070105,446.55271716541716,459.25644550665965,470.8193948437116,481.3440060882857,490.92352100278043,499.64280825647757
578,0.39296875000000003,63.04976249974859,112.9710868254581,158.4093069922312,199.76715410811684,237.4110868860974,271.6746259891414,302.8613329166218,331.24750661778546,357.08463350394015,380.60161627582244,402.00680214171985,421.48982874905863,439.2233043418737,455.3643369978294,470.05592654963186,483.4282315105901,495.5997222270826,506.67823046823264,516.7619047943821,525.9400800753473
579,0.3921875,66.17815810476453,118.57823396108414,166.27280343954834,209.68443153353957,249.19772894485286,285.16276525408773,317.89817289715404,347.6939710406379,374.8141351381071,399.49893570903464,421.96706701903406,442.4175845929366,461.03166878539315,477.97422996201857,493.3953695539244,507.4317099110735,520.2076047321304,531.8362407873375,542.4206407383363,552.0545758445548
580,0.39140625,69.1306889439926,123.86671644744821,173.68725981671759,219.03389610830664,260.3084283344715,297.8765438010861,332.0710809726981,363.19498635633073,391.5240008728296,417.30910366210907,440.77873591979505,462.1408248618085,481.5846259220363,499.2823994747451,515.3909369965644,530.0529501772961,543.3983352852817,555.5453239826841,566.6015308305789,576.6649066676432
581,0.390625,72.05296410367231,129.1047901247559,181.03339714900108,228.29885474103455,271.3199143177134,310.47772140817216,346.1191940897634,378.56009723427826,408.08784008865626,434.96402264802964,459.4267532980447,481.69275832373796,501.9593020328325,520.4059344302591,537.196081970564,552.4784954621415,566.3885679470438,579.0495342244774,590.5735626899003,601.0627490643541
582,0.38984375000000004,74.78540262056264,133.9986681202843,187.89437488122888,236.95022347984747,281.6008840178023,322.2419558923818,359.2335024993325,392.90325015901925,423.54949428488953,451.44374310071817,476.8331233855157,499.9425699929061,520.9768187316765,540.1222202362261,557.5483909601036,573.4097159079771,587.8467164188894,600.9872951120622,612.9478690707763,623.8344012033868
583,0.38906250000000003,77.48354102596123,138.83537507264475,194.67786368856468,245.50574447771766,291.76932783006777,333.8784853547676,372.2062819324226,407.0922813729586,438.84555476930717,467.74741876457654,494.0539278671173,517.9981429493448,539.7921960859271,559.6291699469567,577.6848084410913,594.1190737442062,609.0775635043108,622.6928007703782,635.0854081196142,646.3651762829456
584,0.38828125,79.9790403227251,143.30447495720853,200.94306054517824,253.40567604144854,301.15717879109434,344.62064131343527,384.1811320505749,420.1891366157186,452.9636658416859,482.79508311178523,509.94767718122625,534.6620037524332,557.15701675213,577.6320081669227,596.2683736897428,613.2312198083864,628.6708265740244,642.723979002109,655.5151789489639,667.157748096252
585,0.3875,82.43640752014419,147.70999643942295,207.12208028213223,261.1990144200019,310.4198919023796,355.2207834437099,395.99860068549765,433.1146128798754,466.89764746541255,497.6470033453304,525.6351025090636,551.109903534979,574.2970984134276,595.4021120717641,614.6119223619119,632.0967166141872,648.0113994300945,662.4969650638208,675.6817465992324,687.6825528829814
586,0.38671875,84.6795815239671,151.7267635186951,212.75286725646274,268.2988003736073,318.856741498579,364.8746279224544,406.7601590842834,444.88441905068174,479.5851672827964,511.16983215041097,539.9182349680478,566.0850691899188,589.9021569439328,611.5805028729129,631.3121635484218,649.2719490078804,665.6189714900918,680.4980550828041,694.0410188207409,706.3678444931049
587,0.38593750000000004,86.88102750028791,155.6739391967715,218.28932414450355,275.2819102773043,327.15661953541286,374.3730332373496,417.34946271960666,456.46665535890185,492.07116763422505,524.4784354540088,553.9755687357682,580.8238950327055,605.2612747978482,627.5042087134818,647.7497558026766,666.1772792954363,682.950035713633,698.2166212441473,712.1122882644385,724.7601435736067
588,0.38515625000000003,88.85804576464464,159.21360748782422,223.25098347986156,281.5377752257687,334.59044823266345,382.8790429133619,426.8313761265163,466.8368425559267,503.2498679079897,536.393050154068,566.5600179871918,594.0180323519326,619.0103543234401,641.758400291943,662.4637036186599,681.3097001312101,698.463353277878,714.0766333309917,728.2878637959797,741.2229468418864
589,0.384375,90.78999828108782,162.67810277234517,228.11074520436705,287.6676059422653,341.8763228043057,391.21715426035576,436.12723233892365,477.0044351337042,514.2109115526515,548.0762897637246,578.9005975028105,606.9569201419923,632.4938201207285,655.7375390876418,676.8940023105694,696.1506430915426,713.6780633469324,729.6315450550176,744.152426013745,757.3693519821859
590,0.38359375,92.48867135595752,165.71884786286756,232.37268467216742,293.04097770911415,348.2612952181284,398.52288281044906,444.2710371560335,485.9110628281079,523.8118666417753,558.3092272589001,589.7087704425959,618.2886768831229,644.3021468235534,667.979643300412,689.530933947677,709.1469494425504,727.0014750590607,743.2526903075421,758.0445703540051,771.5081615183648
591,0.3828125,94.13921975229427,168.67930415154575,236.52579110988387,298.2797394528564,354.48824981292836,405.6492968768083,452.2161383259234,494.60132994634967,533.1803803306577,568.2950776602636,600.256517736683,629.3478601037305,655.8268367294258,679.928035383563,701.864977988781,721.8320123365995,740.0060339250447,756.5480531622425,771.6046218747578,785.3091316395597
592,0.38203125000000004,95.54907429489627,171.2023776858353,240.06173252667577,302.7374867730695,359.78499716048765,411.70969816899253,458.9716209027183,501.98948100655406,541.1443919866813,576.7832430207753,609.2217726673789,638.7473662936438,665.6216022527113,690.082569350487,712.3469762095837,732.6120712077682,751.0573900021004,767.8463461122418,783.1276787101865,797.0367703223027
593,0.38125000000000003,96.90804287685349,173.64054396973117,243.4825803544644,307.0528835405657,364.9146439162911,417.5804822242043,465.5169873393713,509.148849222505,548.8626210392812,585.0101437677004,617.9116632835719,647.8586675444337,675.1164690555731,699.9265554059822,722.508728747069,743.0630531470399,761.7716270706013,778.8001966764257,794.2996242815328,808.4072248791547
594,0.38046875,98.02038614897428,175.6303891146618,246.27072142595784,310.56752011470536,369.0905064894332,422.358187759603,470.8424932435187,514.9729681558665,555.1405830175837,591.7011988470276,624.9787203743508,655.2679658245368,682.8372789487488,707.9309064296409,730.7711618005611,751.5603950398605,770.4827852916866,787.7059725867833,803.3825430766948,817.6513808155679
595,0.3796875,99.07939679326458,177.5312342818157,248.93822167173934,313.93294842347416,373.0912224232108,426.9371500096317,475.947774599994,520.5573019996984,561.1609467416599,598.1184334039127,631.75718353118,662.3752163885711,690.2437892901606,715.6098008019117,738.6979781577588,759.7128682465983,778.8406498064214,796.2507828693423,812.0975101287503,826.5212234031134
596,0.37890625,99.8873704162166,178.9755819095784,250.96137078146378,316.4828028413498,376.1204514905515,430.40269993065675,479.8104661174049,524.7814765651204,565.7141483609696,602.971120374037,636.8824665346599,667.7486202801523,695.843036336351,721.4146134043409,744.6898992938737,765.8750980305884,785.1578967209349,802.7091283504409,818.6842853057133,833.22489690182
597,0.37812500000000004,100.63989447941817,180.32738784276367,252.85907942946008,318.8775164779952,378.96757432409754,433.66161363050736,483.4441912496144,528.756351833158,569.9995346751866,607.5391301521428,641.7077168318294,672.8080079130361,701.115533138373,726.8810798480424,750.3329148474783,771.6788067521945,791.1078667238331,808.7922238936508,824.8885503761882,839.539449254562
598,0.37734375000000003,101.13851651679477,181.21733183780046,254.1047611693373,320.4468652550888,380.8314902025306,435.79363757937506,485.8202489840771,531.3545335196859,572.7998984802322,610.5235248075584,644.8596206252813,676.112382317602,704.5586896505616,730.4505588038813,754.0173751234674,775.4679253672972,794.9922474514278,812.7633140741633,828.938565194645,843.6613028130831
599,0.3765625,101.57991481375491,182.0117652043203,255.220979916195,321.8561024013583,382.5074694921272,437.7124140116846,487.96001881675596,533.6954482423785,575.3238913590393,613.2141516076186,647.7019141376646,679.0927197674085,707.6646719461966,733.6709006096117,757.3418048004471,778.8870939033267,798.4976455741665,816.3471968128999,832.5938832215171,847.3816399537995
600,0.37578125,101.7661106375744,182.34181762477283,255.68151234810344,322.4352673515158,383.1945772231492,438.4977634660759,488.83478918848164,534.6516135687432,576.3541469815218,614.3118486594841,648.8610004234152,680.3076861386305,708.9305035599428,734.9830325852216,758.696081861562,780.2797336406179,799.9252050015178,817.8065419211647,834.0821612609914,848.8962542012769
601,0.375,101.89366220513156,182.57398152401757,256.0093610969998,322.8503420568927,383.6890831074113,439.0645764130165,489.4674154990752,535.3441398210621,577.1011901219964,615.1085091299973,649.7028189814264,681.1906043660308,709.8508278499384,735.9374013420171,759.6814356420203,781.2932879804264,800.9644256867972,818.8691224860523,835.1660025108954,849.9994455789856
602,0.37421875000000004,101.76628344601151,182.3421064262653,255.68190309984328,322.4357499431764,383.195143305428,438.49840572579836,488.83550106030197,534.6523890940663,576.3549807234913,614.3127356433914,648.8619360902825,680.3086663075663,708.9315243951721,734.9840905675536,758.6971737627117,780.2808564999988,799.9263561050914,817.8077187819181,834.0833616011349,848.8974759356628
603,0.37343750000000003,101.5792023696225,182.01057066652936,255.2193624965426,321.854105823594,382.505130365601,437.7097645788055,487.95708800777345,533.692262187302,575.3204737119389,613.2105237956177,647.6980955731052,679.0887280383325,707.6605229874357,733.6666088592813,757.3373833419213,778.8825545942238,798.492999163203,816.3424530460647,832.5890509375129,847.3767271708714
604,0.37265625,101.13903385722176,181.2181964251236,254.1059309643919,320.4483099914786,380.83318488700786,435.7955603205255,485.82238012966394,531.3568552330655,572.8023944864775,610.5261802149765,644.8624217864808,676.1153167167872,704.5617458048812,730.4537261780365,754.0206440528656,775.4712869886096,794.9956936391226,812.7668373826344,828.9421588042723,843.6649604810927
605,0.371875,100.63847387655382,180.32500593925178,252.85585429478124,318.87353530237857,378.9629101120428,433.65633067850075,483.4383472490052,528.7499988909826,569.9927199606972,607.5318963933398,641.7001027385992,672.8000485570017,701.1072602941493,726.8725223053505,750.3240986943135,771.6697556320931,791.0986020689579,808.7827651365,824.8789151400175,839.5296535265252
606,0.37109375,99.88822901768485,178.97701680239194,250.96331219862054,316.4852005572983,376.1232640324691,430.4058909738414,479.8140030530334,524.7853297968057,565.7182908832461,602.975527476088,636.8871155698026,667.7534904787937,695.8481086424066,721.4198703335985,744.6953248065704,765.8806774162609,785.1636164931764,802.7149761509668,818.6902498149301,833.2309677572237
607,0.37031250000000004,99.07727673005861,177.52767956991465,248.93340852491113,313.9270069765289,373.0842616406699,426.9292658592196,475.9390531902928,520.5478211036639,561.1507767612788,598.1076381113236,631.7458207003434,662.3633383622542,690.2314434894605,715.5970301922172,738.68482167153,759.6993611674749,778.8268241172898,796.2366675682362,812.0831315133707,826.5066053291836
608,0.36953125000000003,98.0215805885681,175.6323852276735,246.27342216285513,310.5708556171937,369.0944190776222,422.36262691578804,470.8474136183615,514.9783285893341,555.1463459519363,591.7073299145636,624.9851880768301,655.2747412730379,682.8443356363659,707.9382200346489,730.7787100093768,751.568157387072,770.4907430139504,787.7141084892264,803.3908414090358,817.6598271585159
609,0.36875,96.90523615628483,173.63583787652604,243.47620819055444,307.0450176166432,364.905428516866,417.57004442539534,465.50544116160773,509.13629764738977,548.8491572864274,584.9958522760755,617.8966205480898,647.842942866813,675.1001252193142,699.9096492935848,722.4913119000895,743.04517227493,761.7533245118949,778.7815108169282,794.2805899315631,808.3878736155442
610,0.36796875,95.55059702119746,171.20492236781573,240.06517545212964,302.74173890499065,359.7899849914927,411.7153573230523,458.9778935912532,501.9963147789327,541.1517389811542,576.791059438709,609.2300183647195,638.7560044494238,665.630599079691,690.091893844575,712.3565999245336,732.6219680516137,751.0675360513419,767.8567194415314,783.138259235028,797.0475396542903
611,0.3671875,94.13574345670673,168.67347526589663,236.51789861975368,298.2699968193448,354.4768357862365,405.6363688899668,452.20183763644354,494.5857841338265,533.1637048779941,568.2773771694002,600.2378869652741,629.3283848955496,655.8065948510222,679.9070972892716,701.8434075149497,721.8098673323358,739.9833668240162,756.5249115006711,771.58104875946,785.2851661715918
612,0.36640625000000004,92.49051274646312,165.7219249926061,232.37684795623682,293.0461195101867,348.2673266849498,398.5297261350822,444.27862249455586,485.91932678715654,523.8207513719019,558.3186798184314,589.7187423038077,618.2991235316271,644.3130274090054,667.9909203340432,689.5425730304378,709.1589190195173,727.0137461953013,743.2652364825315,758.057367271946,771.5211869334554
613,0.36562500000000003,90.78587351998527,162.6711864230472,228.10138019885744,287.6560456243706,341.86277933432336,391.20181449976724,436.11026394879326,476.98598953713423,514.1911258109626,548.0552880193338,578.8784922100174,606.9338131715757,632.4698037536209,655.7126969234578,676.8684100921521,696.1243694541362,713.6511704974661,729.604089386935,744.1244586633462,757.340919331532
614,0.36484375,88.86019418780415,159.21719757786087,223.2558407343841,281.54377410655997,334.59748512914945,382.88702710118224,426.84022617020804,466.8464845399449,503.2602343775642,536.4040793725128,566.5716533600221,594.0302219598221,619.0230505155578,641.7715593338401,662.4772853759303,681.3236677837593,698.477673059254,714.0912742889457,728.30279757205,741.2381474679055
615,0.3640625,86.87627929225364,155.66597725489783,218.27854328731166,275.2686022282489,327.1410286139032,374.355374633064,417.32992950968344,456.44542191578694,492.048391786036,524.4542601459452,553.9501234479433,580.7972970525553,605.2336303653202,627.475614068003,647.7202981334608,666.147037604948,682.9190816005334,698.1850196118032,712.0800979621913,724.7274179763322
616,0.36328125,84.68202342258583,151.73084385513818,212.75838772468518,268.30561834847794,318.8647392916816,364.8837024938757,406.77021794843995,444.895378259846,479.5969502225008,511.18236869455853,539.9314608247491,566.0989253711278,589.916589304421,611.5954617111117,631.3276032480102,649.2878277141241,665.6352508145425,680.5146998321936,694.0579967471169,706.3851260633708
617,0.36250000000000004,82.43106477733099,147.70103729211448,207.1099490590093,261.18403948751956,310.4023482930253,355.20091340343885,395.9766215657248,433.09072096866606,466.87202041936905,497.61980205959617,525.6064727140383,551.0799772291567,574.2659951537395,595.3699401531106,614.5787798879601,632.0626924703474,647.976574165686,662.4614116906699,675.6455313138895,687.6457357200037
618,0.36171875000000003,79.98176027095332,143.30901969549762,200.94920923080213,253.4132698895882,301.1660868107537,344.6307488328709,384.19233614938247,420.2013438717539,452.9767909879639,482.80904809443206,509.96241043134626,534.6774395959476,557.1730948978113,577.6486732631498,596.2855749267643,613.2489105592302,628.6889640668129,642.7425240195405,655.5340955506524,667.1770033634375
619,0.3609375,77.47763611801942,138.82547289384542,194.66445541201327,245.4891931685681,291.7499376152788,333.85652411312674,372.18199001176055,407.0658758203351,438.817232019957,467.7173567093962,494.0222876191143,517.9650704286468,539.757823448151,559.5936168887292,577.6481833854368,594.0814749176847,609.0390799134689,622.6535130863126,635.0453894768307,646.3244930029235
620,0.36015625,74.78838336566162,134.00364835416983,187.90111263959247,236.9585448555007,281.610645584465,322.2530321114664,359.2457807039839,392.91662807691023,423.56387856413403,451.45904827633314,476.84927108212133,499.95948827871786,520.9944415594266,540.1404869591355,557.5672458978918,573.4291079551474,587.8665986871534,601.0076246029763,612.9686063722761,623.8555102114864
621,0.359375,72.04653283268796,129.0940048328492,181.0187929066128,228.2808271617205,271.29879483252444,310.4538019541442,346.0927365976418,378.5313382307924,408.0569936264617,434.9312825583903,459.3922951169075,481.6567410197519,501.9218695658711,520.367217175647,537.1561980125252,552.4375517691802,566.3466614370989,579.0067527312642,590.5299858332876,601.0184490404312
622,0.35859375000000004,69.1339116017664,123.87210053683128,173.6945438017083,219.04289209395014,260.3189814085812,297.8885183954801,332.0843554281582,363.20945023348673,391.53955335617155,417.32565244107127,440.796196327564,462.15911917776253,481.60368276974833,499.30215330078767,515.4113276036187,530.0739223028783,543.4198382165888,555.5673112065001,566.6239597047289,576.6877381223835
623,0.35781250000000003,66.17123947090832,118.56663082627259,166.25709156184155,209.6650367328836,249.17500800576835,285.13703245642216,317.8697102142544,347.66303308528336,374.78095231540533,399.46371664096023,421.93000061911613,442.37884192728626,460.9914047528083,477.93258482897517,493.35247034896634,507.387671691987,520.1625317336571,531.7902274649196,542.3737727043274,552.0069307204423
624,0.35703125,63.053206672149955,112.97684059252369,158.41709092143654,199.77676754406298,237.42236445574227,271.68742299881023,302.8755195279045,331.2629649623212,357.10125597371905,380.61930432564,402.0254653697338,421.5093841523768,439.2436756761132,455.38545422267225,470.0777253326502,483.4506527797228,495.6227117608554,506.7017385259438,516.7858857648777,525.9644921601591
625,0.35625,59.88797915034042,107.3082555971913,150.47036212151292,189.75659435579666,225.51497756560903,258.06230184599576,287.68691512559303,314.6512736711222,339.1942658701645,361.53332822186,381.8663715599886,400.3735343968806,417.2187788776327,432.55134341657487,446.507064896827,459.2095821385032,470.77143128801725,481.2950428401082,490.87364913672695,499.5921103361276
626,0.35546875,56.58375809715489,101.3850413409881,142.16294446580133,179.27895313500062,213.06195982683255,243.8112842130667,271.7993550007364,297.27413276802093,320.46130976251317,341.5663105557454,360.77611243577735,378.26090211084477,394.1755835802429,408.66115054861143,421.84593558727244,433.8467471151266,444.76990426801405,454.7121788360676,463.7616526217552,471.998497774546
627,0.35468750000000004,53.23549018208812,95.3882906397527,133.75593484002974,168.6782419733523,200.46457520690015,229.39653454946014,255.7304379840989,279.6995881257003,301.51633769245404,321.37397039098215,339.44841315615963,355.899794729716,370.87386433977866,384.5032829820908,396.9087987537055,408.20031664376245,418.4778722488736,427.8325180498422,436.3471301047417,444.0971422710334
628,0.35390625000000003,49.76545216336963,89.16817005430478,125.03231661995198,157.67582466946487,187.3879574733697,214.43196765746902,239.04745668869305,261.4525060586872,281.84561213268034,300.40744578561345,317.3024534686951,332.68031429656753,346.6772662315877,359.41731312832184,371.01332337529317,381.5680298729159,391.174940202065,399.9191650609012,407.87817230940595,415.1224732750758
629,0.353125,46.254787399322105,82.88022654038463,116.21685977159893,146.5599347020251,174.17824506925834,199.31646464865042,222.1973012089562,243.0234653410964,261.9794648839114,279.23323910596196,294.9376464055262,309.2318185149623,322.2423931592462,334.08463602111084,344.86346196284836,354.67436454432845,363.60426206138885,371.7322676132456,379.1303900161881,385.8641717529079
630,0.35234375,42.64032598362345,76.40154778471049,107.13082337073494,135.10057258150556,160.558646116236,183.7306065446991,204.82175089149234,224.01893703082553,241.49224165865817,257.39646806328585,271.87251799567196,285.0486401573512,297.04156652219814,307.95754656964954,317.89328863361334,326.9368167124613,335.168250325452,342.6605143415125,349.4799850615706,355.68707826366654
631,0.3515625,38.988909109891594,69.86117958951976,97.96127102904825,123.53803911712289,146.8180509527949,168.00754559322328,187.29424754021136,204.84902559948785,220.82740519285227,235.37094576168013,248.60849475475916,260.65732910948293,271.6241942899661,281.60625001913775,290.69193109277654,298.96173089426503,306.48891454015774,313.3401679903839,319.57618886211765,325.2522241719915
632,0.35078125000000004,35.25230832377146,63.163884991458296,88.5688333604505,111.69238078878375,132.73943736254452,151.89648495712004,169.33325045029335,185.20421607209772,199.64999027876334,212.79855436394436,224.766396675682,235.6595448083266,245.57450505648598,254.59911746091032,262.81333406108797,270.2899272549847,277.09513453544,283.28924533441614,288.9271351604488,294.05875175695445
633,0.35000000000000003,31.482651882865618,56.41141655911935,79.10172041200016,99.75449289213437,118.55267759290135,135.66280733094277,151.2364659722028,165.41162709033944,178.31387483842397,190.05751608167202,200.74659294176337,210.47580451742533,219.33134589646113,227.39167182435426,234.7281918036243,241.40590277496713,247.4839649734538,253.01622607955866,258.05169829110434,262.634992542672
634,0.34921875,27.646948769495573,49.53679626664196,69.46078742947333,87.59556857871269,104.1018458888087,119.12587084771563,132.80075378378288,145.2476488623453,156.5768294107752,166.88866568641757,176.2745144482966,184.81752848986113,192.59339343358013,199.67099831817,206.11304595693707,211.97660848020564,217.31363297683276,222.1714017357841,226.59295114597126,230.6174529700478
635,0.3484375,23.782294256978115,42.613859650771666,59.754483238199,75.35592939602574,89.55639029807926,102.48166579987725,114.24626458118018,124.95441434620192,134.70098372502997,143.57232227853282,151.6470253564049,158.99663037457964,165.6862506287476,171.77515219149637,177.31727901175995,182.3617308619298,186.95319835454973,191.13235890267728,194.9362371089521,198.39853278486163
636,0.34765625,19.871136866205557,35.6042971003223,49.924492976314205,62.95870074012367,74.82243188775915,85.62080586015212,95.4494957866501,104.39558082558595,112.53831931224015,119.94985165693863,126.69583978795926,132.8360490346692,138.42487772071098,143.51183915849188,148.14200035046107,152.356381289333,156.19231838739762,159.68379527795045,162.8617438950607,165.75431851197789
637,0.34687500000000004,15.935311481024122,28.553575358799144,40.03884161346107,50.49277383152661,60.00796076066803,68.66869370654797,76.5517001928712,83.72681947108505,90.25761976506224,96.20196096886689,101.61250710284168,106.53719285521798,111.0196482898183,115.09958541525927,118.81315004737037,122.19324207584074,125.26980695958743,128.07010105532535,130.61893310212974,132.938884018043
638,0.34609375000000003,11.972813067455066,21.452285960882545,30.080397723490655,37.93367172128836,45.08171264506751,51.58785982171154,57.509759344575286,62.89987850621947,67.80597200411296,72.27150563703091,76.33604167775522,80.03558951970982,83.40292480415056,86.46787985057242,89.25760799643234,91.79682419355228,94.10802398469671,96.21168282540089,98.12643748763207,99.86925117307284
639,0.3453125,7.990082786459385,14.317249962345038,20.076348956396618,25.318315737060864,30.08956477937226,34.43235916399866,38.3851722216673,41.98302418349601,45.25779096090615,48.238486066594334,50.951517509129154,53.42092172251703,55.66857654999406,57.71439510224608,59.57650221373274,61.27139505458389,62.81408930766277,64.2182522296318,65.49632374241406,66.6596266519044
640,0.34453125,4.000673149161186,7.168014674087327,10.05084707834002,12.674769101415624,15.06304953262573,17.23685710586427,19.215455490621267,21.01637664832867,22.655577223095914,24.14758042590897,25.50560496215816,26.7416822805274,27.86676326720084,28.8908153218977,29.822910706544675,30.671306954708303,31.443520045497667,32.146391016966625,32.7861465754425,33.3684542655439
641,0.34375,-0.0044068645940155094,-0.007344887507510914,-0.00991936823468876,-0.012236031149929922,-0.014340840712946655,-0.01625949876833854,-0.018010055066430757,-0.019607195965396205,-0.021063835457264753,-0.022391709573258436,-0.02360162718312942,-0.02470359458291355,-0.025706868367926024,-0.026620003113002926,-0.027450888777851744,-0.02820678352577529,-0.028894356016248388,-0.029519712075407243,-0.030088442691797102,-0.030605662829713044
642,0.34296875000000004,-3.9961320027208074,-7.160449491169638,-10.040670136525616,-12.662277605434879,-15.048482430269187,-17.22041695350933,-19.197318677167633,-20.9966990485664,-22.634497847122226,-24.12522398538545,-25.482083820568224,-26.717098025667553,-27.8412079855079,-28.86437267327434,-29.795656837344204,-30.643311274374714,-31.41484590909556,-32.11709629996423,-32.756284197673004,-33.338072658683046
643,0.34218750000000003,-7.998868800928116,-14.331893330879051,-20.09612487991212,-25.34271025049771,-30.11815556953013,-34.46477515483391,-38.4210783123895,-42.022114541666184,-45.29978549019104,-48.283128060101795,-50.99857180285685,-53.470173097071424,-55.71982823736259,-57.7674673873633,-59.63123111035089,-61.32763104632318,-62.87169617320917,-64.2771059209876,-65.55631135862866,-66.72064549028407
644,0.34140625,-11.968299435484546,-21.44476680646964,-30.070283059796303,-37.9212571081478,-45.06723566552677,-51.571521834163114,-57.491735662869665,-62.88032403128161,-67.7850248606489,-72.24928973029552,-76.31266863611869,-80.0111602605568,-83.37753080237371,-86.44160420817387,-89.23052635079358,-91.76900548979681,-94.07953115428613,-96.1825733575279,-98.09676394975703,-99.83906167561142
645,0.340625,-15.944014518408741,-28.568079787543503,-40.058429476483944,-50.51693616540734,-60.036279424366995,-68.70080129759243,-76.58726491205107,-83.76553847506459,-90.29921567152356,-96.24617953756103,-101.65911541230759,-106.58597772505452,-111.07041480594631,-115.1521555482719,-118.86736134367737,-122.24894641262028,-125.3268693825724,-128.12839866879227,-130.67835405281664,-132.99932655612002
646,0.33984375,-19.86667809593218,-35.59686972290475,-49.91450248994048,-62.9464394248628,-74.80813460553927,-85.60467158075842,-95.43169768046856,-104.37627185180092,-112.51763583021928,-119.92791596407564,-126.67276204690339,-132.81192882608434,-138.39980530013514,-143.4858965155241,-148.1152621076323,-152.32891546594024,-156.1641870702503,-159.65505518602924,-162.83244689319872,-165.72451207000066
647,0.33906250000000004,-23.79085957188566,-42.628133471720744,-59.77375896452494,-75.37970636597471,-89.58425729555977,-102.51326151980214,-114.28126270432287,-124.99251699052395,-134.74191801291792,-143.61583806384638,-151.6928934398184,-159.0446409599687,-165.73621187913986,-171.82688887528238,-177.3706312191893,-182.4165527831382,-187.00935713823077,-191.18973356558735,-194.99471753670258,-198.4580188091101
648,0.0,-27.642571867688616,-49.529505844710606,-69.45098224805972,-87.58353602366624,-104.08781676161816,-119.11004055394687,-132.7832922954556,-145.22870624124772,-156.556539382096,-166.86714814833658,-176.25187737633078,-184.79386947001177,-192.56880090183773,-199.64555260416182,-206.08682016877324,-211.94966925559416,-217.28604114209963,-222.14321286052308,-226.56421604645692,-230.58821816012266
649,0.0,-31.491025574887544,-56.42536951864426,-79.1205618396155,-99.77773367700264,-118.57991615441752,-135.69369084803063,-151.2706757506511,-165.44887215133386,-178.35388857225882,-190.10005403878563,-200.79143110182136,-210.52273779316928,-219.38018673236616,-227.44224888160537,-234.78034871189018,-241.45949694253738,-247.53886647495202,-253.07231659267345,-258.1088701207851,-262.6931477209345
