,surface_points,surface_disp_step1,surface_disp_step2,surface_disp_step3,surface_disp_step4,surface_disp_step5,surface_disp_step6,surface_disp_step7,surface_disp_step8,surface_disp_step9,surface_disp_step10,surface_disp_step11,surface_disp_step12,surface_disp_step13,surface_disp_step14,surface_disp_step15,surface_disp_step16,surface_disp_step17,surface_disp_step18,surface_disp_step19,surface_disp_step20,surface_disp_step21,surface_disp_step22,surface_disp_step23,surface_disp_step24,surface_disp_step25,surface_disp_step26,surface_disp_step27,surface_disp_step28,surface_disp_step29,surface_disp_step30,surface_disp_step31,surface_disp_step32,surface_disp_step33,surface_disp_step34,surface_disp_step35,surface_disp_step36,surface_disp_step37,surface_disp_step38,surface_disp_step39,surface_disp_step40
0,0.24921875,65.29511317416537,109.0923451545842,150.71982867471027,190.37293136721257,228.16631039328763,264.19219982308755,298.53445548636273,331.27204510364203,362.48001545315583,392.229851720616,420.5896859171371,447.62446357432106,473.3960950225239,497.96359778037623,521.3832318560911,543.7086286223698,564.9909136442486,585.2788237614498,604.6188186983576,623.0551874584945,640.6301497475371,657.3839526572975,673.3549628321468,688.5797543290104,703.0931923721777,716.9285131947519,730.1174001496116,742.6900562641964,754.6752734052802,766.1004982121444,776.9918949491346,787.374405421557,797.2718060921173,806.7067625287152,815.7008813082746,824.2747594954831,832.4480318097452,840.2394155883611,847.6667536489094,854.7470551489789
1,0.2484375,65.14435428760595,108.84057950970188,150.37215411454807,189.93398327299832,227.64045061970822,263.58357016485274,297.84699816934494,330.509514892295,361.64598932552445,391.32773758489736,419.622730758948,446.5957611555608,472.30859318304346,496.8201053734236,520.1864253412137,542.4610583359399,563.695009765585,583.9369019909078,603.2330856624798,621.6277458562469,639.1630032507362,655.8790105775208,671.8140445656919,687.0045935908129,701.4854412289892,715.2897459073334,728.4491168331712,740.9936863758314,752.9521790667288,764.3519773757317,775.219184414408,785.5786837097263,795.4541961850691,804.8683344790354,813.8426547264033,822.3977059198216,830.5530769652618,838.327441538967,845.738600848629,852.8035243966916
2,0.24765625000000002,64.89257057512053,108.4198045277352,149.7906711966711,189.19933267393787,226.7597384855264,262.56355350213767,296.6941161357342,329.22990691481715,360.2455096643327,389.8119686239915,417.9969955702398,444.8651354757677,470.4779168493124,494.89399324292276,518.1692777156992,540.3570709114658,561.508183127197,581.6710506717686,600.891846786387,619.2145873819105,636.6812318355587,653.3317790779591,669.2043591906111,684.3353207235818,698.7593139334074,712.5093701318368,725.6169773271453,738.112152331249,750.0235094977538,761.3783262483597,772.2026055376807,782.5211353995329,792.3575457110504,801.7343623046305,810.6730585516187,819.194104535869,827.3170139297854,835.0603886801889,842.4419616063519,849.4786370077368
3,0.246875,64.54123134690812,107.83288436758936,148.97991816499803,188.17543564167042,225.5327629963256,261.14306351009697,295.08921983245034,327.44928357256583,358.29743115110927,387.7043189056998,415.73728903738566,442.4605343340115,467.93524766609113,492.2197627040923,515.36968763461,537.438032528179,558.4753307327547,578.5297545903053,597.6472257460209,615.8715203037161,633.2443690683924,649.805553105507,665.592994835708,680.6428448736116,694.9895648094283,708.6660061229817,721.7034854107918,734.1318560984846,745.9795768027097,757.2737764991135,768.0403166455751,778.3038504029614,788.0878790890005,797.4148059945467,806.3059876854637,814.7817829076006,822.86159920685,830.5639373710309,837.9064337953781,844.9059008686372
4,0.24609375,64.08994369951107,107.07881975273094,147.93800442025545,186.85925717957247,223.95511738474738,259.3161155626205,293.02455889834374,325.15795686983535,355.7899705146744,384.99076511520815,412.8272147475958,439.36306588439595,464.65908586901014,488.7732026682527,511.76063766950875,533.6740321715324,554.563567940858,574.4770821295651,593.460176822295,611.5563234645152,628.8069624114752,645.2515978259081,660.9278881418105,675.8717323014935,690.1173519633849,703.6973698688588,716.6428845475451,728.9835415322102,740.7476012462854,751.9620037195152,762.6524302799196,772.8433623633524,782.5581375753264,791.8190031334896,800.6471668131337,809.0628455124049,817.0853115484274,824.7329367903559,832.023234730428,838.972900589353
5,0.24531250000000002,63.54019025282176,106.16036363528247,146.66917147911852,185.256723874941,222.03459089183292,257.09252302994315,290.5121183281946,322.3702185317124,352.7398501677066,381.6905741757348,409.2886886822961,435.5973911853115,460.6769257431056,484.58472151810986,507.37552442603965,529.1015225337259,549.8124655742029,569.5557788721402,588.3766719451337,606.318242030629,623.4215727758132,639.7258283165296,655.2683429606499,670.0847066812819,684.2088466155793,697.6731047557776,710.5083120103612,722.743858804956,734.4077623846118,745.5267309715967,756.1262249256134,766.2305150464925,775.8627381528685,785.0449500641136,793.7981761068462,802.1424592616781,810.0969060604484,817.6797303390431,824.9082949459997,831.7991515023964
6,0.24453125000000003,62.89218100892749,105.07765844663437,145.1732506522173,183.36713222769706,219.76973851267303,254.46990753932238,287.54840781481994,319.081299894795,349.1408678846684,377.7959655171256,405.1122168671216,431.1521768888818,455.9754771095932,479.6389627656568,502.1968231145262,523.7007155587729,544.1998839472145,563.7412713431836,582.36962752274,600.1276114500433,617.0558889648028,633.1932259055573,648.5765768820326,663.241169899865,677.2205870314721,690.5468413178032,703.2504500770668,715.3605047883115,726.9047377098861,737.9095853853376,748.4002491821645,758.4007530020668,767.9339982948362,777.0218165018767,785.6850190494396,793.9434450060633,801.816006513349,809.3207320941013,816.4748079370205,823.2946172524751
7,0.24375000000000002,62.14740275656794,103.8333289592598,143.45416057862167,181.19584280141325,217.1675017005048,251.45692165338232,284.1439130093817,315.303633894662,345.00751071015344,373.3235801310279,400.31668745923923,426.0486452691948,450.5783773823771,473.96205438329747,496.2532223900164,517.5029257088747,537.7598237343374,557.0703023808786,575.4785803067896,593.0268101743476,609.7551751785777,625.7019810657893,640.9037438526541,655.395273446753,669.2097533600987,682.3788166982033,694.9326185987117,706.8999052855029,718.3080798963938,729.1832652352031,739.5503635918725,749.4331137676444,758.8541454358801,767.8350309630076,776.3963348082711,784.5576606154036,792.3376961040692,799.7542558638653,806.8243221488966,813.5640837663276
8,0.24296875,61.30666710864834,102.42865843434407,141.51345551890162,178.7444879298794,214.22940612181853,248.05480791622327,280.2994251775866,311.0374006006307,340.33919570307074,368.2719281617724,394.8995674562425,420.28309135027797,444.4806279066565,467.54758916158045,489.5367981477802,510.49860988657963,530.4810267043758,549.5298081561589,567.6885758121568,584.9989131485223,601.500460770998,617.2310071896443,632.2265753524579,646.5215051360317,660.1485319821286,673.1388618602303,685.522242727709,697.3270326512534,708.5802647455355,719.3077090778222,729.5339316802804,739.2823508051121,748.5752905513351,757.4340319860139,765.8788618769953,773.9291191487561,781.6032391677314,788.9187959585389,795.8925424477724,802.54044882752
9,0.2421875,60.37145585620983,100.86612728211615,139.35470707480812,176.017829103285,210.96150264567734,244.2710047369295,276.02386597944775,306.293097505584,335.14808522247523,362.6549220721809,388.87660073925986,413.873167779529,437.7018634926755,460.41725357495807,482.0713542171586,502.7137512600047,522.3917137580443,541.1503022309684,559.0324718550314,576.0791708321614,592.329434162462,607.8204730350442,622.5877600419943,636.6651104107103,650.0847594406783,662.8774363220721,675.0724345052449,686.6976787823002,697.7797892343655,708.3441421910368,718.414928341597,728.0152081310968,737.1669645681618,745.8911535654645,754.2077519281445,762.1358031000739,769.6934607727354,776.8980304565695,783.7660091100042,790.3131229169104
10,0.24140625,59.343177219109805,99.14815168182226,136.98118287431595,173.01982442540685,207.36827820372844,240.11036791574563,271.3223033751442,301.0758523013711,329.4392192057487,356.4773719065257,382.252230894647,406.8228207952906,430.2454078279881,452.57362919511354,473.85861603311076,494.14911052660574,513.4915775292694,531.9303109648768,549.5075352563377,566.2635020158383,582.2365822176401,597.4633540645933,611.9786867495125,625.8158203031882,639.0064417118446,651.5807574783174,663.5675627930927,674.9943074735879,685.8871588226569,696.2710615502524,706.169794895452,715.6060270796479,724.6013672155905,733.1764147911484,741.3508068410954,749.1432629149454,756.5716279438037,763.6529131043945,770.403334773843,776.8383516644109
11,0.240625,58.22329885495275,97.27705238888922,134.3960854617403,169.75460695687616,203.4548557752361,235.57907584794552,266.20204002853507,295.3941623176407,323.22236034141497,349.7503758238391,375.03896046122856,399.1460245838264,422.1267720640417,444.0338272942184,464.91735584074604,484.82517936554206,503.80288515379715,521.893930517331,539.1397423174151,555.5798118363467,571.2517852155518,586.1915496675879,600.4333156596302,614.0096952567715,626.9517768046312,639.2891961223675,651.0502043691811,662.2617327397695,672.9494541369185,683.1378419624915,692.850226161469,702.108846647397,710.9349042316079,719.3486091728483,727.3692274585065,735.0151249234299,742.3038093073746,749.2519703473979,755.8755179970173,762.1896188596558
12,0.23984375000000002,57.013816908401026,95.25636360406925,131.60437568643812,166.2284361684176,199.22865589356292,230.68556765227558,260.67238934859006,289.2580712548228,316.5081403724102,342.4850141127808,367.2481822179,390.8543522678847,413.35758173906623,434.8094023088012,455.25893797678816,474.753017579178,493.3362820256417,511.0512865219686,527.938598016143,544.0368880918102,559.3830215219335,574.0121406853692,587.9577460395803,601.2517728337127,613.9246642376444,626.0054410544295,637.5217681757434,648.5000179324804,658.9653304855519,668.9416713951654,678.4518865003922,687.5177542346922,696.1600354971821,704.3985211938423,712.2520775575239,719.7386893505304,726.8755010487033,733.678856101312,740.1643343566548,746.3467877390663
13,0.2390625,55.716175855035374,93.08823211977166,128.6088672905553,162.4447912094318,194.69384206332742,225.43472361836453,254.7389899796919,282.67402389050017,309.30386212654,334.68950220478933,358.88908027891085,381.95801341713,403.94912871434724,424.9127848121133,444.89698736502623,463.94749901974535,482.1079442313314,499.41990917495406,515.923036986526,531.6551185518259,546.6521790526216,560.9485604683182,574.5770002222722,587.5687061530464,599.9534279824037,611.7595254438079,623.0140332275148,633.7427228910459,643.970161876862,653.7197697724332,663.0138719415684,671.8737506498474,680.3196938012568,688.3710413976515,696.0462298274497,703.3628340849949,710.3376080172796,716.9865226901987,723.3248029622047,729.3669623491205
14,0.23828125,54.33294745742911,90.77728836873575,125.41618375955167,158.41219432588224,189.8607226695642,219.83851415350298,248.4153433593563,275.6569180109525,301.6256836040886,326.38112231927505,349.9799263754564,372.4761366865992,393.9212687035171,414.364430868622,433.8524371790734,452.4299144071994,470.13940429261845,487.02146095613955,503.1147437620964,518.4561058424206,533.0806784851932,547.0219515808246,560.3118503099661,572.9808082486876,585.057837058255,596.5705929190407,607.5454398606519,618.0075101332698,627.980761758412,637.4880333908916,646.5510966175792,655.1907058127185,663.426645663945,671.2777764778352,678.7620773687175,685.8966874296455,692.6979449798018,699.1814249782013,705.3619746893704,711.2537476826642
15,0.23750000000000002,52.86554410345891,88.32549194465223,122.02873268573151,154.13344930580544,184.73247607283093,213.90049135303752,241.70538934833968,268.21110610746393,293.4784027477423,317.5651565091732,340.5265295740468,362.4151040839169,383.28100465956845,403.17201371398704,422.1336810191559,440.2094280645407,457.44064751580044,473.86679801885543,489.525494571144,504.4525946685488,518.6822804259534,532.2471368598872,545.1782265127878,557.5051605899841,569.256166772456,580.4581538607846,591.1367733984258,601.3164784155027,611.020579427699,620.2712978185466,629.0898167273912,637.4963295596017,645.5100862301447,653.1494372464407,660.4318757314722,667.3740774833949,673.9919391633999,680.3006146992868,686.3145499881283,692.0475159774958
16,0.23671875000000003,51.317097317842155,85.73854096409532,118.45475935467356,149.61928862793062,179.32223495522004,207.63608311126887,234.6267341718596,260.3562482023654,284.8836041956966,308.2649823740232,330.5539279068861,351.80148186189706,372.0563000544662,391.3647649221829,409.7710918358077,427.3174303649545,444.0439607952174,459.98898613278436,475.18901981050146,489.67886929677337,503.49171579872524,516.6591902420104,529.2114457011131,541.177226445911,552.5839337625184,563.4576886990768,573.8233918801164,583.7047805264251,593.1244828109569,602.1040696752297,610.6641042248402,618.8241888171965,626.6030099492755,634.0183810481868,641.0872832625188,647.8259043478664,654.2496757355831,660.3733078696276,666.2108238924313,671.7755917569083
17,0.23593750000000002,49.68897869290372,83.01819574048312,114.69625036522561,144.87182343263643,173.63217293757094,201.04749142940534,227.181594616488,252.09457766608003,275.843551424601,298.48291602263924,320.06451957791467,340.63778511892156,360.24982575737357,378.9455530832259,396.7677801563546,413.7573196011106,429.9530770942022,445.3921404766269,460.10986469838076,474.1399527920639,487.5145330615713,500.2642326630932,512.4182477472445,524.0044103231935,535.0492519980953,545.5780647379461,555.6149587891056,565.1829178932364,574.3038519221643,582.9986470532647,591.2872136003209,599.1885316094321,606.7206943244182,613.9009496212843,620.7457395066581,627.270737770665,633.4908858804928,639.4204271968423,645.0729395916471,650.4613665417561
18,0.23515625,47.98486020861989,80.17118694344798,110.76302196816529,139.90393026212575,167.67816603169052,194.15350657066838,219.39157314692042,243.4503955464245,266.3851226341001,288.2482863040252,309.08995455256127,328.95785391580966,347.8974805944957,365.95220505823414,383.1633714489223,399.5703922673465,415.2108386202547,430.12052624844296,444.33359753581414,457.8825996876283,470.7985592568785,483.11105318928605,494.8482765494369,506.03710708303345,516.7031667629982,526.8708804602934,536.5635318737415,545.8033168468774,554.6113941938809,563.0079341509464,571.0121645640136,578.6424149186026,585.9161583125634,592.8500514678386,599.4599728728468,605.7610591428296,611.7677396814041,617.4937697226957,622.9522618297035,628.1557159210257
19,0.234375,46.20606420544932,77.19906475322875,106.65662752085493,134.7170145932527,161.46136971762178,186.954966866077,211.257149808338,234.42380232351047,256.5080328797421,277.56042910331587,297.62920538649433,316.76032093530637,334.9975868843936,352.38276710579385,368.9556739905248,384.75425967442163,399.81470297880696,414.17149228088255,427.85750450817847,440.9040804396092,453.3410964864022,465.19703311780773,476.49904008863933,487.27299861831244,497.54358066397816,507.33430542366494,516.6675931989512,525.5648167406283,534.0463501950184,542.1316157631109,549.8391281794225,557.1865371124865,564.1906675841105,570.8675584999945,577.2324993799713,583.3000653720098,589.0841506301796,594.5980001330277,599.8542400152536,604.8649064821437
20,0.23359375,44.35678047963579,74.10955089568309,102.38839371880182,129.32601764350804,155.00030545597141,179.4739090995283,202.80379011851093,225.04359024657415,246.244288209556,266.4544436968461,285.7203388457795,304.08609141098145,321.59375747928493,338.2834281589631,354.19332146266606,369.35986983117937,383.8178035540371,397.6002302906917,410.73871087695187,423.2633315905897,435.202773041449,446.5843758436131,457.43420321982063,467.7771006813583,477.63675291997384,487.0357380419978,495.9955792687991,504.53679422190413,512.6789419055918,520.4406674945203,527.8397450289074,534.8931181150123,541.6169387240999,548.0266041787145,554.136792410946,559.9614955734139,565.5140520799296,570.8071771491905,575.8529919214541,580.6630512148471
21,0.2328125,42.4382739671094,70.9039758605004,97.95943110092476,123.7316305609959,148.2951034620739,171.70980276326864,194.03023442159704,215.30772628592808,235.59105701477074,254.92668984056462,273.35890817235327,290.9299240399117,307.6799764905954,323.6474241903653,338.8688334047512,353.3790617935338,367.2113382681859,380.39733910979925,392.9672605262466,404.94988781643207,416.37266130090626,427.2617391704144,437.6420573967025,447.5373868431091,456.9703877059604,465.9626614116406,474.5348000883315,482.70643372583766,490.49627513159015,497.9221627858651,505.0011016944167,511.74930233213746,518.1822177669686,524.3145790491164,530.1604289466462,535.7331541047356,541.0455157022564,546.1096786759044,550.9372395788257,555.5392531375372
22,0.23203125000000002,40.4552264488807,67.59100482273618,93.38250697458963,117.95076712088716,141.36681645433197,163.68779529772397,184.9656542850041,205.24931637837878,224.5852758638073,243.01782083935817,260.58916223857256,277.3395370339711,293.30730190873436,308.52902143477843,323.0395518687501,336.87212097332053,350.0584040970259,362.6285966982445,374.6114834816432,386.034504305598,396.92381701130665,407.3043573172365,417.1998959158434,426.6330929031598,435.62554966575664,444.19785834380036,452.36964898338897,460.1596344860798,467.5856534584865,474.6647110600286,481.41301794233334,487.8460273694323,493.9784706037311,499.8243906387626,505.3971743559545,510.70958317903234,515.7737822962434,520.6013685173073,525.2033968288781,529.5904057093157
23,0.23125,38.40883765759674,64.17174037861712,88.65828221343017,111.9833998813805,134.21454858055603,155.4059906271327,175.60705811807466,194.86420651875784,213.2215839414021,230.72124276332454,247.40326238840726,263.30584741897036,278.465416727975,292.9166872813738,306.6927537760216,319.82516448658026,332.34399354738366,344.27790984860627,355.65424270880067,366.49904447592064,376.8371502011384,386.6922345227492,396.0868658908737,405.04255825749584,413.57982035047115,421.71820264456306,429.4763421372383,436.8720050318999,443.9221274264072,450.64285410016,457.04957548863524,463.15696293011547,468.9790022653736,474.5290258672992,479.819743173855,484.86326979430834,489.6711552554217,494.25440945116065,498.62352785651063,502.788515563154
24,0.23046875,36.30425249432376,60.65573772874474,83.80088602201826,105.84831089632988,126.86175401999384,146.89249180618262,165.98714368551245,184.18961222241077,201.54162061022404,218.08291230484744,233.85136679158632,248.88309218654052,263.21250928753085,276.87243069737156,289.8941360162919,302.3074434686423,314.1407781729039,325.42123722133834,336.174651720194,346.425645932599,356.19769365931546,365.5131719861979,374.39341252119584,382.8587502380593,390.92857003845165,398.6213511389828,405.9547093847177,412.9454375859843,419.60954397078854,425.9622888408489,432.0182195151441,437.7912036409666,443.2944609487313,448.54059352323463,453.5416146606669,458.30897637743783,462.8535956338008,467.1858793323087,471.31574814834363,475.2526592472754
25,0.22968750000000002,34.14259809167579,57.04386477800985,78.81052553419471,99.54475430321283,119.30651637615317,138.1440488810349,156.1012059059873,173.21928411950088,189.5375288997139,205.09332250193074,219.92229322201888,234.05840269076558,247.53402507227506,260.38002159085124,272.6258113348621,284.2994386882468,295.42763759116025,306.0358927896185,316.1484982185166,325.7886126534688,334.9783127599199,343.73864366169727,352.08966714529606,360.05050761067713,367.6393958740982,374.87371092352333,381.77001972241777,388.34411515323006,394.61105218757353,400.5851823660376,406.280186666669,411.70910683746155,416.8843752646597,421.81784344532537,426.5208091294064,431.0040421934999,435.2778093055864,439.35189743724305,443.23563627720205,446.9379195975941
26,0.22890625000000003,31.929450750741246,53.34650784156293,73.70260474048425,93.09326463694975,111.57454668630376,129.19154725595354,145.9852671488986,161.9943178578784,177.25539424626533,191.8034500961592,205.67179990500608,218.89220031394174,231.49492401976198,243.50882935557135,254.9614264160438,265.87894004794043,276.2863698893785,286.20754760391856,295.6651914420301,304.6809582548223,313.27549307883373,321.4684764051306,329.27866924069906,336.72395606513135,343.82138578081793,350.5872107502967,357.0369240100569,363.18529474593674,369.04640211128566,374.63366746528624,379.9598851052097,385.0372515629521,389.87739353290334,394.4913944950809,398.889820094471,403.0827423346787,407.07976264127285,410.89003384762515,414.5222811535829,417.9848221049565
27,0.22812500000000002,29.665858054946796,49.5642947820266,68.47687575787232,86.49238221277079,103.66291982485264,120.030403136046,135.6329378506091,150.50640723245334,164.6849119648286,178.20093370699138,191.08542998650256,203.36791007786894,215.07650383885013,226.23802648239084,236.87804010990902,247.0209123116676,256.6898720100113,265.90706268486366,274.69359310727424,283.069585698965,291.0542226296689,298.6657897585587,305.92171852091855,312.83862585640094,319.4323522706209,325.7179981175028,331.70995818567127,337.42195466824904,342.86706859169595,348.0577697757714,353.0059453933128,357.7229271953117,362.21951746368933,366.5060137512584,370.5922324655676,374.48753135067267,378.20083091835033,381.7406348778552,385.1150496110322,388.3318027373982
28,0.22734375,27.357793325652477,45.708378994012314,63.14992239211,79.76426744442274,95.59944516999151,110.69409385635761,125.0833428953192,138.80027465523577,151.87632943347015,164.3414558366368,176.22419797936698,187.55176523757936,198.35009556580184,208.64391510620848,218.45679483903632,227.8112045485551,236.7285642614359,245.22929328240656,253.33285694058878,261.05781115338385,268.4218449095906,275.44182076871493,282.1338134689323,288.5131467319133,294.59442834862256,300.39158362630616,305.9178872731555,311.1859937935769,316.2079664636012,320.9953049527323,325.5589716554367,329.9094167925393,334.0566023399679,338.01002483962014,341.7787371445643,345.3713691483491,348.7961475458774,352.06091467107797,355.1731464545055,358.1399695419747
29,0.2265625,25.006218138402232,41.779144426900004,57.72104327161853,72.90675582434292,87.38020690141373,101.17673004157936,114.32844763088912,126.86560829642094,138.8169577844842,150.20987689805662,161.07046153294044,171.42358667287138,181.29296443933652,190.70119870921616,199.66983699812226,208.21941986834383,216.36952801038473,224.13882711615742,231.5451106502733,238.60534061914,245.33568643232323,251.7515619459382,257.8676607734627,263.6979899452821,269.2559019943832,274.5541255419478,279.6047944531008,284.41947562975514,289.0091955043395,293.3844652951972,297.55530508158296,301.53126675347295,305.321455888805,308.93455260830524,312.378831455706,315.6621803489184,318.79211864559363,321.77581436446815,324.62010060196076,327.3314911816295
30,0.22578125,22.617466007313865,37.78844279037388,52.20789977269651,65.94349701878278,79.03494128416682,91.51417455863306,103.41023823839659,114.7504816036347,125.5608965458126,135.8662418529402,145.69011527287523,155.0550111614679,163.98237281486297,172.49264173941484,180.60530447799144,188.33893721867872,195.71124831511386,202.73911882138768,209.4386411350468,215.82515583638255,221.9132868079558,227.71697471442477,233.249508919048,238.523557909734,243.55119830413253,248.34394250004766,252.91276503438272,257.2681277108843,261.420003554156,265.3778996447365,269.15087888748036,272.7475807630546,276.1762411100306,279.44471098284777,282.5604746288065,285.5306666252357,288.36208821606283,291.06122288517724,293.63425120224304,296.08706497493796
31,0.225,20.192406571615464,33.73641175339515,46.60934135938933,58.87163504229479,70.55876594556355,81.69926876174891,92.31908451349963,102.44264069821554,112.09315089818045,121.29272624833771,130.062440122855,138.42237985215,146.39169362832277,153.98863463177102,161.2306029447012,168.13418546203093,174.7151939209541,180.98870114517445,186.9690755902382,192.67001427082832,198.1045741465559,203.28520203892955,208.22376314860736,212.93156823870663,217.41939954678043,221.69753548508479,225.77577418593128,229.6634559462265,233.3694846227449,236.90234802725735,240.27013736831512,243.48056578430118,246.5409860102535,249.45840721898125,252.23951107508674,254.89066703869923,257.4179469540042,259.82713895600097,262.12376072737044,264.313072135824
32,0.22421875000000002,17.737694489962237,29.635528270989813,40.94399809028545,51.716163005578494,61.98316070354526,71.77003994322517,81.09957507538547,89.99321367461452,98.47133897782552,106.55336730826252,114.2578045590464,121.60229138077482,128.60364420615738,135.27789387704394,141.64032235791615,147.7054977122989,153.4873074429059,158.99899027587858,164.2531664622056,169.2618666652894,174.03655950035326,178.588177788374,182.92714358434912,187.0633920369843,191.00639413425014,194.7651783867483,198.3483514984236,201.76411807186415,205.0202993932329,208.12435133979045,211.08338145095718,213.90416520197073,216.5931615173626,219.15652755975265,221.6001328278,223.92957259557187,226.15018072409,228.26704187437025,230.2850031499187,232.20868519532314
33,0.2234375,15.25410210365049,25.485682882924024,35.21027735848924,44.47355105339905,53.30230673449231,61.71810432225952,69.74054354091817,77.38808015454569,84.67825246194589,91.62776560752802,98.25254051946528,104.56775302978505,110.58786934622823,116.32667941578231,121.79732860995466,127.01234789256814,131.98368256288828,136.72271964743925,141.24031400639493,145.54681321606307,149.6520812856016,153.56552126311882,157.29609678354467,160.85235260811262,164.2424342028613,167.47410640129152,170.5547711941575,173.4914846873225,176.290973266669,178.95964900721316,181.50362436181155,183.92872616319033,186.24050897143152,188.44426779754605,190.5450502323219,192.54766800826684,194.4567080211621,196.276542836493,198.0113407048539,199.665075109276
34,0.22265625,12.748564187690219,21.29990086499017,29.427663044374714,37.16998165006821,44.54923332569733,51.58341916562803,58.288906063734274,64.68110765758611,70.77467286011088,76.58355582169705,82.12105648574342,87.39985303711738,92.43203136619312,97.22911281484461,101.80208055077385,106.16140469598788,110.31706628120423,114.27858008346526,118.05501639915707,121.65502180175224,125.08683893130947,128.35832536064692,131.47697158106575,134.44991814857286,137.28397202966948,139.9856221839838,142.5610544193107,145.0161655529759,147.35657691187185,149.58764720201793,151.71448477705633,153.74195933373747,155.67471306113524,157.51717126909483,159.27355252022298,160.94787828860038,162.5439821673158,164.0655186458857,165.51597147765338,166.8986616563062
35,0.22187500000000002,10.22175102370496,17.0778263026183,23.594130289056686,29.80127283329565,35.717221077591496,41.35642724629321,46.73202892637002,51.85639636265416,56.74128444102519,61.397889322587474,65.83688133170301,70.06843123795737,74.10223407575043,77.94753153905008,81.61313324307734,85.10743696300071,88.4384479134146,91.61379711885785,94.64075892030884,97.5262676594507,100.27693358009131,102.89905798401942,105.39864767664666,107.78142873602773,110.0528596371797,112.21814376206734,114.28224132415275,116.24988073501677,118.12556943924389,119.91360424252079,121.61808115670449,123.24290478450334,124.79179726533309,126.26830680290263,127.67581579411006,129.01754857791087,130.29657882194397,131.5158365638606,132.67811492351757,133.78607650142175
36,0.22109375000000003,7.68083474786491,12.832952487209447,17.729896670091367,22.394634997403912,26.840645110276203,31.07876945566857,35.11886656321871,38.970221103277225,42.641657349365985,46.14158124704011,49.47800479140219,52.65856553636312,55.69054431642801,58.580881940590416,61.33619506489074,63.96279131803386,66.46668372236692,68.85360444406814,71.12901790352718,73.2981332752854,75.36591640561944,77.33710117463902,79.21620032857889,81.00751580684457,82.71514858725519,84.34300807187165,85.89482103477646,87.37414015219304,88.78435213439346,90.1286854779514,91.41021785603158,92.63188316359744,93.79647823362588,94.90666923968064,95.96499779947484,96.97388679337742,97.93564591116812,98.85247693972113,99.72647880371893,100.55965237091812
37,0.22031250000000002,5.126379449612157,8.564679244189826,11.832517560533308,14.945259856236605,17.911926875567847,20.739774043966126,23.43539581356038,26.005000643264722,28.454487533254014,30.789474633271066,33.01531587776823,35.13711426771211,37.159733891049946,39.087811210612855,40.9257657711276,42.677810384031005,44.347960824435866,45.940045067091084,47.45771208504796,48.90444023284196,50.283545234579094,51.59818779610738,52.851380859366664,54.045996516057244,55.18477259686065,56.27031895162518,57.30512343515513,58.29155761251888,59.23188219710806,60.128252234043714,60.98272204090826,61.797249917217805,62.57370263349461,63.313859710289826,64.01941749700995,64.69199305993611,65.33312788838215,65.9442914275086,66.52688444592211,67.08224224578788
38,0.21953125,2.565750407673462,4.2868846899418145,5.922819587033741,7.481217972999463,8.966575392332283,10.382508797296547,11.732307572180504,13.019070177035145,14.245741841396107,15.415128480535229,16.529904744644266,17.592620468617497,18.60570654232445,19.571480449482085,20.492151540583798,21.369826062403064,22.20651195663371,23.00412343787856,23.76448536056135,24.489337383998322,25.180337944589976,25.839068043791976,26.46703486019107,27.065675193703896,27.636358749575393,28.180391269534937,28.699017517150853,29.193424124113882,29.66474230388042,30.114050438823288,30.542376546751264,30.950700632402445,31.339956929251446,31.711036036733812,32.06478695775074,32.402019041096246,32.72350383323557,33.029976843652165,33.32213922779946,33.60065939148806
39,0.21875,-0.0005979584903166846,-0.0012719098374131732,-0.002046573476325041,-0.0028956176484845673,-0.0038003119610192943,-0.004746761994533981,-0.0057243074503373625,-0.006724552546056906,-0.007740752109446455,-0.008767405520960078,-0.009799977024667205,-0.010834695971393546,-0.011868409586840652,-0.012898471512483602,-0.013922655479501818,-0.014939087166773073,-0.01594618953280664,-0.016942638356562942,-0.01792732564676212,-0.018899329228574437,-0.019857887240125834,-0.02080237657730222,-0.021732294561367778,-0.02264724324735409,-0.023546915926127093,-0.024431085458459078,-0.025299594150270215,-0.02615234493318126,-0.026989293658406844,-0.027810442340457354,-0.028615833222796164,-0.029405543549289336,-0.030179680952319425,-0.030938379374471636,-0.03168179545903892,-0.03241010535052299,-0.033123501854520454,-0.03382219191906526,-0.034506394391954055,-0.0351763380315002
40,0.21796875,-2.5651526369891706,-4.285613176987514,-5.920773648330641,-7.478323247976283,-8.962776244592591,-10.377763480323958,-11.72658499637922,-13.012347646043477,-14.238003402087008,-15.40636367892232,-16.520107661376787,-17.581788954153435,-18.593841599263346,-19.558585726324658,-20.47823291177215,-21.354891276476287,-22.190570339025477,-22.9871856381626,-23.746563136264864,-24.47044341481989,-25.160485672115858,-25.818271532751368,-26.445308678045357,-27.043034305919736,-27.612818428392533,-28.15596701439812,-28.673724985263988,-29.167279069811368,-29.637760525706813,-30.086247733364445,-30.513768668403284,-30.92130325836568,-31.309785629139487,-31.680106246259015,-32.03311395602028,-32.36961793110861,-32.69038952521381,-32.996164040903565,-33.287642414810115,-33.56549282401278
41,0.2171875,-5.127571679989702,-8.567215222132821,-11.83659808969638,-14.951033239099495,-17.919504069302487,-20.749238302568656,-23.44680913615349,-26.018408289169084,-28.469921313032234,-30.806955390160145,-33.034855411458246,-35.158716859842734,-37.18339753715083,-39.11352862981303,-40.953525243744885,-42.70759645329751,-44.3797548892245,-45.973825885997606,-47.49345620751743,-48.94212236965591,-50.32313857749303,-51.63966429451077,-52.89471146039123,-54.091151373398645,-55.23172125268765,-56.3190304952288,-57.35556664141083,-58.343701062764005,-59.28569438465487,-60.18370165622123,-61.03977727927208,-61.85587970733521,-62.633875925534056,-63.37554572147926,-64.08258575689808,-64.7566134492748,-65.39917067234555,-66.01172728389115,-66.59568448886442,-67.15237804553678
42,0.21640625000000002,-7.68024066265478,-12.831688813585131,-17.727863345312702,-22.39175811934517,-26.836869385543473,-31.074053395110806,-35.113179268901284,-38.9635400187524,-42.63396661984677,-46.132870482976834,-49.46826810992429,-52.647800801167904,-55.67875252392169,-58.568066716768996,-61.32236224796942,-63.94794860877192,-66.45084038869759,-68.8367710699024,-71.11120617389999,-73.27935579171879,-75.34618652682708,-77.31643287863675,-79.1946080930162,-80.98501450492329,-82.6917533970597,-84.31873439729118,-85.8696844364874,-87.34815628740401,-88.75753670425107,-90.10105418165594,-91.38178635085406,-92.6026670300892,-93.76649294541504,-94.87593013731966,-95.93352006787661,-96.94168544243192,-97.9027357591784,-98.81887259934999,-99.69219467015714,-100.5247026120351
43,0.215625,-10.222932217001103,-17.080338803711104,-23.598173042641935,-29.80699276892012,-35.72472812521611,-41.3658038891639,-46.74333658962589,-51.869679886601276,-56.756575341714424,-61.41520825027553,-65.85623997682208,-70.08983384248971,-74.12567865376418,-77.97301087706133,-81.64063572988579,-85.13694728491866,-88.46994764150644,-91.64726520835538,-94.67617213774656,-97.56360094972291,-100.31616038313057,-102.94015050889513,-105.44157713945037,-107.8261655667616,-110.09937365998141,-112.26640435239037,-114.33221754594668,-116.30154146048551,-118.17888345338189,-119.9685403343024,-121.67460819855164,-123.30099180142396,-124.85141349494994,-126.32942174742587,-127.73839926517925,-129.08157073511742,-130.36201020574288,-131.58264812350706,-132.74627804057334,-133.8555630093322
44,0.21484375,-12.747977450705708,-21.298652821693118,-29.425654869675107,-37.167140355905005,-44.54550430256695,-51.57876143752336,-58.283289114861375,-64.67450921046257,-70.76707725602347,-76.57495279957224,-82.11144023544617,-87.38922144874196,-92.42038542379726,-97.21645609955361,-101.78841882857247,-106.14674557237036,-110.30141890945744,-114.26195491657946,-118.03742497762964,-121.63647657123411,-125.06735308528009,-128.33791270422995,-131.45564641284068,-134.4276951577807,-137.26086620666425,-139.96164874213295,-142.53622872683079,-144.99050307342264,-147.33009315219644,-149.56035766725003,-151.68640493081546,-153.71310456387292,-155.6450986498959,-157.4868123673002,-159.24246412497808,-160.91607522415217,-162.51147906869392,-164.03232994502315,-165.4821113917006,-166.86414417790374
45,0.21406250000000002,-15.25526497743453,-25.488156416791245,-35.214257411607875,-44.47918227650137,-53.3096973525591,-61.727335539234055,-69.751675829233,-77.40115765902027,-84.6933062097961,-91.64481592869892,-98.27159892304128,-104.58882369192436,-110.61095031176941,-116.35176358309155,-121.82440454789135,-127.04140052493133,-132.01469374654826,-136.7556686640073,-141.2751779827337,-145.58356748565075,-149.69069970029875,-153.60597646301537,-157.33836043115573,-160.89639559205796,-164.28822681529468,-167.52161849264323,-170.6039723081866,-173.54234417901762,-176.3434604051629,-179.01373306555777,-181.55927469521265,-183.98591227707405,-186.29920058054148,-188.50443487710993,-190.6066630621979,-192.61069721086866,-194.52112459385972,-196.3423181791164,-198.07844664283442,-199.7334839129198
46,0.21328125000000003,-17.73711871865119,-29.63430355265187,-40.942027446761834,-51.71337481285648,-61.97950137268296,-71.76546926397434,-81.0940631022163,-89.98673854634134,-98.46388532833373,-106.54492506820206,-114.24836802682454,-121.59185848587776,-128.59221591421527,-135.265473702222,-141.62691595841048,-147.69111255144068,-153.47195250289656,-158.98267581433694,-164.23590380393708,-169.2436680233404,-174.01743782162603,-178.56814661998723,-182.90621695765793,-187.041584366707,-190.9837201305932,-194.74165297876553,-198.32398976712582,-201.73893519182113,-204.99431058160033,-208.0975718118392,-211.05582638132304,-213.87584969093595,-216.56410056158293,-219.12673602691117,-221.56962543473804,-223.89836388950383,-226.11828506654854,-228.23447342758726,-230.25177586535702,-232.1748128041315
47,0.21250000000000002,-20.193543956403378,-33.73883106990846,-46.61323417372331,-58.87714283453534,-70.5659945684539,-81.70829763926461,-92.32997279251741,-102.45543155588413,-112.10787468157119,-121.30940284172766,-130.08108078300873,-138.44298866364093,-146.41426867880202,-154.0131689752283,-161.25708540052327,-168.16260128444586,-174.74552536449028,-181.02092794555384,-187.00317537566886,-192.70596291544766,-198.14234607536352,-203.32477049171928,-208.26510040902915,-212.97464583348142,-217.4641884192398,-221.74400614652177,-225.82389684769157,-229.71320063502486,-233.42082128132378,-236.9552466021938,-240.32456788654028,-243.5364984196744,-246.59839114136437,-249.51725547919426,-252.29977339571974,-254.9523146861172,-257.48095156130944,-259.8914725499341,-262.18939575094436,-264.3799814671746
48,0.21171875,-22.61690475151693,-37.78724894782094,-52.205978810054155,-65.94077911766043,-79.0313742065636,-91.50971910795329,-103.40486522398223,-114.74416971536161,-125.55363080488559,-135.85801244379806,-145.68091663760495,-155.0448412816997,-163.9712326318339,-172.4805346786535,-180.59223605501148,-188.3249147086268,-195.69628047372157,-202.72321564765608,-209.4218136682649,-215.80741598169266,-221.89464718586015,-227.6974485305148,-233.22910985094796,-238.50230000877025,-243.52909590967332,-248.3210101647946,-252.88901745916564,-257.24357968773563,-261.39466991662226,-265.3517952245284,-269.12401847669923,-272.71997908132334,-276.14791277595896,-279.4156704893246,-282.53073632168207,-285.5002446850092,-288.3309966422333,-291.0294754829668,-293.60186157141806,-296.0540465005043
49,0.2109375,-25.007323021857157,-41.781494610197896,-57.72482484670463,-72.91210622837289,-87.38722896226166,-101.18550091356195,-114.33902477065061,-126.87803364722106,-138.83126082613379,-150.22607694655576,-161.08856952331752,-171.44360657291892,-181.31489439129635,-190.7250319655154,-199.69556269759818,-208.2470236865583,-216.39899270892522,-224.17013300978755,-231.57823600647293,-238.64026200144752,-245.37237899655497,-251.78999969657764,-257.90781678617657,-263.73983656044174,-269.29941098564535,-274.5992682632793,-279.6515419670952,-284.46779881965375,-289.0590651718126,-293.4358522456419,-297.6081801984555,-301.5856010629605,-305.37722061597515,-308.99171922572083,-312.437371725369,-315.722066358304,-318.85332283843434,-321.838309566886,-324.6838600444546,-327.39648851738644
50,0.21015625,-27.357250045717425,-45.70722338771075,-63.14806295375491,-79.76163659168722,-95.59599233786612,-110.68978110354338,-125.07814196598343,-138.79416492168303,-151.8692963965577,-164.3334899950926,-176.2152939532097,-187.54192107301353,-198.33931217385637,-208.63219580264516,-218.4441449626722,-227.79763114149097,-236.71407579894537,-245.21389944322098,-253.31656841041666,-261.040639456062,-268.403802261411,-275.42291995232506,-282.11406772389967,-288.4925696595434,-294.57303382904155,-300.36938574614453,-305.8949002624311,-311.162231970592,-316.18344418684455,-320.9700365789178,-325.53297150293866,-329.88269910957644,-334.0291812769814,-337.9819144253577,-341.74995126544445,-345.34192153073514,-348.7660517409295,-352.0301840419012,-355.14179416532886,-358.10800854914424
51,0.209375,-29.66692362511574,-49.566561342480284,-68.48052277907891,-86.49754224159786,-103.66969203032279,-120.03886192711913,-135.6431386394411,-150.51839046980407,-164.69870608147906,-178.2165573315594,-191.10289366484753,-203.38721763652617,-215.09765348609378,-226.26101171067572,-236.90285044447626,-247.04753393772023,-256.71828830247017,-265.93725465889537,-274.72553980361505,-283.1032645150461,-291.0896096052949,-298.7028598231739,-305.96044570820504,-312.8789834909137,-319.4743131303691,-325.7615345757434,-331.7550423346588,-337.4685584272703,-342.91516380137193,-348.1073282803193,-353.0569391122331,-357.7753281857586,-362.2732979746219,-366.5611462703253,-370.6486897595581,-374.5452865002686,-378.2598573478146,-381.8009063802336,-385.1765403693587,-388.3944873423539
52,0.20859375000000002,-31.92892879619036,-53.345397596242925,-73.70081829050925,-93.09073705271199,-111.5712293875209,-129.1874037905283,-145.98027037001347,-161.98844794742675,-177.2486372741322,-191.79579693392463,-205.66324538377484,-218.882742556525,-231.48456390135152,-243.49757006170853,-254.94927307592434,-265.8658994271946,-276.2724501305629,-286.1927580058174,-295.6495422708867,-304.6644605821179,-313.25815864133125,-321.45031748372475,-329.25969855527535,-336.7041866831199,-343.8008310375301,-350.56588417944675,-357.01483928312234,-363.16246561921696,-369.02284237969235,-374.60939092202784,-379.9349055066622,-385.01158259809085,-389.85104879676555,-394.4643874657874,-398.86216411340064,-403.05445058943815,-407.0508481511422,-410.86050945121053,-414.49215949842073,-417.9541156388591
53,0.2078125,-34.14361777898583,-57.046033741554474,-78.81401551646161,-99.54969214357405,-119.31299697335531,-138.15214343990937,-156.11096745255048,-173.23075136260357,-189.55072904580553,-205.10827337737948,-219.93900491848154,-234.0768788699148,-247.5542640194516,-260.40201707864816,-272.64955333949547,-284.32491398972576,-295.45483028023165,-306.0647846988952,-316.17906929120846,-325.8208412602497,-335.01217597230465,-343.7741174886594,-352.1267267386251,-360.0891274435767,-367.67954989676565,-374.9153726988371,-381.81316254435814,-388.3887121502613,-394.6570764128843,-400.63260687626047,-406.32898459048045,-411.75925143526564,-416.935839980408,-421.87060195138105,-426.57483536525484,-431.0593103990025,-435.33429404939096,-439.40957364090036,-443.2944792354571,-446.997904995286
54,0.20703125,-36.30375508320374,-60.654679689474285,-83.79918357452277,-105.84590216402144,-126.85859270681625,-146.88854317396363,-165.98238186380237,-184.18401832485992,-201.53518136161267,-218.07561900587143,-233.8432145162897,-248.87407914590102,-263.20263631549466,-276.86170082960916,-289.88255414074484,-302.2950160327504,-314.1275129362984,-325.4071430455216,-336.15973838864596,-346.40992399618335,-356.18117430290425,-365.49586691321707,-374.37533385342795,-382.839910428496,-390.9089817953757,-398.6010273597561,-405.9336630979923,-412.92368190124944,-419.5870920343336,-425.93915379734307,-431.994414474158,-437.7667416478414,-443.2693549592883,-448.5148563818774,-453.5152590814871,-458.28201492798576,-462.82604072121484,-467.15774319154855,-471.2870428322826,-475.2233966184536
55,0.20625000000000002,-38.40980517535931,-64.17379837290703,-88.66159363989702,-111.98808508988188,-134.22069761446588,-155.41367104813642,-175.61632023910968,-194.8750870680959,-213.23410873340777,-230.73542871219493,-247.41911906936335,-263.323378306233,-278.48462019451074,-292.93755741829665,-306.7152810723132,-319.84933639855404,-332.3697949796915,-344.3053235633103,-355.68324967523796,-366.52962417135717,-376.86928087015974,-386.7258934017709,-396.1220294029915,-405.07920218194494,-413.6179199702455,-421.75773287515983,-429.5172776390196,-436.9143203081836,-443.9657969090911,-450.6878522244127,-457.0958767579853,-463.20454197308186,-469.0278338846327,-474.57908508225495,-479.8710052573663,-484.9157103042426,-489.72475006161085,-494.30913475828385,-498.67936022334675,-502.8454319186169
56,0.20546875000000003,-40.45475664792066,-67.59000551271755,-93.38089902577312,-117.94849209118242,-141.36383061732536,-163.6840658433248,-184.96115677861349,-205.24403298182781,-224.5791940386009,-243.01093236892615,-260.5814624702535,-277.3310242779252,-293.2979769525086,-308.5188871454452,-323.0286128628518,-336.8603833403476,-350.04587516583734,-362.61528483842136,-374.59739793358005,-386.0196550344891,-396.9082145811737,-407.28801278188115,-417.18282072421124,-426.61529881702904,-435.60704868803356,-444.1786626559815,-452.3497708909788,-460.139086370938,-467.564447737234,-474.6428601477597,-481.3905342209942,-487.8229231603071,-493.95475814355484,-499.80008205903766,-505.3722816651053,-510.68411824707596,-515.7477568416889,-520.5747940960418,-525.1762848248087,-529.5627673265794
57,0.20468750000000002,-42.43918335028367,-70.90591019736004,-97.96254355559776,-123.73603425181646,-148.3008830218815,-171.7170216940466,-194.03894001299062,-215.31795305917132,-235.60282923297234,-254.94002340145286,-273.3738120756639,-290.94640155098006,-307.6980260800324,-323.66704030422534,-338.8900071034106,-353.40178128693776,-367.2355893679531,-380.4231056137133,-392.99452454709814,-404.9786300646067,-416.4028613281884,-427.29337558100656,-437.67510803036686,-447.5718289344432,-457.0061980231464,-465.9998163774523,-474.57327588574367,-482.74620639022265,-490.53732063119537,-497.9644570920162,-505.04462084269477,-511.7940224756056,-518.2281152223851,-524.3616303369449,-530.2086108255771,-535.7824436013427,-541.0958901363326,-546.1611156819699,-550.9897171242226,-555.5927495375007
58,0.20390625,-44.356341185344746,-74.10861647604061,-102.3868901822574,-129.32389034277173,-154.99751350384534,-179.47042181627236,-202.79958465600774,-225.03864992479666,-246.23860130402102,-266.4480025243592,-285.71313905564375,-304.0781314229442,-321.58503802962576,-338.2739519284686,-354.1830927680074,-369.3488943663459,-383.806088171924,-397.5877828173523,-410.7255399527216,-423.2494465335522,-435.1881837296433,-446.5690926130663,-457.4182367760556,-467.7604620224267,-477.61945326940594,-487.0177887903253,-495.97699192251565,-504.5175803589059,-512.6591131362841,-520.4202354278844,-527.8187212429324,-534.8715141309666,-541.5947659841949,-548.0038740267629,-554.1135160756753,-559.9376841541326,-565.4897165342751,-570.7823282827379,-575.8276403789646,-580.6372074729842
59,0.203125,-46.20690984740825,-77.20086350686461,-106.65952181445819,-134.72110961621013,-161.46674417043454,-186.96167979949942,-211.26524519715034,-234.433312269057,-256.5189799442689,-277.57282807005174,-297.64306462418796,-316.77564348026215,-335.01437131428344,-352.4010082558431,-368.97536354761075,-384.7753866748028,-399.83725422853814,-414.19545271335585,-427.88285748991495,-440.93080803303826,-453.36917967657587,-465.2264520086276,-476.5297740731602,-487.30502652685266,-497.5768808931424,-507.3688560488684,-516.7033720726254,-525.6018015779543,-534.0845186487626,-542.1709454889061,-549.8795968926564,-557.2281226377975,-564.2333478983596,-570.9113117694708,-577.2773039924934,-583.3458999645034,-589.1309941122364,-594.6458317069057,-599.9030391927026,-604.9146530984215
60,0.20234375,-47.98445412939596,-80.17032317519894,-110.76163211370306,-139.90196380586804,-167.6755851777248,-194.15028295874038,-219.3876856562443,-243.44582875793614,-266.3798657095974,-288.24233214104305,-309.0832991291759,-328.95049577108466,-347.8894204088914,-365.94344530971284,-383.1539161276605,-399.5602466367191,-415.2000090149361,-430.1090199027039,-444.32142243665595,-457.869764448573,-470.7850730090801,-483.0969254872717,-494.8335172893051,-506.0217264313041,-516.6871750946322,-526.8542883046341,-536.5463498673346,-545.7855556922791,-554.5930646237036,-562.9890468964913,-570.9927303279359,-578.6224443511289,-585.8956619908427,-592.829039878062,-599.4384563948234,-605.739048036734,-611.7452440764515,-617.4707996075356,-622.9288270443295,-628.1318261500419
61,0.2015625,-49.68975537998051,-83.01984782098161,-114.69890865347179,-144.87558454053095,-173.6371091480481,-201.05365697790762,-227.18902989179537,-252.10331215171493,-275.85360584282677,-298.49430395102587,-320.07724870261313,-340.6518582284716,-360.265241545265,-378.96230680568704,-396.78586417800705,-413.77672385211366,-429.9737894563852,-445.41414711187616,-460.1331503294947,-474.16450094410516,-487.54032627009116,-500.291252654359,-512.4464755946532,-524.0338265833041,-535.0798368291304,-545.6097980031376,-555.6478201468935,-565.2168868760086,-574.3389080049893,-583.0347697138487,-591.3243823712568,-599.2267261236574,-606.759894354683,-613.9411351143222,-620.7868906126687,-627.312834868643,-633.5339095998646,-639.4643584358352,-645.117759532743,-650.5070566645628
62,0.20078125000000002,-51.316726957305846,-85.7377531726733,-118.45349175122284,-149.6174951400107,-179.31988111121413,-207.63314304524334,-234.6231886205603,-260.3520831027384,-284.878809662625,-308.2595519295447,-330.54785788263155,-351.7947709252395,-372.0489488258392,-391.35677566143573,-409.76246818201173,-427.3081771184117,-444.03408373331973,-459.9784918534126,-475.1779155980771,-489.66716300714853,-503.47941575987096,-516.6463051680472,-529.197984617703,-541.1631986253642,-552.5693486672637,-563.4425559323563,-573.8077211429539,-583.6885815800564,-593.107765444037,-602.0868436752226,-610.6463793530885,-618.8059747872285,-626.5843164079722,-633.9992175594741,-641.0676592932981,-647.8058292559283,-654.2291587592771,-660.3523581191008,-666.1894503422493,-671.7538032399128
63,0.2,-52.86624704713393,-88.32698716641404,-122.03113857941966,-154.13685331017834,-184.7369436075937,-213.90607150392563,-241.71211866910573,-268.2190112820159,-293.4875025305845,-317.5754631884906,-340.53805010598967,-362.42784099205414,-383.29495676125015,-403.1871767156799,-422.1500480102908,-440.22698993125283,-457.4593932903999,-473.8867151770339,-489.54656928616265,-504.4748120296732,-518.7056246269082,-532.2715913619677,-545.203774186423,-557.5317838378511,-569.2838476367281,-580.4868741166646,-591.1665146357783,-601.3472221101164,-611.0523070034926,-620.3039907018326,-629.1234563941609,-637.5308975766679,-645.545564290861,-653.1858072016262,-660.4691196160956,-667.4121775394956,-674.0308778596716,-680.3403747477015,-686.3551143579224,-692.0888679068185
64,0.19921875,-54.33261509900012,-90.77658141117544,-125.415046222355,-158.41058486379055,-189.8586103477711,-219.8358757598518,-248.4121616068719,-275.6531802792774,-301.62138102211946,-326.37624907347475,-349.9744791736115,-372.4701143325945,-393.91467175392097,-414.35726135122644,-433.8446983593987,-452.4216105928708,-470.1305406681186,-487.0120434422757,-503.1047788957952,-518.4456006734277,-533.0696404869506,-547.0103885733203,-560.2997703927795,-572.9682197427545,-585.0447484551353,-596.557012836671,-607.5313770047286,-617.9929732635312,-627.96575965921,-637.4725748455162,-646.5351903858838,-655.1743606116522,-663.4098701506513,-671.2605792350157,-678.7444668920062,-685.8786721167614,-692.6795331212777,-699.1626247495215,-705.3427941443476,-711.2341947479276
65,0.19843750000000002,-55.71680072145138,-93.08956126429722,-128.61100595659852,-162.44781712350817,-194.69781337856458,-225.43968396814503,-254.74497185735808,-282.6810510158132,-309.3119511706006,-334.69866409062007,-358.8993211897591,-381.96933559602064,-403.96153110976894,-424.9262636072306,-444.9115364166756,-463.9631102262194,-482.1246078430329,-499.437614058591,-515.9417708510643,-531.6748681426617,-546.6729303191013,-560.9702987087314,-574.59971020969,-587.5923722447585,-599.9780342152535,-611.7850556173336,-623.0404709765139,-633.7700517489205,-643.9983653309141,-653.7488313120988,-663.0437751004505,-671.9044790422868,-680.3512311540829,-688.4033715776714,-696.0793368651672,-703.3967021949858,-710.3722216155974,-717.0218664091534,-723.3608616627932,-729.4037211313823
66,0.19765625000000003,-57.013524601200515,-95.25574183903515,-131.603375228834,-166.2270206550625,-199.22679811717015,-230.68324719756015,-260.6695910114193,-289.2547839353268,-316.50435626817574,-342.48072811052174,-367.2433914218411,-390.8490556257821,-413.3517797401788,-434.8030967363501,-455.2521317025996,-474.74571439163344,-493.3284864843433,-511.043003834141,-527.9298339309111,-544.027648809346,-559.3733136150721,-574.0019710317524,-587.9471217627695,-601.2407012519689,-613.9131528193076,-625.9934973790022,-637.5093998999241,-648.487232760508,-658.9521361433224,-668.9280756076471,-678.4378969719477,-687.5033786319549,-696.1452814341895,-704.3833962191633,-712.2365891431533,-719.7228448823473,-726.859307818317,-733.6623212991456,-740.1474650661199,-746.3295909317155
67,0.19687500000000002,-58.22384179162178,-97.2782072615966,-134.39794371459445,-169.75723612492848,-203.45830638648906,-235.58338581439867,-266.2072375827714,-295.4002680690172,-323.2293887748288,-349.7583364297899,-375.04785861192335,-399.1558622279028,-422.13754828759676,-444.04553878063524,-464.92999725213014,-484.83874366228474,-503.81736386449643,-521.9093139683458,-539.15601982919,-555.5969718921237,-571.2698156069249,-586.2104376204818,-600.453047943637,-614.030258280238,-626.9731566974903,-639.3113788083778,-651.0731756289736,-662.2854782658865,-672.9739595818558,-683.1630929806078,-692.876208445505,-702.135545960251,-710.9623064339207,-719.3767002468878,-727.3979935287757,-735.0445522743689,-742.3338843984842,-749.2826798260788,-755.9068487093715,-762.2215578594827
68,0.19609375,-59.34292676533418,-99.14761894274476,-136.98032566450988,-173.0186115879486,-207.36668642657872,-240.10837970634242,-271.3199057059186,-301.0730356613584,-329.43597690931267,-356.4736995721398,-382.2481260408117,-406.8182825201066,-430.2404365503749,-452.5682264427152,-473.85278426634306,-494.14285299124145,-513.4848981319113,-531.923214167056,-549.5000259839283,-566.2555855812095,-582.2282642524939,-597.454640461822,-611.9695836127402,-625.8063339028834,-638.9965784470852,-651.570523843444,-663.5569653486035,-674.983352820728,-685.8758535812373,-696.2594123392993,-706.1578083163427,-715.5937097014383,-724.5887255622756,-733.1634553306313,-741.3375359756706,-749.1296869731225,-756.5577531733192,-763.6387456662859,-770.3888807374562,-776.8236170032465
69,0.1953125,-60.371913515778765,-100.8671007628831,-139.3562734577913,-176.02004531568434,-210.9644112788338,-244.2746377477036,-276.0282471655825,-306.29824423895167,-335.1540097124476,-362.661632318206,-388.88410126936685,-413.8814602359395,-437.71094710471584,-460.4271255466656,-482.0820100488078,-502.72518501747794,-522.4039183003559,-541.1632694037635,-559.0461926560716,-576.0936355535364,-592.3446325132795,-607.8363942476194,-622.6043929640108,-636.6824435853698,-650.1027811765199,-662.8961347538611,-675.0917976471175,-686.7176945741526,-697.8004455823498,-708.3654270028849,-718.4368295574028,-728.0377137500973,-737.1900626719895,-745.9148323382788,-754.2319996740007,-762.1606082578446,-769.7188119288561,-776.9239163558622,-783.7924186647803,-790.3400452145524
70,0.19453125,-61.30646005245598,-102.42821800578221,-141.51274684193328,-178.74348524591966,-214.22809015778796,-248.05316421011398,-280.29744295869585,-311.0350720055195,-340.33651520408233,-368.2688921361364,-394.89617385201853,-420.2793394214567,-444.47651799922204,-467.54312253816937,-489.53197684221794,-510.4934365820099,-530.4755046303084,-549.5239410009191,-567.682367647993,-584.9923683672447,-601.4935840284528,-617.2238033576416,-632.2190494770542,-646.513662401244,-660.1403776783224,-673.1304013565473,-685.5134814480036,-697.3179760530817,-708.5709183018158,-719.2980782608345,-729.5240219477232,-739.272167587969,-748.5648392433426,-757.4233179345381,-765.8678903751652,-773.9178954287006,-781.5917683948021,-788.9070832264089,-795.8805927743092,-802.5282671513489
71,0.19375,-62.147772317433464,-103.8341150462893,-143.45542543450588,-181.1976323945138,-217.1698504228978,-251.45985530974843,-284.14745081588666,-315.3077898785719,-345.01229473002286,-373.3289986459171,-400.3227441250674,-426.0553414116274,-450.5857123787082,-473.9700259754443,-496.2618269441542,-517.5121584329536,-537.7696788618067,-557.0807733269377,-575.4896598020144,-593.0384903795242,-609.7674477837726,-625.7148373760934,-640.9171748626007,-655.4092699050345,-669.2243058259437,-682.3939155905415,-694.9482542390831,-706.9160679355172,-718.324759790427,-729.2004526089181,-739.5680487070747,-749.4512869339051,-758.8727970293104,-767.8541514425127,-776.4159147295749,-784.5776906430956,-792.3581670218953,-799.775158583467,-806.8456477171599,-813.5858233715057
72,0.19296875000000002,-62.89201862690905,-105.07731304401409,-145.172694877363,-183.36634587916163,-219.7687064751478,-254.46861847050104,-287.54685326725394,-319.07947370103483,-349.13876570909855,-377.7935845180509,-405.109555434796,-431.1492344377703,-455.97225391059743,-479.63545980860886,-502.1930419941119,-523.6966583789542,-544.1955532404901,-563.7366700019269,-582.3647587404618,-600.1224786709148,-617.0504958401066,-633.1875762559838,-648.5706746649602,-663.2350191808993,-677.214191959651,-690.5402061039704,-703.243578974996,-715.3534020782264,-726.8974076840747,-737.9020323356006,-748.3924773888785,-758.3927667246652,-767.9258017635487,-777.0134139105712,-785.6764145494511,-793.9346427008898,-801.8070104541166,-809.3115462757222,-816.4654362949528,-823.2850636600284
73,0.1921875,-63.540469436543816,-106.16095748213105,-146.6701270097029,-185.25807581536327,-222.03636522285157,-257.0947392449488,-290.51479094328414,-322.373358143046,-352.7434642222229,-381.6946675522671,-409.29326414209663,-435.60244972930235,-460.68246690037324,-484.5907435823613,-507.38202465174345,-529.1084973004348,-549.8199105253466,-569.563689033063,-588.3850418240394,-606.3270657053275,-623.4308439685608,-639.735540458799,-655.2784892493455,-670.0952801276256,-684.2198400876961,-697.6845110158342,-710.5201237469772,-722.7560686614985,-734.4203629838928,-745.5397149374164,-756.1395849015337,-766.2442437121687,-775.8768282382313,-785.0593943616448,-793.8129674821716,-802.1575906626666,-810.1123705249842,-817.6955210016265,-824.9244050432973,-831.815574377866
74,0.19140625,-64.08982699283527,-107.07857150562383,-147.9376049741149,-186.8586920146264,-223.95437563663484,-259.31518907864995,-293.0234416063849,-325.1566443364344,-355.7884596229707,-384.9890538220843,-412.82530189540813,-439.36095105167885,-464.656769249899,-488.7706849736601,-511.7579200451372,-533.6711161291813,-554.5604553003933,-574.4737749695688,-593.4566774378463,-611.5526343309078,-628.8030861529148,-645.2475371884082,-660.9236459696729,-675.8673115168468,-690.1127555483613,-703.6926008500449,-716.6379459824122,-728.9784364972643,-740.7423328267251,-751.9565750002065,-762.6468443375326,-772.837622259516,-782.552246350688,-791.8129638025694,-800.640982359885,-809.0565188864011,-817.0788456616003,-824.7263345142326,-832.0164988938008,-838.9660339763416
75,0.19062500000000002,-64.54141843225207,-107.83328231303936,-148.98055847917738,-188.1763415943126,-225.53395199667747,-261.14454862006016,-295.09101077853916,-327.4513874544878,-358.29985295825685,-387.7070619065825,-415.740355081549,-442.46392409144704,-467.9389608205675,-492.22379811161323,-515.3740434548533,-537.4427063346117,-558.4803196056384,-578.5350551957929,-597.6528344037973,-615.8774330451236,-633.2505816865789,-649.8120611988229,-665.5997938453712,-680.6499301164627,-694.9969315064615,-708.6736494242259,-721.7114004170271,-734.1400378801952,-745.9880204166319,-757.2824770026658,-768.0492691094363,-778.3130499220093,-788.0973207918138,-797.4244850516267,-806.3158993163302,-814.7919223868872,-822.8719618695093,-830.5745186167571,-837.917229092324,-844.9169057565101
76,0.18984375000000003,-64.89250026334375,-108.41965496670625,-149.79043054201267,-189.1989921770614,-226.75929159998736,-262.56299531510734,-296.69344298782033,-329.22911613387805,-360.2445993714614,-389.81093758722795,-417.9958430911633,-444.86386129956554,-470.4765210921423,-494.89247633238205,-518.1676403414324,-540.3553139837796,-561.5063077420957,-581.6690580812212,-600.8897383728856,-619.2123646366063,-636.6788963393989,-653.3293324853486,-669.201803215238,-684.332657126084,-698.7565445106263,-712.5064967074449,-725.6140017434634,-738.1090764421024,-750.0203351622351,-761.375055325386,-772.1992398812525,-782.517676854604,-792.3539961099463,-801.7307234639434,-810.6693322695304,-819.1902925898496,-827.3131180746251,-835.0564106463335,-842.4379030984936,-849.4744997036474
77,0.18906250000000002,-65.1444481211494,-108.84077910032617,-150.3724752646224,-189.93443765241128,-227.64104695884762,-263.584315013584,-297.8478964046162,-330.5105700735714,-361.64720395387315,-391.3291132983355,-419.62426848389447,-446.59746122693116,-472.31045544122367,-496.82212924375443,-520.1886098999173,-542.463402365348,-563.6975118007833,-583.9395603594055,-603.2358985181278,-621.6307112083839,-639.1661189893358,-655.8822744949466,-671.8174543755822,-687.0081469445004,-701.4891357298025,-715.2935791230691,-728.4530863069772,-740.9977896357057,-752.9564136338125,-764.3563407715396,-775.223674167132,-785.5832973597148,-795.4589312895885,-804.8731886163882,-813.8476254994833,-822.4027909591676,-830.5582739316625,-838.33274812568,-845.7440147832389,-852.8090434426633
78,0.18828125,-65.2950896908081,-109.09229520177198,-150.71974829530862,-190.3728176377436,-228.16616112557028,-264.1920133744294,-298.534230632654,-331.27178095050976,-362.47971137121294,-392.2295072966379,-420.5893009162157,-447.62403790985167,-473.39562873195604,-497.9630910053426,-521.3826848259151,-543.7080416402425,-564.990287075547,-585.2781580238039,-604.6181142531439,-623.0544448035236,-640.6293694107469,-657.3831351912836,-673.3541088094174,-688.5788643378579,-703.0922670130765,-716.9275530772188,-730.1164058894626,-742.6890284811491,-754.6742127208645,-766.0994052478723,-776.9907703249116,-787.373249754293,-797.2706199945251,-806.7055466082655,-815.6996361662972,-824.2734857263933,-832.4467300003802,-840.2380863174221,-847.6653974864864,-854.7456726561572
79,0.1875,-65.34584062468035,-109.1772362912782,-150.8372957362063,-190.52152474284756,-228.34465916825496,-264.3989964544168,-298.7684507048915,-331.5320451221877,-362.7648796770965,-392.5384905762611,-420.92105873149404,-447.97757650479065,-473.76999904435075,-498.3573867382673,-521.7960405838048,-544.1396311320689,-565.4393213860074,-585.7438839523837,-605.0998127202008,-623.5514293220602,-641.1409846222256,-657.9087554636251,-673.893136895197,-689.1307300906357,-703.6564261597628,-717.503486044371,-730.7036166814223,-743.2870436079608,-755.2825801739565,-766.71769352153,-777.6185674816282,-788.0101625321421,-797.9162729547596,-807.3595813214083,-816.3617104350539,-824.9432728437772,-833.1239180415055,-840.9223774634769,-848.3565073794601,-855.4433297829552
80,0.18671875,-65.29511317753594,-109.09234516010108,-150.71982868103126,-190.37293137238044,-228.1663103949378,-264.19219981858936,-298.53445547294467,-331.27204507849365,-362.4800154135105,-392.22985166381267,-420.5896858406732,-447.6244634758928,-473.39609490004636,-497.9635976320046,-521.3832316802285,-543.7086284176696,-564.990913409609,-585.2788234960116,-604.618818401491,-623.0551871297864,-640.6301493867797,-657.3839522644704,-673.3549624074008,-688.5797538726533,-703.0931918846561,-716.9285126766364,-730.1173996015808,-742.6900556870213,-754.6752727998125,-766.1004975793004,-776.9918942898853,-787.3744047369146,-797.2718053831263,-806.7067617964414,-815.7008805537976,-824.2747587198877,-832.448031014113,-840.2394147737674,-847.6667528164155,-854.7470542996284
81,0.1859375,-65.14435429109204,-108.84057951543296,-150.37215412115816,-189.9339832784891,-227.64045062166167,-263.5835701605756,-297.84699815599794,-330.5095148669969,-361.64598928543717,-391.32773752729,-419.62273068125097,-446.59576105540685,-472.30859305828926,-496.8201052221713,-520.1864251618191,-542.4610581270147,-563.6950095259918,-583.9369017197583,-603.2330853591204,-621.6277455202462,-639.1630028818741,-655.8790101757687,-671.8140441311978,-687.0045931238853,-701.4854407300804,-715.2897453770225,-728.4491162721484,-740.993685784883,-752.9521784467232,-764.3519767276047,-775.2191837391521,-785.5786830083762,-795.4541954586931,-804.8683337287248,-813.8426539532628,-822.397705124963,-830.5530761497931,-838.3274407039906,-845.7385999952331,-852.8035235259467
82,0.18515625000000002,-64.89257057872432,-108.41980453368555,-149.79067120357888,-189.1993326797641,-226.7597384877998,-262.56355349810275,-296.69411612248354,-329.22990688939893,-360.24550962383734,-389.81196856561786,-417.9969954913507,-444.86513537393233,-470.47791672232853,-494.89399308883884,-518.1692775328229,-540.3570706983672,-561.5081828827027,-581.6710503949604,-600.8918464765869,-619.2145870386689,-636.6812314586423,-653.3317786673307,-669.2043587464156,-684.3353202461288,-698.7593134231538,-712.5093695893701,-725.6169767531676,-738.112151726561,-750.0235088632412,-761.3783255849775,-772.2026048464426,-782.5211346814963,-792.3575449673081,-801.7343615362981,-810.6730577598277,-819.1941037217572,-827.3170130944881,-835.0603878248354,-842.4419607320574,-849.4786361155985
83,0.184375,-64.54123135063058,-107.83288437376203,-148.979918172209,-188.17543564784037,-225.53276299892997,-261.1430635063179,-295.08921981931206,-327.4492835470453,-358.29743111022486,-387.70431884657955,-415.7372889573244,-442.46053423051376,-467.935247536895,-492.21976254719175,-515.3696874482641,-537.4380323109148,-558.4753304833624,-578.5297543078356,-597.6472254297712,-615.871519953217,-633.2443686833969,-649.8055526859694,-665.5929943817688,-680.6428443855804,-694.9895642877667,-708.6660055682847,-721.7034848237734,-734.1318554799591,-745.9795761535797,-757.2737758203531,-768.0403159382186,-778.3038496680888,-788.0878783277285,-797.414805208016,-806.3059868748311,-814.7817820740303,-822.8615983515043,-830.5639364950662,-837.9064328999369,-844.9058999548433
84,0.18359375,-64.08994370335273,-107.07881975912898,-147.93800442777587,-186.85925718609616,-223.95511738769682,-259.3161155591157,-293.02455888534087,-325.15795684423995,-355.7899704734328,-384.99076505537715,-412.8272146664016,-439.36306577927843,-464.6590857376472,-488.77320250858344,-511.76063747974314,-533.6740319501539,-554.5635676866196,-574.4770818414863,-593.4601764996477,-611.5563231068104,-628.8069620184514,-645.2515973975102,-660.927887678175,-675.8717318029294,-690.1173514303582,-703.6973693019722,-716.6428839475233,-728.9835408998817,-740.7476005825696,-751.9620030254047,-762.6524295564694,-772.8433616116656,-782.5581367965433,-791.8190023287756,-800.6471659836718,-809.0628446593862,-817.0853106730409,-824.7329358937852,-832.0232338138431,-838.9728996539051
85,0.18281250000000002,-63.540190256783745,-106.16036364190916,-146.66917148695424,-185.25672388182713,-222.0345908951392,-257.0925230267271,-290.5121183153441,-322.3702185060612,-352.73985012612815,-381.6905741152144,-409.2886885999905,-435.5973910785951,-460.67692560959534,-484.5847213556888,-507.3755242328678,-529.1015223082428,-549.8124653151232,-569.5557785784512,-588.3766716160809,-606.3182416657031,-623.4215723747371,-639.7258278792388,-655.2683424872753,-670.0847061721325,-684.2088460711236,-697.6731041766258,-710.5083113972485,-722.7438581587243,-734.4077617061967,-745.5267302620094,-756.1262241859295,-766.2305142778371,-775.8627373564051,-785.0449492410332,-793.7981752583573,-802.1424583889981,-810.0969051647929,-817.6797294216234,-824.9082940080126,-831.7991505450207
86,0.18203125000000003,-62.89218101301293,-105.07765845349687,-145.1732506603802,-183.3671322349629,-219.76973851635896,-254.46990753642393,-287.54840780215653,-319.0812998691286,-349.14086784279965,-377.79596545596746,-405.11221678376137,-431.15217678062777,-455.97547697400057,-479.6389626005528,-502.1968229180196,-523.7007153292591,-544.199883683369,-563.7412710439611,-582.3696271873592,-600.127611077974,-617.0558885557521,-633.19322545945,-648.5765763989941,-663.2411693802031,-677.220586475659,-690.5468407264556,-703.2504494509299,-715.3605041282408,-726.9047370168331,-737.9095846603318,-748.4002484263024,-758.4007522164952,-767.9339974807426,-777.0218156604765,-785.6850181819673,-793.9434441137633,-801.8160055974637,-809.3207311558692,-816.4748069776663,-823.2946162732046
87,0.18125000000000002,-62.14740276078033,-103.83332896636466,-143.45416058712203,-181.1958428090729,-217.16750170458843,-251.45692165082318,-284.1439129969304,-315.3036338690082,-345.00751066802405,-373.3235800692634,-400.3166873748563,-426.04864515943495,-450.578377244733,-473.9620542155392,-496.25322219020137,-517.5029254753518,-537.7598234657431,-557.0703020761337,-575.4785799650854,-593.0268097951315,-609.7551747615407,-625.7019806108448,-640.9037433599214,-655.3952729165377,-669.2097527928754,-682.378816094595,-694.9326179594733,-706.8999046115027,-718.3080791885985,-729.1832644946608,-739.5503628196992,-749.433112965009,-758.8541446039936,-767.8350301031103,-776.3963339216226,-784.5576597032746,-792.3376951677292,-799.7542549045803,-806.8243211679185,-813.5640827648897
88,0.18046875,-61.30666711299107,-102.42865844169864,-141.5134555277516,-178.74448793795054,-214.2294061263235,-248.05480791403315,-280.2994251653833,-311.0374005750315,-340.3391956607288,-368.27192809945524,-394.8995673708956,-420.2830912390757,-444.4806277670286,-467.54758899123925,-489.5367979447306,-510.4986096491248,-530.4810264311116,-549.5298078459718,-567.68857546421,-584.9989127622405,-601.5004603460553,-617.2310067259424,-632.2265748501093,-646.5215045953399,-660.1485314035701,-673.1388612444342,-685.5222420754395,-697.3270319633915,-708.5802640230634,-719.3077083218054,-729.533930891855,-739.2823499854688,-748.5752897017089,-757.4340311076688,-765.8788609712176,-773.9291182168424,-781.6032382109792,-788.9187949782407,-795.8925414452082,-802.5404478039512
89,0.1796875,-60.37145586068531,-100.86612728972622,-139.35470708401755,-176.01782911178162,-210.96150265062178,-244.27100473513082,-276.02386596751865,-306.29309748006887,-335.1480851799529,-362.654922009345,-388.8766006529842,-413.8731676669197,-437.7018633510983,-460.4172534020665,-482.07135401090466,-502.7137510186438,-522.3917134801313,-541.1503019153548,-559.0324715008506,-576.0791704388149,-592.3294337296062,-607.8204725625678,-622.5877595300025,-636.6651098595036,-650.0847588507343,-662.877435694025,-675.0724338398679,-686.6976780804864,-697.7797884971119,-708.3441414194263,-718.4149275367854,-728.0152072942964,-737.1669637006302,-745.8911526684909,-754.2077510030399,-762.1358021481617,-769.6934597953395,-776.8980294550104,-783.7660080855893,-790.313121870929
90,0.17890625,-59.34317722371903,-99.148151689692,-136.98118288389304,-173.019824434342,-207.3682782091308,-240.11036791436237,-271.3223033635192,-301.07585227597565,-329.43921916308705,-356.4773718432173,-382.25223080749396,-406.82282068133003,-430.2454076845215,-452.573629019735,-473.8586158237185,-494.14911028140733,-513.4915772467781,-531.9303106439075,-549.5075348959947,-566.2635016154992,-582.2365817769424,-597.463353583413,-611.9786862279461,-625.8158197415335,-639.00644111058,-651.5807568380823,-663.5675621146682,-674.9943067578793,-685.8871580706756,-696.2710607630991,-706.1697940743015,-715.6060262257344,-724.6013663301944,-733.1764138755835,-741.3508058966984,-749.1432619430658,-756.5716269457932,-763.6529120816012,-770.4033337276018,-776.8383505960389
91,0.178125,-58.2232988597007,-97.27705239702783,-134.3960854716989,-169.75460696626854,-203.45485578112002,-235.5790758470059,-266.2020400172464,-295.3941622924009,-323.22236029865314,-349.75037576009964,-375.0389603732407,-399.1460244685574,-422.1267719187279,-444.0338271163935,-464.91735562825335,-484.8251791165402,-503.8028848667563,-521.8939301910298,-539.1397419509261,-555.5798114290227,-571.2517847670113,-586.1915491776928,-600.4333151284679,-614.0096946846355,-626.9517761920002,-639.289195469885,-651.0502036776367,-662.2617320100792,-672.949453370108,-683.1378411596781,-692.8502253238469,-702.1088457762212,-710.9349033281816,-719.3486082385101,-727.3692264946175,-735.0151239313664,-742.303808288515,-749.2519693031179,-755.8755169286795,-762.1896177686057
92,0.17734375000000002,-57.01381691329155,-95.25636361248515,-131.60437569679243,-166.22843617828806,-199.22865589995627,-230.68556765181492,-260.6723893376808,-289.2580712297891,-316.5081403296058,-342.485014048675,-367.24818212914846,-390.8543521513848,-413.35758159198804,-434.80940212861753,-455.2589377612869,-474.753017326468,-493.3362817341498,-511.05128619043563,-527.9385976436103,-544.0368876776046,-559.3830210656535,-574.0121401868623,-587.9577454989249,-601.2517722511972,-613.9246636137472,-626.0054403897981,-637.521767471175,-648.5000171889019,-658.9653297040031,-668.9416705767801,-678.4518856463835,-687.5177533463363,-696.1600345758052,-704.3985202408066,-712.2520765742164,-719.738688338354,-726.8755000090633,-733.6788550356117,-740.1643332662852,-746.3467866254009
93,0.1765625,-55.716175860071715,-93.08823212847201,-128.60886730131688,-162.44479121979646,-194.69384207025112,-225.43472361840827,-254.73898996919144,-282.6740238657056,-309.3038620837291,-334.68950214035516,-358.8890801894349,-381.95801329943833,-403.94912856554305,-424.9127846296073,-444.8969871465498,-463.9474987633566,-482.1079439354123,-499.4199088382069,-515.9230366079593,-531.6551181307403,-546.6521785885946,-560.9485599611814,-574.5769996720938,-587.5687055601095,-599.9534273471857,-611.759524766959,-623.0140325098396,-633.7427221334812,-643.9701610804609,-653.7197689383459,-663.0138710710264,-671.8737497441475,-680.3196928617474,-688.3710404257193,-696.0462288245066,-703.3628330524697,-710.337606956605,-716.9865216028054,-723.3248018495116,-729.3669612125291
94,0.17578125,-54.33294746261536,-90.77728837772905,-125.41618377073473,-158.41219433676198,-189.86072267704614,-219.83851415408643,-248.41534334930762,-275.6569179864478,-301.62568356132914,-326.3811222545778,-349.9799262853278,-372.47613656779413,-393.9212685530709,-414.36443068388263,-433.852436957715,-452.4299141472288,-470.1394039923722,-487.02146061428056,-503.1147433776001,-518.4561054145602,-533.0806780135244,-547.0219510651635,-560.3118497503698,-572.980807645433,-585.0578364118181,-596.5705922300746,-607.5454391299676,-618.0075093618142,-627.9807609472513,-637.488032541192,-646.551095730591,-655.1907048897589,-663.4266447063846,-671.2777754870845,-678.7620763462139,-685.896686376844,-692.6979438981624,-699.1814238691825,-705.3619735544194,-711.2537465232107
95,0.17500000000000002,-52.86554410879864,-88.3254919539466,-122.02873269734923,-154.13344931721875,-184.73247608089508,-213.90049135419,-241.70538933877694,-268.21110608328735,-293.4784027050762,-317.5651564442573,-340.52652948331183,-362.4151039640451,-383.2810045075265,-403.17201352705916,-422.1336807949576,-440.20942780102655,-457.44064721126,-473.86679767191134,-489.5254941807373,-504.45259423392434,-518.6822799466444,-532.2471363356923,-545.1782259437523,-557.5051599763784,-569.2561661147533,-580.4581531596401,-591.136772654656,-601.3164776300644,-611.0205786016709,-620.27129695311,-629.0898158238141,-637.4963286192215,-645.5100852543543,-653.1494362366739,-660.4318746891917,-667.3740764100817,-673.9919380605406,-680.3006135683677,-686.3145488306246,-692.0475147948657
96,0.17421875000000003,-51.31709732333482,-85.73854097369328,-118.45475936673272,-149.61928863988962,-179.32223496388457,-207.63608311301516,-234.62673416281447,-260.3562481785557,-284.8836041531695,-308.26498230894083,-330.5539278156035,-351.801481741023,-372.05629990089835,-391.36476473314104,-409.77109160884845,-427.31743009797873,-444.0439604864677,-459.98898578084237,-475.1890194142731,-489.67886885547426,-503.49171531186545,-516.6591897093709,-529.2114451227269,-541.1772258220408,-552.5839330936352,-563.4576879858371,-573.8233911233422,-583.7047797270822,-593.1244819701362,-602.1040687941278,-610.6641033047432,-618.8241878594616,-626.6030089553173,-634.0183800194633,-641.0872822005175,-647.8259032540946,-654.2496746115545,-660.3733067168565,-666.2108227124211,-671.7755905511459
97,0.17343750000000002,-49.688978698558394,-83.01819575039977,-114.69625037774803,-144.87182344516975,-173.63217294687132,-201.04749143178734,-227.1815946080083,-252.09457764269035,-275.84355138227045,-298.48291595745155,-320.06451948614796,-340.63778499711015,-360.24982560234486,-378.94555289213383,-396.7677799266956,-413.7573193307312,-429.9530767812964,-445.39214011973365,-460.10986429636995,-474.1399523441211,-487.51453256718185,-500.2642321220197,-512.4182471595063,-524.0044096890448,-535.0492513180036,-545.5780640125682,-555.6149580192688,-565.1829170799145,-574.3038510664599,-582.9986461563888,-591.2872126635768,-599.1885306341969,-606.720693312128,-613.9009485734202,-620.7457384247323,-627.2707366562108,-633.4908847350509,-639.4204260219547,-645.0729383888455,-650.4613653125558
98,0.17265625,-47.984860214433816,-80.17118695368359,-110.76302198115545,-139.90393027524337,-167.67816604164287,-194.15350657370914,-219.39157313903644,-243.4503955234922,-266.38512259201093,-288.24828623878415,-309.08995446036886,-328.9578537931258,-347.89748043807657,-365.9522048651678,-383.1633712166439,-399.5703919936474,-415.2108383032796,-430.1205258866879,-444.3335971281121,-457.8825992331338,-470.7985587550523,-483.1110526398708,-494.84827595243837,-506.037106438697,-516.7031660717869,-526.8708797228646,-536.5635310909265,-545.8033160196582,-554.6113933233715,-563.0079332383726,-571.0121636106953,-578.6424139259362,-585.9161572820072,-592.8500504008965,-599.4599717710564,-605.7610580077496,-611.767738514603,-617.4937685257428,-622.9522606041592,-628.1557146684345
99,0.171875,-46.20606421142643,-77.19906476379155,-106.65662753432606,-134.71701460697315,-161.46136972825028,-186.95496686980587,-211.25714980108407,-234.42380230107457,-256.50803283793664,-277.5604290380666,-297.62920529392346,-316.7603208117979,-334.99758672663165,-352.3827669107988,-368.9556737556698,-384.75425939744144,-399.814702657796,-414.1714919142926,-427.85750409480414,-440.90407997857295,-453.34109597713854,-465.1970325600389,-476.49903948235584,-487.27299796375,-497.54357996159456,-507.33430467411705,-516.6675924030737,-525.5648158994105,-534.0463493095849,-542.1316148347013,-549.8391272093733,-557.1865361022132,-564.1906665350923,-570.8675574137585,-577.2324982580792,-583.3000642160465,-589.08414944174,-594.5979989137089,-599.8542387666441,-604.8649052058171
100,0.17109375,-44.35678048577207,-74.10955090657104,-102.38839373275474,-129.32601765783625,-155.0003054672858,-179.4739091039608,-202.80379011190863,-225.04359022466218,-246.24428816806827,-266.45444363162846,-285.7203387528756,-304.08609128669883,-321.59375732023534,-338.28342796209876,-354.19332122529744,-369.3598695509842,-383.8178032290585,-397.60022991933613,-410.73871045797557,-423.26333112308225,-435.202772524818,-446.5843752775598,-457.43420260431986,-467.77710001663553,-477.6367522064811,-487.0357372803912,-495.9955784599162,-504.5367933667413,-512.6789410052843,-520.4406665503213,-527.83974404217,-534.8931170871706,-541.6169376566539,-548.0266030732149,-554.1367912689788,-559.9614943965902,-565.5140508698709,-570.8071759075224,-575.8529906497935,-580.6630499147965
101,0.1703125,-42.438273973402666,-70.90397587171425,-97.95943111536381,-123.73163057594039,-148.2951034740874,-171.70980276842255,-194.03023441566842,-215.30772626456613,-235.59105697363006,-254.92668977541052,-273.3589080791497,-290.92992391488895,-307.6799763302913,-323.64742399166306,-338.868833164897,-353.379061510147,-367.2113379392572,-380.3973387336889,-392.9672601016706,-404.94988734244595,-416.3726607768899,-427.2617385960466,-437.6420567719415,-447.53738616816855,-456.970386981286,-465.9626606378864,-474.5347992663376,-482.70643285660645,-490.4962742162666,-497.92216182571514,-505.00110069080944,-511.74930128652534,-518.1822166808724,-524.314577924109,-530.1604277843384,-535.7331529067634,-541.0455144702686,-546.1096774115541,-550.9372382837582,-555.5392518133842
102,0.16953125000000002,-40.455226455336465,-67.59100483428787,-93.38250698953455,-117.95076713647659,-141.36681646708288,-163.6877953036476,-184.96565427980795,-205.24931635763602,-224.58527582309281,-243.01782077435658,-260.5891621451676,-277.33953690831527,-293.3073017472911,-308.529021234361,-323.03955162653966,-336.8721206868773,-350.05840376428733,-362.6285963175237,-374.6114830516152,-386.03450382528365,-396.9238164800568,-407.3043567347073,-417.19989528197544,-426.6330922181549,-435.62554893005324,-444.19785755805015,-452.3696481484338,-460.15963360292767,-467.5856525282921,-474.6647100840705,-481.41301692199613,-487.8460263061868,-493.97846949911866,-499.82438949437847,-505.39717317343377,-510.709581960037,-515.7737810424491,-520.6013672303949,-525.2033955105218,-529.5904043611764
103,0.16875,-38.40883766422204,-64.17174039051918,-88.65828222890002,-111.98339989764092,-134.21454859407743,-155.40599063386605,-175.60705811365742,-194.86420649868646,-213.22158390117113,-230.72124269853688,-247.40326229486539,-263.30584729274756,-278.4654165654592,-292.91668707930666,-306.69275353151806,-319.82516419714005,-332.3439932108893,-344.27790946332266,-355.65424227336035,-366.4990439893082,-376.83714966267473,-386.6922339320661,-396.08686524789323,-405.04255756240656,-413.57981960370336,-421.71820184676477,-429.4763412892525,-436.87200413473937,-443.9221264812351,-450.64285310826693,-457.0495744514208,-463.1569618490682,-468.9790011420545,-474.52902470332594,-479.81974197088624,-484.8632685540315,-489.6711539795392,-494.25440814138096,-498.6235265145366,-502.78851419067547
104,0.16796875,-36.30425250112799,-60.655737741015336,-83.80088603804172,-105.84831091330162,-126.86175403433842,-146.89249181379122,-165.9871436819527,-184.1896122031024,-201.5416205705811,-218.08291224039056,-233.85136669803614,-248.88309205989074,-263.2125091240926,-276.87243049381453,-289.8941357696641,-302.3074431763817,-314.14077783283756,-325.42123683168154,-336.1746512795361,-346.4256454398876,-356.19769311384044,-365.51317138756605,-374.39341186930994,-382.85874953309377,-390.92856928082796,-398.621350329345,-405.95470852390906,-412.94543667502205,-419.6095430108443,-425.9622878332246,-432.0182184612541,-437.7912025423168,-443.29445980690275,-448.54059233986686,-453.54161343744255,-458.30897511606986,-462.8535943360181,-467.1858779998479,-471.3157467829361,-475.2526578506404
105,0.16718750000000002,-34.14259809866374,-57.043864790659235,-78.81052555078853,-99.5447543209196,-119.30651639135195,-138.1440488895571,-156.1012059033301,-173.21928410100696,-189.53752886071575,-205.0933224378659,-219.9222931285251,-234.05840256375544,-247.53402490798197,-260.3800213858713,-272.6258110861748,-284.2994383932269,-295.42763724757793,-306.0358923956379,-316.1484977726824,-325.7886121546903,-334.97831220745456,-343.73864305512546,-352.0896664844998,-360.05050689581583,-367.63939510558345,-374.87371010199365,-381.7700188487158,-388.344114228377,-394.6110512127478,-400.5851813425522,-406.2801855959522,-411.709105721036,-416.884374104126,-421.81784224234406,-426.5208078856839,-431.0040409107738,-435.2778079856125,-439.35189608178524,-443.23563488802006,-446.93791817643637
106,0.16640625000000003,-31.92945075791556,-53.34650785459933,-73.7026047576638,-93.09326465541545,-111.5745467023901,-129.19154726543272,-145.98526714719796,-161.99431784026348,-177.2553942079871,-191.80345003257185,-205.67179981166393,-218.89220018667592,-231.49492385472746,-243.50882914928985,-254.9614261654255,-265.8789397502962,-276.28636954242063,-286.2075472057593,-295.6651909911687,-304.68095775012864,-313.2754925195322,-321.46847579077445,-329.27866857114884,-336.72395534053067,-343.82138500156765,-350.58720991702984,-357.0369231236149,-363.18529380734356,-369.0464011217271,-374.6336664260856,-379.9598840178092,-385.03725042889096,-389.8773923538012,-394.49139327262,-398.88981883038076,-403.0827410307224,-407.07976129923253,-410.8900324692925,-414.52227974074657,-417.98482065939413
107,0.16562500000000002,-29.66585806231274,-49.564294795461215,-68.47687577565584,-86.49238223202126,-103.66291984186027,-120.03040314652372,-135.63293784991407,-150.5064072157734,-164.68491192733237,-178.20093364394853,-191.085429893383,-203.36790995042102,-215.0765036731489,-226.23802627488223,-236.8780398574323,-247.0209120114683,-256.6898716597422,-265.90706228258364,-274.6935926514355,-283.06958518839656,-291.0542220635605,-298.665789136435,-305.9217178426175,-312.838625122049,-319.43235148060694,-325.7179972724529,-331.7099572864248,-337.42195371583205,-342.8670675873002,-348.05776872072994,-353.00594428908056,-357.722926043444,-362.2195162658242,-366.5060125090992,-370.59223118086663,-374.4875300252178,-378.20082955394963,-381.740633476328,-385.1150481741955,-388.33180126705906
108,0.16484375,-27.357793333216005,-45.70837900785843,-63.149922410519885,-79.76426746449081,-95.59944518796469,-110.69409386789026,-125.08334289569862,-138.8002746395721,-151.87632939684968,-164.34145577424448,-176.22419788658772,-187.55176511007804,-198.350095399573,-208.64391489762158,-218.45679458485884,-227.81120424596622,-236.7285639080279,-245.22929287618413,-253.33285647995612,-261.0578106371282,-268.4218443368663,-275.4418201390172,-282.13381278207567,-288.51314598800616,-294.5944275480412,-300.3915827696694,-305.91788636129974,-311.18599282752996,-316.2079654445604,-320.9953038820399,-325.5589705345605,-329.9094156230502,-334.0566011235224,-338.0100235779424,-341.77873583942954,-345.37136780156993,-348.7961461592883,-352.06091324652584,-355.1731449938361,-358.1399680470246
109,0.1640625,-25.006218146168322,-41.77914444116871,-57.721043290673165,-72.90675584525508,-87.38020692038725,-101.1767300542101,-114.32844763239412,-126.86560828183217,-138.81695774880467,-150.20987683638555,-161.07046144057662,-171.42358654539487,-181.29296427265993,-190.70119849963066,-199.66983674232213,-208.21941956344048,-216.3695276539082,-224.13882670605665,-231.54511018490265,-238.60534009724364,-245.33568585301828,-251.751561308689,-257.8676600780588,-263.6979891918126,-269.25590118321077,-274.55412467368245,-279.6047935285749,-284.419474649997,-289.0091944705511,-293.3844642087293,-297.5553039439151,-301.53126556619094,-305.3214546535832,-308.93455132688786,-312.3788301298908,-315.6621789805421,-318.79211723651656,-321.7758129165645,-324.62009911710464,-327.33148966168676
110,0.16328125,-22.617466015288997,-37.78844280507947,-52.20789979241984,-65.943497040574,-79.03494130418784,-91.51417457242181,-103.41023824110042,-114.75048159020751,-125.56089651117408,-135.8662417921035,-145.69011518105242,-155.05501103415378,-163.9823726478874,-172.49264152899016,-180.60530422073768,-188.33893691163846,-195.71124795575415,-202.7391184076005,-209.43864066513595,-215.825155309048,-221.91328622227667,-227.7169740698337,-233.2495082153085,-238.52355714691552,-243.55119748258286,-248.3439416203676,-252.91276409740001,-257.2681267176274,-261.4200025058309,-265.377898542702,-269.15087773322773,-272.7475795581843,-276.17623985623436,-279.4447096818902,-282.5604732825075,-285.53066523545647,-288.3620867846896,-291.0612214141118,-293.63424969338797,-296.0870634301888
111,0.1625,-20.192406579804782,-33.736411768549196,-46.609341379800675,-58.8716350649929,-70.55876596666879,-81.69926877674136,-92.3190845174565,-102.4426406860122,-112.09315086465229,-121.2927261884108,-130.06244003165367,-138.42237972508218,-146.39169346113417,-153.98863442059343,-161.23060268607884,-168.1341851529359,-174.71519355878868,-180.98870072777206,-186.96907511585033,-192.67001373810905,-198.10457355454471,-203.28520138702584,-208.22376243654736,-212.93156746653813,-217.4193987148353,-221.69753459395318,-225.7757732364352,-229.66345493939318,-233.3694835597836,-236.90234690953386,-240.27013619733134,-243.48056456167137,-246.54098473768633,-249.45840589826054,-252.23950970805438,-254.89066562724017,-257.4179455000302,-259.8271374614407,-262.12375919415496,-264.313070565878
112,0.16171875000000002,-17.73769449837152,-29.635528286605858,-40.94399811140808,-51.71616302921805,-61.983160725781744,-71.77003995948162,-81.09957508066955,-89.99321366372305,-98.47133894550981,-106.55336724936122,-114.25780446859554,-121.60229125409502,-128.60364403890935,-135.27789366527827,-141.64032209810034,-147.70549740133347,-153.48730707812757,-158.9989898550611,-164.2531659835472,-169.26186612739718,-174.03655890222635,-178.58817712937744,-182.92714286419096,-187.06339125569002,-191.006393292135,-194.7651774843909,-198.3483505366397,-201.76411705167928,-205.02029831585895,-208.12435020659981,-211.08338026346203,-213.9041639617991,-216.59316022623975,-219.15652621948178,-221.60013144024455,-223.92957116264088,-226.15017924772073,-228.26704035651852,-230.28500159254412,-232.20868360038
113,0.1609375,-15.254102112284963,-25.485682899014094,-35.21027738034337,-44.47355107800932,-53.30230675789882,-61.71810433982828,-69.740543547587,-77.38808014503239,-84.67825243091669,-91.6277655497331,-98.25254042985114,-104.56775290358357,-110.58786917901368,-116.32667920352225,-121.7973283490382,-127.01234757982259,-131.9836821955829,-136.72271922328642,-141.2403135235378,-145.54681267306006,-149.65208068140964,-153.56552059706695,-157.29609605531124,-160.8523518176993,-164.24243335056505,-167.47410548767834,-170.55477022003535,-173.49148365371408,-176.29097217478758,-178.95964785843697,-181.50362315766185,-183.92872490530794,-186.2405076615576,-188.4442664375023,-190.54504882399297,-192.54766655358492,-194.45670652208955,-196.2765412950125,-198.0113391229531,-199.6650734889385
114,0.16015625,-12.748564196556355,-21.29990088156917,-29.427663066985748,-37.169981675686806,-44.5492333503249,-51.5834191845745,-58.28890607186812,-64.68110764954639,-70.77467283047876,-76.58355576513404,-82.12105639710599,-87.39985291154808,-92.43203119917898,-97.22911260226955,-101.80208028894747,-106.16140438166339,-110.31706591158226,-114.27857965619582,-118.05501591232728,-121.6550212538709,-125.08683832129013,-128.3583246877818,-131.47697084500246,-134.4499173492884,-137.28397116744185,-139.98562125936547,-142.56105343310136,-145.01616450619468,-147.356575805733,-149.58764603790476,-151.71448355649923,-153.74195805838963,-155.67471173275342,-157.5171698895193,-159.27355109135948,-160.9478768124041,-162.54398064577447,-164.0655170810088,-165.51596987145706,-166.8986600108035
115,0.15937500000000002,-10.221751032808701,-17.07782631969947,-23.594130312446698,-29.80127285995439,-35.71722110348222,-41.35642726666979,-46.7320289360314,-51.85639635616,-56.74128441287071,-61.397889267344404,-65.83688124413652,-70.06843111311917,-74.10223390903876,-77.94753132626336,-81.6131329804441,-85.107436647198,-88.4384475415728,-91.61379668856267,-94.64075842958938,-97.52626710676431,-100.2769329643065,-102.89905730438973,-105.39864693278736,-107.7814279278894,-110.05285876501993,-112.21814282642362,-114.28224032581498,-116.24987967499926,-118.12556831876071,-119.91360306295917,-121.61807991960286,-123.24290349152633,-124.79179591825223,-126.2683054035759,-127.67581434446339,-129.0175470799222,-130.29657727762563,-131.5158349752485,-132.67811329265558,-133.78607483035233
116,0.15859375000000003,-7.680834757212791,-12.832952504808144,-17.729896694286772,-22.394635025142097,-26.84064513748359,-31.07876947754404,-35.11886657449221,-38.97022109842938,-42.64165732280611,-46.14158119324995,-49.47800470505521,-52.658565412419605,-55.69054415019664,-58.58088172778331,-61.33619480165426,-63.96279100096811,-66.46668334853078,-68.85360401098198,-71.1290174091611,-73.29813271804414,-75.36591578432548,-77.3371004885062,-79.21619957718912,-81.00751499012115,-82.7151477054344,-84.3430071254752,-85.89482002458382,-87.37413907921305,-88.78435099983942,-90.12868428321407,-91.41021660265694,-92.63188185326126,-93.79647686811427,-94.90666782086899,-95.96499632930937,-96.97388527385867,-97.93564434433311,-98.85247532763228,-99.7264771484484,-100.5596506745376
117,0.15781250000000002,-5.126379459210322,-8.56467926231996,-11.832517585557365,-14.94525988508789,-17.911926904136525,-20.73977406739618,-23.435395826512554,-26.005000640140018,-28.454487508374953,-30.789474581028273,-33.01531579274211,-35.13711414477003,-37.15973372540939,-39.08781099789781,-40.92576550740048,-42.67781006581299,-44.34796044871245,-45.94004463131534,-47.45771158712897,-48.90443967113003,-50.28354460784868,-51.59818710353081,-52.85138010049071,-54.04599569077631,-55.18477170538793,-56.27031799446509,-57.30512241307525,-58.29155652652116,-59.23188104840371,-60.12825102402584,-60.98272077112921,-61.79724858936356,-62.5737012493648,-63.31385827177654,-64.01941600607881,-64.69199151860963,-65.33312629872137,-65.94428979160203,-66.52688276586943,-67.08224052368993
118,0.15703125,-2.5657504175287595,-4.286884708619599,-5.922819612914444,-7.481218003005545,-8.966575422319142,-10.382508822354351,-11.732307586901495,-13.01907017574107,-14.245741818322772,-15.415128429981957,-16.52990466109801,-17.59262034685211,-18.60570637746544,-19.57148023706447,-20.492151276585098,-21.369825743264453,-22.206511579266234,-23.00412299966686,-23.764484859352386,-24.489336818086777,-25.180337312701226,-25.839067345055824,-26.46703409411806,-27.06567436015852,-27.636357848746975,-28.180390301909732,-28.69901648348375,-29.19342302539931,-29.664741141326864,-30.11404921382568,-30.542375260867917,-30.95069928732911,-31.339955526801077,-31.711034578814942,-32.06478544634835,-32.40201747825467,-32.72350222104,-33.02997518421722,-33.32213752325266,-33.600657643959465
119,0.15625,0.0005979483714822337,0.0012718905973765284,0.002046546714482463,0.0028955864520932312,0.003800280508811486,0.004746735249973705,0.005724290889902226,0.006724551927817197,0.007740773285196557,0.00876745428382102,0.009800058982514601,0.010834816445447582,0.01186857354525373,0.012898683511065078,0.013922919627573093,0.014939407105109211,0.015946568426867383,0.016943078892169477,0.017927830041108768,0.018899899244626813,0.01985852420354419,0.020803081402814644,0.02173306777647069,0.02264808501929202,0.023547826091213222,0.024432063550249225,0.025300639428128872,0.02615345641167003,0.026990470133133642,0.027811682415986836,0.02861713533603625,0.029406905995829936,0.030181101906906573,0.03093985691304268,0.031683327578111,0.03241168998466645,0.03312513689505009,0.03382387522584819,0.03450812381021246,0.03517811140228089
120,0.15546875,2.5651526265991977,4.285613157167564,5.920773620657334,7.47832321554451,8.962776211613614,10.377763451813696,11.726584977882089,13.012347643396934,14.238003421230317,15.406363725741203,16.520107741574346,17.581789073146545,18.593841762114593,19.558585937681553,20.478233175831843,21.354891596962613,22.190570719181494,22.987186080745786,23.74656364355773,24.470443988644234,25.16048631384954,25.81827224335475,26.44530945808507,27.043035155595774,27.61281934756781,28.155968002626896,28.673726041820682,29.16728019372031,29.637761715768335,30.086248988183183,30.51376998641187,30.921304637851417,31.309787068265177,31.68010774308527,32.033115508525306,32.3696195372059,32.69039118277126,32.996165747755406,33.287644168774136,33.56549462290098
121,0.1546875,5.127571669321644,8.567215201717223,11.836598061085262,14.951033205394147,17.919504034746005,20.749238272229174,23.446809115643543,26.01840828440609,28.469921330043807,30.806955434925776,33.03485548977767,35.1587169772301,37.183397698764935,39.11352884039496,40.95352550758163,42.70759677419804,44.3797552705116,45.97382633050253,47.493456717590156,48.94212294717916,50.32313922389897,51.639665010807434,52.89471224718635,54.09115223092688,55.231722180840364,56.31903149358272,57.35556770925707,58.34370219913825,59.285695588363666,60.183702925870655,61.03977861329179,61.85588110400536,62.63387738300665,63.37554723780054,64.08258733002889,64.75661507710836,65.39917235272705,66.01172901462988,66.59568626775126,67.15237987035518
122,0.15390625000000002,7.680240651700628,12.831688792555198,17.72786331573162,22.39175808431842,26.836869349344237,31.074053362858148,35.113179246275,38.96354001174934,42.633966634582734,46.13287052552522,49.468268186181795,52.64780091674654,55.678752684077196,58.568066926336996,61.322362511327746,63.94794892981576,66.45084077083064,68.83677151603088,71.11120668644256,73.27935637262037,75.34618717757535,77.31643360028856,79.19460888622156,80.98501536995256,82.69175433383376,84.31873540541012,85.86968551525997,87.348157435878,88.7575379212399,90.10105546576784,91.3817877005162,92.60266844357515,93.76649442086622,94.87593167276835,95.93352166126638,96.94168709163591,97.90273746201902,98.81887435361158,99.6921964736036,100.52470446242111
123,0.153125,10.222932205753608,17.08033878205022,23.59817301206296,29.806992732531366,35.72472808732005,41.365803854930235,46.743336564801815,51.86967987726362,56.7565753540681,61.41520829048893,65.8562400508904,70.08983395612447,74.12567881231985,77.97301108547008,81.64063599261831,85.1369476059586,88.46994802434054,91.64726565596715,94.6761726526255,97.56360153387838,100.31616103810788,102.94015123580225,105.44157793898157,107.82616643922506,110.09937460532927,112.2664053702481,114.33221863564239,116.30154262108077,118.17888468369863,119.96854163295244,121.67460956396097,123.3009932318609,124.85141498854655,126.3294233022014,127.7384008790611,129.0815724059595,130.36201193134568,131.58264990163065,132.7462798689552,133.85556488569887
124,0.15234375,12.747977439157916,21.29865279938365,29.425654838067008,37.16714031810699,44.54550426290885,51.5787614012241,58.28328908773454,64.67450919866437,70.76707726584762,76.57495283728225,82.11144030713595,87.38922156022309,92.42038558052379,97.21645630655506,101.78841909041348,106.14674589312402,110.30141929269485,114.26195536536254,118.03742549452006,121.63647715830695,125.06735374413965,128.33791343603633,131.45564721833367,134.42769603730738,137.26086716020933,139.96164976934807,142.53622982706435,144.99050424575088,147.33009439545057,149.56035898004603,151.6864063115789,153.71310601086725,155.6451001612442,157.48681394100913,159.24246575895899,160.9160769162399,162.5114808166671,164.03233174661753,165.48211324462721,166.86414607986072
125,0.15156250000000002,15.255264965578512,25.48815639381532,35.214257378940715,44.47918223725066,53.30969731108116,61.72733550079666,69.75167579971621,77.40115764466023,84.6933062169762,91.64481596377902,98.27159899221546,104.588823801106,110.61095046651396,116.35176378852793,121.8244048086803,127.0414008452377,132.01469413002974,136.75566911380653,141.275178501487,145.58356807550112,149.69070036291166,153.60597719960546,157.33836124251053,160.89639647856558,164.28822777697434,167.52161952917479,170.60397341894065,173.54234536308675,176.3434616613893,179.01373439256326,181.55927609142373,183.98591374075062,186.29920210979904,188.50443646994364,190.60666471650418,192.61069892446423,194.52112636450224,196.34232000451803,198.07844852068047,199.73348584088063
126,0.15078125000000003,17.737118706477762,29.634303528988195,40.94202741299906,51.71337477209867,61.97950132931089,71.7654692233031,81.09406307019138,89.98673852927811,98.46388533270496,106.54492510046401,114.2483680932718,121.59185859252598,128.5922160667221,135.26547390581666,141.6269162178509,147.69111287098463,153.47195288628953,158.98267626480373,164.2359043241898,169.24366861559133,174.0174384876033,178.56814736096123,182.90621777446515,187.04158525977783,190.9837210999825,194.74165402418242,198.32399088796416,201.73893638719085,204.9943118503553,208.09757315260785,211.05582779253342,213.87585117084504,216.5641021082991,219.12673763841846,221.56962710891824,223.8983656241555,226.11828685940878,228.2344752763446,230.25177776767094,232.1748147576444
127,0.15000000000000002,20.19354394390496,33.73883104553906,46.613234138834294,58.877142792225506,70.5659945231275,81.70829759628361,92.32997275789273,102.45543153601089,112.10787468301251,121.30940287103721,130.08108084658318,138.44298876759999,146.4142688289075,154.0131691768118,161.25708565844212,168.16260160305305,174.7455257476216,181.02092839651854,187.00317589725734,192.70596350994398,198.1423467445608,203.324771236946,208.26510123117313,212.97464673301747,217.4641893962608,221.7440072007681,225.82389797858224,229.71320184168906,233.42082256262896,236.9552479567765,240.32456931283195,243.5364999159304,246.59839270568727,249.51725710955824,252.29977508999303,254.9523164420816,257.48095337668195,259.8914744223808,262.18939767809945,264.37998344665334
128,0.14921875,22.616904738684326,37.787248922724054,52.20597877400118,65.94077907374218,79.03137415920558,91.50971906256261,103.40486518663411,114.7441696925301,125.55363080322367,135.85801246995695,145.6809166980837,155.04484138272247,163.97123277926735,172.48053487793263,180.592236311094,188.32491502596233,195.6962808562372,202.72321609874697,209.4218141908011,215.80741657803145,221.89464785786097,227.69744927956566,233.2291106779892,238.50230091432257,243.52909689386848,248.32101122740573,252.8890185996379,257.2435809052184,261.3946712099973,265.3517965924415,269.1240199175856,272.7199805934375,276.14791435739824,279.41567213805365,282.530738035556,285.5002464617932,288.33099847962455,291.0294773786088,293.60186352291976,296.05404850545375
129,0.1484375,25.00732300868183,41.78149458435382,57.724824809454404,72.91210618279759,87.3872289128069,101.18550086567954,114.33902473048008,126.87803362131584,138.8312608212376,150.22607696941859,161.08856958054213,171.44360667083595,181.31489453587926,190.72503216230473,199.69556295165444,208.24702400242992,216.39899309063318,224.17013346081563,231.5782365297733,238.64026259945322,245.37237967119424,251.7900004493005,257.9078176179785,263.73983747189135,269.29941197691596,274.59926933417864,279.65154311709676,284.4678000479291,289.05906647726005,293.4358536269177,297.6081816540008,301.58560259103047,305.3772222146632,308.9917208929835,312.4373734590497,315.72206815615203,318.85332469812835,321.83831148604776,324.68386202066887,327.3964905482147
130,0.14765625,27.357250032188944,45.7072233610954,63.14806291526606,79.76163654439326,95.59599228623046,110.68978105306067,125.07814192285612,138.79416489254314,151.86929638823923,164.33349001444418,176.21529400693825,187.54192116755644,198.33931231529468,208.63219599662582,218.4441452143598,227.79763145553383,236.71407617946005,245.21389989378073,253.31656893405747,261.0406400552939,268.40380293823273,275.42292070825005,282.1140685599798,288.4925705763969,294.5730348268841,300.36938682481997,305.8949014214424,311.162233209134,316.18344550383284,320.9700379730205,325.53297297260303,329.88270065305915,334.02918289237255,337.98191611060645,341.7499530183823,345.34192334909653,348.7660536223744,352.0301859840297,355.1417961657017,358.108010605296
131,0.146875,29.66692361122565,49.5665613150735,68.48052273931692,86.49754219253448,103.66969197643796,120.03886187394974,135.64313859325242,150.5183904373071,164.698706069599,178.21655734724465,191.1028937149106,203.38721772751327,215.0976536241955,226.26101190164778,236.90285069358947,247.04753424972557,256.718288681582,265.93725510877937,274.72554032739373,283.103265115309,291.08961028411386,298.70286058212844,305.960446548406,312.8789844130314,319.4743141346643,325.761535662098,331.7550435026076,337.4685596760335,342.9151651298846,348.107329687263,353.0569405960634,357.7753297447352,362.27329960683323,366.5611479737142,370.6486915319461,374.54528833937593,378.25985925128396,381.8009083456444,385.1765423942483,388.3944894242313
132,0.14609375000000002,31.928928781928374,53.34539756802016,73.70081824943153,93.09073700181528,111.57122933129914,129.18740373455856,145.98027032062248,161.98844791140337,177.24863725849227,191.79579694571632,205.66324542991646,218.8827426436717,231.48456403580445,243.49757024933294,254.94927332209855,265.8658997367734,276.2724505078598,286.19275845459185,295.6495427943491,304.66446118293925,313.2581593216578,321.4503182452035,329.25969939907765,336.7041876099694,343.80083204773405,350.5658852729268,357.014840459446,363.162466877631,369.02284371915215,374.6093923412298,379.9349070040705,385.01158417196933,389.8510504452014,394.464389186718,398.8621659046377,403.0544524486883,407.050850076031,410.8605114392971,414.492161547219,417.954117745852
133,0.25078125,65.29508968766316,109.09229519667055,150.71974828954376,190.37281763318947,228.16616112448384,264.1920133793165,298.5342306461509,331.27178097528616,362.47971140989443,392.22950735174715,420.5893009901224,447.6240380047352,473.3956288497862,497.96309114786,521.3826849946237,543.7080418364085,564.9902873002031,585.2781582777524,604.6181145369688,623.0544451176042,640.6293697552672,657.3831355662504,673.354109214675,688.5788647731026,703.0922674778732,716.9275535710158,730.1164064116059,742.6890290308982,754.6742132974031,766.0994058503235,776.9907709523476,787.3732504057475,797.270620669002,806.7055473047496,815.6996368837607,824.2734864638041,832.4467307567102,840.2380870916495,847.6653982776037,854.7456734631745
134,0.25,65.34584062142375,109.17723628597169,150.8372957301677,190.52152473799285,228.344659166895,264.39899645912,298.76845071836163,331.53204514716487,362.76487971627665,392.5384906322361,420.9210588066996,447.97757660146834,473.76999916452746,498.3573868837357,521.7960407561152,544.1396313325272,565.4393216156807,585.7438842121026,605.099813010572,623.5514296434797,641.1409849748889,657.9087558475459,673.8931373102216,689.1307305364583,703.6564266359425,717.5034865503466,730.703617216527,743.2870441714391,755.2825807649747,766.7176941391909,777.6185681249826,788.010163200201,797.9162736465026,807.3595820357947,816.36171117103,824.9432736002851,833.1239188174903,840.92237825789,848.3565081912674,855.4433306111399
135,0.1453125,34.143617764340966,57.046033712491784,78.81401547402837,99.54969209078635,119.31299691471975,138.15214338104255,156.1109673998405,173.23075132291763,189.55072902625102,205.1082733851054,219.93900496051359,234.07687895301922,247.55426415004206,260.4020172627017,272.64955358250046,284.3249142966433,295.4548306554773,306.0647851463251,316.1790698141236,325.82084186140514,335.01217665392386,343.7741182524598,352.1267275858413,360.08912837498804,367.67955091272864,374.91537379931515,381.8131637289544,388.38871341825114,394.65707776324575,400.63260830770645,406.3289861014861,411.75925302410036,416.9358416451596,421.87060368998317,426.5748371755106,431.05931227860634,435.3342959959523,439.4095756519592,443.294481308505,446.997907127781
136,0.14453125,36.303755068164755,60.65467965954505,83.79918353068777,105.84590210927351,126.85859264567192,146.88854311207695,165.98238180762092,184.1840182813283,201.53518133792898,218.07561900928545,233.8432145539346,248.87407922465448,263.20263644188356,276.8617010097237,289.88255438018405,302.29501633658316,314.1275133090438,325.4071434911338,336.1597389105179,346.409924597156,356.18117498528,365.4958676787853,374.3753347034876,382.83991136388426,390.90898281649925,398.6010284666222,405.93366429024024,412.9236831781848,419.587093394958,425.93915524038727,431.994415998109,437.7667432509748,443.26935663969357,448.5148581374846,453.5152609100916,458.2820168272701,462.8260426887727,467.157745224901,471.2870449288992,475.22339877576724
137,0.0,64.89250026041749,108.41965496200375,149.79043053677606,189.19899217308065,226.75929159941134,262.5629953203172,296.69344300131763,329.229116158193,360.2445994090795,389.8109376405351,417.9958431623987,444.86386139078604,470.47652120520485,494.89247646892534,518.1676405028702,540.3553141712997,561.5063079566642,581.6690583235859,600.8897386435876,619.2123649359928,636.6788966676316,653.3293328424232,669.2018036009955,684.3326575402268,698.7565449527322,712.506497176982,725.6140022398041,738.1090769645374,750.0203357099842,761.3750558976128,772.1992404770727,782.5176774730977,792.3539967501664,801.730724124925,810.6693329502975,819.1902932894229,827.3131187920301,835.0564113806014,842.4379038486705,849.4745004687959
138,0.2515625,65.14444811811522,108.840779095427,150.37247525912602,189.93443764815007,227.64104695802453,263.5843150186427,297.8478964181255,330.51057009813127,361.6472039920391,391.32911335256154,419.62426855648505,446.59746132000384,472.3104555566919,496.8221293833075,520.188610065014,542.463402557215,563.6975120204199,583.9395606075863,603.2358987954153,621.6307115151413,639.1661193257356,655.8822748609899,671.8174547711112,687.0081473692146,701.4891361832732,715.2935796047544,728.453086816236,740.9977901718131,752.9564141959705,764.3563413588913,775.2236747787713,785.5832979946988,795.4589319469454,804.8731892951283,813.8476261986045,822.4027916776641,830.5582746685335,838.3327488799301,845.7440155538876,852.8090442287471
139,0.0,64.54141842943437,107.83328230853273,148.9805584741979,188.17634159060768,225.53395199634184,261.1445486254127,295.0910107920143,327.4513874785464,358.29985299531484,387.7070619589583,415.74035515141713,442.4639241808039,467.9389609312144,492.2237982451388,515.374043612627,537.4427065177833,558.4803198151419,578.5350554323493,597.6528346679271,615.8774333371587,633.2505820066715,649.8120615469629,665.5997942213992,680.6499305200842,694.9969319372618,708.6736498816838,721.7114009005279,734.1400383890464,745.9880209500717,757.2824775598779,768.0492696895583,778.3130505241452,788.0973214150407,797.4244856950053,806.3158999789105,814.7919230677162,822.8719625676389,830.5745193312456,837.9172298222436,844.9169065009504
140,0.14375000000000002,38.40980515991593,64.17379834208751,88.66159359462007,111.98808503311487,134.22069755073366,155.41367098312963,175.61632017933528,194.87508702057622,213.23410870543248,230.7354287111157,247.41911910242254,263.3233783804215,278.4846203164709,292.93755759423414,306.7152813079405,319.84933669905035,332.3697953496822,344.3053240068504,355.6832501958157,366.52962477190204,376.8692815530557,386.7258941688823,396.1220302556849,405.07920312111764,413.61792099635755,421.75773398826425,429.51727883879505,436.9143215939679,443.96579827991206,450.6878536790205,457.0958782948811,463.2045435905496,469.02783558076504,474.57908685498023,479.8710071044738,484.91571222340406,489.72475205040604,494.3091368142158,498.67936234386394,502.8454341011283
141,0.0,40.45475663206403,67.59000548098402,93.38089897901135,117.9484920323304,141.3638305509134,163.6840657750775,184.9611567150957,205.2440329301379,224.5791940061195,243.01093236310655,260.58146249844685,277.3310243472364,293.297977069696,308.5188873168305,323.0286130942622,336.86038363707405,350.04587553261274,362.61528527940317,374.59739845235305,386.019655634073,396.9082152640361,407.2880135499624,417.18282157894726,426.6152997593791,435.6070497185122,444.1786637746893,452.3497720976348,460.1390876649137,467.5644491175844,474.64286161325583,481.39053577015227,487.82292479142046,493.95475985471984,499.8000838481817,505.3722835300119,510.6841201854072,515.7477588510102,520.5747961738388,525.1762869685086,529.5627695335677
142,0.0,42.43918333400194,70.90591016468588,97.96254350730644,123.73603419081438,148.30088295270266,171.7170216224488,194.03893994559598,215.317953003155,235.60282919580644,254.94002339069348,273.37381209877304,290.9464016151783,307.69802619219615,323.66704047079503,338.89000733033095,353.4017815796141,367.2355897312288,380.4231060518514,392.9945250637828,404.9786306629511,416.4028620107467,427.2933763497983,437.6751088869004,447.5718298797425,457.0061990577834,465.99981750157787,474.57327709911993,482.7462076922573,490.537322020973,497.96445856833134,505.0446224040805,511.7940241203667,518.2281169486238,524.3616321425893,530.2086127084068,535.7824455590113,541.0958921663932,546.1611177818918,550.9897192914135,555.5927517693231
143,0.14296875,40.45475663206403,67.59000548098402,93.38089897901135,117.9484920323304,141.3638305509134,163.6840657750775,184.9611567150957,205.2440329301379,224.5791940061195,243.01093236310655,260.58146249844685,277.3310243472364,293.297977069696,308.5188873168305,323.0286130942622,336.86038363707405,350.04587553261274,362.61528527940317,374.59739845235305,386.019655634073,396.9082152640361,407.2880135499624,417.18282157894726,426.6152997593791,435.6070497185122,444.1786637746893,452.3497720976348,460.1390876649137,467.5644491175844,474.64286161325583,481.39053577015227,487.82292479142046,493.95475985471984,499.8000838481817,505.3722835300119,510.6841201854072,515.7477588510102,520.5747961738388,525.1762869685086,529.5627695335677
144,0.1421875,42.43918333400194,70.90591016468588,97.96254350730644,123.73603419081438,148.30088295270266,171.7170216224488,194.03893994559598,215.317953003155,235.60282919580644,254.94002339069348,273.37381209877304,290.9464016151783,307.69802619219615,323.66704047079503,338.89000733033095,353.4017815796141,367.2355897312288,380.4231060518514,392.9945250637828,404.9786306629511,416.4028620107467,427.2933763497983,437.6751088869004,447.5718298797425,457.0061990577834,465.99981750157787,474.57327709911993,482.7462076922573,490.537322020973,497.96445856833134,505.0446224040805,511.7940241203667,518.2281169486238,524.3616321425893,530.2086127084068,535.7824455590113,541.0958921663932,546.1611177818918,550.9897192914135,555.5927517693231
145,0.14140625,44.356341168627075,74.10861644239843,102.38689013238792,129.32389027954565,154.99751343179702,179.4704217411903,202.7995845845695,225.0386498642523,246.23860126193347,266.448002508387,285.71313907335946,304.0781314816844,321.5850381363859,338.2739520898085,354.1830929899905,369.34889465449305,383.8060885311905,397.5877832521082,410.7255404667524,423.24944713006596,435.18818441128246,446.5690933819317,457.41823763372923,467.76046296999914,477.6194543075079,487.0177899191597,495.97699314188924,504.5175816682641,512.6591145347421,520.4202369142614,527.8187228157793,534.8715157886008,541.5947677247253,548.0038758481195,554.1135179756342,559.9376861303393,565.4897185842707,570.7823304039758,575.827642568833,580.6372097288227
146,0.140625,46.20690983024186,77.20086347222627,106.65952176296344,134.7211095506915,161.466744095425,186.9616797208171,211.2652451215276,234.43331220381964,256.51897989707095,277.57282804865537,297.64306463627827,316.77564353329365,335.0143714153726,352.40100841167214,368.9753637643639,384.77538695811995,399.83725458348925,414.19545314442144,427.882858000985,440.9308086274187,453.3691803570008,465.22645277728213,476.529774931703,487.305027476444,497.5768819344754,507.3688571822003,516.7033732978105,525.6018028944783,534.0845200557742,542.1709469852512,549.8795984769071,557.2281243082851,564.2333496532023,570.9113136066013,577.2773059096869,583.3459019593994,589.1309961823654,594.6458338497062,599.903041405545,604.9146553786236
147,0.13984375,47.98445411176882,80.17032313953445,110.76163206053008,139.9019637379766,167.675585099643,194.15028287631307,219.38768557625664,243.44582868778772,266.3798656570327,288.2423321139274,309.08329913530633,328.95049581803414,347.8894205038983,365.9434454595821,383.1539163386988,399.56024691468633,415.20000936501884,430.10902032949394,444.32142294414973,457.86976504017656,470.7850736876205,483.0969262550201,494.8335181479991,506.0217273821753,516.6871761384372,526.8542894416867,536.5463510975379,545.7855570151609,554.5930660384477,562.9890484019712,570.9927319227455,578.6224460336153,585.8956637591338,592.8290417300954,599.438458328373,605.7390500494337,611.7452461658221,617.4708017710016,622.928829279243,628.1318284536997
148,0.1390625,49.68975536188006,83.01984778426224,114.69890859857188,144.87558447019512,173.6371090667976,201.05365689161277,227.18902980729365,252.10331207647985,275.8536057846941,298.49430391796494,320.07724870253514,340.6518582690697,360.2652416339015,378.9623069492927,396.78586438301363,413.77672412440387,429.9737898012654,445.41414753405314,460.1331508330746,474.1645015325969,487.5403269464185,500.2912534208825,512.4464764531925,524.0338275351653,535.0798378751372,545.6097991436633,555.6478213818932,565.2168882050545,574.3389094273028,583.0347712283346,591.3243839765325,599.2267278180888,606.7598961364097,613.9411369812881,620.786892562649,627.312836899268,633.5339117086465,639.464360620186,645.1177617899986,650.5070589919999
149,0.13828125000000002,51.31672693871985,85.73775313486824,118.45349169454138,149.6174950671475,179.31988102667978,207.63314295493058,234.6231885313566,260.35208302218945,284.8788095986564,308.2595518902295,330.54785787599434,351.794770959094,372.0489489076725,391.35677579830485,409.76246838047473,427.308177384476,444.0340840724123,459.9784922703569,475.1779160970904,489.6671635918451,503.47941643327295,516.6463059326064,529.197985475323,541.1631995774273,552.5693497146623,563.4425570755249,573.8077223819012,583.6885829144011,593.1077668730394,602.0868451978197,610.6463809679236,618.8059764926862,626.5843182022053,633.9992194404343,641.0676612587622,647.8058313035235,654.229160886508,660.3523603233675,666.1894526208714,671.7538055901477
150,0.1375,52.866247028051006,88.32698712749531,122.03113852090785,154.13685323471506,184.73694351967657,213.90607140946844,241.71211857504517,268.21901119597,293.4875024605693,317.5754631426839,340.53805009253136,362.4278410188803,383.2949568359749,403.18717684548966,422.15004820187255,440.2269901907414,457.45939362334684,473.8867155883826,489.54656978024497,504.47481261021204,518.7056252970273,532.2715921242138,545.2037750427871,557.5317847897953,569.2838486852172,580.486875262197,591.1665158784195,601.3472234495346,611.0523084389903,620.3039922323815,629.1234580184325,637.5308992930687,645.545566097559,653.1858090965826,660.4691215970915,667.4121796041577,674.0308800054981,680.3403769720821,686.3551166581624,692.0888702801566
151,0.13671875,54.332615079403304,90.7765813711046,125.41504616194703,158.41058478562925,189.85861025633704,219.83587566107653,248.41216150773894,275.653180187475,301.621380945753,326.376249020826,349.97447915293526,372.4701143519497,393.9146718210493,414.35726147344405,433.8446985435233,452.42161084516573,470.13054099426137,487.0120438473315,503.10477938421224,518.4456012490393,533.0696411529846,547.01038933242,560.2997712470254,572.9682206936905,585.0447495037998,596.5570139836291,607.5313782501042,617.9929746070436,627.9657611002054,637.4725763830025,646.5351920185625,655.1743623379523,663.4098719687581,671.2605811429008,678.7444688874559,685.8786741974017,692.6795352846023,699.1626269929102,705.3427964650915,711.2341971432472
152,0.13593750000000002,55.71680070132561,93.08956122304075,128.61100589423802,162.44781704256616,194.69781328350246,225.4396838649106,254.74497175298072,282.6810509180515,309.3119510876498,334.6986640308671,358.89932116157536,381.96933560758987,403.96153116896284,424.9262637214983,444.91153659296754,463.9631104709312,482.1246081619717,499.43761445694685,515.9417713334057,531.6748687129359,546.6729309806439,560.9702994642863,574.5997110614303,587.5923731943137,599.9780352637393,611.785056765385,623.0404722243165,633.7700530962481,643.9983667771593,653.7488328563096,663.0437767413603,671.9044807783505,680.3512329835052,688.4033734984368,696.0793388750694,703.3967042916523,710.3722237965192,717.0218686717018,723.3608640042474,729.4037235489466
153,0.13515625,57.01352458053385,95.2557417965604,131.60337516446168,166.22702057124852,199.22679801835193,230.6832470896982,260.6695909015861,289.2547838313492,316.5043561783371,342.4807280433132,367.24339138575033,390.8490556291175,413.35177979094266,434.80309684212466,455.2521318704702,474.745714628129,493.3284867954016,511.043004225079,527.9298344064193,544.0276493734881,559.3733142712924,574.0019717828977,587.9471226111083,601.2407021992174,613.9131538666616,625.993498527168,637.5094011491514,648.4872341106262,658.9521375937729,668.9280771575187,678.4378986200082,687.503380376686,696.1452832738162,704.3833981516849,712.2365911663718,719.7228469938931,726.859310015678,733.6623235796864,740.1474674271078,746.3295933703388
154,0.134375,58.22384177039883,97.27820721786858,134.39794364815097,169.75723603815518,203.45830628379707,235.58338570175937,266.20723746729936,295.40026795860734,323.22938867785325,349.7583363548451,375.0478585676149,399.1558622226658,422.13754832956647,444.04553887753036,464.92999741117353,484.8387438901421,503.8173641672396,521.9093143514225,539.1560202974164,555.5969724496833,571.2698162573755,586.2104383667763,600.4530487881428,614.0302592247625,626.9731577433126,639.3113799562796,651.0731768792716,662.2854796184697,672.9739610362176,683.1630945358811,692.8762101004944,702.1355477134683,710.9623082836143,719.3767021910738,727.3979955652665,735.0445544008004,742.3338866123444,749.2826821247266,755.906851090064,762.2215603193938
155,0.13359375,59.34292674353713,99.1476188977219,136.98032559592318,173.0186114981078,207.36668631986393,240.1083795887318,271.319905584566,301.07303554422424,329.43597680485635,356.473699489062,382.24812598783546,406.81828250579366,430.240436582994,452.5682265301221,473.8527844158993,494.14285320975074,513.4848984255815,531.923214541467,549.5000264440239,566.2555861312952,582.2282648962432,597.4546412022961,611.9695844524077,625.8063348436449,638.9965794903051,651.5705249899811,663.5569665988442,674.9833541746228,685.8758550383329,696.259413898775,706.1578099770417,715.5937114619039,724.5887274207809,733.16345728521,741.337538024148,749.12968911314,756.5577554023657,763.6387479817158,770.3888831365175,776.8236194830989
156,0.1328125,60.371913493392476,100.8671007165299,139.35627338700053,176.02004522268584,210.9644111679737,244.27463762496512,276.0282470381576,306.298244114866,335.1540096002483,362.66163222669894,388.8841012073939,413.8814602121916,437.71094712759736,460.42712562417256,482.0820101884432,502.72518522618725,522.4039185844865,541.1632697690314,559.0461931075523,576.0936360956608,592.3446331498411,607.8363949817916,622.6043937983674,636.6824445219088,650.1027822166947,662.8961358986121,675.0917988969038,686.7176959289899,697.800447041842,708.3654285662604,718.4368312235467,728.0377155175876,737.1900645391266,745.9148343031183,754.2320017343814,762.1606104114171,769.7188141731118,776.9239186881534,783.7924210823475,790.3400477145444
157,0.13203125,61.30646002946218,102.42821795805558,141.51274676886322,178.74348514965027,214.22809004262612,248.05316408204388,280.29744282494397,311.0350718741745,340.3365150837768,368.2688920357804,394.8961737805721,420.2793393877396,444.4765180117749,467.5431226051287,489.53197697123,510.49343678016254,530.4755049040903,549.5239413561847,567.6823680899507,584.9923689004538,601.4935846568283,617.2238040844717,632.21905030502,646.5136633324429,660.1403787142992,673.130402498326,685.513482696119,697.3179774076161,708.5709197624324,719.298079826813,729.524023617992,739.2721693611427,748.5648411177506,757.4233199082585,765.8678924460525,773.9178975944153,781.5917706528394,788.9070855741198,795.8805952089278,802.5282696700123
158,0.13125,62.1477722938161,103.8341149971512,143.45542535909112,181.19763229487634,217.16985030330227,251.45985517617768,284.1474506756007,315.30778973972156,345.0122946013269,373.32899853639054,400.3227440437901,426.0553413675502,450.5857123805104,473.9700260314063,496.26182706206794,517.5121586200537,537.769679124727,557.0807736716738,575.4896602339129,593.0384909032765,609.7674484034193,625.7148380950418,640.9171756836433,655.4092708303727,669.2243068572183,682.3939167288632,694.9482554850662,706.9160692893147,718.3247612517648,729.2004541771313,739.5680503811387,749.451288712474,758.8727989107456,767.8541534249176,776.4159168108233,784.5776928208603,792.3581692936775,799.7751609466189,806.8456501689112,813.585825908984
159,0.13046875000000002,62.89201860265115,105.07731299342196,145.17269479952802,183.36634577604107,219.7687063509583,254.46861833121955,287.5468531201702,319.0794735543591,349.1387655716335,377.7935843989151,405.10955534318833,431.1492343827722,455.9722539010271,479.63545985289113,502.1930421001858,523.696658554202,544.1955534916923,563.736670335223,582.3647591613375,600.1224791841959,617.0504964499619,633.187576965942,648.5706754779279,663.2350200991835,677.2141929849906,690.5402072375662,703.2435802175435,715.3534034299518,726.8974091447691,737.9020339046556,748.3924790653184,758.3927685071857,767.9258036505449,777.0134159001736,785.6764166395537,793.9346448891788,801.8070127381011,809.3115486527561,816.4654387622622,823.2850662147325
160,0.1296875,63.54046941162719,106.16095743004318,146.67012692937652,185.25807570865427,222.0363650939254,257.09473909977413,290.5147907891789,322.37335798827934,352.7434640756816,381.69466742317417,409.29326403977177,435.6024496629595,460.68246687897243,484.5907436144743,507.38202474546,529.1084974632889,549.8199107642688,569.5636893543407,588.385042233302,606.3270662075396,623.4308445680236,639.7355411591673,655.2784900536435,670.0952810382713,684.2198411065307,697.6845121441522,710.5201249855601,722.7560700106496,734.4203644434722,745.5397165068762,756.1395865799508,766.2442454982835,775.8768301304771,785.0593963581813,793.8129695809158,802.1575928613217,810.1123728210697,817.6955233925004,824.9244075261847,831.8155769498798
161,0.12890625,64.08982696724031,107.07857145199243,147.937604891213,186.85869190420155,223.95437550279522,259.31518892735085,293.0234414449685,325.1566441732257,355.788459466938,384.98905368255384,412.82530178181867,439.36095097337716,464.65676921598646,488.7706849928566,511.7579201256841,533.671116278765,554.5604555260965,574.473775277829,593.4566778344384,611.5526348209372,628.8030867408178,645.2475378779676,660.923646764034,675.8673124185402,690.1127565593333,703.6926019716866,716.6379472155927,728.9784378423668,740.7423342836806,751.9565765685303,762.6468460163562,772.8376240476268,782.5522482465583,791.8129658043904,800.640984465599,809.0565210937291,817.0788479680732,824.7263369172138,832.0165013905155,838.9660365638971
162,0.12812500000000002,64.5414184059582,107.8332822578183,148.9805583936219,188.17634148005698,225.53395185776895,261.1445484624381,295.09101060956846,327.45138728254864,358.2998527923991,387.70706175623627,415.7403549562743,442.46392400072506,467.938960773644,492.22379811735897,515.3740435216645,537.4427064703316,558.4803198175058,578.5350554903989,597.6528347870676,615.8774335223086,633.2505822622547,649.8120618769045,665.5997946291299,680.6499310085466,694.9969325089263,708.6736505385638,721.7114016441997,734.1400392206696,745.9880218704142,757.2824785693383,768.0492707881889,778.3130517116805,788.097322690918,797.4244870583909,806.315901428724,814.7919246026532,822.8719641861929,830.57452103173,837.9172316028137,844.9169083596214
163,0.12734375,64.8925002363296,108.41965490984425,149.79043045371384,189.1989920588393,226.75929145582168,262.5629951509163,296.693442810987,329.22911595283387,360.24459919533575,389.81093742555265,417.99584295361853,444.86386119576616,470.4765210314787,494.89247632387645,518.1676403936368,540.3553141046953,561.5063079391188,581.6690583610991,600.8897387416962,619.2123650997478,636.678896901589,653.3293331506381,669.2018039870258,684.3326580071388,698.7565455031157,712.5064978129645,725.6140029630702,738.1090777763499,750.0203366112069,761.3750568887339,772.1992415582274,782.5176786440963,792.353998010516,801.7307254738544,810.6693343867815,819.1902948122063,827.3131203996492,835.0564130714057,842.4379056208456,849.474502320381
164,0.1265625,65.1444480933959,108.84077904177765,150.3724751735012,189.93443753010482,227.64104680926397,263.5843148426173,297.84789621966564,330.51056988311916,361.6472037671279,391.3291131249316,419.6242683336335,446.5974611095639,472.31045536628756,496.82212922042635,520.188609936909,542.463402470822,563.6975119822982,583.9395606238686,603.2358988717737,621.6307116567638,639.1661195373139,655.8822751467138,671.8174551346704,687.0081478138032,701.4891367116046,715.2935802190743,728.453087518342,740.9977909630747,752.9564150773521,764.3563423309746,775.2236758417788,785.5832991485199,795.4589331911604,804.8731906290317,813.8476276212309,822.4027931878098,830.5582762647805,838.3327505606675,845.7440173173336,852.809046072968
165,0.12578125,65.29508966229471,109.09229514148593,150.71974820127434,190.3728175112142,228.16616097037536,264.1920131964327,298.5342304392664,331.27178075026023,362.4797111733862,392.22950711096877,420.5893007526258,447.6240377782271,473.3956286419811,497.9630909663492,521.3826848467749,543.7080417292813,564.990287240487,585.2781582717142,604.6181145904186,623.0544452358682,640.6293699431752,657.3831358281288,673.3541095543476,688.5788651938941,703.092267982623,716.9275541620909,730.1164070909189,742.689029799928,754.6742141572166,766.099406801599,776.9907719953962,787.3732515405414,797.2706218951967,806.7055486217074,815.699638290577,824.2734879593296,832.4467323395744,840.2380887602822,847.6654000302573,854.745675297944
166,0.125,65.34584059538814,109.177236229208,150.83729563917746,190.521524611973,228.34465900728122,264.3989962691744,298.7684505028005,331.5320449118225,362.7648794678178,392.538490377905,420.92105855410335,447.97757635838894,473.7699989387716,498.3573866830008,521.7960405878866,544.1396312039917,565.4393215336612,585.7438841830044,605.0998130403461,623.5514297375953,641.1409851383183,657.908756084757,673.8931376251766,689.1307309326169,703.6564271162742,717.5034871173443,730.7036178722235,743.2870449174266,755.2825816024272,766.7176950688871,777.6185691473272,788.0101643152522,797.9162748539944,807.359583335162,816.3617125614327,824.9432750806309,833.1239203864602,840.9223799139575,848.3565099327217,855.4433324361078
167,0.12421875,65.29511314744076,109.09234509618885,150.7198285809064,190.37293123700698,228.1663102279718,264.1921996258215,298.5344552617991,331.27204485758625,362.4800151922746,392.22985145218297,420.58968564881246,447.6244633139608,473.3960947780259,497.9635975595442,521.3832316665284,543.7086284713909,564.9909135388109,585.2788237080985,604.6188187031871,623.0551875271184,640.6301498850727,657.3839528683559,673.354963120831,688.5797546989184,703.093192826412,716.9285137359335,730.1174007798955,742.6900569852914,754.6752742184709,766.1004991183115,776.9918959487791,787.3744065148256,797.2718072788258,806.7067638083723,815.7008826801073,824.274760958459,832.4480333625974,840.2394172296088,847.6667553768817,854.7470569618342
168,0.1234375,65.14435426017343,108.84057944962859,150.37215401784962,189.93398313848522,227.64045044852293,263.5835699600494,297.84699793550993,330.50951463520283,361.6459890518432,391.3277373019297,419.62273047440806,446.5957608773796,472.3085929192123,496.82010513185486,520.1864251296317,542.4610581617897,563.6950096359625,583.936901912502,603.2330856415322,621.6277458985202,639.1630033614973,655.8790107615285,671.8140448271953,687.0045939335515,701.4854416562044,715.289746421779,728.4491174371294,740.9936870711323,752.9521798547707,764.3519782575033,775.2191853905106,785.5786847803994,795.4541973502143,804.8683357382392,813.8426560789632,822.397707364769,830.5530785013856,838.3274431648356,845.738602562614,852.8035261969876
169,0.12265625000000001,64.89257054695797,108.41980446592935,149.79067109698104,189.19933253496887,226.75973830826408,262.56355328952367,296.69411589228264,329.22990664626735,360.24550937734966,389.8119683259044,417.99699526881426,444.8651351790084,470.4779165653031,494.89399297968396,518.1692774810763,540.3570707130356,561.5081829721945,581.6710505670285,600.8918467382994,619.2145873963893,636.6812319180223,653.3317792333168,669.20435942326,684.3353210374073,698.7593143317912,712.5093706176684,725.6169779028369,738.112152998755,750.0235102585896,761.3783271036244,772.2026064880787,782.5211364453992,792.3575468523745,801.7343635410796,810.6730598825636,819.1941059604064,827.3170154467629,835.0603902882259,842.4419633038644,849.4786387929562
170,0.12187500000000001,64.54123131799408,107.83288430400009,148.9799180622281,188.17543549811325,225.53276281280458,261.1430632894371,295.08921957909064,327.44928329220807,358.29743085041446,387.704318592023,415.737288718545,442.4605340180864,467.93524736125937,492.21976241848506,515.3696873761969,537.4380323046712,558.4753305515311,578.5297544583493,597.6472256698762,615.8715202894521,633.2443691215834,649.8055532312181,665.5929950384897,680.6428451574985,694.9895651779487,708.6660065791655,721.7034859571868,734.1318567371736,745.9795775353302,757.2737773268799,768.0403175692995,778.3038514230789,788.0878802055929,797.4148072073667,806.3059889939586,814.7817843109374,822.8616007039379,830.5639389605442,837.9064354757808,844.9059026382009
171,0.12109375,64.0899436698206,107.07881968729791,147.93800431429904,186.85925703126486,223.95511719474126,259.3161153336171,293.02455863470084,325.15795657721185,355.7899701997235,384.99076478530725,412.8272144106128,439.3630655484832,464.6590855424389,488.7732023592641,511.7606373861966,533.6740319217433,554.5635677321147,574.4770819690023,593.4601767166113,611.5563234199376,628.8069624337367,645.2515979202313,660.9278883129022,675.871732553541,690.1173523000651,703.6973702933458,716.6428850625244,728.9835421398969,740.7476019484424,751.9620045174743,762.6524311746034,772.8433633552999,782.5581386647145,791.8190043201582,800.64716809661,809.0628468919282,817.0853130229718,824.7329383586524,832.0232363909902,838.9729023404956
172,0.1203125,63.54019022232896,106.16036356794723,146.66917136987604,185.25672372173517,222.0345906951402,257.09252279233635,290.51211805394666,322.37021822643766,352.7398498380486,381.6905738290934,409.28868832658895,435.59739082876547,460.67692539408694,484.58472118497224,507.37552411700403,529.1015222567779,549.8124653370132,569.5557786819982,588.3766718088974,606.3182419546882,623.4215727660641,639.7258283783581,655.2683430989232,670.0847069003463,684.208846919265,697.6731051474079,710.5083124927654,722.7438593804859,734.4077630551608,745.5267317386199,756.1262257901492,766.230516009187,775.8627392139991,785.0449512236127,793.7981773643253,802.1424606164524,810.0969075115603,817.6797318852853,824.9082965859386,831.7991532343933
173,0.11953125,62.89218097760832,105.07765837733635,145.1732505395802,183.36713206942628,219.76973830905962,254.46990729280284,287.548407529576,319.08129957639034,349.1408675397325,377.7959651530766,405.11221649192464,431.15217651083594,455.9754767371581,479.6389624072981,502.1968227785917,523.7007152533879,544.1998836801985,563.7412711219821,582.3696273543726,600.1276113410643,617.0558889212738,633.1932259330297,648.5765769855376,663.24117008391,677.2205873000444,690.5468416743785,703.2504505246206,715.3605053293362,726.9047383464084,737.9095861189393,748.4002500140026,758.4007539328987,767.9339993250421,777.0218176314837,785.6850202781463,793.9434463332644,801.8160079381582,809.3207336153744,816.4748095533802,823.2946189623309
174,0.11875000000000001,62.14740272439883,103.83332888794195,143.45416046249025,181.19584263792729,217.1675014897637,251.45692139768144,284.14391271280766,315.303633562725,345.0075103494673,373.32357974902874,400.3166870639396,426.04864486896673,450.57837698577583,473.9620539989029,496.2532220263066,517.5029253741171,537.7598234365045,557.0703021275766,575.4785801052041,593.026810031202,609.7551751001049,625.701981057711,640.9037439201711,655.3952735945387,669.2097535923034,682.3788170184603,694.9326190101488,706.8999057907579,718.3080804976329,729.1832659341393,739.5503643897872,749.4331146654112,758.8541464339868,767.8350320615821,776.3963360071035,784.557661913972,792.3376975015626,799.7542573592077,806.8243237407702,813.5640854531941
175,0.11796875000000001,61.30666707559979,102.42865836093638,141.51345539915303,178.74448776099175,214.22940590368984,248.0548076509992,280.29942486925137,311.0374002546351,340.3391953260078,368.2719277610922,394.8995670400014,420.2830909269191,444.48062748482903,467.54758874997776,489.5367977550094,510.4986095210522,530.4810263742179,549.529807869138,567.6885755756268,584.9989129693776,601.5004606556449,617.2310071439781,632.2265753818514,646.521505245328,660.1485321756437,673.1388621417586,685.5222431005338,697.327033118162,708.5802653088361,719.3077097393633,729.5339324414705,739.2823516669442,748.5752915144092,757.4340330505598,765.878863042899,773.9291204155817,781.6032405347471,788.9187974247384,795.8925440119008,802.5404504880937
176,0.1171875,60.37145582225387,100.86612720655437,139.3547069513318,176.01782892883048,210.96150241993448,244.271004461889,276.0238656589872,306.2930971450918,335.14808482852186,362.6549216522293,388.8766003014106,413.873167332297,437.70186304480535,460.4172531352588,482.0713537943707,502.71375086268563,522.3917133944781,541.1503019090892,559.032471582365,576.0791706157789,592.3294340089482,607.8204729504733,622.5877600319169,636.6651104801446,650.0847595941125,662.8774365634667,675.0724348380452,686.6976792094483,697.779789758318,708.3441428137828,718.4149290646781,728.015208955631,737.1669654948653,745.8911545946766,754.2077530598501,762.1358043339291,769.6934621080912,776.8980318924947,783.7660106453104,790.3131245501731
177,0.11640625,59.343177184214255,99.1481516040306,136.98118274697933,173.0198242451843,207.36827797009144,240.11036763052064,271.3223030420945,301.0758519258161,329.43921879423056,356.4773714665157,382.2522304342866,406.8228203231638,430.24540735293306,452.57362872605415,473.85861557891945,494.1491100959873,513.4915771306664,531.9303106063907,549.5075349456686,566.2635017602362,582.2365820238704,597.4633539389122,611.9786866976509,625.8158203303433,639.0064418226791,651.580757676963,663.5675630831589,674.9943078581757,685.8871593043746,696.2710621312339,706.169795577375,715.6060278637597,724.6013681027274,733.176415781761,741.3508079352721,749.143264112437,756.5716292440475,763.6529145065373,770.4033362767658,776.8383532667507
178,0.115625,58.22329881909154,97.27705230880376,134.39608533043085,169.75460677071544,203.45485553346953,235.57907555222934,266.2020396825135,295.3941619265605,323.2223599117881,349.75037536314403,375.03895997764704,399.1460240860124,422.12677156092866,444.0338267948472,464.91735535412454,484.8251789005251,503.8028847189901,521.8939301210075,539.139741967454,555.5798115401817,571.251784980135,586.1915494993631,600.4333155645149,614.009695240147,626.9517768713413,639.2891962767205,651.0502046149579,662.261733080236,672.9494545748406,683.1378425001536,692.8502268006915,702.1088473895614,710.9349050776767,719.3486101233892,727.3692285137168,735.0151260831601,742.3038105711535,749.2519717144547,755.8755194663077,762.1896204298827
179,0.11484375000000001,57.013816871547355,95.25636352161995,131.60437555102877,166.2284359761219,199.228655643389,230.68556734569955,260.6723889891283,289.25807084764233,316.50813992398616,342.4850136305938,367.2481817101683,390.85435174332883,413.3575812067127,434.8094017778064,455.2589374562946,474.7530170781908,493.3362815529295,511.0512860859782,527.9385976249341,544.0368877530021,559.3830212426674,574.0121404722788,587.9577458987732,601.2517727707578,613.9246642575697,626.0054411617238,637.5217683743621,648.500018225858,658.9653308766163,668.9416718863552,678.4518870936741,687.5177549315861,696.1600362987799,704.398522100833,712.2520785702168,719.7386904688794,726.8755022723319,733.6788574295357,740.1643357885062,746.3467892733177
180,0.11406250000000001,55.71617581716128,93.08823203489048,128.60886715092647,162.4447910108202,194.69384180449586,225.43472330060231,254.73898960638246,282.6740234667267,309.3038616587384,334.6895017004409,358.88907974626983,381.9580128649842,403.9491281518175,424.91278424847343,444.8969868095566,463.94749848160495,482.107943719456,499.41990869796825,515.9230365526751,531.6551181689208,546.6521787279978,560.9485602088054,574.5770000341738,587.5687060421254,599.9534279538792,611.7595255023547,623.0140333772698,633.7427231356188,643.9701622193486,653.7197702154328,663.0138724872006,671.8737512997762,680.3196945567099,688.3710422594451,696.0462307960107,703.3628351603865,710.3376091992252,716.9865239781049,723.3248043551864,729.366963846024
181,0.11328125,54.332947418499614,90.77728828133843,125.41618361555462,158.41219412072803,189.86072240175807,219.8385138241367,248.41534297167118,275.6569175699401,301.6256831161389,326.3811217918643,349.9799258168703,372.4761361056897,393.92126810949657,414.3644302708808,433.8524365870281,452.42991383016306,470.1394037396948,487.02146043613186,503.11474328343746,518.4561054131145,533.0806781127726,547.0219512723185,560.3118500718765,572.9808080869752,585.0578369783333,596.5705929257748,607.5454399583639,618.0075103257486,627.9807620489257,637.4880337822042,646.5510971119677,655.1907064119948,663.426646369477,671.2777772905691,678.7620782892029,685.8966884580582,692.6979461159689,699.1814262216241,705.3619760392502,711.2537491379239
182,0.1125,52.86554406344194,88.32549185466344,122.02873253723521,154.13344909391142,184.73247579577819,213.90049101171317,241.70538894583717,268.21110564867894,293.47840223901574,317.5651559579746,340.52652898869275,362.41510347332354,383.2810040330412,403.1720130810348,422.13368038933453,440.20942744732076,457.4406469204573,473.8667974543764,489.52549404615405,504.4525941912512,518.6822800040837,532.2471365006793,545.1782262229492,557.5051603756795,569.2561666392999,580.4581538138392,591.1367734422056,601.3164785539823,611.0205796643254,620.2712981562556,629.0898171686227,637.4963301063232,645.5100868838703,653.1494380082538,660.4318766020505,667.3740784630327,673.9919402520338,680.3006158965186,686.3145512932504,692.0475173895136
183,0.11171875,51.31709727669882,85.73854087142315,118.45475920151698,149.61928840905205,179.32223466857934,207.63608275753708,234.62673375397236,260.35624772511375,284.88360366536523,308.2649817980686,330.55392729365116,351.80148122035786,372.05629939401877,391.3647642524523,409.77109116648836,427.31742970567393,444.04396015542363,459.98898552164906,475.18901923684393,489.6788687689977,503.4917153247725,516.6591898293226,529.2114453566065,541.1772261759576,552.583933572938,563.4576885951328,573.8233918665192,583.7047806073396,593.1244829900138,602.1040699555401,610.6641046090125,618.8241893073574,626.6030105470894,634.0183817548791,641.087284078899,647.8259052743522,654.2496767722243,660.3733090161306,666.2108251481833,671.7755931210004
184,0.11093750000000001,49.688978650607005,83.01819564505595,114.69625020727928,144.8718232065744,173.63217264106402,201.04749106290058,227.18159418275664,252.09457716980356,275.8435508720044,298.4829154211641,320.06451893592856,340.6377844454612,360.2498250619262,378.94555237553465,396.76777944625536,413.75731889839165,429.9530764084878,445.3921398172784,460.10986407441663,474.1399522120951,487.51453253375036,500.2642321950767,512.418247346164,524.0044099956351,535.0492517500911,545.5780645749674,555.6149587160662,565.1829179144987,574.3038520415494,582.9986472740669,591.2872139253234,599.1885320409282,606.7206948642297,613.9009502707847,620.7457402667955,627.2707386419868,633.4908868631685,639.4204282906883,645.0729407961518,650.461367856102
185,0.11015625000000001,47.984860165124,80.17118684516271,110.76302180525121,139.90393002861182,167.67816572494485,194.1535061909016,219.39157269672867,243.45039503037037,266.385122058341,288.24828567598075,309.0899538806186,328.9578532090616,347.8974798625175,365.95220431088524,383.16337069617833,399.57039151915575,415.21083788641823,430.1205255385125,444.33359685900916,457.8825990527685,470.79855867233084,483.11105266292424,494.84827608861104,506.03710669454824,516.7031664531012,526.8708802346687,536.5635317375105,545.8033168046043,554.611394249582,563.0079343081039,571.0121648255903,578.6424152870627,585.916158789891,592.8500520555598,599.4599735720539,605.7610599542028,611.7677406052378,617.4937707589204,622.9522629779124,628.155717180497
186,0.109375,46.20606416071849,77.19906465199954,106.65662735282272,134.71701435205983,161.46136940032318,186.95496647263823,211.25714934117323,234.4238017870583,256.50803228008806,277.56042844785543,297.6292046836331,316.76032019419296,334.99758611469235,352.382766317482,368.9556731937209,384.75425887923745,399.8147021952249,414.1714915186495,427.85750377672036,440.90407974795994,453.3410958431497,465.1970325310497,476.49903956595153,487.2729981667246,497.54358028996126,507.334305133123,516.6675929972207,525.564816632483,534.0463501846773,542.1316158542513,549.8391283751947,557.1865374155332,564.1906679965853,570.8675590235835,577.2325000159167,583.3000661211331,589.0841514929053,594.598001109408,599.8542411049921,604.8649076846204
187,0.10859375,44.356780433621,74.10955079139849,102.38839354545857,129.3260173943451,155.00030512771548,179.47390869188675,202.80378963370416,225.0435896889063,246.24428758503245,266.4544430128307,285.72033811069,304.08609063401764,321.5937566701966,338.28342732784296,354.19332061977366,369.3598689867895,383.81780271831315,397.6002294735765,410.7387100880795,423.2633308392108,435.20277233637466,446.58437519316834,457.4342026318102,467.77710016304115,477.63675247804804,487.03573768259207,495.9955789974698,504.53679404363885,512.6789418248178,520.4406675151153,527.8397451542133,534.8931183478558,541.6169390668086,548.0266046331401,554.1367929784858,559.961496255035,565.514052876192,570.8071780602718,575.8529929471741,580.6630523546912
188,0.1078125,42.43827391976774,70.90397575306281,97.95943092210261,123.73163030361162,148.29510312251503,171.70980234097496,194.03023391858773,215.30772570636705,235.59105636457878,254.92668912707106,273.3589074039865,290.9299232259224,307.6799756408195,323.64742331501276,338.8688325142251,353.3790608982758,367.2113373785447,380.39733823591894,392.96725967797437,404.9498870032416,416.3726605318386,427.26173845402815,437.642056741039,447.5373862556639,456.97038719366674,465.9626609808593,474.5347997448467,482.70643347485947,490.49627497776106,497.9221627332712,505.0011017466005,511.74930249211667,518.1822180372532,524.3145794317307,530.1604294431505,535.7331547162495,541.0455164294829,546.1096795191536,550.9372405380395,555.5392542123134
189,0.10703125000000001,40.45522640017254,67.59100471204486,93.38250679010676,117.95076685500045,141.36681610307323,163.68779486025076,184.96565376312142,205.24931577609905,224.58527518695684,243.01782009522356,260.58916143558594,277.3395361814285,293.30730101655354,308.52902051328334,323.0395509284854,336.87212002489315,350.05840315096987,362.62859576490536,374.6114825710827,386.0345034275149,396.9238161749739,407.3043565314502,417.19989518888457,426.63309224276435,435.6255490790974,444.19785783747477,452.3696485634135,460.15963415789196,467.5856532269496,474.6647109294422,481.41301791644537,487.8460274514575,493.9784707963666,499.824390944211,505.39717477594434,510.70958371484085,515.7737829487216,520.6013692869027,525.20339771566,529.5904067129989
190,0.10625000000000001,38.40883760748447,64.17174026457798,88.65828202311965,111.98339960673718,134.21454821724367,155.4059901740163,175.60705757673665,194.86420589305234,213.22158323705602,230.72124198757842,247.4032615496948,263.3058465266321,278.4654157920109,292.9166863122233,306.69275278437357,319.8251634832106,332.34399254301564,344.2779088537921,355.65424173382235,366.49904353070804,376.83714929520335,386.69223366513194,396.08686509010255,405.04255752155524,413.57981968678104,421.7182020599657,429.4763416379912,436.872004623676,443.9221271142992,450.64285388868933,457.0495753817637,463.15696293126285,468.9790023774328,474.5290260926591,479.81974351442005,484.86327025152167,489.6711558302897,494.2544101442757,498.6235286680763,502.7885164930094
191,0.10546875,36.30425244276445,60.655737611249535,83.80088582568519,105.84831061262874,126.86175364420262,146.89249133685803,165.98714312400023,184.18961157239457,201.54161987732064,218.08291149624202,233.85136591570662,248.88309125276538,263.2125083059376,276.8724296785114,289.8941349709955,302.3074424078526,314.1407771075332,325.4212361621456,336.1746506776828,346.42564491693196,356.1976926802458,365.51317105301325,374.39341164267523,382.8587494224394,390.9285692934042,398.6213504715996,405.95470880150225,412.9454370928503,419.6095435730632,425.96228854328115,432.0182193219154,437.7912035557073,443.29446097453604,448.5405936626839,453.5416149158469,458.3089767499633,462.85359612483893,467.18587994260196,471.31574887823575,475.2526600967345
192,0.1046875,34.142598038625614,57.04386465695366,78.81052533165524,99.54475401017561,119.30651598749739,138.14404839499767,156.10120532366855,173.21928344440641,189.53752813734474,205.09332165941274,219.92229230777136,234.0584017142045,247.53402404355538,260.38002052063723,272.6258102341285,284.29943756810724,295.4276364627202,306.0358916638489,316.14849710614806,325.7886115649032,334.9783117051587,343.73864265028277,352.0896661862659,360.0505067125283,367.6393950447628,374.87371017035116,381.77001905216656,388.3441145720634,394.61105170106225,400.5851819791668,406.2801863838486,411.7091066625412,416.884375200945,421.81784349559643,426.5208092959401,431.0040424780906,435.2778097095705,439.3518979615212,443.2356369222652,446.9379203635471
193,0.10390625,31.92945069615182,53.34650771682605,73.70260453152433,93.09326433424702,111.57454628431941,129.19154675258818,145.98526654499096,161.99431715674308,177.25539345327604,191.80344921837263,205.67179895082458,218.89219929281168,231.49492294191037,243.50882823177125,254.96142525741112,265.8789388657576,276.2863686949434,286.2075464084139,295.66519025641486,304.6809570897393,313.2754919445352,321.4684753114167,329.27866819686943,336.72395507994764,343.8213848624768,350.587209906411,357.03692324764444,363.18529407141597,369.04640153047677,374.63366698341656,379.9598847269235,385.0372512923249,389.8773933734568,394.4913944498021,398.8898201658329,403.0827425246615,407.0797629513879,410.8900342789375,414.5222817067368,417.9848227801988
194,0.10312500000000001,29.665857998774154,49.564294653500525,68.47687554229978,86.49238190010998,103.66291940913233,120.03040261481794,135.63293722444092,150.5064065044603,164.68491114025065,178.20093279281133,191.08542899110287,203.36790901072487,215.07650271026043,226.23802530323871,236.87803889145363,247.0209110653633,256.68987074735276,265.9070614172505,274.6935918458994,283.06958445471895,291.05422141306144,298.6657885796555,305.9217173892896,312.8386247810807,319.4323512600794,325.7179971796249,331.7099573277437,337.4219538969547,342.86706791311354,348.05776919538,353.0059449160003,357.72292682538875,362.21951720490307,366.50601360681173,370.59223243813875,374.48753144243665,378.2008311310022,381.74063521263247,385.11505006874086,388.3318033184353
195,0.10234375000000001,27.357793267842812,45.70837886156629,63.14992216969223,79.76426712144679,95.59944474003322,110.69409331660141,125.08334224604513,138.80027389934506,151.8763285760565,164.34145488459814,176.22419694105685,187.55176412249398,198.35009438430572,208.64391386929012,218.45679355809463,227.8112032352143,236.72856292738587,245.22929193926407,253.33285559978157,261.05780982605137,268.42184360650305,275.44181950020635,282.13381224484664,288.5131455615623,294.5944272407542,300.3915825890826,305.9178863141379,311.1859929197185,316.2079656812451,320.9953042676155,325.5589710726975,329.90941631672956,334.0566019750671,338.01002458905344,341.77873701122206,345.37136913460733,348.7961476536214,352.0609149017245,355.1731468090282,358.13997002092725
196,0.1015625,25.00621807890486,41.77914429041303,57.72104304214353,72.90675549073086,87.38020645677192,101.17672948271175,114.3284469577771,126.86560751174288,138.81695689318036,150.20987590693494,161.07046045032178,171.42358550827132,181.2929632031846,190.7011974126069,199.66983565259656,208.219418485699,216.36952660250998,224.1388256948917,231.545109227285,238.60533920582432,245.33568503971807,251.7515605846537,257.8676594536253,263.6979886764893,269.25590078567035,274.55412440176366,279.6047933892903,284.4194746495515,289.00919461436035,293.3844645014473,297.55530438946056,301.53126616778155,305.32145541376605,308.93455224757594,312.3788312123983,315.6621802256191,318.79211864438736,321.77581448695986,324.6201008493006,327.3314915545365
197,0.10078125,22.617465946077004,37.78844264971396,52.20789953592555,65.94349667416465,79.034940824318,91.51417397995691,103.41023754055794,114.75048078907311,125.56089561930095,135.86624082118442,145.69011414415328,155.05500994530584,163.9823715217487,172.49264038054343,180.60530306504148,188.33893576361768,195.71124683002904,202.73911731833962,209.438639625945,215.82515433287946,221.91328532135915,227.71697325562408,233.24950749845567,238.52355653723782,243.55119698905986,248.34394125113914,252.91276385977315,257.26812661809277,261.42000255008105,265.37789873565714,269.15087807906184,272.74758006035853,276.1762405175275,279.4447105044341,282.56047426782266,285.53066638448627,288.3620880978389,291.061222891279,293.6342513340039,296.087065233249
198,0.1,20.192406508586277,33.73641160843463,46.60934111509765,58.87163468632929,70.55876547003297,81.69926816264157,92.31908379015165,102.44263985281773,112.0931499353304,121.29272517463328,130.0624389465272,138.42237858273288,146.39169227636148,153.98863320856174,161.23060146206208,168.13418393210262,174.71519235602585,180.98869955753355,186.96907399204136,192.67001267399186,198.10457256266483,203.28520047916095,208.22376162366825,212.9315667587842,217.4193981215034,221.69753412349527,225.77577289646408,229.66345473669688,233.36948350034254,236.90234699854616,240.27013643923752,243.48056496018748,246.5409852958338,249.4584066184014,252.23951059192598,254.89066667599,257.41794671425396,259.82713884121466,262.12376073907456,264.31307227509046
199,0.09921875000000001,17.73769442508101,29.635528121581263,40.94399783820932,51.71616263785925,61.98316021176,71.77003932292556,81.09957432555956,89.99321279718701,98.47133797720373,106.55336619092303,114.257803333162,121.60229005587809,128.60364279284298,135.277892386703,141.64032080250172,147.7054961041214,153.4873057944548,158.99898859966692,164.2531647706376,169.2618649705467,174.03655781430032,178.5881761224784,182.92714194961624,187.06339044390506,191.00639259276,194.7651769061963,198.34835008755041,201.76411673878755,205.02029814544062,208.12435018413805,211.08338039367143,213.9041642486584,216.59316067302055,219.15652682878374,221.60013221402986,223.92957210226842,226.15018035398458,228.2670416296801,230.28500303237075,232.20868520617773
200,0.09843750000000001,15.254102036861457,25.485682728931792,35.210277098389206,44.473550673561725,53.30230622594478,61.718103680100995,69.7405427637753,77.38807924406615,84.67825142233774,91.62776444513989,98.25253924240677,104.5677516475842,110.58786786952781,116.32667785606839,121.7973269793167,127.01234620348923,131.98368082806195,136.7227178796093,141.24031221821912,145.54681141999515,149.65207949379314,153.56551948733602,157.29609503510048,160.85235089781102,164.24243254095407,167.47410479744522,170.55476965742884,173.49148322614266,176.29097188883438,178.95964771988218,181.50362317150646,183.9287250758051,186.24050799224102,188.444266931221,190.5450494829453,192.54766737935276,194.45670751567647,196.2765424568757,198.0113404530423,199.66507498672883
201,0.09765625,12.748564118929728,21.29990070625685,29.427662775968788,37.16998125767793,44.54923279977396,51.58341850079493,58.2889052582356,64.6811067127738,70.77467177997725,76.58355461244827,82.12105515541357,87.39985159521946,92.43202982340931,97.229111182749,101.80207884158686,106.16140292236143,110.31706445603331,114.27857821972341,118.05501450975551,121.65501989941787,125.08683702848305,128.3583234693964,131.47696971301522,134.44991631484396,137.28397024083546,139.9856204500343,142.561052749625,145.01616395630512,147.35657539632822,149.58764577506997,151.71448344552945,153.7419581038206,155.6747119383893,157.5171702584666,159.2735516260609,160.94787751467274,162.5439815168312,164.06551812151486,165.51597108155232,166.89866139013984
202,0.096875,10.221750952912348,17.077826138997196,23.594130012086357,29.80127242795935,35.71722053374478,41.356426558066396,46.732028091610225,51.85639538240541,56.7412833190542,61.397888064950344,65.83687994635261,70.0684297343879,74.10223246468152,77.94752983214342,81.61313145268564,85.10743510194706,88.43844599479941,91.61379515588932,94.64075692615758,97.5262656471238,100.27693156232642,102.89905597319479,105.39864568470666,107.78142677442133,110.05285771681203,112.21814189326169,114.2822395166218,116.24987899784287,118.12556778086652,119.9136026707301,121.61807967864075,123.24290340666221,124.79179599357305,126.26830564245823,127.67581474960667,129.01754765338256,130.29657802085327,131.5158358891201,132.67811437751266,133.78607608603434
203,0.09609375,7.680834674972296,12.832952318532328,17.72989638425495,22.394634578655943,26.840644547848612,31.07876874317335,35.1188656980831,38.97022008621694,42.641656183904104,46.14157993906685,49.47800334877553,52.65856396854691,55.69054263416958,58.58088015563126,61.33619318970955,63.96278936562055,66.46668170602415,68.85360237723714,71.1290157996376,73.29813114762523,75.36591426722525,77.33709903820211,79.21619820636772,81.00751371064001,82.7151465282995,84.34300606082773,85.89481908169691,87.37413826649842,88.78435032485784,90.12868375269449,91.41021622251652,92.63188162863483,93.79647680338043,94.90666791968314,95.9649965946364,96.97388570800662,97.93564494899032,98.85247610389939,99.72647809687699,100.55965179516329
204,0.09531250000000001,5.126379374555341,8.564679070300466,11.83251726555474,14.945259423656442,17.911926293972794,20.739773306431097,23.43539491707673,26.00499958820649,28.454486322889615,30.789473273316155,33.015314375979436,35.13711263351839,37.15973213522376,39.08780934497462,40.925763808282746,42.677808337138494,44.347958707004274,45.94004289279941,47.45770986759092,48.90443798579551,50.28354297128649,51.59818552958178,52.85137860221003,54.04599428039246,55.184770394277606,56.270316793137454,57.30512133116675,58.291555572800284,59.231880230779964,60.128250349567466,60.98272024608209,61.7972482191798,62.5737010387279,63.31385822463389,64.01941612567386,64.69199180751511,65.33312675887632,65.94429042434354,66.52688357197121,67.08224150339548
205,0.09453125000000001,2.5657503303793416,4.286884510659555,5.92281928258919,7.48121752608725,8.966574790863804,10.382508033782258,11.73230664315113,13.019069082500831,14.245740584350962,15.415127066503022,16.529903181265226,17.592618765272867,18.60570470980099,19.5714784996703,20.4921494862089,21.369823916787706,22.20650973348871,23.00412115111855,23.764483024145292,24.489335011790576,25.180335550242233,25.83906564064198,26.467032461177958,27.065672811297194,27.63635639571803,28.180388955597305,28.69901525389509,29.193421921667674,29.664740171718865,30.114048385757577,30.542374580923298,30.950698761286485,31.339955159658185,31.711034374820642,32.06478540903403,32.40201761046734,32.723502524978784,33.029975661464974,33.32213817481451,33.60065847029595
206,0.09375,-0.0005980380905810866,-0.0012720946801450283,-0.002046887683170984,-0.002896079344457492,-0.003800933933485599,-0.004747552317919658,-0.005725270072068796,-0.006725687834661035,-0.007742057357333908,-0.008768875405986358,-0.00980160403047265,-0.010836470769779068,-0.011870321380031879,-0.012900508341335713,-0.013924804498764752,-0.014941334888161928,-0.015948522039944086,-0.016945041494482862,-0.017929785186336974,-0.018901831010013668,-0.01986041729531149,-0.020804921235014356,-0.021734840535575693,-0.02264977771154042,-0.023549426573302855,-0.024433560549961954,-0.025302022553929143,-0.02615471615177221,-0.02699159784988011,-0.0278126703310417,-0.028617976513959288,-0.029407594317540163,-0.030181632046328486,-0.030940224305925332,-0.031683528391211996,-0.03241172108308161,-0.033124995806127946,-0.033823560107721216,-0.034507633413385565,-0.03517744503664433
207,0.09296875,-2.5651527189735575,-4.285613367583945,-5.920773972646543,-7.478323724991691,-8.962776887826141,-10.377764298464596,-11.726585993879377,-13.012348823674477,-14.238004757449273,-15.406365206914291,-16.52010935462252,-17.581790803391982,-18.593843593697947,-19.558587853937457,-20.478235159605795,-21.354893630883012,-22.19057278588771,-22.987188163087822,-23.746565724755026,-24.470446052419675,-25.160488344539324,-25.818274225991225,-26.445311378465053,-27.043037000331125,-27.61282110411911,-28.15596965932665,-28.67372758788526,-29.167281619251042,-29.637763011747715,-30.08625014646161,-30.51377099969251,-30.921305499664903,-31.309787772947143,-31.680108285745984,-32.0331158850195,-32.36961974410061,-32.690391217310065,-32.996165607827336,-33.2876438528753,-33.56549413010173
208,0.0921875,-5.1275717644319485,-8.567215418662627,-11.836598424439313,-14.951033731919441,-17.919504734474806,-20.749239149419058,-23.446810169658598,-26.01840951051933,-28.469922720149587,-30.806956978174604,-33.0348571731428,-35.15871878600993,-37.18339961700901,-39.11353085128772,-40.953527593766886,-42.70759891805811,-44.37975745440189,-45.97382853695723,-47.49345892948654,-48.9421251478766,-50.32314139735348,-51.63966714165856,-52.89471432082933,-54.09115423356663,-55.23172409952813,-56.319033316242056,-57.35556942469818,-58.34370379706116,-59.285697059356394,-60.183704261397544,-61.03977980567973,-61.855882146419795,-62.633878269429985,-63.375547963002745,-64.08258788953798,-64.75661546717875,-65.39917257030426,-66.01172905731966,-66.59568613378156,-67.15237955854329
209,0.09140625000000001,-7.680240749638576,-12.831689016255641,-17.727863690854836,-22.391758628544817,-26.8368700734678,-31.07405427175438,-35.11318033979405,-38.96354128553012,-42.633968080776434,-46.13287213344076,-49.46826994286256,-52.64780280748228,-55.678754692838936,-58.568069036169184,-61.322364704680524,-63.94795118883131,-66.4508430775844,-68.83677385274346,-71.11120903564961,-73.27935871731688,-75.3461895013348,-77.31643588735419,-79.19461112158238,-80.9850175394008,-82.69175642400474,-84.31873740381106,-85.86968741028683,-87.34815921682078,-88.75753957828293,-90.10105698997963,-91.38178908383736,-92.6026696787955,-93.76649550160442,-94.87593259344324,-95.93352241706837,-96.94168767849582,-97.90273787657335,-98.81887459317191,-99.69219653611874,-100.52470434644452
210,0.09062500000000001,-10.22293230660567,-17.08033901271531,-23.598173399324967,-29.806993295021048,-35.724728836621544,-41.365804796561505,-46.74333769911991,-51.8696812002908,-56.756576858226474,-61.41520996525702,-65.8562418833899,-70.08983593164207,-74.1256809147513,-77.97301329772066,-81.6406382969433,-85.13694998425686,-88.46995045840272,-91.64726812769374,-94.67617514420277,-97.56360402792765,-100.31616351780985,-102.94015368499241,-105.44158034223051,-107.82616878189936,-110.09937687363471,-112.2664075512613,-114.3322207173303,-116.30154459230843,-118.17888653423125,-119.96854335344727,-121.67461114595663,-123.3009946677558,-124.85141627157986,-126.32942442642516,-127.7384018393125,-129.08157319783035,-130.36201255114818,-131.58265034636705,-132.74628013628052,-133.85556497388822
211,0.08984375,-12.747977543020808,-21.298653037253494,-29.425655237898564,-37.167140899524924,-44.54550503832728,-51.578762376839585,-58.28329026444366,-64.6745105729018,-70.7670788303323,-76.57495458168496,-82.11144221867639,-87.38922362420173,-92.42038778077506,-97.21645862585669,-101.78842151083502,-106.14674839632806,-110.30142186019204,-114.26195797873626,-118.03742813560827,-121.63647980935691,-125.06735638793722,-128.33791605600607,-131.45564979862309,-134.42769856285173,-137.26086961677814,-139.96165214357973,-142.53623210648857,-144.9905064187985,-147.3300964514581,-149.56036090924923,-151.68640810510374,-153.71310766070974,-155.6451016602528,-157.48681528285755,-159.24246693811955,-160.91607792795355,-162.51148165690992,-164.03233241207076,-165.48211373264016,-166.86414638841848
212,0.0890625,-15.255265072544962,-25.48815663911475,-35.21425779173856,-44.479182838200664,-53.30969811345829,-61.72733651150287,-69.75167702021054,-77.401159071809,-84.69330784381101,-91.64481778017532,-98.27160098550058,-104.58882595660087,-110.6109527679958,-116.3517662186486,-121.8244073493231,-127.04140347782614,-132.01469683579003,-136.75567187399878,-141.27518129759298,-145.58357088938484,-149.69070317695383,-153.60597999680806,-157.33836400658555,-160.89639919400352,-164.2882304290942,-167.52162210416225,-170.6039759038727,-173.54234774594445,-176.3434639310644,-179.01373653885364,-181.5592781050263,-183.98591561324244,-186.29920383362114,-188.5044380383748,-190.60666612363528,-192.610700165169,-194.5211274344044,-196.34232089996172,-198.0784492386936,-199.73348637914268
213,0.08828125,-17.737118816652153,-29.63430378197576,-40.942027839226775,-51.71337539329634,-61.979502159657365,-71.76547027044484,-81.09406433618526,-89.98674001145386,-98.463887024435,-106.5449269918534,-114.24837017177708,-121.59186084350713,-128.59221847391493,-135.26547645176007,-141.62691888425232,-147.6911156390367,-153.47195573693978,-158.9826791789926,-164.2359072830448,-169.2436716005933,-174.0174414807261,-178.5681503447812,-182.9062207322542,-187.04158817557618,-190.98372395865198,-194.74165681144785,-198.3239935904414,-201.73893899240164,-204.99431434673645,-208.09757552950865,-211.05583004021054,-213.87585328044497,-216.56410407184327,-219.1267394487786,-221.56962875979127,-223.89836711003528,-226.11828817555386,-228.23447641874932,-230.25177873302894,-232.17481554331692
214,0.08750000000000001,-20.1935440573868,-33.73883130645603,-46.61323457891791,-58.87714343431974,-70.5659953823486,-81.70829868105177,-92.32997407088774,-102.45543307504715,-112.10787644182084,-121.30940483996652,-130.08108301323014,-138.44299111737155,-146.41427134550312,-154.01317184266014,-161.25708845507484,-168.16260451142978,-174.74552874840717,-181.0209314703278,-187.003179024856,-192.70596667242046,-198.14234992347164,-203.3247744144303,-208.26510439005,-212.97464985686278,-217.46419246946473,-221.74401020857962,-225.8239009071399,-229.71320467803906,-233.42082529473637,-236.95525057352503,-240.32457180402042,-243.53650227225748,-246.59839491873734,-249.51725917177822,-252.29977699466838,-254.95231818330893,-257.48095494933744,-259.89147582209176,-262.18939890120856,-264.3799844901871
215,0.08671875000000001,-22.616904855586238,-37.78724919184861,-52.20597922843929,-65.94077973750257,-79.03137504838834,-91.50972018640414,-103.40486654847548,-114.7441712907049,-125.553632631852,-135.85801451965875,-145.6809189566195,-155.04484383556692,-163.97123541010117,-172.48053766908853,-180.59223924393999,-188.32491808123416,-195.69628401432382,-202.7232193399424,-209.42181749551168,-215.80741992695388,-221.89465123213336,-227.69745266088697,-233.22911404872144,-238.50230425757198,-243.52910019354655,-248.3210144682774,-252.88902176735573,-257.2435839863431,-261.3946741920117,-265.3517994637523,-269.12402266752224,-272.7199832122382,-276.1479168361975,-279.41567446886074,-282.53074021123143,-285.5002484760229,-288.33100032688844,-291.0294790541535,-293.60186502272325,-296.0540498261937
216,0.0859375,-25.00732312910975,-41.781494861944054,-57.724825278703555,-72.91210686892042,-87.38722983292391,-101.18550202987512,-114.33902614278418,-126.8780352806048,-138.83126272204024,-150.22607910264188,-161.0885719341232,-171.44360923032627,-181.31489728494708,-190.72503508319062,-199.69556602556358,-208.24702720987295,-216.39899641171976,-224.17013687551312,-231.57824001812136,-238.6402661417479,-245.37238324814464,-251.7900040421537,-257.9078212086264,-263.73984104295636,-269.2994155118159,-274.5992728171788,-279.6515465333472,-284.467803383488,-289.0590697191103,-293.43585676297147,-297.6081846730996,-301.5856054829338,-305.3772249700374,-308.99172350338125,-312.43737591688824,-315.722070454688,-318.8533268314273,-321.83831344895754,-324.68386380878434,-327.3964921578473
217,0.08515625,-27.357250156262335,-45.70722364744782,-63.14806339985879,-79.76163725370174,-95.59599323844576,-110.68978225916116,-125.07814338760235,-138.79416661539173,-151.86929836416164,-164.33349223466416,-176.21529645959563,-187.5419238383025,-198.3393151878047,-208.63219905306468,-218.44414843578298,-227.7976348222378,-236.71407967128297,-245.21390349036938,-253.31657261508815,-261.0406438006633,-268.4038067282203,-275.4229245236485,-282.114072382207,-288.49257438758576,-294.57303860995245,-300.369390563525,-305.8949051004224,-311.16223681393444,-316.18344902092593,-320.97004138981157,-325.53297627743376,-329.88270383519693,-334.0291859420021,-337.9819190188101,-341.7499557771196,-345.3419259511805,-348.76605606144125,-352.0301882545134,-355.14179826279957,-358.10801252493826
218,0.084375,-29.666923739057584,-49.56656161046428,-68.48052323974254,-86.49754292577582,-103.66969296179629,-120.03886312333226,-135.6431401121806,-150.51839222584374,-164.6987081231798,-178.2165596574283,-191.102896270054,-203.38722051337822,-215.0976566244721,-226.26101509842974,-236.90285406778503,-247.0475377814162,-256.71829235033147,-265.93725889390885,-274.72554420820893,-283.10326907129866,-291.0896142951174,-298.70286462847235,-305.9604506110209,-312.87898847354637,-319.4743181754812,-325.7615396664501,-331.7550474546044,-337.4685635606901,-342.9151689331441,-348.1073333960055,-353.05694419811135,-357.775333228845,-362.27330296268826,-366.5611511919068,-370.64869460395863,-374.54529125755795,-378.25986200882306,-381.8009109365418,-385.1765448132843,-388.394491666936
219,0.08359375000000001,-31.928928913649138,-53.34539787277053,-73.70081876626587,-93.09073775987876,-111.57123035105754,-129.18740502889762,-145.98027189586978,-161.9884497682689,-177.24863939291288,-191.7957993496181,-205.66324809190226,-218.88274554963922,-231.48456716947996,-243.49757359275762,-254.94927685604816,-265.86590344112676,-276.27245436191595,-286.1927624373529,-295.64954688475484,-304.66446536007214,-313.2581635649175,-321.4503225344483,-329.259703714747,-336.7041919331833,-343.8008363603718,-350.5658895576895,-357.0148446999047,-363.16247105826,-369.02284782535395,-374.6093963593469,-379.934910921393,-385.0115879767286,-389.8510541265654,-394.46439273477415,-398.862169310376,-403.05445570397933,-407.0508531735978,-410.86051437269185,-414.4921643107892,-417.9541203347113
220,0.08281250000000001,-34.14361790007343,-57.046034026900564,-78.81401600780023,-99.54969287447918,-119.31299797000698,-138.1521447218264,-156.11096903328777,-173.23075325041407,-189.5507312442586,-205.108275885938,-219.9390077330362,-234.07688198327787,-247.55426742180862,-260.4020207579707,-272.6495572819184,-284.3249181798869,-295.45483470157836,-306.0647893339622,-316.179074121864,-325.82084626791675,-335.01218113815594,-343.7741227937905,-352.1267321642058,-360.0891329709828,-367.6795555076943,-374.9153783754038,-381.81316826918123,-388.38871790653127,-394.657082184422,-400.63261264756414,-406.3289903467634,-411.7592571624833,-416.93584566527994,-421.8706075814029,-426.5748409287068,-431.05931588494957,-435.33429944768085,-439.40957894215563,-443.2944844310635,-446.99791007737883
221,0.08203125,-36.303755208046866,-60.65467998395436,-83.79918408201202,-105.84590291954689,-126.85859373783401,-146.88854450110043,-165.98238350156117,-184.18402028229124,-201.53518364294226,-218.0756216110863,-233.8432174416819,-248.87408238457053,-263.2026398578099,-276.8617046636286,-289.88255825260217,-302.2950204070026,-314.1275175562405,-325.40714789347084,-336.15974344619553,-346.4099292444304,-356.18117972265094,-365.4958724851494,-374.3753395582724,-382.8399162471576,-390.9089877090565,-398.601033350058,-405.93366914700454,-412.9236879916225,-419.58709814934053,-425.9391599209297,-431.9944205909835,-437.7667477433079,-443.26936101956534,-448.51486239391625,-453.5152650330305,-458.28202080757075,-462.82604651817127,-467.15774889599305,-471.2870484351085,-475.22340211131706
222,0.08125,-38.40980530407659,-64.17379867681431,-88.66159416406002,-111.98808587083099,-134.22069868097878,-155.41367242198837,-175.61632193578785,-194.8750890974804,-213.23411110040828,-230.7354314173465,-247.41912210937951,-263.3233816745178,-278.48462388162864,-292.9375614124029,-306.71528535954747,-319.84934096339657,-332.3697998052863,-344.30532863175654,-355.6832549678507,-366.5296296689025,-376.8692865530618,-386.72589925029735,-396.12203539741535,-405.07920830268756,-413.61792619800127,-421.757739191002,-429.51728402449294,-436.914326745382,-443.96580338072226,-450.6878587138519,-457.09588324931866,-463.2045484511392,-469.0278403350139,-474.57909149134645,-479.87101161235375,-484.91571659311415,-489.7247562731585,-494.3091408820974,-498.67936624980626,-502.8454378388795
223,0.08046875,-40.454756780650335,-67.59000582639422,-93.38089956722544,-117.948492898509,-141.36383172068597,-163.6840672656991,-184.96115853652486,-205.2440350860329,-224.5791964947366,-243.01093517811444,-260.58146562966425,-277.3310277812979,-293.2979807906311,-308.5188913065931,-323.0286173331911,-336.8603881042993,-350.04588020640824,-362.61529013750356,-374.5974034722189,-386.0196607931253,-396.9082205398567,-407.28801892046096,-417.18282702250616,-426.61530525497415,-435.6070552458097,-444.178669314127,-452.3497776304853,-460.1390931733329,-467.56445458464856,-474.6428670229863,-481.39054110753256,-487.8229300424001,-493.9547650062174,-499.80008888807583,-505.37228844713025,-510.68412496951,-515.7477634927678,-520.5748006648112,-525.1762913011161,-529.5627737010642
224,0.07968750000000001,-42.439183487155695,-70.90591052112477,-97.9625441149066,-123.73603508639076,-148.3008841633124,-171.71702316656246,-194.0389418341904,-215.31795524072345,-235.60283178127136,-254.9400263182341,-273.37381535857605,-290.94640519411655,-307.6980300744196,-323.66704463827097,-338.8900117633157,-353.4017862570694,-367.2355946311836,-380.42311115172777,-392.99453034066994,-404.97863609384626,-416.4028675727641,-427.2933820203421,-437.6751146438154,-447.5718357014412,-457.00620492334804,-465.9998233908457,-474.5732829927517,-482.74621357178904,-490.5373278688574,-497.964464367964,-505.04462813982246,-511.79402977754904,-518.2281225135534,-524.3616376025426,-530.2086180516199,-535.7824507746653,-541.0958972445932,-546.1611227136477,-550.9897240686115,-555.5927563847004
225,0.07890625000000001,-44.356341326506374,-74.10861681025935,-102.38689076008232,-129.32389120561703,-154.99751468479886,-179.47042334087206,-202.7995865429842,-225.03865218678146,-246.2386039482134,-266.44800555315067,-285.71314246720016,-304.0781352117471,-321.5850421869704,-338.2739564429213,-354.1830976258269,-369.3488995518645,-383.8060936678958,-397.5877886052682,-410.72554601309264,-423.24945284616564,-435.1881902737907,-446.56909936774684,-457.4182437201566,-467.76046913488346,-477.6194605293411,-487.01779617717017,-495.97699941611603,-504.51758793961204,-512.6591207850269,-520.4202431262398,-527.8187289731744,-534.871521876109,-541.5947737280248,-548.0038817538666,-554.113523771455,-559.9376918048172,-565.4897241269258,-570.7823358052482,-575.8276478200548,-580.6372148221938
226,0.078125,-46.20690999299689,-77.20086385187736,-106.65952241140643,-134.72111050826004,-161.4667453922243,-186.96168137792503,-211.2652471521172,-234.4333146141985,-256.51898268762267,-277.5728312146947,-297.6430681688287,-316.7756474197912,-335.0143756402821,-352.40101295705034,-368.97536861035303,-384.77539208338504,-399.8372599656,-414.1954587601954,-427.88286382677956,-440.9308146393881,-453.36918653131943,-465.22645909033133,-476.52978136023575,-487.305033997722,-497.57688852638336,-507.36886382334046,-516.7033799675805,-525.6018095731318,-534.084526724469,-542.1709536260834,-549.8796050729385,-557.2281308435548,-564.2333561127367,-570.9113199764125,-577.2773121767666,-583.3459081117086,-589.1310022088152,-594.6458397401423,-599.9030471507211,-604.914660970178
227,0.07734375,-47.98445427957199,-80.1703235314021,-110.76163273048782,-139.90196472822828,-167.67558644191985,-194.15028459308996,-219.38768768188962,-243.44583118956837,-266.3798685561439,-288.24233540631286,-309.0833028124618,-328.9504998677246,-347.8894249107861,-365.94345020580283,-383.1539214043657,-399.5602522783386,-415.2000150040135,-430.10902622035854,-444.32142906288334,-457.86977136251465,-470.78508018926675,-483.09693291184016,-494.83352493619117,-506.0217342784143,-516.6871831199949,-526.8542964865309,-536.5463581844153,-545.785564123662,-554.593073149059,-562.9890554961136,-570.9927389828042,-578.6224530429548,-585.8956707021105,-592.829048592058,-599.4384650956601,-605.7390567093631,-611.7452527066756,-617.4708081820086,-622.9288355505576,-628.1318345763759
228,0.0765625,-49.689755534892846,-83.01984818874232,-114.69890929074852,-144.87558549420925,-173.63711045606672,-201.05365867006276,-227.18903199051138,-252.10331467278303,-275.85360879610147,-298.49430734108086,-320.077252529354,-340.6518624877069,-360.2652462292347,-378.9623119035497,-396.7858696762879,-413.776729735115,-429.9737957065597,-445.41415371016797,-460.1331572556465,-474.164508176937,-487.5403337877507,-500.2912604345457,-512.4464836148173,-524.0338348208251,-535.0798452614738,-545.6098066079918,-555.64782890229,-565.2168957604263,-574.3389169974433,-583.0347787939663,-591.3243915193412,-599.2267353207397,-606.7599035825647,-613.9411443556083,-620.7868998507934,-627.3128440878866,-633.5339187853646,-639.4643675735922,-645.1177686096207,-650.507065668283
229,0.07578125000000001,-51.316727117122554,-85.73775355241212,-118.45349240975166,-149.61749612618866,-179.31988246473614,-207.63314479745344,-234.62319079523238,-260.3520857168248,-284.8788127269633,-308.25955544952427,-330.5478618588167,-351.7947753539513,-372.04895369969404,-391.35678096984213,-409.7624739116294,-427.30818325357,-444.03409025640144,-459.97849874520256,-475.17792283807916,-489.66717057387115,-503.4794236310858,-516.6463133210201,-529.1979930294001,-541.1632072726363,-552.5693575270095,-563.4425649816649,-573.8077303592299,-583.6885909411295,-593.1077749282551,-602.0868532615319,-610.6463890211015,-618.8059845172788,-626.5843261811608,-633.9992273577058,-641.0676690993089,-647.8058390533052,-654.2291685324724,-660.352367853439,-666.1894600239283,-671.7538128560018
230,0.07500000000000001,-52.86624721201717,-88.32698755852898,-122.03113925991003,-154.1368543299463,-184.7369450081536,-213.90607331822687,-241.7121209223234,-268.2190139923099,-293.48750570981673,-317.5754668429023,-340.53805423683553,-362.42784559619446,-383.29496183170005,-403.1871822421167,-422.1500539795228,-440.2269963276477,-457.4594000962775,-473.8867223730245,-489.5465768515317,-504.4748199426162,-518.7056328648162,-532.2715999016657,-545.2037830043836,-557.5317929103855,-569.2838569401551,-580.4868836274586,-591.1665243307007,-601.3472319663293,-611.0523169986575,-620.3040008141938,-629.1234666026185,-637.5309078608356,-645.545574631116,-653.185817579149,-660.4691300128994,-667.4121879384502,-674.0308882445182,-680.3403851030622,-686.3551246693041,-692.0888781606121
231,0.07421875,-54.332615269131985,-90.77658181612084,-125.4150469256275,-158.41058591842395,-189.85861179718205,-219.83587763867246,-248.41216394175083,-275.65318308964817,-301.6213843209295,-326.3762528678731,-349.97448346559366,-372.47011911960584,-393.91467702941617,-414.3572671051876,-433.84470457881457,-452.42161726217415,-470.13054776959007,-487.01205095641006,-503.10478680163504,-518.4456089488671,-533.0696491090082,-547.010397518386,-560.299779636835,-572.9682292615704,-585.0447582244468,-596.5570228323323,-607.5313872028496,-617.9929836405965,-627.9657701921823,-637.472585511924,-646.5352011638987,-655.1743714801507,-663.4098810892685,-671.2605902241874,-678.7444779130024,-685.878683151711,-692.6795441531887,-699.16263576229,-705.3428051227648,-711.2342056776804
232,0.0734375,-55.71680089700389,-93.08956168249821,-128.6110066834136,-162.44781821417791,-194.69781487847717,-225.4396859136783,-254.74497427669024,-282.681053929703,-309.3119545931265,-334.69866802987895,-358.8993256485225,-381.96934057234927,-403.9615365975827,-424.926269596838,-444.9115428952621,-463.96311717829695,-482.1246152508518,-499.4376219025161,-515.9417791099186,-531.6748767940368,-546.672939339641,-560.970308074384,-574.5997198959373,-587.5923822268197,-599.9780444682675,-611.7850661165198,-623.0404816973138,-633.7700626671228,-643.9983764227626,-653.7488425543855,-663.0437864705964,-671.904490518408,-680.3512427150481,-688.403383203147,-696.0793485356535,-703.3967138918462,-710.3722333210789,-717.0218781063992,-723.3608733358524,-729.4037327652106
233,0.07265625,-57.01352478237139,-95.25574227098333,-131.60337598007848,-166.22702178314634,-199.2267996695427,-230.68324921242873,-260.6695935185703,-289.25478695691646,-316.50435981947976,-342.4807322006461,-367.2433960543891,-390.84906079947973,-413.3517854494565,-434.803102971882,-455.2521384518042,-474.74572163913183,-493.3284942123816,-511.04301202297637,-527.929842559164,-544.0276578543205,-559.3733230530462,-574.0019808382399,-587.947131912756,-601.2407117201227,-613.9131635801689,-625.9935084071496,-637.5094111701231,-648.4872442478414,-658.9521478233029,-668.9280874563156,-678.4379089659582,-687.5033907486452,-696.145293651642,-704.3834085162539,-712.2366014995911,-719.722857278706,-726.8593202360579,-733.6623337206344,-740.1474774746363,-746.3296033114573
234,0.07187500000000001,-58.223841978598195,-97.27820770775256,-134.3979444910912,-169.75723729169346,-203.45830799310778,-235.58338790097645,-266.2072401807649,-295.4002712020359,-323.2293924593964,-349.75834067606587,-375.0478634243817,-399.1558676059691,-422.13755422624087,-444.04554527092193,-464.9300042817306,-484.83875121594474,-503.81737192446985,-521.9093225147899,-539.1560288405275,-555.5969813453715,-571.2698254779937,-586.210447884446,-600.4530585749781,-614.030269253063,-626.9731679857284,-639.3113903859524,-651.0731874699578,-662.2854903446381,-672.9739718731369,-683.1631054596863,-692.8762210882456,-702.1355587431889,-710.9623193343274,-719.3767132428228,-727.3980065991299,-735.0445653988992,-742.333897557839,-749.2826930018175,-755.9068618839758,-762.2215710163637
235,0.07109375000000001,-59.342926958324426,-99.14761940363144,-136.98032646720603,-173.01861279486934,-207.36668808954317,-240.108381867445,-271.3199083983712,-301.0730389103026,-329.43598073259295,-356.47370398103584,-382.2481310407295,-406.8182881112263,-430.24044272825574,-452.56823319885683,-473.85279158870827,-494.1428608647355,-513.4849065388248,-531.9232230874716,-549.5000353960908,-566.2555954618655,-582.2282745771992,-597.4546512052196,-611.9695947488127,-625.8063454051784,-638.9965902889186,-651.5705359980798,-663.5569777894148,-674.9833655213382,-685.8758665156448,-696.2594254819849,-706.1578216423645,-715.5937231865107,-724.588739182838,-733.1634690639049,-741.3375497997049,-749.1297008668323,-756.5577671165144,-763.6387596396917,-770.3888947227289,-776.8236309829808
236,0.0703125,-60.371913714979826,-100.8671012389908,-139.35627428756635,-176.02004656411842,-210.96441300006137,-244.27463998588297,-276.028249955749,-306.29824760784084,-335.1540136792797,-362.6616368954309,-388.8841064633659,-413.88146604768605,-437.71095353039146,-460.427132578233,-482.08201767454466,-502.72519322246745,-522.4039270669405,-541.1632787119606,-559.0462024839559,-576.0936458775863,-592.3446433086953,-607.8364054886098,-622.6044046240526,-636.6824556374419,-650.1027935933133,-662.8961475079664,-675.0918107111912,-686.7177079210652,-697.8004591853162,-708.3654408355768,-718.4368435940487,-728.037727965566,-737.1900770418632,-745.9148468389137,-754.2320142825768,-762.1606229524066,-769.718826688346,-776.9239311601419,-783.7924334946506,-790.3400600517625
237,0.06953125,-61.306460258094134,-102.42821849767684,-141.5127476998111,-178.743486537461,-214.22809193954782,-248.05316652841356,-280.29744585048616,-311.03507549921596,-340.3365193203606,-368.2688968886892,-394.8961792482697,-420.2793454632335,-444.4765246833831,-467.54312985718957,-489.5319847847335,-510.49344513331994,-530.47551377284,-549.5239507146538,-567.6823779108574,-584.9923791554688,-601.493595316896,-617.2238151200883,-632.2190616864824,-646.5136750300666,-660.1403906986047,-673.1304147402028,-685.5134951669654,-697.317990079458,-708.5709326080255,-719.2980928197251,-729.5240367326762,-739.2721825729885,-748.5648544031321,-757.4233332445656,-765.8679058117164,-773.9179109689237,-781.591784016743,-788.9070989090382,-795.8806084975412,-802.5282828960561
238,0.06875,-62.14777252972529,-103.83411555450525,-143.45542632144284,-181.19763373063697,-217.16985226727178,-251.45985771093862,-284.1474538128344,-315.30779350144013,-345.0122990010036,-373.3290035800011,-400.32274973076954,-426.05534769167184,-450.585719330668,-473.97003359233844,-496.2618352150045,-517.5121673432974,-537.7696883941732,-557.0807834612847,-575.4896705161304,-593.0385016493956,-609.7674595839189,-625.7148496798734,-640.9171876424879,-655.4092831328679,-669.2243194731527,-682.3939296283475,-694.948268638681,-706.9160826682341,-718.3247748278657,-729.2004679230805,-739.568064270472,-749.451302719651,-758.8728130112037,-767.8541675951057,-776.4159310282305,-784.5777070640357,-792.3581835422401,-799.7751751812641,-806.8456643714069,-813.5858400621662
239,0.06796875,-62.89201884609963,-105.07731356916294,-145.17269579446506,-183.36634726158795,-219.7687083845867,-254.46862095786958,-287.54685637358403,-319.07947745833013,-349.1387701411546,-377.7935896412359,-405.1095612587894,-431.1492409662597,-455.972261141931,-479.6354677364043,-502.1930506078244,-523.6966676644023,-544.1955631803422,-563.7366805761495,-582.3647699267311,-600.1224904449955,-617.0505081761961,-633.1875891270273,-648.5706880429359,-663.2350330370766,-677.2142062648237,-690.5402208286658,-703.243594089664,-715.3534175534044,-726.8974234905365,-737.9020484444873,-748.3924937718134,-758.3927833538522,-767.9258186118589,-777.0134309516167,-785.6764317576465,-793.9346600515029,-801.8070279233124,-809.3115638405945,-816.4654539335497,-823.2850813513714
240,0.0671875,-63.54046966286092,-106.16095802478164,-146.67012795799263,-185.2580772456739,-222.03636719959192,-257.0947418214769,-290.5147941628041,-322.373362039477,-352.7434688210312,-381.6946728712594,-409.2932701921716,-435.60245651515913,-460.6824744211772,-484.59075183236496,-507.38203362086733,-529.1085069748041,-549.8199208877901,-569.5637000635719,-588.3850535001899,-606.3270780026701,-623.4308568609745,-639.7355539188154,-655.2785032484435,-670.0952946364986,-684.2198550764926,-697.6845264543751,-710.5201396049515,-722.7560849086361,-734.4203795901196,-745.5397318729908,-756.1396021371668,-766.2442612191288,-775.8768459884363,-785.0594123277381,-793.8129856375891,-802.1576089816925,-810.1123889827965,-817.6955395743331,-824.9244237079645,-831.8155931125398
241,0.06640625,-64.08982722654088,-107.078572066432,-147.93760595478025,-186.85869349467228,-223.9543776833144,-259.31519174787854,-293.02344494364803,-325.15664837766866,-355.7884643954077,-384.9890593450569,-412.8253081811137,-439.3609581059022,-464.65677707268935,-488.77069355996525,-511.7579293853963,-533.6711262098742,-554.5604661045503,-574.4737864772424,-593.4566896265429,-611.5526471759889,-628.8030996279608,-645.2475512655532,-660.9236606199072,-675.8673267102937,-690.1127712545265,-703.6926170380412,-716.6379626211625,-728.9784535556823,-740.7423502738766,-751.9565928054516,-762.6468624706529,-772.8376406908244,-782.5522650511246,-791.8129827437837,-800.6410015143082,-809.0565382273032,-817.0788651631417,-824.7263541515023,-832.0165186428491,-838.966053814204
242,0.065625,-64.54141867359583,-107.83328289262388,-148.98055949332837,-188.17634312580878,-225.53395411572174,-261.14455138522237,-295.0910142376758,-327.4513916456347,-358.2998579104852,-387.7070676408185,-415.74036161135024,-442.4639314237371,-467.93896895632736,-492.2238070465273,-515.3740531799156,-537.4427168366865,-558.4803308679828,-578.5350671985399,-597.6528471243993,-615.8774464587635,-633.2505957665454,-649.8120759168535,-665.5998091719671,-680.6499460211719,-694.9969479581387,-708.6736663912642,-721.7114178675694,-734.1400557823215,-745.9880387385283,-757.2824957127733,-768.0492881765831,-778.3130693155266,-788.0973404816369,-797.4245050083837,-806.3159195114154,-814.7919427925264,-822.8719824588122,-830.574539363761,-837.9172499720288,-844.9169267449064
243,0.06484375,-64.89250051261058,-108.41965556577856,-149.79043159093675,-189.1989937620131,-226.75929379425327,-262.5629981800384,-296.6934465737625,-329.22912048107713,-360.2446045109317,-389.81094354158466,-417.9958498754116,-444.8638689218491,-470.47652955444704,-494.8924856311958,-518.1676504683633,-540.3553249261297,-561.5063194833956,-581.6690706017249,-600.8897516500258,-619.2123786454165,-636.6789110528988,-653.3293478748986,-669.2018192508622,-684.3326737767645,-698.7565617445703,-712.5065144923254,-725.6140200466392,-738.109095230812,-750.0203544037735,-761.3750749872595,-772.1992599313178,-782.5176972611894,-792.3540168419593,-801.7307444909626,-810.6693535618859,-819.1903141186913,-827.3131398119796,-835.0564325651513,-842.4379251726884,-849.4745219081252
244,0.06406250000000001,-65.14444837860945,-108.84077971955504,-150.37247634951942,-189.93443929267286,-227.64104923095886,-263.58431798178316,-297.84790012183663,-330.51057458235886,-361.6472092872673,-391.329119480715,-419.62427553177986,-446.5974691497462,-472.31046424201327,-496.8221389198567,-520.1886204435956,-542.4634137643772,-563.697524038997,-583.9395734172026,-603.2359123729404,-621.6307258351101,-639.1661343607359,-655.8822905820085,-671.8174711478542,-687.0081643703953,-701.4891537768736,-715.2935977582601,-728.453105496849,-740.9978093466398,-752.9564338321937,-764.3563614239185,-775.2236952403704,-785.5833188211128,-795.4589531069976,-804.8732107583091,-813.847647935151,-822.4028136586234,-830.558296865817,-838.3327712663623,-845.7440381032408,-852.8090669157713
245,0.06328125000000001,-65.29508995676376,-109.09229584191786,-150.71974941755832,-190.37281933546768,-228.16616347859787,-264.1920164500232,-298.5342344864638,-331.2717856275023,-362.4797169065658,-392.229513716598,-420.58930823891524,-447.62404614608363,-473.39563788590516,-497.9631010752711,-521.3826958048076,-543.7080535164058,-564.9902998331704,-585.2781716434766,-604.6181287123366,-623.0544600770318,-640.6293854710991,-657.3831520091168,-673.3541263538208,-688.5788825766855,-703.0922859132339,-716.9275726049218,-730.1164260104712,-742.6890491609809,-754.674233924983,-766.0994269418576,-776.990792474612,-787.3732723259593,-797.270642954928,-806.7055699248008,-815.6996598070746,-824.2735096603135,-832.4467541972018,-840.238110747817,-847.6654221220849,-854.745697469587
246,0.0625,-65.34584089942119,-109.17723695306015,-150.83729689710094,-190.52152650003373,-228.34466160503084,-264.3989996411858,-298.7684547001275,-331.53204997337707,-362.7648854216454,-392.53849724236755,-420.921066338977,-447.9775850658798,-473.7700085644313,-498.3573972165788,-521.7960520141007,-544.1396435032283,-565.4393346826091,-585.743898155237,-605.0998278068379,-623.5514452671922,-641.1410013981618,-657.9087730406603,-673.8931552419648,-689.1307491744313,-703.6564459468398,-717.5035065002086,-730.7036377709691,-743.2870652958551,-755.2826024247233,-766.7177162997583,-777.6185907521304,-788.0101862600937,-797.916297105824,-807.3596058618458,-816.3617353318175,-824.943298064595,-833.1239435549509,-840.9224032390279,-848.3565333875503,-855.4433559950136
247,0.06171875,-65.29511346138537,-109.09234584433516,-150.71982988205409,-190.3729331913454,-228.16631291876988,-264.19220312098184,-298.5344596153358,-331.27205011102126,-362.48002137593255,-392.22985858639237,-420.58969374502277,-447.62447237577584,-473.3961048021378,-497.9636085366029,-521.3832435819289,-543.7086413059901,-564.9909272695767,-585.2788383087066,-604.6188341445517,-623.0552037778771,-640.6301669120231,-657.3839706368432,-673.3549815951005,-688.5797738424309,-703.0932126021214,-716.9285341065362,-730.1174217080504,-742.6900784338143,-754.6752961505044,-766.1005214974755,-776.9919187393014,-787.3744296816501,-797.2718307877119,-806.7067876259746,-815.700906774043,-824.2747852973664,-832.4480579161763,-840.239441968661,-847.6667802733348,-854.7470819887615
248,0.060937500000000006,-65.14435458436458,-108.84058022289823,-150.37215536370832,-189.93398516139803,-227.6404532356172,-263.5835735826876,-297.84700245078665,-330.50952008736044,-361.6459954735853,-391.32774471564306,-419.62273889329714,-446.59577030652014,-472.308603356502,-496.82011656890165,-520.1864375525581,-542.4610715519655,-563.6950239706704,-583.9369171655495,-603.2331017837971,-621.6277628984492,-639.1630211855552,-655.8790293745999,-671.8140641929479,-687.0046140147634,-701.4854624150508,-715.2897678200937,-728.4491394366338,-740.9937096336375,-752.9522029423581,-764.3520018326791,-775.2192094163471,-785.5787092206493,-795.454222169415,-804.8683609018,-813.8426815532373,-822.3977331171167,-830.5531045002201,-838.327469379669,-845.7386289640817,-852.8035527568746
249,0.06015625000000001,-64.892570881773,-108.41980526526838,-149.79067248926486,-189.1993346291274,-226.75974119546223,-262.56355704475266,-296.69412057587573,-329.2299123053354,-360.24551604711365,-389.8119760309365,-417.99700402419245,-444.8651449913881,-470.47792743388663,-494.8940048971269,-518.169290434309,-540.3570846840132,-561.5081979385785,-581.671066502814,-600.8918636143758,-619.2146051810527,-636.681250577439,-653.3317987319372,-669.2043797241944,-684.3353421027646,-698.7593361229774,-712.5093930956574,-725.6170010284097,-738.1121767327107,-750.023534561935,-761.378351937737,-772.2026318148544,-782.521162227374,-792.3575730528361,-801.7343901241602,-810.6730868133175,-819.1941332048787,-827.3170429720402,-835.0604180624865,-842.4419912964069,-849.4786669742306
250,0.059375000000000004,-64.54123166379301,-107.83288513030135,-148.97991950254007,-188.17543766599613,-225.5327658036146,-261.1430671819369,-295.0892244369839,-327.44928916559513,-358.29743777714475,-387.7043265989556,-415.7372978227228,-442.46054422782703,-467.9352586771439,-492.21977483428225,-515.3697008797023,-537.438046878475,-558.4753461737157,-578.5297711031333,-597.6472433081891,-615.8715388894622,-633.244388649175,-649.8055736504183,-665.5930163118575,-680.6428672464745,-694.9895880431656,-708.6660301807286,-721.703510254925,-734.1318816908581,-745.9796031048737,-757.2738034725078,-768.0403442517048,-778.3038786035535,-788.0879078461435,-797.4148352708143,-806.3060174440233,-814.7818131123114,-822.8616298223423,-830.5639683627826,-837.9064651297736,-844.9059325130197
251,0.05859375,-64.08994402700915,-107.07882054157973,-147.93800580448544,-186.85925927575107,-223.9551202932692,-259.31611936890357,-293.02456367399253,-325.15796267376015,-355.78997739415644,-384.990773106911,-412.8272238785243,-439.36307617280164,-464.6590973252327,-488.77321529551455,-511.76065146465413,-533.6740471257136,-554.563584040173,-574.4770993556526,-593.4601951528782,-611.5563428739083,-628.8069828710519,-645.2516193045269,-660.9279106062099,-675.8717557166511,-690.1173762928486,-703.6973950750454,-716.6429105920154,-728.9835683759168,-740.7476288497985,-751.9620320432243,-762.6524592842184,-772.843392008801,-782.5581678227987,-791.8190339443033,-800.6471981491663,-809.0628773361949,-817.085343823262,-824.73296948035,-832.023267800589,-838.9729340056384
252,0.0578125,-63.54019059129575,-106.16036445117314,-146.66917291166772,-185.25672604550275,-222.03459390517855,-257.09252697547265,-290.5121232811152,-322.3702245541738,-352.739857309882,-381.6905824768493,-409.2886981716011,-435.59740188300697,-460.6769376611969,-484.5847346612186,-507.37553879215835,-529.1015381149188,-549.8124823572583,-569.55579683918,-588.3766910741706,-606.318262296087,-623.4215941490081,-639.7258507661074,-655.2683664529934,-670.0847311808819,-684.2088720853745,-697.6731311574665,-710.5083393046858,-722.7438869519582,-734.4077913438698,-745.5267607024343,-756.1262553872924,-766.2305461983833,-775.8627699546054,-785.0449824757297,-793.7982090888977,-802.1424927753501,-810.0969400676485,-817.6797648024863,-824.908329829278,-831.79918677004
253,0.057031250000000006,-62.892181358786736,-105.07765929059853,-145.17325213496068,-183.36713447557176,-219.76974163502857,-254.46991162973163,-287.5484129522738,-319.0813061448527,-349.140875300555,-377.79597414077665,-405.11222673017465,-431.1521880136136,-455.97548950979404,-479.63897644745646,-502.19683807716456,-523.7007317953165,-544.1999014452226,-563.7412900853335,-582.3696474873977,-600.1276326117978,-617.0559112949592,-633.1932493725883,-648.5766014519975,-663.2411955367919,-677.2206136977102,-690.5468689743435,-703.2504786838374,-715.3605343044436,-726.9047680939592,-737.9096165955978,-748.4002811767257,-758.4007857390881,-767.9340317326852,-777.021850599272,-785.6850537655808,-793.9434803007441,-801.8160423470557,-809.320768428104,-816.4748447334471,-823.294654474378
254,0.05625,-62.14740311820473,-103.83332983227571,-143.45416211332278,-181.19584512933739,-217.16750493575626,-251.4569258938727,-284.14391833803984,-315.30364038060077,-345.007518409784,-373.32358908912056,-400.3166977099311,-426.04865683694464,-450.5783902828558,-473.9620686242299,-496.2532379719684,-517.5029426259844,-537.7598419749978,-557.0703219283766,-575.4786011398919,-593.0268322678479,-609.7551985038044,-625.7020055910691,-640.9037695437435,-655.3953002672326,-669.2097812717378,-682.3788456612904,-694.9326485723603,-706.8999362279286,-718.3081117651681,-729.183297987481,-739.550397184602,-749.4331481577532,-758.8541805804448,-767.8350668194051,-776.3963713343147,-784.5576977694626,-792.3377338451734,-799.7542941518019,-806.8243609442908,-813.5641230307123
255,0.05546875,-61.30666748251142,-102.42865933753443,-141.51345710759657,-178.74449034103134,-214.22940947450454,-248.05481231290094,-280.29943070531925,-311.03740733227016,-340.3392036983884,-368.27193746853635,-394.89957811124174,-420.28310338029485,-444.48064132937304,-467.54760398643697,-489.53681437677795,-510.49862751502917,-530.4810457215939,-549.5298285461225,-567.688597554105,-584.9989362175157,-601.5004851384422,-617.2310328237655,-632.2266022187474,-646.5215331976531,-660.1485612002925,-673.1388921945382,-685.5222741364686,-697.3270650917666,-708.5802981743609,-719.3077434510136,-729.5339669536044,-739.2823869342432,-748.5753274920335,-757.434069694283,-765.8789003092269,-773.9291582618549,-781.6032789192276,-788.91883630669,-795.8925833516489,-802.5404902470813
256,0.0546875,-60.371456242723305,-100.86612821653868,-139.35470871940458,-176.01783160062652,-210.9615061200061,-244.2710092954302,-276.02387171348755,-306.2931044919126,-335.1480935243718,-362.65493174054865,-388.8766118136671,-413.8731802891988,-437.70187745740805,-460.41726900600713,-482.0713711180504,-502.71376962730176,-522.3917335820589,-541.1503234964318,-559.0324945417098,-576.0791949154318,-592.3294596138475,-607.8204998227045,-622.5877881311831,-636.6651397641949,-650.084790019127,-662.8774680844082,-675.0724674089751,-686.6977127838113,-697.7798242891981,-708.3441782541336,-718.4149653675286,-728.0152460742661,-737.1670033829901,-745.8911932065573,-754.2077923504424,-762.1358442589861,-769.6935026242577,-776.8980729573923,-783.7660522176045,-790.313166589633
257,0.05390625,-59.34317761874738,-99.14815264867357,-136.9811845769918,-173.0198270123448,-207.36828180457275,-240.1103726426329,-271.3223093239596,-301.07585955296383,-329.43922782709603,-356.4773819518443,-382.25224240645156,-406.8228338053999,-430.245422358465,-452.57364525915807,-473.8586336358956,-494.1491296660569,-513.491598196795,-531.9303331460526,-549.5075589315383,-566.2635271608269,-582.2366088041193,-597.4633820607093,-611.9787161203244,-625.8158510111033,-639.0064737170154,-651.5807907390096,-663.5675972660229,-674.9943431142333,-685.8871955855385,-696.2710993891931,-706.169833763812,-715.6060669305385,-724.6014080020685,-733.1764564663891,-741.3508493585531,-749.1433062284921,-756.5716720078558,-763.6529578740259,-770.4033802048835,-776.8383977135339
258,0.053125000000000006,-58.22329926817197,-97.27705338931,-134.39608722455395,-169.75460963660865,-203.45485950714357,-235.57908074931447,-266.2020461999544,-295.39416984423383,-323.22236929402067,-349.7503862601398,-375.03897242682666,-399.146038113267,-422.12678718177125,-444.0338440154936,-464.9173741724876,-484.82519930713056,-503.8029066978197,-521.8939536502819,-539.1397670203422,-555.5798380854576,-571.2518129827783,-586.1915789211042,-600.4333463643375,-614.0097273747441,-626.9518102955282,-639.2892309438121,-651.0502404771108,-662.261770088756,-672.9494926804617,-683.137881653289,-692.8502669516603,-702.1088884887865,-710.9349470758682,-719.3486529717026,-727.369272163895,-735.0151704876582,-742.3038556832462,-749.2520174883343,-755.8755658571625,-762.1896673939705
259,0.05234375000000001,-57.013817335715935,-95.25636463935453,-131.60437751174496,-166.22843894462852,-199.2286597618022,-230.68557273522404,-260.67239575177257,-289.2580790678568,-316.5081496702031,-342.4850249566761,-367.24819465676995,-390.8543663391719,-413.35759746975856,-434.8094197163586,-455.2589570700138,-474.7530383590306,-493.33630448599916,-511.0513106503446,-527.9386237943495,-544.036915496579,-559.3830505254955,-574.012171255987,-587.9577781420475,-601.2518064298129,-613.9246992865758,-626.0054775131979,-637.5218059995228,-648.5000570749457,-658.965370899184,-668.9417130315296,-678.4519293103949,-687.5177981688117,-696.1600805056818,-704.3985672269617,-712.2521245656528,-719.738737284366,-726.8755498593893,-733.6789057405656,-740.1643847768787,-746.346838893448
260,0.051562500000000004,-55.716176296936375,-93.08823319114857,-128.6088691805735,-162.4447940855719,-194.69384607281074,-225.4347288894825,-254.7389966231095,-282.67403200052075,-309.3038717823202,-334.689513471502,-358.8890932088556,-381.9580280507928,-403.9491450813929,-424.91280293233,-444.89700724921414,-463.94752067054617,-482.1079676440088,-499.41993433812695,-515.923063882847,-531.6551471586195,-546.6522093424774,-560.9485924096391,-574.5770337797882,-587.568741288287,-599.9534646541365,-611.7595636084435,-623.0140728394811,-633.7427639031313,-643.9702042405324,-653.7198134381222,-663.0139168589423,-671.8737967680479,-680.3197410691228,-688.3710897639188,-696.0462792409345,-703.3628844947577,-710.3376593727735,-716.9865749414028,-723.3248560597423,-729.367016244366
261,0.05078125,-54.33294791446789,-90.77728947759596,-125.41618571681462,-158.41219730591666,-189.8607268259659,-219.83851962043929,-248.41535025288454,-275.6569264303016,-301.62569363289003,-326.3811340267444,-349.97993981752063,-372.47615190697474,-393.9212857347198,-414.3644497329298,-433.85245788943195,-452.42993696807036,-470.1394287007759,-487.0214872014205,-503.114771828096,-518.4561357071456,-533.0807101216711,-547.0219849576686,-560.3118853919004,-572.9808449970374,-585.057875431396,-596.5706328728188,-607.54548134877,-618.0075531076426,-627.9808061694961,-637.4880791879847,-646.5511437490983,-655.1907542264507,-663.4266953072804,-671.2778272979751,-678.7621293128673,-685.8967404451871,-692.6979990144484,-699.1814799801407,-705.3620306073885,-711.2538044662593
262,0.05,-52.865544576164396,-88.32549309232,-122.02873471263472,-154.13345239346324,-184.73248038146332,-213.90049702292413,-241.70539650115398,-268.2111148475714,-293.47841316344864,-317.5651686739231,-340.52654354756964,-362.41511991332266,-383.28102238037576,-403.17203335110423,-422.1337025878046,-440.20945157112124,-457.44067295870644,-473.8668253892415,-489.52552385363714,-504.4526258419184,-518.682313463737,-532.24717173097,-545.1782631819435,-557.5051990183792,-569.2562069181138,-580.4581956790176,-591.1368168422368,-601.316523435951,-611.0206259742426,-620.2713458393541,-629.0898661696291,-637.4963803696974,-645.5101383540285,-653.1494906297645,-660.4319303198107,-667.3741332224264,-673.9919959990705,-680.3006725779604,-686.3146088567181,-692.0475757835853
263,0.049218750000000006,-51.31709780680407,-85.73854215206379,-118.45476145393916,-149.61929182747664,-179.32223942219144,-207.63608899234515,-234.6267415946045,-260.3562572765415,-284.88361501453005,-308.26499501542054,-330.5539424345981,-351.80149832663204,-372.0563184949371,-391.3647853661064,-409.7711143008455,-427.3174548595974,-444.04398731961703,-459.9890146795387,-475.1890503653831,-489.6789018394163,-503.49175030326666,-516.659226677686,-529.2114840328146,-541.1772666347026,-552.583975766118,-563.4577324723007,-573.8234373752937,-583.7048276937778,-593.1245315989543,-602.1041200309104,-610.6641560941137,-618.8242421451148,-626.6030646802865,-634.0184371263629,-641.0873406317667,-647.8259629521183,-654.2497355189682,-660.3733687766311,-666.2108858680332,-671.7756547467111
264,0.0484375,-49.68897919869548,-83.01819697018357,-114.69625253944186,-144.87182674810103,-173.63217756862545,-201.04749752938767,-227.18160231909746,-252.09458708670846,-275.8435626616148,-298.4829291586136,-320.06453468081605,-340.637802243239,-360.24984494518435,-378.9455743652132,-396.7678035527676,-413.75734512266644,-429.95310474293564,-445.39217024669364,-460.10989657680335,-474.1399867594351,-487.51456909271263,-500.2642707276671,-512.4182878103259,-524.0044523458033,-535.0492959376952,-545.5781105488978,-555.6150064230992,-565.1829672996835,-574.3039030485644,-582.9986998455411,-591.2872680031321,-599.1885875664567,-606.7207517786164,-613.901008515139,-620.7457997823932,-627.2707993704469,-633.4909487466094,-639.4204912718715,-645.0730048186028,-650.4614328642242
265,0.04765625,-47.9848607318718,-80.17118821648245,-110.76302422025702,-139.90393369809536,-167.67817083340168,-194.15351289842914,-219.39158114086308,-243.45040532785313,-266.3851343067899,-288.24829995547384,-309.08997025518994,-328.9578717281127,-347.89750056212495,-365.95222721503535,-383.16339581791317,-399.57041886163813,-415.21086744391874,-430.1205572973334,-444.33363079833043,-457.88263514543655,-470.7985968855866,-483.111092959072,-494.8483184256371,-506.03715102669173,-516.703212731375,-526.8709284073402,-536.563581750543,-545.8033686020584,-554.611447773986,-563.0079895007881,-571.0122216269957,-578.6424736370166,-585.916218627862,-592.8501133208858,-599.4600362041487,-605.7611238927419,-611.7678057903244,-617.4938371312373,-622.9523304788524,-628.1557857522827
266,0.046875,-46.20606474677279,-77.19906607113077,-106.65662985360181,-134.71701815406306,-161.46137469617773,-186.95497342993923,-211.25715810434087,-234.42381247912624,-256.5080450043967,-277.5604432896589,-297.6292217116178,-316.7603394619134,-334.9976076619013,-352.38279017138876,-368.9556993701601,-384.7542873837568,-399.81473302409375,-414.1715246598051,-427.85753921063423,-440.9041174484477,-453.3411357781179,-465.19707466318454,-476.49908385335556,-487.27304456350606,-497.54362874677054,-507.33435559765155,-516.6676454146567,-525.5648709459283,-534.0464063355322,-542.1316737825629,-549.8391880199774,-557.1865987150584,-564.1907308886473,-570.8676234457386,-577.2325659057008,-583.3001334162574,-589.0842201314322,-594.5980710299109,-599.8543122466963,-604.8649799875287
267,0.04609375,-44.35678103970776,-74.1095522601734,-102.38839613534653,-129.3260213340894,-155.0003106184416,-179.47391590903806,-202.8037987289192,-225.0436007918286,-246.2443008050256,-266.4544584406089,-285.7203558198596,-304.08611068253634,-321.59377910172776,-338.2834521730362,-354.19334789745824,-369.35989870508354,-383.8178348756559,-397.60026405969546,-410.7387470848783,-423.2633702216004,-435.2028140730396,-446.5844192472751,-457.43424896166346,-467.77714872269047,-477.63680321784216,-487.03579054969447,-495.9956339363305,-504.536850996427,-512.6790007318207,-520.4407283151013,-527.839807784767,-534.8931827456772,-541.6170051679948,-548.0266723734339,-554.1368622935053,-559.9615670804793,-565.5141251480272,-570.8072517149008,-575.8530679215844,-580.6631285865917
268,0.045312500000000006,-42.43827454657779,-70.90397727321636,-97.95943360424468,-123.73163438600248,-148.29510881511248,-171.70980982738885,-194.03024335797758,-215.30773723527324,-235.5910700986601,-254.92670516275845,-273.3589258200481,-290.9299440849467,-307.67999899059316,-323.64744918982524,-338.8688609360856,-353.37909187804524,-367.2113709169911,-380.39737432470673,-392.9672983005742,-404.94992813578205,-416.3727041438934,-427.26178450934526,-437.64210519821444,-447.5374370687675,-456.97044031281524,-465.96271635274803,-474.53485731323866,-482.70649318103307,-490.4963367609251,-497.9222265309412,-505.0011674949483,-511.74937012628345,-518.1822874916427,-524.3146506402702,-530.1605023395318,-535.7332292341456,-541.045592502744,-546.1097570819865,-550.9373195251653,-555.5393345591123
269,0.04453125000000001,-40.45522704848219,-67.59100628553975,-93.38250956807951,-117.9507710856403,-141.3668220055662,-163.68780262675247,-184.96566356067436,-205.2493277484849,-224.5852894564567,-243.01783676429437,-260.5891805884494,-277.33955788557773,-293.3073253241551,-308.5290474625061,-323.03958054474055,-336.8721523219902,-350.0584381321946,-362.6286334240321,-374.6115228933063,-386.0345463903231,-396.923861748957,-407.3044046810486,-417.1999458730838,-426.63314541573925,-435.6256046908034,-444.19791583419703,-452.36970888827335,-460.1596967513106,-467.58571802707905,-474.66477787255604,-481.413086937303,-487.84609848363044,-493.9785437725456,-499.82446579647797,-505.3972514360263,-510.7096621143378,-515.7738630193122,-520.6014509605349,-525.2034809247175,-529.5904913904558
270,0.043750000000000004,-38.408838278036555,-64.17174189327999,-88.65828490030773,-111.9834039909092,-134.21455433717725,-155.40599823076013,-175.60706774554768,-194.8642183252693,-213.22159806188188,-230.72125931378042,-247.40328146721694,-263.30586910812593,-278.46544109426213,-292.91671437750415,-306.69278364170714,-319.8251971495508,-332.34402902434874,-344.27794814617107,-355.65428382432225,-366.4990883983197,-376.83719691166425,-386.69228399569505,-396.0869180942509,-405.04261315366546,-413.5798778967336,-421.71826279371174,-429.4764048380766,-436.87207022972143,-443.9221950634473,-450.642924116011,-457.0496478206363,-463.15703751371126,-468.9790790344492,-474.5291047544885,-479.8198241108255,-484.8633527120242,-489.6712400843852,-494.2544961216354,-498.62361629872373,-502.7886057074838
271,0.04296875,-36.30425313639,-60.655739297261334,-83.80088880592224,-105.84831515634096,-126.8617599901859,-146.89249969546356,-165.98715367909102,-184.18962448323967,-201.5416352803999,-218.0829295069693,-233.85138663006614,-248.8831147488665,-263.21253464546555,-276.87245890810465,-289.89416712353363,-302.3074775036609,-314.14081515550725,-325.42127716080944,-336.17469461616656,-346.4256917758885,-356.1977424327026,-365.5132236651629,-374.39346707461,-382.85880762883465,-390.928630224148,-398.62141407237806,-405.95477501434067,-412.94550585661165,-419.6096148239102,-425.96236221509935,-432.0182953467061,-437.7912818639435,-443.29454149549514,-448.54067632474744,-453.5416996467777,-458.3090634771578,-462.853684775555,-467.185970444171,-471.3158411582492,-475.25275408321687
272,0.0421875,-34.142598756117195,-57.04386640227107,-78.81052841856796,-99.54475871909708,-119.30652256763688,-138.144057066388,-156.1012162791416,-173.2192968515082,-189.53754414016262,-205.0933403803218,-219.92231384909482,-234.05842615979245,-247.5340514602606,-260.3800509597167,-272.62584373255606,-284.2994741498018,-295.4276761396954,-306.03593443729403,-316.1485429674293,-325.78866049650253,-334.9783636815482,-343.7386976387359,-352.08972414761377,-360.05056760186295,-367.6394588120855,-374.873776761178,-381.7700884080871,-388.3441866312562,-394.6111263987744,-400.5852592481531,-406.28026615477955,-411.7091888643745,-416.8844597612715,-421.81793034095443,-426.52089835210484,-431.0041336703387,-435.2779029629204,-439.35199320095614,-443.2357340729299,-446.9380193509316
273,0.041406250000000006,-31.929451438398182,-53.34650952369848,-73.70260772921556,-93.09326921481026,-111.5745531078366,-129.19155574921479,-145.98527791695054,-161.99433108026238,-177.25541008043444,-191.80346867887155,-205.67182135367193,-218.89222472792463,-231.49495148161577,-243.5088599322322,-254.9614601599641,-265.8789769981651,-276.2864100725681,-286.20759103532333,-295.66523812640605,-304.6810081873009,-313.27554624574384,-321.4685327847707,-329.2787288040659,-336.72401877660616,-343.8214515988084,-350.5872796278426,-357.0369958953955,-363.18536958303343,-369.04647984033085,-374.63374802315656,-379.9599684259025,-385.03733757798534,-389.87748217169263,-394.4914856852854,-398.889913762318,-403.0828384052624,-407.0798610388299,-410.89013449579176,-414.5223839756297,-417.9849270240048
274,0.040625,-29.665858766618733,-49.564296524058555,-68.47687885464816,-86.4923869583869,-103.66292648472161,-120.0304119484108,-135.63294902804938,-150.50642096337234,-164.68492841490203,-178.20095302057774,-191.0854522880086,-203.36793547306968,-215.0765324161452,-226.2380583140164,-236.87807525309145,-247.02095080972055,-256.6899138933789,-265.9071079721145,-274.6936418060378,-283.0696378068214,-291.0542781349903,-298.6658486413007,-305.92178075336847,-312.838691403882,-319.4324210921527,-325.7180701664248,-331.71003341022583,-337.4220330121283,-342.8671499945554,-348.05785417370726,-353.0060327193112,-357.7230173796644,-362.21961043438404,-366.5061094343397,-370.59233078547396,-374.4876322305485,-378.20093428033357,-381.740740643347,-385.1151577009422,-388.331913072372
275,0.03984375,-27.357794062231836,-45.7083807982077,-63.1499256010744,-79.76427236430332,-95.59945207754262,-110.6941030004652,-125.08335449851901,-138.800288915214,-151.87634652452815,-164.34147591111812,-176.22422116904082,-187.55179165497916,-198.3501253055013,-208.64394824605316,-218.45683144131738,-227.81124466112692,-236.72860791877943,-245.22934050664418,-253.3329077424407,-261.0578655330781,-268.4219028577246,-275.4418822670664,-282.13387849122665,-288.5132152445474,-294.59450031134355,-300.39165899285297,-305.9179659918599,-311.1860758079275,-316.2080517127739,-320.9953933720838,-325.55906317696997,-329.909511345334,-334.05669985058586,-338.0101252324807,-341.7788403422949,-345.37147507211034,-348.79625611566405,-352.06102580600054,-355.1732600730472,-358.14008556223064
276,0.0390625,-25.00621890073822,-41.77914629541202,-57.72104659670413,-72.90676092466269,-87.38021406551347,-101.1767395294243,-114.3284596753933,-126.86562310496194,-138.81697554038266,-150.20989776202038,-161.0704856444654,-171.42361415159914,-181.2929953863493,-190.70123320828847,-199.669875116915,-208.21946165954205,-216.3695735127815,-224.13887635568946,-231.54516364099786,-238.60539736416519,-245.33574692469,-251.75162616945045,-257.8677287034752,-263.6980615494429,-269.255977233332,-274.5542043699752,-279.60487681876765,-284.4195614764746,-289.00928477092407,-293.3845579163693,-297.55540098845626,-301.53136587399854,-305.3215581481922,-308.9346579294113,-312.37893975940096,-315.662291554424,-318.7922326707968,-321.77593112621594,-324.62022001632903,-327.331613164174
277,0.03828125,-22.61746679635522,-37.78844472561369,-52.2079032183124,-65.94350230646977,-79.03494871476735,-91.51418440368005,-103.41025074165356,-114.75049698262323,-125.56091499330695,-135.86626353842738,-145.69014034397367,-155.05503974530342,-163.982405019383,-172.49267765465976,-180.60534417730895,-188.33898075988216,-195.7112957415868,-202.73917016314024,-209.4386964097132,-215.82521505017215,-221.91334995655555,-227.71704178384957,-233.24957988644852,-238.52363274415893,-243.55127696724557,-248.34402494680668,-252.91285121367684,-257.26821756613424,-261.4200970238783,-265.37799666307194,-269.1509793846911,-272.74768466598687,-276.17634834255097,-279.4448214662482,-282.5605882821834,-285.5307833658429,-288.3622079596392,-291.0613455462541,-293.6343766944254,-296.0871932111684
278,0.037500000000000006,-20.192407388258705,-33.736413757644236,-46.60934492971196,-58.8716405239189,-70.55877365211471,-81.69927897680158,-92.31909749212728,-102.4426566685307,-112.09317006284356,-121.29274878603317,-130.06246618972733,-138.42240958319758,-146.39172713873168,-153.9886720182057,-161.23064428653916,-168.13423082254153,-174.71524334842388,-180.98875467398426,-186.96913324188162,-192.6700760548835,-198.10464006160845,-203.28527207344374,-208.22383728175376,-212.93164644114424,-217.41948178139344,-221.69762170768067,-225.775864345897,-229.66354998714672,-233.3695824829845,-236.90244964050672,-240.27024266410493,-243.48067468848072,-246.5410984454438,-249.4585231049946,-252.23963032932144,-254.8907895765069,-257.4180726890308,-259.82726780050814,-262.12389259252944,-264.31320693199194
279,0.03671875000000001,-17.73769533521094,-29.63553034680031,-40.944001789983986,-51.716168688479804,-61.98316869659631,-71.77005054256311,-81.09958854789731,-89.9932302594886,-98.47135888807442,-106.55339073221434,-114.25783166179801,-121.6023223056035,-128.60367907587357,-135.27793279530167,-141.64036541046772,-147.70554496819432,-153.487358955639,-158.9990460844851,-164.25322659230272,-169.26193113006855,-174.03662830152382,-178.58825091705546,-182.92722102191885,-187.06347375588018,-191.00648009872734,-194.76526855359643,-198.34844581764253,-201.76421648730073,-205.02040184318193,-208.12445775755765,-211.0834917653913,-213.90427933795914,-216.5932793963002,-219.15664909997784,-221.6002579450043,-223.92970120318262,-226.15031273362544,-228.26717719577468,-230.28514169187008,-232.20882686552198
280,0.035937500000000004,-15.254102978447916,-25.485685032703817,-35.210281191981174,-44.473556944539915,-53.30231502407509,-61.71811531949729,-69.74055752501239,-77.38809737624851,-84.6782731450964,-91.62778995055844,-98.25256869687075,-104.56778519355288,-110.58790562720938,-116.32671992502107,-121.79737343996347,-127.01239711854741,-131.98373624389333,-136.72277782749936,-141.2403767155739,-145.546880471473,-149.652153092368,-153.565597615293,-157.29617766497282,-160.8524379932585,-164.2425240575831,-167.4742006835791,-170.5548698548274,-173.49158767067368,-176.2910805111024,-178.9597604458129,-181.50373992289454,-183.92884577081938,-186.24063254590072,-188.444395255833,-190.54518148851315,-192.5478029739558,-194.45684660581884,-196.27668494781352,-198.0114862490816,-199.6652239915039
281,0.03515625,-12.74856509309047,-21.299903091423513,-29.427667016574375,-37.16998775717875,-44.54924192292778,-51.58343057582077,-58.28892057894059,-64.6811255406388,-70.77469434617298,-76.5835811197824,-82.12108578020256,-87.39988648908414,-92.43206911497454,-97.22915497926996,-101.80212723048913,-106.16145597269643,-110.31712221985417,-114.27864073338978,-118.05508179515634,-121.65509196512832,-125.08691387085248,-128.35840507356897,-131.47705605389078,-134.4500073579798,-137.28406594329002,-139.98572076115957,-142.56115761180803,-145.01627330566112,-147.3566891633497,-149.58776388523134,-151.71460581985434,-153.74208465940566,-155.6748425888985,-157.5173049145863,-159.27369019592558,-160.94801990426018,-162.54412763032735,-164.065667861656,-165.51612434993737,-166.89881808752241
282,0.034375,-10.221751960692751,-17.077828608227975,-23.594134404604418,-29.801279163705882,-35.717229993052996,-41.356439083831496,-46.73204399142945,-51.85641493067954,-56.74130675902244,-61.397915610657705,-65.83691178454406,-70.06846602632712,-74.1022733478747,-77.94757542199058,-81.61318184404601,-85.10749037062006,-88.43850619892639,-91.61386033728401,-94.64082711155459,-97.52634084936075,-100.27701178145732,-102.8991411975351,-105.39873589181862,-107.78152193203974,-110.05295778371084,-112.2182468200697,-114.28234924658601,-116.24999346754333,-118.12568692088647,-119.9137264062811,-121.61820793014944,-123.24303609031354,-124.79193302182306,-126.26844692450678,-127.67596019184066,-129.0176971597875,-130.29673149339445,-131.5159932280998,-132.67827548189754,-133.78624085376168
283,0.033593750000000006,-7.680835717538902,-12.832954874797284,-17.729900934120543,-22.39464155919341,-26.840654355594058,-31.07878173630661,-35.118882198579755,-38.970240381965084,-42.64168053075693,-46.14160856283009,-49.47803644712331,-52.658601712863444,-55.690585171297066,-58.58092760954595,-61.336245663112344,-63.96284694144387,-66.46674444885946,-68.85367033469113,-71.12908900360681,-73.2982096155037,-75.36599800304319,-77.33718803369626,-79.21629244199116,-81.00761315651219,-82.71525114509667,-84.34311580062177,-85.89493388874132,-87.3742580779653,-88.78447507152943,-90.12881335960907,-91.41035060957567,-92.63202071116609,-93.79662049266905,-94.9068161234632,-95.96514921755188,-96.97404265204,-97.93580611386007,-98.85264138743345,-99.72664739535504,-100.55982500363803
284,0.0328125,-5.126380452989076,-8.564681716373087,-11.83252197787358,-14.945266657055319,-17.911936461814626,-20.73978678279418,-23.435412038917477,-26.005020657490274,-28.45451160866026,-30.78950301370248,-33.01534878013215,-35.137151883474175,-37.15977638767673,-39.087858732976756,-40.92581844285952,-42.677868308821054,-44.34802408728278,-45.94011373550497,-47.457786210195955,-48.90451985064699,-50.28363036677033,-51.59827845121792,-52.85147703368733,-54.04609819454304,-55.18487975399117,-56.27043155222351,-57.3052414351635,-58.291680959734,-59.23201083187822,-60.12838608992624,-60.9828610452935,-61.79739399191477,-62.57385169528727,-63.314013671458206,-64.01957626582251,-64.69215654111244,-65.33329598352603,-65.94446403551834,-66.52706146337087,-67.08242356728306
285,0.03203125,-2.565751445886537,-4.2868872496151065,-5.922824162992462,-7.481225021206113,-8.966585331542419,-10.382522010633373,-11.73232440872835,-13.019090953442443,-14.245766843465534,-15.415157964794506,-16.529938939890346,-17.592659577427188,-18.605750742513724,-19.571529895528908,-20.492206364999664,-21.36988637705334,-22.20657785400741,-23.004194992311838,-23.764562629404274,-24.48942040873519,-25.180426751911085,-25.839162646613094,-26.467135258628623,-27.06578137600306,-27.636470692991757,-28.180508941174516,-28.699140874766616,-29.19355311686163,-29.664876873036082,-30.11419051846028,-30.542522064383977,-30.950851509590816,-31.340113082176032,-31.711197376734887,-32.064953391838515,-32.40219047243074,-32.72368016157645,-33.030157965785314,-33.32232503793319,-33.60084978162762
286,0.03125,0.0005968844060801433,0.0012692599943661905,0.0020418339346659885,0.0028883141640209773,0.0037900083332723902,0.00473305849508346,0.005706839228703807,0.006702988022416752,0.007714791377025588,0.008736778765100662,0.009764442966236386,0.010794040341934277,0.011822443653455894,0.012847030637861273,0.013865597732197617,0.014876291981712053,0.0158775564217803,0.01686808566426089,0.017846789363205554,0.018812761847678747,0.019765256666566415,0.02070366508563954,0.02162749779932903,0.022536369286328423,0.02342998435811028,0.02430812653497907,0.025170647964814528,0.026017460644684794,0.026848528753603728,0.027663861936447397,0.02846350940387563,0.02924755474309604,0.030016111335875943,0.030769318316702085,0.03150733699250372,0.032230347673999585,0.03293854686612297,0.03363214477305545,0.03431136308644786,0.03497643301822524
287,0.030468750000000003,2.565151525881305,4.285610434026216,5.920768739795897,7.478315680687938,8.962765564263885,10.377749269994425,11.726566874821335,13.012325266152285,14.237976449276024,15.406331869533334,16.52007074111155,17.581746696535134,18.59379380414616,19.558532218436973,20.47817353930894,21.35482590974069,22.190498869119608,22.98710797572328,23.74647921025519,24.470353171366686,25.160389073395105,25.818168555925723,26.445199314245837,27.042918559274533,27.612696315102436,28.155838561854033,28.673590231208095,29.167138061539735,29.63761331931093,30.086094393013518,30.513609265660996,30.921137871546684,31.30961434269621,31.679929150205357,32.03293114538498,32.3694295054198,32.690195588014774,32.99596469929245,33.28743777901111,33.56528300696984
288,0.029687500000000002,5.1275705308268495,8.567212383361797,11.8365930071562,14.951025400006596,17.919493000612725,20.74922356941745,23.446790340265693,26.018385067247635,28.469893335149454,30.80692235815996,33.034817057377595,35.15867294436076,37.18334784808425,39.11347298064354,40.95346347219466,42.70752841995259,44.37968047620663,45.973744995680285,47.49336876129713,48.942028306768826,50.323037853879455,51.63955688173131,52.89459734458706,54.0910305542989,55.23159374266332,56.31889631838899,57.35542583274258,58.34355366731401,59.28554045675024,60.183541258731196,61.03961048290472,61.855706589974005,62.633696571605334,63.375360221356786,64.08239420633791,64.75641594888141,65.39896732707005,66.01151820255355,66.595469783708,67.15215783180545
289,0.02890625,7.680239474289681,12.831685876062929,17.727858083365234,22.391749999928518,26.83685791621002,31.074038122458433,35.11315977698794,38.96351592748513,42.633937583369494,46.13283618806596,49.468228274400616,52.647755172334165,55.67870087704431,58.56800885359018,61.32229799526604,63.94787781696104,66.45076293048959,68.83668683899741,71.11111508373887,73.27925777427934,75.34608153146722,77.31632087098941,79.19448905392818,80.98488842944091,82.69162029346123,84.31859428616147,85.8695373498364,87.34800226782717,88.75737580412901,90.10088646239564,91.3816118821649,92.60248588929954,93.76630521681977,94.87573591156558,95.93331944137815,96.94147851681876,97.90252264077559,98.81865339868254,99.69196950148708,100.52447159292215
290,0.028125,10.22293098843839,17.080335764811093,23.598167596359975,29.80698436126788,35.72471624364763,41.36578806103737,46.74331638062608,51.86965489913166,56.75654521328391,61.415172651889506,65.85619861138694,70.08978644324036,74.12562498273371,77.97295072357933,81.64056890912167,85.13687363647058,88.46986702803656,91.64717751426765,94.67607726791825,97.56349882828067,100.31605095227323,102.94003372776774,105.44145298306185,107.82603402494918,110.09923473642172,112.26625806365278,114.33206392059039,116.30138053819897,118.17871528416137,119.96836497767252,121.6744257228207,123.30080228298061,124.85121701759061,126.32921840172057,127.73818914786843,129.0813539485406,130.36178685730036,131.5824183251467,132.74604190831013,133.85532066279183
291,0.02734375,12.747976180839009,21.298649678570925,29.425649233830033,37.16713165176434,44.545491996854416,51.57874503773529,58.28326816769865,64.67448330022722,70.76704600300563,76.5749158584377,82.11139729363425,87.38917222488392,92.42032966617448,97.2163935845825,101.78834935933295,106.14666897717842,110.30133504048291,114.26186364850537,118.03732620636433,121.63637021266783,125.06723907408686,128.33779099272112,131.45551696986146,134.4275579676533,137.26072126817758,139.96149606757444,142.53606834106228,144.99033501299843,147.32991746452072,149.56017440977638,151.68621417028174,153.71290637557718,155.64489311700385,157.48659958019135,159.24224418062292,160.91584822552193,162.51124512420358,164.032089168,165.48186389988592,166.86389009297915
292,0.026562500000000003,15.255263665352045,25.488153166998885,35.21425158155688,44.4791732683506,53.309684611597504,61.72731855237596,69.75165412346351,77.40113079979993,84.69327379945102,91.64477760480781,98.27155435682916,104.58877258667395,110.61089240127001,116.35169863011235,121.82433234269668,127.04132088383824,132.0146065105282,136.75557369732823,141.2750751716541,145.5834567371568,149.69058094088712,153.60584963752655,157.3382255016499,160.89625253673753,164.28807562747292,167.5214591797553,170.60380489084412,173.54216869010563,176.34327688897653,179.01354157698077,181.5590752989317,183.98570504683414,186.29898559843357,188.50421223289675,190.60643285267207,192.61045953924304,194.52087956919164,196.34206591575776,198.07818725991552,199.73321753385787
293,0.025781250000000002,17.737117363338562,29.63430019357293,40.94202141769066,51.71336549308995,61.97948818548562,71.76545167509455,81.09404061834694,89.98671071353391,98.46385173039307,106.54488532507398,114.24832179298612,121.59180544874286,128.59215579257466,135.26540624470582,141.62684094199074,147.69102977997449,153.4718618057121,158.98257704485854,164.23579683836152,169.2435527593554,174.0173141771736,178.56801453207714,182.90607638122324,187.0414352735061,190.98356250815735,194.741486829389,198.32381510689953,201.73875204970855,204.9941189985529,208.09737183995418,211.05561808303716,213.8756331382603,216.5638758353702,219.1265032161616,221.56938463593798,223.89811520599602,226.11802860793873,228.2342093091744,230.25150420759954,232.1745337321377
294,0.025,20.193542557102898,33.73882759944291,46.61322794157144,58.87713319647403,70.56598092503226,81.70827943434703,92.32994951176444,102.45540272518078,112.10783986543024,121.30936164168104,130.08103283599812,138.44293364042002,146.4142062823706,154.01309893928607,161.2570074879619,168.16251528587955,174.74543109682824,181.02082525060956,187.00306411881996,192.70584298433732,198.14221737864528,203.32463295785172,208.26495398511202,212.97449048413776,217.4640241255435,221.743832904967,225.82371466920605,229.71300954402525,233.42062131481038,236.95503780888743,240.32435032605613,243.53627216173626,246.59815626505164,249.51701207222814,252.29952155378191,254.95205451220139,257.48068316510796,259.89119604725045,262.1891112631402,264.37968912064287
295,0.02421875,22.616903307384003,37.78724536377607,52.20597237078049,65.94076915491128,79.0313600976672,91.50970027438447,103.40484112986549,114.74413986591486,125.55359474483343,135.85796975576827,145.68086694052025,155.04478422917768,163.97116791061592,172.48046200705065,180.59215518138697,188.32482540991458,195.69618255398512,202.72310893668345,209.42169802021232,215.80729127376873,221.89451331705328,227.69730542036913,233.22895743838043,238.50213825093343,243.52892478086244,248.3208296553977,252.88882757465583,257.2433804477062,261.39446135386095,265.35157738413426,269.1237914152354,272.71974286601136,276.1476674839057,279.4154162067887,282.5304731433728,285.4999727134187,288.3307159870041,291.0291862602855,293.6015639034442,296.0537405148251
296,0.0234375,25.007321532391213,41.781490911071714,57.724818197273244,72.91209593577484,87.38721437996305,101.18548143996456,114.33899984762354,126.87800275856593,138.8312234960127,150.22603273789787,161.08851803621565,171.4435474430312,181.314827288273,190.72495659144002,199.69547878546294,208.24693099877356,216.39889103586677,224.17002216837932,231.57811583881605,238.64013237348982,245.3722397968015,251.7898508348498,257.9076581924115,263.73966818353614,269.2992327923445,274.599080237107,279.65134410732713,284.4675911403326,289.0588477008026,293.43562502372527,297.60794327846617,301.5853545089579,305.3769645024516,308.991453636848,312.437096754278,315.72178210639794,318.853029414737,321.83800708741677,324.683548631639,327.3961682994928
297,0.022656250000000003,27.3572485103513,45.70721957201256,63.148056091413096,79.76162596487622,95.59597727583078,110.68976098124513,125.07811620266219,138.79413297934514,151.8692577784202,164.33344424400053,176.21524065003905,187.54185983507523,198.33924265332215,208.63211768498513,218.44405796512342,227.79753501155864,236.71397031294006,245.21378440482874,253.31644364931532,261.04050482657533,268.4036576412043,275.42276524114754,282.11390284236654,288.49239454796185,294.57284844628134,300.3691900685491,305.8946942827725,311.1620156970657,316.1832176421054,320.96979979915653,325.53272453699594,329.88244201809727,334.02891413160347,337.98163730793806,341.7496642673201,345.34162475201725,348.765745289833,352.02986803410084,355.1414687233524,358.1076738017901
298,0.021875000000000002,29.6669220437577,49.56655740967602,68.4805157024727,86.4975312779382,103.66967648409867,120.03884114925413,135.64311202589388,150.51835746008655,164.6986661571234,178.21651001455166,191.10283851604262,203.38715425405846,215.09758150380623,226.2609307965578,236.90276029912957,247.04743429285443,256.7181789194326,265.937135327232,274.72541033967605,283.1031247606271,291.08945942631976,298.7026991084218,305.9602743680771,312.8788014562429,319.47412035127394,325.76133102052125,331.75482798872287,337.46833329212683,342.91492789363684,348.10708163077646,353.0566817649294,357.7750601971396,362.2730194127011,366.5608572138919,370.64839029741955,374.5449767305253,378.2595373771717,381.8005763233385,385.17620034817577,388.3941374855655
299,0.02109375,31.92892716871618,53.34539354596311,73.70081099894524,93.09072575108642,111.57121335544623,129.18738235474987,145.98024290305028,161.9884138661206,177.24859603813866,191.79574804416455,205.66318838086127,218.88267701918235,231.48448944484872,243.497486336298,254.94917976530581,265.8657962470067,276.2723368269062,286.19263435380765,295.64940807324956,304.66431566781966,313.25800286424834,321.4501507213574,329.25952070749963,336.7039976709824,343.8006308020851,350.56567268063355,357.01461649868435,363.1622315436622,369.0225970232918,374.60913430985664,379.9346376776753,385.0113036042418,389.8507587021564,394.4640863458592,398.86185205415705,403.0541276867028,407.0505145098517,410.860165184735,414.4918047279205,417.95375049266806
300,0.0203125,34.143616105940346,57.04602957479025,78.81400801126046,99.54968050539699,119.31298045659877,138.1521213467101,156.1109391314771,173.23071620724627,189.5506864932994,205.10822290688066,219.93894604961358,234.07681116120128,247.55418706675957,260.4019305136326,272.649456828066,284.3248072305381,295.45471300320804,306.06465666377255,316.1789302861267,325.82069110037355,335.01201449848384,343.773944566131,352.1265422557529,360.0889313106328,367.67934204475387,374.9151530783549,381.81293112450095,388.38846891756657,394.6568213703136,400.63234004222414,406.32870599789663,411.7589611306612,416.9355380230515,421.8702884124565,426.5745103270671,431.0589739542173,435.3339463003115,439.4092146987697,443.29410921979803,446.9975240332677
301,0.01953125,36.30375336513822,60.65467540758052,83.79917585816948,105.84589019319954,126.85857571096152,146.8885204308238,165.98235269818008,184.18398210724393,201.53513750673392,218.07556697120478,233.84315380052038,248.87400928737208,263.20255689066107,276.8616114514894,289.88245445739125,302.2949057257419,314.1273917192594,325.40701066266683,336.15959461336325,346.40976862964874,356.1810071727332,365.49568787215713,374.37514277808754,382.839707218114,390.9087663706319,398.6007996616204,405.9334230866139,412.9234295548874,419.5868273483232,425.9388767831052,431.99412515824224,437.7664400710116,443.26904117563896,448.5145304579911,453.5149210956241,458.2816649693072,462.82567888904276,467.15736959465295,471.2866575882043,475.2229998528548
302,0.018750000000000003,38.40980341379701,64.17379397924088,88.66158571788976,111.98807279419513,134.2206801495691,155.41364766725272,175.6162902430242,194.87504980384054,213.23406359285997,230.73537513061513,247.41905652388903,263.32330631434894,278.48453831252084,292.9374652397884,306.71517822663805,319.84922254932616,332.3696698233106,344.30518682750704,355.6831011176558,366.52946357816467,376.86910805469614,386.72570820323324,396.1218316851553,405.0789918319243,413.61769689729493,421.7574970095108,429.5170289307598,436.91405872617355,443.9655224399185,450.6875648713879,457.0955765401711,463.20422892436363,469.02750805282125,474.5787465282285,479.8706540542453,484.9153465365978,489.7243738247084,494.3087461573562,498.67895937290115,502.8450189417705
303,0.017968750000000002,40.45475484444752,67.59000101127674,93.38089090547251,117.94847948225063,141.36381270010432,163.68404184729306,184.96112598125973,205.243994707388,224.5791476567007,243.01087729315338,260.5813981566812,277.33095022360465,293.29789269395974,308.5187922571358,323.0285069556884,336.86026606018254,350.0457461919966,362.61514388225294,374.5972447370363,386.0194893687379,396.9080362452415,407.28782160133534,417.18261654987555,426.6150815237367,435.6068181734207,444.17841883931607,452.349513712029,460.1388157888794,467.56416372959256,474.6425627093956,481.39022336311984,487.82259890954487,493.95442054102705,499.79973115949565,505.3719175360908,510.68374096811607,515.747366503527,520.5743907998954,525.1758686816634,529.5623384565114
304,0.0171875,42.43918150793066,70.90590559517095,97.9625352490121,123.73602134738377,148.30086467636337,171.7169971135395,194.03890845188187,215.31791381894467,235.60278166090683,254.93996688924238,273.3737460579793,290.9463255039952,307.697939519942,323.66694278574613,338.8898982182913,353.40166066248037,367.2354566655527,380.4229605274151,392.99436680218605,404.97845941621864,416.40267755996155,427.29317850375975,437.6748974808147,447.5716047739466,457.0059601365021,465.9995646717163,474.5730102890936,482.7459268508572,490.53702711627096,497.9641495866206,505.0442993488561,511.79368701134064,518.2277658207785,524.3612670452679,530.2082337044376,535.7820527238682,541.0954855873903,546.160697557412,550.9892855301682,555.5923045896462
305,0.01640625,44.3563393072553,74.10861178110568,102.38688170415749,129.32387716620502,154.99749476373287,179.4703966969761,202.79955239036656,225.03860979299773,246.23855263235401,266.4479446838821,285.7130714607836,304.07805353005665,321.58494933554084,338.2738519690153,354.18298111654434,369.3487706322987,383.80595199933896,397.5876338834653,410.725377966555,423.2492712345372,435.18799488627025,446.56889002157027,457.41802025913205,467.7602314279831,477.61920846934925,487.01752967938467,495.9767184171008,504.51729239600314,512.6588106723874,520.4199184379643,527.8183897194381,534.8711680828676,541.594405436053,548.0034990178424,554.1131266590852,559.9372803960007,565.4892985129587,570.7818960880605,575.8271941114874,580.6367472433071
306,0.015625,46.206907938946124,77.20085873192465,106.65951318703503,134.72109620089572,161.46672508176118,186.96165420128136,211.2652123016225,234.43327133583244,256.5189302791644,277.5727690238154,297.6429955911527,316.77556389695,335.01428065799104,352.4009060432011,368.97524933314287,384.77526004949016,399.83711481839515,414.195300178018,427.88269152125247,440.9306283537925,453.36898603902137,465.2262441932677,476.5295518874504,487.3047898039583,497.57662949073125,507.36858984793594,516.7030909763556,525.6015055106168,534.0842075546427,542.1706193312731,549.8792556527633,557.2277663139189,564.2329765048612,570.9109253359142,577.2769025627737,583.3454835960175,589.1305628750881,594.6453856831342,599.9025784755497,604.9141777916223
307,0.01484375,47.98445219607742,80.17031833437552,110.76162336306854,139.9019501931719,167.67556580024075,194.15025696272278,219.38765223616352,243.44578715551688,266.37981521271274,288.242272082501,309.08322888542386,328.95041476085913,347.8893280918431,365.9433411850009,383.15379973254437,399.5601175451503,415.1998668361595,430.10886427986776,444.32125304544655,457.8695809958683,470.78487523162795,483.0967131503996,494.8332901856563,506.0214843796059,516.6869179384977,526.8540159113958,536.5460621269123,545.7852525160822,554.5927459435657,562.9887126636422,570.9923805120043,578.6220789391823,585.895280986457,592.8286433004275,599.4380442778815,605.7386204283448,611.7448010375977,617.4703412115481,622.9283533761528,628.1313373055218
308,0.0140625,49.689753430839794,83.01984293604707,114.69889981795761,144.8755707886938,173.6370895628285,201.0536306905382,227.188996081163,252.10327004350526,275.85355470850897,298.4942431067169,320.0771775078523,340.6517760849301,360.26514789542637,378.96220113149116,396.78574599948604,413.77659272602455,429.9736449748485,445.41398890101976,460.132978048119,474.1643142823653,487.5401249482015,500.2910364213254,512.4462442270313,524.0335798839866,535.0795746261674,545.6095201485854,555.6475265156968,565.2165773649152,574.338582531498,583.0344282151897,591.3240248034033,599.2263524603742,606.7595045866016,613.9407292480535,620.7864686699431,627.3123968854832,633.5334556257905,639.4638885330934,645.1172737755724,650.5065551384828
309,0.013281250000000001,51.31672500148871,85.73774826717722,118.45348287448383,149.61748131832397,179.31986141852377,207.63311660288454,234.62315459673297,260.35204071174576,284.87875816393904,308.2594906267425,330.547786122233,351.7946880954773,372.0488543553924,391.35666901812397,409.7623488714793,427.3080446828033,444.03393774996135,459.97833193349373,475.17774138535333,489.66697417665847,503.4792120166725,516.6460862459818,529.1977502781824,541.1629486561853,552.5690828814544,563.4422741670486,573.8074232582894,583.6882674581224,593.1074349878331,602.0864968076618,610.6460160160259,618.8055949405259,626.5839200285893,633.9988046405954,641.067229843486,647.8053832983089,654.228696330757,660.3518792696076,666.1889551340055,671.7532917467355
310,0.0125,52.866245099585065,88.3269822767379,122.03112972596885,154.1368395172876,184.7369239455801,213.90604508901197,241.712084663045,268.2189688914564,293.48745100624586,317.5754018241979,340.53797823760016,362.42775799630783,383.2948620545797,403.1870697529751,422.149928283648,440.22685696871423,457.45924665469164,473.88655446430533,489.5463941247406,504.4746220788294,518.705419575643,532.2713709278186,545.2035381142944,557.5315318988698,569.2835796271265,580.4865898566906,591.1662139686338,601.3469049009266,611.0519731383026,620.303640086636,629.1230889539564,637.5305132545478,645.5451630471259,653.1853890129343,660.4686844746354,667.4117254521914,674.0304088474156,680.3398888446119,686.354611610632,692.0883483737874
311,0.01171875,54.332613174518336,90.77657657562969,125.41503746336468,158.4105712128116,189.8585908802618,219.83584959534528,248.41212790872564,275.6531382541462,301.6213299192273,326.3761881837372,349.9744078286441,372.47003190364205,393.9145776507419,414.35715502093,433.844579285266,452.4214782931607,470.13039469487444,487.01188338012895,503.10460436078387,518.4454113118254,533.0694359741111,547.0101686125452,560.2995347142052,572.9679681022627,585.0444806332912,596.5567286376854,607.5310762554474,617.9926558124538,627.9654253755338,637.4722236182105,646.5348221227916,655.1739752386217,663.4094676106916,671.2601594874857,678.7440299118252,685.8782178936517,692.6790616590325,699.1621360652955,705.3422882679783,711.2336717212784
312,0.010937500000000001,55.716798844809134,93.08955654362123,128.61099740027717,162.44780378055148,194.697794339025,225.4396583634045,254.74493886005476,282.6810098394662,309.31190106901613,334.69860435713616,358.8992511563699,381.9692546324153,403.9614386223214,424.9261590379397,444.911419242084,463.96297995631767,482.1244640201595,499.43745625632675,515.9415986731406,531.6746812218747,546.6727283162405,560.9700813115278,574.5994771317803,587.592123224672,599.9777690154212,611.7847740231211,623.0401727952766,633.7697368090866,643.9980334810894,653.7484824201999,663.0434090528613,671.9040957430432,680.3508305240792,688.4029535538957,696.0789013999587,703.396249255318,710.3717511823882,717.0213784765916,723.3603562376973,729.4031982325752
313,0.010156250000000002,57.01352279611564,95.25573729491596,131.60336698993848,166.22700780260783,199.22677976995695,230.6832225124373,260.66955918335697,289.2547441971662,316.5043078901467,342.4806703995936,367.24332372094966,390.8489773129712,413.35169022769514,434.8029954696885,455.2520181595312,474.74558808121947,493.32834694594663,511.0428506364334,527.9296666708951,544.0274671113832,559.3731171299239,574.0017594356426,587.9468947564599,601.2404585598563,613.9128941885427,625.9932225786288,637.5091087200393,648.4869250114475,658.951811654865,668.9277342282454,678.4375385679783,687.503003086993,696.1448886483047,704.3829861082382,712.2361616382224,719.7223999289585,726.8588453759143,733.6618413404688,740.1469675766293,746.3290759090314
314,0.009375000000000001,58.223840099809806,97.27820299665939,134.39793597616972,169.75722404415242,203.45828912698397,235.58336257302923,266.20720758994906,295.40023058864205,323.2293431039775,349.7582818982251,375.0477945814737,399.15578809175605,422.1374634695464,444.0454427342778,464.92988946004584,484.8386236352039,503.81723114046275,521.9091681118754,539.1558604304413,555.5967985660725,571.2696279925495,586.2102353799659,600.4528307615822,614.0300258628945,626.9729087720042,639.3111151220555,651.0728959485622,662.2851823768747,672.97364728779,683.1627641024286,692.8758628208997,702.1351834430258,710.9619268933883,719.3763035672754,727.3975796086463,735.0441210260636,742.3334357475788,749.2822137108562,755.9063650803115,762.2210566787666
315,0.00859375,59.34292522600925,99.14761506107752,136.98031862303938,173.01860059494314,207.3666707169844,240.10835854252178,271.3198783779783,301.0730014871632,329.43593523429286,356.47364976895716,382.24806750892714,406.81821468528096,430.24035886413986,452.568138381805,473.8526853321168,494.1427427090958,513.4847760506931,531.9230798584705,549.4998790419583,566.2554256215377,582.2280909119306,597.4544533977469,611.9693825025496,625.8061184434473,638.9963483542152,651.5702788513704,663.556705209461,674.9830773040527,685.875562473471,696.2591054433043,706.1574854509249,715.5933707008807,724.5883702758773,733.1630836222588,741.3371477233143,749.1292820684637,756.5573315213051,763.6383071847099,770.3884253565498,776.8231446652762
316,0.0078125,60.37191220335114,100.86709744930286,139.35626744467461,176.0200359210556,210.96439783816606,244.27461961483323,276.02822371327943,306.2982148592184,335.1539738166348,362.6615893369936,388.8840506526473,413.88140145263145,437.7108796425422,460.42704891188896,482.08192376595275,502.72508862903896,522.4038113665015,541.1631515020302,559.0460633810657,576.093494516628,592.3444793423016,607.8362285865679,622.604214472745,636.6822519393123,650.1025760663615,662.8959158852631,675.0915647404147,686.7174473640579,697.8001838176582,708.3651504461783,718.4365379847532,728.0374069507737,737.1897404481612,745.9144945047218,754.2316460578022,762.1602386981115,769.7184262764221,776.9235144729945,783.7920004248911,790.3396105019098
317,0.00703125,61.30645902716453,102.42821541653709,141.51274214473645,178.74347790187392,214.22807963485496,248.05314998460696,280.2974245163012,311.0350488419753,340.3364868256475,368.26885805993584,394.89613360631427,420.2792925458798,444.4764640449946,467.5430610683047,489.53190743171723,510.49335881804876,530.4754181124149,549.5238453411322,567.6822624710112,584.9922533105539,601.4934587424335,617.2236675056586,632.2189027355217,646.5135044596682,660.1402082393241,673.130220135861,685.513288174453,697.3177704685362,708.570700161125,719.2978473317435,729.5237780107676,739.2719104363565,748.5645686828108,757.4230337832037,765.8675924633535,773.9175835987652,781.5914425009308,788.9067431344176,795.8802383614282,802.5278983059977
318,0.00625,62.147771711611824,103.83411350579772,143.45542262988525,181.19762798512357,217.16984405945053,251.45984663607186,284.1474394700625,315.3077754937666,345.012276935216,373.3289770666201,400.32271838406325,426.05531112973773,450.5856771755911,473.96998547039226,496.26178075689177,517.5121061844201,537.7696201749179,557.0807078273094,575.4895871186588,593.0384101455006,609.7673596367982,625.7147409591125,640.9170698243084,655.4091559003575,669.2241825164776,682.3937826449461,694.9481113334367,706.9159147536308,718.3245960241204,729.2002779582614,739.567862880591,749.451089648747,758.8725880113991,767.8539304266528,776.4156814595387,784.5774448716849,792.3579085109793,799.7748871039944,806.8453630491568,813.5855253040504
319,0.0054687500000000005,62.89201853986316,105.0773128219105,145.17269447945355,183.36634523804173,219.76870550033598,254.46861705102424,287.54685127357845,319.07947098670843,349.1387621123052,377.7935798631462,405.10954953383686,431.1492270920291,455.97224491205753,479.63544894140387,502.19302903590994,523.6966431022734,544.1955354139376,563.7366493913522,582.3647351100349,600.1224517841171,617.0504654606401,633.1875421486058,648.5706365962366,663.2349769198868,677.2141452785107,690.5401547785144,703.2435227851732,715.3533408085489,726.8973411239908,737.9019602798184,748.3923996376403,758.3926830839831,767.925712045395,777.0133179330381,785.6763121368721,793.9345336839332,801.8068946698527,809.3114235676604,816.465306513062,823.2849266607317
320,0.004687500000000001,63.54047012360231,106.1609591865585,146.67013006473937,185.2580804937009,222.03637174440135,257.0947477818025,290.5148016230315,322.373371051341,352.74347940509654,381.694685018403,409.29328386513583,435.6024716501822,460.68249092968847,484.59076960269437,507.3820525199523,529.1085268498704,549.8199415679852,569.5637213615374,588.385075213574,606.3270999155633,623.430878745274,639.7355755355193,655.2785243488676,670.0953149634247,684.2198743652475,697.6845444338419,710.5201559985176,722.75609943508,734.4203919644395,745.5397418071789,756.139609340928,766.2442654005564,775.8768468546318,785.0594095853952,793.8129789935322,802.1575981433742,810.1123736587622,817.6955194746467,824.924398544605,831.8155625997624
321,0.00390625,64.08982892732212,107.07857653255407,147.9376142535156,186.85870659616302,223.9543964663407,259.31521700804456,293.0234774017376,325.156688687247,355.78851314938305,384.9891170811946,412.82537538663223,439.3610352213146,464.65686449506404,488.77079164571734,511.75803845272674,533.6712465409373,554.5605979474078,574.4739300476414,593.4568451095656,611.552814727584,628.8032793763834,645.2477433127262,660.9238650427137,675.8675435618073,690.1130005651904,703.6928588167975,716.6382168565362,728.9787202168267,740.7426293115776,751.9568841530993,762.6471660451747,772.8379563935921,782.5525927688233,791.8133223492567,800.6413528673702,809.0569011755264,817.0792395426149,824.7267397875626,832.0169153507901,838.9664613999566
322,0.003125,64.5414227245026,107.83329334112209,148.98057854051686,188.1763726846324,225.53399585063963,261.1446067508667,295.0910845108311,327.45147795003686,358.2999612357012,387.70718885672176,415.7405014794792,442.46409060648864,467.9391480246571,492.22400648657674,515.3742733988689,537.4429581680488,558.4805935764042,578.5353514842677,597.6531531274333,615.8777742627402,633.250945402395,649.8124473662497,665.6002023705876,680.650360861787,694.997384293539,708.6741240370378,721.7118966047374,734.1405553598419,745.9885588756704,757.2830361013765,768.0498484831953,778.3136491834426,788.0979395328224,797.4251228453072,806.3165557187849,814.7925969389308,822.8726540982818,830.5752280372391,837.9179552087699,844.9176480637933
323,0.0023437500000000003,64.8925045644443,108.41966579233053,149.7904502975095,189.1990233082757,226.75933658376258,262.5630566290903,296.6935230775183,329.22921738398867,360.24472408333855,389.8110879622261,417.99602121891695,444.8640691501945,470.47676051150626,494.89274903965276,518.167947928446,540.3556579157447,561.5066893593325,581.6694786016805,600.8901988952638,619.2128661439004,636.6794397027825,653.3299184682799,669.2024324777191,684.3333302290129,698.7572619201939,712.507258799536,725.6148088080313,738.1099286874901,750.0212327194233,761.3759982521549,772.2002281662366,782.5187104212426,792.3550748203091,801.7318471224364,810.670500626473,819.1915053449209,827.3143748801835,835.0577111105987,842.4392467886071,849.4758861485969
324,0.0015625,65.14444871031876,108.84078125047084,150.37248104205895,189.93444967130992,227.64106808539134,263.5843481833349,297.84794451569655,330.5106359254826,361.64729021284865,391.32922247813013,419.624402935752,446.5976231352049,472.31064682262354,496.82235194897686,520.1888656169051,542.4636926236685,563.6978379767763,583.9399236818449,603.2363000742257,621.6311519499902,639.1665997392306,655.8827959531511,671.8180171256205,687.0087514595699,701.4897823788172,715.2942681765473,728.4538179427566,740.9985639444723,752.9572306244298,764.3572003761795,775.2245762461956,785.5842417065537,795.4599176350133,804.8742166329813,813.8486948057092,822.4039011232887,830.5594244754681,838.3339385280256,845.7452444834146,852.8103118435833
325,0.00078125,65.29512017542307,109.09237447037589,150.7198937778817,190.37304497368612,228.1664843489281,264.19244509259437,298.53478217720635,331.27246250243684,362.48053206648683,392.23047531717924,420.59042356977034,447.625321701165,473.39707942687016,497.96471368893884,521.3844839555493,543.7100210941128,564.9924501973017,585.2805076636046,604.6206528055475,623.0571742424767,640.6322913219531,657.3862508021821,673.3574190169682,688.5823697343179,703.0959679099296,716.9314495274048,730.1204977080336,742.6933152644806,754.6786938645187,766.1040799632245,776.9956376546178,787.3783085866947,797.2758690770521,806.7109845599213,815.705261489281,824.2792968169205,832.4527251587608,840.2442637574376,847.6717553441239,854.7522089977356
326,0.0,65.34594930718477,109.17747528519828,150.83769024833873,190.52209723545866,228.34542988634385,264.39998370363213,298.76967104656484,331.5335135330852,362.766609688152,392.54049439541416,420.92334735327205,447.980159808537,473.77288588266913,498.3605850169908,521.7995573346153,544.1434725787004,565.4434930048119,585.7483905279087,605.1046583963351,623.5566176492081,641.1465186009024,657.9146375848234,673.8993691778091,689.1373141161951,703.6633631047318,717.5107767101758,730.7112615224105,743.2950427574501,755.2909334685079,766.726400523591,777.6276275006499,788.0195746442929,797.9260360213215,807.3696940059567,816.372171219501,824.9540800433538,833.1350698187558,840.9338718413264,848.3683422534288,855.4555029325581
327,0.14375000000000002,38.40980515991593,64.17379834208751,88.66159359462007,111.98808503311487,134.22069755073366,155.41367098312963,175.61632017933528,194.87508702057622,213.23410870543248,230.7354287111157,247.41911910242254,263.3233783804215,278.4846203164709,292.93755759423414,306.7152813079405,319.84933669905035,332.3697953496822,344.3053240068504,355.6832501958157,366.52962477190204,376.8692815530557,386.7258941688823,396.1220302556849,405.07920312111764,413.61792099635755,421.75773398826425,429.51727883879505,436.9143215939679,443.96579827991206,450.6878536790205,457.0958782948811,463.2045435905496,469.02783558076504,474.57908685498023,479.8710071044738,484.91571222340406,489.72475205040604,494.3091368142158,498.67936234386394,502.8454341011283
328,0.25234375,64.89250026041749,108.41965496200375,149.79043053677606,189.19899217308065,226.75929159941134,262.5629953203172,296.69344300131763,329.229116158193,360.2445994090795,389.8109376405351,417.9958431623987,444.86386139078604,470.47652120520485,494.89247646892534,518.1676405028702,540.3553141712997,561.5063079566642,581.6690583235859,600.8897386435876,619.2123649359928,636.6788966676316,653.3293328424232,669.2018036009955,684.3326575402268,698.7565449527322,712.506497176982,725.6140022398041,738.1090769645374,750.0203357099842,761.3750558976128,772.1992404770727,782.5176774730977,792.3539967501664,801.730724124925,810.6693329502975,819.1902932894229,827.3131187920301,835.0564113806014,842.4379038486705,849.4745004687959
329,0.253125,64.54141842943437,107.83328230853273,148.9805584741979,188.17634159060768,225.53395199634184,261.1445486254127,295.0910107920143,327.4513874785464,358.29985299531484,387.7070619589583,415.74035515141713,442.4639241808039,467.9389609312144,492.2237982451388,515.374043612627,537.4427065177833,558.4803198151419,578.5350554323493,597.6528346679271,615.8774333371587,633.2505820066715,649.8120615469629,665.5997942213992,680.6499305200842,694.9969319372618,708.6736498816838,721.7114009005279,734.1400383890464,745.9880209500717,757.2824775598779,768.0492696895583,778.3130505241452,788.0973214150407,797.4244856950053,806.3158999789105,814.7919230677162,822.8719625676389,830.5745193312456,837.9172298222436,844.9169065009504
330,0.25390625,64.08982699012678,107.07857150131244,147.93760496939015,186.85869201119272,223.9543756365325,259.3151890841354,293.02344161982523,325.1566443602211,355.78845965945067,384.98905387350834,412.8253019638864,439.36095113914774,464.6567693581047,488.77068510414153,511.75792019922017,533.6711163079774,554.5604555048044,574.4737752002904,593.4566776953785,611.5526346155674,628.8030864648441,645.2475375275928,660.9236463359525,675.867311909931,690.1127559678423,703.6926012954124,716.6379464530652,728.9784369925262,740.7423333458531,751.9565755424045,762.6468449019604,772.8376228453006,782.5522469569318,791.8129644283576,800.6409830042938,809.0565195485035,817.0788463404745,824.7263352089637,832.0164996034874,838.966034700099
331,0.2546875,63.540469433941134,106.16095747800898,146.67012700522417,185.25807581218933,222.0363652229682,257.0947392505503,290.51479095667077,322.37335816654024,352.74346425810296,381.69466760271666,409.29326420916254,435.6024498148612,460.68246700611667,484.59074370977925,507.3820248021185,529.1084974748414,549.8199107246558,569.5636892579441,588.3850420749735,606.327065982617,623.4308442723388,639.7355407890468,655.2784896059028,670.0952805102063,684.2198404959004,697.6845114491622,710.5201242048425,722.756069143241,734.4203634887887,745.53971546469,756.1395854503672,766.2442442817129,775.8768288276128,785.0593949699745,793.8129681085517,802.1575913061964,810.1123711847682,817.6955216767767,824.9244057329382,831.8155750811394
332,0.25546875,62.89201862440905,105.07731304007484,145.17269487311992,183.36634587623274,219.7687064754642,254.46861847619473,287.5468532805585,319.07947372420387,349.13876574434175,377.79358456748525,405.10955550040467,431.14923452137106,455.97225401382786,479.6354599329105,502.1930421407243,523.6966585489151,544.1955534346398,563.7366702209099,582.3647589847395,600.1224789407761,617.0504961356758,633.187576577238,648.5706750117399,663.2350195529226,677.2141923565258,690.5402065252084,703.2435794200253,715.3534025464031,726.8974081746939,737.9020328479078,748.392477922078,758.3927672779315,767.9258023360327,777.0134145014094,785.6764151577714,793.9346433258178,801.8070110947834,809.3115469312655,816.4654369645241,823.2850643427947
333,0.25625000000000003,62.147772315032334,103.83411504252685,143.4554254304896,181.1976323918185,217.16985042339996,251.45985531551798,284.1474508290905,315.3077899013955,345.01229476460776,373.32899869431424,400.3227441891969,426.05534149324865,450.5857124794053,473.9700260966105,496.2618270869876,517.5121585984552,537.769679050787,557.0807735400167,575.4896600396353,593.0384906419622,609.7674480711438,625.7148376883715,640.9171751996267,655.4092702665316,669.2243062115284,682.3939159997375,694.9482546713326,706.9160683901933,718.3247602668439,729.2004531063426,739.5680492247337,749.4512874709966,758.8727975850102,767.8541520159832,776.4159153199693,784.5776912495661,792.3581676435994,799.7751592195689,806.8456483668373,813.5858240339517
334,0.25703125000000004,61.30646005015448,102.42821800219603,141.5127468381419,178.74348524345413,214.22809015846994,248.05316421595126,280.2974429717888,311.03507202798534,340.3365152379945,368.26889218348,394.89617391465123,420.2793395010794,444.4765180973657,467.54312265618,489.5319769812516,510.4934367430321,530.4755048140993,549.5239412080754,567.6823678789391,584.9923686222427,601.4935843076113,617.2238036609306,632.2190498043162,646.513662752207,660.1403780526114,673.1304017536982,685.513481867473,697.31797649426,708.5709187640363,719.298078743385,729.5240224498529,739.2721681089002,748.5648397822756,757.4233184906606,765.8678909476561,773.9178960167384,781.5917689975706,788.9070838430986,795.880593404123,802.5282677935062
335,0.2578125,60.37191351357664,100.86710075947127,139.35627345422108,176.02004531344272,210.96441127968774,244.2746377535987,276.028247178553,306.2982442610465,335.15400974567285,362.66163236448114,388.88410133048757,413.88146031354916,437.71094720029276,460.42712566150846,482.0820101840319,502.72518517401363,522.4039184789539,541.163269604997,559.0461928803475,576.0936358011044,592.3446327842403,607.8363945419405,622.6043932815365,636.682443925833,650.1027815395554,662.8961351390167,675.0917980538645,686.7176950018988,697.8004460304486,708.3654274706446,718.4368300440959,728.0377142549692,737.1900631942664,745.9148328771731,754.2320002287177,762.1606088275888,769.7188125128379,776.9239169532982,783.7924192748992,790.3400458365996
336,0.25859375,59.342926763221755,99.14761893949267,136.98032566114034,173.0186115859047,207.3666864275726,240.10837971225783,271.31990571872336,301.073035683034,329.43597694179795,356.473699617289,382.2481261003589,406.81828259563775,430.2404366433163,452.568226554319,473.85278439768376,494.1428531432146,513.4848983052389,531.9232143622884,549.5000262014545,566.2555858212676,582.2282645151776,597.4546407470963,611.969583920451,625.8063342327694,638.9965787987904,651.5705242165284,663.5569657425539,674.9833532349699,685.8758540151434,696.2594127921991,706.1578087875317,715.5937101901861,724.5887260678327,733.1634558522354,741.3375365125535,749.1296875245146,756.5577537384571,763.6387462444119,770.3888813278256,776.8236176051294
337,0.259375,58.22384178959832,97.27820725850216,134.39794371142187,169.75723612307675,203.45830638761558,235.58338582032547,266.20723759540033,295.4002680902625,323.22938880656216,349.7583364738009,375.04785866988504,399.1558623013443,422.1375483778929,444.045538888992,464.9299973795817,484.83874380969286,503.81736403255434,521.9093141575815,539.1560200399762,555.5969721246864,571.2698158613512,586.2104378967347,600.4530482415647,614.0302585995853,626.9731570379109,639.3113791694444,651.0731760101884,662.2854786666927,672.9739600016459,683.1630934187331,692.8762089012839,702.1355464329766,710.9623069228691,719.3767007513223,727.3979940479537,735.044552807547,742.3338849449256,749.2826803850519,755.906849280157,762.2215584413764
338,0.26015625,57.01352459926499,95.25574183609582,131.603375225854,166.2270206533964,199.22679811842042,230.68324720348693,260.6695910238586,289.2547839561254,316.50435629913875,342.48072815337423,367.243391478195,390.84905569711026,413.3517798278047,434.8030968414339,455.2521318261358,474.74571453444963,493.328486647105,511.04300401735406,527.9298341349314,544.0276490343884,559.3733138612174,574.001971298962,587.9471220508938,601.2407015607591,613.9131531484271,625.9934977280366,637.509400268391,648.4872331478688,658.9521365489891,668.9280760309929,678.4378974123135,687.5033790886586,696.1452819065311,704.3833967064319,712.2365896446323,719.7228453973197,726.8593083460714,733.6623218389764,740.1474656173343,746.3295914936341
339,0.2609375,55.716800719600734,93.08956126150754,128.61100595380302,162.4478171220171,194.69781337992575,225.4396839740568,254.7449718695908,282.6810510361466,309.3119512007737,334.69866413229386,358.899321244485,381.9693356652154,403.96153119470546,424.92626370902406,444.9115365362808,463.96311036443075,482.1246080004884,499.4376142357749,515.9417710483164,531.6748683601855,546.6729305569725,560.9702989669097,574.5997104880287,587.5923725430157,599.9780345331023,611.7850559543728,623.0404713322771,633.770052122887,643.9983657225163,653.7488317207315,663.0437755254779,671.9044794830506,680.3512316099083,688.4033720478733,696.0793373490549,703.396702691868,710.3722221247892,717.0218669299751,723.3608621945774,729.4037216734755
340,0.26171875,54.33261509723321,90.77658140853259,125.41504621973908,158.41058486246732,189.85861034923337,219.83587576573618,248.4121616188832,275.6531802991284,301.621381051483,326.37624911394795,349.9744792266855,372.47011439963046,393.9146718361413,414.3572614497011,433.84469847504414,452.421610726448,470.1305408202385,487.0120436134011,503.10477908625006,518.4456008834053,533.0696407165206,547.0103888224412,560.2997706613079,572.9682200304552,585.044748761692,596.5570131616954,607.5313773477703,617.9929736240878,627.9657600367339,637.4725752394239,646.5351907955628,655.1743610364683,663.4098705899546,671.2605796881464,678.7444673583,685.8786725955528,692.6795336119078,699.1626252513366,705.3427946567058,711.2341952702001
341,0.2625,52.866247045448354,88.3269871639138,122.03113857697721,154.13685330901487,184.73694360914715,213.906071509771,241.71211868088253,268.2190113013703,293.48750255912364,317.57546322774806,340.53805015739687,362.42784105691686,383.29495684074067,403.18717681082444,422.1500481219665,440.2269900601887,457.4593934371799,473.8867153421,489.5465694698234,504.47481223211184,518.7056248481891,532.2715916020488,545.2037744451638,557.531784115024,569.2838479320272,580.4868744297153,591.166514966146,601.3472224573173,611.0523073669998,620.3039910810841,629.1234567885679,637.5308979856202,645.5455647137338,653.1858076377853,660.4691200649024,667.4121780003112,674.0308783318628,680.3403752306406,686.3551148509928,692.0888684094166
342,0.26328125,51.31672695569795,85.73775317030938,118.45349174894447,149.61749513899423,179.31988111284267,207.63314305103026,234.62318863207992,260.3520831215703,284.8788096903108,308.2595519675548,330.54785793233765,351.7947709878927,372.048948902562,391.35677575321006,409.7624682896769,427.3081772426642,444.0340838747172,459.97849201237636,475.1779157749007,489.6671632020052,503.4794159728202,516.6463053990465,529.1979848666157,541.1631988919695,552.5693489512666,563.4425562333959,573.8077214606121,583.6885819138679,593.1077657934945,602.0868440397868,610.6463797321936,618.8059751802889,626.5843168143878,633.9992179786367,641.0676597245948,647.8058296987458,654.2291592130083,660.3523585831437,666.1894508160128,671.7538037228186
343,0.26406250000000003,49.689755378448886,83.01984781875144,114.69890865135362,144.87558453965624,173.6371091497451,201.0536569836284,227.1890299030491,252.103312170015,275.85360586964947,298.4943039877789,320.0772487506091,340.6518582889068,360.26524161921276,378.9623068940856,396.7858642816579,413.7767239716816,429.9737895924019,445.41414726474295,460.1331504994902,474.16450113139314,487.5403264747263,500.29125287629887,512.4464758337648,524.0338268393745,535.0798371018758,545.6097982922107,555.6478204518928,565.2168871964875,574.3389083404613,583.0347700637964,591.3243827351378,599.2267265009104,606.7598947447332,613.9411355165867,620.7868910265609,627.3128352935759,633.5339100352564,639.4643588811099,645.1177599873351,650.5070571279188
344,0.26484375000000004,47.98445412793971,80.1703231731002,110.76163211174098,139.9019638051292,167.67558517948243,194.15028296438496,219.38768566722013,243.4458287756905,266.3798657355414,288.24233217652176,309.08329917544273,328.95049582928186,347.88942048004316,365.94344539471393,383.1539162272749,399.5602467515803,415.20000914555,430.1090200494517,444.3214225998021,457.8697646282717,470.78507320538165,483.0969257001336,494.8335175185986,506.02172667682413,516.6871753561059,526.8542885817283,536.5463501596643,545.7855559994164,554.5930649451826,562.9890472318169,570.9927306765892,578.6224447125727,585.8956623645272,592.82904026343,599.4384567913143,605.7390484437861,611.7452444935097,617.470800034049,622.9288274797581,628.1318265938567
345,0.265625,46.206909846025745,77.20086350489441,106.659521812648,134.72110961560145,161.46674417224568,186.96167980505945,211.26524520783886,234.43331228625541,256.5189799693234,277.572828104245,297.64306466871506,316.77564353621125,335.01437138262986,352.401008337439,368.97536364318296,384.7753867849533,399.8372543537477,414.19545285398647,427.88285764621645,440.9308082051562,453.3691798645563,465.22645221242834,476.52977429265695,487.3050267618484,497.5768811433758,507.3688563140203,516.7033723523277,525.601801871798,534.0845189563026,542.1709458096699,549.8795972261481,557.2281229835046,564.2333482557576,570.9113121380278,577.277304371675,583.3459003537739,589.1309945110662,594.6458321147699,599.9030396090862,604.9146535228205
346,0.26640625,44.35634118403591,74.1086164741977,102.38689018059634,129.32389034228882,154.99751350570392,179.47042182174005,202.79958466639934,225.03864994142776,246.23860132817322,266.44800255725295,285.7131390984155,304.0781314766285,321.5850380951496,338.2739520066412,354.1830928595188,369.34889447176715,383.8060882917109,397.5877829518473,410.72554010216066,423.24944669807223,435.1881839092866,446.569092807791,457.4182369857419,467.76046224688577,477.6194535083877,487.0177890435253,495.9769921895824,504.51758063944953,512.6591134298803,520.4202357340828,527.8187215612606,534.8715144609369,541.5947663253074,548.0038743785118,554.1135164375517,559.9376845256268,565.489716914883,570.7823286719605,575.8276407763116,580.6372078779766
347,0.2671875,42.43918334904671,70.90591019564161,97.96254355408188,123.73603425145426,148.30088302378138,171.7170216994149,194.03894002307752,215.317953075227,235.6028292562139,254.94002343303876,273.3738121166725,290.9464016023927,307.69802614272766,323.66704037897017,338.8900071908585,353.4017813876293,367.2355894823194,380.42310574207767,392.99452468968326,404.97863022154075,416.40286149951004,427.2933757666746,437.6751082302666,447.57182914839404,457.00619825091013,465.99981661873875,474.5732761402186,482.74620665751496,490.53732091090217,497.96445738370926,505.0446211459255,511.7940227899106,518.22811554729,524.3616306719692,530.2086111702376,535.7824439551559,541.0958904988206,546.1611160526586,550.9897175026472,555.5927499232067
348,0.26796875,40.4547566467566,67.59000551112426,93.3808990244026,117.94849209094039,141.3638306192651,163.68406584859133,184.96115678839246,205.24403299730383,224.57919406092665,243.01093239919828,260.5814625094925,277.331024327059,293.29797701236816,308.5188872167551,323.0286129462291,336.86038343630264,350.04587527477656,362.6152849606494,374.59739806930594,386.0196551838331,396.90821474417066,407.2880129584911,417.18282091432417,426.61529902047295,435.6070489045818,444.1786628853588,452.34977113286755,460.1390866249868,467.56444800306053,474.64286042495826,481.39053450913974,487.82292345896093,493.9547584522675,499.8000823773544,505.3722819925687,510.68411858322804,515.7477571860775,520.5747944482184,525.1762851843332,529.5627676930221
349,0.26875,38.409805174267056,64.17379837143659,88.66159363866825,111.98808508975517,134.22069761643937,155.41367105329414,175.61632024857252,194.87508708298344,213.23410875480843,230.7354287411439,247.41911910682347,263.3233783530793,278.48462025152645,292.9375574861645,306.71528115161436,319.84933648976875,332.3697950832019,344.3053236794026,355.6832498041082,366.52962431311744,376.8692810248416,386.7258935693357,396.12202958333455,405.07920237490254,413.61792017560333,421.75773309265725,429.5172778683565,436.91432054902765,443.96579716108107,450.68785248716546,457.09587703109963,463.20454225614327,469.02783417721736,474.5790853839335,479.87100556770713,484.91571062281366,489.7247503879857,494.30913509203924,498.6793605640681,502.84543226589835
350,0.26953125,36.30375508218135,60.654679688123295,83.79918357343064,105.84590216400301,126.85859270881463,146.8885431790016,165.98238187293651,184.18401833914447,201.5351813820721,218.0756190334796,233.84321455195186,248.87407919043952,263.20263636964535,276.8617008940129,289.88255421594727,302.29501611920176,314.1275130343569,325.40714315545495,336.1597385106374,346.40992413033706,356.18117444924894,365.49586707171534,374.37533402398003,382.83991061094747,390.90898198952414,398.60102756535576,405.9336633147601,412.9236821288727,419.58709227247203,425.9391540456363,431.9944147322284,437.766741915299,443.26935523573445,448.5148566669084,453.515259374697,458.2820152289683,462.826041029569,467.1577435068767,471.2870431541951,475.2233969465688
351,0.2703125,34.14361777803148,57.04603374031997,78.81401551550192,99.5496921436585,119.31299697537207,138.15214344482007,156.11096746134757,173.2307513762763,189.55072906531453,205.1082734036375,219.93900495233677,234.07687891213703,247.55426407072954,260.40201713958123,272.6495534105938,284.3249140714102,295.4548303728365,306.06478480267015,316.17906940632423,325.8208413868029,335.0121761103209,343.7741176381029,352.12672689940183,360.0891276155412,367.67955007972745,374.9153728925656,381.813162748588,388.38871236469913,394.6570766372111,400.6326071101384,406.3289848335557,411.75925168717293,416.93584024077387,421.87060221982745,426.5748356414017,431.0593106824693,435.3342943398024,439.4095739378841,443.29447953864826,446.99790530432745
352,0.27109375,31.92892879530184,53.34539759512098,73.70081828967606,93.09073705289131,111.57122938954586,129.18740379529945,145.98027037845904,161.98844796047118,177.24863729267236,191.79579695881233,205.66324541580119,218.88274259640764,231.484563949732,243.49757011914525,254.94927314289208,265.8658995040847,276.2724502176862,286.1927581034058,295.6495423790983,304.66446070104195,313.258158770991,321.4503176240856,329.25969870624897,336.70418684457013,343.80083120927884,350.5658843612784,357.014839474789,363.1624658204449,369.0228425901838,374.6093911414677,379.93490573472025,385.0115828344265,389.8510490410307,394.4643877176294,398.86216437246514,403.0544508553706,407.05084842359287,410.8605097298321,414.4921597828733,417.9541159288097
353,0.27187500000000003,29.666923624291208,49.566561341468166,68.48052277836851,86.49754224186735,103.66969203235037,120.03886193174445,135.64313864752842,150.51839048221305,164.69870609904314,178.21655735506963,191.10289369503815,203.38721767406284,215.09765353157144,226.26101176461168,236.90285050731038,247.04753400981463,256.7182883841125,265.9372547502998,274.7255399049276,283.1032646263485,291.08960972660805,298.7028599544652,305.9604458493919,312.87898364186935,319.47431329092774,325.76153474570464,331.7550425137926,337.4685586153224,342.91516399806613,348.107328485363,353.05693932532023,357.7753284065731,362.2732982028408,366.56114650562176,370.64869000160354,374.5452867487341,378.25985760237614,381.8009066405691,385.176540635153,388.39448761329874
354,0.27265625000000004,27.357250044957915,45.70722338680932,63.148062953167916,79.76163659204708,95.59599233989604,110.68978110802203,125.07814197371103,138.7941649334546,151.86929641314316,164.33349001722243,176.21529398156136,187.5419211082007,198.33931221642746,208.63219585307684,218.4441450213691,227.7976312087863,236.7140758751037,245.213899528439,253.31656850482798,261.04063955974163,268.4038023743772,275.42292007454716,282.1140678553011,288.49256980000666,294.57303397841343,300.36938590423983,305.89490042903753,311.16223214547495,316.1834443697491,320.9700367695743,325.5329717010645,329.8826993148805,334.02918148916586,337.98191464412133,341.74995149048425,345.34192176174827,348.7660519776171,352.03018428396655,355.1417944124816,358.10800880110014
355,0.2734375,25.007323021162193,41.78149460940605,57.72482484623928,72.91210622882073,87.38722896429093,101.18550091789038,114.33902477801453,126.87803365835092,138.83126084173622,150.22607696730083,161.08856954982616,171.4436066057531,181.3148944309581,190.72503201244072,199.69556275215695,208.24702374905513,216.3989927796016,224.17013308882278,231.5782360939887,238.64026209751202,245.37237910118432,251.7899998097432,257.9078169078076,263.73983669043037,269.29941112385114,274.5992684095325,279.6515421212011,284.4677989813976,289.059065340961,293.4358524219478,297.6081803816604,301.5856012527981,305.3772208121728,308.9917194280027,312.4373719334582,315.72206657192305,318.8533230573102,321.838309790747,324.68386027303507,327.39648875042656
356,0.27421875,22.61690475088477,37.78724894713582,52.20597880970626,65.94077911819069,79.03137420858523,91.50971911212316,103.40486523097276,114.74416972583874,125.55363081949284,135.8580124631451,145.6809166622562,155.04484131216563,163.9712326685703,172.48053472205586,180.59223610541508,188.32491476630761,195.69628053889832,202.7232157204908,209.42181374886755,215.80741607012448,221.8946472821352,227.6974486346066,233.22910996279185,238.50230012826822,243.52909603669738,248.3210102991905,252.88901760075646,257.2435798363265,261.3946700720011,265.35179538647117,269.1240186449712,272.71997925568286,276.14791295615873,279.4156706751144,282.53073651281056,285.50024488122483,288.3309968432883,291.02947568861475,293.60186178141794,296.05404671462026
357,0.275,20.193543955833388,33.738831069328896,46.61323417349112,58.87714283514571,70.56599457046511,81.70829764327274,92.32997279913108,102.45543156570494,112.10787469517965,121.30940285967321,130.08108080579956,138.44298869173605,146.41426871261112,154.01316901510666,161.25708544677173,168.1626013373118,174.74552542416998,181.02092801219223,187.00317544936416,192.70596299625456,198.14234616329395,203.32477058674925,208.2651005111003,212.97464594250522,217.4641885351013,221.7440062690821,225.82389697679176,229.7132007704899,233.4208214229633,236.95524674980643,240.32456803991548,243.536498578595,246.5983913056085,249.5172556485374,252.29977356993618,254.95231486498102,257.4809517445985,259.8914727374271,262.18939594242494,264.379981662431
358,0.27578125,17.737118718143286,29.63430355217746,40.942027446644566,51.71337481354574,61.97950137468201,71.76546926781842,81.0940631084503,89.98673855550254,98.46388534093954,106.54492508474182,114.24836804775028,121.5918585115971,128.59221594509197,135.26547373857102,141.62691600049848,147.69111259948662,153.4719525570741,158.9826758747741,164.2359038707205,169.2436680965181,174.01743790120818,178.56814670595216,182.90621704995348,187.04158446525452,190.98372023529052,194.74165308948935,198.32398988373512,201.73893531416076,204.99431070950138,208.09757194512338,211.0558265198036,213.8758498344205,216.56410070987488,219.12673617981147,221.5696255920469,223.8983640510208,226.1182852320769,228.23447359693074,230.25177603832412,232.1748129805344
359,0.2765625,15.255264976988475,25.488156416421376,35.21425741160447,44.479182277268016,53.3096973545441,61.727335542911874,69.75167583508482,77.40115766751917,84.69330622139665,91.64481594383038,98.27159894209964,104.58882371526606,110.61095033971233,116.35176361591066,121.82440458581904,127.0414005681584,132.01469379522587,136.75566871824665,141.27517804261,145.58356755120562,149.69069977154052,153.6059765399249,157.33836051368726,160.8963956801426,164.28822690884326,167.5216185915482,170.60397241232482,173.5423442882539,176.34346051935006,179.0137331845403,181.55927481882784,183.9859124051542,186.29920071291536,188.50443501360417,190.60666320263823,192.61069735508056,194.52112474167183,196.34231833035753,198.07844679733765,199.7334840705214
360,0.27734375,12.747977450319748,21.29865282142505,29.425654869781756,37.16714035674413,44.545504304531846,51.57876144102778,58.28328912032285,64.67450921828997,70.76707726660858,76.57495281328434,82.11144025262524,87.38922146969333,92.4203854487931,97.21645612882884,101.78841886232546,106.14674561076366,110.30141895261998,114.26195496460568,118.0374250305833,121.63647662915054,125.0673531481659,128.3379127720685,131.4556464855926,134.42769523538706,137.2608662890489,139.96164882920397,142.53622881848304,144.990503169541,147.33009325265525,149.56035777191678,151.68640503955137,153.71310467653512,155.64509876633838,157.48681248737518,159.24246424853695,160.91607535104606,162.51147919877678,164.03233007814904,165.4821115277271,166.8641443166911
361,0.278125,10.222932216674762,17.080338803544056,23.59817304285751,29.806992769830252,35.724728127159246,41.36580389249307,46.743336594695045,51.869679893755205,56.7565753512822,61.41520826256655,65.85623999212052,70.0898338610498,74.12567867581248,77.97301090279292,81.64063575946508,85.13694731848013,88.46994767915675,91.64726525017235,94.67617218378267,97.56360100000717,100.31616043766797,102.9401505676717,105.44157720243331,107.82616563390192,110.09937373121589,112.26640442764297,114.33221762513026,116.301541543505,118.17888354013327,119.9685404246762,121.67460829243299,123.30099189869486,124.85141359548966,126.32942185111217,127.73839937188934,129.0815708447281,130.3620103181335,131.58264823855674,132.74627815816427,133.85556312934864
362,0.27890625,7.680240662387853,12.831688813518635,17.7278633456364,22.391758120325143,26.836869387463203,31.074053398262635,35.1131792735756,38.963540025229875,42.633966628393786,46.13287049384298,49.46826812333788,52.6478008173322,55.678752543017666,58.568066738951885,61.32236227336975,63.94794863749612,66.45084042083015,68.83677110550457,71.11120621301298,73.27935583436536,75.34618657301071,77.31643292834605,79.1946081462249,80.98501456159242,82.69175345713914,84.31873446072066,85.86968450319783,87.34815635732032,88.75753677729097,90.10105425773281,91.38178642987717,92.60266711196525,93.76649303004855,94.87593022461412,95.93352015773479,96.94168553475626,97.90273585387368,98.81887269632035,99.69219476930932,100.5247027132773
363,0.27968750000000003,5.127571679781717,8.56721522216617,11.836598090127298,14.951033240148234,17.919504071197636,20.749238305541912,23.446809140431732,26.018408294968975,28.469921320557518,30.80695539960064,33.03485542298652,35.15871687361116,37.18339755329488,39.11352864844816,40.95352526496778,42.70759647718668,44.37975491584228,45.97382591538874,47.49345623971198,48.94212240467041,50.32313861532942,51.63966433516041,52.89471150383441,54.09115141960648,55.231721301623146,56.319030546847465,57.35556669566165,58.34370111959201,59.28569444399948,60.1837017180188,61.03977734345594,61.8558797738368,62.63387599428326,63.37554579240512,64.08258582992914,64.75661352433912,65.39917074937333,66.01172736281157,66.59568456960876,67.15237812803728
364,0.28046875000000004,2.5651526368403355,4.285613177120867,5.920773648868829,7.478323249093702,8.962776246462882,10.377763483118168,11.726585000260712,13.012347651164859,14.238003408589433,15.406363686935832,16.52010767101822,17.58178896552428,18.593841612453584,19.558585741409996,20.47823292881547,21.354891295528173,22.190570360126166,22.987185661340334,23.746563161538557,24.470443442199915,25.160485701602653,25.818271564339,26.445308711720756,27.043034341664054,27.612818466181896,28.155967054203828,28.67372502705316,29.167279113549085,29.63776057135417,30.086247780880832,30.513768717745997,30.921303309490973,31.30978568200253,31.680106300814455,32.033114012222306,32.36961798891092,32.69038958457197,32.996164101771804,33.28764247714426,33.565492887768976
365,0.28125,0.0005979584003159694,0.0012719100703450351,0.0020465741212705993,0.002895618834025766,0.0038003138059029312,0.004746764609188877,0.005724310934648851,0.006724556988656128,0.00774075758890416,0.00876741210761858,0.009799984779653678,0.01083470494536874,0.011868419824330362,0.012898483049490135,0.01392266834513664,0.014939101383739634,0.015946205119285524,0.01694265532432404,0.017927344003591555,0.018899348978719848,0.019857908382550908,0.020802399108821333,0.0217323184755299,0.022647268535416473,0.023546942577352677,0.024431113459977123,0.02529962348732071,0.026152375590949746,0.02698932561968855,0.027810475587640937,0.028615867737226727,0.02940557931201272,0.030179717943825714,0.030938417575009633,0.03168183484850321,0.03241014590825596,0.03312354356147721,0.03382223475451688,0.03450643833628539,0.035176383064835615
366,0.28203125,-2.565750407705077,-4.2868846896100035,-5.922819586283025,-7.481217971747092,-8.966575390514407,-10.382508794863362,-11.732307569095603,-13.019070173273871,-14.245741836942479,-15.415128475378602,-16.52990473877921,-17.59262046204417,-18.60570653504378,-19.571480441497748,-20.492151531900483,-21.369826053025896,-22.206511946566586,-23.004123427126167,-23.764485349127007,-24.489337371883924,-25.18033793179802,-25.8390680303229,-26.467034846044676,-27.065675178878852,-27.63635873406927,-28.180391253344787,-28.699017500273317,-29.193424106543674,-29.664742285613045,-30.11405041985335,-30.542376527073387,-30.950700612010802,-31.339956908140227,-31.711036014897193,-32.064786935183115,-32.40201901779268,-32.72350380918971,-33.02997681885971,-33.3221392022555,-33.60065936518851
367,0.2828125,-5.126379449585568,-8.564679243759294,-11.832517559676925,-14.94525985491741,-17.91192687377685,-20.739774041714107,-23.435395810874386,-26.00500064018406,-28.45448752982525,-30.789474629543264,-33.015315873791614,-35.13711426353767,-37.159733886724034,-39.087811206178856,-40.92576576662395,-42.677810379490694,-44.34796081988484,-45.940045062550496,-47.457712080532254,-48.904440228359135,-50.28354523013313,-51.59818779169593,-52.85138085498294,-54.045996511689786,-55.184772592493914,-56.27031894724036,-57.305123430730745,-58.29155760802952,-59.23188219252755,-60.12825222934365,-60.9827220360592,-61.79724991218918,-62.57370262825521,-63.31385970480827,-64.01941749125493,-64.69199305387706,-65.33312788198727,-65.9442914207486,-66.52688443876747,-67.08224223821057
368,0.28359375,-7.680834747780289,-12.832952486680457,-17.729896669129683,-22.39463499601834,-26.840645108512625,-31.078769453598383,-35.11886656093242,-38.97022110087809,-42.64165734696316,-46.141581244742376,-49.47800478931543,-52.65856553458919,-55.69054431505872,-58.580881939708824,-61.33619506456909,-63.96279131833302,-66.46668372333488,-68.85360444574255,-71.12901790593361,-73.29813327843799,-75.36591640952363,-77.33710117928976,-79.21620033396273,-81.00751581293996,-82.71514859403342,-84.34300807929816,-85.89482104281157,-87.37414016079134,-88.78435214350704,-90.12868548752881,-91.41021786601941,-92.63188317394024,-93.7964782442672,-94.90666925056347,-95.96499781054216,-96.97388680457304,-97.93564592243492,-98.85247695100468,-99.72647881496525,-100.55965238207516
369,0.284375,-10.221751023562508,-17.07782630199096,-23.594130287989696,-29.80127283184353,-35.71722107585497,-41.35642724440423,-46.732028924482556,-51.85639636093541,-56.7412844396469,-61.397889321718125,-65.83688133150422,-70.06843123858182,-74.10223407733544,-77.9475315417184,-81.61313324693508,-85.10743696813655,-88.43844791989872,-91.61379712674436,-94.64075892963452,-97.5262676702358,-100.27693359234277,-102.89905799772953,-105.3986476917953,-107.78142875258335,-110.05285965510045,-112.21814378130284,-114.28224134464527,-116.24988075670075,-118.12556946204971,-119.913604266374,-121.61808118152763,-123.24290481021623,-124.7917972918539,-126.2683068301488,-127.67581582199885,-129.0175486063604,-130.29657885087173,-131.51583659318712,-132.67811495316423,-133.78607653131263
370,0.28515625,-12.748564187490034,-21.29990086426455,-29.427663043202394,-37.169981648549424,-44.54923332398761,-51.58341916391992,-58.28890606224518,-64.68110765654725,-70.77467285975658,-76.58355582225553,-82.12105648743207,-87.39985304013977,-92.43203137073208,-97.2291128210627,-101.80208055881091,-106.16140470596072,-110.31706629320507,-114.27858009756476,-118.05501641540314,-121.65502182017143,-125.08683895191027,-128.35832538341884,-131.47697160598216,-134.44991817559216,-137.2839720587367,-139.98562221503275,-142.56105445226558,-145.0161655877511,-147.356576948376,-149.5876472401537,-151.71448481672212,-153.74195937482835,-155.6747131035441,-157.51717131271343,-159.27355256494292,-160.94787833431417,-162.5439822139154,-164.06551869326668,-165.5159715257126,-166.8986617049436
371,0.2859375,-15.254102103392158,-25.485682882099383,-35.210277357210465,-44.47355105181208,-53.302306732807494,-61.718104320729964,-69.74054353982478,-77.38808015418368,-84.6782524626122,-91.62776560951066,-98.2525405230375,-104.5677530352013,-110.58786935371697,-116.3266794255459,-121.7973286221669,-127.01234790737381,-131.98368258040185,-136.72271966774795,-141.240314029558,-145.5468132421132,-149.65208131454898,-153.56552129495026,-157.29609681822703,-160.85235264559432,-164.24243424307426,-167.47410644415388,-170.5547712395753,-173.4914847351901,-176.29097331687345,-178.95964905963413,-181.50362441632333,-183.92872621966333,-186.2405090297332,-188.44426785754254,-190.54505029387906,-192.54766807125165,-194.45670808544105,-196.2765429019366,-198.0113407713343,-199.6650751766692
372,0.28671875,-17.737694489645172,-29.635528270064956,-40.94399808889834,-51.71616300392077,-61.98316070188202,-71.77003994187012,-81.09957507468302,-89.99321367492398,-98.47133897950648,-106.55336731166288,-114.25780456449523,-121.60229138857773,-128.60364421658832,-135.27789389034527,-141.6403223742957,-147.7054977319295,-153.48730746592435,-158.9989903023887,-164.25316649227798,-169.26186669896313,-174.03655953764013,-178.58817782925829,-182.92714362879119,-187.06339208492253,-191.0063941856036,-194.76517844141918,-198.34835155630006,-201.76411813282058,-205.02029945713463,-208.1243514064941,-211.0833815203132,-213.90416527382465,-216.59316159155668,-219.15652763612735,-221.60013290619546,-223.92957267582935,-226.15018080605063,-228.26704195787934,-230.28500323482388,-232.20868528147642
373,0.28750000000000003,-20.192406571239086,-33.736411752369165,-46.60934135789258,-58.871635040564506,-70.55876594391965,-81.69926876056572,-92.31908451318505,-102.44264069919299,-112.09315090087226,-121.29272625315176,-130.06244013017627,-138.42237986233516,-146.39169364169163,-153.98863464860594,-161.230602965244,-168.13418548648278,-174.71519394947404,-180.9887011778832,-186.96907562721765,-192.67001431212404,-198.1045741921814,-203.28520208886658,-208.2237632028099,-212.93156829710324,-217.41939960927706,-221.6975355515682,-225.77577425627155,-229.6634560202779,-233.36948470035125,-236.90234810825237,-240.27013745252526,-243.48056587154718,-246.54098610035214,-249.45840731174764,-252.23951117033516,-254.89066713624527,-257.41794705366357,-259.82713905759385,-262.12376083071985,-264.3130722407579
374,0.28828125000000004,-22.617466006878725,-37.78844278924721,-52.207899771090425,-65.94349701698015,-79.03494128254225,-91.51417455762147,-103.41023823846947,-114.75048160527959,-125.56089654951467,-135.86624185916727,-145.6901152820683,-155.0550111740349,-163.98237283116947,-172.4926417597833,-180.6053045026979,-188.33893724795257,-195.71124834913667,-202.73911886029694,-209.438641178936,-215.82515588530364,-221.91328686192418,-227.71697477341965,-233.24950898301705,-238.5235579785959,-243.5511983777803,-248.34394257835254,-252.91276511719667,-257.2681277980418,-261.42000364547914,-265.3778997400359,-269.1508789865587,-272.7475808657078,-276.17624121605024,-279.44471109202317,-282.5604747409262,-285.53066674008966,-288.36208833344125,-291.0612230048752,-293.6342513240589,-296.0870650986756
375,0.2890625,-25.006218137908387,-41.77914442567228,-57.721043269902225,-72.90675582246635,-87.38020689980631,-101.17673004073654,-114.32844763134597,-126.8656082987292,-138.8169577891919,-150.20987690569166,-161.07046154399998,-171.4235866878146,-181.292964458575,-190.7011987331126,-199.66983702698695,-208.21941990243465,-216.3695280499057,-224.13882716126315,-231.5451107010688,-238.60534067568392,-245.33568649463288,-251.75156201399037,-257.8676608471989,-263.69799002461116,-269.25590207918543,-274.5541256320788,-279.6047945483946,-284.4194757300263,-289.00919560938866,-293.3844654048121,-297.55530519554213,-301.5312668715477,-305.32145601076155,-308.9345527339073,-312.37883158471647,-315.6621804811015,-318.792118780714,-321.77581450229565,-324.62010074226913,-327.33149132419857
376,0.28984375,-27.357793325099646,-45.708378992682874,-63.14992239028237,-79.76426744247068,-95.59944516839916,-110.69409385568099,-125.08334289615703,-138.800274658204,-151.8763294391798,-164.34145584567594,-176.22419799228894,-187.55176525489478,-198.3500955879683,-208.64391513362912,-218.45679487205587,-227.81120458745974,-236.72856430645257,-245.22929333370683,-253.33285699828957,-261.0578112175503,-268.4218449802421,-275.44182084582593,-282.1338135524382,-288.51314682171324,-294.594428444584,-300.3915837282691,-305.91788738093624,-311.18599390697017,-316.207966582386,-320.9953050766734,-325.5589717842889,-329.9094169260489,-334.0566024778759,-338.0100249816647,-341.77873729048247,-345.3713692978792,-348.7961476987587,-352.06091482705534,-355.1731466133279,-358.13996970339764
377,0.290625,-29.665858054335438,-49.564294780595574,-68.47687575593312,-86.49238221074255,-103.66291982327414,-120.03040313553386,-135.63293785182566,-150.50640723607896,-164.6849119715373,-178.2009337174314,-191.0854300012837,-203.3679100975534,-215.07650386394167,-226.23802651333304,-236.8780401470812,-247.0209123553847,-256.6898720605232,-265.907062742359,-274.6935931718819,-283.0695857707569,-291.0542227086665,-298.66578984473443,-305.9217186142017,-312.8386259566812,-319.43235237775286,-325.717998231311,-331.7099583059544,-337.4219547947817,-342.8670687242359,-348.0577699140606,-353.00594553708197,-357.72292734428265,-362.21951761757776,-366.5060139097766,-370.59223262842687,-374.4875315175858,-378.20083108903094,-381.74063505202275,-385.1150497884111,-388.33180291771953
378,0.29140625,-31.92945075007149,-53.346507840030306,-73.7026047384332,-93.09326463484464,-111.57454668473802,-129.19154725560443,-145.98526715049204,-161.99431786215916,-177.2553942539705,-191.80345010799752,-205.6717999216437,-218.8922003359925,-231.49492404777598,-243.5088293900328,-254.9614264573669,-265.8789400964688,-276.2863699453849,-286.20754766760916,-295.66519151354555,-304.6809583342416,-313.2754931661806,-321.4684765003755,-329.2786693437651,-336.7239561758986,-343.82138589912864,-350.58721087595984,-357.03692414285354,-363.1852948856216,-369.04640225759505,-374.6336676179392,-379.959885263913,-385.03725172740286,-389.8773937027922,-394.4913946700942,-398.8898202742944,-403.0827425189991,-407.0797628297785,-410.89003404001005,-414.5222813495467,-417.9848223042061
379,0.2921875,-34.14259809094653,-57.04386477637346,-78.81052553202845,-99.54475430102633,-119.30651637459447,-138.14404888084184,-156.1012059079497,-173.21928412442784,-189.53752890840587,-205.09332251515687,-219.92229324050203,-234.05840271517147,-247.53402510320035,-260.38002162882094,-272.62581138032533,-284.2994387415762,-295.4276376526518,-306.0358928594959,-316.1484982969327,-325.7886127405097,-334.97831285561165,-343.7386437660085,-352.0896672581442,-360.0505077319328,-367.6393960035911,-374.87371106104723,-381.7700198677359,-388.34411530607764,-394.61105234766546,-400.58518253307017,-406.2801868403251,-411.70910701741343,-416.88437545057286,-421.8178436368606,-426.52080932622334,-431.0040423952597,-435.2778095119518,-439.3518976478829,-443.2356364917908,-446.93791981581455
380,0.29296875,-36.30425249353248,-60.65573772700057,-83.80088601973097,-105.84831089405428,-126.86175401843256,-146.89249180613422,-165.98714368783058,-184.18961222796912,-201.54162061988646,-218.0829123194438,-233.85136681189633,-248.88309221328188,-263.21250932134694,-276.8724307388285,-289.89413606587374,-302.30744352675106,-314.1407782398589,-325.4212372973811,-336.17465180548976,-346.42564602724093,-356.19769376333227,-365.5131720995565,-374.39341264380795,-382.85875036978615,-390.9285701791106,-398.6213512883525,-405.95470954254387,-412.9454377519823,-419.6095441446519,-425.9622890222514,-432.0182197037446,-437.7912038364128,-443.29446115066304,-448.54059373128746,-453.54161487447465,-458.30897659663566,-462.8535958580258,-467.18587956120433,-471.31574838155973,-475.2526594844704
381,0.29375,-38.40883765674316,-64.17174037676412,-88.65828221102004,-111.98339987901312,-134.21454857898865,-155.40599062722464,-175.60705812074355,-194.86420652494186,-213.2215839520288,-230.72124277928455,-247.4032624105374,-263.30584744804054,-278.46541676467564,-292.91668732631217,-306.69275382971705,-319.8251645494644,-332.34399361979916,-344.27790993081277,-355.654242800976,-366.49904457816547,-376.83715031348424,-386.6922346451613,-396.08686602325827,-405.04255839970506,-413.57982050231016,-421.7182028057953,-429.476342307592,-436.8720052110711,-443.9221276140679,-450.6428542959615,-457.04957569221267,-463.1569631410918,-468.97900248336333,-474.52902609191227,-479.8197434046995,-484.8632700309936,-489.67115549755914,-494.2544096983685,-498.62352810841344,-502.78851581938613
382,0.29453125,-40.455226447966396,-67.59100482077643,-93.38250697205913,-117.95076711843082,-141.36681645276155,-163.68779529795958,-184.96565428802722,-205.24931638519246,-224.58527587540266,-243.01782085668674,-260.5891622625284,-277.3395370653765,-293.30730194832665,-308.5290214832065,-323.0395519265689,-336.872121040991,-350.05840417491476,-362.6285967866292,-374.6114835807142,-386.0345044154638,-396.9238171320017,-407.30435744872443,-417.1998960580249,-426.633093055878,-435.6255498288044,-444.1978585169263,-452.3696491663038,-460.15963467846,-467.5856536599828,-474.6647112702698,-481.41301816093045,-487.8460275959838,-493.9784708378263,-499.8243908799855,-505.3971746038875,-510.70958343325873,-515.7737825563489,-520.6013687828847,-525.2033970995271,-529.5904059846462
383,0.29531250000000003,-42.43827396613661,-70.90397585843583,-97.95943109827547,-123.7316305584516,-148.29510346050085,-171.70980276364745,-194.03023442497323,-215.30772629336954,-235.5910570273323,-254.92668985925897,-273.3589081981318,-290.9299240736492,-307.67997653307674,-323.64742424228075,-338.8688334666915,-353.37906186598997,-367.2113383515485,-380.3973392043641,-392.9672606322172,-404.9498879339246,-416.3726614299584,-427.2617393109884,-437.64205754869397,-447.53738700635233,-456.9703878802361,-465.96266159668244,-474.5348002838332,-482.70643393145605,-490.4962753469551,-497.9221630105823,-505.0011019280738,-511.74930257430805,-518.1822180172169,-524.3145793070007,-530.160429211723,-535.7331543765625,-541.0455159803932,-546.1096789599189,-550.9372398682921,-555.5392534320406
384,0.29609375000000004,-44.356780478605685,-74.10955089351455,-102.3883937160342,-129.32601764087576,-155.00030545439495,-179.473909100049,-202.80379012223824,-225.04359025464086,-246.24428822308076,-266.454443716903,-285.7203388733773,-304.0860914470477,-321.59375752465206,-338.2834282143632,-354.19332152872596,-369.35986990842,-383.81780364287323,-397.6002303914377,-410.73871098982437,-423.26333171571287,-435.20277317886377,-446.58437599328073,-457.4342033816312,-467.7771008551377,-477.6367531054907,-487.0357382389711,-495.9955794769053,-504.5367944407805,-512.6789421348473,-520.4406677337381,-527.8397452776512,-534.8931183728313,-541.6169389905328,-548.026604453294,-554.1367926932023,-559.9614958628791,-565.5140523761377,-570.8071774516833,-575.8529922297811,-580.6630515285688
385,0.296875,-46.20606420435539,-77.19906475094719,-106.65662751795695,-134.7170145905174,-161.46136971602422,-186.9549668667192,-211.2571498123937,-234.42380233217762,-256.50803289420344,-277.5604291247071,-297.629205415882,-316.7603209736713,-334.997586932616,-352.38276716464804,-368.95567406067397,-384.754259756417,-399.8147030730878,-414.17149238778234,-427.8575046279271,-440.9040805723391,-453.341096632158,-465.19703327654963,-476.49904026025285,-487.2729988026147,-497.54358086072637,-507.33430563256326,-516.6675934196589,-525.5648169727639,-534.0463504381693,-542.1316160168379,-549.8391284432657,-557.1865373859705,-564.1906678667492,-570.8675587912946,-577.2324996794373,-583.3000656791478,-589.0841509444977,-594.5980004540421,-599.8542403424888,-604.8649068151354
386,0.29765625,-47.984860207452044,-80.17118694103807,-110.76302196511578,-139.90393025926045,-167.67816603003914,-194.153506571394,-219.39157315126133,-243.45039555564372,-266.38512264944524,-288.2482863266937,-309.08995458367775,-328.9578539564086,-347.8974806455055,-365.9522051204718,-383.16337152308733,-399.5703923540214,-415.2108387199034,-430.120526361418,-444.33359766235924,-457.8825998278848,-470.7985594108946,-483.11105335702143,-494.84827673077257,-506.03710727777803,-516.7031669708975,-526.8708806810372,-536.5635321069719,-545.8033170921939,-554.6113944508505,-563.0079344191072,-571.0121648428819,-578.6424152076787,-585.916158611336,-592.8500517757884,-599.4599731894531,-605.7610594675721,-611.7677400137652,-617.4937700621658,-622.9522621757824,-628.155716273224
387,0.2984375,-49.6889786916619,-83.01819573794374,-114.6962503620221,-144.87182342963723,-173.63217293586035,-201.04749143020751,-227.18159462110566,-252.09457767584212,-275.8435514408195,-298.48291604657385,-320.06451961074856,-340.637785161743,-360.2498258111596,-378.9455531488364,-396.7677802345263,-413.757319692457,-429.9530771992124,-445.39214059567325,-460.10986483172087,-474.13995293984823,-487.51453322385174,-500.2642328398298,-512.4182479383134,-524.0044105283953,-535.0492522171647,-545.5780649705583,-555.6149590348865,-565.1829181517662,-574.3038521929892,-582.9986473359006,-591.287213894261,-599.1885319141521,-606.7206946393812,-613.9009499459463,-620.7457398404715,-627.2707381130843,-633.4908862309742,-639.420427554851,-645.0729399566571,-650.4613669132536
388,0.29921875000000003,-51.31709731651646,-85.73854096141248,-118.45475935129751,-149.61928862477455,-179.32223495342313,-207.63608311211638,-234.62673417671917,-260.35624821263184,-284.8836042127469,-308.2649823991796,-330.55392794139055,-351.8014819068919,-372.05630011097765,-391.36476499111404,-409.7710919179326,-427.31743046091793,-444.0439609055344,-459.98898625784693,-475.1890199505817,-489.67886945203077,-503.49171596921656,-516.659190427695,-529.2114459018634,-541.1772266615197,-552.5839339927089,-563.4576889435104,-573.8233921384021,-583.7047807981245,-593.1244830955956,-602.1040699723014,-610.6641045338146,-618.8241891375247,-626.6030102803958,-634.0183813895294,-641.0872836135105,-647.8259047079354,-654.2496761041597,-660.3733082461513,-666.2108242763509,-671.7755921476851
389,0.30000000000000004,-52.86554410205358,-88.3254919418304,-122.02873268218738,-154.13344930249673,-184.73247607095112,-213.90049135393318,-241.70538935344322,-268.2111061182362,-293.47840276562533,-317.56515653555215,-340.5265296102225,-362.41510413108637,-383.28100471880697,-403.17201378624134,-422.13368110523777,-440.2094281651268,-457.4406476314317,-473.86679814994415,-489.5254947179772,-504.4525948312952,-518.6822806046747,-532.2471370545428,-545.1782267232462,-557.5051608160308,-569.2561670138031,-580.4581541170795,-591.1367736692613,-601.3164787004217,-611.0205797262063,-620.2712981301146,-629.0898170514653,-637.4963298956093,-645.5100865774989,-653.1494376045458,-660.4318760997297,-667.3740778612065,-673.9919395501703,-680.3006150944296,-686.3145503910671,-692.0475163876671
390,0.30078125,-54.33294745594181,-90.77728836577087,-125.41618375583359,-158.41219432241306,-189.86072266759203,-219.8385141544356,-248.41534336469098,-275.6569180222165,-301.625683622789,-326.38112234686014,-349.9799264132863,-372.4761367359258,-393.92126876546536,-414.364430944182,-433.8524372690954,-452.42991451239203,-470.139404413549,-487.0214610932407,-503.1147439156701,-518.4561060126456,-533.080678672136,-547.0219517844449,-560.3118505301288,-572.9808084851707,-585.0578373107597,-596.5705931872011,-607.5454401440439,-618.007510431418,-627.9807620708008,-637.488033716971,-646.5510969567721,-655.1907061644271,-663.4266460275578,-671.2777768527307,-678.762077754271,-685.8966878252328,-692.6979453848019,-699.1814253920019,-705.3619751113694,-711.2537481122732
391,0.3015625,-55.71617585346621,-93.08823211666318,-128.6088672866617,-162.4447912057992,-194.69384206125858,-225.43472361932842,-254.7389899852509,-282.6740239022477,-309.303862146049,-334.6895022335712,-358.8890803183854,-381.95801346860407,-403.94912877899577,-424.91278489097067,-444.89698745898136,-463.94749912953915,-482.107944357558,-499.4199093180667,-515.9230371468423,-531.6551187295348,-546.6521792477948,-560.948560680916,-574.5770004521562,-587.5687063999874,-599.9534282460926,-611.7595257238652,-623.0140335235002,-633.7427232024658,-643.9701622031803,-653.7197701130779,-663.013872295939,-671.8737510173221,-680.3196941811989,-688.3710417894142,-696.0462302303822,-703.3628344984472,-710.3376084406049,-716.9865231227583,-723.3248034033712,-729.3669627982804
392,0.30234375,-57.01381690674583,-95.25636360080992,-131.60437568235847,-166.22843616460779,-199.2286558913801,-230.6855676532502,-260.67238935434966,-289.25807126702733,-316.5081403926984,-342.4850141427276,-367.2481822589853,-390.8543523214708,-413.3575818063782,-434.8094023909183,-455.25893807463785,-474.75301769353416,-493.33628215712537,-511.0512866710546,-527.9385981831646,-544.0368882769664,-559.3830217253015,-574.0121409069108,-587.9577462791535,-601.2517730910815,-613.9246645124891,-626.0054413463578,-637.5217684842988,-648.5000182571507,-658.9653308257812,-668.9416717503595,-678.4518868699276,-687.517754617923,-696.1600358934462,-704.3985216024676,-712.2520779778336,-719.7386897818483,-726.8755014903562,-733.6788565526357,-740.1643348169963,-746.3467882077867
393,0.30312500000000003,-58.22329885321022,-97.27705238547628,-134.39608545746992,-169.7546069528826,-203.45485577293078,-235.5790758489203,-266.20204003448293,-295.3941623302883,-323.2223603624672,-349.75037585493476,-375.03896050390784,-399.1460246395074,-422.1267721340003,-444.033827379579,-464.9173559424753,-484.8251794844474,-503.8028852905268,-521.8939306723815,-539.1397424911357,-555.5798120289475,-571.2517854271159,-586.1915498980783,-600.4333159089024,-614.0096955245826,-626.9517770906518,-639.2891964261918,-651.0502046903372,-662.261733077727,-672.9494544911013,-683.1378423322839,-692.8502265462241,-702.1088470464451,-710.9349046442617,-719.3486095984105,-727.3692278962739,-735.0151253727007,-742.3038097674494,-749.2519708175863,-755.875518476641,-762.1896193480504
394,0.30390625000000004,-59.343177217281934,-99.14815167825752,-136.9811828698565,-173.01982442123065,-207.36827820130125,-240.11036791672066,-271.3223033812798,-301.07585231446103,-329.4392192275637,-356.47737193876884,-382.2522309389192,-406.82282085306593,-430.2454079005935,-452.5736292837186,-473.85861613872163,-494.1491106500637,-513.4915776712506,-531.9303111258992,-549.5075354367673,-566.2635022158963,-582.2365824374157,-597.4633543040509,-611.9786870085051,-625.8158205814666,-639.0064420090694,-651.5807577940699,-663.5675631268849,-674.9943078248717,-685.887159190836,-696.2710619346894,-706.1697952954771,-715.6060274945672,-724.6013676446919,-733.1764152337084,-741.3508072963855,-749.1432633822374,-756.5716284223718,-763.6529135935225,-770.4033352728262,-776.8383521725599
395,0.3046875,-60.37145585429776,-100.86612727839969,-139.35470707015827,-176.01782909892322,-210.96150264312354,-244.27100473789818,-276.0238659857627,-306.293097519106,-335.1480852450419,-362.65492210555965,-388.8766007851122,-413.87316783938576,-437.701863567915,-460.4172536667959,-482.0713543266409,-502.71375138800676,-522.3917139052703,-541.1503023979592,-559.0324720421696,-576.0791710396795,-592.329434390456,-607.8204732834805,-622.587760310724,-636.6651106994775,-650.0847597491346,-662.8774366497854,-675.0724348517123,-686.6976791469557,-697.7797896165928,-708.3441425901772,-718.4149287569581,-728.0152085619601,-737.1669650137904,-745.8911540251096,-754.2077524010513,-762.1358035854881,-769.693461269905,-776.8980309647519,-783.7660096284698,-790.3131234449436
396,0.30546875,-61.30666710664587,-102.428658430466,-141.51345551404728,-178.7444879253136,-214.22940611911542,-248.05480791715866,-280.29942518405005,-311.03740061455017,-340.3391957263506,-368.2719281962449,-394.8995675036305,-420.28309141216914,-444.48062798448115,-467.5475892566005,-489.53679826108214,-510.49861001907357,-530.4810268567941,-549.5298083290652,-567.6885760059512,-584.9989133634489,-601.50046100716,-617.2310074470105,-632.226575630877,-646.5215054352425,-660.1485323017727,-673.1388621998638,-685.5222430868132,-697.3270330292447,-708.5802651417782,-719.307709491636,-729.5339321109496,-739.2823512518947,-748.5752910134694,-757.4340324627249,-765.8788623675025,-773.9291196522792,-781.6032396834919,-788.918796485768,-795.8925429857143,-802.5404493754339
397,0.30625,-62.14740275447288,-103.83332895521596,-143.45416057355652,-181.19584279663468,-217.16750169764123,-251.45692165427116,-284.14391301597846,-315.303633908962,-345.0075107341283,-373.32358016657497,-400.3166875081434,-426.04864533310104,-450.57837746276783,-473.9620544814818,-496.253222507122,-517.5029258458462,-537.7598238919364,-557.0703025596923,-575.4785805072354,-593.0268103966824,-609.7551754229122,-625.7019813320949,-640.9037441407779,-655.3952737564282,-669.2097536909581,-682.3788170497903,-694.9326189704931,-706.8999056768776,-718.3080803067065,-729.1832656637523,-739.5503640379202,-749.4331142304243,-758.8541459146053,-767.8350314568783,-776.3963353164804,-784.5576611371451,-792.3376966385379,-799.7542564102666,-806.8243227064484,-813.5640843342633
398,0.30703125000000003,-62.892181006734795,-105.0776584424164,-145.1732506469289,-183.36713222268924,-219.76973850962827,-254.46990754013947,-287.5484078215206,-319.08129990944224,-349.1408679093014,-377.795965553707,-405.11221691749876,-431.15217695475735,-455.97547719250224,-479.6389628669556,-502.1968232353841,-523.7007157001702,-544.1998841099422,-563.7412715278526,-582.369627729786,-600.127611679736,-617.0558892172601,-633.1932261807539,-648.5765771798143,-663.24117021996,-677.2205873735043,-690.5468416813042,-703.2504504614883,-715.3605051930352,-726.9047381342376,-737.9095858285939,-748.4002496435653,-758.4007534808215,-767.9339987901335,-777.0218170128907,-785.6850195753376,-793.9434455460129,-801.8160070665185,-809.3207326596697,-816.4748085141799,-823.2946178404333
399,0.30781250000000004,-63.54019025053022,-106.16036363088728,-146.66917147360164,-185.25672386969623,-222.0345908885969,-257.0925230306765,-290.51211833498485,-322.37021854669075,-352.7398501929801,-381.690574213332,-409.2886887341268,-435.5973912531368,-460.67692582851413,-484.5847216225056,-507.3755245506339,-529.1015226795349,-549.8124657420481,-569.5557790626567,-588.3766721587756,-606.3182422676792,-623.4215730363984,-639.725828600628,-655.2683432681063,-670.0847070118197,-684.2088469688136,-697.6731051312285,-710.5083124074661,-722.7438592230797,-734.4077628230605,-745.5267314296267,-756.1262254024414,-766.2305155413042,-775.8627386648283,-785.04495059237,-793.7981766505409,-802.1424598199518,-810.0969066324435,-817.6797309239125,-824.9082955429087,-831.7991521105273
400,0.30859375,-64.08994369712276,-107.07881974816026,-147.93800441451108,-186.85925717409071,-223.95511738131873,-259.31611556326703,-293.02455890521935,-325.15795688513924,-355.7899705405817,-384.9907651538133,-412.8272148008718,-439.3630659541624,-464.6590859569094,-488.7732027757368,-511.7606377978316,-533.6740323217466,-554.5635681138152,-574.4770823259255,-593.4601770425315,-611.5563237089245,-628.8069626801922,-645.2515981189148,-660.9278884589515,-675.8717326424871,-690.1173523278384,-703.6973702562806,-716.6428849573582,-728.9835419637628,-740.7476016988645,-751.9620041923558,-762.652430772216,-772.8433628742672,-782.5581381039984,-791.8190036790423,-800.6471673746823,-809.062846089064,-817.085312139313,-824.732937394594,-832.0232353471581,-838.9729012177311
401,0.309375,-64.54123134442138,-107.832884362839,-148.97991815901938,-188.17543563594205,-225.53276299269177,-261.1430635106415,-295.08921983939325,-327.44928358817504,-358.2974311776281,-387.7043189452894,-415.7372890920822,-442.4605344056942,-467.93524775645636,-492.2197628146408,-515.3696877666388,-537.4380326827777,-558.4753309108063,-578.5297547924948,-597.6472259728412,-615.8715205554777,-633.2443693452399,-649.8055534074264,-665.5929951625436,-680.6428452250776,-694.9895651851243,-708.6660065224047,-721.7034858333511,-734.1318565435115,-745.9795772694727,-757.2737769868269,-768.040317153411,-778.3038509300582,-788.0878796344729,-797.4148065574929,-806.3059882649729,-814.7817835027607,-822.8615998167505,-830.5639379947717,-837.9064344320722,-844.9059015174145
402,0.31015625,-64.89257057253148,-108.41980452279802,-149.79067119044694,-189.19933266794746,-226.75973848166763,-262.5635535025559,-296.69411614271604,-329.229906930699,-360.24550969142683,-389.811968664526,-417.9969956263143,-444.8651355493212,-470.47791694209616,-494.8939933564868,-518.1692778513839,-540.3570710703984,-561.508183310292,-581.671050879737,-600.8918470197414,-619.2145876409762,-636.6812321204898,-653.3317793887459,-669.204359527098,-684.3353210854801,-698.7593143203084,-712.5093705432267,-725.6169777624195,-738.1121527897229,-750.0235099786764,-761.378326750925,-772.2026060610388,-782.5211359427982,-792.3575462733133,-801.7343628849636,-810.6730591490854,-819.1941051495304,-827.3170145587047,-835.0603893234392,-842.4419622630196,-849.4786376769257
403,0.31093750000000003,-65.14435428491183,-108.8405795045726,-150.37215410807045,-189.93398326673494,-227.64045061561066,-263.5835701651279,-297.84699817634646,-330.50951490842795,-361.64598935317025,-391.32773762635145,-419.6227308163745,-446.5957612309589,-472.3085932782197,-496.82010548997806,-520.1864254805309,-542.4610584991851,-563.695009953705,-583.9369022046399,-603.2330859023574,-621.6277461226107,-639.1630035437497,-655.8790108971803,-671.8140449118422,-687.0045939631615,-701.4854416271208,-715.2897463307236,-728.449117281202,-740.9936868478015,-752.9521795618696,-764.3519778932164,-775.2191849533646,-785.5786842692459,-795.4541967642176,-804.8683350768601,-813.8426553419417,-822.3977065521086,-830.5530776133337,-838.3274422018703,-845.738601525424,-852.8035250864557
404,0.31171875000000004,-65.29511317136583,-109.09234514926078,-150.71982866797487,-190.37293136066913,-228.16631038894116,-264.19219982320664,-298.53445549336766,-331.272045120007,-362.48001548133163,-392.2298517629658,-420.5896859758896,-447.62446365153596,-473.39609512006365,-497.9635978998912,-521.3832319990104,-543.7086287898975,-564.9909138373642,-585.2788239809171,-604.6188189447314,-623.0551877321309,-640.6301500486101,-657.3839529858091,-673.3549631879424,-688.579754711795,-703.0931927815285,-716.9285136301346,-730.117400610395,-742.6900567496631,-754.6752739146433,-766.100498744557,-776.9918955037023,-787.3744059973476,-797.2718066881724,-806.7067631440565,-815.7008819419135,-824.2747601464285,-832.4480324770063,-840.2394162709581,-847.6667543458752,-854.7470558593647
405,0.3125,-65.34584061851656,-109.17723628044884,-150.8372957231657,-190.52152473115692,-228.3446591622835,-264.3989964590634,-298.76845072534695,-331.53204516373603,-362.76487974495404,-392.53849067545104,-420.92105886674625,-447.97757668046785,-473.7699992643986,-498.35738700617986,-521.7960409026067,-544.1396315043097,-565.4393218137669,-585.7438844372841,-605.099813263425,-623.551429924377,-641.1409852840151,-657.9087561849092,-673.8931376756698,-689.1307309296928,-703.6564270565344,-717.5034869977519,-730.7036176901016,-743.2870446704502,-755.2825812886165,-766.7176946865974,-777.6185686952374,-788.0101637923489,-797.9162742595604,-807.359582668759,-816.3617118228868,-824.9432742700162,-833.1239195040786,-840.9223789603287,-848.3565089085627,-855.4433313423166
406,0.31328125,-65.29508968464137,-109.09229519093716,-150.71974828225925,-190.37281762604016,-228.16616111958123,-264.192013379053,-298.5342306530804,-331.27178099202257,-362.47971143902794,-392.22950739577783,-420.58930105141013,-447.6240380854627,-473.3956289519293,-497.9630912731719,-521.3826851446245,-543.7080420123815,-564.9902875031953,-585.2781585085833,-604.618114796237,-623.0544454056991,-640.6293700723849,-657.3831359124057,-673.3541095897174,-688.5788651767315,-703.0922679096537,-716.9275540303939,-730.1164068979252,-742.6890295434106,-754.6742138352851,-766.0994064126886,-776.9907715382578,-787.3732510142248,-797.2706212990389,-806.7055479553171,-815.6996375538187,-824.2734871523082,-832.4467314626163,-840.2380878139242,-847.665399015226,-854.7456742151426
407,0.3140625,-65.14444811497765,-108.84077908947913,-150.37247525155192,-189.9344376406766,-227.6410469528164,-263.5843150181542,-297.8478964249778,-330.51057011500825,-361.6472040216015,-391.3291133973788,-419.6242686189832,-446.59746140242817,-472.31045566107593,-496.8221295114566,-520.1886102184949,-542.4634027373518,-563.697512228294,-583.9395608440464,-603.2358990610829,-621.6307118104228,-639.1661196508398,-655.8822752159386,-671.8174551557568,-687.0081477832542,-701.4891366262668,-715.2935800761388,-728.4530873153424,-740.9977906978781,-752.9564147481537,-764.3563419362864,-775.2236753804189,-785.5832986195978,-795.4589325940642,-804.8731899634128,-813.8476268869888,-822.4027923850773,-830.5582753939048,-838.3327496221991,-845.7440163120068,-852.8090450016874
408,0.31484375000000003,-64.89250025716034,-108.41965495583412,-149.79043052890077,-189.19899216526696,-226.75929159387678,-262.562995319578,-296.69344300806233,-329.2291161751756,-360.2445994390316,-389.8109376860957,-417.9958432260607,-444.8638614748573,-470.47652131177733,-494.89247659985716,-518.1676406597754,-540.3553143555436,-561.5063081693635,-581.6690585656181,-600.8897389155982,-619.212365238406,-636.6788970006692,-653.329333206114,-669.2018039951951,-684.332657964631,-698.7565454068956,-712.5064976603329,-725.6140027516615,-738.109077504123,-750.0203362764404,-761.3750564900134,-772.1992410944375,-782.5176781144025,-792.3539974143554,-801.730724810919,-810.6693336570045,-819.1902940157456,-827.3131195368707,-835.0564121428725,-842.4379046272977,-849.4745012627232
409,0.31562500000000004,-64.54141842605216,-107.83328230213203,-148.98055846600775,-188.1763415824355,-225.53395199045806,-261.14454862439555,-295.09101079861995,-327.4513874955996,-358.2998530256186,-387.70706200522136,-415.74035521620016,-442.4639242664786,-467.9389610399315,-492.22379837881,-515.3740437729145,-537.442706706094,-558.480320032629,-578.5350556799206,-597.6528349462519,-615.8774336466803,-633.2505823476245,-649.8120619193847,-665.5997946251491,-680.6499309548574,-694.9969324026081,-708.6736503770231,-721.7114014251675,-734.1400389421935,-745.9880215308518,-757.2824781673459,-768.0492703227125,-778.3130511819395,-788.0973220963947,-797.424486398815,-806.3159007040582,-814.7919238130781,-822.8719633320906,-830.5745201136723,-837.9172306215436,-844.9169073160413
410,0.31640625,-64.0898269866192,-107.07857149467826,-147.93760496088012,-186.8586920026538,-223.95437563028787,-259.315189082825,-293.02344162627304,-325.1566443773226,-355.78845969008046,-384.98905392044566,-412.8253020297597,-439.36095122639273,-464.6567694689315,-488.7706852405163,-511.75792036285316,-533.6711165003185,-554.5604557270434,-574.4737754533654,-593.4566779799839,-611.5526349321656,-628.8030868136836,-645.2475379087196,-660.9236467492298,-675.8673123550536,-690.1127564443558,-703.6926018027284,-716.6379469904797,-728.9784375592324,-740.7423339409595,-751.9565761649469,-762.6468455509163,-772.8376235196013,-782.5522476554725,-791.8129651500094,-800.6409837479132,-809.0565203129403,-817.078847124577,-824.7263360115903,-832.0165004235091,-838.9660355364057
411,0.3171875,-63.540469430307525,-106.16095747113803,-146.67012699638778,-185.25807580327378,-222.03636521634897,-257.0947392489293,-290.5147909629398,-322.37335818366597,-352.7434642890319,-381.69466765029927,-409.29326427609556,-435.60244990364504,-460.6824671190221,-484.59074384882695,-507.38202496906837,-529.1084976711867,-549.8199109516235,-569.563689516504,-588.3850423658454,-606.3270663062834,-623.4308446290626,-639.7355411788836,-655.2784900287201,-670.0952809656994,-684.2198409836108,-697.6845119684945,-710.5201247550817,-722.756069723566,-734.4203640982919,-745.5397161023889,-756.1395861152182,-766.2442449726245,-775.876829543457,-785.0593957095975,-793.8129688707841,-802.1575920898612,-810.1123719886875,-817.6955224997812,-824.9244065738723,-831.8155759388652
412,0.31796875,-62.89201862064646,-105.07731303296053,-145.1726948639461,-183.36634586692455,-219.76870646844935,-254.46861847423682,-287.54685328661714,-319.07947374131714,-349.13876577552844,-377.793584615667,-405.10955556834756,-431.1492346116406,-455.9722541287556,-479.6354600745727,-502.1930423109308,-523.6966587492032,-544.1955536662745,-563.7366704848929,-582.3647592818169,-600.1224792714507,-617.0504965002258,-633.1875769757287,-648.5706754440441,-663.2350200187362,-677.2141928553868,-690.5402070565143,-703.2435799830502,-715.3534031403125,-726.8974087985639,-737.9020335007369,-748.3924786028026,-758.3927679854378,-767.9258030691685,-777.0134152589966,-785.6764159386142,-793.9346441287131,-801.8070119185261,-809.3115477746592,-816.4654378263848,-823.285065221958
413,0.31875000000000003,-62.147772311135576,-103.83411503515998,-143.45542542096481,-181.1976323820993,-217.16985041596632,-251.45985531319545,-284.1474508349069,-315.30778991846074,-345.0122947960131,-373.32899874305366,-400.32274425810596,-426.0553415849593,-450.5857125963102,-473.97002624084297,-496.2618272604079,-517.5121588026456,-537.7696792870512,-557.0807738093896,-575.48966034289,-593.0384909796227,-609.7674484435041,-625.7148380955077,-640.9171756414174,-655.4092707426739,-669.2243067215577,-682.3939165430438,-694.9482552471809,-706.9160689977356,-718.3247609051407,-729.2004537743741,-739.568049921416,-749.4512881951938,-758.8727983355469,-767.8541527916557,-776.4159161195569,-784.577692071839,-792.3581684873257,-799.7751600835246,-806.8456492498117,-813.5858249347522
414,0.31953125000000004,-61.306460046119064,-102.42821799456776,-141.51274682825175,-178.74348523330372,-214.228090150591,-248.0531642132311,-280.2974429773235,-311.0350720449566,-340.3365152695669,-368.26889223271996,-394.89617398446455,-420.2793395941646,-444.4765182161778,-467.54312280290895,-489.53197715780937,-510.4934369510461,-530.4755050549137,-549.5239414827581,-567.6823681882909,-584.9923689668099,-601.4935846877037,-617.2238040766358,-632.2190502555192,-646.5136632386062,-660.1403785737399,-673.1304023089402,-685.5134824560835,-697.3179771153781,-708.5709194167069,-719.2980794265699,-729.5240231624484,-739.2721688497483,-748.5648405501775,-757.4233192843878,-765.8678917659626,-773.9178968583676,-781.5917698612632,-788.9070847276033,-795.8805943082017,-802.5282687159389
415,0.3203125,-60.37191350939963,-100.86710075157521,-139.35627344395522,-176.0200453028464,-210.9644112713444,-244.27463775045752,-276.02824718377843,-306.29824427789276,-335.1540097773781,-362.66163241418496,-388.8841014011666,-413.8814604079693,-437.7109473209721,-460.42712581069514,-482.08201036369,-502.72518538581727,-522.4039187242878,-541.1632698849633,-559.0461931957756,-576.0936361525631,-592.344633172057,-607.8363949662149,-622.60439374216,-636.6824444225073,-650.102782071811,-662.8961357062326,-675.0917986552862,-686.7176956366535,-697.8004466975655,-708.3654281690682,-718.4368307727026,-728.0377150125796,-737.190063979658,-745.9148336890935,-754.2320010658945,-762.1606096887396,-769.7188133966763,-776.9239178585455,-783.7924202002897,-790.3400467808854
416,0.32109375,-59.34292675890865,-99.14761893133391,-136.98032565050295,-173.01861157486502,-207.36668641876514,-240.10837970869338,-271.31990572363475,-301.07303569974755,-329.43597697362577,-356.47369966744395,-382.2481261718889,-406.8182826913767,-430.24043676584563,-452.56822670594534,-473.8527845804242,-494.14285335879026,-513.4848985550755,-531.9232146475232,-549.5000265229462,-566.2555861796079,-582.2282649107118,-597.4546411799364,-611.969584390496,-625.8063347397239,-638.9965793421835,-651.5705247957335,-663.5569663568077,-674.9833538833873,-685.8758546967387,-696.2594135058994,-706.1578095321934,-715.5937109646079,-724.5887268707692,-733.1634566824099,-741.3375373686674,-749.1296884052591,-756.5577546425186,-763.6387471704849,-770.3888822746156,-776.8236185713608
417,0.321875,-58.22384178514557,-97.27820725007328,-134.39794370040107,-169.75723611157696,-203.45830637832236,-235.5833858163109,-266.20723759996616,-295.40026810680746,-323.229388838473,-349.7583365243644,-375.04785874222085,-399.1558623983553,-422.13754850222483,-444.04553904301093,-464.9299975653589,-484.8387440289971,-503.8173642868536,-521.9093144480493,-539.1560203675003,-555.5969724898837,-571.2698162645851,-586.2104383381308,-600.45304872103,-614.0302591168278,-626.9731575924594,-639.3113797606673,-651.0731766373142,-662.2854793288245,-672.9739606977837,-683.1630941477869,-692.8762096620903,-702.1355472243138,-710.9623077434682,-719.376701599882,-727.3979949231505,-735.0445537080454,-742.3338858693851,-749.282681332139,-755.9068502485499,-762.221559429772
418,0.32265625000000003,-57.013524594664766,-95.25574182738289,-131.60337521442867,-166.2270206414076,-199.22679810860444,-230.6832471989773,-260.66959102802565,-289.254783972441,-316.50435633106434,-342.4807282042709,-367.24339155125534,-390.8490557953063,-413.3517799538473,-434.80309699774926,-455.2521320148497,-474.74571475737974,-493.328486905762,-511.0430043129482,-527.9298344683815,-544.0276494063362,-559.3733142720454,-574.0019717488095,-587.9471225396771,-601.2407020881903,-613.9131537140344,-625.993498331184,-637.5094009082993,-648.4872338236297,-658.9521372595884,-668.9280767753235,-678.4378981891932,-687.5033798968436,-696.1452827447304,-704.3833975733198,-712.2365905388594,-719.7228463175243,-726.8593092908857,-733.6623228070395,-740.1474666072963,-746.3295925041638
419,0.32343750000000004,-55.71680071485018,-93.08956125250418,-128.61100594196247,-162.44781710952384,-194.6978133695665,-225.43968396902667,-254.74497187332904,-282.6810510521983,-309.3119512326756,-334.69866418348226,-358.89932131822576,-381.96933576455075,-403.9615313224124,-424.92626386758985,-444.91153672788676,-463.9631105909444,-482.1246082634644,-499.437614536461,-515.9417713876633,-531.6748687388609,-546.6729309753788,-560.9702994252015,-574.5997109861314,-587.5923730806462,-599.9780351097896,-611.7850565694774,-623.0404719850121,-633.7700528123339,-643.9983664476467,-653.7488324804219,-663.0437763185274,-671.9044803081947,-680.3512324658332,-688.403372933229,-696.0793382624672,-703.3967036319486,-710.3722230901436,-717.0218679192144,-723.3608632063243,-729.4037227063698
420,0.32421875,-54.33261509233251,-90.77658139923622,-125.4150462074772,-158.41058484945913,-189.85861033831563,-219.83587576016518,-248.4121616221671,-275.6531803148856,-301.62138108332596,-326.37624916538846,-349.97447930106335,-372.47011450005846,-393.91467196546296,-414.3572616104658,-433.84469866948905,-452.42161095649146,-470.1305410874794,-487.01204391912586,-503.1047794314416,-518.4456012687579,-533.0696411424576,-547.0103892891321,-560.2997711686886,-572.9682205782482,-585.0447493494268,-596.5570137887296,-607.5313780133098,-617.9929743272036,-627.9657607763842,-637.4725760144689,-646.5351916047829,-655.1743618785781,-663.4098714636178,-671.2605805919891,-678.7444682909222,-685.8786735555403,-692.6795345978386,-699.1626262617942,-705.3427956902842,-711.2341963255117
421,0.325,-52.866247040395905,-88.32698715431923,-122.03113856428445,-154.13685329547718,-184.73694359765122,-213.90607150363428,-241.71211868368206,-268.2190113167984,-293.4875025908687,-317.57546327939815,-340.5380502323663,-362.42784115839004,-383.2949569716289,-403.1871769737395,-422.1500483192033,-440.2269902937169,-457.4593937086439,-473.8867156528257,-489.5465698208273,-504.4748126241156,-518.7056252816376,-532.2715920771283,-545.2037749618212,-557.5317846729878,-569.2838485308288,-580.4868750687095,-591.1665156445326,-601.3472231741574,-611.0523081212384,-620.3039918715662,-629.1234576140549,-637.5308988448069,-645.5455656052616,-653.1858085602563,-660.4691210168916,-667.4121789803783,-674.0308793385584,-680.3403762625207,-686.3551159066236,-692.088869487382
422,0.32578125,-51.31672695048975,-85.73775316040764,-118.45349173580594,-149.61749512490576,-179.3198811007401,-207.63314304429198,-234.62318863435198,-260.35208313661917,-284.8788097219011,-308.2595520193512,-330.54785800782963,-351.7947710903369,-372.0489490349379,-391.35677591819297,-409.76246848961983,-427.3081774795892,-444.0340841503149,-459.97849232801303,-475.17791613162683,-489.667163600571,-503.4794164136928,-516.646305882429,-529.1979853924666,-541.1631994600245,-552.569349561059,-563.4425568842785,-573.8077221517786,-583.68858264437,-593.1077665622649,-602.0868448456545,-610.6463805739021,-618.8059760565125,-626.584317723746,-633.9992189197078,-641.0676606959285,-647.8058306988753,-654.2291602404574,-660.3523596364406,-666.1894518936953,-671.7538048234417
423,0.32656250000000003,-49.689755373081205,-83.01984780853448,-114.698908637756,-144.87558452499786,-173.6371091370109,-201.05365697625766,-227.18902990475712,-252.10331218464253,-275.8536059010382,-298.49430403967074,-320.0772488265696,-340.6518583922658,-360.2652417530189,-378.96230706107895,-396.78586448425045,-413.77672421194876,-429.973789872082,-445.4141475852435,-460.13315086189704,-474.1645015364854,-487.54032692299523,-500.29125336796494,-512.4464763687996,-524.0338274175211,-535.0798377226705,-545.6097989550053,-555.6478211558757,-565.2168879407012,-574.3389091238266,-583.0347708851276,-591.3243835931604,-599.2267273942791,-606.7598956720457,-613.9411364763974,-620.7868920173947,-627.3128363139402,-633.5339110836483,-639.4643599560295,-645.1177610872917,-650.507058251439
424,0.32734375000000004,-47.984454122409716,-80.17032316256063,-110.76163209767138,-139.90196378988153,-167.67558516609014,-194.15028295634804,-219.38768566832297,-243.44582878984838,-266.3798657666731,-288.2423322284472,-309.0832992518037,-328.95049593348216,-347.8894206152014,-365.94344556363535,-383.1539164324315,-399.560246995102,-415.2000094292232,-430.1090203747259,-444.3214229677991,-457.86976503980105,-470.7850736609586,-483.09692619999737,-494.83351806273396,-506.02172726498236,-516.6871759878267,-526.8542892563629,-536.546350876396,-545.7855567572798,-554.5930657430863,-562.9890480685602,-570.9927315508804,-578.622445623047,-585.8956633097604,-592.8290412419533,-599.4384578016275,-605.7390494843702,-611.7452455628347,-617.4708011305872,-622.9288286019906,-628.1318277402813
425,0.328125,-46.20690984032977,-77.20086349402386,-106.65952179809227,-134.72110959974418,-161.4667441581686,-186.96167979632324,-211.2652452082971,-234.43331229989843,-256.5189800001478,-277.57282815614917,-297.6430647454182,-316.7756436411918,-335.0143715190776,-352.40100850822546,-368.9753638508413,-384.7753870316688,-399.8372546413562,-414.19545318398076,-427.88285801975576,-440.930808623081,-453.36918032740755,-465.2264527204644,-476.5297748458771,-487.30502736001324,-497.5768817860295,-507.36885700051397,-516.7033730818406,-525.6018026433567,-534.0845197688047,-542.1709466619004,-549.8795981167992,-557.2281239111915,-564.2333492190348,-570.9113131354035,-577.2773054016242,-583.3459014147518,-589.1309956015159,-594.6458332331359,-599.9030407538214,-604.9146546923938
426,0.32890625,-44.35634117817074,-74.10861646298827,-102.3868901655409,-129.32389032580167,-154.99751349091446,-179.47042181226922,-202.79958466617,-225.03864995450536,-246.23860135863228,-266.44800260907084,-285.7131391753894,-304.07813158231215,-321.58503823280466,-338.27395217920616,-354.1830930695889,-369.3488947215839,-383.8060885831603,-397.5877832864665,-410.7255404811468,-423.24944712229774,-435.1881843793182,-446.5690933239079,-457.41823754795814,-467.76046285497165,-477.61945416189246,-487.0177897418005,-495.9769929318041,-504.5175814246364,-512.6591142569193,-520.4202366017453,-527.8187224682216,-534.8715154057926,-541.5947673065914,-548.0038753947089,-554.1135174871122,-559.9376856069799,-565.4897180264451,-570.782329812148,-575.8276419435487,-580.6372090707033
427,0.3296875,-42.43918334300878,-70.9059101840847,-97.96254353851212,-123.73603423431601,-148.30088300825128,-171.71702168917417,-194.03894002211848,-215.31795308769046,-235.60282928625315,-254.94002348471096,-273.3738121938536,-290.94640170871287,-307.6980262815213,-323.6670405532442,-338.89000740327117,-353.4017816404796,-367.23558977754493,-380.42310608126087,-392.99452507406045,-404.9786306520178,-416.40286197668064,-427.2933762908397,-437.67510880145596,-447.57182976638893,-457.00619891526566,-465.99981732880804,-474.57327689517456,-482.7462074563701,-490.53732175253293,-497.96445826687375,-505.0446220692828,-511.7940237520383,-518.2281165467007,-524.3616317071251,-530.2086122395648,-535.7824450570579,-541.0958916316863,-546.1611172148772,-550.9897186926144,-555.5927511393337
428,0.33046875000000003,-40.45475664053873,-67.59000549920592,-93.38089900829638,-117.94849207311987,-141.36383060295367,-163.68406583753023,-184.96115678664333,-205.2440330090831,-224.57919409046676,-243.01093245063646,-260.58146258678414,-277.3310244339115,-293.29797715218945,-308.51888739262137,-323.02861316086256,-336.8603836920606,-350.04587557364925,-362.6152853042654,-374.59739845894194,-386.01965562042864,-396.908215228348,-407.2880134905729,-417.1828214943572,-426.61529964825,-435.60704957966465,-444.17866360710224,-452.3497719004427,-460.13908743739955,-467.5644488591778,-474.64286132352504,-481.39053544879937,-487.8229244382725,-493.95475946972283,-499.8000834313929,-505.37228308159246,-510.6841197056149,-515.7477583401892,-520.5747956324163,-525.1762863969846,-529.5627689325088
429,0.33125000000000004,-38.40980516786527,-64.17379835914782,-88.66159362201046,-111.9880850712304,-134.2206975993175,-155.41367104137615,-175.6163202459898,-194.87508709402832,-213.23410878379306,-230.73542879228646,-247.4191191841597,-263.32337846039474,-278.48462039230384,-292.9375576635503,-306.71528136839606,-319.8493367483634,-332.36979538565345,-344.30532402738714,-355.68325019894377,-366.529624755779,-376.8692815159807,-386.7258941092984,-396.12203017218536,-405.07920301244707,-413.6179208614107,-421.7577338260855,-429.51727864857463,-436.91432137503665,-443.9657980317389,-450.6878534012046,-457.09587798714824,-463.2045432527427,-469.0278352128391,-474.57908645699473,-479.8710066765859,-484.9157117658623,-489.7247515635393,-494.3091362984316,-498.6793617996376,-502.8454335289983
430,0.33203125,-36.3037550755954,-60.65467967545983,-83.79918355621183,-105.84590214475838,-126.85859269085964,-146.88854316619665,-165.9823818694824,-184.18401834940948,-201.53518141044836,-218.07561908426652,-233.84321462926624,-248.8740792981455,-263.2026365113012,-276.86170107283635,-289.8825544347918,-302.29501638054495,-314.1275133402973,-325.40714350771725,-336.1597389105819,-346.40992457897477,-356.18117494726135,-365.4958676194729,-374.37533462156597,-382.83991125818034,-390.90898268598136,-398.60102831039865,-405.9336641075571,-412.9236829684197,-419.5870931576184,-425.9391549751025,-431.9944157046273,-437.7667429291544,-443.2693562894977,-448.51485775897464,-453.5152605034203,-458.28201639267513,-462.82604222656806,-467.1577447354736,-471.28704441269974,-475.22339823330526
431,0.3328125,-34.14361777125754,-57.046033727272444,-78.81401549770607,-99.54969212367052,-119.31299695655251,-138.1521434310887,-156.1109674569747,-173.23075138570667,-189.55072909302064,-205.10827345400105,-219.93900502955617,-234.07687902015644,-247.55426421318393,-260.40201731976055,-272.6495536314191,-284.3249143354208,-295.45483068218687,-306.0647851591349,-316.1790698113072,-325.82084184135255,-335.0121766151502,-343.77411819360765,-352.1267275056849,-360.08912827243563,-367.6795507868201,-374.91537364922203,-381.8131635539766,-388.38871321781187,-394.6570775368894,-400.6326080550915,-406.32898582238204,-411.7592527183792,-416.9358413127917,-421.8706033310304,-426.57483679011995,-431.05931186700434,-435.3342955584363,-439.4095751888949,-443.29448082031735,-446.99790661494956
432,0.33359375,-31.928928788334524,-53.34539758167752,-73.7008182712833,-93.09073703213106,-111.57122936982313,-129.1874037805929,-145.9802703731083,-161.98844796899752,-177.2486373196291,-191.79579700866375,-205.6632454928282,-218.8827427046348,-231.48456409287184,-243.49757030056108,-254.94927336557325,-265.8658997706334,-276.2724505303139,-286.19275846393776,-295.64954278898307,-304.6644611613664,-313.2581592825001,-321.4503181872018,-329.2596993210957,-336.70418751099527,-343.8008319268792,-350.565885129425,-357.01484029265066,-363.1624666870099,-369.02284350428613,-374.6093921018057,-379.93490673987833,-385.01158388289446,-389.8510501312207,-394.46438884789336,-398.86216554110973,-403.05445206067213,-407.0508496638066,-410.86051100320856,-414.4921610876651,-417.9541172632822
433,0.33437500000000003,-29.666923617125786,-49.56656132761802,-68.48052275936094,-86.49754222030894,-103.66969201169013,-120.03886191601981,-135.64313864114845,-150.51839048977607,-164.69870612518383,-178.21655740433565,-191.1028937717939,-203.38721778241458,-215.09765367531026,-226.26101194717552,-236.90285073175838,-247.04753427881315,-256.7182886999313,-265.9372551148165,-274.7255403196365,-283.1032650923764,-291.0896102447337,-298.70286052513836,-305.96044647275784,-312.8789843177924,-319.4743140190159,-325.76153552533475,-331.7550433441352,-337.4685594953632,-342.9151649266324,-348.1073294611429,-353.0569403468849,-357.77532947239587,-362.2732993113153,-366.5611476550783,-370.6486911903259,-374.54528797497375,-378.2598588643619,-381.8009079365241,-385.1765419633012,-388.3944889718761
434,0.33515625000000004,-27.357250037588948,-45.7072233725404,-63.14806293352514,-79.76163656966074,-95.59599231825831,-110.68978109122853,-125.07814196624027,-138.7941649399818,-151.86929643838465,-164.3334900658099,-176.21529405794308,-187.5419212165655,-198.33931236064595,-208.63219603666244,-218.44414524745156,-227.79763148009732,-236.71407619397237,-245.21389989679605,-253.316568924215,-261.04064003132606,-268.40380289897223,-275.4229206526312,-282.11406848704206,-288.49257048528597,-294.5730347168509,-300.36938669521936,-305.89490127173156,-311.16223303886716,-316.18344531266064,-320.97003776068345,-325.5329727389296,-329.88270039795856,-334.0291826158319,-337.981915812685,-341.749952699206,-345.3419230088545,-348.7660532613106,-352.0301856024425,-355.14179576393553,-358.10801018373843
435,0.3359375,-25.007323013584987,-41.78149459470735,-57.72482482594267,-72.9121062055792,-87.38722894163936,-101.1855008999825,-114.33902476939828,-126.87803366377895,-138.83126086600714,-150.226077015131,-161.08856962574893,-171.44360671404084,-181.31489457556228,-190.72503219695156,-199.69556297977635,-208.24702402258137,-216.39899310142457,-224.1701334609281,-231.5782365179663,-238.64026257457164,-245.37237963217504,-251.79000039517328,-257.9078175478692,-263.73983738502307,-269.2994118726077,-274.59926921184484,-279.6515429762451,-284.46779988815547,-289.0590662982488,-293.43585342843505,-297.60818143589296,-301.58560235321767,-305.37722195713627,-308.9917206157991,-312.43737316232557,-315.72206784006323,-318.8533243628999,-321.8383111319542,-324.6838616480266,-327.39649015737956
436,0.33671875,-22.616904743094047,-37.787248931995066,-52.205978788734924,-65.9407790940633,-79.03137418487846,-91.50971909304828,-103.40486522114698,-114.7441697300921,-125.5536308427065,-135.85801251012055,-145.68091673761253,-155.04484142025953,-163.97123281343482,-172.4805349073591,-180.59223633443202,-188.3249150419042,-195.6962808635264,-202.72321609619178,-209.4218141772809,-215.80741655250318,-221.89464781936536,-227.6974492272274,-233.22911061102025,-238.50230083202302,-243.52909679562518,-248.32101111269182,-252.88901846801107,-257.24358075631625,-261.3946710435371,-265.35179640821445,-269.12401971545574,-272.7199803733353,-276.1479141193181,-279.4156718820495,-282.5307377617367,-285.5002461703194,-288.3309981707021,-291.02947705248806,-293.60186317988934,-296.0540481458371
437,0.2515625,65.14444811811522,108.840779095427,150.37247525912602,189.93443764815007,227.64104695802453,263.5843150186427,297.8478964181255,330.51057009813127,361.6472039920391,391.32911335256154,419.62426855648505,446.59746132000384,472.3104555566919,496.8221293833075,520.188610065014,542.463402557215,563.6975120204199,583.9395606075863,603.2358987954153,621.6307115151413,639.1661193257356,655.8822748609899,671.8174547711112,687.0081473692146,701.4891361832732,715.2935796047544,728.453086816236,740.9977901718131,752.9564141959705,764.3563413588913,775.2236747787713,785.5832979946988,795.4589319469454,804.8731892951283,813.8476261986045,822.4027916776641,830.5582746685335,838.3327488799301,845.7440155538876,852.8090442287471
438,0.3375,-20.193543947824185,-33.73883105373451,-46.61323415182546,-58.877142810103784,-70.56599454566485,-81.70829762298261,-92.32997278803772,-102.45543156871612,-112.10787471725975,-121.30940290570975,-130.0810808804983,-138.4429887995391,-146.41426885763462,-154.0131692010978,-161.25708567708006,-168.16260161487259,-174.7455257514984,-181.02092839138706,-187.003175882116,-192.705963483861,-198.14234670667972,-203.3247711864857,-208.26510116743071,-212.97464665536907,-217.46418930416013,-221.74400709374632,-225.82389785624613,-229.7132017037167,-233.4208224087699,-236.95524778684634,-240.32456912671142,-243.53649971355944,-246.59839248706314,-249.51725687473106,-252.29977483906242,-254.95231617519315,-257.48095309402146,-259.8914741241741,-262.1893973646062,-264.37998311816455
439,0.33828125000000003,-17.737118709909762,-29.63430353611609,-40.942027424261845,-51.71337478755588,-61.97950134874319,-71.76546924625586,-81.09406309601964,-89.98673855718935,-98.46388536179167,-106.54492512973326,-114.24836812167405,-121.59185861898175,-128.59221609013727,-135.26547392510452,-141.6269162319452,-147.6911128788522,-153.47195288693825,-158.98267625729412,-164.23590430763912,-169.24366858917892,-174.01743845057533,-178.56814731263032,-182.90621771421326,-187.0415851870568,-190.9837210143127,-194.7416539251526,-198.32399077522993,-201.73893626047035,-204.99431170943006,-208.09757299731749,-211.05582762277507,-213.87585098656783,-216.5641019095027,-219.1267374251493,-221.56962688126606,-223.89836538225083,-226.1182866034171,-228.23447500646702,-230.25177748413802,-232.17481446071443
440,0.33906250000000004,-15.255264968525236,-25.48815639988055,-35.21425738848372,-44.47918225029965,-53.30969732742591,-61.72733552002559,-69.75167582125518,-77.40115766780991,-84.69330624093968,-91.64481598768701,-98.27159901515125,-104.58882382212867,-110.61095048467098,-116.35176380287436,-121.82440481829003,-127.04140084921417,-132.01469412751229,-136.75566910398112,-141.2751784835891,-145.58356804882027,-149.69070032679605,-153.6059771534607,-157.3383611858027,-160.89639641082138,-164.28822769778012,-167.52161943817617,-170.60397331584113,-173.54234524764416,-176.34346153341622,-179.0137342519227,-181.5592759380284,-183.9859135745583,-186.29920193081136,-188.5044362782024,-190.60666451208894,-192.6106987074897,-194.52112613511312,-196.34231976289018,-198.07844826701495,-199.7334855754025
441,0.49921875000000004,65.2950938172922,109.09229639130238,150.71973961325892,190.37279165446654,228.16611032783766,264.19193039569024,298.5341083837375,331.2716126930174,362.4794907566687,392.22922838458436,420.5889581790701,447.62362622932557,473.39514339006297,497.96252767194795,521.3820395441313,543.7073108105473,564.9894674392227,585.2772466461153,604.6171085065511,623.053342351129,640.6281681901193,657.3818333987593,673.3527048849384,688.5773569503904,703.0906550466333,716.9258356174953,730.1145822110866,742.6870980355412,754.6721751246929,766.0972602720916,776.9885178843646,787.3708898978604,797.2681528957966,806.702972556718,815.6969555589534,824.2706990599419,832.443837863738,840.2350893847114,847.6622965104168,854.7424684617854
442,0.49843750000000003,65.14433932899529,108.84054249447829,150.37208836559586,189.93388276039636,227.64030983641644,263.5833840611336,297.8467621122537,330.50922463626415,361.64564098811866,391.32732762520135,419.62225595751977,446.595218595509,472.3079802320463,496.81941966663067,520.185664764992,542.4602210124434,563.6940940381252,583.9359064100996,603.2320089731301,621.6265869849542,639.1617612941747,655.8776847913656,671.8126343541591,687.0030984967843,701.4838609246854,715.2880801855097,728.4473655988096,740.9918496382992,752.9502569323809,764.3499700409319,775.2170921589483,785.5765068906211,795.4519352307062,804.8659898836634,813.8402270449378,822.3951957629545,830.550484994854,838.3247684637155,845.7358474199866,852.8006914050327
443,0.5,65.34574366423372,109.17701429418646,150.83692017362142,190.52097060079868,228.34390428204816,264.3980210795148,298.76723720330233,331.5305777170033,362.76314425244954,392.536474509835,420.9187507514731,447.9749665658094,473.76707821861413,498.354147119056,521.7924751992962,544.1357338678785,565.4350869152056,585.7393076719846,605.0948906933197,623.5461582250663,641.1353616963286,657.9027784704269,673.8868040757981,689.124040127946,703.6493781437213,717.4960794397996,730.6958512982852,743.2789195738217,755.2740979084466,766.708853712666,777.6093710638285,788.0006106658127,797.9063670073238,807.3493228496744,816.3511011688219,824.9323146705906,833.1126129924695,840.9107277000609,848.3445151812228,855.4309975361231
444,0.49765625,64.89256173725337,108.41978254687749,149.79063215041307,189.19927323677922,226.75965581166588,262.56344513746586,296.69397995306525,329.2297410660635,360.24531254457867,389.811738843804,417.99673193368795,444.8648369624401,470.4775825991779,494.8936225432726,518.1688699896494,540.3566257076634,561.5077001104864,581.6705296146492,600.8912875611292,619.2139899532448,636.6805962538696,653.3311054729219,669.2036477652388,684.3345717486412,698.7585277421759,712.5085471151773,725.616117928877,738.1112570437934,750.0225788580411,761.3773608339776,772.201605963255,782.5201023133228,792.3564797917502,801.733264258363,810.6719291091125,819.1929444498074,827.3158239723193,835.0591696406043,842.4407142888832,849.477362229519
445,0.496875,64.5412273306144,107.83287380924374,148.97989833205085,188.1754038480672,225.53271664774093,261.1430001345875,295.08913709877845,327.4491792995254,358.2973033107571,387.70416562263284,415.73710858552533,442.4603251318642,467.9350082711045,492.21949180652126,515.36938405115,537.4376951955384,558.4749587012778,578.5293470177194,597.6467818913529,615.8710395214074,633.2438508026376,649.8049968848119,665.5924002676866,680.642211640012,694.9888926613905,708.6652948765188,721.702734942495,734.131066341437,745.9787477426117,757.2729081706026,768.0394091287397,778.3029038200378,788.0868936012461,797.4137817992796,806.304925013266,814.7806820196737,822.860460392516,830.5627609453762,837.9052200970274,844.904650257656
446,0.49609375,64.08994116842877,107.07881319119781,147.9379922520377,186.85923792281721,223.95508966833253,259.316078137028,293.0245106414683,325.1578967886052,355.7898977435178,384.99067891230266,412.8271144896619,439.3629510606034,464.65895607440217,488.7730575969785,511.76047710805454,533.673855992081,554.5633760948558,574.4768746415549,593.459953784034,611.5560850293998,628.8067087892782,645.2513292778168,660.9276049757693,675.8714348678346,690.1170406507401,703.6970451003349,716.6425467771554,728.9831912415443,740.7472389414078,751.961629928076,762.6520455484695,772.8429672548465,782.5577326668067,791.8185890139349,800.6467440814678,809.062414775652,817.0848734200043,824.7324918884964,832.0227836767261,838.9724440074218
447,0.49531250000000004,63.54018905266149,106.16036055358926,146.6691657923536,185.2567149066611,222.03457800539016,257.0925056232664,290.5120958306904,322.3701904027105,352.7398158958751,381.6905332790152,409.28864070805355,435.5973357105077,460.6768623743793,484.58464989171614,507.37544420762487,529.1014334179397,549.8123672841582,569.5556711587449,588.3765545863065,606.3181148304244,623.4214355634774,639.725680945496,655.2681853074977,670.0845386446672,684.2086681151515,697.6729157310907,710.5081124197893,722.743648624617,734.4075416073089,745.5264996057799,756.125982994365,766.2302625865408,775.8624752136318,785.0446767067742,793.797892403459,802.1421652943113,810.0966019203602,817.6794161258923,824.9079707670896,831.7988174719559
448,0.49453125000000003,62.89218072203362,105.07765768254443,145.17324917551338,183.36712981462068,219.7697349510842,254.4699026297406,287.548401372265,319.08129175094393,349.14085788998545,377.79595354275557,405.11220280644403,431.15216065868697,455.9754586508772,479.6389420440672,502.19680012048923,523.7006903073449,544.1998564776954,563.7412417185393,582.3695958288589,600.1275777948646,617.0558534773481,633.1931887348827,648.5765381961269,663.2411298845115,677.2205458890892,690.546799266277,703.2504073485866,715.3604616282158,726.9046943755294,737.909542144981,748.4002063138969,758.400710792759,767.9339570391339,777.0217765012287,785.6849806111704,793.943408442484,801.8159721409114,809.3207002325944,816.474778908808,823.2945913817754
449,0.49375,62.1474031147142,103.83332985115055,143.45416216092525,181.19584523792463,217.16750516076036,251.45692631098723,284.1439190404487,315.30364147640466,345.00752001964275,373.32359134410984,400.31670074961,426.0486608076266,450.57839533607506,473.96207491538036,496.2532456591005,517.5029518687476,537.7598529337062,557.0703347631844,575.4786160100718,593.0268493311509,609.7552179158988,625.7020275050479,640.9037941096904,655.3953276318425,669.2098115779849,682.378879048139,694.9326851745142,706.8999761756144,718.3081551839495,729.1833449981028,739.5504479028575,749.4332026943766,758.8542390410228,767.8351293043099,776.396437938651,784.5577685830342,792.3378089524639,799.754373631964,806.8244448711527,813.5642114727942
450,0.49296875,61.30666793384194,102.42866050866957,141.51345925452583,178.74449372870998,214.22941437442802,248.05481900081224,280.2994394592905,311.0374184311381,340.33921742049625,368.27195409073033,394.89959790808024,420.2831266234335,444.4806682871002,467.5476349233232,489.5368495534173,510.49866718785785,530.4810901427603,549.5298779634002,567.6886522108385,584.9989963525866,601.5005509862517,617.2311046142296,632.2266801772979,646.5216175452433,660.1486521534058,673.1389899651971,685.5223789322436,697.327177115785,708.5804176253146,719.3078705231657,729.5341018367944,739.2825298138927,748.57547854915,757.434229105464,765.8790682466628,773.9293348933342,781.6034644081419,788.9190308120363,795.892787028039,802.5407032447491
451,0.4921875,60.37145701902034,100.86613021427974,139.35471238145306,176.01783736994363,210.9615144371579,244.27102059654902,276.0238864287563,306.29312304441635,335.1481163291861,362.65495920396984,388.8766443325339,413.87321825027846,437.7019212368436,460.41731896880935,482.071427617642,502.71383300511343,522.3918041671749,541.1504016052853,559.0325804778316,576.079288969245,592.3295620625113,607.8206109300045,622.5879081474633,636.6652689263318,650.0849285505409,662.8776161951105,675.0726252956473,686.6978806299147,697.780002265109,708.3443665173049,718.4151640626723,728.0154553335555,737.1672233262791,745.8914239416165,754.2080339732059,762.1360968538121,769.6937662641985,776.8983477044702,783.7663381230975,790.3134636943636
452,0.49140625000000004,59.3431786315576,99.14815524170349,136.98118932215016,173.01983447412348,207.36829253767522,240.1103871899626,271.3223282150991,301.0758833030465,329.4392569359669,356.4774169034277,382.25228366827355,406.822881828232,430.24547757607485,452.57370808814187,473.85870447558835,494.14920889851334,513.4916861868297,531.9304302413329,549.5076654627326,566.2636434417913,582.2367351321246,597.4635187167053,611.9788633692324,625.8160091021341,639.0066428840116,651.5809712008058,663.567789226821,674.9945467639907,685.887411100366,696.2713269317615,706.1700734837614,715.6063189648931,724.601672475651,733.1767334922367,741.3511390383288,749.143608652896,756.5719872570318,763.6532860179605,770.4037213038021,776.8387518182893
453,0.49062500000000003,58.223300442227696,97.27705638731534,134.39609270718063,169.75461825265094,203.45487189136333,235.57909752053294,266.2020679595643,295.3941971750788,323.2224027595697,349.7504264038884,375.03901977187525,399.1460931620434,422.12685041587184,444.0339158956177,464.9174551384497,484.8252897779422,503.80300707182334,521.8940643053301,539.1398883140205,555.5799703553364,571.2519565466968,586.1917340774789,600.433513392492,614.0099065352586,626.9520018306046,639.2894350776538,651.0504574163139,662.2620000227106,672.9497357817622,683.1381380781509,692.8505368403416,702.109171966017,710.935244251276,719.3489639402477,727.3695970063004,735.0155092708424,742.304208460755,749.2523843007687,755.875946732607,762.1900623484153
454,0.48984375,57.0138186250085,95.25636792475026,131.60438351489495,166.2284483708074,199.22867329788713,230.68559104792837,260.6724194862967,289.2581088469037,316.5081860932883,342.4850685996628,367.24824607158297,390.85442605365455,413.35766598765264,434.80949751737774,455.25904460999897,474.7531360701778,493.33641277714264,511.0514299072885,527.9387543802443,544.0370577523306,559.3832047702055,574.0123377874198,587.9579572371173,601.2519983450895,613.9249042588051,626.0056957598347,637.5220377192718,648.50030244831,658.9656300890185,668.9419861835977,678.4522165539245,687.5180996170552,696.1603962564681,704.3988973632507,712.2524691560823,719.7390963837937,726.8759235094307,733.6792939701212,740.1647876026567,746.3472563204756
455,0.4890625,55.7161776563593,93.08823664988458,128.6088754966942,162.44480399796515,194.6938602993819,225.43474812557739,254.73902154031614,282.6740632458085,309.3039099774506,334.6895592126516,358.889147066406,381.95809056925714,403.9492167794613,424.91288430300625,444.8970987600331,463.94762276386257,482.10808073734154,499.4200588245505,515.9232001314282,531.6552955148833,546.6523701289049,560.948765926188,574.5772203044309,587.568941077565,599.9536779437266,611.7597906137312,623.0143137561399,633.7430189077072,643.9704734910266,653.7200970745754,663.0142150040161,671.8741095276038,680.3200685327932,688.371432005677,696.0466363196517,703.3632564547585,710.3380462443785,716.9869767414636,723.3252727921687,729.3674479006395
456,0.48828125,54.33294931704517,90.77729304130021,125.41619222064298,158.4122075072786,189.86074145904178,219.8385393947377,248.4153758521546,275.65695851176474,301.62573282673696,326.381180935838,349.9799950172664,372.4762159453255,393.9213591323006,414.36453298325335,433.8525514591948,452.43004129751904,470.1395442041295,487.02161426733784,503.11491082018796,518.4562869645155,533.0808739594855,547.0221616677483,560.3120752433309,572.9810482367905,585.0580922849648,596.5708635448565,607.5457260237341,618.0078119504428,627.981079326138,637.4883667862159,646.5514458990472,655.1910710212629,663.4270268237466,671.278173597153,678.7624904406936,685.897116433081,692.6983898799067,699.1818857273175,705.3624512276698,711.2542399388203
457,0.48750000000000004,52.86554599426237,88.32549669136843,122.0287412775241,154.1334626859671,184.73249513878218,213.90051695640113,241.705422295314,268.21114715945794,293.47845262221114,317.56521588059996,340.52659907503045,362.4151843063396,383.2810961558085,403.17211699817165,422.13379656843205,440.20955632035617,457.4407888851833,473.8669528756914,489.5256632574384,504.4527774956721,518.6824776758704,532.2473487863591,545.1784533425522,557.5054025239068,569.2564239866547,580.4584265077242,591.1370616079823,601.3167822959983,611.0208990669046,620.2716332846549,629.0901680699577,637.496696810456,645.5104694042703,653.1498363428254,660.4322907339281,667.3745083613488,673.992385872657,680.3010771827635,686.3150281765593,692.0480097901135
458,0.48671875000000003,51.317099224127496,85.73854574555008,118.45476800545913,149.61930209463281,179.3222541370117,207.63610886012924,234.62676729306887,260.356289455242,284.88365429452114,308.2650419891,330.553997665704,351.8015623503641,372.0563918181879,391.3648684677756,409.77120763222905,427.31755884484073,444.0441023562188,459.98914113889487,475.1891885933721,489.6790521570078,503.49191300715626,516.6594020409485,529.2116723055708,541.1774680447962,552.5841905198006,563.4579607549204,573.8236793519823,583.705083510142,593.1248013817583,602.1044038887594,610.6644541181256,618.8245544095884,626.6033912433571,634.0187780306521,641.0876959050173,647.8263326078196,654.2501195569699,660.3737671837417,666.2112986186078,671.7760818032242
459,0.4859375,49.68898059792947,83.01820051464723,114.69625899864694,144.87183686666597,173.6321920651315,201.04751709536617,227.1816276182875,252.0946187545694,275.8436013050585,298.48297535590916,320.0645889816374,340.6378651688297,360.24991698862544,378.9456559917708,396.7678952003104,413.7574472021444,429.95321763890604,445.392294317886,460.11003215672133,474.1401341569818,487.5147285928382,500.26444259203447,512.4184722779878,524.0046496338874,535.0495062420972,545.5783340449748,555.615243266363,565.1832176264937,574.3041669768149,582.9989774753427,591.2875594174872,599.1888928319244,606.7210709459689,613.9013416200072,620.7461468458991,627.2711603998256,633.4913237358188,639.420880202184,645.0734076591895,650.4618495727198
460,0.48515625,47.98486210295139,80.1711916868801,110.76303054186468,139.90394359758983,167.6781850112291,194.15353202790592,219.3916058675253,243.45043626904172,266.38517205144205,288.24834506407643,309.09002325986717,328.95793313282485,347.89757084296525,365.95230682060156,383.16348516974665,399.5705183547194,415.2109774472095,430.1206781543539,444.3337628277729,457.8827786417987,470.7987521198283,483.111260179286,494.8484978577319,506.0373428750804,516.7034171796706,526.8711456190531,536.5638118697727,545.8036117541895,554.6117040663728,563.0082590234377,571.0125044532397,578.642769824176,585.9165282179006,592.8504363410519,599.4603726676065,605.7614737991889,611.7681691265968,617.4942138718991,622.9527205867739,628.1561891792023
461,0.484375,46.206066078732,77.1990694400843,106.65663598802021,134.71702775722295,161.4613884452772,186.9549919753143,211.2571820689079,234.42384245804016,256.5080815649006,277.56048697108366,297.62927302550696,316.76039889225063,334.99767566543096,352.3828671780046,368.95578578335784,384.7543835811396,399.8148393579207,414.1716414575718,427.8576667756878,440.90425606062,453.341285694379,465.19723611830995,476.49925706060395,487.2732297153009,497.54382601538885,507.3345651359111,516.6678673566015,525.5651054075119,534.0466534152932,542.1319335622967,549.8394605653965,557.1868840764455,564.1910291014957,570.8679345313831,577.2328898719345,583.300470257937,589.0845698310707,594.598433558253,599.8546875632832,604.8653680412475
462,0.48359375000000004,44.35678232628152,74.10955551222736,102.38840205479254,129.32603059789867,155.0003238778667,179.4739337889258,202.8038218272291,225.04362967935066,246.24433602527614,266.4545005098653,285.7204052273125,304.08616789053764,321.5938445461256,338.2835262635747,354.19343101823574,369.35999121506205,383.8179371092092,397.6003763271882,410.7388696732773,423.26350339510157,435.20295807371474,446.5845742957305,457.4344152577072,467.7773264460047,477.6369925286595,487.0359915894731,495.9958468284275,504.5370758467679,512.6792376295617,520.4409773332867,527.8400689809752,534.8934561626602,541.617290834303,548.0269703040333,554.1371724903787,559.9618895332176,565.5144598344071,570.8075986014458,575.8534269641152,580.6634997307605
463,0.48281250000000003,42.43827578080083,70.90398039109898,97.95943927756042,123.73164326207382,148.29512151613687,171.70982694984485,194.03026547221702,215.30776488529628,235.59110380205433,254.9267454107665,273.3589730777439,290.9299987915002,307.68006155961587,323.64752000977626,338.8689403707311,353.37918026696576,367.2114685761253,380.3974815469217,392.96741535626745,404.95005527349656,416.3728415909503,427.2619324724878,437.642263864259,447.5376066052591,456.9706208686855,465.96290805897206,474.53506028348846,482.70670751232814,490.4965625342746,497.92246381198123,505.0014163345676,511.74963056124216,518.182559545177,524.3149343226892,530.1607976487985,535.733536156448,541.0459110130523,546.110087144595,550.9376610942229,555.5396875791373
464,0.48203125,40.45522822647793,67.5910092597763,93.38251497834158,117.9507795479239,141.36683411149124,163.68781894304723,184.9656846288294,205.2493540845742,224.585321551111,243.0178750827933,260.58922557091375,277.33960994724384,293.30738485572493,308.5291148305523,323.0396560921623,336.87223636851274,350.05853097490274,362.6287353379284,374.611634131898,386.0346671862211,396.9239923144914,407.30454520889367,417.20009653688925,426.63330637076524,435.6257760745573,444.1980977670691,452.36990147416816,460.15990007827503,467.58593216792224,474.66500288546416,481.4133228664425,487.8463453597443,493.9788016135356,499.8247346079795,505.39753121196725,510.70995283748755,515.7741646618181,520.6017634844422,525.2038042824798,529.5908255254285
465,0.48125,38.4088393953992,64.17174471304511,88.65829002810062,111.98341200939878,134.21456580557015,155.4060136843586,175.6070876954608,194.86424325827727,213.22162844043999,230.7212955761319,247.40332402759884,263.30591835704934,278.4654973988631,292.9167780819448,306.6928550676238,319.82527659654215,332.3441167704952,344.2780444485765,355.654388919682,366.4992025034997,376.83732022429433,386.6924166947714,396.08706034074316,405.0427650911264,413.580039651912,421.7184344771609,429.4765865447601,436.8722620396149,443.92239704213165,450.6431363152607,457.0498702789964,463.15727025706695,468.97932207658243,474.5293580976262,479.82008774617407,484.8636266202924,489.67152423629545,494.2547904784201,498.6239208126112,502.7889203221684
466,0.48046875,36.30425419075693,60.65574195685085,83.80089364113921,105.848322715593,126.86177079944603,146.89251425789047,165.9871724747885,184.1896479691554,201.54166389035336,218.08296365177858,233.8514266977608,248.88316110496882,263.21258763333697,276.87251884933806,289.8942343183891,302.30755223153835,314.14089767544743,325.4213677120156,336.17479341855017,346.42579903062443,356.1978583227982,365.5133483560334,374.3936007146598,382.8589503500395,390.9287821426393,398.6215752890237,405.9549456153231,412.9456859139997,419.60980439622546,425.9625613478751,432.01850407303664,437.7915002050257,443.2947694611578,448.5409139139713,453.5419468482042,458.30932026958493,462.85395112842275,467.18624631803243,471.3161265052309,475.2530488474653
467,0.47968750000000004,34.14259974474183,57.04386889501579,78.81053294934338,99.5447658009011,119.30653269218034,138.14407070377172,156.10123387765938,173.21931883757645,189.5375709183679,205.09337233355885,219.92235133878302,234.05846952615497,247.534101022663,260.38010701704803,272.62590656364864,284.2995440138856,295.42775327687815,306.03601906905925,316.1486352971568,325.7887607099974,334.97847194758106,343.7388141095908,352.08984895963823,360.05070087602064,367.63960065451033,374.8739272637229,381.7702476488714,388.34435467520666,394.6113032981593,400.58544504311163,406.2804608738394,411.7093925249633,416.8846723702157,421.8181518949709,426.52112883827857,431.0043730665913,435.27815123846705,439.35225031674855,443.23599998209016,446.93829399917223
468,0.47890625000000003,31.929452359885083,53.34651184628338,73.70261194973887,93.09327581037584,111.574562535491,129.19156844567317,145.98529429843606,161.99435154246066,177.25543499855482,191.8034984077919,205.67185622815364,218.8922650628856,231.4949975724575,243.50891205520495,254.96151857256837,265.8790419395839,276.28648176412236,286.2076696809445,295.66532391312796,304.68110128575984,313.27564681068833,321.46864095557777,329.27884470525987,336.72414251837887,343.82158327753996,350.5874193266179,357.03714368451915,363.1855255205369,369.046643972475,374.6339203849282,379.9601490414997,385.03752646129783,389.8776793267691,394.4916911067945,398.890127435996,403.08306030835155,407.08009114050736,410.89037275758363,414.52263035181704,417.98518146201695
469,0.478125,29.665859619294835,49.56429867248885,68.47688275789582,86.49239305704877,103.66293520065551,120.0304236845051,135.63296416809433,150.50643987203512,164.6849514377989,178.20098048442145,191.08548450082,203.36797272444062,215.07657497755207,226.23810643916715,236.87812917830547,247.02101075433663,256.6899800601845,265.9071805477894,274.6937209616156,283.06972369815844,291.0543709032429,298.6659484134077,305.9218876425364,312.8388055100706,319.43254250256126,325.7181989559738,331.71016964203636,337.42217673799587,342.8673012554172,348.05801300010427,353.0061991318404,357.72319138942515,362.21979204341346,366.5062986360401,370.5925275650295,374.4878365653327,378.2011461403071,381.74095999144214,385.11538449344005,388.33214725926763
470,0.47734375,27.357794845311584,45.70838277066159,63.149929183904874,79.76427796138195,95.59946007537879,110.69411376801345,125.08336838707714,138.8003062584139,151.8763676384149,164.3415010942963,176.22425070287872,187.55182580385932,198.35016431711668,208.64399235173343,218.45688085638452,227.81129958527663,236.7286685364811,245.22940698755392,253.33298024183085,261.05794419227175,268.4219878045391,275.4419736162605,282.1339763449502,288.5133196927905,294.59461143238707,300.39177685371385,305.9180906487346,311.1862073066299,316.20819008916664,320.99553865250573,325.55921537865333,329.90967047681664,334.05686591211264,338.01029821639827,341.77902023343574,345.3716618481686,348.7964497475623,352.06122625824395,355.173467304071,358.14029952473663
471,0.4765625,25.00621961323691,41.779148089597314,57.72104985516142,72.90676601425301,87.38022133717851,101.17674931802674,114.32847229963782,126.86563886739815,138.81699472748784,150.20992064434176,161.0705124768149,171.4236451732883,181.29303082146637,190.70127326600144,199.669919991801,208.2195115319404,216.36962854916231,224.13893670903437,231.54522945119513,238.60546875840961,245.3358240178895,251.75170906463734,257.86781749221814,263.69815631225856,269.256078040098,274.5543112803382,279.6049898825488,284.41968073407065,289.0094102537016,293.3846896470557,297.55553898152084,301.53151013603,305.3217086782641,308.93481471944364,312.37910279451035,315.66246081326653,318.7924081259033,321.7761127443144,324.6204077586621,327.33180698680536
472,0.47578125000000004,22.61746743786178,37.788446340613,52.20790615085758,65.9435068863415,79.03495525731073,91.51419320967366,103.41026209724924,114.75051115935815,125.5609322481866,135.86628411406173,145.69016446875867,155.05506763363903,163.9824368719284,172.49271365861122,180.6053845067011,188.33902557591034,195.71134519294324,202.73922438636006,209.43875552953432,215.8252791798983,221.9134191984251,227.71711622940919,233.2496596169262,238.52371783083746,243.5513674718367,248.34412092182018,252.91295270278786,257.26832460454625,261.42020963867975,265.37811487358977,269.15110320283566,272.7478140965925,276.17648338370697,279.44496210962495,282.560734513349,285.5309351645732,288.3623653002195,291.06150839777126,293.6345450210537,296.0873669724463
473,0.47500000000000003,20.1924079582228,33.73641519222562,46.60934753428309,58.871644591085015,70.55877946157818,81.69928679525572,92.31910757321157,102.44266925284873,112.09318537804388,121.29276704693633,130.06248759849265,138.42243432952162,146.39175540007997,153.9887039600634,161.2306800626828,168.134270575329,174.71528720909643,180.988802762977,186.9691856691461,192.6701329202128,198.1047014549676,203.2853380753038,208.22390796342518,212.93172186511092,217.4195620016467,221.6977067700492,225.77595428837438,229.66364484021537,233.36968226993397,236.90255437774917,240.27035236148183,243.48078934956757,246.54121806784403,249.45864768063095,252.23975984471753,254.89092401306294,257.4182120232934,259.827412004429,262.12404163372065,264.31336077397185
474,0.47421875,17.73769583343512,29.635531600554714,40.944004065932226,51.71617224205439,61.98317377188714,71.77005737223334,81.09959735315097,89.99324125009227,98.47137226243348,106.55340667748915,114.25785035405397,121.60234390998846,128.60370374682407,135.2779606767653,141.64039663614372,147.70557966178964,153.4873972311353,158.99908804641203,164.2532723360225,169.2619807420618,174.03668185968064,178.5883084909685,182.92728267317705,187.06353953836177,191.00655005889334,194.76534273078016,198.3485242443373,201.76429918944393,205.02048884043413,208.12454906357934,211.08358738811185,213.9043792798441,216.5933836546085,219.15675766701736,221.60037080837859,223.92981834603233,226.15043413486455,228.26730283031725,230.28527153085358,232.20896087652253
475,0.4734375,15.254103404645264,25.48568610502928,35.21028313835415,44.47355998322371,53.30231936358634,61.71812115854041,69.74056505245716,77.38810677115279,84.67828457677587,91.62780357868965,98.25258467162303,104.56780365574258,110.58792670847954,116.32674374803409,121.79740011860876,127.01242675816306,131.98376894149638,136.72281367202095,141.24041578810488,145.54692284550976,149.65219883406246,153.56564678370518,157.2962303123229,160.85249416517843,164.2425837933689,167.47426401643935,170.55493681212985,173.4916582741894,176.29115477724483,178.95983838587537,181.50382154328094,183.92893107327282,186.24072152772445,188.44448791010927,190.5452778043144,192.5479029365515,194.4569501968778,196.27679214559817,198.01159702863896,199.66533832484978
476,0.47265625,12.74856544717492,21.299903982163812,29.42766863315202,37.16999028071407,44.54924552640816,51.58343542405166,58.28892682853124,64.68113334002437,70.7747038356763,76.58359243170271,82.12109903892765,87.39990181122073,92.43208660949996,97.229174747694,101.80214936702822,106.16148056445945,110.31714934703542,114.27867046946535,118.05511420708937,121.65512711357451,125.08695181036852,128.35844585282328,131.47709971587363,134.45005394021348,137.28411547803856,139.98577327563584,142.56121312837968,145.01633184205315,147.35675073284386,149.58782849686392,151.71467347860766,153.74215536639895,155.67491634157128,157.51738170688043,159.27377001846105,160.94810274450705,162.54421347277412,164.06575668797066,165.51621613912653,166.8989128160844
477,0.47187500000000004,10.221752242527344,17.077829317126394,23.594135691024913,29.80128117166742,35.71723286007976,41.356442940918164,46.73204896303297,51.85642113473906,56.74131430701118,61.39792460765622,65.83692232933122,70.06847821148537,74.10228725991293,77.94759114147382,81.61319944573526,85.10750992362176,88.43852776684678,91.61388397838604,94.64085287892269,97.52636879106461,100.27704194071848,102.89917361289538,105.39877059730763,107.78155895734248,110.05299715433539,112.21828855751197,114.28239336849403,116.25003998787867,118.12573585008302,119.91377775140273,121.61826169504236,123.24309227575856,124.7919916256811,126.26850794186421,127.67602361514905,129.01776297900025,130.29679969610106,131.5160637996536,132.67834840554258,133.78631611075417
478,0.47109375000000003,7.6808359270816995,12.832955401784425,17.729901890295,22.394643051492288,26.840656486108045,31.07878460225839,35.118885892320804,38.97024499099218,42.64168613775364,46.14161524572333,49.478044279152705,52.658610762660636,55.69059550297893,58.58093928281186,61.33625873334891,63.962861459837114,66.46676046251048,68.85368788673306,71.12910813332812,73.29823035847029,75.3660203912225,77.33721209558293,79.21631820273167,81.00764063802968,82.71528036621578,84.34314677719117,85.8949666337559,87.37429260168635,88.78451138160227,90.12885146118073,91.41039050540755,92.63206240174762,93.79666397632532,94.90686139646327,95.96519627421216,96.97409148482598,97.935856713486,98.85269374295694,99.72670149427134,100.55988083197009
479,0.4703125,5.126380590182047,8.564682061357223,11.832522603700749,14.94526763362115,17.91193785583129,20.739788657780615,23.43541445519986,26.005023672214136,28.454515275820512,30.78950738418251,33.01535390175064,35.13715780103786,37.15978314304328,39.087866365118906,40.92582698793427,42.677877800244126,44.34803455580508,45.940125209288915,47.457798714897166,48.904533409494285,50.283645000646715,51.59829417874349,52.85149387130052,54.04611615658228,55.184898852776804,56.270451798137636,57.30526283672996,58.29170352369675,59.23203456327792,60.128410992177365,60.98288712025744,61.797421239974405,62.573880115416635,63.31404326129338,64.01960702172883,64.69218845825068,65.33332905591766,65.94449825610658,66.52709682408238,67.08246005908646
480,0.46953125,2.565751510691127,4.286887412514985,5.9228244583395036,7.481225481850472,8.966585988818192,10.382522894359974,11.732325547214213,13.01909237349234,14.245768570398644,15.415160022465718,16.529941350714203,17.592662362403654,18.605753921260547,19.57153348631227,20.49221038476742,21.369890841471655,22.206582777497562,23.004200388085806,23.764568509504667,24.489426784072574,25.180433632302165,25.839170040820136,26.46714317439745,27.065789820101312,27.63647967124768,28.180518458514076,28.699150935250994,29.193563723723855,29.664888028716394,30.114202224642664,30.542534322029404,30.950864318972968,31.34012644291262,31.711211287821456,32.06496785167906,32.40220547886863,32.72369571192499,33.03017405685543,33.322341666062414,33.60086694270713
481,0.46875,-0.0005968920107559534,-0.001269279210957346,-0.0020418691018877985,-0.0028883694618772435,-0.003790087785015127,-0.004733165955155198,-0.005706978376187894,-0.006703162358958552,-0.007715004220943805,-0.008737033248225404,-0.0097647420330336,-0.01079438675093867,-0.011822839975663703,-0.012847479259702567,-0.013866100858390198,-0.014876851636660325,-0.015878174452441423,-0.016868763745503716,-0.01784752899982095,-0.01881356437964225,-0.0197661232740205,-0.020704596792810795,-0.02162849548004686,-0.02253743366920391,-0.02343111603095948,-0.02430932595061359,-0.025171915446036017,-0.02601879638952167,-0.026849932841326203,-0.02766533433163964,-0.02846504996309403,-0.029249163218243623,-0.030017787381189234,-0.030771061492209418,-0.03150914676995995,-0.03223222344155857,-0.03294048793220853,-0.03363415037249495,-0.03431343238397716,-0.034978565113274185
482,0.46796875000000004,-2.565151605947889,-4.285610635494689,-5.920769105728296,-7.478316252327657,-8.962766381025297,-10.3777503694401,-11.726568292652683,-13.012327036212666,-14.237978603557066,-15.406334438189905,-16.520073752483967,-17.581750177177835,-18.593797778856832,-19.558536710293225,-20.478178569707204,-21.354831498435736,-22.1905050342671,-22.987114733926088,-23.746486576607357,-24.47036115950129,-25.160397695532417,-25.818177822920497,-26.445209235636316,-27.042929143331097,-27.612707568875187,-28.15585049122149,-28.673602840924712,-29.167151355282922,-29.63762729972849,-30.08610906176824,-30.513624623477224,-30.921153918252788,-31.309631077269728,-31.679946570813836,-32.03294924942835,-32.36944828957052,-32.69021504825627,-32.995984830958875,-33.2874585768234,-33.56530446507216
483,0.46718750000000003,-5.127570683355314,-8.567212767097669,-11.836593703901636,-14.951026488089804,-17.91949455486454,-20.749225661137334,-23.44679303720905,-26.018388433633707,-28.46989743167943,-30.80692724204971,-33.03482278240265,-35.15867956091182,-37.183355403226834,-39.11348151818804,-40.95347303277098,-42.70753904108759,-44.37969219240612,-45.97375783851605,-47.49338275949266,-48.942043486289684,-50.32305423802432,-51.63957449122259,-52.89461619766319,-54.09105066680635,-55.23161512814729,-56.318918988184876,-57.35544979606592,-58.3435789313493,-59.28556702673959,-60.18356913805959,-61.03963967318632,-61.85573709113372,-62.63372838196212,-63.37539333770188,-64.08242862401355,-64.75645166185659,-65.39900432801345,-66.01155648290688,-66.5955093337548,-67.1521986407391
484,0.46640625,-7.68023969934655,-12.831686442252085,-17.72785911128207,-22.391751605044497,-26.836860208835887,-31.074041207698446,-35.11316375472352,-38.96352089238708,-42.63394362492763,-46.132843390639216,-49.46823671728453,-52.64776492984306,-55.678712018601075,-58.56802144382953,-61.322312094144785,-63.94789347987309,-66.45078020838726,-68.83670577851903,-71.11113572733605,-73.2792801603496,-75.3461056944879,-77.31634684165125,-79.1945168592709,-80.98491809298838,-82.69165183535506,-84.3186277232952,-85.86957269598754,-87.34803953378788,-88.75741499783574,-90.10092758905488,-91.38165494437916,-92.60253088718781,-93.76635214813895,-94.87578477182588,-95.9333702239581,-96.9415312130765,-97.90257724015608,-98.8187098888245,-99.69202786832435,-100.52453182078317
485,0.465625,-10.222931285996117,-17.080336513438557,-23.598168955488905,-29.806986483572196,-35.72471927499134,-41.36579214041538,-46.743321640142604,-51.86966146401557,-56.7565532019286,-61.41518217591937,-65.85620977574631,-70.08979934630138,-74.12563971641558,-77.9729673734838,-81.64058755467832,-85.13689435108867,-88.46988987926507,-91.64720256396276,-94.67610457241173,-97.56352843855426,-100.31608291413484,-102.94006808202784,-105.4414897657117,-107.82607326733891,-110.09927646543645,-112.26630230188924,-114.33211068653098,-116.30142984638378,-118.17876714535875,-119.96841939904513,-121.67448270809092,-123.30086183258982,-124.85127912885851,-126.32928306899781,-127.7382563626877,-129.08142369976323,-130.3618591312581,-131.58249310578188,-132.7461191773096,-133.8554003997181
486,0.46484375,-12.747976550956551,-21.298650609817745,-29.425650924533468,-37.16713429187019,-44.545495767858746,-51.578750112611175,-58.28327471086843,-64.67449146758034,-70.76705594194804,-76.57492770797418,-82.11141118447824,-87.38918827959066,-92.42034799928902,-97.21641430280735,-101.78837256170748,-106.14669475526755,-110.30136347857517,-114.26189482382016,-118.03736018926085,-121.63640706686087,-125.06727885686513,-128.3378337551658,-131.45556275706693,-134.4276068189478,-137.26077321734147,-139.96155114305918,-142.53612656620592,-144.99039640623877,-147.3299820396067,-149.5602421759739,-151.6862851325785,-153.71298053488036,-155.64497047033734,-157.48668012088496,-159.24232789849975,-160.9159351070799,-162.51133515279162,-164.03218232399124,-165.48196016084412,-166.86398943382105
487,0.46406250000000004,-15.255264107944141,-25.488154280747576,-35.21425360374296,-44.479176426279,-53.30968912250976,-61.727324623359536,-69.75166195141557,-77.40114057144513,-84.69328569139857,-91.64479178364759,-98.27157097926073,-104.58879179966337,-110.61091434222527,-116.35172342708157,-121.82436011458066,-127.04135174061469,-132.0146405534868,-136.75561101931658,-141.27511585732623,-145.58350086322986,-149.69062857640057,-153.60590084410245,-157.33828033375565,-160.89631104194794,-164.2881378467308,-167.5215251476314,-170.60387463579417,-173.54224223472417,-176.3433542502486,-179.01362276652713,-181.5591603232529,-183.98579390754628,-186.29907829250286,-188.50430875286574,-190.60653318688236,-192.6105636720521,-194.52098748118283,-196.3421775839468,-198.07830265794905,-199.73333663220717
488,0.46328125000000003,-17.737117878414818,-29.6343014898912,-40.942023771523786,-51.713369169155904,-61.97949343683974,-71.76545874302053,-81.09404973231096,-89.98672209120146,-98.46386557769276,-106.54490183630668,-114.24834115097244,-121.59182782500291,-128.5921813475302,-135.26543512790826,-141.6268732923665,-147.6910657260838,-153.47190146602065,-158.9826205280216,-164.23584424351142,-169.24360417639826,-174.0173696870894,-178.5680742072208,-182.9061402856288,-187.04150346319017,-190.98363503142085,-194.74156372711823,-198.32389641286417,-201.73883779085529,-204.9942091952973,-208.09746650646525,-211.0557172275195,-213.875736763228,-216.56398393791847,-219.12661578822934,-221.5695016645658,-223.89823667357817,-226.11815449246592,-228.23433958447416,-230.25163884356593,-232.1746726949566
489,0.4625,-20.193543144460946,-33.738829077967544,-46.61323062657496,-58.87713739018068,-70.56598691644486,-81.70828749911492,-92.32995991212417,-102.4554157099684,-112.1078556701486,-121.30938048861923,-130.08105493439496,-138.44295918666407,-146.4142354602271,-154.0131319201528,-161.2570444311452,-168.16255633888628,-174.74547639567226,-181.02087492013237,-187.00311827301638,-192.70590172669037,-198.14228080246625,-203.32470114662112,-208.26502701282382,-212.97456841564357,-217.46410701689462,-221.74392080375583,-225.82380761490398,-229.7131075683161,-233.42072444192127,-236.95514605591217,-240.3244637032754,-243.53639067292872,-246.59827990780252,-249.5171408382274,-252.29965542911788,-254.95219347764618,-257.48082719639507,-259.8913451153462,-262.1892653345065,-264.37984815749246
490,0.46171875,-22.6169039669119,-37.78724702427846,-52.20597538658374,-65.9407738657421,-79.03136682849274,-91.50970933525618,-103.4048528158448,-114.74415445708013,-125.55361250634972,-135.857990938016,-145.6808917792737,-155.0448129458246,-163.97120071240818,-172.48049908738733,-180.59219672011994,-188.32487157367288,-195.69623349651582,-202.72316479920772,-209.42175893178816,-215.80735735166417,-221.89458466712478,-227.69738213744188,-233.2290396066324,-238.50222594427885,-243.52901806333418,-248.3209285815275,-252.8889321898521,-257.2434907886265,-261.39457744878104,-265.35169925330973,-269.1239190712593,-272.71987631416243,-276.1478067224925,-279.4155612274837,-282.5306239315404,-285.50012924843463,-288.330878242566,-291.02935420471647,-293.60173749998694,-296.05391972192785
491,0.4609375,-25.007322263672776,-41.78149275270824,-57.72482154259932,-72.91210116207998,-87.38722184829778,-101.18549149495358,-114.33901281737103,-126.87801895465182,-138.83124321356087,-150.2260562557098,-161.08854561696054,-171.44357933348178,-181.31486371957712,-190.72499777942772,-199.69552493097962,-208.246982288034,-216.39894764082803,-224.17008424713057,-231.57818353597654,-238.64020582061815,-245.3723191128113,-251.78993612642762,-257.9077495544391,-263.7397656995125,-269.2993365348064,-274.59919026804823,-279.6514604786144,-284.4677138941157,-289.0589768699218,-293.43576063211,-297.6080853415289,-301.5855030339792,-305.37711948895924,-308.99161507698636,-312.43726463317006,-315.7219564024976,-318.8532101001728,-321.8381941283274,-324.6837419884977,-327.3963679274239
492,0.46015625000000004,-27.357249313047173,-45.707221593984414,-63.148059764848725,-79.76163170450229,-95.5959854786843,-110.68977202645469,-125.07813045133163,-138.79415077453822,-151.86927944522571,-164.33347008967058,-176.2152709641892,-187.54189488993563,-198.33928270402905,-208.63216296991095,-218.44410870623656,-227.79759141480602,-236.71403256865108,-245.21385268813793,-253.31651812059414,-261.04058563187715,-268.4037449127155,-275.42285909764274,-282.1140033896675,-288.4925018793974,-294.5729626431452,-300.3693112005571,-305.8948224085148,-311.1621508644557,-316.1833598888224,-320.96994915308164,-325.5328810166421,-329.88260563302856,-334.0290848828501,-337.9818151883992,-341.74984926215944,-345.3418168390484,-348.7659444398943,-352.0300742114231,-355.14168188591265,-358.10789390165866
493,0.45937500000000003,-29.666922917089337,-49.56655961029675,-68.48051970129592,-86.49753752709314,-103.66968541665656,-120.03885317896871,-135.64312754705577,-150.51837684748955,-164.69868976612082,-178.21653818119367,-191.10287155728156,-203.38719246801142,-215.09762517006178,-226.26098017652595,-236.90281563642426,-247.04749581370197,-256.7182468331033,-265.9372098264934,-274.72549160125567,-283.10321294569053,-291.0895546809559,-298.70280156413224,-305.96038414227104,-312.87891865273224,-319.4742450607671,-325.7614633211165,-331.7549679463968,-337.46848096121823,-342.91508331732615,-348.10724484155594,-353.0568527850684,-357.77523903913846,-362.2732060797397,-366.56105170026575,-370.64859258896803,-374.5451868050489,-378.2597552048387,-381.80080186708244,-385.1764335640801,-388.3943783232388
494,0.45859375,-31.928928111956736,-53.34539592345247,-73.70081531993961,-93.09073250477427,-111.57122301062925,-129.18739535954202,-145.9802596847016,-161.98843483096437,-177.248621571638,-191.79577851104736,-205.66322412533043,-218.88271836518797,-231.48453669640946,-243.49753977786946,-254.94923966218457,-265.8658628457633,-276.2724103558439,-286.19271502344304,-295.6494960768073,-304.6644111817408,-313.2581060487082,-321.4502617207893,-329.25963965112254,-336.70412467333097,-343.8007659635379,-350.56581608794124,-357.01476822549284,-363.1623916510307,-369.02276556020723,-374.60931131373735,-379.93482317487,-385.011497610517,-389.85096122317753,-394.46429737765897,-398.8620715835953,-403.05435569191445,-407.0507509606841,-410.86041004317497,-414.4920579485078,-417.95401202289906
495,0.4578125,-34.143617117722954,-57.04603212606521,-78.81401264927156,-99.5496877561652,-119.31299082454355,-138.15213531429478,-156.11095715899228,-173.23073873272892,-189.5507139325617,-205.10825565363606,-219.938984475685,-234.07685561679787,-247.55423788080705,-260.40198799415504,-272.6495212626076,-284.3248788866159,-295.45479212879394,-306.0647434877991,-316.17902501900824,-325.8207939345437,-335.0121256089425,-343.7740641109986,-352.12667037683025,-360.08906813396214,-367.67948768118015,-374.9153076240863,-381.8130946616651,-388.38864151476065,-394.65700308315246,-400.6325309138753,-406.32890605961256,-411.75917040229774,-416.93575651358117,-421.8705161204667,-426.57474724125154,-431.0592200538537,-435.334201555728,-439.40947907180083,-443.2943826642266,-446.99780649525553
496,0.45703125,-36.30375444411006,-60.65467812926697,-83.79918080704483,-105.84589793141332,-126.85858677790172,-146.88853534270834,-165.98237194779935,-184.18400616385117,-201.5351668160558,-218.07560195555783,-233.8431948590162,-248.87405679619735,-263.2026112034159,-276.86167289958155,-289.88252335047343,-302.29498235218347,-314.12747634664964,-325.4071035383441,-336.1596959649613,-346.40987866566064,-356.18112608308684,-365.49581582879796,-374.37527993556745,-382.8398537141832,-390.90892232683063,-398.6009651838699,-405.9335982658038,-412.92361446745684,-419.58702205683966,-425.9390813368306,-431.9943395936956,-437.7666644125174,-443.26927543587044,-448.51477463849847,-453.5151751873539,-458.2819289531096,-462.8259527361653,-467.15765326722357,-471.2869510397015,-475.223303028563
497,0.45625000000000004,-38.40980455766162,-64.1737968660181,-88.66159096853752,-111.98808100642124,-134.22069189731667,-155.41366350022219,-175.6163106863614,-194.87507535798701,-213.23409473353522,-230.73541230891385,-247.4191001664759,-263.32335682373406,-278.4845960673994,-292.93753059544116,-306.7152515153782,-319.8493040809849,-332.3697598857562,-344.30528568719365,-355.6832090201896,-366.5295807488909,-376.8692346992987,-386.72584450834216,-396.1219778189623,-405.0791479448017,-413.61786312241446,-421.7576734634628,-429.5172157141687,-436.91425592430835,-443.9657301232988,-450.68778309637963,-457.0958053495766,-463.2044683479995,-469.0277581080888,-474.5790072206695,-479.87092537808985,-484.9156284752973,-489.7246663514565,-494.309049235598,-498.6792729568282,-502.8453429768028
498,0.45546875000000003,-40.45475605087194,-67.59000405726371,-93.38089644711194,-117.94848815152919,-141.3638251043165,-163.68405856849478,-184.96114757590283,-205.24402170613092,-224.57918056436225,-243.01091658879082,-260.58144429377364,-277.33100363032344,-293.29795377350825,-308.5188613881542,-323.0285844927091,-336.86035233412764,-350.045841510711,-362.6152485310693,-374.5973589793607,-386.0196134466564,-396.90817038014154,-407.2879659945361,-417.1827713832665,-426.6152469604222,-435.60699435836244,-444.17860589997866,-452.34971175902064,-460.1390249165887,-467.56438401682055,-474.6427942199777,-481.3904661465417,-487.8228530015464,-493.954685964198,-499.8000079238584,-505.3722056396713,-510.6840403975032,-515.7476772344177,-520.5747127976275,-525.1762019017352,-529.562682845086
499,0.4546875,-42.43918277316018,-70.90590879150538,-97.96254106627826,-123.7360304506952,-148.30087770543147,-171.71701468203727,-194.03893114700793,-215.3179422011788,-235.60281626392248,-254.94000821995414,-273.37379459670416,-290.9463817047084,-307.69800381060793,-323.6670155687202,-338.88997987077596,-353.4017515370268,-367.23555709060213,-380.42307080787435,-392.9944872200256,-404.9785902310944,-416.40281900985235,-427.29333080561577,-437.67506083121555,-447.571779349765,-457.00614609556794,-465.99976215348374,-474.5732194153036,-482.74614772619714,-490.5372598290285,-497.9643942093296,-505.0445559389353,-511.7939556117203,-518.2280464605199,-524.3615597401675,-530.2085384576222,-535.782369526377,-541.0958144187409,-546.1610383861573,-550.9896383144355,-555.5926692776646
500,0.45390625,-44.356340627446876,-74.10861511802484,-102.38688777908636,-129.32388667520115,-154.99750837684698,-179.47041505753057,-202.79957611445127,-225.03863946917306,-246.2385888215234,-266.44798791930936,-285.7131222482327,-304.0781123480317,-321.5850166356084,-338.2739281762001,-354.1830666297852,-369.3488658249518,-383.80605721972535,-397.58774945545315,-410.7255041901679,-423.24940838658745,-435.1881432210097,-446.5690497713527,-457.41819163508757,-467.76041462069776,-477.61940364954694,-487.017736998611,-495.9769380084057,-504.5175243746183,-512.6590551364,-520.4201754689818,-527.8186593832467,-534.8714504300789,-541.5947005027424,-548.0038068261742,-554.1134472179266,-559.9376137015223,-565.4896445492219,-570.7822548275917,-575.8275655158371,-580.6371312635953
501,0.453125,-46.20690930805819,-77.20086219497277,-106.65951949430458,-134.72110607727492,-161.46673922583082,-186.96167328448053,-211.26523696765338,-234.43330220029142,-256.51896792935827,-277.5728140187331,-297.6430484615702,-316.77562514564283,-335.0143507600352,-352.4009854463538,-368.9753384582871,-384.775359291132,-399.83722454520637,-414.1954207334189,-427.882823224022,-440.93077149870527,-453.3691408975049,-465.22641101407265,-476.5297308973338,-487.30498120837393,-497.57683347452286,-507.3688065760337,-516.7033205944717,-525.6017481459362,-534.0844633165123,-542.1708883118804,-549.8795379278106,-557.2280619432854,-564.2332855332569,-570.9112477935208,-577.277238465875,-583.3458329476158,-589.1309256655068,-594.6457618906097,-599.9029680668052,-604.9145807224292
502,0.45234375000000004,-47.98445360794325,-80.17032190779338,-110.76162987359662,-139.90196039093632,-167.6755804089101,-194.15027667856964,-219.38767772738453,-243.44581906179715,-266.37985414498814,-288.24231862288786,-309.08328358728926,-328.95047814900647,-347.88940066279105,-365.94342340734744,-383.1538920473979,-399.5602203666178,-415.19998055188216,-430.1089892515995,-444.32138960966245,-457.86972946440136,-470.7850358923277,-483.0968862678056,-494.83347600168486,-506.0216831142464,-516.6871297905121,-526.8542410590225,-536.5463007285689,-545.7855047110654,-554.5930118527493,-562.9889923901653,-570.9926741419557,-578.622386542272,-585.8956026166816,-592.8289789967212,-599.4383940647576,-605.7389843165231,-611.7451790246186,-617.4707332823746,-622.9287595037558,-628.1317574514538
503,0.45156250000000003,-49.68975487579128,-83.0198465964622,-114.69890649049528,-144.87558124502797,-173.63710454846097,-201.05365092371875,-227.18902225209504,-252.1033028138183,-275.8535947109454,-298.49429094500005,-320.07723375670423,-340.6518412902141,-360.26522257438955,-378.962285773097,-396.78584106481935,-413.7766986487574,-429.9737621617571,-445.41411773254777,-460.133118878972,-474.1644674421377,-487.5402907420263,-500.291215130541,-512.4464361098634,-524.0337851762407,-535.0797935419259,-545.6097528809111,-555.6477732373347,-565.2168382289949,-574.338857672232,-583.0347177485655,-591.3243288278708,-599.2266710575212,-606.7598378218245,-613.9410771712122,-620.7868313160099,-627.3127742751742,-633.5338477661873,-639.4642954182523,-645.1176953871156,-650.5069914461803
504,0.45078125,-51.31672646977062,-85.73775198951081,-118.45348966260693,-149.617491959623,-179.31987667470858,-207.63313720878563,-234.62318125940834,-260.3520741098727,-284.87879894743577,-308.25953941657997,-330.5478435104064,-351.79475464510625,-372.0489306009275,-391.35675546564676,-409.7624459990789,-427.3081529410155,-444.0340575622623,-459.97846369684197,-475.1778854707651,-489.66713092981684,-503.4793817585618,-516.6462692735396,-529.1979468649681,-541.1631590530615,-552.5693073172727,-563.442512849343,-573.8076763739706,-583.6885351741706,-593.107717451991,-602.0867941491184,-610.6463283460992,-618.8059223533331,-626.5842626017123,-633.9991624357328,-641.0676029070975,-647.8057716622437,-654.2291000128732,-660.3522982743784,-666.1893894531091,-671.7537413596348
505,0.45,-52.86624657566297,-88.3269860231208,-122.03113656245387,-154.1368502406586,-184.73693932808231,-213.9060658769795,-241.71211157586922,-268.21900262086547,-293.48749221583057,-317.57545114914245,-340.53803628458155,-362.4278253435318,-383.29493925193003,-403.18715732226076,-422.1500267189315,-440.22696673670674,-457.4593681952057,-473.88668819075866,-489.5465404246965,-504.4747813145724,-518.7055920847821,-532.2715570239118,-545.2037380874895,-557.5317460165608,-569.2838081346163,-580.4868329778626,-591.1664719066252,-601.3471778388038,-611.0522612397349,-620.3039434965642,-629.1234077992598,-637.5308476447016,-645.5455130748535,-653.1857547548468,-660.4690659918664,-667.4121227910155,-674.0308220398596,-680.3403179090518,-686.3550565523776,-692.0888091856544
506,0.44921875,-54.33261464302609,-90.77658030632911,-125.41504427446534,-158.41058190113174,-189.85860621954788,-219.83587033476167,-248.41215477171062,-275.6531719375973,-301.62137109294656,-326.3762374900898,-349.9744658823921,-372.4700992919199,-393.9146549331473,-414.35724272971686,-433.8446779256192,-452.42158834354075,-470.1305166074207,-487.0120175811152,-503.1047512511112,-518.445571267554,-533.069609347018,-547.0103557307057,-560.2997358825919,-572.9681836033612,-585.0447107277225,-596.5569735648393,-607.5313362341179,-617.9929310414781,-627.9657160344304,-637.4725298678146,-646.5351441058878,-655.1743130805689,-663.4098214200452,-671.2605293566068,-678.7444159174869,-685.8786200976284,-692.6794801086854,-699.1625707941434,-705.3427392962577,-711.2341390564917
507,0.44843750000000004,-55.71680028042442,-93.08956019651326,-128.6110040752658,-162.44781426376673,-194.69780939598274,-225.4396787372927,-254.74496527042498,-282.68104298128134,-309.31194161197647,-334.6986529452317,-358.89930840761457,-381.9693211387302,-403.9615149495374,-424.92624572590523,-444.9115168048583,-463.9630888824365,-482.12458477296116,-499.43758927433333,-515.9417443704798,-531.6748399887401,-546.672900519384,-560.9702672947734,-574.5996772165634,-587.592337710591,-599.9779981808047,-611.7850181256035,-623.0404320723811,-633.7700114788114,-643.9983237424981,-653.7487884540092,-663.043731022029,-671.9044337933515,-680.3511847847158,-688.4033241380256,-696.0792884052926,-703.3966527646706,-710.3721712642285,-717.0218151855859,-723.360809615239,-729.4036683073081
508,0.44765625000000003,-57.01352417459623,-95.25574080699654,-131.60337341167397,-166.22701789452688,-199.22679427494526,-230.68324215385772,-260.66958466360694,-289.25477619661467,-316.5043470663634,-342.48071738681114,-367.2433791297118,-390.8490417299294,-413.35176421552393,-434.8030795671045,-455.2521128813954,-474.7456939187093,-493.3284643667873,-511.04298008518344,-527.9298085692707,-544.0276218586209,-559.3732851031743,-574.0019409903881,-587.9470902269543,-601.2406682595822,-613.9131184106823,-625.9934615965452,-637.5093627877689,-648.4871943641945,-658.9520965095044,-668.9280347838247,-678.437855006222,-687.5033355728061,-696.1452373302736,-704.383351119129,-712.2365430954758,-719.7227979351791,-726.8592600193541,-733.6622726955063,-740.1474157042394,-746.3295408572502
509,0.446875,-58.223841378930175,-97.27820626401898,-134.3979419592712,-169.75723345994442,-203.458302679392,-235.5833809507959,-266.20723146497306,-295.4002606147366,-323.2293799159446,-349.75832611117437,-375.04784679033435,-399.1558488709383,-422.1375333727219,-444.0455222942638,-464.92997918877205,-484.838724023748,-503.8173426591476,-521.9092912104193,-539.1559955381493,-555.596946092069,-571.2697883260424,-586.2104088905392,-600.4530177995125,-614.0302267594897,-626.9731238399578,-639.3113446558173,-651.0731402247212,-662.2854416545505,-672.9739218090368,-683.1630540926398,-692.8761684892213,-702.1355049827724,-710.9622644824616,-719.3766573685815,-727.397949770517,-735.0445076826724,-742.3338390193586,-749.2826337049124,-755.9068018908328,-762.221510387432
510,0.44609375,-59.342926366062194,-99.1476179783971,-136.98032396880006,-173.01860901506015,-207.36668284969485,-240.10837501625377,-271.3198998096794,-301.0730284810005,-329.4359683806227,-356.4736896435027,-382.248114672119,-406.8182696817269,-430.240422222198,-452.56821061324996,-473.85276693188166,-494.1428341550778,-513.484877803618,-531.9231923618092,-549.5000027218853,-566.255560886931,-582.2282381544089,-597.454612991737,-611.9695548053832,-625.8063037954857,-638.996547078997,-651.5704912557808,-663.5569315839228,-674.9833179227327,-685.8758175945059,-696.2593753090382,-706.1577702881624,-715.5936707211505,-724.5886856757082,-733.1634145834628,-741.3374944132805,-749.129644640457,-756.5577101147734,-763.6387019255947,-770.3888363576033,-776.8235720263799
511,0.4453125,-60.37191312945336,-100.86709983057425,-139.35627181952984,-176.0200428315065,-210.96440782732228,-244.27463322460667,-276.02824148248317,-306.2982373219951,-335.1540015011333,-362.6616227642469,-388.88409033561305,-413.88144789536574,-437.7109333394814,-460.427110347229,-482.08199341310706,-502.72516695016634,-522.4038988120939,-541.1632485105597,-559.0461703786762,-576.0936119168782,-592.3446075459456,-607.8363679813782,-622.6043654333706,-636.682414827173,-650.1027512295714,-662.8961036585879,-675.0917654452554,-686.7176613084629,-697.8004112963582,-708.3653917406457,-718.4367933632836,-728.037676668586,-737.190024747518,-745.9147936150655,-754.2319601959085,-762.1605680682547,-769.7187710705566,-776.9238748709457,-783.7923765945588,-790.3400025994799
512,0.44453125000000004,-61.30645967861977,-102.42821710437013,-141.51274525905808,-178.74348284724854,-214.22808682709464,-248.05315984790906,-280.29743748090885,-311.03506534224005,-340.33650729836626,-368.2688829428809,-394.89616333690094,-420.2793275599383,-444.4765047756238,-467.5431079448034,-489.53196087858316,-510.493419254044,-530.4754859496959,-549.5239209844477,-567.6823463169612,-584.9923457469147,-601.4935601475437,-617.2237782478667,-632.2190231726926,-646.5136349387479,-660.1403490959575,-673.1303716940653,-685.5134507463397,-697.3179443540811,-708.5708856479846,-719.2980446951132,-729.5239875132802,-739.2721323280177,-748.5648032009725,-757.4232811525654,-765.8678528959991,-773.9178572942235,-781.5917296462643,-788.9070439043347,-795.8805529184151,-802.5282268004734
513,0.44375000000000003,-62.14777195564536,-103.83411417466647,-143.45542390500665,-181.19763007820984,-217.16984720853705,-251.45985110239704,-284.14744553562366,-315.30778345924386,-345.01228711806505,-373.32898979924295,-400.3227340120234,-426.05533001001265,-450.585699674866,-473.97001196340983,-496.2618116248659,-517.5121418135209,-537.7696609548334,-557.080754149894,-575.4896393766593,-593.038468731372,-609.7674249416013,-625.7148133714951,-640.9171497295657,-655.4092436795725,-669.2242785457355,-682.3938872946225,-694.9482249675532,-706.9160377292774,-718.32472869094,-729.2004206579921,-739.5680159466659,-749.4512534059427,-758.8727627755367,-767.8541165043415,-776.4158791479649,-784.5776544584369,-792.3581302739115,-799.7751213111264,-806.8456099586011,-813.5857851639705
514,0.44296875,-62.89201827674941,-105.07731220112716,-145.1726933993354,-183.36634364226438,-219.76870337291066,-254.46861441236607,-287.54684817728224,-319.079467516675,-349.1387583800222,-377.79357600505665,-405.1095457087802,-431.14922347876166,-455.9722417068645,-479.63544635582343,-502.1930272945754,-523.6966424408823,-544.1955360773495,-563.7366516318235,-582.3647391855764,-600.1224579569853,-617.0504739959487,-633.187553313055,-648.5706506569574,-663.2349941433906,-677.2141659297411,-690.5401791199935,-703.2435510762385,-715.3533733046718,-726.8973780761755,-737.9020019340703,-748.392446234504,-758.3927348581395,-767.9257692253183,-777.0133807407035,-785.6763807875132,-793.934608385843,-801.8069756242242,-809.311510968466,-816.4654005469646,-823.2850275070276
515,0.4421875,-63.54046909759935,-106.16095666694784,-146.67012558127757,-185.2580736549578,-222.0363622285786,-257.0947353304367,-290.51478603639606,-322.37335218466205,-352.7434571650895,-381.6946593599162,-409.2932547878315,-435.60243919524686,-460.68245517659625,-484.5907306660538,-507.38201054646254,-529.108482015401,-549.819894074798,-569.5636714356558,-588.3850231022994,-606.3270458851457,-623.4308230787274,-639.7355185305803,-655.2784663160937,-670.0952562244241,-684.2198152510347,-697.6844852833135,-710.5200971570422,-722.7560412531933,-734.4203347966421,-745.5396860108265,-756.1395552752131,-766.2442134255693,-775.8767973305048,-785.0593628715144,-793.8129354478199,-802.1575581216362,-810.1123375140902,-817.6954875568808,-824.9243711998429,-831.8155401699215
516,0.44140625,-64.0898266647119,-107.07857071716006,-147.9376035935162,-186.8586899279564,-223.95437274641193,-259.3151853025233,-293.02343687586614,-325.1566385956933,-355.78845282769805,-384.98904593842616,-412.82529289896553,-439.3609409265739,-464.65675798791267,-488.77067257342605,-511.7579065113995,-533.6711014721078,-554.5604395349429,-574.4737581149086,-593.4566595168144,-611.5526153695234,-628.8030661799263,-645.2475162348815,-660.9236240686135,-675.8672887028572,-690.1127318573267,-703.6925763188498,-716.6379206486818,-728.9784103991309,-740.7423060026184,-751.9565474886627,-762.6468161770237,-772.8375934882996,-782.5522170066696,-791.8129339231816,-800.6409519819834,-809.0564880461683,-817.078814394467,-824.7263028548052,-832.0164668758018,-838.9660016325582
517,0.44062500000000004,-64.54141811456657,-107.83328155033816,-148.98055714467336,-188.1763395786791,-225.53394920665576,-261.1445449771465,-295.0910062177294,-327.4513819230855,-358.2998464147503,-387.7070543195936,-415.74034642884817,-442.46391435903297,-467.9389500018212,-492.2237862065062,-515.3740304692203,-537.4426922794784,-558.4803044966038,-578.5350390524593,-597.652817249248,-615.8774149054459,-633.2505625904245,-649.8120411770084,-665.5997729305135,-680.649908342646,-694.9969089089359,-708.6736260391326,-721.7113762811508,-734.1400130307396,-745.9879948910187,-757.2824508383536,-768.0492423437565,-778.3130225920244,-788.0972929341856,-797.424456702505,-806.3158705112515,-814.791893160688,-822.8719322562497,-830.5744886496559,-837.9171988037027,-844.9168751777468
518,0.43984375000000003,-64.89249995573427,-108.41965422886042,-149.7904292519648,-189.19899022991987,-226.7592889065526,-262.56299180057067,-296.69343859052043,-329.22911080412234,-360.24459307041667,-389.81093028588344,-417.99583476935936,-444.86385194508955,-470.476510699896,-494.8924649036056,-518.1676278829904,-540.3553005075041,-561.5062932641822,-581.6690426216725,-600.8897219550026,-619.2123472865238,-636.6788780856588,-653.3293133585128,-669.2017832475344,-684.3326363510855,-698.7565229629591,-712.5064744225247,-725.6139787572571,-738.1090527909126,-750.0203108825084,-761.3750304535392,-772.1992144535172,-782.517650906891,-792.3539696777228,-801.7306965821258,-810.6693049723909,-819.190264910934,-827.3130900466833,-835.0563823012573,-842.4378744672676,-849.4744708163054
519,0.4390625,-65.14444782326284,-108.84077838645142,-150.37247401742945,-189.9344357712664,-227.64104435844268,-263.5843116226462,-297.84789216467635,-330.5105649377988,-361.6471978859797,-391.32910627155223,-419.6242604800155,-446.597452235423,-472.3104454584084,-496.8221182720468,-520.1885979471261,-542.4633894440328,-563.6974979276641,-583.9395455548198,-603.2358828055355,-621.6306946139152,-639.1661015413761,-655.8822562237613,-671.8174353129751,-687.0081271235024,-701.4891151843912,-715.2935578879136,-728.4530644172102,-740.9977671267172,-752.9563905410658,-764.3563171304055,-775.2236500127415,-785.5832727268305,-795.4589062124882,-804.8731631287643,-813.8475996343551,-822.4027647488047,-830.5582474075205,-838.3327213183429,-845.7439877223753,-852.8090161569854
520,0.43828125,-65.29508940230217,-109.09229451101797,-150.71974708943986,-190.37281582022314,-228.16615861483064,-264.1920101025936,-298.53422654431586,-331.2717760015815,-362.4797055278424,-392.22950053419913,-420.5892932183669,-447.62402926765895,-473.3956191430903,-497.96308047333133,-521.382673359457,-543.7080292525793,-564.9902737838855,-585.2781438487863,-604.6180992183654,-623.0544289350933,-640.6293527368839,-657.3831177419542,-673.3540906160033,-688.5788454328559,-703.0922474298284,-716.9275328496661,-730.1163850519268,-742.689007068135,-754.6741907668832,-766.0993827872845,-776.9907473917866,-787.3732263822875,-797.2705962167732,-806.7055224572837,-815.6996116739034,-824.2734609236343,-832.4467049174727,-840.2380609837005,-847.6653719303616,-854.7456469050818
521,0.4375,-65.34584034522761,-109.17723562282491,-150.83729457017776,-190.5215229866406,-228.34465674388846,-264.39899329726364,-298.768446762471,-331.5320403530252,-362.7648740496545,-392.5384840679435,-420.92105132771746,-447.9775681981225,-473.7699898337203,-498.35737662823095,-521.7960295838756,-544.1396192561,-565.439308651629,-585.7438703804858,-605.0997983344632,-623.5514141485252,-641.1409686889067,-657.908738800154,-673.8931195325047,-689.1307120606599,-703.6564074951895,-717.5034667783978,-730.7035968475478,-743.2870232397967,-755.2825593050578,-766.7176721852461,-777.6185457109696,-788.0101403596651,-797.9162504124625,-807.359558440643,-816.3616872464496,-824.943249377174,-833.1238943258993,-840.9223535269716,-848.3564832492312,-855.4433054852178
522,0.43671875000000004,-65.29511290682063,-109.09234451316178,-150.719827553426,-190.3729296752909,-228.16630805383025,-264.19219677195787,-298.53445167111505,-331.2720404824955,-362.48000999402154,-392.2298454001761,-420.58967871998306,-447.62445549214544,-473.3960860533653,-497.96358792791966,-521.3832211290187,-543.7086170337597,-564.9909012110196,-585.2788105038543,-604.6188046395112,-623.0551726239463,-640.63013416488,-657.3839363558075,-673.354945842458,-688.5797366828197,-703.0931741019756,-716.9284943335814,-730.1173807308506,-742.6900363213608,-754.675252971852,-766.1004773214121,-776.9918736340582,-787.374383714645,-797.2717840253205,-806.7067401333326,-815.7008586148748,-824.2747365338342,-832.448008608756,-840.2393921760348,-847.6667300523026,-854.7470313941695
523,0.43593750000000003,-65.14435402880773,-108.84057888924399,-150.372153030597,-189.93398163837222,-227.64044836076096,-263.58356722037246,-297.8469944894988,-330.50951043761785,-361.64598406596093,-391.3277314988963,-419.62272383261563,-446.59575338186727,-472.3085845610818,-496.82009590772486,-520.1864150411104,-542.4610472149789,-563.6949978409842,-583.9368892830618,-603.2330721945013,-621.6277316535488,-639.1629883406523,-655.8789949889548,-671.8140283288033,-687.0045767367303,-701.4854237895513,-715.2897279148553,-728.4490983202348,-740.9936673750972,-752.9521596107686,-764.3519574968791,-775.2191641446278,-785.5786630804974,-795.4541752272844,-804.8683132229131,-813.8426332014113,-822.3976841546146,-830.5530549876256,-838.3274193757759,-845.7385785258077,-852.8035019391885
524,0.43515625,-64.89257032458134,-108.41980392752103,-149.7906701487525,-189.1993310945894,-226.75973630422607,-262.56355066048025,-296.6941125863902,-329.22990262053713,-360.24550459700356,-389.8119627637464,-417.99698890462577,-444.8651279989664,-470.47790856141347,-494.8939841492526,-518.1692678261976,-540.3570602401124,-561.5081716914798,-581.671038492202,-600.8918338860643,-619.2145737860974,-636.6812175713243,-653.3317641738354,-669.2043436762883,-684.3353046296313,-698.7592972910297,-712.5093529726378,-725.6169596829338,-738.1121342338556,-750.0234909788712,-761.3783073393995,-772.202586269648,-782.5211158029158,-792.3575258157249,-801.734342139777,-810.6730381456518,-819.1940839163768,-827.3169931234801,-835.060367712866,-842.441940502857,-849.4786157919415
525,0.434375,-64.54123110434546,-107.83288378691542,-148.9799171518418,-188.17543411562485,-225.53276088986271,-261.1430607674953,-295.08921640876855,-327.4492794326621,-358.297426268712,-387.70431326253265,-415.7372826223496,-442.46052714241944,-467.93523969895557,-492.21975396746774,-515.369678138983,-537.4380222879057,-558.4753197655443,-578.5297429167474,-597.6472133891507,-615.8715072886179,-633.2443554218418,-649.8055388556398,-665.5929800117248,-680.642829505509,-694.989548927758,-708.665989758631,-721.7034685947917,-734.1318388618336,-745.9795591762228,-757.2737585132837,-768.0402983304547,-778.3038317880568,-788.0878602031825,-797.4147868659715,-806.3059683415072,-814.7817633748025,-822.861579510867,-830.563917536601,-837.9064138462898,-844.9058808277077
526,0.43359375,-64.08994346465155,-107.07881919091928,-147.9380034406429,-186.85925570494382,-223.95511535045077,-259.31611291550945,-293.0245555957651,-325.1579528786632,-355.78996581039564,-384.9907596810618,-412.8272085737694,-439.3630589672742,-464.6590782104767,-488.773194275045,-511.7606285526214,-533.6740223456671,-554.5635574239192,-574.4770709421987,-593.4601649874642,-611.5563110071151,-628.8069493579848,-645.2515842040686,-660.9278739803401,-675.8717176298252,-690.1173368114354,-703.6973542668164,-716.6428685256849,-728.9835251207251,-740.7475844751409,-751.9619866183175,-762.6524128778027,-772.8433446888787,-782.5581196564001,-791.8189849972836,-800.6471484860289,-809.0628270199369,-817.0852929152442,-824.7329180401848,-832.023215886049,-838.972881672579
527,0.43281250000000004,-63.5401900253996,-106.16036309167539,-146.66917053186566,-185.25672244989207,-222.0345889270927,-257.0925204748275,-290.5121151422332,-322.37021468369676,-352.73984563479047,-381.69056894258756,-409.2886827403136,-435.59738453187833,-460.6769183809102,-484.5847134545126,-507.3755156724891,-529.1015131052209,-549.8124554887993,-569.5557681505016,-588.3766606101178,-606.3182301069133,-623.4215602895551,-639.7258152950561,-655.2683294321793,-670.0846926746723,-684.2088321601027,-697.6730898809182,-710.5082967456356,-722.7438431797517,-734.4077464280487,-745.5267147124005,-756.1262083920075,-766.2304982661047,-775.8627211526499,-785.0449328702688,-793.7981587447766,-802.1424417559334,-810.0968884346869,-817.679712616002,-824.908277147472,-831.799133649214
528,0.43203125000000003,-62.892180788694105,-105.07765792061055,-145.1732497362045,-183.36713085049288,-219.76973661502998,-254.46990507291855,-287.5484047412758,-319.0812961847355,-349.14086351683795,-377.7959604775556,-405.112211148355,-431.152170489249,-455.97547003254033,-479.6389550191269,-502.1968147103877,-523.7007065122938,-544.19987427658,-563.7412610690589,-582.3696166678664,-600.1276000388739,-617.0558770231725,-633.1932134603815,-648.5765639610377,-663.2411565313448,-677.2205732440704,-690.5468271403181,-703.2504355382782,-715.360489916827,-726.9047225340074,-737.9095699329397,-748.4002334805941,-758.4007370780527,-767.9339821744126,-777.0218002103182,-785.6850026112093,-793.9434284447663,-801.815989851697,-809.320715353887,-816.4747911390949,-823.294600416735
529,0.43125,-62.14740254327959,-103.83332845021282,-143.45415969275584,-181.195841470357,-217.16749986754857,-251.4569192724631,-284.1439100441142,-315.3036303174148,-345.00750650117817,-373.32357527764105,-400.3166819550599,-426.0486391134341,-450.5783705791802,-473.96204694113635,-496.25321432113117,-517.5029170287593,-537.7598144612685,-557.0702925354894,-575.4785699116762,-593.0267992537143,-609.755163757917,-625.7019691715883,-640.9037315121346,-655.395260687635,-669.2097402103911,-682.3788031860155,-694.9326047520871,-706.8998911322713,-718.3080654640437,-729.183250550767,-739.5503486818292,-749.433098657835,-758.8541301514355,-767.8350155282886,-776.396319246818,-784.5576449498957,-792.3376803562909,-799.7542400546843,-806.8243062982436,-813.5640678931867
530,0.43046875,-61.30666690206968,-102.42865794169113,-141.5134546621361,-178.74448664335247,-214.22940435125838,-248.05480561773368,-280.29942231669185,-311.03739715136624,-340.33919164712614,-368.2719234876865,-394.8995621586551,-420.28308542923253,-444.48062136695444,-467.5475820121871,-489.53679040127656,-510.4986015586617,-530.4810178133929,-549.5297987226983,-567.6885658586606,-584.9989026989413,-601.5004498504823,-617.2309958242573,-632.2265635689249,-646.521492961511,-660.1485194440096,-673.1388489859519,-685.5222295445996,-697.3270191863895,-708.5802510256193,-719.3076951290723,-729.5339175283391,-739.2823364749661,-748.5752760672478,-757.4340173714675,-765.8788471546466,-773.9291043403966,-781.6032242942601,-788.918781039939,-795.8925275030978,-802.5404338748847
531,0.4296875,-60.37145565611547,-100.86612680529652,-139.35470624613248,-176.01782785971946,-210.96150093528655,-244.27100251788946,-276.02386321910404,-306.293094179557,-335.1480813138163,-362.6549175705817,-388.8765956403168,-413.8731620840594,-437.70185720608396,-460.4172467066551,-482.07134678002444,-502.71374326989854,-522.3917052333552,-541.1502931922087,-559.0324623244643,-576.0791608334645,-592.3294237204254,-607.8204621752946,-622.5877487907503,-636.6650987945623,-650.0847474863924,-662.8774240564155,-675.0724219548333,-686.6976659734606,-697.7797761930206,-708.3441289425997,-718.4149149108845,-728.0151945422535,-737.1669508445967,-745.8911397297978,-754.2077380021656,-762.1357891047057,-769.693446728009,-776.8980163816051,-783.7659950229987,-790.3131088351296
532,0.42890625000000004,-59.34317702528103,-99.1481512202944,-136.9811820727581,-173.0198232233002,-207.36827655138197,-240.11036577332248,-271.32230071173404,-301.0758490941084,-329.4392154389831,-356.4773675710448,-382.25222598695365,-406.8228153169317,-430.2454017849339,-452.57362259718735,-473.8586088934649,-494.1491028612419,-513.4915693565996,-531.9303023053268,-549.5075261319853,-566.2634924500848,-582.2365722349174,-597.4633436900962,-611.9786760089619,-625.8158092226184,-639.006430317414,-651.5807457961401,-663.5675508490917,-674.9942952933646,-685.8871464313797,-696.2710489725573,-706.1697821553598,-715.6060142004927,-724.6013542199601,-733.1764017008351,-741.3507936770567,-749.1432496972726,-756.5716146916985,-763.6528998361528,-770.4033215068436,-776.8383384151119
533,0.42812500000000003,-58.22329866718153,-97.2770519421346,-134.3960846863655,-169.75460579477786,-203.45485417887454,-235.5790737793841,-266.20203745852655,-295.3941592247589,-323.2223567112392,-349.75037164818906,-375.03895573745564,-399.1460193141548,-422.1267662549593,-444.0338209559194,-464.91734898661696,-484.8251720116934,-503.8028773186349,-521.8939222211703,-539.1397335821264,-555.5798026850379,-571.2517756722831,-586.191539757112,-600.4333054071632,-614.009684687787,-626.9517659446777,-639.2891849969078,-651.050193003449,-662.2617211586463,-672.9494423648259,-683.137830023298,-692.8502140784102,-702.10883444301,-710.9348919276736,-719.3485967903468,-727.3692150175808,-735.0151124433572,-742.3037968065458,-749.2519578433038,-755.87550550624,-762.1896063978669
534,0.42734375,-57.013816726487526,-95.2563631715895,-131.60437493635007,-166.22843504494122,-199.22865435122444,-230.68556565496053,-260.67238686864283,-289.2580682721921,-316.5081368738465,-342.4850100910845,-367.24817767122533,-390.85434719909296,-413.35757615512915,-434.8093962202545,-455.258931397229,-474.75301052480705,-493.3362745148453,-511.0512785749411,-527.9385896545426,-544.0368793384499,-559.3830124005041,-574.0121312201871,-587.9577362553658,-601.2517627553914,-613.9246538901702,-626.0054304626308,-637.5217573641855,-648.5000069253466,-658.9653193065427,-668.9416600674074,-678.4518750463648,-687.5177426761643,-696.1600238551595,-704.3985094885252,-712.2520658082739,-719.7386775758457,-726.8754892661992,-733.6788443277104,-740.1643226077776,-746.3467760298352
535,0.4265625,-55.71617567878479,-93.08823170108346,-128.6088665648845,-162.44479012323,-194.69384057310137,-225.43472168974213,-254.73898758653527,-282.6740210140647,-309.30385875468465,-334.68949833123776,-358.8890759025676,-381.9580085414465,-403.9491233467365,-424.9127789634148,-444.89698104901447,-463.94749225268225,-482.1079370315578,-499.41990156252234,-515.9230289828647,-531.6551101794391,-546.6521703348193,-560.9485514289728,-574.5769908856034,-587.5686965434287,-599.9534181241976,-611.7595153612095,-623.0140229444255,-633.7427124309579,-643.9701512627628,-653.7197590267182,-663.0138610859727,-671.8737397053851,-680.3196827881729,-688.3710303353821,-696.0462187345923,-703.3628229792859,-710.3375969155775,-716.9865116084758,-723.3247919155425,-729.3669513517111
536,0.42578125,-54.33294728665497,-90.77728796337482,-125.41618305746384,-158.41219327566563,-189.86072122962713,-219.83851229114373,-248.41534104988926,-275.6569152368806,-301.62568035432594,-326.3811185884215,-349.97992216312525,-372.47613199679625,-393.92126354406554,-414.36442525063967,-433.85243111649106,-452.42990791632394,-470.13939739173355,-487.02145366514804,-503.1147361021929,-518.4560978357997,-533.080670154788,-547.0219429500697,-560.3118414025897,-572.9807990885264,-585.0578276690898,-596.570583324453,-607.5454300838991,-618.0075001971746,-627.980751685272,-637.488023202397,-646.551086334747,-655.1906954558362,-663.4266352525264,-671.2777660305823,-678.7620669034955,-685.8966769634609,-692.6979345287895,-699.1814145576176,-705.3619643135905,-711.253737365185
537,0.42500000000000004,-52.86554393797889,-88.32549155216861,-122.02873200641878,-154.1334482903236,-184.7324746814114,-213.90048955457604,-241.7053871195353,-268.21110343200456,-293.47839961554024,-317.5651529156523,-340.5265255194823,-362.415099572826,-383.28099970014716,-403.17200831759754,-422.1336751998561,-440.2094218386567,-457.44064090153694,-473.8667910359473,-489.5254872405377,-504.4525870121177,-518.6822724662449,-532.2471286198922,-545.1782180157405,-557.5051518591821,-569.2561578311024,-580.4581447318504,-591.1367641045298,-601.3164689788063,-611.0205698698187,-620.2712881604782,-629.0898069894456,-637.4963197613538,-645.5100763903912,-653.1494273831661,-660.4318658618256,-667.3740676236707,-673.9919293290268,-680.3006049048238,-686.3145402472636,-692.0475063030511
538,0.42421875000000003,-51.31709715747994,-85.73854058405361,-118.45475869735611,-149.61928764598068,-179.3222336106197,-207.63608137444473,-234.62673202083536,-260.3562456219598,-284.8836011767717,-308.26497891278376,-330.55392400423176,-351.801477522824,-372.05629528751535,-391.3647597389383,-409.77108625043587,-427.3174243937863,-444.0439544563692,-459.98897944581677,-475.18901279610964,-489.6788619765106,-503.49170819475677,-516.6591823768908,-529.2114375975921,-541.177218126759,-552.5839252503762,-563.4576800163214,-573.8233830487467,-583.7047715679615,-593.1244737463584,-602.1040605248205,-610.6640950082514,-618.8241795533165,-626.6030006562116,-634.0183717432345,-641.0872739621401,-647.8258950676741,-654.2496664903309,-660.3732986732085,-666.2108147578779,-671.7755826963987
539,0.4234375,-49.68897853749681,-83.01819537247405,-114.69624972916405,-144.87182248307073,-173.63217163816114,-201.04748975204197,-227.1815925404572,-252.09457517727432,-275.8435485147803,-298.4829126887421,-320.0645158214223,-340.63778094527095,-360.249821175417,-378.9455481047389,-396.7677747955864,-413.75731387437526,-429.9530710195081,-445.39213407334506,-460.10985798694304,-474.1399457936941,-487.51452579804607,-500.26422515652695,-512.4182400199006,-524.0044023973165,-535.0492438957659,-545.5780564809523,-555.6149503988335,-565.1829093905737,-574.3038433274219,-582.9986383861069,-591.2872048797108,-599.1885228535859,-606.7206855507684,-613.9009408464528,-620.7457307464362,-627.2707290400007,-633.4908771934826,-639.4204185667311,-645.0729310308303,-650.4613580617875
540,0.42265625,-47.98486005799673,-80.17118658705722,-110.76302135262323,-139.9039293438131,-167.6781647758786,-194.15350495065076,-219.3915711431904,-243.45039314589894,-266.38511982939247,-288.24828309276865,-309.08995093678465,-328.95784990136167,-347.8974761905148,-365.95220027666767,-383.16336630408586,-399.570386775525,-415.21083279934044,-430.1205201176125,-444.33359111523436,-457.88259299819515,-470.7985523199851,-483.1110460266133,-494.8482691827718,-506.03709953410697,-516.7031590533453,-526.8708726111298,-536.5635239058579,-545.8033087805491,-554.6113860487918,-563.0079259461244,-571.0121563177773,-578.6424066485206,-585.9161500354201,-592.8500431996085,-599.4599646286787,-605.7610509370345,-611.76773152745,-617.4937616332085,-622.9522538164712,-628.155707995007
541,0.421875,-46.2060640594548,-77.19906440807063,-106.65662692513901,-134.71701370512025,-161.4613685038887,-186.9549653013781,-211.25714787431733,-234.42380000805727,-256.508030176276,-277.5604260101222,-297.6292019061112,-316.7603170739598,-334.99758265147835,-352.3827625134022,-368.95566905301615,-384.75425440803247,-399.81469740129745,-414.171486411222,-427.8574983662587,-440.9040740459908,-453.34108986209,-465.19702628404673,-476.49903306674037,-487.27299142949477,-497.54357332923524,-507.33429796364544,-516.6675856338585,-525.5648090901337,-534.0463424781892,-542.1316079983494,-549.8391203844164,-557.1865293041702,-564.1906597786344,-570.8675507127016,-577.2324916253831,-583.3000576638176,-589.0841429812394,-594.5979925553642,-599.8542325200644,-604.8648990798109
542,0.42109375000000004,-44.356780338109616,-74.10955056137051,-102.38839314222433,-129.32601678450024,-155.0003042828321,-179.47390758817758,-202.80378825169257,-225.04358801310448,-246.2442856036205,-266.4544407173465,-285.7203354957322,-304.08608769696343,-321.5937534109252,-338.28342374848114,-354.19331672445105,-369.3598647814087,-383.817798210332,-397.6002246718104,-410.73870500251087,-423.2633254808166,-435.20276671696496,-446.58436932523557,-457.43419652839356,-467.7770938376017,-477.636745944353,-487.03573095461053,-495.9955720892791,-504.53678696933747,-512.6789345984499,-520.4406601506015,-527.8397376652908,-534.893110748022,-541.6169313692762,-548.0265968507945,-554.1367851238498,-559.9614883402389,-565.514044912947,-570.8071700598507,-575.8529849203924,-580.6630443118956
543,0.42031250000000003,-42.4382738299002,-70.90397553666605,-97.95943054283106,-123.73162973010457,-148.2951023281056,-171.70980130337233,-194.0302326195646,-215.30772413145556,-235.59105450276675,-254.92668697050863,-273.35890494770547,-290.9299204675698,-307.6799725803955,-323.64741995463083,-338.8688288578809,-353.3790569516296,-367.21133314871634,-380.39733373130076,-392.9672549080521,-404.949881978431,-416.372655263333,-427.2617329536574,-437.6420510211406,-447.5373803289654,-456.97038107317763,-465.9626546797719,-474.53479327644845,-482.706426852451,-490.49626821458526,-497.92215584244803,-505.001094741071,-511.7492953845899,-518.1822108401643,-524.314572157201,-530.1604221029546,-535.7331473217869,-541.0455089917534,-546.10967204874,-550.9372330450896,-555.5392467065294
544,0.41953125,-40.45522631584977,-67.59100450903493,-93.3825064343602,-117.9507663171559,-141.36681535818423,-163.6877938874855,-184.9656525454682,-205.24931430007922,-224.58527344233843,-243.01781807474487,-260.5891591346907,-277.339533598015,-293.3072981507273,-308.5290173671318,-323.0395475058599,-336.872116331204,-350.0583991929932,-362.62859155060755,-374.6114781094515,-386.03449872840537,-396.923811248966,-407.30435138971535,-417.1998898430647,-426.63308670486197,-435.6255433613729,-444.1978519523546,-452.36964252340726,-460.15962797551515,-467.5856469146584,-474.664704499571,-481.413011381155,-487.84602082268543,-493.9784640857884,-499.82438416320167,-505.39716793554874,-510.70957682574766,-515.773776021239,-520.6013623309431,-525.203390740724,-529.5903997281646
545,0.41875,-38.40883752861112,-64.17174007471735,-88.65828169046902,-111.98339910388783,-134.2145475209253,-155.40598926481454,-175.6070564388162,-194.86420451388736,-213.22158160716089,-230.72124010024763,-247.40325940075502,-263.30584411420597,-278.46541311628533,-292.91668337523726,-306.69274958981384,-319.8251600362196,-332.34398885001025,-344.27790492229866,-355.65423757231855,-366.499039148478,-376.83714470220514,-386.6922288718716,-396.0868601075214,-405.04255236092604,-413.5798143596135,-421.7181965779187,-429.4763360127966,-436.87199886706554,-443.9221212379441,-450.6428479041417,-457.04956930040856,-463.1569567642712,-468.9789961357257,-474.52901978687214,-479.81973715487567,-484.8632638482046,-489.67114939282516,-494.2544036819147,-498.623522189681,-502.78851000704344
546,0.41796875,-36.304252369255224,-60.655737434326916,-83.8008855157517,-105.84831014419011,-126.86175299562954,-146.89249049012142,-165.98714206441224,-184.18961028835588,-201.54161836006855,-218.08290973960712,-233.85136391588028,-248.88308900807934,-263.21250581664685,-276.87242694659614,-289.89413199996966,-302.30743920258476,-314.1407736740765,-325.4212325075843,-336.1746468099839,-346.4256408448107,-356.19768841304096,-365.5131666005703,-374.3934070152407,-382.85874463056433,-390.9285643478555,-398.62134538327905,-405.9547035813745,-412.9454317518755,-419.60953812214063,-425.9622829931943,-432.0182136832875,-437.79119783895817,-443.2944551898482,-448.54058781996986,-453.5416090247234,-458.3089708197287,-462.8535901644525,-467.1858739606717,-471.31574288300305,-475.2526540960668
547,0.41718750000000004,-34.14259797039818,-57.043864492762935,-78.8105250440659,-99.54475357556684,-119.30651538584205,-138.14404760961568,-156.10120434098505,-173.21928225371659,-189.53752673057903,-205.09332003090978,-219.92229045406188,-234.05839963380583,-247.534021736769,-260.380017989365,-272.62580748169404,-284.2994345990891,-295.4276332827941,-306.03588827964444,-316.1484935251114,-325.7886077951712,-334.9783077554434,-343.7386385297628,-352.08966190448825,-360.05050227931883,-367.6393904701432,-374.8737054644647,-381.770014225211,-388.3441096342281,-394.6110466624758,-400.58517684984724,-406.28018117366094,-411.7091013811584,-416.88436985781533,-421.8178380999154,-426.52080385662447,-431.00403700375864,-435.2778042085231,-439.3518924417303,-443.23563139135973,-446.93791482880636
548,0.41640625000000003,-31.929450633133545,-53.346507565186926,-73.70260426595587,-93.09326393296938,-111.57454572887804,-129.1915460276247,-145.98526563801926,-161.99431605793106,-177.25539215522764,-191.80344771591757,-205.67179724081814,-218.8921973739441,-231.49492081451942,-243.50882589767193,-254.96142271973028,-265.8789361287793,-276.28636576396286,-286.20754328960527,-295.6651869567034,-304.68095361668554,-313.2754883062279,-321.4684715163721,-329.2786642539409,-336.7239509982427,-343.8213806512803,-350.5872055751169,-357.03691880569306,-363.1852895282368,-369.0463968954399,-374.6336622657862,-379.95987993581963,-385.0372464366869,-389.8773884620137,-394.49138949104565,-398.88981516799515,-403.0827374956964,-407.0797578989532,-410.8900292103843,-414.5222766290977,-417.9848177001811
549,0.415625,-29.665857940892376,-49.5642945142332,-68.47687529842798,-86.49238153165956,-103.66291889918776,-120.0304019493112,-135.6329363919448,-150.50640549598742,-164.6849099490528,-178.2009314141852,-191.085427422206,-203.36790725039995,-215.07650075886272,-226.23802316247918,-236.87803656424688,-247.02090855568522,-256.68986806010577,-265.9070585581422,-274.693588821325,-283.0695812716542,-291.05421807896533,-298.6657851023763,-305.9217137769826,-312.8386210421317,-319.43234740303427,-325.71799321312676,-331.70995326047546,-337.4219497375863,-342.86706367025783,-348.0577648775497,-353.0059405315729,-357.72292238257324,-362.21951271171315,-366.50600907104047,-370.59222786733847,-374.4875268439017,-378.2008265117533,-381.74063057940657,-385.11504542798025,-388.3317986762822
550,0.41484375,-27.35779321503795,-45.708378734521666,-63.149921947249304,-79.76426678541009,-95.59944427500174,-110.69409270977515,-125.08334148703591,-138.80027297999249,-151.8763274902443,-164.34145362807644,-176.22419551127348,-187.55176251843437,-198.35009260633447,-208.6439119190079,-218.45679143819913,-227.8112009493699,-236.7285604801006,-245.22928933577873,-253.33285284596238,-261.0578069282919,-268.4218405716354,-275.44181633541575,-282.13380895759593,-288.513142159522,-294.5944237317388,-300.3915789809925,-305.9178826149078,-311.18598913726845,-316.20796182344105,-320.9953003422296,-325.5589670873762,-329.9094122789636,-334.0565978921668,-338.0100204681259,-341.7787328591528,-345.37136495804486,-348.7961434589623,-352.0609106951054,-355.173142596315,-358.1399658077109
551,0.4140625,-25.006218031119875,-41.77914417544502,-57.72104284086293,-72.9067551866907,-87.38020603605716,-101.17672893376341,-114.32844627122047,-126.86560668022072,-138.8169559111861,-150.20987477065123,-161.07045915746784,-171.42358405795719,-181.2929615957681,-190.7011956495636,-199.6698337363937,-208.21941641967723,-216.36952439077217,-224.13882334220233,-231.54510673897255,-238.60533658769316,-245.33568229796722,-251.7515577258002,-257.8676564844353,-263.697985603915,-269.25589761679237,-274.5541211437383,-279.6047900493032,-284.419471234773,-289.00919113191014,-293.38446095835826,-297.5553007926502,-301.53126252402467,-305.3214517296726,-308.93454852957063,-312.37882746670374,-315.66217645824185,-318.79211486110484,-321.77581069331296,-324.62009705058415,-327.3314877557954
552,0.41328125000000004,-22.617465903257422,-37.788442546693084,-52.207899355578995,-65.94349640177263,-79.03494044743206,-91.51417348824168,-103.4102369256366,-114.75048004437782,-125.56089473992286,-135.86623980372832,-145.6901129866009,-155.05500864688503,-163.98237008280458,-172.4926388024221,-180.6053013499768,-188.33893391462516,-195.71124485080568,-202.73911521317413,-209.4386373996302,-215.825151990633,-221.91328286875097,-227.71697069850734,-233.24950484290525,-238.523553789494,-243.55119415547603,-248.34393833813536,-252.9127608737939,-257.2681235655675,-261.4199994373921,-265.37789556910803,-269.15087486485106,-272.74757680455525,-276.1762372260524,-279.44470718304,-282.56047092208047,-285.5306630197723,-288.3620847193229,-291.06121950391787,-293.63424794253314,-296.08706184217914
553,0.41250000000000003,-20.19240647068298,-33.736411517238,-46.609340955462436,-58.87163444523786,-70.5587651364798,-81.69926772749237,-92.31908324600626,-102.44263919387775,-112.09314915726587,-121.29272427445379,-130.06243792246062,-138.42237743410968,-146.3916910035004,-153.9886318126665,-161.23059994512164,-168.13418229679664,-174.71519060563625,-180.98869769586477,-186.96907202334287,-192.67001060288823,-198.1045703940913,-203.28519821830199,-208.22375927590352,-212.93156432963866,-217.41939561660112,-221.697531548518,-225.7757702571141,-229.66345203866217,-233.36948074926835,-236.902344200007,-240.27013359871412,-243.48056208304519,-246.54098238730546,-249.45840368357068,-252.23950763571474,-254.8906637031472,-257.41794372934487,-259.82713584861585,-262.12375774296595,-264.3130692794524
554,0.41171875,-17.737694392056074,-29.63552804211441,-40.94399769911648,-51.71616242780877,-61.98315992117466,-71.7700389438591,-81.09957385157698,-89.9932122232494,-98.47133729955141,-106.5533654069631,-114.25780244136246,-121.60228905566751,-128.60364168450988,-135.27789117130652,-141.64031948178442,-147.70549468042685,-153.48730427065013,-158.99898697907392,-164.2531630569648,-169.26186316782847,-174.03655592684092,-178.58817415479822,-182.92713990640507,-187.06338832997818,-191.0063904130181,-194.7651746655898,-198.34834779104662,-201.7641143913406,-205.02029575196661,-208.1243477494907,-211.08337792262245,-213.90416174587781,-216.59315814306277,-219.1565242760724,-221.6001296428472,-223.92956951674557,-226.15017775809233,-228.26703902722414,-230.2850004269853,-232.20868260132272
555,0.4109375,-15.254102008675835,-25.485682661097513,-35.210276979662616,-44.473550494277134,-53.302305977934246,-61.71810335658814,-69.74054235927306,-77.38807875427868,-84.67825084406036,-91.62776377616265,-98.25253848142452,-104.56775079411075,-110.58786692380998,-116.3266768190099,-121.79732585240382,-127.01234498872027,-131.98367952788112,-136.7227164968484,-141.24031075603895,-145.546809881834,-149.6520778833192,-153.56551780840104,-157.29609329170015,-160.85234909404784,-164.2424306810028,-167.47410288552257,-170.5547676977658,-173.49148122295816,-176.2909698463149,-178.95964564216047,-181.50362106264504,-183.92872293977956,-186.24050583292797,-188.44426475238538,-190.54504728823127,-192.54766517227546,-194.45670529961373,-196.27654023506508,-198.01133822857446,-199.66507276254595
556,0.41015625,-12.74856409555518,-21.29990064998606,-29.427662677485998,-37.16998110897239,-44.549232594077154,-51.58341823249186,-58.288904922779764,-64.6811063066062,-70.77467130044298,-76.58355405771633,-82.12105452440227,-87.3998508875258,-92.43202903923694,-97.2291103228457,-101.8020779071828,-106.16140191511069,-110.31706337795887,-114.27857707316912,-118.05501329733747,-121.65501862398177,-125.08683569306478,-128.35832207718363,-131.47696826731456,-134.4499148190503,-137.28396869840336,-139.98561886445282,-142.56105112439482,-145.0161622949168,-147.3565737022453,-149.58764405171124,-151.71448169625563,-153.74195633192014,-155.6747101470686,-157.51716845083948,-159.27354980514116,-160.9478756833673,-162.543979677933,-164.0655162777008,-165.51596923537767,-166.8986595440368
557,0.40937500000000004,-10.221750934321177,-17.07782609421973,-23.594129933719117,-29.80127230963134,-35.71722037007235,-41.35642634458184,-46.73202782469422,-51.85639505922298,-56.7412829374881,-61.397887623536924,-65.83687944422292,-70.06842917121183,-74.10223184061,-77.9475291477593,-81.61313070895469,-85.10743430017145,-88.43844513657373,-91.61379424306301,-94.64075596079611,-97.52626463147476,-100.27693049878866,-102.89905486428736,-105.39864453304325,-107.7814255826858,-110.05285648773568,-112.21814062960344,-114.28223822114995,-116.24987767331764,-118.12556643002713,-119.91360129628036,-121.6180782832387,-123.24290199290859,-124.791794564004,-126.26830419953636,-127.67581329571571,-129.01754619082155,-130.29657655183112,-131.51583441575386,-132.67811290182314,-133.78607460994505
558,0.40859375000000003,-7.680834661147207,-12.832952285206071,-17.729896325929285,-22.394634490593642,-26.840644426045795,-31.078768584305475,-35.11886549945464,-38.97021984571447,-42.6416558999462,-46.14157961055614,-49.4780029750553,-52.65856354936016,-55.69054216961523,-58.580879646128594,-61.33619263596172,-63.962788768580005,-66.4666810668598,-68.85360169730714,-71.12901508046018,-73.29813039085373,-75.36591347462547,-77.33709821162903,-79.21619734774669,-81.0075128219487,-82.71514561155108,-84.34300511805614,-85.89481811494348,-87.37413727779874,-88.78434931623241,-90.12868272613791,-91.41021517998998,-92.63188057205741,-93.79647573462384,-94.90666684056492,-95.96499550691622,-96.97388461338183,-97.93564384909159,-98.85247500029014,-99.72647699104958,-100.55965068853844
559,0.4078125,-5.126379365478455,-8.56467904838009,-11.832517227187324,-14.945259365728123,-17.911926213849267,-20.739773201921036,-23.435394786398764,-26.00499942995933,-28.454486136018726,-30.789473057081757,-33.01531412992875,-35.13711235745957,-37.159731829196204,-39.087809009226824,-40.92576344324848,-42.67780794341405,-44.34795828532684,-45.94004244403019,-47.45770939269557,-48.90443748582813,-50.28354244737532,-51.59818498291334,-52.851378034017344,-54.04599369194346,-55.184769786863896,-56.270316168065015,-57.30512068974718,-58.29155491634193,-59.23187956058241,-60.128249666914066,-60.982719552235466,-61.7972475153757,-62.57370032617229,-63.313857504498046,-64.01941539909235,-64.69199107558278,-65.33312602264496,-65.94428968482237,-66.52688283012374,-67.08224076013934
560,0.40703125,-2.5657503260435695,-4.286884500128701,-5.922819264152723,-7.481217498253674,-8.966574752368002,-10.382507983566287,-11.732306580348487,-13.019069006423539,-14.24574049447286,-15.415126962443912,-16.529903062778562,-17.59261863223453,-18.60570456219375,-19.57147833757497,-20.49214930979323,-21.369823726295444,-22.206509529229045,-23.00412093345961,-23.764482793504204,-24.489334768626414,-25.180335295049858,-25.839065373943818,-26.46703218351919,-27.065672523240412,-27.63635609783787,-28.18038864847629,-28.699014938119657,-29.193421597823537,-29.664739840389274,-30.11404804751915,-30.542374236344674,-30.950698410924645,-31.339954804057815,-31.711034014511203,-32.0647850445294,-32.402017242264186,-32.723502153554385,-33.029975287278596,-33.32213779830493,-33.60065809188187
561,0.40625,0.0005980376926583333,0.0012720938413309279,0.0020468862265257456,0.002896077144852259,0.003800930892707905,0.004747548366480163,0.0057252651675960015,0.006725681957805972,0.007742050511813575,0.008768867618334805,0.009801595346805936,0.010836461252202494,0.0118703111080121,0.0129004974072056,0.013924793006143368,0.014941322951075333,0.01594850978224449,0.016945029045995874,0.01792977268318614,0.018901818592765057,0.01986040510685148,0.020804909421255027,0.021734829243259684,0.022649767087322806,0.023549416763293946,0.02443355169864453,0.02530201480344583,0.026154709642352187,0.026991592717729686,0.02781266670916557,0.028617974530592415,0.029407594097169813,0.030181633708073894,0.030940227964556425,0.03168353415582637,0.03241172905736347,0.03312500608937787,0.03382357279259553,0.03450764858765789,0.035177462782243776
562,0.40546875000000004,2.565152713838528,4.285613355365518,5.920773951276641,7.478323692724527,8.962776843195876,10.377764240269777,11.72658592116406,13.012348735707159,14.238004653706309,15.40636508706358,16.520109218504732,17.58179065100219,18.593843425172846,19.55858766953754,20.47823495970113,21.35489341594051,22.190572556459447,22.987187919796863,23.74656546828613,24.470445783508474,25.160488063962024,25.818273934557766,26.445311077009887,27.043036689706042,27.61282078518697,28.15596933295509,28.67372725494129,29.167281280597177,29.637762668236146,30.08624979893156,30.51377064896587,30.921305146544466,31.309787418212803,31.680107930153845,32.03311552929883,32.369619388952756,32.69039086340834,32.996165255813835,33.28764350336196,33.56549378366886
563,0.40468750000000003,5.127571754557077,8.567215395059344,11.836598383149006,14.951033669576798,17.919504648247962,20.749239036976597,23.446810029133356,26.018409340470306,28.469922519528705,30.806956746294283,33.034856909641626,35.158718490819496,37.18339929032693,39.113530493546484,40.953527205606925,42.70759850030325,44.379757008036535,45.97382806310183,47.49345842937863,48.94212462285115,50.323140848824224,51.63966657110369,52.894713729775226,54.09115362357442,55.23172347218163,56.31903267313617,57.355568767428906,58.34370312721738,59.285696378510266,60.183703571098484,61.03977910744713,61.8558814417386,62.633877559744626,63.37554724971434,64.08258717399956,64.75661475069288,65.39917185412169,66.01172834263532,66.59568542173486,67.15237885021611
564,0.40390625,7.680240735010474,12.831688981232125,17.72786362957771,22.39175853602017,26.83686994548871,31.074054104850546,35.11318013117834,38.96354103304349,42.63396778283805,46.13287178899953,49.4682695513472,52.64780236875339,55.67875420714791,58.56806850411358,61.32236412716463,63.9479505670296,66.4508424129077,68.83677314680402,71.11120829023253,73.2793579343514,75.3461886828676,77.31643503552735,79.19461023861014,80.98501662754992,82.69175548557645,84.31873644112443,85.8696864256638,87.34815821257392,88.75753855670193,90.10105595332192,91.38178803431782,92.60266861857941,93.76649443279918,94.87593151809357,95.93352133714994,96.94168659591128,97.90273679315007,98.81887351065684,99.6921954561782,100.52470327066149
565,0.403125,10.22293228721128,17.080338966241015,23.598173318008612,29.806993172236652,35.72472866678445,41.36580457506058,46.743337422246796,51.86968086516773,56.7565764627398,61.41520950799254,65.85624136356746,70.08983534905265,74.12568026970185,77.97301259097605,81.64063752967418,85.13694915799124,88.469949574981,91.64726718922338,94.67617415302007,97.5636029865601,100.3161624289411,102.94015255143267,105.44157916688633,107.82616756774763,110.09937562369872,112.26640626858892,114.33221940497438,116.30154325331003,118.17888517160254,119.96854197015855,121.67460974492332,123.30099325182853,124.85141484353395,126.32942298895395,127.7384003950191,129.08157174922252,130.3620111006347,131.5826488962519,132.74627868876155,133.8555635310543
566,0.40234375,12.747977518835851,21.29865297926606,29.425655136428084,37.167140746299154,44.54550482637004,51.57876210038559,58.283289918850485,64.67451015456069,70.76707833658504,76.57495401074306,82.11144156954019,87.38922289658265,92.42038697502622,97.21645774290143,101.7884205521022,106.14674736369155,110.30142075591476,114.26195680541444,118.03742689612342,121.63647850682935,125.06735502568266,128.33791463749853,131.45564832745745,134.42769704271154,137.2608680514058,139.96165053674943,142.5362304619817,144.990504740383,147.33009474286703,149.56035917416486,151.68640634714117,153.71310588340458,155.64509986704806,157.48681347709524,159.24246512303074,160.91607610665164,162.51147983238596,164.03233058718658,165.48211191012646,166.86414457087122
567,0.40156250000000004,15.25526504354616,25.488156569558374,35.21425767001625,44.47918265438585,53.3096978591763,61.72733617982833,69.75167660556204,77.4011585698428,84.69330725132119,91.64481709499691,98.27160020641291,104.58882508323495,110.61095180075085,116.35176515860707,121.82440619817302,127.04140223778914,132.01469550955375,136.75567046465088,141.27517980856337,145.58356932439023,149.69070153994593,153.60597829192892,157.33836223812295,160.89639736635257,164.28822854672165,167.52162017157372,170.60397392558383,173.54234572645558,176.34346187483553,179.01373445028486,181.55927598843854,183.9859134728624,186.29920167356576,188.50443586264112,190.6066639360885,192.61069796953453,194.5211252342619,196.3423186987372,198.0784470396568,199.73348418540306
568,0.40078125000000003,17.737118782805403,29.634303700762615,40.94202769709114,51.71337517863787,61.979501862684266,71.76546988305378,81.0940638518388,89.9867394250571,98.46388633221908,106.5449261912624,114.24836926135583,121.59185982279375,128.59221734334295,135.26547521256026,141.62691753836205,147.69111418901605,153.47195418589294,158.98267753049115,164.23590554106033,169.24366976943304,174.01743956497253,178.56814834923992,182.9062186619022,187.04158603551684,190.98372175407357,194.7416545475858,198.32399127254394,201.73893662570072,204.99431193641846,208.09757308069166,211.05582755792162,213.87585076960278,216.5641015372401,219.1267368950679,221.5696261914744,223.89836453145188,226.11828559087448,228.234473831967,230.2517761479555,232.1748129635784
569,0.4,20.19354401865802,33.738831213504184,46.61323441622475,58.87714318859835,70.56599504237874,81.70829823754225,92.3299735163365,102.45543240360078,112.10787564914133,121.30940392310201,130.08108197048702,138.442989948192,146.41427005035308,154.0131704229174,161.257086912926,168.16260284977395,174.74552697076624,181.02092958075937,187.00317702787592,192.70596457292967,198.1423477266872,203.3247721258257,208.26510201529604,212.97464740177648,217.46418993996159,221.74400761063043,225.8238982467321,229.71320196114257,233.4208225272709,236.9552477613334,240.32456895284338,243.5364993877127,246.5983920063,249.517256236766,252.29977404222646,254.9523152183987,257.48095197672836,259.89147284635163,262.18939592669904,264.3799815210584
570,0.39921875,22.616904811928745,37.78724908704067,52.20597904497475,65.94077946038337,79.03137466494219,91.50971968612953,103.40486592288443,114.7441705331654,125.55363173743808,135.85801348500482,145.6809177797771,155.0448425158671,163.9712339480281,172.48053606615434,180.5922375025685,188.3249162046529,195.69628200646304,202.72321720533702,209.42181523921454,215.8074175544529,221.8946487492749,227.6974500738075,233.22911136378193,238.5023014813,243.52909733258267,248.32101152932654,252.88901875714348,257.24358091157745,261.3946710593461,265.3517962797558,269.1240194386504,272.7199799448104,276.1479135363742,279.41567114262676,282.5307368643792,285.50024511413966,288.3309969553467,291.0294756781,293.6018616470743,296.0540464556289
571,0.3984375,25.007323080480557,41.781494745174115,57.72482507427931,72.91210656011499,87.3872294055971,101.18550147230108,114.3390254454766,126.8780344361422,138.83126172489938,150.22607794903558,161.08857062184163,171.44360775858405,181.31489565424278,190.72503329516766,199.69556408288148,208.24702511608703,216.3989941711686,224.17013449321038,231.57823749965885,238.64026349320363,245.37238047599752,251.79000115320767,257.9078182099375,263.73983794176826,269.2994123155003,274.59926953318126,279.6515431691387,284.46779994652167,289.05906621678116,293.4358532025826,297.6081810618302,301.58560182781315,305.37722127792006,308.99171978092835,312.43737217054843,315.7220666906835,318.8533230557428,321.8383096673283,324.68386002669064,327.39648838050744
572,0.39765625000000004,27.357250102604453,45.70722351857174,63.14806317421215,79.76163691279869,95.59599276664953,110.68978164349424,125.07814261755439,138.79416568272765,151.8692972627381,164.33349096025145,176.2152950097028,187.54192221200978,198.33931338560825,208.6321970767244,218.44414628818026,227.79763250724332,236.71407719363293,245.2139008555464,253.31656982921467,261.04064087040024,268.4038036606731,275.42292132628376,282.1140690627721,288.4925709540376,294.5730350703917,300.369386926137,305.89490137342335,311.16223300552366,316.18344513924137,320.9700374428925,325.5329722731856,329.8826997813625,334.0291818461342,337.9819148882503,341.7499516189781,345.3419217723196,348.76605186846393,352.0301840537498,355.1417940603001,358.10800832646675
573,0.39687500000000003,29.66692368031637,49.56656146934848,68.48052299263617,86.49754255241152,103.66969244502039,120.0388624488974,135.64313926853603,150.5183912039264,164.69870691621387,178.21655826073055,191.10289468084326,203.38721873059288,215.09765464859996,226.2610129313423,236.9028517125824,247.04753524228258,256.7182896324,265.9372560031315,274.7255411512401,283.10326585538445,291.08961092799365,298.7028611182722,305.96044696618816,312.8789847027569,319.4743142875717,325.76153567035277,331.7550433592879,337.4685593751084,342.91516466618657,348.1073290564568,353.0569397946128,357.7753287698625,362.2732984564828,366.5611466465111,370.6486900271546,374.545286656859,378.25985739146086,381.800906309452,385.17654018309867,388.3944870399747
574,0.39609375,31.928928849755366,53.345397719240914,73.70081849738328,93.09073735355862,111.57122978859525,129.1874042947437,145.98027097740277,161.98844865556933,177.24863807854572,191.79579782842205,205.66324636078312,218.88274360737225,231.48456501652564,243.4975712310816,254.94927428895352,265.8659006730971,276.2724513984687,286.1927592848986,295.6495435504707,304.66446185178177,313.2581598909799,321.4503187036586,329.25969973624115,336.70418781635385,343.8008321147894,350.5658851930325,357.01484022589545,363.162466484608,369.0228431617028,374.60939161522975,379.9349061061908,385.01158309963535,389.85104919655544,394.4643877605773,398.86216430045243,403.05445066650066,407.05084811643195,410.86050930338797,414.49215923656874,417.9541152624594
575,0.3953125,34.14361783096058,57.046033860794864,78.81401571685315,99.54969243476134,119.31299736123778,138.1521439271317,156.1109680389552,173.23075204564958,189.55072982095228,205.10827423843648,219.93900585792053,234.0768798791502,247.55426508909383,260.4020181987222,272.6495544996374,284.324915179353,295.45483148869175,306.0647859155914,316.1790705057097,325.8208424623819,335.01217715222646,343.77411863692737,352.12672784624243,360.0891285020341,367.67955089807214,374.9153736355407,381.8131634095611,388.3887129376286,394.65707711664396,400.6326074912024,406.3289851119493,411.7592518591499,416.9358403031265,421.8706021698678,426.57483547694056,431.0593104017939,435.33429394165245,439.40957342142934,443.2944789034632,446.99790455036697
576,0.39453125,36.30375513363529,60.65467980507088,83.79918376863307,105.84590244585661,126.85859308193635,146.88854364475904,165.98238242993767,184.184018983684,201.53518210853557,218.07561983470643,233.84321541955867,248.87408011510885,263.202637341377,276.86170190234566,289.8825552501505,302.2950171684421,314.1275140878396,325.4071442025439,336.15973954095625,346.40992513385254,356.1811754163398,365.4958679932261,374.3753348912641,382.83991141589865,390.90898272459873,398.60102822358755,405.93366388976835,412.9236826148617,419.5870926642295,425.93915433852294,431.9944149221676,437.76674199876084,443.2693552097181,448.5148565289231,453.5152591227406,458.28201486150436,462.826040545503,467.15774290553367,471.28704243529364,475.2233961101977
577,0.39375000000000004,38.40980522429039,64.17379848496516,88.66159382791352,111.98808536265183,134.22069797722537,155.41367150303503,175.61632078564563,194.87508770351832,213.23410945308544,230.73542950995153,247.41911993777632,263.32337923690176,278.4846211782986,292.9375584455394,306.71528213300553,319.84933748251143,332.3697960766917,344.3053246632112,355.68325076808134,366.52962524745504,376.86928192016404,386.7258944167345,396.1220303744133,405.0792031018069,413.6179208310406,421.7577336699096,429.51727836128777,436.9143209520821,443.9657974692791,450.68785269609396,457.0958771369,463.2045422554945,469.02783406731874,474.57908516248415,479.8710052328848,484.91571017325145,489.72474982274855,494.30913441060045,498.6793597662844,502.84543135198595
578,0.39296875000000003,40.45475669539363,67.59000562134149,93.38089920788117,117.94849235517066,141.36383096812122,163.68406628285027,184.96115730621204,205.24403359465822,224.57919473199888,243.01093313673226,260.5814633051057,277.33102517152105,293.29797789584154,308.5188881290083,323.02861387681924,336.8603843747329,350.04587621063064,362.6152858837041,374.5973989696255,386.0196560518463,396.90821557073446,407.2880137349389,417.18282163250444,426.61529967277653,435.6070494839606,444.17866338533685,452.34977154754677,460.1390869490435,467.56444823174127,474.64286055406876,481.39053453503215,487.8229233785158,493.95475826287685,499.8000820769004,505.37228157940183,510.68411805614454,515.7477565442941,520.5747936913507,525.1762843123695,529.5627667062994
579,0.3921875,42.43918339633925,70.90591030264902,97.96254373197307,123.73603450729142,148.30088336108898,171.71702211869348,194.03894052227614,215.31795365017317,235.60282990100052,254.94002414037098,273.3738128781751,290.94640240888333,307.69802698445375,323.66704124581605,338.89000807252467,353.4017822737857,367.2355903627358,380.4231066067336,392.99452552885754,404.97863102588724,416.4028622601178,427.293376475114,437.6751088786251,447.57182972930224,457.00619875755814,465.9998170448865,474.57327648019896,482.7462069062305,490.53732106381847,497.96445743684416,505.0446210958349,511.7940226336704,518.228115282478,524.361630296644,530.2086106829158,535.78244335479,541.0958897847735,546.1611152246817,550.9897165608539,555.5927488680497
580,0.39140625,44.356341230024796,74.10861657809518,102.38689035307715,129.3238905900031,154.99751383184068,179.47042222653556,202.7995851476044,225.03865049473197,246.23860194758672,266.4480032354477,285.7131398270278,304.07813224652756,321.5850388966688,338.27395282978176,354.1830936941243,369.34889530767305,383.80608911887117,397.58778376044046,410.7255408826778,423.24944744138753,435.1881846067166,446.56909345113763,457.4182375673266,467.76046275957304,477.6194539456,487.01778939925157,495.9769924583804,504.51758081644067,512.6591135107434,520.4202357150408,527.8187214390662,534.8715142328546,541.5947659890942,548.0038739323958,554.1135158802093,559.9376838561603,565.4897161327956,570.7823277771328,575.8276397689771,580.6372067586973
581,0.390625,46.206909890749614,77.2008636057759,106.65952197988443,134.7211098554459,161.4667444875647,186.96168019583644,211.26524567163585,234.4333128186323,256.51898056421396,277.5728287542932,297.64306536557274,316.77564427080137,335.0143721453735,352.40100911845474,368.97536443245696,384.7753875724851,399.8372551296733,414.1954536086811,427.88285837037915,440.93080888987794,453.3691805013766,465.22645279337587,476.52977481028137,487.30502720924244,497.5768815141885,507.3688566024639,516.7033725531783,525.6018019803901,534.0845189685211,542.1709457219364,549.8795970354063,557.2281226872007,564.2333478518216,570.911311624851,577.2773037480874,583.345899619022,589.1309936647867,594.6458311569675,599.9030385401082,604.9146523433335
582,0.38984375000000004,47.984454171438955,80.17032327106227,110.76163227390289,139.90196403736164,167.67558548434258,194.15028334161448,219.3876861142021,243.44582928786275,266.379866306768,288.2423327994239,309.0832998416915,328.95049652985665,347.88942120545414,365.9434461351975,383.15391697295917,399.5602474926276,415.2000098722761,430.1090207524255,444.3214232699273,457.869765256852,470.78507378417504,483.09692622139045,494.8335179750917,506.02172706186894,516.6871756635719,526.8542888060452,536.5463502958204,545.7855560429531,554.5930648921848,562.9890470788986,570.9927304208778,578.6224443516905,585.8956618965707,592.8290396869477,599.4384561052843,605.7390476475921,611.7452435869169,617.4707990171804,622.9288263530693,628.1318253581136
583,0.38906250000000003,49.689755420759404,83.019847913882,114.69890880859649,144.87558476451372,173.637109444477,201.05365734774517,227.18903033376355,252.10331266265038,275.8536064180059,298.4943045844592,320.0772493873069,340.6518589566601,360.26524230862185,378.9623075955048,396.7858649853567,413.77672466798333,429.97379027180006,445.41414791799724,460.13315111770544,474.16450170608147,487.5403269978595,500.2912533403442,512.4464762317135,524.033827164759,535.0798373487805,545.609798455277,555.6478205263151,565.2168871780075,574.338908225358,583.0347698488702,591.3243824176941,599.2267260787412,606.7598942160953,613.94113488018,620.7868902815052,627.3128344393872,633.5339090718224,639.4643578086666,645.1177588064417,650.5070558394348
584,0.38828125,51.316726996857255,85.73775326269796,118.45349190142574,149.61749535671575,179.3198813977791,207.63314340247126,234.62318904707675,260.352083595339,284.87881021659354,308.2595525389408,330.5478585405462,351.7947716240226,372.0489495573052,391.3567764170386,409.7624689530011,427.30817789596705,444.03408450866755,459.97849261792186,475.17791634334367,489.66716372506295,503.4794164426737,516.6463058083757,529.1979852086241,541.1631991604021,552.5693491404172,563.4425563381108,573.8077214762869,583.6885818364392,593.1077656194287,602.0868437660649,610.6463793562933,618.8059747001657,626.5843162284533,633.9992172857366,641.067658923985,647.8058287900691,654.2291581962694,660.3523574586867,666.1894495844952,671.7538023851894
585,0.3875,52.86624708549037,88.32698725364303,122.03113872484259,154.1368535198221,184.7369438845969,213.9060718489415,241.71211908067176,268.2190117568935,293.48750306407004,317.57546377469725,340.5380507380968,362.4278416625291,383.2949574620492,403.1871774384191,422.15004874639743,440.22699067209675,457.4593940274068,473.8867159017784,489.54656999044977,504.47481270560417,518.7056252669338,532.271591958933,545.2037747335992,557.5317843289617,569.2838480659655,580.4868744787003,591.1665149257685,601.3472223237026,611.0523071367959,620.3039907514467,629.1234563571412,637.530897450518,645.5455640735163,653.1858068914385,660.4691192118128,667.4121770402429,674.0308772649329,680.3403740572954,686.3551135719838,692.0888670257775
586,0.38671875,54.33261513619072,90.77658149568309,125.41504636313161,158.41058506657885,189.85861061550156,219.83587609303768,248.41216200397076,275.6531807370233,301.6213815358272,326.3762496373155,349.9744797808559,372.4701149758298,393.9146724252466,414.35726204242036,433.844699062066,452.4216112985702,470.13054136847325,487.01204412906327,503.10477956102676,518.4456013094117,533.0696410863442,547.010389129172,560.2997708985607,572.968220192383,585.0447488429913,596.5570131576075,607.5313772540749,617.9929734370938,627.9657597532662,637.4725748568065,646.5351903116016,655.1743604494288,663.4098698985412,671.2605788914796,678.7444664558919,685.8786715872841,692.6795324980027,699.1626240323399,705.3427933334574,711.2341938438135
587,0.38593750000000004,55.716800757504764,93.08956134615553,128.6110060928577,162.44781731963835,194.69781363729894,225.4396842898656,254.74497224044987,282.68105145698934,309.3119516651993,334.69866463287434,358.89932177303376,381.9693362130244,403.9615317527457,424.92626426812086,444.9115370872606,463.96311089824565,482.124608508319,499.43761470911494,515.9417714790405,531.6748687406022,546.6729308798654,560.9702992255676,574.5997106762644,587.5923726551785,599.9780345640826,611.7850558996005,623.0404711877164,633.7700518850246,643.9983653883477,653.7488312877445,663.0437749916335,671.9044788467615,680.351230870017,688.40337120363,696.0793364000922,703.3967016381777,710.3722209666979,717.0218656681208,723.3608608298853,729.4037202071344
588,0.38515625000000003,57.01352463615091,95.25574191832371,131.60337536071404,166.22702084474335,199.22679836719743,230.68324750819374,260.66959138097917,289.2547843605113,316.50435674435147,342.4807286319872,367.2433919820584,390.8490562175833,413.35178035595277,434.80309736819953,455.2521323424823,474.7457150314819,493.3284871161696,511.04300445012103,527.9298345234595,544.0276493711751,559.3733141392396,574.0019715117018,587.9471221923578,601.2407016254884,613.9131531315006,625.9934976250685,637.5094000755241,648.4872328617622,658.9521361668043,668.9280755503755,678.4378968313754,687.5033784059538,696.1452811210357,704.3833958175207,712.2365886520536,719.7228443011718,726.8593071467787,733.6623205372662,740.1474642142117,746.3295899903605
589,0.384375,58.223841825498184,97.27820733838547,134.39794384221884,169.75723630834793,203.45830662807128,235.58338611428937,266.2072379392325,295.40026847873764,323.22938923320834,349.758336931196,375.0478591499176,399.1558627954424,422.1375488772161,444.0455393845996,464.92999786257235,484.83874427132224,503.81736446433246,521.9093145513517,539.1560203879776,555.596972419602,571.2698160963463,586.210438065481,600.4530483382571,614.030258618952,626.9731569752139,639.311379020477,651.0731757712668,662.2854783346434,672.9739595737908,683.163092892871,692.8762082756712,702.1355457063045,710.9623060942414,719.3766998202334,727.397993014263,735.0445516714552,742.3338837069498,749.282679046004,755.9068478411187,762.2215569036763
590,0.38359375,59.342926798161315,99.1476190170979,136.9803257879942,173.0186117652848,207.36668665996618,240.10837999582074,271.3199060496987,301.0730360561257,329.4359773505046,356.4737000541964,382.24812655739686,406.81828306430396,430.2404371148656,452.5682270199266,473.8527848485829,494.14285357081036,513.4848987012022,531.9232147186333,549.5000265105978,566.2555860760737,582.2282647089964,597.4546408737848,611.9695839743889,625.8063342088667,638.996578692488,651.5705240237938,663.556965459872,674.9833528593294,685.875853544022,696.2594122235437,706.1578081197388,715.5937094220789,724.5887251986387,733.1634548815642,741.3375354403707,749.1296863511185,756.5577524644547,763.6387448706956,770.3888798555492,776.8236160356855
591,0.3828125,60.371913547582864,100.86710083486498,139.35627357724957,176.0200454871108,210.96441150426836,244.2746380270875,276.02824749708185,306.2982446192536,335.1540101370311,362.66163278158695,388.88410176531323,413.8814607576631,437.7109476450447,460.42712609818943,482.0820106040078,502.7251855688368,522.4039188404539,541.1632699253554,559.046193152155,576.0936360174034,592.3446329385612,607.836394628321,622.6043932945362,636.6824438605394,650.1027813915831,662.8961349045021,675.0917977294567,686.7176945847441,697.8004455181746,708.3654268613412,718.4368293362951,728.0377134476216,737.1900622867181,745.9148318691438,754.2319991202753,762.1606076191252,769.718811205045,776.9239155471445,783.7924177716073,790.3400442376227
592,0.38203125000000004,61.30646008326428,102.42821807545816,141.5127469574803,178.743485411611,214.22809037551264,248.05316447972234,280.29744327831554,311.03507237184454,340.3365156126376,368.2688925815166,394.89617432809825,420.279339921577,444.47651851635857,467.543123065074,489.5319773715446,510.49343710642165,530.4755051425715,549.5239414939765,567.6823681150303,584.9923688017413,601.4935844242239,617.223803708872,632.2190497783214,646.5136626475363,660.1403778650491,673.1304014795456,685.5134815035378,697.3179760378413,708.570918212908,719.2980780957752,729.5240217044241,739.2721672647255,748.5648388388164,757.4233174477422,765.8678898054449,773.9178947757154,781.5917676585084,788.9070824070391,795.8805918723535,802.5282661675373
593,0.38125000000000003,62.14777234726938,103.83411511371813,143.45542554624643,181.19763255463005,217.16985063313612,251.45985556987523,284.14745112399675,315.3077902313709,345.0122951230852,373.32899907391936,400.3227445819923,426.0553418909466,450.5857128735451,473.9700264787126,496.26182744867975,517.5121589315785,537.7696793474806,557.0807737927889,575.4896602414146,593.0384907861364,609.7674481515921,625.7148376994811,640.917175136304,655.4092701242052,669.2243059861477,682.3939156877627,694.9482542697265,706.9160678964024,718.3247596787832,729.2004524223737,739.5680484436455,749.4512865919803,758.8727966076374,767.854150940181,776.4159141459971,784.5776899779906,792.3581662752704,799.7751577555978,806.8456468085719,813.5858223829567
594,0.38046875,62.8920186558003,105.07731310925945,145.1726949854075,183.36634603386912,219.76870667813,254.46861872144729,287.54685356423204,319.0794740407666,349.13876608721193,377.79358492930675,405.1095558732875,431.14923489710054,455.97225438403837,479.6354602892357,502.19304247492124,523.6966588529663,544.195553700836,563.7366704419182,582.3647591536527,600.1224790511498,617.0504961815577,633.1875765531842,648.5706749128238,663.2350193747371,677.2141920951808,690.5402061773203,703.2435789827061,715.3534020172432,726.8974075517449,737.9020321296612,748.3924771074444,758.3927663662163,767.9258013269131,777.0134133949109,785.676413954243,793.9346420259077,801.8070096994155,809.3115454416169,816.4654353820011,823.2850626690124
595,0.3796875,63.540469464510366,106.16095754524534,146.67012711414588,185.2580759648075,222.03636541878168,257.0947394869834,290.51479122946944,322.3733584701246,352.74346458587917,381.6946679473489,409.29326456280944,435.6024501693813,460.6824673532391,484.59074404124993,507.38202510982194,529.1084977508991,549.8199109615078,569.5636894484135,588.3850422123132,606.3270660605467,623.4308442850714,639.7355407313026,655.2784894729183,670.0952802977346,684.2198402002067,697.6845110670142,710.5201237334976,722.7560685804285,734.4203628326921,745.5397147139266,756.1395846039645,766.2442433390861,775.8768277885412,785.0593938345769,793.812966877263,802.157589979743,810.1123697641439,817.6955201632204,824.9244041279117,831.8155733863047
596,0.37890625,64.08982701990172,107.07857156666448,147.93760507505655,186.85869215895886,223.95437582572322,259.31518931204835,293.02344188212317,325.15664465128015,355.78845997266836,384.9890542015714,412.82530229900357,439.3609514732515,464.6567696830183,488.7706854117228,511.75792048147946,533.6711165571741,554.5604557135251,574.4737753615112,593.4566778025106,611.5526346624906,628.803086445933,645.2475374377286,660.9236461705308,675.8673116648606,690.1127556395408,703.692600880794,716.6379459495286,728.9784363979355,740.7423326585205,751.9565747610683,762.6468440257612,772.8376218737601,782.5522458899269,791.8129632660974,800.6409817472958,809.0565181975687,817.0788448966632,824.7263336735743,832.0164979780333,838.9660329862874
597,0.37812500000000004,64.54141845843846,107.83328237205687,148.98055857670775,188.17634173367094,225.53395217911597,261.14454884507444,295.09101104414776,327.45138775748717,358.2998532944541,387.707062271007,415.74035546863496,442.46392449519743,467.9389612347008,492.2237985296863,515.3740438703702,537.442706741117,558.4803199967964,578.5350555654509,597.6528347460418,615.8774333543229,633.2505819574176,649.8120614263288,665.5997940249356,680.6499302438516,694.9969315778251,708.6736494361002,721.7114003663328,734.1400377642343,745.988020233079,757.282476749559,768.049268785164,778.3130495252983,788.097320321713,797.4244845074918,806.315898697807,814.7919216938949,822.8719611022235,830.5745177755906,837.917228177911,844.9169047696893
598,0.37734375000000003,64.89250028867401,108.41965502375612,149.790430636228,189.1989923115906,226.7592917759766,262.5629955319996,296.6934432436274,329.2291164254292,360.2445996946299,389.8109379371371,417.9958434623639,444.86386168619543,470.47652148806924,494.8924767313228,518.1676407370582,540.3553143698067,561.5063081123623,581.6690584297492,600.8897386939335,619.2123649247116,636.6788965894099,653.3293326924526,669.2018033749777,684.3326572343703,698.7565445637458,712.5064967020614,725.6140016766182,738.1090763112074,750.0203349650668,761.3750550600753,772.1992395462714,782.5176764487538,792.3539956323422,801.7307229139989,810.6693316469408,819.1902918945754,827.3131173068762,835.0564098065487,842.4379021873276,849.4744987219508
599,0.3765625,65.14444814564368,108.84077915545686,150.3724753556079,189.93443778224045,227.6410471285672,263.58431522258957,297.8478966509173,330.51057035403346,361.64720426443847,391.32911363422295,419.624268839773,446.59746159707396,472.31045581964776,496.8221296243355,520.188610276493,542.4634027318046,563.6975121511315,583.9395606878385,603.235898819074,621.630711476547,639.1661192197255,655.8822746829051,671.8174545168008,687.008147035031,701.4891357660648,715.2935791018516,728.453086225436,740.9977894913605,752.9564134245376,764.3563404955547,775.2236738229889,785.583296946286,795.4589308060521,804.8731880622116,813.847624874408,822.402790263192,830.5582731650275,838.3327472888483,845.7440138768816,852.8090424676413
600,0.37578125,65.29508971448288,109.09229525502741,150.7197483831439,190.3728177629957,228.16616128919262,264.19201357577566,298.53423086973595,331.2717812202329,362.4797116695911,392.2295076189879,420.58930125732564,447.62403826413123,473.39562909357136,497.96309136832843,521.382685184274,543.7080419880301,564.9902874069442,585.2781583331736,604.6181145350819,623.0544450528971,640.6293696227243,657.3831353613592,673.3541089334282,688.5788644119934,703.0922670338857,716.9275530416116,730.1164057947075,742.6890283248694,754.6742125010285,766.0994049627853,776.9907699732023,787.3732493349021,797.2706195066894,806.7055460515037,815.6996355403943,824.2734850313831,832.4467292365309,840.2380854852175,847.6653965866115,854.7456716894814
601,0.375,65.345840647554,109.17723634270286,150.83729582096973,190.52152486364147,228.3446593259455,264.39899664832075,298.7684509330267,331.53204538150294,362.7648799636797,392.5384908855287,420.92105905835456,447.9775768437903,473.76999938980487,498.3573870843688,521.7960409247204,544.1396314620215,565.4393216993465,585.7438842436401,605.0998129841347,623.5514295537,641.1409848168951,657.9087556169678,673.8931370031919,689.1307301496067,703.6564261663851,717.5034859956722,730.7036165747793,743.287043441097,755.2825799449313,766.7176932287308,777.6185671237563,788.0101621082033,797.9162724640466,807.3595807634877,816.36170980975,824.9432721511565,833.1239172818618,840.922376637312,848.3565064874701,855.4433288260146
602,0.37421875000000004,65.29511319962826,109.09234520974145,150.719828762804,190.37293148883887,228.16631054686653,264.19220000527287,298.53445569241137,331.2720453277387,362.4800156886983,392.2298519604612,420.5896861538124,447.6244638002061,473.3960952299984,497.9635979619459,521.3832320044891,543.7086287306386,564.9909137058027,585.2788237701262,604.6188186484497,623.0551873447756,640.6301495652765,657.3839524022642,673.3549625006096,688.5797539177329,703.0931918784044,716.928512616195,730.117399484433,742.6900555109868,754.6752725630384,766.1004972802529,776.9918939273362,787.3744043099304,797.2718048910533,806.706761238891,815.7008799306316,824.274758031202,832.4480302602236,840.2394139551923,847.6667519338595,854.747053353969
603,0.37343750000000003,65.14435431241874,108.84057956332904,150.37215420001144,189.93398339072087,227.64045076798024,263.583570340238,297.8469983670466,330.50951510647604,361.64598954959035,391.327737811738,419.62273098114616,446.5957613655703,472.3085933733344,496.8201055366059,520.1864254701352,542.4610584237661,563.6950098058599,583.9369019776027,603.2330855900243,621.627745719552,639.1630030452085,655.8790102990649,671.8140442107098,687.004593156197,701.4854407121094,715.2897453060216,728.4491161457033,740.9936856009064,752.9521782034466,764.3519764235699,775.2191833731979,785.5786825796273,795.4541949665459,804.8683331728329,813.8426533335221,822.3977044414959,830.5530754029353,838.3274398942731,845.7385991233679,852.8035225928118
604,0.37265625,64.89257059930766,108.41980457988551,149.79067127959422,189.19933278789017,226.75973862867386,262.56355367095875,296.6941163253815,329.22990711943544,360.2455098773367,389.81196883830546,417.9969957785024,444.8651356705072,470.47791702308876,494.8939933884487,518.1692778259358,540.3570709797002,561.5081831471005,581.6710506374442,600.8918466923983,619.2145872233032,636.6812316078738,653.3317787772335,669.2043588133768,684.3353202668574,698.7593133946843,712.5093695090634,725.6169766187085,738.1121515359532,750.0235086147972,761.3783252773115,772.2026044784578,782.5211342523728,792.3575444764889,801.734360983477,810.6730571449317,819.1941030449332,827.317012356089,835.0603870254031,842.4419598723086,849.4786351964098
605,0.371875,64.54123137048528,107.83288441830337,148.97991824545355,188.1754357519632,225.5327631345023,261.14306367255466,295.08922001429454,327.4492837679247,358.29743135340857,387.70431910789887,415.7372892321791,442.4605345140011,467.935247823926,492.2197628325863,515.3696877268357,537.4380325775423,558.4753307330525,578.5297545357686,597.6472256313447,615.8715201240769,633.2443688194624,649.8055527834522,665.5929944371868,680.6428443957644,694.9895642498653,708.666005479764,721.7034846824139,734.1318552838516,745.9795759011154,757.2737755102156,768.0403155693716,778.3038492397654,788.0878778394163,797.4148046594444,806.3059862659566,814.7817814050217,822.8615976227293,830.5639357070747,837.906432053448,844.9058990507302
606,0.37109375,64.08994372249651,107.07881980205204,147.93800449831892,186.85925728631975,223.95511751811122,259.31611571892074,293.0245590726421,325.1579570562463,355.7899707066365,384.9907653057167,412.82721492940215,439.3630660501755,464.6590860115006,488.77320278036814,511.7606377444316,533.6740322027863,554.5635679223622,574.4770820556773,593.4601766878384,611.5563232647957,628.8069621422922,645.2515974835543,660.9278877230678,675.8717318036214,690.1173513841088,703.6973692063498,716.6428838004019,728.9835406994366,740.7476003272674,751.9620027139961,762.6524291879763,772.8433611853708,782.5581363119761,791.8190017857,800.6471653820707,809.0628439994473,817.0853099551455,824.7329351184891,832.0232329818656,838.9728987661142
607,0.37031250000000004,63.540190275228255,106.16036368324582,146.66917155485416,185.25672397824167,222.03459102052204,257.09252318026716,290.51211849517426,322.3702187094504,352.7398503496556,381.69057435492687,409.28868885153884,435.5973913373537,460.6769258707719,484.5847216144134,507.37552448427107,529.1015225475237,549.8124655376065,569.5557787796312,588.3766717916603,606.3182418116232,623.421572487199,639.7258279547227,655.2683425225516,670.0847061642686,684.2088460174867,697.673104074884,710.5083112453663,722.7438579549582,734.4077614490861,745.5267299503693,756.1262238188372,766.2305138546221,775.8627368766367,785.0449487045062,793.7981746650788,802.142457739173,810.0969044588129,817.6797286600483,824.9082931915601,831.7991496745512
608,0.36953125000000003,62.89218103077323,105.07765849328271,145.17325072569912,183.36713232766235,219.7697386368406,254.46990768386914,287.548407974729,319.08130006415956,349.1408680569567,377.7959656854076,405.11221702426167,431.15217702770167,455.97547722300413,479.63896284676963,502.196823156738,523.7007155558362,544.1998838932865,563.7412712328672,582.3696273511068,600.1276112126482,617.0558886576916,633.1932255252658,648.5765764255793,663.2411693647393,677.2205864156189,690.5468406196042,703.2504492953193,715.3605039222068,726.9047367589855,737.9095843495465,748.4002480617099,758.4007517974703,767.9339970068909,777.0218151316224,785.6850175981396,793.9434434751815,801.8160049045285,809.3207304091427,816.4748061778624,823.2946154211754
609,0.36875,62.14740277786815,103.83332900462997,143.4541606499143,181.1958428981406,217.16750182028554,251.45692179232705,284.1439131624382,315.3036340559157,345.00751087308925,373.32358028875393,400.3166876046763,426.048645395237,450.5783774820211,473.96205444975027,496.2532224167799,517.502925689812,537.7598236637218,557.0703022534316,575.4785801177026,593.0268099192956,609.7551748537259,625.7019806677899,640.9037433786392,655.3952728943218,669.2097527273015,682.3788159835221,694.9326178010386,706.8999044041187,718.3080789309422,729.183264185667,739.550362458549,749.4331125511195,758.8541441370043,767.8350295828724,776.3963333481852,784.5576590768699,792.337694488764,799.7542541736168,806.8243203856655,813.5640819321884
610,0.36796875,61.3066671294193,102.4286584784754,141.51345558807378,178.74448802347248,214.22940623735542,248.05480804975207,280.2994253240226,311.0374007540534,340.33919585698357,368.27192830932216,394.89956759040683,420.283091464023,444.4806279930639,467.5475892139522,489.536798159721,510.49860985206266,530.4810266177876,549.5298080123376,567.6885756064116,584.9989128766452,601.5004604292711,617.2310067748338,632.2265748618069,646.5215045672462,660.1485313333618,673.138861130062,685.5222419151237,697.3270317556178,708.5802637665741,719.3077080155924,729.5339305351473,739.2823495777236,748.5752892425978,757.4340305970685,765.8788604091939,773.9291176036392,781.603237547007,788.918794264061,795.8925406815225,802.5404469915884
611,0.3671875,60.37145587646717,100.86612732504564,139.35470714192402,176.01782919383987,210.96150275710204,244.27100486521272,276.0238661194742,306.2930976514293,335.14808536766145,362.6549222098941,388.87660086253396,413.8731678814014,437.7018635663111,460.4172536137523,482.07135421481763,502.71375121060834,522.3917136560908,541.1503020714094,559.0324716332907,576.0791705441459,592.3294338045667,607.8204726041461,622.5877595354444,636.6651098263188,650.0847587766975,662.8774355771761,675.0724336785075,686.697677873172,697.7797882426482,708.3441411168592,718.4149271853896,728.0152068935669,737.1669632502685,745.8911521683964,754.2077504532941,762.1358015490173,769.6934591472098,776.8980287584534,783.7660073412976,790.3131210797176
612,0.36640625000000004,59.34317723886487,99.148151723581,136.9811829394323,173.01982451301097,207.36827831116352,240.11036803894422,271.3223035089635,301.07585243988456,329.4392193424984,356.4773720347376,382.25223100741175,406.8228208857165,430.2454078893228,452.5736292208448,473.8586160170446,494.1491104629274,513.4915774125868,531.9303107902525,549.5075350193085,566.2635017124234,582.2365818443453,597.4633536184037,611.9786862278844,625.8158197040334,639.0064410335124,651.5807567195739,663.567561953098,674.9943065518737,685.8871578191004,696.2710604650516,706.1697937291005,715.6060258329103,724.6013658894775,733.1764133868932,741.3508053601302,749.1432613588796,756.5716263144034,763.6529114035604,770.4033330035928,776.8383498268618
613,0.36562500000000003,58.2232988742204,97.27705242951204,134.39608552491717,169.75460704161915,203.45485587880432,235.57907596621806,266.20204015634346,295.39416244905715,323.2223604700028,349.7503759428638,375.03896056383724,399.1460246631972,422.12677211350376,444.03382730735007,464.9173558114513,484.82517928810904,503.80288502294064,521.893930328223,539.1397420657016,555.5798115181564,571.251784827498,586.1915492067615,600.4333151235896,614.0096946435266,626.9517761126251,639.2891953504552,651.0502035166068,662.261731806143,672.9494531221891,683.137840866924,692.8502249856174,702.1088453920809,710.9349028978866,719.3486077619978,727.369225971996,735.0151233629006,742.3038076746187,749.251968644337,755.8755162256854,762.189617022181
614,0.36484375,57.01381692720054,95.25636364359747,131.60437574774465,166.22843625040133,199.2286559934025,230.68556776579962,260.67238947060673,289.25807137940507,316.50814049314323,342.4850142229704,367.2481823107494,390.8543523366417,413.3575817771403,434.80940230986033,455.2589379348326,474.75301748859744,493.3362818812558,511.05128631905603,527.9385977504575,544.0368877595872,559.383021119892,574.0121402107028,587.9577454899472,601.2517722072186,613.9246635328234,626.0054402702236,637.5217673114782,648.5000169878413,658.9653294605588,668.9416702901472,678.4518853159616,687.5177529717213,696.1600341567774,704.3985197773211,712.2520760663912,719.7386877864573,726.8754994135065,733.6788543969336,740.1643325851433,746.34678590256
615,0.3640625,55.71617587337936,93.08823215823652,128.6088673500463,162.44479128873854,194.69384215955145,225.43472372728658,254.73899009609838,282.67402400846584,309.3038622396722,334.68950230643424,358.8890803623274,381.95801347563435,403.9491287414282,424.9127848015264,444.8969873108663,463.94749891650116,482.10794407392495,499.4199089587686,515.9230367074196,531.6551182061385,546.6521786371744,560.9485599804048,574.5769996596478,587.5687055139092,599.9534272653767,611.7595246479165,623.014032352163,633.7427219359923,643.9701608421939,653.7197686585415,663.013870749122,671.8737493797687,680.319692454697,688.3710399759668,696.0462283321788,703.362832517837,710.3376063800748,716.9865209849069,723.3248011908877,729.3669605139255
616,0.36328125,54.332947475331295,90.77728840616935,125.41618381728289,158.41219440259593,189.86072276228828,219.8385142579731,248.41534347033925,275.6569181225265,301.6256837098843,326.3811224126795,349.97992644978376,372.47613673523404,393.92126872002643,414.3644308468482,433.852437113204,452.4299142918209,470.1394041227536,487.02146072727356,503.11474347019026,518.456105483916,533.0806780570116,547.0219510803577,560.311849735063,572.9808075976374,585.057836329767,596.5705921122213,607.5454389749818,618.0075091685785,627.9807607148523,637.4880322689143,646.5510954179081,655.1907045363239,663.4266443120215,671.2777750517763,678.7620758700942,685.8966858601841,692.6979433413641,699.1814232727643,705.3619729190087,711.2537458495327
617,0.36250000000000004,52.86554412093013,88.32549198108285,122.02873274175322,154.13344938000205,184.73247616215986,213.90049145319153,241.7053894540678,268.21110621284845,293.4784028464375,317.56515659460666,340.52652963958764,362.4151041230167,383.28100466587114,403.17201368142025,422.13368094199774,440.2094279374732,457.4406473339444,473.86679777779597,489.52549426694225,504.4525942977452,518.6822799855672,532.2471363474048,545.1782259261499,557.5051599275677,569.2561660330534,580.4581530435812,591.1367725029759,601.3164774417041,611.0205783757677,620.2712966889908,629.0898155209863,637.4963282773648,645.5100848733111,653.1494358164398,660.431874229905,667.3740759120128,673.991937524085,680.3006129940314,686.3145482190183,692.047514146693
618,0.36171875000000003,51.31709733489628,85.73854099955487,118.45475940904083,149.61928869969245,179.32223504126677,207.63608320725302,234.62673427251414,260.3562483017783,284.88360428754663,308.2649824517787,330.55392796397115,351.80148189182955,372.05630005096646,391.364764879262,409.7710917478336,427.31743022670287,444.0439606019056,459.9889858800951,475.1890194945936,489.6788689142848,503.4917153467704,516.6591897181681,529.2114451034139,541.1772257728169,552.5839330129035,563.457687872203,573.8233909756093,583.704779544249,593.1244817513892,602.1040685388338,610.6641030124422,618.8241875298581,626.6030085882713,634.0183796149804,641.0872817587403,647.8259027752913,654.2496740961125,660.3733061652689,666.2108221252802,671.7755899291324
619,0.3609375,49.68897870955647,83.018195775005,114.69625041799381,144.87182350204415,173.63217302044393,201.0474915213578,227.18159471223825,252.09457775972223,275.8435515098386,298.482916092981,320.06451962683883,340.6377851400114,360.2498257444239,378.9455530303297,396.76778005796757,413.7573194520999,429.95307688987936,445.39214021276973,460.10986437124365,474.1399523983791,487.51453259854543,500.2642321283955,512.4182471389918,524.0044096399306,535.0492512387752,545.5780639019043,555.6149578760368,565.1829169031693,574.3038508554342,582.9986459104888,591.2872123823729,599.1885303174172,606.7206929596476,613.9009481852547,620.745738001026,627.2707361972286,633.4908842411713,639.4204254936557,645.0729378267,650.4613647172212
620,0.36015625,47.98486022487517,80.17118697705014,110.76302201937081,139.90393032923834,167.67816611147458,194.15350665870258,219.3915732379102,243.4503956344715,266.3851227129334,288.2482863671944,309.0899545935984,328.95785392836314,347.8974805724341,365.95220499573145,383.1633713405203,399.5703921080025,415.21083840537233,430.12052597389385,444.3335971979459,457.8825992832657,470.79855878331887,483.1110526442861,494.8482759311983,506.037106390182,516.7031659945629,526.8708796156823,536.5635309527162,545.8033158495289,554.6113931206015,563.007933002405,571.0121633411303,578.6424136225233,585.9161569446367,592.850050029591,599.459971365962,605.7610575691265,611.7677380428187,617.4937680212605,622.9522600675314,628.1557141002934
621,0.359375,46.20606422131959,77.19906478593951,106.65662757054587,134.71701465814118,161.46136979441337,186.95496695031648,211.25714989471908,234.42380240614318,256.5080329523809,277.56042915955095,297.62920541991105,316.7603209396167,334.9975868535387,352.38276703402653,368.9556738724714,384.7542595051274,399.81470275376546,414.1714919960565,427.85750416000656,440.9040800250056,453.34109600275247,465.1970325629538,476.4990394608647,487.27299791632134,497.54357988687354,507.3343045709242,516.6675922704011,525.564815736419,534.046349115597,542.1316146091959,549.8391269519785,557.186535812699,564.1906662133619,570.867557059841,577.2324978721205,583.300063798301,589.0841489925639,594.5979984335487,599.854238256031,604.8649046653574
622,0.35859375000000004,44.35678049512461,74.10955092751844,102.38839376701048,129.32601770622483,155.00030552984606,179.47390918007406,202.80379020041167,225.04359032394927,246.24428827618638,266.4544437463624,285.7203388718203,304.086091407322,321.593757439938,338.2834280782596,354.1933213353154,369.3598696523131,383.8178033192374,397.6002299960104,410.73871051891706,423.2633311662035,435.2027725481828,446.58437527939225,457.4342025830087,467.777099970736,477.6367521347159,487.03573718164967,495.99557833325036,504.536793211363,512.6789408205589,520.4406663357621,527.8397437974317,534.893116812042,541.6169373510506,548.0266027371708,554.136790902639,559.9614940002018,565.514050443778,570.8071754521537,575.8529901656582,580.6630494024745
623,0.35781250000000003,42.438273982220444,70.90397589147662,97.95943114768353,123.73163062159259,148.29510353310502,171.7098028402176,194.0302344991391,215.30772635819267,235.5910570755651,254.92668988355985,273.35890819124006,290.92992402852775,307.6799764430235,323.64742410101303,338.868833268409,353.3790616054176,367.2113380239642,380.39733880561096,392.9672601587062,404.9498873826276,416.3726607983923,427.2617385971972,437.64205675122344,447.53738612422234,456.97038691291084,465.96266054403884,474.5347991461277,482.70643270929634,490.49627404126255,497.92216162256386,505.0011004591905,511.74930102624575,518.1822163918581,524.3145776063982,530.1604274380737,535.7331525321844,541.0455140677052,546.109676981417,550.9372378265333,555.5392513296239
624,0.35703125,40.455226463628414,67.59100485288414,93.3825070199499,117.9507671794389,141.36681652262098,163.68779537120585,184.9656543583469,205.24931644572274,224.58527591898644,243.01782087608396,260.5891622505878,277.33953701517487,293.30730185327866,308.5290213371463,323.0395517238114,336.87212077637406,350.0584038438249,362.628596385013,374.61148310508054,386.0345038628757,396.9238165000611,407.3043567355528,417.1998952622384,426.6330921765599,435.6255488654747,444.1978574695104,452.3696480351001,460.1596334641108,467.58565236343827,474.66470989275837,481.4130167039295,487.8460260611893,493.9784692271258,499.8243891954316,505.3971728476722,510.70958160769106,515.7737806638347,520.601366825903,525.2033950806147,529.5904039063786
625,0.35625,38.40883767199284,64.1717404079624,88.65828225743505,111.9833999379507,134.2145486461886,155.40599069725675,175.60705818735192,194.86420658133966,213.2215839911492,230.72124279398832,247.4032623937815,263.30584739301435,278.46541666490856,292.91668717575334,306.6927536227949,319.8251642811269,332.3439932855391,344.2779095266775,355.6542423235695,366.4990440246398,376.8371496815233,386.6922339329614,396.0868652295034,405.0425575235391,413.5798195433063,421.7182017639254,429.476341183194,436.8720040048197,443.92212632693946,450.64285292920465,457.04957424731856,463.156961619765,468.9790008874946,474.52902442355264,479.8197416660348,484.8632682243222,489.6711536252727,494.25440776292805,498.62352611233456,502.78851376522033
626,0.35546875,36.30425250838161,60.6557377573166,83.8008860647168,105.8483109509904,126.86175408306704,146.89249187307308,165.98714375087667,184.18961228041223,201.54162065475026,218.08291232968975,233.8513667905889,248.88309215372243,263.2125092171785,276.8724305841137,289.8941358551527,302.30744325508056,314.1407779028358,325.4212368911519,336.17465132675176,346.4256454732329,356.19769313181826,365.513171388806,374.39341185257047,382.85874949726445,390.9285692249295,398.6213502525284,405.9547084254522,412.9454365543292,419.6095428674382,425.96228766674454,432.01821827144863,437.7912023290397,443.2944595701057,448.5405920795944,453.5416131538247,458.30897480931634,462.85359400641335,467.1858776477418,471.3157464087408,475.2526574548222
627,0.35468750000000004,34.142598105404325,57.04386480582999,78.8105255756246,99.54475435601995,119.30651643674382,138.1440489447904,156.10120596755965,173.2192841730659,189.53752893918588,205.09332252114004,219.92229321485945,234.05840265131476,247.5340249948845,260.3800214702203,272.6258111660895,284.2994384668683,295.4276373131707,306.03589245148476,316.1484978171795,325.78861218633733,334.97831222486167,343.7386430570209,352.0896664697319,360.05050686335477,367.6393950545215,374.87371003154453,381.77001875821134,388.34411411726626,394.6110510805904,400.585181189016,406.2801854208068,411.7091055241488,416.8843738854554,421.81784200193465,426.52080762366006,431.0040406273335,435.2778076810234,439.3518957563757,443.2356345421763,446.93791781059457
628,0.35390625000000003,31.929450764151106,53.3465078686557,73.70260478068724,93.09326468796544,111.57454674449629,129.1915473166826,145.98526720681298,161.99431790716687,177.25539428086918,191.80345010994805,205.67179989192292,218.89220026812163,231.49492393562082,243.50882922787778,254.96142623996988,265.87893981909747,276.2863696038383,286.207547258225,295.6651910332008,304.68095778034166,313.27549253664233,321.4684757936077,329.2786685586423,336.7239553117341,343.821384955644,350.58720985325454,357.0369230413724,363.18529370612714,369.04640100113215,374.63366628580775,379.9598838576379,385.0372502487067,389.87739215356805,394.49139305238185,398.88981859025563,403.08274077089555,407.0797610199544,410.89003217086906,414.52227942353744,417.98482032380525
629,0.353125,29.665858068047438,49.564294808413926,68.47687579688579,86.49238226205027,103.66291988072187,120.03040319384424,135.63293790498244,150.50640727760378,164.68491199472416,178.20093371554,191.08542996769555,203.36791002589774,215.07650374819323,226.23802634788476,236.87803992679684,247.02091207563433,256.6898717172036,265.9070623319005,274.6935926912475,283.06958521743195,291.0542220806411,298.6657891404835,305.921717832659,312.838625097212,319.4323514401241,325.7179972156604,331.7099572127588,337.4219536248291,342.8670674785907,348.05776859403625,353.00594414421164,357.72292588029194,362.21951608435836,366.506012309362,370.5922309629685,374.48752978933146,378.2008293003071,381.74063320521236,385.1150478859393,388.331800962037
630,0.35234375,27.35779333845319,45.70837901971643,63.149922429972484,79.76426749202356,95.5994452236161,110.69409391132632,125.08334294627667,138.80027469639754,151.8763294588313,164.3414558401435,176.2241979550584,187.55176517970236,198.35009546889682,208.6439149651784,218.45679464919425,227.81120430565818,236.72856396170388,245.22929292253198,253.33285651773616,261.0578106651819,268.4218443541199,275.44182014448955,282.13381277487866,288.5131459673464,294.59442751322035,300.39158272008314,305.91788629643565,311.18599274696675,316.20796534796256,320.99530376915595,325.55897040521774,329.90941547715204,334.0566009610424,338.01002339892113,341.7787356439693,345.37136758982973,348.7961459314815,352.0609130029123,355.17314473472044,358.13996777275014
631,0.3515625,25.006218150911835,41.77914445194128,57.721043308364784,72.90675587031639,87.380206952863,101.17673009380701,114.32844767853867,126.86560833372178,138.81695780545795,150.20987689668704,161.0704615033135,171.42358660928824,181.29296433639783,190.7011985618896,199.6698368017891,208.2194196188314,216.36952770398386,224.13882674963202,231.54511022085822,238.60534012453317,245.33568587067222,251.75156131582142,257.8676600738679,263.6979891755823,269.25590115431066,274.55412463156745,279.60479347278283,284.41947458014823,289.0091943863435,293.3844641099367,297.55530383038257,301.5312654378325,305.32145451037616,308.93455116887003,312.3788299571558,315.6621787932351,318.7921170348315,321.7758127007373,324.62009888741187,327.3314894184399
632,0.35078125000000004,22.61746601954204,37.788442814774584,52.2078998083646,65.94349706318522,79.0349413335174,91.51417460821786,103.41023828285904,114.75048163721841,125.56089656256597,135.86624184688444,145.69011523814237,155.05501109241266,163.98237270614533,172.49264158606607,180.60530427545953,188.33893696285972,195.7112480023684,202.7391184485493,209.43864069941924,215.82515533573115,221.91328624049362,227.71697407879296,233.249508214294,238.52355713528735,243.5511974597783,248.34394158589984,252.91276405085642,257.26812665866936,261.4200024341889,265.37789845817474,269.1508776356772,272.74757944753435,276.17623973246566,279.4447095450371,282.5604731326547,285.53066507273405,288.3620866092721,291.06122122621065,293.63424949325116,296.08706321809547
633,0.35000000000000003,20.192406583570165,33.73641177717421,46.609341394011764,58.87163508517431,70.55876599288058,81.699268808774,92.31908455487648,102.44264072820204,112.09315091085129,121.29272623775068,130.06244008318743,138.42237977780871,146.39169351402558,153.98863447261112,161.23060273619146,168.13418520013425,174.71519360209868,180.98870076626142,186.96907514863815,192.6700137643718,198.10457357351925,203.2852013980146,208.22376243891927,212.93156745972945,217.41939869835005,221.6975345673622,225.775773199375,229.66345489156538,233.3694835009509,236.902346839519,240.2701361160129,243.48056446898272,246.54098463361052,249.45840578282855,252.23950958134088,254.89066548936046,257.4179453511385,259.8271373017239,262.1237590238319,264.3130703851953
634,0.34921875,17.737694501652495,29.635528294167873,40.94399812389746,51.71616304698727,61.98316074889965,71.77003998778142,81.09957511378845,89.99321370113672,98.47133898656811,106.55336729331958,114.25780451463993,121.60229130136304,128.6036440865148,135.27789371232464,141.64032214369664,147.70549744460743,153.48730711823688,158.99898989119913,164.2531660149516,169.2618661533552,174.03655892207686,178.58817714251643,182.92714287007172,187.0633912538241,191.0063932820927,194.76517746580024,198.34835050918548,201.76411701510304,205.02029826995482,208.12435015121423,211.08338019848958,213.90416388718185,216.5931601419632,219.15652612557236,221.60013133676716,223.929571049695,226.15017912544013,228.26704022506502,230.2850014521073,232.20868345117336
635,0.3484375,15.254102115083592,25.485682905518683,35.21027739112121,44.47355109338216,53.30230677794513,61.71810436442481,69.74054357644229,77.38808017771568,84.67825246688889,91.62776558837362,98.25254047047909,104.56775294547546,110.58786922142497,116.32667924569853,121.79732839022871,127.01234761929177,131.98368223262003,136.72271925721034,141.24031355370434,145.54681269886683,149.65208070229738,153.56552061252478,157.29609606487637,160.8523518209582,164.2424333471538,167.47410547728174,170.5547702023862,173.49148362859324,176.29097214202042,178.95964781789291,181.50362310925132,183.92872484898146,186.24050759730238,188.4442663653402,190.54504874397847,192.5476664658018,194.45670642665075,196.27654119205437,198.01133901263566,199.66507337144208
636,0.34765625,12.74856419887436,21.29990088702054,29.427663076059428,37.1699816886743,44.54923336731474,51.583419205487246,58.288906096483856,64.68110767752806,70.77467286139824,76.58355579849463,82.12105643235984,87.39985294811032,92.43203123644663,97.22911263962983,101.80208032578969,106.16140441738817,110.31706594561024,114.27857968797079,118.05501594132284,121.65502127959444,125.08683834328386,128.35832470562735,131.4769708583207,134.44991735774016,137.28397117072848,139.98562125722813,142.56105342532027,145.01616449258972,147.35657578616014,149.5876460122563,151.71448352470068,153.74195802039964,155.67471168856054,157.51716983914054,159.27355103483836,160.94787674980847,162.54398057719595,164.06551700655814,165.5159697912644,166.89865992501566
637,0.34687500000000004,10.221751034647227,17.077826324101355,23.59413031982329,29.801272870567747,35.717221117431635,41.35642728392024,46.73202895643495,51.85639637947374,56.74128443877783,61.39788929547245,65.83688127407086,70.06843114441376,74.10223394123217,77.94753135888462,81.61313301302242,85.1074366792703,88.43844757269079,91.613796718295,94.64075845752741,97.52626713252504,100.2769329875333,102.89905732475665,105.39864694999855,107.78142794167988,110.0528587751561,112.21814283270268,114.28224032806443,116.24987967307764,118.1255683125544,119.91360305238304,121.61807990459732,123.24290347205792,124.79179589431061,126.26830537517297,127.67581431163184,129.01754704271326,130.29657723610975,131.51583492951056,132.6781132427959,133.786074776484
638,0.34609375000000003,7.680834758573676,12.832952508164157,17.729896699972088,22.39463503338954,26.840645148403365,31.07876949114562,35.11886659069974,38.97022111709403,42.6416573437223,46.14158121616928,49.47800472969606,52.65856543847454,55.690544177345565,58.58088175569676,61.33619483000107,63.96279102942105,66.46668337677245,68.85360403870553,71.1290174360751,73.29813274387489,75.3659158088172,77.33710051142491,79.2161995983219,81.00751500927683,82.71514772244407,84.34300714019179,85.89482003688164,87.37413908898904,88.78435100700999,90.12868428771631,91.41021660444592,92.63188185231105,93.79647686441535,94.9066678144279,95.96499632014756,96.97388526201071,97.93564432984793,98.85247531056861,99.72647712887634,100.55965065253646
639,0.3453125,5.126379460094226,8.564679264632343,11.832517589555799,14.945259890976542,17.911926912037018,20.739774077362945,23.435395838542192,26.00500065417815,28.454487524327565,30.789474598771264,33.01531581212714,35.13711416562846,37.159733747562555,39.08781102115788,40.925765531576005,42.67781009071268,44.3479604741498,45.94004465710796,47.45771161310275,48.904439697120445,50.28354463370079,51.598187129102534,52.85138012565203,54.04599571540973,55.18477172938921,56.270318017742724,57.30512243555034,58.29155654812888,59.23188106909048,60.12825104375083,60.982720789862064,61.7972486070858,62.5737012660677,63.313858287461144,64.01941602075524,64.69199153229579,65.33312631144457,65.94428980339487,66.52688277677186,67.08224053374727
640,0.34453125,2.5657504179359156,4.286884709889033,5.922819615227143,7.481218006537009,8.966575427202367,10.382508828688637,11.732307594755778,13.019070185155272,14.24574182931425,15.415128442550744,16.52990467522882,17.592620362514847,18.605706394622665,19.57148025566972,20.492151296586364,21.369825764606155,22.206511601892455,23.00412302351944,23.7644848843742,24.48933684422234,25.180337339896084,25.839067373259557,26.46703412328329,27.06567439024124,27.63635787970725,28.180390333711443,28.69901651609457,29.193423058792433,29.664741175478483,30.11404924871683,30.542375296482607,30.950699323656135,31.33995556383226,31.711034616545692,32.06478548477725,32.40201751738281,32.723502260872905,33.02997522476116,33.32213756451725,33.600657685955994
641,0.34375,-0.0005979484407329519,-0.0012718903698375062,-0.002046546085423745,-0.002895585274341292,-0.0038002786376739564,-0.004746732540966544,-0.0057242872014475555,-0.006724547125416808,-0.007740767239834977,-0.008767446871076804,-0.00980005008439399,-0.010834805953258028,-0.011868561355019182,-0.01289866952765107,-0.013922903763385059,-0.014939389279851032,-0.015946548565710563,-0.016943056928892426,-0.017927805915723592,-0.01889987290348467,-0.01985849560050945,-0.020803050496505448,-0.02173303453155626,-0.022648049406223864,-0.02354778808548265,-0.024432023132525314,-0.02530059658413653,-0.02615341113011686,-0.02699042240801134,-0.027811632244305818,-0.02861708271937185,-0.029406850938053404,-0.030181044415565628,-0.030939796998343098,-0.03168326525288606,-0.03241162526465581,-0.033125069796424905,-0.03382380576859315,-0.03450805201497937,-0.03517803729174343
642,0.34296875000000004,-2.5651526271453307,-4.285613157982954,-5.920773621713774,-7.478323216723427,-8.962776212758897,-10.377763452735952,-11.726584978367388,-13.012347643216472,-14.238003420143693,-15.406363723499869,-16.520107737927287,-17.58178906784653,-18.593841754916458,-19.558585928348833,-20.47823316413752,-21.354891582690723,-22.190570702126674,-22.98718606071761,-23.746563620379288,-24.470443962152896,-25.160486283898713,-25.81827220981145,-26.445309420831382,-27.04303511452873,-27.61281930259859,-28.15596795368084,-28.673725988837024,-29.16728013664977,-29.63776165457518,-30.086248922842604,-30.5137699169111,-30.92130456418713,-31.309786990444355,-31.680107661123838,-32.033115422447615,-32.36961944704461,-32.69039108856431,-32.99616564954914,-33.287644066619585,-33.56549451685487
643,0.34218750000000003,-5.12757167034512,-8.567215203576282,-11.83659806382817,-14.95103320893082,-17.919504038908755,-20.749238276783533,-23.446809120303016,-26.01840828884735,-28.469921333914815,-30.806955437853627,-33.03485549137804,-35.15871697711696,-37.183397696551644,-39.11352883570344,-40.95352550004518,-42.70759676346473,-44.379755256245254,-45.97382631238824,-47.493456695333784,-48.942122920508865,-50.323139192567425,-51.63966497458978,-52.89471220588181,-54.09115218435884,-55.23172212885543,-56.319031436050665,-57.35556764607042,-58.34370213020949,-59.28569551362711,-60.18370284527946,-61.03977852681866,-61.85588101163956,-62.6338772847544,-63.375547133683284,-64.0825872200823,-64.75661496138181,-65.39917223128013,-66.01172888753504,-66.59568613508979,-67.1523797322177
644,0.34140625,-7.680240653203281,-12.83168879546163,-17.727863320167163,-22.391758090221998,-26.83686935653706,-31.074053371061144,-35.11317925512952,-38.96354002083794,-42.63396664344211,-46.132870533658384,-49.468268193071445,-52.6478009218681,-55.67875268690279,-58.5680669263471,-61.32236250801615,-63.947948922694714,-66.45084075943328,-68.83677149991794,-71.11120666520277,-73.27935634587269,-75.34618714497181,-77.31643356151241,-79.19460884098923,-80.98501531801381,-82.69175427497058,-84.31873533943677,-85.86968544202223,-87.34815735525014,-88.7575378331263,-90.10105537009957,-91.38178759725145,-92.60266833269569,-93.7664943023776,-94.87593154669746,-95.9335215276603,-96.9416869505607,-97.90273731355589,-98.8188741978592,-99.69219631067345,-100.52470429243775
645,0.340625,-10.222932207736678,-17.08033878600659,-23.598173018195236,-29.806992740807587,-35.72472809755037,-41.365803866790905,-46.743336577861925,-51.869679891011444,-56.75657536792883,-61.41520830384134,-65.85624006308382,-70.08983396649548,-74.12567882019901,-77.97301109019605,-81.64063599354503,-85.13694760246203,-88.46994801582278,-91.64726564186404,-94.67617263240835,-97.56360150705648,-100.31616100423214,-102.94015119446364,-105.4415778898133,-107.8261663819028,-110.0993745395701,-112.26640529581029,-114.33221855232452,-116.30154252871856,-118.17888458216608,-119.96854152215823,-121.67460944384837,-123.30099310240387,-124.85141484974956,-126.32942315409656,-127.73840072170647,-129.08157223943755,-130.36201175575906,-131.58264971710375,-132.7462796756296,-133.85556468373275
646,0.33984375,-12.74797744162182,-21.29865280439235,-29.42565484590122,-37.16714032876468,-44.54550427618989,-51.57876141676078,-58.28328910502434,-64.67450921710179,-70.76707728474688,-76.57495285589826,-82.11144032468515,-87.38922157590348,-92.42038559352459,-97.21645631607335,-101.78841909566341,-106.14674589334558,-110.30141928715902,-114.26195535338046,-118.03742547544545,-121.6364771315395,-125.06735370912916,-128.33791339228142,-131.45564716538422,-134.427695974765,-137.26086708772593,-139.9616496866259,-142.53622973385475,-144.9905041418509,-147.33009428070372,-149.56035885433846,-151.68640617483885,-153.71310586306083,-155.6451000023747,-157.48681377111382,-159.24246557810676,-160.9160767245296,-162.5114806142227,-164.03233153358929,-165.48211302118662,-166.86414584619962
647,0.33906250000000004,-15.255264968525236,-25.48815639988055,-35.21425738848372,-44.47918225029965,-53.30969732742591,-61.72733552002559,-69.75167582125518,-77.40115766780991,-84.69330624093968,-91.64481598768701,-98.27159901515125,-104.58882382212867,-110.61095048467098,-116.35176380287436,-121.82440481829003,-127.04140084921417,-132.01469412751229,-136.75566910398112,-141.2751784835891,-145.58356804882027,-149.69070032679605,-153.6059771534607,-157.3383611858027,-160.89639641082138,-164.28822769778012,-167.52161943817617,-170.60397331584113,-173.54234524764416,-176.34346153341622,-179.0137342519227,-181.5592759380284,-183.9859135745583,-186.29920193081136,-188.5044362782024,-190.60666451208894,-192.6106987074897,-194.52112613511312,-196.34231976289018,-198.07844826701495,-199.7334855754025
648,0.0,-17.737118709909762,-29.63430353611609,-40.942027424261845,-51.71337478755588,-61.97950134874319,-71.76546924625586,-81.09406309601964,-89.98673855718935,-98.46388536179167,-106.54492512973326,-114.24836812167405,-121.59185861898175,-128.59221609013727,-135.26547392510452,-141.6269162319452,-147.6911128788522,-153.47195288693825,-158.98267625729412,-164.23590430763912,-169.24366858917892,-174.01743845057533,-178.56814731263032,-182.90621771421326,-187.0415851870568,-190.9837210143127,-194.7416539251526,-198.32399077522993,-201.73893626047035,-204.99431170943006,-208.09757299731749,-211.05582762277507,-213.87585098656783,-216.5641019095027,-219.1267374251493,-221.56962688126606,-223.89836538225083,-226.1182866034171,-228.23447500646702,-230.25177748413802,-232.17481446071443
649,0.0,-20.193543947824185,-33.73883105373451,-46.61323415182546,-58.877142810103784,-70.56599454566485,-81.70829762298261,-92.32997278803772,-102.45543156871612,-112.10787471725975,-121.30940290570975,-130.0810808804983,-138.4429887995391,-146.41426885763462,-154.0131692010978,-161.25708567708006,-168.16260161487259,-174.7455257514984,-181.02092839138706,-187.003175882116,-192.705963483861,-198.14234670667972,-203.3247711864857,-208.26510116743071,-212.97464665536907,-217.46418930416013,-221.74400709374632,-225.82389785624613,-229.7132017037167,-233.4208224087699,-236.95524778684634,-240.32456912671142,-243.53649971355944,-246.59839248706314,-249.51725687473106,-252.29977483906242,-254.95231617519315,-257.48095309402146,-259.8914741241741,-262.1893973646062,-264.37998311816455
