,surface_points,surface_disp_step1,surface_disp_step2,surface_disp_step3,surface_disp_step4,surface_disp_step5,surface_disp_step6,surface_disp_step7,surface_disp_step8,surface_disp_step9,surface_disp_step10,surface_disp_step11,surface_disp_step12,surface_disp_step13,surface_disp_step14,surface_disp_step15,surface_disp_step16,surface_disp_step17,surface_disp_step18,surface_disp_step19,surface_disp_step20
0,0.24921875,107.07042238272682,186.8155742373121,259.35522924704213,325.40725174295267,385.56091667072565,440.34416162102565,490.23661105924793,535.6749112077396,577.0567052859626,614.7441342659483,649.0670088887455,680.3256962920962,708.7937486280525,734.7202969649093,758.3322314649524,779.8361869245562,799.4203510545257,817.2561113262882,833.4995547963604,848.2928340347064
1,0.2484375,106.8234038309024,186.3849642372431,258.75792021033277,324.6584313263242,384.6743762039666,439.33244496423515,489.11113120108536,534.4460532899628,575.7339196428068,613.3360208171447,647.5813937915486,678.7697016068857,707.1738556596822,733.0424038700736,756.6017056554317,778.057912743893,797.5987731596697,815.3952741648616,831.6031385336443,846.3641872516088
2,0.24765625000000002,106.41035072522327,185.66391142298266,257.75640746664345,323.4012739337826,383.1841505271238,437.6297184615737,487.2146441348859,532.3728809727522,573.499620071719,610.9547693139499,645.0661057881033,676.1321445924193,704.424751225992,730.1915207166036,753.6579443456853,775.0293829382547,794.4928639879113,812.2187183444317,828.3620707871968,843.0641975288844
3,0.246875,105.83437645750162,184.65926456817508,256.3620811321125,321.6523626308273,381.1125497204371,435.26445960703484,484.5821582656121,529.497232778562,570.4027200596886,607.6565667499523,641.5847642777625,672.4842018971067,700.625264745109,726.2541999312895,749.5952713988825,770.8527224182351,790.2125628850933,807.8441970633278,823.9019060155753,838.5261976938846
4,0.24609375,105.09422387046514,183.36756885521606,254.56843172151622,319.40141972898977,378.44492667388914,432.21714256119856,481.18883691417983,525.7885948946956,566.406718991851,603.3986650461665,637.0881556391615,667.770013384727,695.7127409877924,721.1608709299466,744.3371053830323,765.4442650829358,784.6670642193588,802.1737268740987,818.1174591535498,832.6377898982754
5,0.24531250000000002,104.19284495974061,181.79507912761477,252.38568457468625,316.6632001594762,375.2010376351437,428.51292411630163,477.0655751845985,521.2838857514936,561.554798029384,598.2307078825911,631.6325513438023,662.0526134591487,689.7570860920692,714.9883973461526,737.96733302871,758.8949687246195,777.9544293882996,795.3124918517709,811.1210442720782,825.5184152894797
6,0.24453125000000003,103.13015617817446,179.9407042495652,249.81095694225667,313.43234955985844,371.3724640020622,424.13980425023294,472.19634050248226,515.9626472868007,555.8217321402177,592.1224073581515,625.182345157619,655.2908579887079,682.7114303537203,707.684024563988,730.4271806488193,751.1399287976869,770.003531071993,787.1830676281492,802.8288813329731,817.0778934132118
7,0.24375000000000002,101.90892992516794,177.8100665712425,246.85324634511989,309.7217037579783,366.9762863858805,419.1194639534661,466.6077241922796,509.8566502244252,549.2447039334807,585.1165577694412,617.7861136919076,647.5392505046498,674.6363256360653,699.314453533937,721.789580651732,742.2583751910139,760.8999481386345,777.877420660136,793.3393515659749,807.4210373425531
8,0.24296875,100.53025677879411,175.4044453658739,243.51331454290352,305.53086472890595,362.0103665958599,413.4475030053702,460.2925966305053,502.95561838356235,541.8099194806659,577.1955181283377,609.4220776242366,638.7716165471852,665.500976727284,689.8440708581625,712.0139294546414,732.2045650724774,750.5926701038883,767.3391630058414,782.5905964918097,796.48044000983
9,0.2421875,98.99671244945982,172.728795826635,239.7988757648438,300.87067005996147,356.48900429914727,407.14199292412536,453.2730814176731,495.2859789043949,533.548333595685,568.3949695069416,600.1308192147146,629.0335927425218,655.3562078935958,679.3290035704935,701.1617554911426,721.0455119489311,739.1542656843491,755.6464765002316,770.6664579459795,784.3456402063096
10,0.24140625,97.31055491667355,169.7867597486172,235.7143315830268,295.74568051762753,350.4163548990111,400.2061604193478,445.55099583763473,486.84770084347144,524.4576684976761,558.7100265925627,589.9045203292276,618.3141356769084,644.1874882782121,667.7509990595253,689.2108756172163,708.7549167214052,726.5541557277694,742.7643572780355,757.5273803861186,770.9724198378151
11,0.240625,95.47414732175496,166.58259461761236,231.2660653742838,290.16466863142193,343.8038489563642,392.65435612007053,437.14385936768804,477.6617048253197,514.5624603586966,548.1690372472226,578.7755186736614,606.649733706635,632.0356012018492,655.1552644007054,676.2110349485324,695.3871633542839,712.8514513889841,728.7567205353834,743.2421493408062,756.4344913774898
12,0.23984375000000002,93.49090112444699,163.12228229768849,226.46209138599173,284.1371258405837,336.66190984902363,384.4974137724024,428.06242499484415,467.7382053346002,503.8719615887858,536.7799019532199,566.7500055035948,594.0445425502852,618.9023697502936,641.5410203024593,662.1586075462961,680.9355586244186,698.0361933784529,713.6101622940704,727.7937560776346,740.7110983238873
13,0.2390625,91.36295232743271,159.40935631844044,221.30742278693776,277.66970553126725,328.9990285584586,375.74587463982766,418.3195000597791,457.09248749757484,492.40413844448295,524.5634605884956,553.851874597974,580.5256773313735,604.8182848560152,626.9422751651915,647.0912485130622,665.441521658489,682.153670849313,697.3739370529405,711.2355057325922,723.8596723701046
14,0.23828125,89.09484483791206,155.45210173274415,215.81363708930712,270.7767712976121,320.8318321734717,366.41811271133236,407.93470695695936,445.7449482513617,480.1797164825881,511.54035072128414,540.1012884309717,566.1124672794843,589.8015123075012,611.3757278218054,631.0239114704382,648.9180063751761,665.214605777128,680.0563233609023,693.5730412477855,705.8830465782263
15,0.23750000000000002,86.68847435074892,151.25330632858677,209.98434634595586,263.4628163620279,312.16581974631424,356.52079489440024,396.91606192886104,433.7051429860016,467.20998127610187,497.72377576058955,525.5135495414187,550.8224871115178,573.8720626621482,594.8639783244741,613.9819293515409,631.3932117006685,647.2501860905489,661.6916113490502,674.8438587226208,686.8220177757152
16,0.23671875000000003,84.14948920590581,146.8235072675515,203.83461995467158,255.74698791722795,303.0237195652515,346.0797221391514,385.29193579882826,421.0035253371787,453.5270037486446,483.14698312312004,510.1226673137328,534.6901203969393,557.0643324130248,577.441100676729,595.9987431443378,612.8996588302667,628.2917489257039,642.3097110534046,655.0762179831099,666.7029911214212
17,0.23593750000000002,81.47953310284738,142.16472940839458,197.36664658289556,247.63159131969738,293.40800484986653,335.09764589340915,373.065504288384,407.6438620466085,439.1353192104242,467.81545834559637,493.9352587014534,517.7232930921278,539.3877283707849,559.1181472457475,577.0872074266268,593.4521526339912,608.3561887028883,621.9297368273312,634.2915749162402,645.549877051251
18,0.23515625,78.68532399040551,137.2896970563017,190.5988946061689,239.1404393119109,283.347364960429,323.6076349969857,360.27371173418385,393.6664756917435,424.07814622396495,451.7748537118123,476.9989703200686,499.9712311202808,520.8926656672497,539.9463571281158,557.2990443779119,573.1025810797652,587.4952645149162,600.6030457886319,612.5406320006899,623.4124900242213
19,0.234375,75.76824343867683,132.19965965684685,183.53211581262414,230.27363517110203,272.8412320355898,311.6085084744056,346.9148737573665,379.0693211427022,408.3532418749278,435.0229030659851,459.31169274204393,481.4321628110328,501.5778893701461,519.9251668644262,536.6345509678538,551.8522637044205,565.7114731139341,578.3334586665234,589.8286726282731,600.2977066688167
20,0.23359375,72.73603758697483,126.90945020924669,176.18806369188107,221.0595103760331,261.92407962817856,299.14039917478095,333.03428043377977,363.90234131660833,392.01470590793116,417.61738209748336,440.9344160567093,462.169852947126,481.50952242399455,499.1226647382482,515.1634116830554,529.7721353419245,543.0766764374212,555.193463026876,566.2285293326903,576.2784436215126
21,0.2328125,69.58981735820805,121.41953504267582,168.56604851777973,211.49596548799585,250.59230229702382,286.1982009805061,318.6253976690017,348.1576918209622,375.05353101247925,399.5482869297064,421.8563174608621,442.17284315447563,460.6756558907599,477.52667493759725,492.8733640542179,506.8500220606333,519.5789581761644,531.1715624187913,541.7292804368144,551.3445013067713
22,0.23203125000000002,66.33830932463316,115.74676439998788,160.69097477649325,201.61567604901902,238.88594524656088,272.8288633175916,303.7415820496497,331.89462799782,357.5343645723207,380.88516045120974,402.1513544934403,421.51904394422564,439.157712857666,455.2217151460608,469.8516252469543,483.17546822366285,495.3098400595105,506.36092794620265,516.425439492522,525.5914489831587
23,0.23125,62.982346912754565,109.89081861887172,152.56071547994412,191.41435284817038,226.79838768451538,259.02338640718676,288.3714900505756,315.0995545553183,339.4414904138309,361.61032274176193,381.8000577017136,400.18738088321567,416.9332038034342,432.1840722669604,446.07344895516064,458.72288148718167,470.24306618484724,480.73481685748817,490.2899470894641,498.9920737548374
24,0.23046875,59.53158332556815,103.87046129849391,144.20317256645563,180.92881403520687,214.37499957497758,244.8352467934351,272.5762158081311,297.84067393162695,320.8497049873441,341.8046551341497,360.88889610148857,378.2694298668676,394.09834995767164,408.5141723043687,421.64304730072405,433.59986367277327,444.4892538115892,454.40650936390426,463.43841509031586,471.6640082863042
25,0.22968750000000002,55.98656935482611,97.68458875588621,135.61479489962642,170.1526070713888,201.60618559396252,230.25160652287656,256.3396763030523,280.0987237550209,301.73668015155033,321.4429106671057,339.38987362616444,355.734630333841,370.6202198712411,384.176911076047,396.52334270994857,407.76756180973655,418.0079693201033,427.3341812910707,435.82781318177973,443.5631941379835
26,0.22890625000000003,52.35782531904486,91.35376226268014,126.8263098451758,159.12646571803282,188.5423607442622,215.33213955706745,239.73032655571217,261.9504330690212,282.1869002783265,300.61681045727784,317.4014376581195,332.6876589679249,346.6092396801894,359.2880037467749,370.834899758541,381.35097177704046,390.9282435076107,399.65052354732046,407.5941387516741,414.8286021357326
27,0.22812500000000002,48.64561597939915,84.8761009198083,117.8327640122973,147.84181389061885,175.17101432852195,200.0602489181671,222.72744320986865,243.37099118094315,262.17156291906707,279.29369615824737,294.8872381219157,309.08865749559476,322.0222390408277,333.80117147768317,344.52853820075643,354.29821951857036,363.1957143241397,371.29888839542895,378.6786558799143,385.3995999311399
28,0.22734375,44.86126390867671,78.27383690430815,108.6675207497011,136.34304982486515,161.5472955630074,184.50143807535937,205.4064201219848,224.44518067962622,241.78431949298158,257.5755631793772,271.9570938056928,285.0547580224826,296.9831681818344,307.84670517182917,317.74043174546233,326.7509243295637,334.9570305869898,342.4305593572758,349.23690901038776,355.43563971011406
29,0.2265625,41.0047462051428,71.54432369739384,99.32425495149312,124.61952676490263,147.65585550962425,168.63545335233292,187.74202136524673,205.14279551762144,220.9900708208687,235.42254313868986,248.56652473550585,260.5370503024185,271.43888402452257,281.3674366581736,290.40960068746415,298.6445108893284,306.1442369759963,312.9744143849604,319.194818742732,324.8598890340286
30,0.22578125,37.08811788842829,64.71132731274405,89.8387602532363,112.71903369096754,133.55623758486087,152.5332238752379,169.81611480402262,185.55614911624687,199.8910579771446,212.9462769026652,224.8360440359284,235.66439970451768,245.52609669584834,254.50742929133332,262.68698831261884,270.1363487793503,276.9206961898418,283.0993969007199,288.7265175937147,293.85129837312644
31,0.225,33.11106853507791,57.771451928510686,80.20337883031428,100.62891881661272,119.23034924116779,136.170964139916,151.59910752877917,165.6498263035859,178.44610145009082,190.09993185556513,200.7133160683031,210.37914555785918,219.18201802683907,227.19897802884302,234.50019141640112,241.14955954264278,247.2052786052713,252.72034903700924,257.7430394067876,262.3173088960542
32,0.22421875000000002,29.08631128834668,50.74985086961201,70.45611392544316,88.40006723159496,104.74176099024184,119.62459162777604,133.17883666911575,145.5231021904226,156.76540161902898,167.0041060178361,176.32880529006022,184.8210919970948,192.55527517923738,199.59903047829073,206.01399224600104,211.8562928110311,217.17705361687845,222.02283252393133,226.4360311866116,230.45526606811504
33,0.2234375,25.01325011693766,43.64239994753215,60.58802220835058,76.01790012139794,90.06974822169553,102.86693565240621,114.52153478296391,125.13557082674576,134.80195252517262,143.6052912786985,151.6226430645191,158.92418342383954,165.57382200380596,171.62976214996857,177.1450104874803,182.16784097257366,186.74221748951368,190.90817870096006,194.702188526486,198.15745532129762
34,0.22265625,20.905177906985706,36.47548471983618,50.639082226304616,63.53608496183433,75.28151660913132,85.97843399400269,95.72046672009397,104.5928569487925,112.67323443082691,120.03229928573221,126.73444082527242,132.83830079937505,138.39728636127367,143.46003727032283,148.07085141209336,152.2700723497923,156.0944422914016,159.57742355637924,162.7494913515395,165.63840041563694
35,0.22187500000000002,16.76121669407207,29.244278058315484,40.59912028195702,50.9382057935271,60.353837253402126,68.9286983001763,76.7378986933662,83.84981294452597,90.32670473745189,96.22527632835698,101.59716604761167,106.48940085252143,110.94480831054368,115.00239171619671,118.6976716637843,122.0629970876483,125.12782850664863,127.91899596171301,130.46093391086643,132.77589514252145
36,0.22109375000000003,12.59515715214555,21.976235077440982,30.509843746083153,38.280381600501705,45.35713664467987,51.80219072423548,57.67194826389574,63.01776196399845,67.88639928543626,72.3204535146265,76.35871639035891,80.03651730520295,83.38603225246655,86.43656522876313,89.21480454229172,91.7450562593199,94.04945682438287,96.14816670968163,98.05954678463883,99.800318946374
37,0.22031250000000002,8.405844796610817,14.665855470166736,20.359911278492763,25.54446048837719,30.265824808955244,34.56549260212223,38.481147940829345,42.04709308320219,45.29456277909289,48.25200055220397,50.94530871859869,53.39807571484981,55.63178298252828,57.665993296837996,59.51852222495626,61.20559423739588,62.74198485371585,64.14115007698712,65.4153442571278,66.57572741991642
38,0.21953125,4.207483065140708,7.34149463795988,10.19250193365968,12.788666957195124,15.153114850240254,17.30656972299779,19.267863069237592,21.054141521768845,22.681021914695446,24.162728099538235,25.512215078139416,26.741282068253852,27.86067552756258,28.880183021052293,29.808718737253717,30.654401390512653,31.42462518337558,32.12612444477079,32.76503250586364,33.34693532608281
39,0.21875,-0.0013519292560181064,-0.002986993841758429,-0.00482334831569499,-0.006774909965429943,-0.008786509638462546,-0.010820851689129631,-0.012851884577081503,-0.01486108843804404,-0.016835219988476473,-0.01876485182281669,-0.020643378581029832,-0.022466314981865857,-0.024230785574192525,-0.0259351454851028,-0.02757869356132822,-0.029161452376096526,-0.03068399766350413,-0.03214732494315094,-0.03355274454607647,-0.034901798597487016
40,0.21796875,-4.206131554098631,-7.33850855725338,-10.187680042489585,-12.781894070450138,-15.144330935959783,-17.295752035265174,-19.25501490797959,-21.039284703520536,-22.664191497553233,-24.143968568232538,-25.491577522562235,-26.718822063706686,-27.83645152509971,-28.854255116976503,-29.781147729412876,-30.6252480545595,-31.3939497195771,-32.093986058187504,-32.731489091508756,-33.312043237100355
41,0.2171875,-8.408540320037133,-14.671811042033749,-20.369528237530016,-25.557968538615807,-30.283343656258808,-34.58706759100652,-38.50677247335054,-42.07672363587412,-45.3281294235167,-48.28941456329756,-50.98646820128834,-53.44286983115616,-55.68009516130077,-57.71770368732379,-59.57350957842053,-61.263737350112244,-62.803163669877286,-64.20524652568841,-65.48224288004724,-66.64531583347475
42,0.21640625000000002,-12.593813973633697,-21.97326740690251,-30.505051583379828,-38.27365047061692,-45.34840688571275,-51.79143973045517,-57.65917931484289,-63.00299674167116,-67.86967263176558,-72.30180964006877,-76.3382060698174,-80.01419577134375,-83.3619575959843,-86.41079717546225,-89.1874035151998,-91.71608265940857,-94.01897048078712,-96.11622646246624,-98.02621017189828,-99.7656419738393
43,0.215625,-16.76388726362948,-29.250178496272525,-40.60864821155415,-50.95158879221341,-60.37119391877435,-68.9500735568964,-76.76328600450944,-83.87916918947997,-90.35996063515127,-96.26234397507837,-101.63794449157436,-106.5337802818392,-110.99267323324294,-115.05362339106959,-118.75214996458799,-122.12060193273523,-125.18844095166602,-127.98249902883558,-130.52721321066642,-132.84483933184833
44,0.21484375,-20.903851342162344,-36.47255375613037,-50.63434933725095,-63.529437088227475,-75.27289482690823,-85.9678159769398,-95.70785570708513,-104.57827435359142,-112.65671466436659,-120.01388601161159,-126.71418419035945,-132.81625535317716,-138.37350947598816,-143.43458793304137,-148.04378929851396,-152.2414571138346,-156.06433302222436,-159.5458783663063,-162.71656706702845,-165.60415234973445
45,0.21406250000000002,-25.015879267693254,-43.648208873406666,-60.597402365560406,-76.0310755576595,-90.08683569508776,-102.88797939071128,-114.54652835053723,-125.16447177167099,-134.83469264083783,-143.64178402468372,-151.66278905473533,-158.96787454952502,-165.62094456422116,-171.68019924554474,-177.19864385510346,-182.22455239303966,-186.80188986327772,-190.9706968645074,-194.7674398645548,-198.2253302176566
46,0.21328125000000003,-29.085009515939117,-50.74697468309072,-70.4514694897764,-88.3935436003765,-104.73330034047551,-119.6141720503437,-133.1664613422545,-145.50879212758795,-156.7491905879803,-166.98603686610343,-176.30892722730135,-184.79945855334742,-192.5319426544932,-199.57405675726903,-205.98743588916827,-211.82821235748963,-217.14750705152935,-221.9918768730988,-226.40372221478546,-230.4216580546574
47,0.21250000000000002,-33.113640057456024,-57.77713352832699,-80.21255338324798,-100.64180545925905,-119.24706217217822,-136.1915466174635,-151.62355325813607,-165.678093763231,-178.47812392836178,-190.13562470888462,-200.7525820890195,-210.42187900686636,-219.2281076956449,-227.24830958025785,-234.55264917959005,-241.20502788972655,-247.26364300349377,-252.7814968472103,-257.8068604822057,-262.38369602322035
48,0.21171875,-37.08684893431393,-64.7085236360455,-89.83423290535735,-112.71267452226232,-133.5479902298405,-152.5230669769159,-169.80405146034323,-185.54219981078106,-199.87525562626814,-212.92866327365834,-224.81666709784216,-235.643311637894,-245.50335238137555,-254.48308515449477,-262.66110143762336,-270.10897622959095,-276.8918944884881,-283.0692216365334,-288.6950231254343,-293.8185376118023
49,0.2109375,-41.00724424487158,-71.54984294219412,-99.33316733589511,-124.6320451632703,-147.67209085705124,-168.65544767063102,-187.765768539373,-205.17025521241246,-221.02117823089011,-235.45721603905113,-248.6046686963076,-260.57856260613124,-271.48365664054927,-281.4153585166454,-290.46055942299296,-298.698394178265,-306.2009335585282,-313.03381484076374,-319.2568160726594,-324.92437908840327
50,0.21015625,-44.860035596389295,-78.27112302301097,-108.66313840210896,-136.3368943248115,-161.5393123499654,-184.49160647609676,-205.39474313501137,-224.43167813230986,-241.76902324735278,-257.5585136649462,-271.9383374551559,-285.03434534518004,-296.96115230080414,-307.8231407054518,-317.71537394976446,-326.7244284404355,-334.9291513174076,-342.40135051573884,-349.20642321476765,-355.4039281769576
51,0.209375,-48.64802513523943,-84.88142378158736,-117.84135928024142,-147.85388686435968,-175.18667199558615,-200.07953180487672,-222.75034541852492,-243.39747381138932,-262.201563471623,-279.32713533364205,-294.9240248501905,-309.1286927140894,-322.065418562895,-333.8473881855734,-344.57768372731636,-354.35018553691503,-363.2503935333763,-371.3561752687058,-378.7384472254076,-385.46179530510534
52,0.20859375000000002,-52.35664522155417,-91.35115490875553,-126.82209951641038,-159.1205518371041,-188.53469089193135,-215.3226938712626,-239.7191079169805,-261.9374605262531,-282.17220444274614,-300.6004301713523,-317.38341753191406,-332.6680475281755,-346.5880879647724,-359.2653642302427,-370.8108255280847,-381.3255159005205,-390.9014585505092,-399.6224612061499,-407.56484957905565,-414.79813533796545
53,0.2078125,-55.988874773557434,-97.68968241743843,-135.62302005835966,-170.1641601864012,-201.6211690455419,-230.270059091945,-256.3615923455744,-280.12406604564666,-301.76538888166345,-321.47490995194875,-339.4250763171929,-355.7729416340216,-370.6615400802317,-384.22113768864784,-396.5703720253796,-407.8172901657687,-418.0602940363317,-427.38900138474685,-435.88502990463843,-443.62271137150503
54,0.20703125,-59.53045871859519,-103.8679765471541,-144.1991602145266,-180.92317823424176,-214.36769037014903,-244.82624525623618,-272.5655246833441,-297.82831137219006,-320.83570016492484,-341.789045064683,-360.87172329736933,-378.25074057304744,-394.07819281220975,-408.49259731448063,-421.6201050574837,-433.57560474885076,-444.4637283009113,-454.37976653229384,-463.41050311349295,-471.63497405697035
55,0.20625000000000002,-62.984534380722984,-109.89565167607545,-152.5685198185441,-191.42531487543516,-226.81260454222686,-259.0408948917184,-288.39228480631016,-315.12360026118745,-339.46873032099984,-361.6406848478297,-381.83345931684585,-400.2237320604649,-416.97240994345935,-432.2260361091047,-446.11807210438525,-458.7700655850468,-470.2927138045168,-480.78683218293224,-490.3442364248156,-499.04854589942664
56,0.20546875000000003,-66.33724714176782,-115.74441757053955,-160.68718513879216,-201.61035307437146,-238.8790417524808,-272.82036142578596,-303.7314843521713,-331.8829516397035,-357.5211371058019,-380.8704168374635,-402.1351348850846,-421.501392019316,-439.1386745545842,-455.20133769638943,-469.82995643375705,-483.1525558126434,-495.28573136421653,-506.3356694980505,-516.3990767933348,-525.5640263229548
57,0.20468750000000002,-69.59187338896508,-121.42407769812164,-168.57338391982023,-211.50626884274644,-250.605664908791,-286.2146574342005,-318.64494293040116,-348.1802926910133,-375.0791341519822,-399.5768246625229,-421.887712065674,-442.20701008897817,-460.7125062398587,-477.5661172848377,-492.91530591695835,-506.89437099065606,-519.6256226008936,-531.2204522796773,-541.7803076680773,-551.3975801878975
58,0.20390625,-72.7350443769581,-126.90725577068747,-176.18452013272542,-221.05453304541865,-261.9176244067972,-299.13244934472675,-333.02483841835146,-363.8914231471994,-392.0023373474542,-417.60359583679286,-440.9192496410876,-462.153347218446,-481.4917203377449,-499.1036104591937,-515.1431498916692,-529.7507107024728,-543.0541331913912,-555.1698446844196,-566.2038784412229,-576.252801595329
59,0.203125,-75.77015535614169,-132.20388390357155,-183.5389370528602,-230.2832163295465,-272.85365801609237,-311.6238114371344,-346.9330490204883,-379.090337833828,-408.377050393324,-435.04944047900824,-459.34088677606576,-481.46393484962493,-501.6121567306616,-519.9618445382387,-536.6735529549234,-551.8935040367459,-565.7548666377977,-578.3789216361188,-589.8761231508864,-600.347065032608
60,0.20234375,-78.68440587672582,-137.2876685380708,-190.59561897269703,-239.13583831200714,-283.3413978099144,-323.60028624136055,-360.26498361300935,-393.6563830238998,-424.0667128241819,-451.7621097990608,-476.98495060081177,-499.95597334840807,-520.8762095505309,-539.9287434922219,-557.2803145252734,-573.082776297862,-587.4744257004337,-600.581213162225,-612.5178448930719,-623.3887867186536
61,0.2015625,-81.48128911942891,-142.16860920250429,-197.37291160602544,-247.6403912105805,-293.4194175883768,-335.11170101664123,-373.08219749571515,-407.6631649826198,-439.15718631863007,-467.8398318248354,-493.9620721713738,-517.7524743468771,-539.419201469938,-559.1518341126281,-577.1230290740328,-593.4900301041804,-608.3960437860235,-621.9714926066943,-634.3351561771019,-645.5952105819196
62,0.20078125000000002,-84.14865184906111,-146.8216571761403,-203.8316324421796,-255.74279161451884,-303.0182772746644,-346.0730197648216,-385.2839753827279,-420.99432039427745,-453.51657599864,-483.13536012677616,-510.10988072471156,-534.6762046483842,-557.0493237201841,-577.4250362744901,-595.9816607024633,-612.8815960049187,-628.2727430166469,-642.289798743847,-655.0554351445985,-666.6813726701793
63,0.2,-86.69006364003481,-151.25681774985011,-209.9900165259387,-263.470780730866,-312.1761488790749,-356.5335155229457,-396.9311701602499,-433.7226131565718,-467.2297721544632,-497.7458350334128,-525.5378171308803,-550.8488976675163,-573.9005474546886,-594.8944666902115,-614.0143498031122,-631.4274927774105,-647.2862570087184,-661.7294024952566,-674.8833020238683,-686.8630469718572
64,0.19921875,-89.09409340049777,-155.4504414745687,-215.81095611671037,-270.77300556346654,-320.82694829591117,-366.41209803998015,-407.9275633235648,-445.73668778362617,-480.17035867124406,-511.5299202989536,-540.0898138033546,-566.0999793466893,-589.788043568984,-611.3613116921186,-631.0085817544473,-648.9017968655834,-665.1975499468342,-680.0384541295283,-693.5543908065757,-705.8636462611187
65,0.19843750000000002,-91.3643650909495,-159.41247771778413,-221.31246316516206,-277.6767852748775,-329.0082104025362,-375.75718234613834,-418.33293016701924,-457.1080171920297,-492.42173107403846,-524.5830696501694,-553.8734466868641,-580.5491543560381,-604.8436057206393,-626.9693770554393,-647.1200678821691,-665.4719949834713,-682.1857352089479,-697.407530566379,-711.2705678882874,-723.8961442679944
66,0.19765625000000003,-93.4902402393523,-163.120822108806,-226.45973348232144,-284.133813891817,-336.65761449483887,-384.49212388585056,-428.05614218611345,-467.7309402693167,-503.86373140852544,-536.7707284099628,-566.7399135799421,-594.0335594228028,-618.8905240022834,-641.5283413221401,-662.1451250652352,-680.9213023635357,-698.0211927774351,-713.5944463060139,-727.7773530150355,-740.6940357452373
67,0.19687500000000002,-95.4753748493658,-166.58530675057222,-231.27044487506816,-290.1708201006212,-343.8118269022317,-392.6641811877217,-437.15552854875176,-477.6751982966477,-514.5777462733987,-548.186075199354,-578.7942622604955,-606.6701324535431,-632.0576020238815,-655.1788127198195,-676.2360755503663,-695.4136410451937,-712.8793114982201,-728.7859092961776,-743.2726141761576,-756.4661811105842
68,0.19609375,-97.30998865849868,-169.785508631586,-235.7123112854806,-295.74284277330963,-350.41267455010035,-400.20162793086934,-445.5456125882422,-486.8414759709231,-524.4506166886828,-558.7021664843381,-589.8958733272424,-618.3047250666342,-644.177338550579,-667.740135395243,-689.1993234912665,-708.7427015997056,-726.5413028353101,-742.7508914229056,-757.5133258275333,-770.9578001889378
69,0.1953125,-98.99774717308433,-172.73108197203737,-239.8025673870739,-300.87585532873504,-356.49572915976665,-407.1502747777164,-453.2829177272985,-495.2973529596522,-533.5612185512289,-568.4093313029649,-600.1466187367466,-629.0507874439411,-655.3747530276106,-679.3488531318592,-701.1828629383325,-721.0678307579471,-739.1777497720003,-755.6710805453433,-770.692137630276,-784.372352391769
70,0.19453125,-100.52978863874219,-175.40341103426962,-243.51164430724518,-305.52851868450415,-362.00732394243886,-413.4437558586602,-460.28814612907865,-502.95047208093587,-541.8040895181101,-577.1890199133794,-609.4149288532363,-638.7638364709582,-665.4925855934009,-689.8350894845896,-712.004378902729,-732.1944663961552,-750.5820441579507,-767.3280303004442,-782.5789770833451,-796.4683534205719
71,0.19375,-101.90976546542811,-177.8119126342716,-246.8562273286862,-309.7258908572647,-366.9817166999082,-419.1261515320317,-466.61566698547335,-509.8658347375785,-549.255108488276,-585.1281548621827,-617.7988717375266,-647.5531351468455,-674.6513007420906,-699.3304819549941,-721.8066248060898,-742.2763975111764,-760.918911413109,-777.8972882927847,-793.3600877705073,-807.4426072857245
72,0.19296875000000002,-103.12978904252248,-179.93989308041895,-249.80964706601654,-313.43050967936506,-371.37007780276366,-424.1368655471172,-472.1928501869733,-515.9586112815657,-555.8171599662048,-592.1173110981911,-625.1767386898497,-655.2847564105996,-682.7048495446585,-707.6769808508575,-730.4196905495056,-751.1320088243463,-769.9951975806696,-787.1743367046358,-802.8197687072084,-817.0684143962432
73,0.1921875,-104.19347616528206,-181.79647372669743,-252.38793654078793,-316.6663632742424,-375.2051399225246,-428.5179761880867,-477.071575490496,-521.2908240957303,-561.562658034297,-598.2394687701478,-631.64218925306,-662.0631024359458,-689.7683988404793,-715.0005058028721,-737.9802088035233,-758.9085834381681,-777.9687549302321,-795.3275005766374,-811.1367091462314,-825.5347099992346
74,0.19140625,-105.09396000275264,-183.3669858496717,-254.56749028046818,-319.4000973557036,-378.44321164005913,-432.21503041914673,-481.1863283026377,-525.7856940689273,-566.4034327937551,-603.3950021593638,-637.0841260379965,-667.7656279202438,-695.7080110732953,-721.1558083005901,-744.3317219114149,-765.4385726376573,-784.6610745568944,-802.1674515567272,-818.1109094877999,-832.6309768895948
75,0.19062500000000002,-105.83479943674952,-184.66019910514618,-256.3635901965615,-321.65448225921875,-381.1152986888116,-435.2678450236931,-484.5861790893902,-529.501882175404,-570.4079870535326,-607.662437416514,-641.5912226273273,-672.4912305376673,-700.6328453858549,-726.2623137674425,-749.6038994067943,-770.8618455816721,-790.2221623681771,-807.8542543417623,-823.9124029750532,-838.5371167025362
76,0.18984375000000003,-106.4101917523034,-185.6635601754707,-257.7558402650239,-323.4004772203842,-383.1831172321336,-437.6284459020122,-487.2131326928056,-532.3711332097407,-573.4976401084137,-610.9525623812071,-645.0636778949688,-676.1295022766101,-704.4219013643706,-730.1884703802542,-753.6547006887365,-775.0259531125961,-794.4892550779877,-812.2149373177465,-828.3581244571835,-843.0600925275638
77,0.18906250000000002,-106.8236159760798,-186.3854329503964,-258.75867706920934,-324.65949439996746,-384.6757549046843,-439.3341428529563,-489.1131477521435,-534.4483850731143,-575.7365611512321,-613.3389650661372,-647.5846327611935,-678.773226574556,-707.1776574524574,-733.0464730576496,-756.6060326980298,-778.0624881056657,-797.6035873953622,-815.4003179855641,-831.6084028560934,-846.3696632344815
78,0.18828125,-107.07036928475655,-186.81545691342515,-259.35503978181663,-325.4069856013038,-385.560571484858,-440.3437364891412,-490.23610610431433,-535.6743272818344,-577.0560437630274,-614.7433968918052,-649.0661976700832,-680.3248134129951,-708.7927963865401,-734.7192777244142,-758.3311476170427,-779.8350408603346,-799.419145142751,-817.254847896754,-833.4982361274232,-848.2914623440944
79,0.1875,-107.15382940049575,-186.96153862209846,-259.55843065171996,-325.66287279737793,-385.8645571736024,-440.69179959757525,-490.6245712115712,-536.0998359536002,-577.5155278961255,-615.2340540383823,-649.5854682881225,-680.8703599520061,-709.3624840974495,-735.3111570754181,-758.9434381969426,-780.466116654418,-800.0675210717951,-817.91916751622,-834.1772603907566,-848.9840593409541
80,0.18671875,-107.07042238609579,-186.81557423710547,-259.35522923404255,-325.40725170706787,-385.560916602184,-440.3441615111379,-490.23661090083516,-535.6749109953167,-577.0567050157538,-614.7441339357872,-649.0670084979096,-680.325695841105,-708.7937481184537,-734.7202963990669,-758.3322308458506,-779.8361862556192,-799.4203503394632,-817.2561105689614,-833.4995540006714,-848.2928332045105
81,0.1859375,-106.82340383444452,-186.38496423723734,-258.75792019734604,-324.6584312900126,-384.67437613430377,-439.33244485229625,-489.111131039488,-534.4460530730576,-575.7339193666946,-613.3360204795773,-647.581393391759,-678.7697011453819,-707.1738551380294,-733.042403290677,-756.6017050213358,-778.0579120585967,-797.5987724269675,-815.3952733887072,-831.6031377180358,-846.3641864004987
82,0.18515625000000002,-106.41035072894913,-185.6639114231978,-257.75640745370015,-323.4012738970851,-383.1841504563904,-437.62971834764204,-487.2146439701686,-532.372880751434,-573.4996197897759,-610.9547689690493,-645.0661053794321,-676.1321441204734,-704.4247506923527,-730.191520123717,-753.657943696655,-775.0293822366547,-794.4928632376215,-812.2187175494981,-828.362069951714,-843.0641966569036
83,0.184375,-105.83437646141397,-184.65926456861956,-256.36208111922633,-321.6523625937617,-381.11254964865236,-435.26445949112883,-484.58215809778926,-529.4972325528372,-570.4027197719107,-607.6565663977013,-641.5847638601766,-672.4842014146666,-700.6252641994104,-726.2541993248173,-749.5952707347985,-770.8527217001865,-790.2125621170445,-807.8441962494161,-823.9019051599925,-838.5261968007793
84,0.18359375,-105.0942238745669,-183.36756885589844,-254.5684317087027,-319.401419691578,-378.44492660108125,-432.2171424433512,-481.1888367432877,-525.788594664603,-566.4067186982771,-603.3986646866026,-637.0881552126957,-667.7700128918236,-695.7127404300604,-721.1608703099092,-744.3371047039095,-765.4442643484476,-784.6670634335551,-802.1737260412091,-818.1174582778629,-832.6377889840385
85,0.18281250000000002,-104.19284496403493,-181.79507912854336,-252.38568456195821,-316.6632001217349,-375.20103756133045,-428.51292399652937,-477.06557501064896,-521.2838855170367,-561.5547977300062,-598.2307075156925,-631.6325509084176,-662.0526129557235,-689.7570855222237,-714.988396712446,-737.9673323344184,-758.8949679735356,-777.9544285845565,-795.31249099969,-811.1210433760443,-825.5184143538393
86,0.18203125000000003,-103.13015618266502,-179.94070425075094,-249.81095692963336,-313.4323495218152,-371.372463927279,-424.1398041285775,-472.19634032552176,-515.9626470480292,-555.8217318350871,-592.1224069839685,-625.1823447133634,-655.2908574748055,-682.7114297718014,-707.6840239166474,-730.4271799393894,-751.139928030032,-770.00353025033,-787.1830667568918,-802.8288804166036,-817.0778924561761
87,0.18125000000000002,-101.90892992986105,-177.8100665726987,-246.85324633262138,-309.7217037196582,-366.976286310155,-419.1194638299548,-466.60772401233174,-509.856649981355,-549.2447036226024,-585.1165573879646,-617.7861132387548,-647.5392499802235,-674.6363250420037,-699.3144528728682,-721.7895799270425,-742.2583744066385,-760.8999472988734,-777.8774197694938,-793.339350629031,-807.4210363638526
88,0.18046875,-100.53025678369276,-175.4044453676118,-243.51331453055073,-305.5308646903397,-362.0103665192318,-413.44750288005037,-460.2925964476232,-502.9556181362512,-541.8099191640994,-577.1955177396273,-609.4220771622446,-638.7716160122908,-665.5009761211315,-689.8440701834129,-712.0139287147344,-732.2045642714191,-750.5926692460613,-767.3391620958427,-782.5905955343155,-796.480439009486
89,0.1796875,-98.99671245457314,-172.72879582867108,-239.79887575265994,-300.8706700211773,-356.48900422164724,-407.14199279702683,-453.2730812318823,-495.2859786528598,-533.5483332734361,-568.394969110988,-600.1308187438558,-629.0335921971096,-655.3562072752786,-679.3290028819628,-701.1617547358901,-721.0455111310315,-739.154264808267,-755.646475570655,-770.6664569676811,-784.3456391840352
90,0.17890625,-97.31055492201217,-169.78675975097488,-235.71433157104943,-295.7456804786774,-350.41635482070416,-400.20616029054685,-445.55099564902093,-486.84770058780543,-524.457668169842,-558.7100261894657,-589.9045198496027,-618.3141351210784,-644.1874876478282,-667.7509983573079,-689.2108748467091,-708.7549158867512,-726.5541548335151,-742.76435632896,-757.5273793870923,-770.9724187936847
91,0.178125,-95.47414732732621,-166.5825946203074,-231.26606536253686,-290.16466859233566,-343.8038488772839,-392.6543559896012,-437.1438591762814,-477.66170456554505,-514.5624600252886,-548.1690368369781,-578.775518185247,-606.6497331403418,-632.0356005593283,-655.155263684704,-676.2110341626432,-695.3871625027167,-712.8514504763664,-728.7567195665847,-743.2421483207937,-756.43449031121
92,0.17734375000000002,-93.49090113025544,-163.1222823007339,-226.46209137449796,-284.1371258013945,-336.6619097692125,-384.4974136403152,-428.062424800702,-467.7382050707788,-503.8719612498674,-536.7799015358921,-566.750005006454,-594.0445419735888,-618.9023690956915,-641.5410195727246,-662.1586067450704,-680.9355577559787,-698.036192447507,-713.6101613055785,-727.7937550366617,-740.7110972354811
93,0.1765625,-91.36295233348135,-159.4093563218461,-221.30742277571386,-277.6697054919971,-328.9990284779413,-375.74587450614666,-418.3194998629208,-457.09248722971756,-492.4041381000533,-524.5634601640667,-553.8518740920689,-580.5256767442127,-604.8182841892444,-626.9422744216071,-647.0912476963525,-665.4415207729961,-682.153669899824,-697.3739360445053,-711.2355046703727,-723.8596712592494
94,0.17578125,-89.09484484421323,-155.45210173653555,-215.81363707839355,-270.776771258316,-320.83183209231726,-366.4181125761383,-407.9347067574754,-445.7449479795664,-480.17971613274966,-511.5403502898597,-540.1012879164083,-566.1124666819641,-589.8015116286639,-611.3757270644701,-631.0239106383387,-648.9180054727194,-665.214604809181,-680.0563223326049,-693.5730401643968,-705.8830454449972
95,0.17500000000000002,-86.6884743573149,-151.25330633278867,-209.98434633538898,-263.4628163227524,-312.16581966457596,-356.52079475774974,-396.9160617268068,-433.70514271031783,-467.20998092089405,-497.7237753221939,-525.5135490182032,-550.8224865036215,-573.8720619712021,-594.8639775533167,-613.9819285039498,-631.3932107811131,-647.2501851039738,-661.6916103006839,-674.8438576178195,-686.8220166198306
96,0.17421875000000003,-84.14948921274564,-146.82350727218474,-203.83461994448598,-255.7469878780212,-303.02371948299015,-346.0797220011164,-385.29193559428467,-421.0035250576945,-453.52700338815964,-483.1469826778479,-510.1226667819593,-534.6901197787596,-557.0643317100594,-577.4410998918347,-595.998742281335,-612.8996578936874,-628.2917479205704,-642.309709985035,-655.0762168569574,-666.7029899429401
97,0.17343750000000002,-81.47953310996394,-142.16472941346973,-197.36664657310942,-247.63159128058408,-293.4080047671106,-335.0976457540184,-373.0655040813761,-407.6438617633402,-439.135318844666,-467.8154578934343,-493.9352581610874,-517.7232924636054,-539.3877276557125,-559.1181464469975,-577.0872065480598,-593.4521516801999,-608.3561876789707,-621.9297357386938,-634.2915737684325,-645.5498758498288
98,0.17265625,-78.68532399780152,-137.28969706183,-190.5988945968046,-239.14043927292514,-283.34736487722375,-323.6076348562943,-360.27371152477474,-393.6664754047601,-424.07814585300565,-451.77485325283396,-476.9989697711832,-499.9712304814859,-520.8926649401366,-539.9463563155714,-557.2990434838365,-573.1025801088114,-587.4952634722589,-600.6030446797655,-612.5406308312616,-623.4124887998894
99,0.171875,-75.76824344636306,-132.19965966285042,-183.5321158037144,-230.27363513228514,-272.84123195198214,-311.6085083324617,-346.91487354560104,-379.0693208520405,-408.3532414987916,-435.0229026001972,-459.31169218462367,-481.4321621619246,-501.5778886309221,-519.9251660379845,-536.6345500581319,-551.8522627161287,-565.7114720523219,-578.3334575371724,-589.8286714369264,-600.2977054212349
100,0.17109375,-72.73603759496932,-126.90945021576282,-176.1880636834846,-221.05951033746504,-261.92407954426886,-299.1403990317033,-333.03428021979227,-363.90234102241567,-392.014705526775,-417.6173816250499,-440.9344154909227,-462.16985228787456,-481.50952167282975,-499.12266389807843,-515.1634107578534,-529.7721343364582,-543.0766753570142,-555.1934618771977,-566.2285281195799,-576.2784423508339
101,0.1703125,-69.58981736651863,-121.41953504972264,-168.56604850992505,-211.4959654497141,-250.5923022128553,-286.1982008363395,-318.6253974528341,-348.1576915232725,-375.05353062632463,-399.5482864506309,-421.85631688669037,-442.17284248503586,-460.67565512757886,-477.52667408358985,-492.8733631133902,-506.8500210378081,-519.5789570767373,-531.1715612485175,-541.7292792016291,-551.3445000126402
102,0.16953125000000002,-66.33830933327411,-115.74676440759737,-160.69097476923218,-201.6156760110957,-238.88594516222454,-272.8288631724446,-303.7415818314257,-331.89462769676896,-357.5343641813121,-380.8851599656433,-402.1513539110383,-421.5190432647537,-439.1577120826243,-455.2217142783694,-469.85162429065133,-483.1754671836251,-495.30983894120607,-506.3609267554725,-516.4254382353971,-525.5914476657085
103,0.16875,-62.98234692174143,-109.89081862707401,-152.56071547332098,-191.4143528106616,-226.79838760007607,-259.02338626112805,-288.37148983036235,-315.09955425096683,-339.4414900180174,-361.61032224973627,-381.8000571110909,-400.18738019369454,-416.93320301648413,-432.1840713855028,-446.0734479832625,-458.72288042977146,-470.2430650474631,-480.73481564605527,-490.2899458101086,-498.99207241373034
104,0.16796875,-59.53158333491189,-103.87046130731585,-144.20317256051598,-180.92881399817773,-214.37499949051917,-244.83524664656557,-272.5762155860445,-297.8406736241027,-320.8497045868626,-341.80465463580794,-360.8888955027918,-378.26942916744497,-394.0983491589602,-408.5141714092895,-421.64304631337205,-433.59986259812786,-444.4892526552585,-454.406508131898,-463.4384137888555,-471.6640069216639
105,0.16718750000000002,-55.98656936453328,-97.68458876534557,-135.61479489439944,-170.1526070348784,-201.60618550953083,-230.25160637524468,-256.33967607913837,-280.09872344436224,-301.736679746426,-321.44291016245444,-339.3898730193768,-355.73462962447184,-370.6202190606905,-384.1769101672326,-396.52334170698936,-407.76756071766044,-418.0079681445857,-427.33418003820424,-435.82781185788014,-443.5631927494271
106,0.16640625000000003,-52.35782532912616,-91.35376227280379,-126.82630984070764,-159.12646568210744,-188.54236065994309,-215.33213940877692,-239.73032633009026,-261.95043275536017,-282.1868998687009,-300.61680994646565,-317.40143704339346,-332.68765824876334,-346.6092388579534,-359.2880028243767,-370.83489874012275,-381.3509706676779,-390.92824231304655,-399.6505222737302,-407.59413740546836,-414.8286007233907
107,0.16562500000000002,-48.645615989869654,-84.87610093062666,-117.83276400863353,-147.84181385533708,-175.1710142443833,-200.06024876929055,-222.72744298261048,-243.3709908643451,-262.1715625049934,-279.29369564130934,-294.88723749926294,-309.08865676662396,-322.02223820685646,-333.8011705416142,-344.52853716675173,-354.29821839175025,-363.19571311031166,-371.29888710084964,-378.67865451108736,-385.39959849464685
108,0.16484375,-44.86126391954592,-78.27383691584767,-108.66752074688846,-136.3430497902954,-161.54729547913894,-184.50143792600613,-205.40641989321702,-224.44518036023206,-241.78431907461197,-257.5755626564736,-271.95709317527877,-285.05475728387074,-296.9831673362967,-307.84670422225673,-317.7404306960356,-326.75092318544705,-334.9570293540553,-342.4305580418611,-349.2369076190906,-355.43563824961865
109,0.1640625,-41.00474621642181,-71.5443237096796,-99.32425494957107,-124.6195267310968,-147.65585542608704,-168.63545320256847,-187.74202113503395,-205.14279519548901,-220.99007039824826,-235.42254260984723,-248.56652409733286,-260.53704955413815,-271.4388831673565,-281.36743569499725,-290.40959962247314,-298.64450972772744,-306.1442357237194,-312.9744130484244,-319.19481732862647,-324.85988754913956
110,0.16328125,-37.088117900127635,-64.71132732580467,-89.83876025225513,-112.71903365799906,-133.55623750175099,-152.53322372517945,-169.81611457250054,-185.55614879152733,-199.89105755043693,-212.94627636805615,-224.83604339017504,-235.66439894675102,-245.52609582723684,-254.50742831473528,-262.6869872322431,-270.1363476004415,-276.92069491839544,-283.09939554323194,-288.7265161569673,-293.85129686400836
111,0.1625,-33.111068547211325,-57.77145194237571,-80.20337883031983,-100.62891878454177,-119.23034915855624,-136.17096398964057,-151.59910729602495,-165.64982597635074,-178.446101019355,-190.09993131523035,-200.71331541498577,-210.3791447905924,-219.18201714673356,-227.1989770387349,-234.50019032050866,-241.14955834624715,-247.20527731442655,-252.720347658288,-257.74303794706316,-262.31730736231634
112,0.16171875000000002,-29.086311300930006,-50.74985088431944,-70.4561139264991,-88.40006720051228,-104.74176090824587,-119.62459147742553,-133.17883643529348,-145.5231018608546,-156.7654011844632,-167.00410547198555,-176.32880462939727,-184.82109122055178,-192.55527428786442,-199.59902947489996,-206.01399113481853,-211.8562915973733,-217.1770523068576,-222.02283112419676,-226.43602970412772,-230.45526450997386
113,0.1609375,-25.013250129984286,-43.64239996311179,-60.58802221050403,-76.01790009136616,-90.06974814038968,-102.86693550206212,-114.52153454815614,-125.1355704949221,-134.80195208684214,-143.60529072737896,-151.62264239653263,-158.92418263801167,-165.573821101121,-171.6297611332096,-177.145009360877,-182.16783974147418,-186.74221616008512,-190.9081772799262,-194.70218702090034,-198.15745373835296
114,0.16015625,-20.905177920511193,-36.47548473632596,-50.639082229619845,-63.53608493294569,-75.28151652863552,-85.97843384381093,-95.7204664844699,-104.59285661490247,-112.6732339889375,-120.03229872916239,-126.73444015019057,-132.8383000044969,-138.39728544751483,-143.46003624043516,-148.07085027030857,-152.2700711014888,-156.09444094280116,-159.5774221142795,-162.74948982308374,-165.63839880811923
115,0.15937500000000002,-16.761216708090092,-29.244278075746763,-40.59912028648387,-50.93820576584823,-60.35383717379605,-68.9286981502244,-76.73789845701516,-83.84981260865393,-90.32670429207607,-96.22527576659078,-101.59716536546303,-106.48940004859,-110.9448073856708,-115.00239067309799,-118.69767050668864,-122.06299582196074,-125.12782713864205,-127.91899449825642,-130.46093235919062,-132.77589351002018
116,0.15859375000000003,-12.595157166672797,-21.97623509585422,-30.50984375189031,-38.28038157413137,-45.357136566092215,-51.80219057468046,-57.67194802700032,-63.01776162634932,-67.88639883679751,-72.32045294790217,-76.35871570139288,-80.03651649247566,-83.38603131674196,-86.43656417271814,-89.21480337015082,-91.74505497651327,-94.04945543723383,-96.14816522513033,-98.05954521000369,-99.80031728914942
117,0.15781250000000002,-8.405844811661565,-14.665855489594856,-20.35991128563293,-25.544460463386194,-30.26582473147118,-34.56549245305834,-38.48114770348651,-42.047092743868745,-45.294562327272615,-48.25199998058431,-50.94530802285266,-53.398074893331845,-55.63178203591919,-57.6659922277704,-59.518521037645336,-61.20559293729293,-62.74198344719094,-64.1411485710486,-65.41534265917952,-66.5757257375514
118,0.15703125,-4.207483080733629,-7.3414946584476475,-10.19250194220843,-12.788666933691955,-15.153114774001077,-17.306569574597493,-19.267862831648223,-21.05414118097682,-22.68102145994042,-24.1627275232871,-25.512214375890416,-26.741281238232034,-27.860674570362345,-28.880181939259465,-29.8087175350721,-30.654400073413107,-31.42462375777409,-32.12612291774355,-32.765030884900035,-33.34693361887519
119,0.15625,0.0013519131055411103,0.00298697225899071,0.004823338301697144,0.006774931904410285,0.008786584540457469,0.010820999323083606,0.012852122306309532,0.014861430585247363,0.016835677585646004,0.018765432631141964,0.020644087284325322,0.022467153491400486,0.0242317533883401,0.0259362400706325,0.02757991073095931,0.029162786643901064,0.030685442571383895,0.03214887335023427,0.033554388880069966,0.03490353106871314
120,0.15546875,4.206131537371322,7.338508534528853,10.187680030930926,12.781894090710479,15.144331009375012,17.29575218194963,19.255015145634758,21.03928504678181,22.66419195772826,24.14396915331467,25.491578237421354,26.718822910394127,27.836452503209944,28.85425622403164,29.781148961244387,30.62524940566803,31.39395118346349,32.09398762764666,32.73149075888537,33.31204499450685
121,0.1546875,8.408540302716506,14.671811018129713,20.36952822436611,25.55796855711559,30.28334372808785,34.58706773663016,38.50677271081515,42.07672398013531,45.32812988616559,48.28941515256758,50.986468922243084,53.44287068599428,55.68009614971958,57.71770480690689,59.57351082502363,61.263738718227344,62.80316515296829,64.20524811648946,65.48224457082281,66.64531761624161
122,0.15390625000000002,12.59381395569938,21.973267381769276,30.505051568525985,38.27365048723375,45.348406955795234,51.79143987482112,57.659179551886446,63.00299708667176,67.869673096602,72.30181023321873,76.3382067965425,80.01419663399386,83.3619585943631,86.41079830721785,89.18740477621456,91.7160840441677,94.01897198271874,96.11622807424438,98.02621188570721,99.76564378159956
123,0.153125,16.76388724506332,29.25017846986868,40.60864819494397,50.95158880685736,60.37119398700079,68.95007369988136,76.76328624100185,83.87916953509092,90.3599611020554,96.26234457200601,101.63794522399313,106.53378115225794,110.99267424157877,115.05362453504172,118.75215124011119,122.12060333429311,125.18844247265534,127.98250066187394,130.52721494786104,132.84484116502603
124,0.15234375,20.90385132294319,36.472553728403916,50.63434931879536,63.52943710076934,75.2728948931087,85.96781611833454,95.70785594278064,104.57827469953423,112.6567151330314,120.01388661198581,126.71418492812107,132.81625623099816,138.37351049390287,143.4345890888432,148.04379058815297,152.24145853179454,156.0643345618721,159.5458800202038,162.7165688272059,165.60415420792458
125,0.15156250000000002,25.015879247801728,43.64820884431317,60.59740234518784,76.03107556800195,90.08683575914316,102.88797953038092,114.54652858529245,125.1644721178018,134.83469311112768,143.64178462838572,151.66278979774637,158.96787543468827,165.62094559169577,171.68020041320537,177.19864515894142,182.22455382754447,186.80189142179117,190.97069853953982,194.76744164806277,198.22533210128142
126,0.15078125000000003,29.08500949535437,50.74697465257745,70.4514694673955,88.39354360838597,104.73330040220921,119.61417218806967,133.16646157581175,145.50879247361377,156.749191059571,166.98603747278258,176.30892797518922,184.79945944546276,192.53194369112396,199.5740579363743,205.98743720678365,211.82821380811265,217.147508628478,221.99187856883276,226.40372402118797,230.42165996327807
127,0.15000000000000002,33.113640036156816,57.77713349634573,80.21255335878114,100.64180546482991,119.24706223146062,136.1915467530984,151.62355349033757,165.67809410899218,178.47812440110084,190.13562531840452,200.75258284167302,210.42187990585623,219.22810874139577,227.2483107708209,234.5526505110515,241.20502935659795,247.26364459907455,252.78149856391386,257.8068623118454,262.3836979572571
128,0.14921875,37.086848912277155,64.70852360253828,89.8342328787045,112.71267452524852,133.54799028647844,152.5230671102207,169.80405169090676,185.54220015595604,199.87525609979923,212.92866388563277,224.81666785484987,235.64331254332646,245.5033534357982,254.48308635605454,262.6611027824604,270.10897771223307,276.8918961022179,283.069223373719,288.6950249778199,293.81853957075975
129,0.1484375,41.007244222077816,71.54984290711455,99.33316730698019,124.63204516356691,147.6720909109149,168.65544780145686,187.76576876813843,205.17025555683847,221.02117870505714,235.4572166533401,248.6046694575548,260.57856351792583,271.48365770360596,281.4153597292146,290.4605607812755,298.69839567681146,306.2009351906098,313.03381659870774,319.25681794814494,324.9243810727166
130,0.14765625,44.86003557281038,78.2711229862918,108.66313837081762,136.33689432225304,161.53931240083702,184.49160660417485,205.39474336166202,224.4316784756261,241.76902372175567,257.5585142811153,271.9383382201793,285.0343462628493,296.96115337198785,307.8231419285077,317.71537532095783,326.72442995434204,334.92915296728944,342.40135229388386,349.20642511279027,355.4039301860582
131,0.146875,48.648025110854825,84.88142374317938,117.84135924649259,147.85388685883393,175.18667204332613,200.07953193004633,222.75034564288634,243.39747415341708,262.201563946088,279.3271359515327,294.92402561885626,309.12869363753373,322.0654196421491,333.8473894191106,344.5776851114738,354.3501870663004,363.2503952012482,371.35617706731784,378.7384491463139,385.4617973394241
132,0.14609375000000002,52.35664519633444,91.35115486858757,126.82209948008258,159.12055182843466,188.53469093630693,215.32269399323553,239.71910813871224,261.93746086660354,282.1722049168413,300.60043079049433,317.38341830371934,332.6680484568646,346.588089051544,359.2653654736902,370.8108269246204,381.32551744478724,390.90146023576426,399.62246302461443,407.5648515222241,414.7981373968741
133,0.25078125,107.07036928171163,186.81545691398867,259.3550397947752,325.4069856362508,385.5605715510613,440.34373659482554,490.2361062562593,535.6743274852042,577.0560440213605,614.7433972071101,649.0661980429996,680.3248138429868,708.7927968720993,734.7192782632633,758.3311482063215,779.8350414967706,799.4191458228061,817.2548486167526,833.498236883655,848.2914631328987
134,0.25,107.15382939729315,186.961538622492,259.558430664712,325.66287283281105,385.86455724099596,440.69179970538556,490.6245713667768,536.0998361615246,577.5155281604252,615.234054361144,649.5854686700263,680.8703603925238,709.3624845950528,735.3111576277861,758.9434388011528,780.4661173071217,800.0675217693691,817.919168254896,834.1772611667287,848.9840601504643
135,0.1453125,55.988874747476416,97.68968237545145,135.62302001935774,170.1641601744575,201.6211690863912,230.2700592105344,256.3615925644729,280.124066384109,301.76538935518073,321.4749105721477,339.42507709196656,355.7729425678177,370.6615411744263,384.2211389419627,396.57037343431045,407.8172917250006,418.0602957391269,427.3890032232994,435.8850318703879,443.62271345540944
136,0.14453125,59.53045869162211,103.86797650327317,144.19916017272203,180.92317821883663,214.36769040722427,244.82624537113477,272.5655248990452,297.8283117083474,320.8357006373997,341.78904568543174,360.8717240745679,378.2507415113762,394.07819391322664,408.49259857704084,421.62010647817044,433.575606322394,444.4637300205814,454.3797683902593,463.41050510113956,471.63497616517844
137,0.0,106.41019174957572,185.66356017636676,257.7558402778985,323.40047725433294,383.183117295926,437.62844600341526,487.21313283820774,532.3711334039937,573.4976403548263,610.9525626816384,645.0636782499827,676.1295026856602,704.4219018259943,730.1884708922637,753.6547012483995,775.0259537167931,794.489255723354,812.2149380007909,828.358125174388,843.0600932754604
138,0.2515625,106.82361597319587,186.3854329511319,258.7586770821354,324.6594944344285,384.67575496969863,439.3341429565191,489.11314790083804,534.4483852719478,575.7365614036274,613.3389653740273,647.5846331251797,678.7732269940964,707.1776579260664,733.0464735830943,756.6060332725136,778.0624887259931,797.6035880580814,815.4003186870925,831.6084035928167,846.3696640028355
139,0.0,105.83479943417419,184.6601991061953,256.3635902093742,321.6544822926435,381.11529875137103,435.2678451229282,484.586179231497,529.5018823650814,570.4079872939777,607.6624377095145,641.5912229734118,672.4912309362869,700.6328458355716,726.2623142661157,749.6038999517554,770.8618461698801,790.2221629963542,807.8542550065105,823.9124036729498,838.5371174302095
140,0.14375000000000002,62.98453435283107,109.89565163023858,152.5685197738358,191.42531485642877,226.81260457535345,259.04089500272335,288.39228501859145,315.12360059480756,339.468730792201,361.64068546890877,381.83346009627235,400.22373300316235,416.9724110511778,432.2260373808418,446.11807353682025,458.7700671729624,470.29271554119805,480.7868340605281,490.3442384346634,499.04854803233314
141,0.0,66.33724711292676,115.74441752267137,160.68718509104937,201.61035305157188,238.87904178140317,272.8203615325788,303.73148456065366,331.88295197035075,357.52113757524194,380.87041745833983,402.1351356661659,421.5013929657745,439.13867566836757,455.2013389766425,469.82995787725923,483.15255741423425,495.28573311719805,506.33567139455437,516.3990788246505,525.5640284798161
142,0.0,69.59187335914244,121.42407764814982,168.57338386892673,211.50626881599396,250.6056649333103,286.2146575365497,318.64494313482953,348.1802930184195,375.0791346193912,399.5768252829357,421.8877128481703,442.20701103898995,460.7125073595417,477.566118573494,492.91530737147684,506.89437260594076,519.6256243702712,531.2204541952684,541.7803097211296,551.3975823690763
143,0.14296875,66.33724711292676,115.74441752267137,160.68718509104937,201.61035305157188,238.87904178140317,272.8203615325788,303.73148456065366,331.88295197035075,357.52113757524194,380.87041745833983,402.1351356661659,421.5013929657745,439.13867566836757,455.2013389766425,469.82995787725923,483.15255741423425,495.28573311719805,506.33567139455437,516.3990788246505,525.5640284798161
144,0.1421875,69.59187335914244,121.42407764814982,168.57338386892673,211.50626881599396,250.6056649333103,286.2146575365497,318.64494313482953,348.1802930184195,375.0791346193912,399.5768252829357,421.8877128481703,442.20701103898995,460.7125073595417,477.566118573494,492.91530737147684,506.89437260594076,519.6256243702712,531.2204541952684,541.7803097211296,551.3975823690763
145,0.14140625,72.7350443461178,126.90725571852553,176.18452007853318,221.05453301449737,261.917624426627,299.1324494422759,333.0248386183021,363.89142347087767,392.0023378122871,417.60359645614534,440.91925042435616,462.15334817132884,481.4917214626113,499.10361175550855,515.1431513564348,529.7507123306625,543.0541349763591,555.1698466182773,566.203880515178,576.2528037999792
146,0.140625,75.77015532425402,132.2038838491499,183.5389369952548,230.28321629429706,272.85365803103224,311.6238115296486,346.93304921570075,379.0903381535029,408.37705085530206,435.04944109702967,459.34088755985607,481.4639358051599,501.61215786053543,519.9618458420894,536.6735544298767,551.8935056778522,565.7548684384469,578.3789235884208,589.876125246014,600.347067261097
147,0.13984375,78.68440584375857,137.28766848130743,190.5956189115348,239.13583827221694,283.3413978196794,323.6002863284826,360.2649838030562,393.65638333907776,424.06671328275024,451.7621104151417,476.98495138446566,499.95597430589453,520.8762106846749,539.92874480284,557.2803160096197,573.082777951068,587.4744275159285,600.5812151321192,612.5178470085053,623.3887889701006
148,0.1390625,81.48128908535416,142.16860914333083,197.3729115411914,247.64039116608723,293.41941759276074,335.1117010981275,373.08219768032467,407.66316529301156,439.1571867734943,467.83983243868767,493.96207295462176,517.7524753060766,539.4192026081568,559.1518354298718,577.1230305676942,593.4900317694817,608.3960456164409,621.9714945943465,634.3351583131027,645.595212856687
149,0.13828125000000002,84.1486518138413,146.8216571144638,203.83163237351275,255.74279156508575,303.01827727335103,346.07301984027634,385.28397556142687,420.99432069933664,453.5165764491856,483.13536073772383,510.10988150682317,534.676205608518,557.0493248616567,577.4250375975024,595.9816622045518,612.8815976814011,628.2727448610502,642.2898007483008,655.0554373001924,666.6813749672766
150,0.1375,86.69006360363657,151.25681768559198,209.990016453309,263.4707806763104,312.17614887183237,356.5335155920946,396.93117033273126,433.7226134559693,467.2297726003515,497.7458356411204,525.5378179115363,550.8488986282946,573.9005485991668,594.8944680187979,614.0143513134974,631.4274944650177,647.2862588671344,661.72940451663,674.8833041992713,686.8630492916045
151,0.13671875,89.09409336288118,155.45044140762917,215.81095603994427,270.77300550353254,320.82694828239744,366.4120981023941,407.92756348931465,445.73668807676756,480.1703591118058,511.52992090268344,540.0898145817558,566.0999803072581,589.7880447155662,611.3613130253354,631.0085832721501,648.9017985633054,665.1975518182263,680.0384561667613,693.5543930007068,705.8636486024155
152,0.13593750000000002,91.3643650520751,159.41247764807346,221.31246308411258,277.67678520936016,329.0082103824912,375.75718240150974,418.3329303256918,457.1080174785432,492.4217315088881,524.5830702495364,553.8734474626393,580.5491553160537,604.8436068690226,626.9693783930368,647.1200694070043,665.4719966911982,682.185737093291,697.4075326195401,711.2705701013161,723.8961466311182
153,0.13515625,93.49024019917859,163.12082203622012,226.45973339680683,284.1338138204471,336.6576144679014,384.49212393372477,428.05614233716244,467.7309405485682,503.8637318369476,536.770729004176,566.7399143522325,594.0335603813455,618.8905251514941,641.528342663098,662.1451265961417,680.921304080171,698.0211946736019,713.5944483739485,727.7773552457827,740.6940381289861
154,0.134375,95.47537480785431,166.58530667502015,231.27044478493718,290.1708200231855,343.8118268681297,392.6641812277749,437.15552869181215,477.67519856824254,514.577746694982,548.1860757880003,578.7942630288994,606.6701334102382,632.0576031735848,655.178814063856,676.2360770871281,695.4136427705979,712.8793134061582,728.7859113789294,743.272616424772,756.4661835152176
155,0.13359375,97.30998861560921,169.7855085529626,235.71231119054664,295.7428426895295,350.41267450845737,400.20162796262576,445.54561272273963,486.84147623419307,524.4506171026705,558.7021670665787,589.8958740908475,618.3047260205018,644.1773396997361,667.7401367412675,689.1993250327465,708.7427033327019,726.5413047538076,742.7508935192319,757.5133280927436,770.9578026131597
156,0.1328125,98.99774712878175,172.731081890256,239.80256728718987,300.8758552384003,356.4957291103119,407.1502748008512,453.28291785286433,495.2973532141961,533.5612189572013,568.4093318783756,600.1466194951387,629.050788394593,655.3747541758731,679.3488544795762,701.1828644843021,721.0678324983854,739.177751700996,755.6710826552816,770.6921399122278,784.37235483584
157,0.13203125,100.5297885929698,175.40341094919611,243.51164420218214,305.52851858727985,362.0073238847259,413.44375587261385,460.28814624504196,502.95047232597614,541.8040899151888,577.1890204809886,609.4149296053592,638.7638374172606,665.492586739566,689.8350908327358,712.0043804518707,732.1944681426704,750.5820460960381,767.3280324225509,782.5789793805613,796.4683558829846
158,0.13125,101.90976541814068,177.81191254579966,246.8562272182672,309.72589075290074,366.98171663361643,419.12615153642,466.61566709139663,509.86583497263695,549.2551088759569,585.1281554214754,617.7988724828697,647.5531360883093,674.6513018857055,699.3304833031671,721.8066263580666,742.2763992635091,760.9189133601179,777.8972904269904,793.3600900830287,807.4426097666371
159,0.13046875000000002,103.12978899366125,179.93989298840944,249.80964695000307,313.4305095675115,371.3700777274246,424.1368655413514,472.1928502821488,515.9586115058198,555.8171603435567,592.117311648135,625.1767394272879,655.2847573460148,682.7048506844371,707.6769821977039,730.4196921029034,751.1320105810298,769.9951995350864,787.1743388493841,802.8197710334401,817.0684168940269
160,0.1296875,104.19347611480018,181.79647363103834,252.3879364189923,316.6663631546322,375.2051398377948,428.51797617175333,477.0715755744509,521.2908243086611,561.5626584007692,598.2394693101769,631.6421899820283,662.0631033647653,689.7683999759088,715.0005071479284,737.9802103579436,758.9085851988813,777.9687568918264,795.3275027318005,811.1367114861588,825.5347125139954
161,0.12890625,105.09395995060541,183.3669857502423,254.5674901526727,319.4000972280079,378.4432115454896,432.21503039167357,481.1863283746769,525.7856942697202,566.4034331484194,603.3950026884432,637.0841267573617,667.7656288412445,695.7080122030709,721.1558096424789,744.3317234654148,765.4385744008995,784.6610765241145,802.1674537207074,818.1109118397827,832.6309794196552
162,0.12812500000000002,105.83479938288741,184.66019900182914,256.363590062569,321.6544821231563,381.1152985840392,435.2678449846418,484.5861791490107,529.5018823635047,570.4079873957986,607.662437934034,641.5912233364772,672.4912314502519,700.6328465094117,726.2623151056472,749.6039009599216,770.8618473470701,790.2221643407415,807.8542565143823,823.91240533903,838.5371192479599
163,0.12734375,106.41019169666276,185.6635600681112,257.75584012456653,323.40047707555914,383.1831171166259,437.6284458507102,487.2131327391951,532.3711333842009,573.4976404372036,610.9525628859678,645.0636785925907,676.1295031793625,704.4219024801984,730.1884717131798,753.6547022393199,775.0259548784106,794.4892570540962,812.2149394971518,828.3581268312506,843.0600950864015
164,0.1265625,106.82361591860722,186.38543283886676,258.75867692207197,324.65949424607277,384.6757547780437,439.3341427889222,489.11314778474787,534.4483852333211,575.7365614658897,613.3389655574571,647.584633446598,678.773227466797,707.1776585599054,733.0464743846914,756.6060342455274,778.0624898714328,797.6035893746433,815.4003201714887,831.6084052401021,846.3696658067124
165,0.12578125,107.07036922540101,186.8154567975874,259.35503962775,325.4069854379617,385.56057134656777,440.3437364117145,490.2361061223284,535.6743274268407,577.05604406247,614.7433973684728,649.0661983419394,680.324814293284,708.7927974840669,734.7192790439397,758.3311491597397,779.8350426242658,799.4191471233504,817.2548500872841,833.4982385194057,848.2914649277016
166,0.125,107.15382933920918,186.96153850183077,259.558430490514,325.66287262428347,385.8645570232634,440.69179950626864,490.62457121443026,536.099836082778,577.5155281796771,615.2340544996918,649.585468945713,680.8703608196332,709.3624851843718,735.3111583867886,758.9434397342621,780.466118416015,800.0675230533084,817.9191697110585,834.1772627905365,848.9840619358927
167,0.12421875,107.07042232279697,186.81557411221806,259.35522906537307,325.407251523745,385.5609164391579,440.34416140514594,490.2366108875669,535.67491110753,577.0567052821215,614.7441343802973,649.0670091396549,680.3256966943618,708.793749192946,734.7202977003498,758.3322323757639,779.8361880127659,799.420352319695,817.2561127658422,833.4995564059183,848.2928358083919
168,0.1234375,106.82340376907409,186.38496410758628,258.75792002096955,324.6584310961118,384.6743759581357,439.3324447310652,489.11113100945033,534.446053167591,575.7339196151071,613.3360209064787,647.5813940168314,678.769701983443,707.1738561992875,733.0424045811095,756.6017065431396,778.0579138106673,797.598774405386,815.3952755872077,831.6031401284491,846.3641890131568
169,0.12265625000000001,106.41035066143426,185.6639112886031,257.75640726930067,323.4012736921349,383.18415026644055,437.6297182103577,487.214643922372,532.372880827125,573.4996200189036,610.9547693768538,645.0661059861944,676.1321449415632,704.4247517384738,730.1915214012798,753.6579452082241,775.0293839814279,794.492865211919,812.2187197472321,828.3620723648364,843.064199275816
170,0.12187500000000001,105.83437639169287,184.65926442892936,256.3620809265452,321.6523623773882,381.1125494444316,435.2644593371928,484.5821580315369,529.497232608906,570.4027199809075,607.6565667855166,641.5847644477108,672.484202217862,700.6252652294877,726.25420058864,749.5952722353193,770.8527234369242,790.2125640865756,807.8441984458468,823.9019075754107,838.52619942567
171,0.12109375,105.09422380257493,183.367568710941,254.56843150743,319.4014194633115,378.44492638194566,432.2171422719375,481.1888366575694,525.7885946998563,566.4067188857731,603.3986650528892,637.088155779302,667.7700136752763,695.7127414421075,721.1608715578794,744.3371061911536,765.4442660748167,784.6670653958911,802.1737282338214,818.1174606929836,832.6377916122416
172,0.1203125,104.19284488970192,181.79507897814963,252.38568435180758,316.6631998811624,375.2010373267396,428.5129238069759,477.06557490469226,521.2838855306078,561.5547978950581,598.230707859451,631.6325514530624,662.0526137183872,689.7570865152042,714.9883979435585,737.9673338074336,758.8949696886561,777.9544305389089,795.3124931878042,811.1210457903125,825.5184169849388
173,0.11953125,103.1301561059199,179.9407040947342,249.810956710269,313.43234926842774,371.3724636765354,424.1398039199894,472.1963401982313,515.9626470386233,555.8217319762061,592.1224073035244,625.1823452341962,655.2908582146649,682.7114307435471,707.6840251285936,730.4271813957376,751.1399297313484,770.0035321940364,787.1830689377482,802.8288828271704,817.0778950872418
174,0.11875000000000001,101.90892985063464,177.81006641088774,246.85324610374923,309.7217034530283,366.9762860426957,419.1194636016388,466.60772386289517,509.85664994805603,549.2447037387874,585.1165576822522,617.7861137346679,647.5392506961522,674.6363259913927,699.3144540645529,721.7895813656786,742.258376093176,760.8999492310493,777.8774219423168,793.3393530352465,807.4210389943761
175,0.11796875000000001,100.53025670189784,175.40444519978718,243.51331429178316,305.53086440988596,362.0103662342647,413.44750263099473,460.29259627480525,502.95561807760225,541.8099192536772,577.1955180067662,609.4220776311608,638.7716167020267,665.5009770457297,689.8440713522431,712.0139301329193,732.2045659403049,750.592671163712,767.3391642575264,782.590597932973,796.4804416361677
176,0.1171875,98.99671237013418,172.72879565464962,239.79887550368352,300.8706697264445,356.4890039185724,407.1419925264912,453.27308103481346,495.28597856787735,533.5483333353285,568.3949693498263,600.130819184573,629.0335928594244,655.3562081738556,679.3290040267307,701.1617561324609,721.0455127811708,739.1542667103871,755.6464777203025,770.6664593580108,784.3456418062491
177,0.11640625,97.31055483483817,169.7867595705254,235.7143313114542,295.7456801690483,350.41635449867846,400.2061599974516,445.55099542638044,486.8477004749288,524.4576682022534,558.7100263979822,589.9045202598842,618.3141357535326,644.1874885177552,667.7509994752086,689.2108762186996,708.7549175150291,726.5541567168535,742.7643584631966,757.5273817656051,770.9724214078376
178,0.115625,95.47414723733799,166.58259443323334,231.266065091984,290.164668267316,343.80384853565363,392.65435567313733,437.14385892711607,477.66170442369287,514.5624600270291,548.1690370138964,578.7755185637551,606.6497337415609,632.0356013992197,655.1552647743671,676.2110355087221,695.3871641078656,712.8514523397415,728.7567216843358,743.2421506865425,756.4344929164994
179,0.11484375000000001,93.49090103735246,163.12228210678418,226.46209109254409,284.137125460318,336.661909407068,384.4974132993174,428.06242452358504,467.7382048982634,503.8719612189937,536.7799016790215,566.7500053507611,594.0445425409226,618.9023699026882,641.541020631096,662.1586080620041,680.935559334599,698.0361942873672,713.610163403153,727.7937573858279,740.7110998279716
180,0.11406250000000001,91.36295223757371,159.40935612080233,221.307422481985,277.6697051343195,328.99902809456364,375.7458741397251,418.3194995568027,457.09248702534575,492.40413803524854,524.5634602719906,553.8518744006847,580.5256772761223,604.8182849617867,626.9422754471334,647.0912489826198,665.4415223236251,682.1536717147887,697.3739381206278,711.2355070018066,723.8596738379364
181,0.11328125,89.09484474519577,155.45210152813166,215.81363677241734,270.7767708833253,320.8318316867316,366.41811218304133,407.9347064208211,445.7449477415192,480.17971603191614,511.54035036020974,540.1012881867049,566.1124671755765,589.8015123636477,611.3757280538318,631.0239118904208,648.918006991653,665.2146065953765,680.0563243832461,693.5730424739262,705.8830480055773
182,0.1125,86.68847425508233,151.2533061167771,209.98434601674697,263.46281592984303,312.16581923598403,356.52079433699026,396.9160613584512,433.7051424372689,467.20998078256514,497.7237753533878,525.5135492485089,550.8224869572034,573.8720626668616,594.8639785047435,613.9819297200996,631.393212266656,647.2501868597814,661.6916123243257,674.8438599040502,686.8220191610548
183,0.11171875,84.1494891072164,146.82350704833073,203.83461961274014,255.746987466514,303.02371903044525,346.0797215514626,385.291935192702,421.00352474782176,453.52700321022013,483.1469826674847,510.1226669695987,534.6901201893742,557.0643323632105,577.4411008019115,595.9987434579225,612.8996593420094,628.291749641976,642.309711977494,655.07621911555,666.7029924603249
184,0.11093750000000001,81.4795330010498,142.16472918154398,197.3666462278564,247.631590849882,293.40800428981385,335.0976452744714,373.0655036453769,407.64386141528007,439.135318625599,467.8154578398686,493.9352583043134,517.7232928294327,539.3877282644926,559.1181473138486,577.0872076832252,593.4521530894862,608.3561893642319,621.9297376983255,634.2915759978647,645.5498783419971
185,0.11015625000000001,78.68532388537625,137.28969682151993,190.59889423749286,239.14043882219843,283.34736437403984,323.60763434539547,360.27371105256805,393.6664750163873,424.07814559035546,451.7748531532881,476.99896986690845,499.97123079914326,520.8926655008836,539.9463571352727,557.2990445734114,573.1025814746671,587.4952651167707,600.6030466017719,612.5406330265579,623.4124912617016
186,0.109375,75.76824333031735,132.19965941388935,183.532115429885,230.27363466086183,272.84123142201685,311.60850778909634,346.9148730358615,379.06932042183547,408.35324119086613,435.02290245283206,459.3116922308904,481.4321624293658,501.57788914153303,519.9251668084074,536.6345510999934,551.8522640364665,565.7114736540622,578.3334594196241,589.828673596276,600.2977078510235
187,0.10859375,72.73603747516906,126.90944995781585,176.18806329454466,221.05950984445164,261.92407898629756,299.14039845429596,333.03427967058303,363.9023405480771,392.0147051709121,417.6173814268508,440.9344154843761,462.16985250142,481.50952212931696,499.1226646149451,515.1634117474529,529.7721356064778,543.0766769109496,555.1934637148456,566.2285302375353,576.2784447429681
188,0.1078125,69.58981724285033,121.41953478250882,168.56604810538747,211.4959649343935,250.59230162592053,286.198200223692,318.62539686272584,348.15769100315634,375.05353022068743,399.5482861995949,421.8563168251904,442.1728426424403,460.6756555276244,477.5266747445435,492.8733640483643,506.8500222551717,519.5789585805866,531.171563039167,541.7292812761096,551.3445023651797
189,0.10703125000000001,66.33830920559852,115.74676413076476,160.69097434847086,201.61567547252088,238.88594454502453,272.82886252287864,303.7415811983506,331.8946271284138,357.5343637230484,380.8851596585348,402.15135379097893,421.5190433620556,439.1577124219292,455.2217148787927,469.8516251660843,483.1754683431391,495.3098403895171,506.36092849343237,516.4254402604906,525.5914499725377
190,0.10625000000000001,62.982346789934304,109.8908183403177,152.56071503580836,191.41435224805625,226.79838695157326,259.02338557334383,288.3714891527672,315.0995536325821,339.44148950512175,361.6103218843626,381.80005693012237,400.1873802284201,416.93320329248485,432.18407192277715,446.0734487965155,458.7228815288109,470.24306643765834,480.7348173288264,490.28994778342445,498.9920746725946
191,0.10546875,59.5315831988317,103.87046101027055,144.2031721055961,180.9288134105439,214.37499880933632,244.83524591878117,272.576214861728,297.84067295306215,320.849704016285,341.8046542087032,360.88889525704434,378.26942913533657,394.0983493670293,408.5141718784378,421.64304705913963,433.5998636310798,444.48925398143905,454.4065097533163,463.4384157039844,471.6640091259275
192,0.1046875,55.986569224046335,97.68458845768274,135.6147944215031,170.1526064213771,201.60618479454436,230.2516056060498,256.33967530641127,280.09872271871376,301.73667911597477,321.44290967121475,339.38987270626654,355.73462952279976,370.6202191979886,384.1769105653423,396.52334238232277,407.7675616815762,418.00796940383765,427.33418159542475,435.8278137120778,443.56319489647643
193,0.10390625,52.357825184084795,91.35376195413862,126.82630934914036,159.12646504167867,188.54235990968624,215.33213859626963,239.7303255065985,261.95043197229023,282.1868991751032,300.6168093873661,317.40143665875513,332.68765807293823,346.6092389194862,359.2880031460694,370.83489933928155,381.35097155647793,390.9282434989742,399.65052376006315,407.5941391917725,414.8286028060115
194,0.10312500000000001,48.645615840134134,84.87610060061209,117.83276349779084,147.84181318708625,175.1710134576544,200.06024791195796,222.72744210653667,243.37099002174764,262.17156174587757,279.29369501174114,294.88723704028376,309.0886565136642,322.02223818951103,333.8011707836847,344.52853768647685,354.29821920215977,363.19571421966197,371.29888851309954,378.67865622639454,385.3996005098596
195,0.10234375000000001,44.86126376495608,78.27383657406784,108.66752021602049,136.34304909307784,161.54729465435327,184.50143702179213,205.40641896201444,224.4451794550605,241.78431824643098,257.57556195239573,271.95709263743584,285.0547569487884,296.98316723463955,307.8467043788483,317.74043113007076,326.7509239108346,334.95703037984595,342.43055937271913,349.2369092557884,355.43564018953003
196,0.1015625,41.00474605682725,71.54432335576156,99.32425439802758,124.61952600394896,147.6558545619479,168.63545224983733,187.74202014673344,205.14279422545627,220.99006949842024,235.42254182841216,248.56652347754678,260.537049133659,271.43888297795814,281.36743576256515,290.40959996719914,298.6445103644402,306.1442366623034,312.97441429428756,319.1948188831929,324.8598894103431
197,0.10078125,37.08811773534985,64.71132695929131,89.83875967921622,112.71903289967243,133.556236596532,152.53322272169243,169.81611352432927,185.55614775331568,199.89105657509765,212.9462755048594,224.8360426835132,235.6643984354314,245.52609554416338,254.50742828687862,262.68698748081727,270.1363481412208,276.92069576212475,283.0993966960891,288.72651762105346,293.85129863784186
198,0.1,33.1110683770906,57.77145156286834,80.2033782350878,100.6289179939997,119.23034821085893,136.17096293362934,151.59910618584937,165.64982486747599,178.44609996569292,190.09993036716293,200.71331461807648,210.37914418483655,219.1820167662061,227.1989769115342,234.50019046891418,241.14955878702148,247.20527805921722,252.72034871408326,257.74303931668055,262.3173090448958
199,0.09921875000000001,29.086311125278236,50.74985049133331,70.45611330820161,88.40006637642308,104.74175991622515,119.62459036649315,133.17883526013975,145.5231006777532,156.7654000483219,167.00410443430314,176.3288037369205,184.8210905144812,192.55527380346723,199.59902924142682,206.0139911756406,211.8562919302693,217.17705294440563,222.022832074224,226.43603097019547,230.4552660918704
200,0.09843750000000001,25.013249948630936,43.64239955621998,60.588021568392215,76.01789923261465,90.06974710253793,102.86693433429807,114.52153330571393,125.13556923489793,134.80195086516292,143.60528959669065,151.62264140480096,158.92418182768256,165.57382050869674,171.62976078913772,177.14500928966564,182.16783996196355,186.74221668582868,190.9081781196333,194.7021881789179,198.1574552151573
201,0.09765625,20.905177733255236,36.47548431500906,50.63908156275753,63.53608403810088,75.28151544296763,85.97843261663327,95.72046517153233,104.59285527410816,112.67323267722777,120.03229750033462,126.73443905344125,132.83829908353468,138.39728474009934,143.46003577823632,148.07085007899937,152.2700712010006,156.0944413476928,159.57742283417295,162.7494908631414,165.63840016953472
202,0.096875,16.761216514746963,29.244277639543565,40.59911959406204,50.93820483370437,60.35383603867991,68.92869686156185,76.73789707107315,83.84981118415583,90.32670288700064,96.22527443591765,101.59716415965636,106.4893990126627,110.94480655868446,115.00239008799146,118.69767019034772,122.0629957954556,125.12782741758446,127.91899509322711,130.4609332762121,132.77589475104605
203,0.09609375,12.595156967029766,21.976234644211996,30.50984303290957,38.280380603157305,45.35713537939976,51.8021892217605,57.67194656460503,63.01776011400405,67.88639733351175,72.32045150984098,76.3587143802992,80.03651533468431,83.3860303626393,86.4365634565388,89.21480292002265,91.7450548146767,94.04945558038575,96.14816568484292,98.05954599319202,99.80031839855855
204,0.09531250000000001,8.40584460552273,14.665855022021386,20.359910539226995,25.54445945228742,30.265823491445957,34.565491033646744,38.48114616192526,42.04709114049726,45.294560722153776,48.25199843109976,50.94530658206188,53.39807360893445,55.63178094967278,57.665991375254215,59.51852044827948,61.2055926345386,62.74198344888031,64.14114888979451,65.41534330283716,66.57572670970296
205,0.09453125000000001,4.207482867866642,7.341494174343006,10.192501167294676,12.788665880810871,15.153113478339291,17.306568085691868,19.267861207184346,21.054139482087066,22.68101974773242,24.16272585636095,25.512212808632967,26.74127981972555,27.860673343759235,28.88018094151148,29.808716796922763,30.654399619577678,31.42462360725469,32.12612308422873,32.765031377220275,33.346934441484244
206,0.09375,-0.0013521329106876473,-0.0029874734235491355,-0.0048241426555489615,-0.0067760279635143686,-0.00878793773604533,-0.010822560140607762,-0.012853832614250833,-0.014863228447475355,-0.016837500827655238,-0.018767221402969287,-0.020645785833097882,-0.022468711307927297,-0.024233125877037527,-0.02593738885617168,-0.027580803693683743,-0.029163397761146542,-0.030685751617913197,-0.032148865509540804,-0.03355405429560855,-0.03490286436626396
207,0.09296875,-4.206131764362841,-7.33850905339577,-10.187680865886106,-12.781895231727958,-15.144332422581963,-17.295753817911834,-19.255016945814873,-21.039286948464493,-22.66419389768315,-24.143971070441502,-25.491580074591248,-26.718824615653045,-27.83645403049494,-28.854257533514726,-29.78115001939699,-30.625250185124756,-31.39395166273904,-32.09398779075876,-32.73149059491355,-33.312044497118954
208,0.0921875,-8.408540537119915,-14.671811555267418,-20.36952909092638,-25.557969744596637,-30.283345203355758,-34.58706945035381,-38.5067746040569,-42.076725989391356,-45.32813194712828,-48.289417202854864,-50.98647090331062,-53.442872544397574,-55.6800978378781,-57.7177062834866,-59.57351205503171,-61.26373967289942,-62.80316580950273,-64.20524845768279,-65.48224458463646,-66.64531729533324
209,0.09140625000000001,-12.593814197781029,-21.97326793786772,-30.505052467939688,-38.27365172309424,-45.34840849579297,-51.79144166979223,-57.65918154253794,-63.002999208739666,-67.86967528471507,-72.30181242371448,-76.33820892945194,-80.01419865436421,-83.36196045307152,-86.4107999613939,-89.18740618936675,-91.71608518609516,-94.01897282926413,-96.11622860694234,-98.02621209136016,-99.76564365181436
210,0.09062500000000001,-16.763887495065205,-29.250179045539127,-40.60864912829231,-50.951590092721325,-60.371195593943575,-68.95007557893321,-76.76328833252285,-83.87917177404958,-90.35996342199631,-96.26234690795482,-101.63794751451604,-106.533783340847,-110.99267627751674,-115.05362637386604,-118.75215284377367,-122.12060467109717,-125.18844351702839,-127.98250139402985,-130.5272153533856,-132.84484123441933
211,0.08984375,-20.903851581150107,-36.47255432438582,-50.63435028741834,-63.52943843869609,-75.27289656986875,-85.96781808522316,-95.70785813986144,-104.57827706104058,-112.65671759144054,-120.01388910101484,-126.71418738486342,-132.81625859737304,-138.3735127175734,-143.4345911237233,-148.0437923946014,-152.24146007657944,-156.06433581796352,-159.54588096645134,-162.71656944793443,-165.6041544924835
212,0.0890625,-25.015879514473333,-43.648209461263654,-60.59740335024983,-76.0310769597434,-90.08683750811431,-102.88798158817349,-114.54653089168535,-125.16447460628815,-134.83469571309797,-143.6417872762174,-151.66279242701935,-158.9678779857009,-165.62094801043747,-171.68020265190847,-177.19864717631106,-182.2245555887511,-186.8018928982846,-190.97069970874273,-194.767442492978,-198.22533261004776
213,0.08828125,-29.08500977079646,-50.74697529129099,-70.45147051033754,-88.3935450561589,-104.73330222648644,-119.61417434081764,-133.16646399658103,-145.5087950951943,-156.7491938122869,-166.98604028767716,-176.30893078632215,-184.79946219149423,-192.53194631634398,-199.57406039130126,-205.98743944843085,-211.8282158000108,-217.14751034051196,-221.9918799769518,-226.40372510702497,-230.42166071371366
214,0.08750000000000001,-33.11364032064872,-57.77713415752985,-80.2125544408586,-100.64180697052603,-119.24706413363292,-136.19154900412454,-151.62355602955537,-165.67809686848577,-178.47812731010998,-190.13562830660788,-200.75258584156884,-210.42188285441736,-219.2281115811573,-227.24831345052635,-234.55265298595918,-241.2050315885332,-247.2636465562908,-252.78150022082067,-257.8068636486406,-262.3836989594995
215,0.08671875000000001,-37.08684920614635,-64.70852428704538,-89.83423400146556,-112.71267609125229,-133.54799226987873,-152.52306946389282,-169.80405435403878,-185.54220305996876,-199.8752591728719,-212.92866705608785,-224.81667105361916,-235.6433157056785,-245.50335650248732,-254.48308927401598,-262.6611055051573,-270.10898019974127,-276.89189832111157,-283.0692252968182,-288.69502658383595,-293.8185408438777
216,0.0859375,-41.00724452562275,-71.54984361570365,-99.33316847177491,-124.63204679191706,-147.67209297833872,-168.65545026136982,-187.76577155959862,-205.17025861060367,-221.02118194823038,-235.45722001285745,-248.60467286274047,-260.57856690229414,-271.4836610060726,-281.415362894844,-290.4605637616695,-298.6983984302273,-306.20093768187246,-313.03381879897756,-319.2568198345775,-324.9243826280553
217,0.08515625,-44.86003588638132,-78.27112371987687,-108.66313957930878,-136.33689601551396,-161.53931455587326,-184.49160917503715,-205.39474628734894,-224.43168168628065,-241.76902714343285,-257.55851783937646,-271.9383418427376,-285.03434988144903,-296.9611569236802,-307.8231453564514,-317.71537857485157,-326.7244329905778,-334.9291557488924,-342.401354790301,-349.2064272995664,-355.4039320444391
218,0.084375,-48.64802543477177,-84.88142450257607,-117.84136050013379,-147.8538886192047,-175.18667428899582,-200.07953461574976,-222.7503487075874,-243.3974775266478,-262.201567552842,-279.3271397159674,-294.92402946703294,-309.1286974993753,-322.0654234527833,-333.8473931197254,-344.5776886497958,-354.35019039678394,-363.25039828504504,-371.3561798720875,-378.7384516459165,-385.4617995135358
219,0.08359375000000001,-52.35664553097556,-91.35115565478206,-126.82210078066834,-159.1205536586843,-188.53469327648784,-215.32269679887176,-239.719111348811,-261.9374644101405,-282.1722087177815,-300.60043477160656,-317.3834223894115,-332.66805257522356,-346.5880931357477,-359.26536946292015,-370.8108307645875,-381.3255210879589,-390.9014636413647,-399.6224661584587,-407.5648543564282,-414.7981399094836
220,0.08281250000000001,-55.98887509318755,-97.68968318932438,-135.62302136845832,-170.16416207696412,-201.62117152435437,-230.27006214032318,-256.3615959251682,-280.12407010413807,-301.7653933574691,-321.474914778048,-339.4250814241927,-355.77294695256893,-370.6615455428699,-384.2211432312066,-396.5703775879779,-407.8172956934964,-418.0602994796705,-427.38900669978267,-435.88503505310473,-443.62271632069826
221,0.08203125,-59.53045904881387,-103.86797734589179,-144.19916157227826,-180.92318019659504,-214.3676929471653,-244.82624843058798,-272.56552841725227,-297.8283156132485,-320.8357048509192,-341.7890501275251,-360.87172866625605,-378.25074617695685,-394.0781985818305,-408.4926031836657,-421.620110964306,-433.5756106363311,-444.4637341174765,-454.3797722320203,-463.4105086561742,-471.63497940805223
222,0.08125,-62.984534721870105,-109.89565250254418,-152.56852122553275,-191.4253169119983,-226.81260722080117,-259.04089819640325,-288.39228869994264,-315.12360469129555,-339.4687352247416,-361.64069015603434,-381.83346495727113,-400.22373796037857,-416.9724160316438,-432.22604231737563,-446.1180783687032,-458.7700718462922,-470.2927200089874,-480.78683828261785,-490.3442423774927,-499.04855166861273
223,0.08046875,-66.33724749425453,-115.7444184258122,-160.687186596977,-201.61035518818068,-238.87904453688435,-272.82036486643807,-303.73148841262406,-331.8829562674929,-357.52114223750743,-380.87042240286115,-402.1351408105028,-421.50139823030554,-439.1386809780007,-455.2013442619787,-469.8299630753249,-483.15256246887833,-495.28573797922866,-506.33567602168023,-516.3990831812736,-525.5640325367215
224,0.07968750000000001,-69.59187375316465,-121.42407858315677,-168.57338543092507,-211.50627103643362,-250.60566780267365,-286.2146610155667,-318.64494716357063,-348.18029752355767,-375.07913951990975,-399.576830494544,-421.8877182866601,-442.20701662272216,-460.7125130112367,-477.56612422146424,-492.9153129504153,-506.8943780573659,-519.6256296427013,-531.2204592441918,-541.7803145088242,-551.3975868643145
225,0.07890625000000001,-72.73504475330455,-126.90725668662732,-176.18452169884418,-221.0545353222372,-261.9176274147449,-299.13245307286644,-333.02484283188056,-363.8914281938079,-392.00234296263557,-417.6036019482268,-440.9192561722022,-462.1533540912724,-481.49172747516036,-499.10361778664867,-515.1431573384773,-529.7507182027374,-543.0541406846298,-555.169852115944,-566.203885762319,-576.2528087632787
226,0.078125,-75.77015574503528,-132.20388485144827,-183.53893867585305,-230.2832186923417,-272.85366114205743,-311.62381531719586,-346.9330536207819,-379.09034310219636,-408.37705626475747,-435.0494468801469,-459.3408936288691,-481.4639420743216,-501.6121642480771,-519.9618522715969,-536.6735608311988,-551.893511987645,-565.7548746004294,-578.3789295534124,-589.8761309718025,-600.3470727121853
227,0.07734375,-78.68440627863794,-137.287669519121,-190.5956206548298,-239.1358407642999,-283.3414010588617,-323.6002902799072,-360.26498840835114,-393.656388524124,-424.0667189638407,-451.7621165037951,-476.98495779113034,-499.9559809427359,-520.8762174676237,-539.9287516530434,-557.2803228544138,-573.0827847245749,-587.4744341593547,-600.581221593829,-612.5178532439169,-623.3887949414539
228,0.0765625,-81.48128953479254,-142.16861021784393,-197.3729133493101,-247.64039375545116,-293.4194209645897,-335.1117052192598,-373.0822024930648,-407.6631707230743,-439.15719273632055,-467.8398388443989,-493.9620797118451,-517.7524823248385,-539.419209802023,-559.1518427174764,-577.1230378737773,-593.4900390255418,-608.3960527610793,-621.9715015733759,-634.3351650794738,-645.5952193702791
229,0.07578125000000001,-84.14865227838482,-146.8216582271041,-203.83163424906317,-255.74279425577242,-303.01828078351235,-346.0730241386156,-385.2839805910579,-420.9943263859064,-453.5165827073513,-483.13536747625017,-510.1098886325322,-534.676213029293,-557.0493324886748,-577.4250453468459,-595.9816699983128,-612.8816054483921,-628.2727525371943,-642.2898082767806,-655.0554446314062,-666.681382058655
230,0.07500000000000001,-86.69006408378495,-151.25681883764184,-209.9900183985952,-263.47078347183566,-312.1761525251994,-356.5335200739779,-396.93117558712385,-433.7226194084894,-467.2297791648842,-497.7458427250608,-525.5378254198686,-550.8489064667081,-573.9005566763864,-594.8944762482772,-614.0143596145956,-631.4275027637682,-647.2862670966848,-661.7294126174318,-674.8833121190681,-686.8630569852739
231,0.07421875,-89.09409385921633,-155.4504426006177,-215.81095805776678,-270.77300840824415,-320.8269520850955,-366.41210277591114,-407.92756897867014,-445.73669430766176,-480.17036599742937,-511.5299283491103,-540.0898224921542,-566.0999885851221,-589.788053267147,-611.3613217614197,-631.0085921093099,-648.9018074247297,-665.1975606342115,-680.0384648749437,-693.5544015460846,-705.863656937219
232,0.0734375,-91.36436556513539,-159.4124788833839,-221.31246517696025,-277.67678822706154,-329.00821433980036,-375.75718727353694,-418.3329360585648,-457.1080239980921,-492.42173872762754,-524.5830780722112,-553.8734557905723,-580.5491640504955,-604.843615913686,-626.9693876559647,-647.1200788018947,-665.4720061382995,-682.1857465199471,-697.4075419604658,-711.2705792986569,-723.8961556343468
233,0.07265625,-93.49024072959521,-163.12082331550667,-226.4597355677084,-284.1338169558418,-336.65761858645135,-384.4921290130235,-428.05614832460935,-467.73094737024724,-503.8637394047854,-536.7707372216452,-566.7399231188385,-594.0335695960983,-618.8905347155487,-641.5283524817149,-662.1451365800897,-680.92131414669,-698.0212047470029,-713.5944583859362,-727.7773651355526,-740.694047843152
234,0.07187500000000001,-95.47537535620866,-166.58530799977876,-231.27044703658734,-290.1708232803968,-343.811831153652,-392.66418652181994,-437.1555349431445,-477.6752057032585,-514.5777546250466,-548.1860844153125,-578.7942722511218,-606.6701431240936,-632.0576132776075,-655.1788244604459,-676.2360876840359,-695.413653481956,-712.8793241531397,-728.7859220901184,-743.2726270363004,-756.4661939707247
235,0.07109375000000001,-97.30998918256583,-169.78550992495195,-235.71231352617968,-295.7428460735948,-350.4126789680683,-400.20163348083884,-445.54561924986655,-486.8414836970813,-524.450625412225,-558.7021761237905,-589.8958837915716,-618.3047362591819,-644.1773503722694,-667.7401477471561,-689.1993362766675,-708.7427147256099,-726.5413162136533,-742.7509049713844,-757.5133394701686,-770.9578138564124
236,0.0703125,-98.99774771495723,-172.73108331107437,-239.80256970969668,-300.87585875375606,-356.4957337501939,-407.15028055131296,-453.2829246658735,-495.29736101712183,-533.5612276605237,-568.4093413818847,-600.1466296928614,-629.0507991786515,-655.3747654394656,-679.3488661192298,-701.1828764015294,-721.0678446008619,-739.1777639033418,-755.6710948795359,-770.6921520880705,-784.3723669006213
237,0.06953125,-100.5297891991013,-175.40341242077398,-243.5116467150995,-305.528522239425,-362.00732871264023,-413.4437618655964,-460.28815335691604,-502.95048048478725,-541.8040990311066,-577.1890304526779,-609.4149403250616,-638.7638487747898,-665.4925986254079,-689.8351031404053,-712.0043930796597,-732.1944809949018,-750.5820590839128,-767.3280454646779,-782.578992403225,-796.4683688202123
238,0.06875,-101.90976604490278,-177.81191406987827,-246.8562298247417,-309.7258945466645,-366.9817216562968,-419.12615778073234,-466.6156745131441,-509.86584350062515,-549.2551184200913,-585.1281658793098,-617.7988837448464,-647.5531480418947,-674.6513144186133,-699.3304963058242,-721.8066397254521,-742.2764128964897,-760.918927166363,-777.897304321559,-793.360103988686,-807.4426236139603
239,0.06796875,-103.12978964183895,-179.9398945670551,-249.80964965383055,-313.4305135088068,-371.37008295323034,-424.1368720480726,-472.1928580277904,-515.9586204201203,-555.8171703362863,-592.1173226158256,-625.1767512586345,-655.2847699261564,-682.7048638983061,-707.6769959326036,-730.4197062504437,-751.1320250385448,-769.9952142066228,-787.1743536463453,-802.8197858749543,-817.0684317070946
240,0.0671875,-104.19347678511065,-181.79647526611652,-252.38793922355725,-316.6663672486686,-375.20514527400627,-428.51798295042715,-477.07158365593665,-521.2908336237292,-561.5626688591138,-598.2394808073316,-631.6422024049348,-662.0631165962014,-689.7684138979699,-715.0005216447187,-737.9802253176124,-758.908600515126,-777.9687724649539,-795.3275184694351,-811.1367273036632,-825.5347283346604
241,0.06640625,-105.09396064389564,-183.36698744398242,-254.5674930620731,-319.4001014811738,-378.443217201146,-432.2150374542905,-481.18633680719375,-525.7857040041324,-566.403444094491,-603.3950147408116,-637.084139801278,-667.7656427571528,-695.7080268702251,-721.1558249417516,-744.3317392814375,-765.438590623655,-784.6610930500736,-802.1674704536048,-818.1109286910897,-832.6309963088181
242,0.065625,-105.8348000999369,-184.66020075625576,-256.36359308047884,-321.6544865411106,-381.11530446705734,-435.26785234159166,-484.58618794558447,-529.5018925330386,-570.4079988481994,-607.662450563079,-641.5912370257287,-672.4912460777939,-700.6328619516046,-726.2623312400594,-749.6039176675753,-770.8618645141273,-790.22218185972,-807.8542742849986,-823.9124232687304,-838.5371372522064
243,0.06484375,-106.41019243838518,-185.66356188563088,-257.7558432554125,-323.40048166520864,-383.1831232367861,-437.62845351497754,-487.21314191628574,-532.3711440090075,-573.4976524199404,-610.9525761196688,-645.0636929592041,-676.1295185546477,-704.4219187376236,-730.1884887269798,-753.6547198868519,-775.0259730419353,-794.4892756220777,-812.2149583651711,-828.3581459025967,-843.0601142724082
244,0.06406250000000001,-106.82361668584637,-186.38543472167143,-258.75868016983543,-324.659499013557,-384.6757611439461,-439.334150771809,-489.1131573565448,-534.448396330612,-575.7365739992857,-613.3389794192976,-647.5846485172307,-678.7732436196379,-707.1776756654845,-733.0464923138401,-756.6060528718481,-778.0625090731791,-797.6036090361058,-815.400340183982,-831.6084255026191,-846.3696862263133
245,0.06328125000000001,-107.07037001913557,-186.81545874826392,-259.3550429971986,-325.4069903907301,-385.5605779687742,-440.3437447272589,-490.2361161066457,-535.6743390184466,-577.0560571725576,-614.7434118888216,-649.0662141513837,-680.324831262943,-708.792815481541,-734.7192979366312,-758.3311688174406,-779.8350629211417,-799.4191679394138,-817.25487130946,-833.4982600422506,-848.2914866538487
246,0.0625,-107.15383016034436,-186.96154052273997,-259.55843398594624,-325.6628777689779,-385.86456391109516,-440.6918081667414,-490.6245816266996,-536.0998481874485,-577.5155418886324,-615.2340697042162,-649.5854855231535,-680.8703786388025,-709.3625041099024,-735.3111782825891,-758.9434604662281,-780.4661398541173,-800.0675450731617,-817.9191921950644,-834.1772856286719,-848.9840850262127
247,0.06171875,-107.0704231723925,-186.8155762061584,-259.35523269194806,-325.40725686843075,-385.5609236040565,-440.3441704257645,-490.23662174711296,-535.6749237489647,-577.0567196182267,-614.7441503020153,-649.0670265229481,-680.3257154057956,-708.7937690941998,-734.7203186518185,-758.332254239392,-779.8362106542485,-799.4203756101406,-817.2561365829996,-833.499580635036,-848.2928603427831
248,0.060937500000000006,-106.82340464810815,-186.38496627711146,-258.75792378334216,-324.6584366479909,-384.6743834102227,-439.3324541251734,-489.11114233307904,-534.4460663662397,-575.7339346025861,-613.336037573471,-647.5814122379556,-678.7697216230193,-707.1738771160138,-733.0424266318083,-756.6017295857222,-778.0579377064491,-797.5987990208484,-815.3953007953112,-831.6031658095678,-846.3642150557065
249,0.06015625000000001,-106.41035157104581,-185.6639135367272,-257.75641117303525,-323.40127945991617,-383.1841580180838,-437.6297279944213,-487.2146557310131,-532.3728946086799,-573.4996356884441,-610.9547868249789,-645.0661250862988,-676.1321655557932,-704.4247737225712,-730.1915446084801,-753.657969492355,-775.0294091993421,-794.4928912253595,-812.2187464242359,-828.3620995807463,-843.0642269139752
250,0.059375000000000004,-105.83437733293638,-184.65926675841206,-256.36208497668105,-321.6523683688815,-381.11255750662394,-435.2644695257267,-484.58217034349946,-529.4972469956797,-570.4027363589811,-607.6565850455077,-641.5847844618486,-672.4842238461364,-700.6252883246658,-726.2542250003211,-749.5952978131697,-770.8527500332343,-790.2125915582299,-807.844226655823,-823.901936393871,-838.5262287307249
251,0.05859375,-105.09422477667432,-183.3675711250278,-254.5684357099671,-319.4014256879181,-378.44493476805326,-432.2171528827546,-481.1888494955177,-525.7886097196962,-566.4067360056721,-603.3986841636832,-637.088176752195,-667.7700363681871,-695.7127657048662,-721.160897236441,-744.3371331309773,-765.4442941235469,-784.6670944054406,-802.1737580619667,-818.1174912045416,-832.637822679905
252,0.0578125,-104.19284589780105,-181.79508147983307,-252.38568871221491,-316.66320634736724,-375.20104604871887,-428.51293485588405,-477.0655882885926,-521.2839012078807,-561.554815785732,-598.230727854707,-631.6325734231573,-662.0526375192037,-689.7571119936299,-714.9884249418654,-737.967362166804,-758.8949992519937,-777.9544611530379,-795.312524705164,-811.1210780702231,-825.5184498945129
253,0.057031250000000006,-103.1301571493286,-179.94070668750115,-249.8109612350061,-313.4323559863684,-371.3724727488188,-424.13981542624487,-472.19635415261155,-515.962663403497,-555.8217506737572,-592.1224282255054,-625.1823682500789,-655.2908831783992,-682.7114574991291,-707.6840535146135,-730.4272112490589,-751.1399608900529,-770.0035644997432,-787.1831022374134,-802.8289169744437,-817.077929943458
254,0.05625,-101.90893093058352,-177.8100690979674,-246.85325079872993,-309.72171043189667,-366.97629547825846,-419.11947558242485,-466.60773840949435,-509.85666702710387,-549.2447232748369,-585.1165795677824,-617.7861378384682,-647.539276870294,-674.6363540769919,-699.3144838964927,-721.7896127764441,-742.2584089159395,-760.8999833021124,-777.8774571030189,-793.3393891334152,-807.4210758854038
255,0.05546875,-100.5302578198087,-175.40444798495793,-243.51331916400616,-305.53087166066854,-362.0103760487545,-413.44751510720096,-460.292611440248,-502.95563590359234,-541.8099396674667,-577.1955409018163,-609.4221028757646,-638.7716441465006,-665.5010065283745,-689.8441027042469,-712.0139631823528,-732.2046005153514,-750.5927070952375,-767.3392013811011,-782.5906360904214,-796.480480676731
256,0.0546875,-98.99671352733495,-172.72879854140103,-239.79888055954993,-300.8706772591059,-356.48901412607773,-407.14200551680426,-453.27309684277793,-495.28599716979824,-533.5483546614073,-568.3949932946934,-600.1308456161559,-629.0336216263626,-655.3562391116666,-679.3290369628971,-701.1617908905941,-721.0455491843873,-739.1543045840112,-755.6465168940055,-770.6664996674644,-784.3456830943763
257,0.05390625,-97.31055603285441,-169.78676256292405,-235.71433655850817,-295.7456879954462,-350.41636511610665,-400.2061735244664,-445.55101190569275,-486.8477198882919,-524.4576904831871,-558.7100514425749,-589.9045479359119,-618.3141659081042,-644.1875209836873,-667.7510340763038,-689.2109127740799,-708.7549558426689,-726.5541966364171,-742.7643997983001,-757.5274243455772,-770.9724650690637
258,0.053125000000000006,-95.47414847760194,-166.58259753505115,-231.2660705371565,-290.1646763982586,-343.80385957831027,-392.6543697571867,-437.1438761035807,-477.6617246801389,-514.562483300586,-548.1690632023348,-578.7755475348619,-606.6497653410205,-632.0356354572036,-655.1553011110077,-676.2110739386235,-695.3872044437934,-712.8514943956045,-728.756765277571,-743.2421956399892,-756.4345390598403
259,0.05234375000000001,-93.49090232152648,-163.1222853224365,-226.4620967440194,-284.1371339086669,-336.6619208932953,-384.4974279649229,-428.0624424285019,-467.7382260363736,-503.87198553144776,-536.779929065598,-566.7500356795035,-594.0445756562609,-618.902405632251,-641.5410587913844,-662.158648463085,-680.9356017839586,-698.0362385930392,-713.6102093762361,-727.7938048424725,-740.7111485909267
260,0.051562500000000004,-91.36295356721315,-159.40935945438162,-221.30742834728778,-277.6697139118198,-328.99904004101387,-375.7458894090376,-418.31951821832143,-457.09250907968504,-492.40416342791826,-524.5634889050433,-553.8519061426191,-580.525711970254,-604.8183224332851,-626.9423155089027,-647.0912914401796,-665.4415669791331,-682.1537183703203,-697.373986580828,-711.2355570759983,-723.8597253417718
261,0.05078125,-89.0948461220793,-155.45210498438,-215.8136428603548,-270.77678000383906,-320.8318441131991,-366.41812808255423,-407.93472587279484,-445.74497075385796,-480.1797425549486,-511.54038029862966,-540.1013214097477,-566.1125035256425,-589.8015516635721,-611.3757701129783,-631.0239565097548,-648.9180539679392,-665.2146557246149,-680.0563754634645,-693.5730953074141,-705.8831024006477
262,0.05,-86.6884756808886,-151.25330970011862,-209.98435233546698,-263.4628254061085,-312.16583216055795,-356.52081089080343,-396.9160816315546,-433.7051664453318,-467.21000848112675,-497.72380665009706,-525.5135840135808,-550.8225250323006,-573.872103872603,-594.8640226470154,-613.9819765953281,-631.3932616661837,-647.2502385734662,-661.691666143477,-674.8439156237931,-686.8220765822065
263,0.049218750000000006,-84.14949058382999,-146.82351076382668,-203.83462617167575,-255.74699731341357,-303.0237324744162,-346.0797387881166,-385.29195632345403,-421.0035497967239,-453.52703213853573,-483.14701538623257,-510.12270335029365,-534.6901600731745,-557.0643755686707,-577.4411471315178,-595.9987927035693,-612.8997112895622,-628.2918040750368,-642.3097686804892,-655.0762778762287,-666.7030530717552
264,0.0484375,-81.4795345302599,-142.1647330339423,-197.36665303578374,-247.63160108117427,-293.4080182727662,-335.0976632201137,-373.0655256671247,-407.6438875461104,-439.1353488329523,-467.8154920385033,-493.93529636733814,-517.723334597724,-539.387773554698,-559.118195925153,-577.0872594030366,-593.4522076981898,-608.3562466391279,-621.9297974168735,-634.2916379403201,-645.5499422935319
265,0.04765625,-78.68532546925672,-137.28970081634552,-190.59890130468088,-239.1404494540648,-283.34737891911055,-323.6076530310385,-360.2737340049984,-393.66650227818894,-424.0781771357163,-451.7748889011699,-476.9990096923766,-499.97127454306184,-520.8927129781746,-539.9464081419183,-557.2990988923576,-573.1026388807733,-587.4953253809273,-600.6031094943053,-612.5406983200115,-623.4125587330878
266,0.046875,-75.76824497081132,-132.19966355628938,-183.53212276585234,-230.27364570824014,-272.84124655049584,-311.6085272432036,-346.9148969553276,-379.06934885946754,-408.3532741281209,-435.0229398133087,-459.3117338919619,-481.4322082321586,-501.57793889944776,-519.9252203143643,-536.6346081325576,-551.8523243650002,-565.7115370430265,-578.3335256321503,-589.8287423970962,-600.2977790088567
267,0.04609375,-72.73603917448885,-126.90945425371027,-176.18807091031846,-221.0595213247456,-261.9240947231027,-299.14041871030645,-333.03430459992376,-363.9023702145321,-392.0147395638418,-417.61742047501156,-440.93445906786155,-462.169900461929,-481.5095742789445,-499.12272074367615,-515.1634716295159,-529.7721990057065,-543.0767435852748,-555.1935334200392,-566.2286027302965,-576.2785197834488
268,0.045312500000000006,-69.58981900308088,-121.41953923743979,-168.56605601124224,-211.49597686376194,-250.59231799412694,-286.198221312514,-318.625422841488,-348.15772194732034,-375.05356612811744,-399.5483270047109,-421.85636241122427,-442.1728928519992,-460.67571017175766,-477.5267336104903,-492.87342690614173,-506.85008886315234,-519.5790286901849,-531.1716363987616,-541.7293576342901,-551.344581473417
269,0.04453125000000001,-66.33831102912241,-115.74676875110522,-160.69098255628265,-201.61568786971912,-238.88596157150516,-272.828884480602,-303.74160827280554,-331.89465940757117,-357.53440121398063,-380.88520230190784,-402.15140147362945,-421.5190959278561,-439.15776968113676,-455.22177661605866,-469.85169114728296,-483.1755383211668,-495.30991410918153,-506.36100569555845,-516.4255206853346,-525.5915333626073
270,0.043750000000000004,-62.982348678994974,-109.89082313204277,-152.56072355667467,-191.41436513056942,-226.798404661342,-259.0234084335331,-288.3715173659354,-315.0995873000045,-339.4415286437678,-361.6103664417332,-381.8001067971538,-400.18743525065673,-416.9332632797161,-432.18413665731435,-446.0735180402684,-458.7229550293131,-470.2431439331657,-480.73489855261147,-490.2900324673639,-498.99216255014403
271,0.04296875,-59.53158515597293,-103.87046598020306,-144.2031809522522,-180.92882679851056,-214.37501723128096,-244.8352697202742,-272.57624426345444,-297.84070807051796,-320.8497448771185,-341.8047007679007,-360.8889474101684,-378.2694867300123,-394.0984122128765,-408.51423975562165,-421.6431197257018,-433.59994082919775,-444.4893354427393,-454.4065952033661,-463.43850486605635,-471.66410172413754
272,0.0421875,-55.986571251678605,-97.68459361225534,-135.61480360592012,-170.1526203336949,-201.60620395575089,-230.25163038525815,-256.33970594345044,-280.0987593442019,-301.7367217690281,-321.44295831498926,-339.3899272415336,-355.734689799754,-370.62028502647996,-384.176981723707,-396.5234186249747,-407.76764274550663,-418.00805501414914,-427.33427147002453,-435.8279075656266,-443.5632924436938
273,0.041406250000000006,-52.35782728492812,-91.35376730065637,-126.826318884968,-159.12647949995403,-188.5423798411782,-215.3321643949417,-239.73035743258023,-261.9504701723298,-282.1869437006493,-300.6168602104693,-317.4014936859893,-332.6877211575337,-346.6093078718699,-359.2880777429839,-370.83497933164267,-381.3510566761222,-390.9283334644207,-399.6506182814154,-407.5942379748591,-414.82870555586373
274,0.040625,-48.64561801676306,-84.87610614597179,-117.83277339789983,-147.8418282116865,-175.1710341886893,-200.0602747695083,-222.72747537217444,-243.37102985937165,-262.17160822017263,-279.2937481044444,-294.88729666445573,-309.08872252615487,-322.02231040181255,-333.8012489713441,-344.5286215972271,-354.29830856292034,-363.19580874253444,-371.298987900484,-378.67876017532694,-385.3997087156687
275,0.03984375,-44.86126602027693,-78.27384232608031,-108.66753049501746,-136.34306470714375,-161.5473162181866,-184.50146498301203,-205.40645362489707,-224.44522100176147,-241.78436675582492,-257.57561741671276,-271.95715497688843,-285.0548260243761,-296.9832428593225,-307.8467863272593,-317.74051914692785,-326.75101771820175,-334.9571296833697,-342.4306638669672,-349.2370186287902,-355.43575412662005
276,0.0390625,-41.004748393593545,-71.54432932181912,-99.32426506973925,-124.61954222940922,-147.65587699014807,-168.63548135734294,-187.7420562618053,-205.1428375496612,-220.9901201258548,-235.42259976271387,-248.56658864688126,-260.53712140386875,-271.4389621640614,-281.36752163877486,-290.4096922756216,-298.6446088226023,-306.1443409696366,-312.97452413769355,-319.1949339417942,-324.8600093595177
277,0.03828125,-37.08812015665452,-64.71133314771565,-89.83877075921976,-112.71904976122869,-133.55625992463104,-152.53325302338595,-169.81615115323638,-185.5561929316241,-199.89110941317526,-212.946336018645,-224.83611080986933,-235.6644740456439,-245.52617845577265,-254.50751827401197,-262.6870842831815,-270.1364514719032,-276.92080531433146,-283.09951214894636,-288.7266386445744,-293.85142489716026
278,0.037500000000000006,-33.111070885859455,-57.77145798154499,-80.20338973817735,-100.62893551517843,-119.2303724728105,-136.1709944754557,-151.5991453879615,-165.64987197398682,-178.44615510441903,-190.0999935673978,-200.713385826314,-210.3792232786255,-219.1821035663188,-227.19907119261825,-234.50029196878407,-241.1496672147401,-247.2053931020938,-252.72047004371632,-257.7431665941467,-262.31744192518863
279,0.03671875000000001,-29.086313724790013,-50.749857149092136,-70.4561252509213,-88.40008458348485,-104.74178514984024,-119.62462319947618,-133.1788761011833,-145.523149794214,-156.76545758661595,-167.00417043806598,-176.3288781631063,-184.82117324757886,-192.5553646680131,-199.5991280129824,-206.01409759039134,-211.85640569339319,-217.17717373733927,-222.02295956095398,-226.43616480267715,-230.4554059146788
280,0.035937500000000004,-25.013252641984757,-43.64240646144395,-60.5880339665181,-76.01791815071842,-90.06977334422263,-102.86696850782538,-114.52157584966088,-125.13562044133575,-134.80201090044696,-143.60535852000996,-151.62271918465612,-158.92426835646708,-165.5739156155591,-171.62986425128955,-177.14512084229335,-182.16795930688988,-186.74234349905217,-190.90831205787433,-194.70232888527366,-198.15760232397
281,0.03515625,-20.905180523904782,-36.47549147701278,-50.6390944337622,-63.53610369501141,-75.2815427327414,-85.97846818476539,-95.72050948809253,-104.59290865731353,-112.67329531462944,-120.03236946776074,-126.73452033185882,-132.838389574002,-138.39738427698353,-143.46014414085974,-148.0709670018706,-152.2701963827765,-156.09457445899943,-159.5775635244136,-162.74963876639498,-165.63855490964906
282,0.034375,-16.76121940595538,-29.244285067189832,-40.59913295468264,-50.93822525619804,-60.35386441540371,-68.92873387716335,-76.73794322890319,-83.84986683023256,-90.3267682315929,-96.22534957288173,-101.59724908368435,-106.48949363460882,-110.94491071914187,-115.00250356928147,-118.69779272707503,-122.06312708377631,-125.12796712331374,-127.91914285891521,-130.46108872729198,-132.7760575011577
283,0.033593750000000006,-12.595159962408063,-21.976242347255234,-30.50985690146668,-38.28040182038077,-45.357164885133265,-51.80222774171198,-57.67199463713261,-63.0178181144714,-67.88646549626971,-72.3205299479617,-76.35880310321522,-80.03661426389436,-83.38613934565076,-86.43668227920597,-89.21493131743355,-91.74519248073435,-94.04960217621009,-96.14832084612223,-98.0597093365873,-99.80048952726658
284,0.0328125,-8.40584770847602,-14.665863009757041,-20.359924933348122,-25.544481492546623,-30.265854167410648,-34.5655311142026,-38.48119622242816,-42.04715158751499,-45.29463181584325,-48.25208030533787,-50.945399262475675,-53.39817702898841,-55.63189496497942,-57.66611577626537,-59.51865497150902,-61.205736972461395,-62.742137258634074,-64.1413118008116,-65.41551492351192,-66.57590663319897
285,0.03203125,-4.207486082140994,-7.341502456899856,-10.192516106022847,-12.78868877443467,-15.153145368349668,-17.30660978617309,-19.267913332327932,-21.05420247131876,-22.681093888485933,-24.162811304607942,-25.51230960730819,-26.7413879152005,-27.860792600526597,-28.88031115523545,-29.808857706004375,-30.654550915378678,-31.424784943106086,-32.12629408335092,-32.76521163966015,-33.34712355017431
286,0.03125,0.001348803802711261,0.0029788863972826088,0.0048086409322615825,0.006752251317402849,0.008754790316585232,0.010779180337487393,0.012799565192439709,0.014797599042913865,0.01676019278232143,0.018678054838906753,0.020544698833543033,0.022355743057226214,0.0241084016007871,0.02580110640925386,0.027433221649047778,0.029004824856855318,0.030516537437288386,0.03196939226767361,0.03336472962705696,0.03470411500851722
287,0.030468750000000003,4.20612831659136,7.338500151528878,10.187664781643083,12.781870540922668,15.144297972712,17.2957086977239,19.254960457094004,21.039218580154788,22.664113302331785,24.143878042875233,25.491474532700835,26.718706583142758,27.836323621442382,28.854114938591724,29.78099549360641,30.625084036912067,31.393774244354375,32.09379948974323,32.73129182660462,33.31183569806948
288,0.029687500000000002,8.408536967119606,14.671802328690939,20.36951240523826,25.557944108942625,30.283309405944834,34.58702252774445,38.50671581261611,42.07665477905222,45.32804793745166,48.28932016131433,50.98636072568393,53.44274923712758,55.67996150225254,57.71755710149073,59.57335027673099,61.263565605212506,62.802979806241616,64.20505091073446,65.48203591618122,66.645097950994
289,0.02890625,12.593810501709902,21.973258376160622,30.50503516115947,38.273625111212674,45.34837130538067,51.791392883036025,57.65912036837637,63.00292505626113,67.86958773883849,72.30171122308239,76.33809394642738,80.01406987699995,83.36181796890607,86.4106439429314,89.1872368811004,91.71590289293594,94.01877790625323,96.11602145012193,98.02599312969818,99.7654133400776
290,0.028125,16.763883669391944,29.25016913882346,40.608631181322025,50.95156247342514,60.37115696442357,68.95002486424072,76.76322469149189,83.8790945723522,90.35987220745538,96.26224138805465,101.63782753601139,106.53364887134525,110.99252738889263,115.05346322736956,118.7519756766936,122.12041378484398,125.18823926651619,127.98228417823276,130.5269856069649,132.84459942031592
291,0.02734375,20.90384762212796,36.47254406248043,50.634331681031306,63.5294097812234,75.27285645659242,85.96776538185743,95.70779195309224,104.57819671124342,112.65662258762829,120.01377911796706,126.71406224234738,132.8161182413374,138.3733572031791,143.43442060007672,148.04360709105396,152.24126029046045,156.0641219036269,159.5456533255125,162.71632852059454,165.60390074983553
292,0.026562500000000003,25.015875418733454,43.64819883460306,60.59738406573948,76.0310472332509,90.08679586509994,102.88792683204287,114.54646207406368,125.16439099942369,134.83459678446263,143.64167266526914,151.66266192404575,158.96773151263216,165.6207856034991,171.6800244459825,177.19845339087374,182.2243465152556,186.8016688888714,190.97046116615508,194.76718986158008,198.22506636784064
293,0.025781250000000002,29.08500553484803,50.74696429036819,70.45145052971176,88.39351423179225,104.73325901175009,119.61411747466404,133.16639247356284,145.5087081375603,156.74909084424021,166.9859209117739,176.30879476193945,184.79930941526283,192.53177680442255,199.57387426336467,205.987236913244,211.82799714245866,217.14727590997066,221.99163017687923,226.4034603856692,230.42138155583464
294,0.025,33.113635941480716,57.77712277358315,80.21253374667185,100.64177501909558,119.24701930311228,136.19148996586372,151.62348171790194,165.678006452604,178.47802016792141,190.13550400084594,200.75244409788675,210.4217235414529,219.22793469243743,227.24811908808942,234.5524413455686,241.2048029463585,247.2634012569398,252.78123866660502,257.8065862899733,262.3834062863199
295,0.02421875,37.08684468075931,64.7085125118798,89.83421257815995,112.71264298771777,133.54794578699833,152.5230082034419,169.80397718827996,185.54210910320302,199.87514775506887,212.92853769860133,224.81652344693987,235.64314968913428,245.5031720457802,254.48288646047996,262.66088451661363,270.1087413028293,276.8916418549826,283.06895166207437,288.6947362326158,293.81823427098243
296,0.0234375,41.00723985165413,71.54983144209945,99.33314630448388,124.63201251074499,147.67204480372396,168.65538672224602,187.76569146283265,205.1701610123188,221.02106612715932,235.45708544574651,248.60451920176806,260.57839395442426,271.4834687142388,281.4151513208531,290.46033307070655,298.69814887684277,306.2006695973416,313.03353257991523,319.2565159327121,324.9240615410567
297,0.022656250000000003,44.86003106166791,78.27111114188884,108.66311665667571,136.3368605382914,161.5392646624122,184.4915433198043,205.3946632102202,224.4315803836479,241.76890684128927,257.55837796841774,271.93818201545486,285.034169871142,296.96095664529474,307.8229248491343,317.71513798611034,326.72417256192756,334.92887580288414,342.40105571881503,349.2061095532763,355.40359612334265
298,0.021875000000000002,48.64802045802664,84.88141151562814,117.84133681185702,147.85385192709617,175.18662264623765,200.079466399065,222.7502625864534,243.39737243423883,262.20144265889036,279.3269944015985,294.9238633015614,309.1285102190038,322.06521494111325,333.84716338998015,344.57743782864776,354.34991870967275,363.2501060428824,371.3558674592356,378.7381195093465,385.46144815306485
299,0.02109375,52.35664040138179,91.3511422565648,126.82207632220683,159.1205157440703,188.53463987279574,215.32262620406507,239.71902216088947,261.93735549793183,282.17207919359197,300.60028396580213,317.3832498269307,332.66785795397357,346.5878763067997,359.2651304124121,370.81056959722827,381.3252380120274,390.9011589550992,399.6221402377276,407.5645076435906,414.79777290333675
300,0.0203125,55.98886981119354,97.68966937959824,135.62299613712986,170.16412293239807,201.62111634475494,230.26998914179214,256.36150363086745,280.1239573149991,301.7652591246899,321.47475837746833,339.42490233256507,355.7727448256848,370.66132019547035,384.2208946185879,396.57010578919454,407.8170008960569,418.05998196562655,427.38866683310425,435.8846732682509,443.6223331122834
301,0.01953125,59.53045361569124,103.86796312802039,144.19913557421634,180.92313983141733,214.36763600441276,244.82617304448985,272.56543303591906,297.82819896931557,320.83556593390733,341.7888881580284,360.87154307198983,378.2505365706345,394.0779647408067,408.49234503126394,421.6198285527386,433.57530413110834,444.46340378321077,454.3794184195199,463.41013179073906,471.6345799788704
302,0.018750000000000003,62.98452914078906,109.89563788318694,152.56849447033142,191.42527533734153,226.8125485254917,259.0408204301735,288.3921902327834,315.1234841841222,339.4685916016928,361.64052257853774,381.83327279992153,400.22352078861394,416.9721735811619,432.2257744752201,446.1177851559293,458.76975340211743,470.2923765763335,480.7864701949442,490.3438500468311,499.0481355747113
303,0.017968750000000002,66.33724176969665,115.74440341707572,160.68715910725797,201.61031243963836,238.87898413960636,272.8202847872567,303.73138694459567,331.88283200060476,357.52099403093916,380.8702493589526,402.1349422504929,421.5011736718347,439.1384301143316,455.2010669428693,469.82965928946976,483.152232327828,495.28538170269576,506.3352939241364,516.3986756597502,525.5636000597204
304,0.0171875,69.5918678925578,121.42406320259703,168.5733572358388,211.50622715498187,250.60560575543437,286.2145786848182,318.6448427630578,348.1801695693554,375.0789868027449,399.5766520537527,421.887513385861,442.2067847272121,460.712253767075,477.5658374361832,492.91499857528447,506.89403617111964,519.6252604366462,531.2200630086002,541.779891620526,551.3971377754012
305,0.01640625,72.73503876603964,126.90724095975659,176.18449284634272,221.05449038386777,261.9175638264372,299.13236863646557,333.02473568521225,363.8912967817205,392.0021860094145,417.60341843157806,440.91904529890166,462.15311527449916,481.4914603134877,499.1033220446405,515.1428329288182,529.750365169814,543.0537591894836,555.1694424225,566.203448224813,576.2523438147902
306,0.015625,75.77014964522637,132.20386881305453,183.53890922620278,230.28317278578695,272.853596131321,311.62372892380057,346.93294390559146,379.09020843679,408.3768953040693,435.0492585365926,459.3406770480771,481.46369661249776,501.61188945098934,519.9615478551309,536.6732266634266,551.8931480723206,565.7544810618424,578.3785066225037,589.8756789734692,600.3465920536836
307,0.01484375,78.68440008319229,137.28765321529843,190.59559069493497,239.1357940277489,283.3413348244461,323.6002021968853,360.2648764674727,393.65625102936315,424.0665545053015,451.7619239320352,476.98473619303405,499.95572961897705,520.8759359117124,539.9284395319157,557.2799799905087,573.08241107932,587.4740298179922,600.580786751491,612.5173881928775,623.3883000594725
308,0.0140625,81.4812832684345,142.1685937108674,197.3728829892678,247.64034635438156,293.4193537325552,335.1116157363833,373.0820886812766,407.6630308184101,439.15702526227886,467.83964258662724,493.96185369430685,517.7522257875117,539.4189221801354,559.1515236222433,577.1226870745912,593.4896564335418,608.3956384140322,621.971055621787,634.3346877738516,645.5947110494753
309,0.013281250000000001,84.14864596966704,146.82164159514193,203.83160363671539,255.74274642596086,303.0182128939034,346.07293371453943,385.2838654979682,420.99418480227695,453.51641309854733,483.1351685696641,510.1096593941466,534.67595264173,557.0490403307432,577.424720974555,595.9813131273078,612.8812159377419,628.2723303744658,642.2893535643185,655.0549575737484,666.680862951002
310,0.0125,86.69005777467673,151.2568021878135,209.9899877255527,263.4707355045531,312.1760843804193,356.5334292304038,396.9310598589291,433.72247691910934,467.2296083216719,497.7456421951184,525.5375941072306,550.848643490947,573.9002613526574,594.894148068778,614.0139982313988,631.4271079729601,647.2858388237502,661.7289509038038,674.8828171097783,686.8625289176218
311,0.01171875,89.09408759653876,155.4504260614039,215.81092756729717,270.7729606917407,320.82688424543454,366.41201226900006,407.9274535880054,445.73655211908886,480.17019537470793,511.52972791060927,540.0895910888572,566.0997252800158,589.787757316008,611.3609925949787,631.0082293167484,648.9014107384426,665.1971299157765,680.0380001022165,693.5539028013537,705.8631243963416
312,0.010937500000000001,91.36435941962907,159.4124626368108,221.31243519686177,277.676741262732,329.00814750206547,375.75709801185684,418.33282213712545,457.10788347197564,492.42156991969654,524.5828795510431,553.8732263496281,580.5489026885962,604.8433218168129,626.9690601803625,647.1197174584298,665.471610578016,682.1853165207534,697.4070774148804,711.2700802025465,723.8956220765829
313,0.010156250000000002,93.4902347769717,163.120807569665,226.45970649226237,284.1337713734254,336.6575536602859,384.49204222562895,428.05603745545903,467.7308104735172,503.86357478784146,536.7705434245984,566.7396988953326,594.0333138953853,618.8902466658493,641.5280313748265,662.1447818571842,680.9209253852287,698.0207816487018,713.5940007656955,727.7768729112889,740.6935210264522
314,0.009375000000000001,95.47536971639003,166.58529306376482,231.27041942293474,290.170779932725,343.8117693250366,392.66410375594756,437.1554290542632,477.6750747561628,514.57759691576,548.1858984527813,578.7940567400682,606.6698969490626,632.0573354881915,655.1785142576374,676.2357444076474,695.4132765990313,712.8789132472874,728.7854768516906,743.272147253353,756.4656795206868
315,0.00859375,97.30998398591842,169.78549616374468,235.71228807366145,295.7428060851735,350.4126218675657,400.2015569443088,445.5455211887403,486.8413622416429,524.4504788959065,558.7020030684831,589.8956828940137,618.3045063784019,644.177090518017,667.7398570692473,689.1990140551588,708.7423603617158,726.5409292213355,742.750484969536,757.5128861753403,770.9573270760166
316,0.0078125,98.99774317850547,172.73107128631818,239.8025474304598,300.87582367024174,356.4956835195468,407.15021302603884,453.2828378815967,495.2972531805676,533.5610971381644,568.4091866894173,600.1464494855568,629.0505922425275,655.3745306832085,679.3486025667752,701.1825831852212,721.0675209551043,739.1774091586844,755.6707084571277,770.691733494441,784.3719157227437
317,0.00703125,100.52978551217947,175.40340264535405,243.5116285714672,305.528493592073,362.0072875674936,413.4437063649137,460.2880817737115,502.9503912176063,541.803990599372,577.1889014925512,609.41478958569,638.7636751147985,665.492401009519,689.8348806360974,712.0041448538111,732.1942063103751,750.5817572960722,767.3277160178247,782.5786348269629,796.4679827257486
318,0.00625,101.90976358636274,177.8119075156309,246.85621755905672,309.7258749820286,366.98169323629764,419.126118981787,466.61562384686994,509.8657795170625,549.255039711464,585.1280710839383,617.7987715509244,647.5530171909309,674.6511637084154,699.3303245929668,721.8064459272098,742.2761959922362,760.9186861984688,777.8970383958147,793.3598122743018,807.4423053431813
319,0.0054687500000000005,103.1297887559995,179.93989222283403,249.8096452164728,313.4305062773181,371.370072175396,424.1368569333271,472.19283775950913,515.9585941673511,555.8171372645946,592.117281896975,625.1767020789741,655.284711493693,682.7047954485107,707.6769167330491,730.419615604391,751.1319222875949,769.9950987325643,787.1742248723089,802.8196432659827,817.068274770225
320,0.004687500000000001,104.1934781483418,181.79647875826922,252.38794534869427,316.66637624022184,375.20515712747056,428.5179974501185,477.07160040061467,521.2908520517065,561.5626882723518,598.2395003939758,631.6422212599714,662.0631337401101,689.7684282933873,715.0005322112058,737.980230944661,758.9086000735483,777.9687648168148,795.3275024766655,811.1367018354983,825.5346922740262
321,0.00390625,105.09396608717518,183.3670021591008,254.56752031741587,319.4001439830571,378.4432771850244,432.2151167567453,481.186436920573,525.7858261185819,566.4035891314666,603.3951833808928,637.08433250809,667.7658597985163,695.7082683372163,721.15609076611,744.3320292516025,765.438904399615,784.6614301771623,802.1678303753354,818.1113107611027,832.631399801997
322,0.003125,105.83481249758978,184.6602333034624,256.3636519144141,321.65457642775505,381.11542910321083,435.26801455853075,484.5863898497782,529.5021356100602,570.408284044948,607.6627783563611,641.5916074814721,672.491658903229,700.633316541782,726.2628267195802,749.604452928146,770.8624382483943,790.2227925917587,807.8549203977651,823.913103028749,838.5378488317299
323,0.0023437500000000003,106.41020500454712,185.6635961797893,257.7559086251762,323.400587183274,383.18327740476025,437.6286640663943,487.2134157123739,532.3714870000285,573.4980696488847,610.953071752227,645.0642703295159,676.1301802200207,704.4226665377694,730.1893238448301,753.6556429090132,775.0269840174842,794.4903741188766,812.2161435231801,828.3594164838898,843.0614687077551
324,0.0015625,106.82362052824988,186.38545060101524,258.7587184730442,324.6595702283745,384.6758750065155,439.33431593926224,489.1133813086303,534.4486853731268,575.736933314748,613.3394131399319,647.5851598078364,678.7738347635969,707.1783481500481,733.0472469124376,756.6068897221245,778.0634277500552,797.604608619553,815.4014193214447,831.6095824661788,846.3709189647911
325,0.00078125,107.07046436267287,186.81570985832934,259.35550261667663,325.4077006201768,385.5615729273774,440.3450518368269,490.2377571123391,535.6763308257727,577.0584125483449,614.7461400560275,649.0693212980207,680.3283209799426,708.7966891409369,734.7235550191165,758.3358071966636,779.8400791108146,799.4245573083227,817.2606282686554,833.5043782080612,848.2979589898301
326,0.0,107.15409123206157,186.96214824916981,259.55946359306887,325.6643910502587,385.86661162336657,440.6944317654279,490.62781465434335,536.1037174183883,577.5200682867055,615.2392692328198,649.5913698364855,680.8769556758552,709.369778607667,735.3191522213062,758.9521334568923,780.4755094765069,800.0776071712141,817.929941135281,834.1887145263503,848.9961859435937
327,0.14375000000000002,62.98453435283107,109.89565163023858,152.5685197738358,191.42531485642877,226.81260457535345,259.04089500272335,288.39228501859145,315.12360059480756,339.468730792201,361.64068546890877,381.83346009627235,400.22373300316235,416.9724110511778,432.2260373808418,446.11807353682025,458.7700671729624,470.29271554119805,480.7868340605281,490.3442384346634,499.04854803233314
328,0.25234375,106.41019174957572,185.66356017636676,257.7558402778985,323.40047725433294,383.183117295926,437.62844600341526,487.21313283820774,532.3711334039937,573.4976403548263,610.9525626816384,645.0636782499827,676.1295026856602,704.4219018259943,730.1884708922637,753.6547012483995,775.0259537167931,794.489255723354,812.2149380007909,828.358125174388,843.0600932754604
329,0.253125,105.83479943417419,184.6601991061953,256.3635902093742,321.6544822926435,381.11529875137103,435.2678451229282,484.586179231497,529.5018823650814,570.4079872939777,607.6624377095145,641.5912229734118,672.4912309362869,700.6328458355716,726.2623142661157,749.6038999517554,770.8618461698801,790.2221629963542,807.8542550065105,823.9124036729498,838.5371174302095
330,0.25390625,105.09396000033422,183.36698585087595,254.56749029321747,319.400097388599,378.44321170137636,432.21503051620215,481.1863284414359,525.7856942540155,566.4034330282201,603.3950024449226,637.0841263751444,667.7656283084294,695.7080115111058,721.1558087859324,744.3317224416851,765.4385732098921,784.6610751679027,802.1674522032035,818.1109101664161,832.630977597075
331,0.2546875,104.19347616301235,181.79647372804362,252.3879365534565,316.6663633065882,375.20513998257894,428.5179762829433,477.0715756259703,521.2908242762205,561.5626582627823,598.2394690482771,631.6421895812963,662.0631028137378,689.7683992664412,715.0005062749594,737.9802093191984,758.9085839945458,777.9687555242086,795.327501205,811.1367098057481,825.5347106867241
332,0.25546875,103.12978904040112,179.93989308190174,249.80964707859295,313.430509711144,371.37007786153237,424.1368656397475,472.1928503190932,515.9586114574256,555.8171601886776,592.1173113688585,625.176739009144,655.2847567779704,682.7048499587476,707.6769813096696,730.4196910505684,751.132009364854,769.9951981576054,787.1743373148795,802.8197693476218,817.0684150637409
333,0.25625000000000003,101.90976546344774,177.81191263587797,246.85622734115296,309.72589088845604,366.98171675736955,419.12615162241536,466.61566711422216,509.8658349087976,549.2551087047337,585.1281551253963,617.7988720478995,647.5531355038304,674.651301144358,699.3304824005991,721.8066252926276,742.2763980359201,760.9189119731295,777.897288885055,793.3600883919844,807.4426079334173
334,0.25703125000000004,100.52978863690318,175.4034110359974,243.51164431959654,305.5285187150985,362.00732399858015,413.443755946782,460.28814625443994,502.9504722474974,541.8040897285372,577.1890201691259,609.4149291546781,638.7638368175503,665.492585983844,689.83508991699,712.0043793747482,732.1944669051462,750.5820447010724,767.3280308747609,782.5789776859083,796.4683540484849
335,0.2578125,98.99774717137815,172.73108197387123,239.80256739928856,300.8758553587068,356.4957292145597,407.15027486354796,453.28291784924585,495.29735312153434,533.5612187556101,568.4093315512379,600.1466190292609,629.0507877801575,655.3747534062605,679.3488535511008,701.1828633958961,721.0678312512655,739.17775029832,755.6710811018223,770.6921382140602,784.372353000056
336,0.25859375,97.30998865691522,169.78550863350634,235.71231129752903,295.7428428026197,350.41267460349786,400.2016280143563,445.5456127067154,486.8414761280616,524.4506168869516,558.70216672507,589.8958736107621,618.3047253924083,644.1773389173708,667.7401358012636,689.1993239343146,708.7427020772939,726.5413033447737,742.7508919614951,757.5133263924882,770.9578007775494
337,0.259375,95.47537484790166,166.58530675257379,231.27044488694392,290.17082012926323,343.8118269542289,392.6641812688624,437.15552866375475,477.67519844905337,514.5777464655748,548.1860754325752,578.7942625350628,606.6701327689312,632.0576023788868,655.1788131127063,676.2360759790034,695.4136415071739,712.8793119909672,728.7859098170345,743.272614722459,756.4661816797149
338,0.26015625,93.49024023800267,163.12082211087716,226.4597334940055,284.1338139197647,336.6576145454028,384.4921239646069,428.0561422976036,467.7309404169442,503.86373159456207,536.7707286356252,566.7399138455105,594.0335597277592,618.8905243454582,641.5283417018517,662.1451254794218,680.9213028098717,698.0211932534321,713.5944468091071,727.7773535426537,740.6940362948588
339,0.2609375,91.36436508970738,159.41247771991289,221.31246317663846,277.6767853021124,329.00821045164764,375.7571824224922,418.33293027498183,457.10801733486966,492.42173125393305,524.5830698682803,553.8734469434506,580.5491546505923,604.8436060520268,626.9693774220332,647.1200682819782,665.4719954142514,682.1857356682993,697.4075310518301,711.2705683973611,723.8961447982621
340,0.26171875,89.09409339936215,155.45044147675154,215.81095612797233,270.77300558997865,320.8269483435573,366.4120981139163,407.92756342798344,445.7366879216615,480.17035884498057,511.5299205094979,540.0898140509468,566.0999796308319,589.7880438885776,611.361312045592,631.0085821398794,648.9017972808117,665.1975503895477,680.0384545973478,693.5543912971174,705.8636467720466
341,0.2625,86.6900636390013,151.25681775207835,209.99001653697383,263.47078075664064,312.17614892523983,356.53351559444957,396.9311702611124,433.72261328979545,467.2297723220407,497.74583523639797,525.5378173694947,550.8488979412749,573.9005477625279,594.8944670306171,614.0143501742342,631.4274931771685,647.2862574348902,661.7294029455556,674.883302496005,686.863047463588
342,0.26328125,84.14865184811237,146.82165717838473,203.831632452947,255.74279163950422,303.0182773192873,346.073019833824,385.28397547995854,420.9943205226084,453.5165761599737,483.13536032211493,510.1098809542599,534.6762049116694,557.0493240161803,577.4250366017395,595.9816610591878,612.8815963891197,628.2727434261915,642.2897991765412,655.0554355982463,666.6813731426295
343,0.26406250000000003,81.48128911856655,142.16860920476614,197.37291161652652,247.6403912347787,293.4194176314614,335.11170108314906,373.08219758932546,407.66316510607527,439.1571864737448,467.8398320125614,493.96207239189937,517.7524745997436,539.4192017541577,559.1518344268007,577.1230294164527,593.4900304729314,608.3960441790623,621.9714930219195,634.3351566124113,645.5952110352541
344,0.26484375000000004,78.68440587595906,137.28766854036235,190.59561898294592,239.13583833543365,283.3413978514773,323.60028630539193,360.26498370301937,393.6563831425022,424.0667129731029,451.7621099792024,476.9849508123471,499.95597359089214,520.8762098230147,539.9287437933629,557.2803148534381,573.0827766512165,587.4744260770235,600.5812135600414,612.5178453101053,623.3887871529372
345,0.265625,75.77015535545739,132.20388390587192,183.53893706282977,230.28321635216983,272.85365805609973,311.6238114986547,346.9330491068645,379.0903379475469,408.3770505360256,435.04944065154626,459.34088697859914,481.46393508172406,501.6121569914166,519.9618448263657,536.6735532688616,551.8935043747448,565.7548669979922,578.3789220165927,589.8761235497232,600.3470654479329
346,0.26640625,72.73504437635467,126.90725577299189,176.1845201424069,221.0545330672258,261.91762444523204,299.1324494037157,333.02483850107114,363.89142325601046,392.00233748391105,417.6035960017019,440.9192498345941,462.1533474401363,481.4917205867489,499.10361073428624,515.1431501913625,529.7507110250996,543.0541335351752,555.1698450475371,566.2038788218503,576.2528019916826
347,0.2671875,69.59187338843988,121.42407770042549,168.5733839292079,211.5062688637317,250.60566494564864,286.2146574906557,318.6449430094657,348.18029279492265,375.0791342822067,399.57682481982243,421.88771225018183,442.20701030029693,460.7125064771593,477.5661175469538,492.91530620247613,506.8943712979914,519.62562292836,531.2204526255434,541.7803080306129,551.39758056541
348,0.26796875,66.33724714132327,115.74441757284488,160.68718514788677,201.61035309453396,238.87904178775892,272.82036147970433,303.7314844275768,331.88295173870756,357.5211372297909,380.87041698715177,402.1351350605934,421.50139222026525,439.1386747801854,455.20133794553624,469.82995670510877,483.1525561046993,495.2857316753792,506.33566982668134,516.3990771377956,525.5640266816442
349,0.26875,62.98453438035377,109.89565167837334,152.56851982733414,191.42531489476184,226.8126045759123,259.04089494308755,288.3922848780469,315.12360035528025,339.4687304387525,361.64068498991196,381.833459483368,400.2237322510649,416.97241015739013,432.22603634532027,446.11807236161906,458.7700658618813,470.29271409944465,480.78683249440707,490.3442367512922,499.04854623939445
350,0.26953125,59.530458718298156,103.8679765494379,144.19916022300148,180.92317825271817,214.36769040222373,244.82624530503534,272.56552475138886,297.82831146134686,320.8357002764153,341.789045199133,360.8717234548789,378.25074075327285,394.078193014446,408.492597537742,421.6201053005776,433.57560501044384,444.4637285795852,454.3797668265945,463.41050342196746,471.6349743781988
351,0.2703125,55.988874773329876,97.68968241970357,135.62302006651348,170.164160204021,201.621169076,230.2700591381697,256.3615924099253,280.1240661298691,301.76538898689836,321.47491007877903,339.42507646570897,355.7729418038989,370.6615402708078,384.2211378989979,396.5703722543858,407.8172904121816,418.0602942988225,427.38900166195396,435.8850301952016,443.6227116740948
352,0.27109375,52.35664522139494,91.35115491099864,126.8220995242373,159.12055185385884,188.53469092076222,215.3226939149006,239.71910797762422,261.93746060552724,282.17220454171144,300.600430290549,317.3834176714237,332.66804768769293,346.5880881436779,359.2653644276726,370.81082574299563,381.3255161317469,390.901458796812,399.62246146625967,407.5648498517043,414.79813562191384
353,0.27187500000000003,48.64802513514561,84.88142378380357,117.84135928773506,147.85388688024233,175.1866720227829,200.07953184592213,222.75034547545752,243.39747388571422,262.2015635643217,279.327135445213,294.9240249807071,309.1286928632665,322.06541873015647,333.8473883701169,344.57768392817366,354.35018575300484,363.2503937635493,371.35617551178467,378.7384474802167,385.46179557049595
354,0.27265625000000004,44.860035596360404,78.27112302519821,108.66313840926544,136.3368943398165,161.53931237552092,184.49160651454142,205.39474318822425,224.43167820167673,241.76902333377635,257.5585137688836,271.93833757667244,285.0343454840112,296.9611524564173,307.82314087710637,317.715374136567,326.72442864138884,334.92915153145225,342.40135074178943,349.2064234517407,355.4039284237941
355,0.2734375,41.00724424490555,71.54984294434901,99.33316734271008,124.63204517739288,147.672090880961,168.65544770647142,187.76576858886423,205.17025527682213,221.02117831104277,235.45721613536332,248.60466880883732,260.578562734635,271.4836567845385,281.4153586754415,290.46055959577785,298.6983943641261,306.20093375649554,313.0338150498444,319.2568162918619,324.9243793167589
356,0.27421875,37.08684893440752,64.70852363816178,89.83423291182129,112.71267453548985,133.54799025208933,152.52306701013464,169.80405150609383,185.54219987021332,199.87525570012886,212.92866336232396,224.81666720136377,235.64331175604934,245.5033525137204,254.4830853004126,262.66110159637157,270.10897640034113,276.8918946703602,283.0692218286267,288.6950233268492,293.8185378216597
357,0.275,33.11364005760909,57.77713353040453,80.21255338936116,100.64180547159265,119.24706219276848,136.19154664806473,151.62355330015262,165.6780938176954,178.47812399594386,190.1356247899211,200.75258218355498,210.4218791147005,219.2281078163779,227.24830971333583,234.55264932434588,241.20502804541644,247.2636431693277,252.78149702237963,257.8068606659026,262.3836962146558
358,0.27578125,29.0850095161534,50.7469746851312,70.45146949554025,88.39354361181714,104.73330035940779,119.61417207832787,133.1664613805375,145.50879217708527,156.74919064928497,166.98603693951273,176.30892731285363,184.79945865086418,192.53194276361938,199.57405687751313,205.9874360199389,211.8282124981274,217.14750720133404,221.99187703135362,226.40372238077464,230.4216582276812
359,0.2765625,25.015879267966035,43.648208875405665,60.597402370969206,76.03107556820072,90.08683571235554,102.88797941607228,114.54652838508166,125.16447181619783,134.83469269586396,143.64178409046755,151.6627891313094,158.96787463673306,165.6209446617532,171.6801993529721,177.19864397191046,182.22455251865165,186.80188999708443,190.97069700588418,194.76744001287753,198.22533037231523
360,0.27734375,20.90385134249273,36.47255375808589,50.63434934230139,63.529437097864665,75.27289484250558,85.9678159996707,95.7078557378832,104.5782743931395,112.65671471310547,120.01388606976111,126.71418425794651,132.81625543006786,138.3735095619176,143.43458802764385,148.04378940134964,152.24145722441338,156.0643331400258,159.54587849079778,162.71656719767748,165.60415248602044
361,0.278125,16.763887264016212,29.250178498182613,40.608648216243914,50.951588800944286,60.37119393269949,68.95007357699636,76.76328603156166,83.87916922405155,90.35996067760742,96.26234402560056,101.63794455018424,106.53378034842551,110.99267330758622,115.05362347286714,118.75215005347594,122.1206020283084,125.18844105349383,127.98249913647749,130.52721332368176,132.84483944980587
362,0.27890625,12.593813974076303,21.973267408765846,30.505051587706596,38.273650478438114,45.348406897961304,51.79143974791892,57.659179338143275,63.00299677125974,67.8696726679321,72.3018096829565,76.33820611944287,80.01419582761844,83.36195765873426,86.4107972444478,89.18740359013319,91.71608273996922,94.01897056663435,96.11622655325152,98.02621026727252,99.76564207346055
363,0.27968750000000003,8.408540320535291,14.671811043850095,20.369528241493835,25.557968545527938,30.283343666832238,34.58706760583661,38.50677249290301,42.07672366048519,45.32812945340088,48.28941459856025,50.986468241941026,53.4428698771333,55.68009521247398,57.717703743516665,59.573509639421374,61.26373741568535,62.803163739771904,64.20524659964802,65.48224295781448,66.64531591479708
364,0.28046875000000004,4.206131554652599,7.338508559022767,10.187680046090112,12.781894076452414,15.144330944856874,17.29575204745999,19.255014923782223,21.039284723151933,22.66419152115276,24.143968595867698,25.491577554239626,26.71882209938372,27.836451564693668,28.854255160374162,29.781147776478637,30.625248105142397,31.3939497735163,32.093986115318415,32.73148915166556,33.31204330011974
365,0.28125,0.0013519298656064697,0.0029869955641020816,0.004823351553136203,0.0067749150585187734,0.008786516860481985,0.010820861250705653,0.012851896632794544,0.014861103093703918,0.016835237308422804,0.01876487183679689,0.020643401290825744,0.022466340367936374,0.02423081359955012,0.025935176099802667,0.02757872670594476,0.029161487984505415,0.030684035664814008,0.032147365264802795,0.03355278711387243,0.03490184333743084
366,0.28203125,-4.207483064475776,-7.341494636285081,-10.192501930786097,-12.788666953012314,-15.153114844694722,-17.3065697160712,-19.26786306093089,-21.05414151209132,-22.68102190365778,-24.162728087148466,-25.51221506440055,-26.741282053162386,-27.860675511109786,-28.88018300322489,-29.808718718034996,-30.654401369883953,-31.42462516131786,-32.12612442126466,-32.765032480891755,-33.34693529962994
367,0.2828125,-8.405844795890488,-14.66585546853917,-20.35991127598241,-25.544460485103585,-30.265824805084645,-34.565492597828545,-38.481147936269004,-42.0470930784996,-45.29456277433372,-48.25200054743403,-50.94530871382578,-53.398075710047344,-55.63178297764182,-57.665993291790976,-59.51852221965581,-61.205594231738466,-62.741984847592526,-64.14115007028644,-65.41534424974083,-66.57572741173863
368,0.28359375,-12.595157151370618,-21.976235075861926,-30.50984374393774,-38.28038159813952,-45.357136642486914,-51.80219072257794,-57.67194826308563,-63.01776196427529,-67.8863992869608,-72.32045351748232,-76.35871639455866,-80.03651731069706,-83.38603225915483,-86.43656523650579,-89.21480455091977,-91.74505626864492,-94.04945683420605,-96.14816671979958,-98.05954679485089,-99.80031895648642
369,0.284375,-16.76121669324207,-29.244278056783983,-40.59912028017505,-50.93820579207426,-60.35383725288417,-68.92869830115181,-76.7378986963028,-83.84981294977844,-90.32670474525615,-96.2252763388345,-101.59716606078008,-106.48940086830814,-110.94480832880294,-115.0023917367255,-118.69767168633743,-122.0629971119526,-125.1278285324153,-127.91899598864657,-130.46093393867466,-132.77589517092122
370,0.28515625,-20.905177906100803,-36.47548471835224,-50.63908222488596,-63.53608496129061,-75.28151661028826,-85.97843399761133,-95.72046672677769,-104.59285695902156,-112.67323444491251,-120.03229930383385,-126.73444084741278,-132.83830082545867,-138.39728639110922,-143.46003730364416,-148.07085144857922,-152.27007238908473,-156.0944423331218,-159.57742360013978,-162.7494913969565,-165.63840046233784
371,0.2859375,-25.013250115996836,-43.642399946093896,-60.588022207292425,-76.01790012175972,-90.069748224523,-102.86693565864311,-114.52153479338963,-125.13557084194633,-134.80195254553462,-143.60529130441978,-151.6226430956276,-158.92418346021714,-165.5738220452159,-171.62976219608157,-177.1450105378992,-182.16784102685577,-186.7422175471902,-190.90817876155148,-194.70218858951665,-198.15745538630566
372,0.28671875,-29.08631128734937,-50.74985086821786,-70.45611392474282,-88.40006723285852,-104.74176099473523,-119.624591636636,-133.17883668327792,-145.5231022105889,-156.7654016456619,-167.00410605117193,-176.3288053301323,-184.82109204376258,-192.55527523221883,-199.59903053719364,-206.0139923103523,-211.85629288030322,-217.17705369051296,-222.0228326013565,-226.43603126726015,-230.45526615143547
373,0.28750000000000003,-33.11106853402165,-57.77145192715647,-80.20337882996617,-100.6289188187713,-119.23034924731957,-136.1709641513911,-151.59910754666984,-165.64982632871045,-178.44610148298796,-190.09993189651001,-200.71331611733493,-210.37914561481497,-219.18201809139194,-227.19897810053786,-234.50019149468903,-241.14955962691172,-247.20527869487282,-252.72034913127948,-257.7430395050675,-262.31730899770275
374,0.28828125000000004,-37.0881178873177,-64.71132731143683,-89.83876025324956,-112.7190336940323,-133.55623759268414,-152.5332238893431,-169.816114825659,-185.55614914634901,-199.89105801632763,-212.94627695124325,-224.8360440939465,-235.6643997717908,-245.52609677200442,-254.50742937585466,-262.6869884048806,-270.1363488786556,-276.92069629545233,-283.0993970118797,-288.72651770967263,-293.851298493152
375,0.2890625,-41.004746203977724,-71.54432369613235,-99.32425495186537,-124.61952676887017,-147.65585551911497,-168.63545336906407,-187.74202139062476,-205.142795552698,-220.9900708663356,-235.42254319490067,-248.56652480251202,-260.53705038001306,-271.43888411228886,-281.3674367555312,-290.40960079371285,-298.64451100368655,-306.1442370976356,-312.9744145130329,-319.1948188763944,-324.85988917246044
376,0.28984375,-44.86126390744918,-78.27383690307886,-108.66752075041347,-136.3430498297117,-161.54729557413745,-184.5014380946848,-205.40642015106994,-224.4451807196403,-241.78431954469394,-257.5755632431814,-271.957093881647,-285.05475811035865,-296.9831682811711,-307.8467052819841,-317.74043186565945,-326.7509244589371,-334.9570307246214,-342.43055950222526,-349.2369091617201,-355.4356398669189
377,0.290625,-48.6456159781074,-84.87610091860849,-117.83276401334629,-147.84181389634043,-175.17101434128736,-200.06024894008337,-222.72744324265838,-243.37099122589404,-262.1715629770265,-279.29369622964936,-294.88723820682577,-309.0886575937635,-322.02223915175017,-333.80117160065487,-344.5285383349261,-354.2982196629877,-363.1957144777968,-371.29888855729354,-378.67865604895906,-385.3996001063646
378,0.29140625,-52.357825317690235,-91.35376226151112,-126.82630984656242,-159.1264657246304,-188.54236075866424,-215.3321395815761,-239.73032659220925,-261.9504331189129,-282.18690034253854,-300.61681053628524,-317.4014377519953,-332.68765907639914,-346.6092398027132,-359.28800388258173,-370.83489990670455,-381.3509719365259,-390.9282436773204,-399.6505237261297,-407.5941389384635,-414.82860232941164
379,0.2921875,-55.9865693534091,-97.68458875474757,-135.6147949013494,-170.15260707886011,-201.60618560999848,-230.25160654997524,-256.339676343255,-280.09872380985314,-301.73668022201724,-321.4429107537237,-339.38987372901477,-355.73463045263344,-370.62022000538343,-384.17691122471115,-396.5233428721332,-407.7675619843227,-418.0079695059035,-427.33418148686803,-435.82781338636227,-443.5631943501708
380,0.29296875,-59.531583324085176,-103.87046129737907,-144.20317256850544,-180.9288140435399,-214.37499959263326,-244.83524682310804,-272.5762158520228,-297.840673991383,-320.84970506404926,-341.80465522836266,-360.8888962132991,-378.26942999596565,-394.09835010342204,-408.51417246588176,-421.6430474769239,-433.59986386245663,-444.48925401347907,-454.4065095766912,-463.4384153126955,-471.6640085170056
381,0.29375,-62.98234691119832,-109.89081861776856,-152.56071548230398,-191.4143528573447,-226.79838770376742,-259.02338643940885,-288.3714900981306,-315.0995546199729,-339.4414904967505,-361.6103228435484,-381.8000578224663,-400.18738102260556,-416.93320396078326,-432.1840724413185,-446.07344914537725,-458.72288169196963,-470.2430664028401,-480.7348170872841,-490.2899473296666,-498.9920740040847
382,0.29453125,-66.33830932299996,-115.74676439888856,-160.69097477915133,-201.61567605901897,-238.8859452673905,-272.82886335234133,-303.7415821008448,-331.8946280673487,-357.53436466143023,-380.88516056054544,-402.15135462311184,-421.5190440938852,-439.1577130265938,-455.2217153332459,-469.85162545117225,-483.17546844354246,-495.30984029359576,-506.36092819299927,-516.4254397505409,-525.5914492509478
383,0.29531250000000003,-69.58981735649714,-121.41953504157898,-168.5660485207341,-211.49596549881926,-250.59230231942954,-286.1982010177836,-318.625397723839,-348.1576918953707,-375.0535311077884,-399.54828704660605,-421.8563175994727,-442.17284331443165,-460.67565607129995,-477.52667513765033,-492.8733642724854,-506.8500222956608,-519.578958426406,-531.1715626826606,-541.7292807127301,-551.34450159319
384,0.29609375000000004,-72.73603758519349,-126.90945020816241,-176.1880636951441,-221.05951038769456,-261.9240796521769,-299.1403992146053,-333.0342804922813,-363.9023413959218,-392.01470600946857,-417.6173822219799,-440.9344162042966,-462.1698531174208,-481.5095226161941,-499.1226649512216,-515.1634119154297,-529.7721355921616,-543.0766767038857,-555.1934633078891,-566.2285296265771,-576.2784439266387
385,0.296875,-75.76824343682317,-132.19965965577035,-183.5321158161884,-230.27363518359186,-272.84123206116965,-311.6085085167651,-346.91487381952146,-379.0693212269115,-408.35324198268756,-435.02290319807634,-459.3116928986109,-481.43216299167517,-501.57788957402045,-519.9251670903419,-536.6345512143649,-551.8522639699052,-565.7114733966677,-578.3334589647341,-589.8286729401937,-600.2977069927209
386,0.29765625,-78.68532398847924,-137.2896970552324,-190.59889461003357,-239.14043932522821,-283.34736498759,-323.60763504188105,-360.27371179999443,-393.6664757808535,-424.078146337955,-451.7748538515101,-476.9989704856311,-499.97123131129104,-520.8926658828242,-539.9463573670046,-557.2990446385952,-573.102581360538,-587.4952648139641,-600.60304610409,-612.5406323306979,-623.4124903669616
387,0.2984375,-81.47953310085094,-142.16472940733422,-197.36664658706107,-247.63159133384156,-293.4080048786077,-335.0976459408401,-373.0655043578518,-407.6438621406236,-439.1353193306531,-467.8154584929145,-493.93525887603124,-517.7232932935334,-539.3877285980944,-559.1181474976527,-577.0872077015346,-593.4521529301139,-608.3561890183215,-621.9297371601178,-634.2915752644261,-645.549877412927
388,0.29921875000000003,-84.14948920381804,-146.8235072664644,-203.83461995908863,-255.74698793213753,-303.02371959550084,-346.0797221890363,-385.2919358718643,-421.00352543600405,-453.5270038750126,-483.14698327795566,-510.1226674972215,-534.6901206086342,-557.0643326519636,-577.4411009415453,-595.998743433366,-612.8996591416366,-628.2917492574212,-642.30971140342,-655.0762183493757,-666.7029915019366
389,0.30000000000000004,-86.68847434856534,-151.2533063274655,-209.98434635061412,-263.46281637769084,-312.1658197780589,-356.52079494672745,-396.91606200545544,-433.70514308963055,-467.20998140860786,-497.7237759229477,-525.5135497338307,-550.8224873335231,-573.8720629127465,-594.8639786022417,-613.9819296547403,-631.3932120273467,-647.2501864386231,-661.691611716378,-674.8438591070616,-686.8220181751756
390,0.30078125,-89.09484483563803,-155.45210173159458,-215.8136370942125,-270.7767713140338,-320.83183220671697,-366.4181127661073,-407.934707037119,-445.74494835980335,-480.1797166212437,-511.5403508911802,-540.1012886323261,-566.112467511824,-589.801512569788,-611.3757281125585,-631.0239117878482,-648.9180067172073,-665.2146061416087,-680.0563237455975,-693.5730416504603,-705.8830469966949
391,0.3015625,-91.36295232506659,-159.40935631725904,-221.30742279208525,-277.66970554844187,-328.9990285931987,-375.74587469704653,-418.3195001435031,-457.09248761083273,-492.4041385892976,-524.5634607659462,-553.8518748082961,-580.5256775740819,-604.8182851300353,-626.942275468986,-647.0912488447503,-665.4415220159534,-682.1536712302925,-697.3739374551071,-711.2355061536176,-723.8596728077101
392,0.30234375,-93.49090112198748,-163.12228229647027,-226.46209139137238,-284.1371258584985,-336.6619098852428,-384.49741383204656,-428.06242508211267,-467.738205452654,-503.87196173973985,-536.7799021382069,-566.7500057228691,-594.0445428033503,-618.9023700360387,-641.5410206192912,-662.1586078922629,-680.9355589973205,-698.03619377594,-713.6101627137217,-727.7937565170276,-740.7110987806506
393,0.30312500000000003,-95.47414731919142,-166.5825946163393,-231.26606537987269,-290.1646686500464,-343.80384899402804,-392.65435618210375,-437.14385945846436,-477.6617049481348,-514.5624605157595,-548.1690374397209,-578.7755189018699,-606.6497339700472,-632.0356014993197,-655.1552647305858,-676.2110353088001,-695.3871637426575,-712.8514518030253,-728.7567209725787,-743.2421497986389,-756.434491853495
394,0.30390625000000004,-97.31055491401277,-169.78675974729842,-235.71433158883474,-295.74568053697396,-350.4163549381337,-400.20616048378656,-445.5509959319387,-486.8477009710715,-524.457668660876,-558.710026792606,-589.9045205664099,-618.3141359507142,-644.1874885874608,-667.7509994025137,-689.2108759918522,-708.754917125325,-726.5541561584457,-742.764357732862,-757.5273808624835,-770.9724203331605
395,0.3046875,-98.9967124466982,-172.72879582526195,-239.79887577085728,-300.8706700800123,-356.4890043397081,-407.1419929909481,-453.2730815154837,-495.28597903676143,-533.5483337650084,-568.3949697145222,-600.1308194608711,-629.0335930267305,-655.3562082146428,-679.3290039266221,-701.1617558801903,-721.0455123684541,-739.1542661317308,-755.6464769727729,-770.6664584409743,-784.3456407211061
396,0.30546875,-100.53025677591923,-175.4044453644252,-243.5133145490925,-305.53086474962345,-362.01036663781514,-413.44750307452813,-460.2925967317703,-502.9556185206418,-541.8099196560579,-577.1955183434026,-609.4220778793164,-638.7716168417494,-665.5009770600861,-689.8440712273924,-712.013929858067,-732.2045655075744,-750.5926705679516,-767.3391634960786,-782.5905970054204,-796.4804405440676
397,0.30625,-101.9089299221799,-177.81006656971599,-246.85324635147978,-309.7217037793561,-366.97628642922285,-419.1194640249526,-466.60772429699523,-509.85665036621765,-549.2447041149485,-585.116557992005,-617.7861139559353,-647.5392508096048,-674.6363259806702,-699.3144539163287,-721.7895810696108,-742.2583756417747,-760.8999486194842,-777.8774211681894,-793.3393520983361,-807.421037896382
398,0.30703125000000003,-103.13015617505798,-179.94070424793355,-249.81095694874853,-313.4323495818468,-371.3724640467327,-424.13980432398176,-472.19634061057627,-515.9626474332305,-555.8217323276834,-592.1224075881362,-625.182345430517,-655.2908583039788,-682.7114307100559,-707.6840249594741,-730.4271810810876,-751.1399292640529,-770.0035315695749,-787.1830681539687,-802.82888188404,-817.0778939865903
399,0.30781250000000004,-104.19284495649376,-181.7950791258736,-252.38568458130317,-316.6632001820669,-375.2010376811336,-428.5129241923054,-477.06557529606727,-521.2838859025622,-561.5547982228564,-598.2307081200147,-631.6325516255998,-662.052613784777,-689.7570864601909,-714.9883977548021,-737.9673334754528,-758.8949692066914,-777.9544299027311,-795.3124923954911,-811.1210448420015,-825.5184158825763
400,0.30859375,-105.09422386708714,-183.36756885336078,-254.56843172824938,-319.40141975216955,-378.44492672118236,-432.21714263943903,-481.18883702900416,-525.7885950503847,-566.4067191913138,-603.3986652910154,-637.0881559298491,-667.7700137207083,-695.7127413677014,-721.1608713517679,-744.3371058442649,-765.4442655807352,-784.6670647506684,-802.1737274357542,-818.1174597423703,-832.6377905111351
401,0.309375,-105.83437645398274,-184.65926456618806,-256.36208113893673,-321.65236265456525,-381.11254976899846,-435.26445968747487,-484.5821583837556,-529.4972329388378,-570.4027202651132,-607.6565670022061,-641.5847645773297,-672.4842022434423,-700.6252651368202,-726.2542003663119,-749.595271874649,-770.8527229318233,-790.2125634333588,-807.8441976430134,-823.901906623405,-838.5261983266375
402,0.31015625,-106.41035072155927,-185.66391142085305,-257.75640747354106,-323.4012739580541,-383.1841505769229,-437.6297185441786,-487.2146442563106,-532.372881137576,-573.4996202830672,-610.9547695735721,-645.0661060965165,-676.1321449490797,-704.4247516294809,-730.191521164808,-753.6579448359734,-775.029383467625,-794.4928645531322,-812.2187189421536,-828.3620714140473,-843.0641981815465
403,0.31093750000000003,-106.82340382708308,-186.38496423495312,-258.75792021727887,-324.6584313510987,-384.67437625496905,-439.33244504896925,-489.1111313257569,-534.4460534593035,-575.7339198600534,-613.3360210841188,-647.5813941088024,-678.769701973878,-707.1738560749699,-733.042404331497,-756.6017061602946,-778.0579132891168,-797.5987737419355,-815.3952747807273,-831.6031391796422,-846.3641879243257
404,0.31171875000000004,-107.07042237875886,-186.8155742348684,-259.35522925404246,-325.40725176823497,-385.5609167229358,-440.34416170789336,-490.2366111871723,-535.6749113816062,-577.0567055091211,-614.7441345402933,-649.0670092148648,-680.3256966694527,-708.7937490551794,-734.7202974396005,-758.3322319844476,-779.8361874856993,-799.4203516539106,-817.2561119603799,-833.4995554615949,-848.2928347275739
405,0.3125,-107.15382939317328,-186.96153861988688,-259.5584306717544,-325.6628728585855,-385.86455729439643,-440.6917997943698,-490.6245714979393,-536.099836339908,-577.5155283894939,-615.2340546428676,-649.5854690050317,-680.8703607802793,-709.3624850340696,-735.3111581158128,-758.9434393353664,-780.4661178842892,-800.0675223859981,-817.9191689073588,-834.1772618513654,-848.9840608636683
406,0.31328125,-107.07036927742926,-186.815456911201,-259.3550398018279,-325.4069856624753,-385.56057160560096,-440.34373668586807,-490.236106390597,-535.6743276680376,-577.0560442562713,-614.7433974961455,-649.0661983868257,-680.3248142410795,-708.7927973229487,-734.7192787645743,-758.3311487552081,-779.8350420899235,-799.4191464566467,-817.25484928756,-833.4982375876729,-848.2914638664234
407,0.3140625,-106.82361596874468,-186.3854329481492,-258.7586770891798,-324.65949446107993,-384.6757550253519,-439.33414304959416,-489.1131480383273,-534.4483854592132,-575.7365616443705,-613.3389656703747,-647.5846334778402,-678.773227402555,-707.177658388794,-733.0464740977534,-756.6060338361568,-778.0624893352351,-797.6035887092582,-815.4003193763908,-831.6084043163845,-846.3696647568712
408,0.31484375000000003,-106.41019174493785,-185.66356017315655,-257.7558402848873,-323.40047728135016,-383.1831173526193,-437.62844609843927,-487.21313297875713,-532.3711335955937,-573.497640601301,-610.9525629851963,-645.0636786113766,-676.1295031043863,-704.4219023005053,-730.1884714201809,-753.6547018267144,-775.0259543420459,-794.4892563917946,-812.2149387085143,-828.3581259174446,-843.0600940499514
409,0.31562500000000004,-105.83479942934589,-184.66019910274832,-256.3635902162928,-321.6544823200076,-381.1152988090831,-435.2678452198794,-484.5861793750874,-529.5018825610026,-570.4079875461784,-607.6624380202877,-641.5912233435575,-672.4912313653138,-700.6328463219168,-726.2623148073604,-749.6039005448318,-770.8618468112544,-790.2221636821915,-807.8542557328128,-823.9124044356726,-838.5371182253556
410,0.31640625,-105.09395999530862,-183.36698584717772,-254.56749030004318,-319.4000974162798,-378.4432117600707,-432.2150306150396,-481.18632858802334,-525.7856944542131,-566.4034332861037,-603.3950027628716,-637.0841267540067,-667.7656287477284,-695.708012009264,-721.1558093404916,-744.331723049519,-765.4385738673928,-784.6610758711504,-802.1674529481076,-818.1109109488352,-832.6309784129134
411,0.3171875,-104.19347615778881,-181.79647372408854,-252.38793656017813,-316.66636333456967,-375.2051400422365,-428.5179763836472,-477.0715757755371,-521.2908244806817,-561.5626585263435,-598.2394693734069,-631.6421899688937,-662.0631032633428,-689.7683997764635,-715.0005068429039,-737.9802099418806,-758.9085846682854,-777.9687562450016,-795.327501968664,-811.1367106080452,-825.5347115234599
412,0.31796875,-103.12978903497476,-179.9398930776782,-249.809647085192,-313.4305097394009,-371.37007792212205,-424.13686574228274,-472.1928504716024,-515.9586116661131,-555.8171604578812,-592.1173117011376,-625.1767394054503,-655.2847572378621,-682.7048504806228,-707.6769818909964,-730.4196916881056,-751.1320100548488,-769.9951988959695,-787.1743380973381,-802.8197701698401,-817.0684159214251
413,0.31875000000000003,-101.90976545780943,-177.81191263136736,-246.85622734760108,-309.72589091695176,-366.98171681884884,-419.1261517267359,-466.6156672696274,-509.86583512166857,-549.2551089795434,-585.1281554647984,-617.7988724529013,-647.5531359740106,-674.6513016781054,-699.3304829953474,-721.8066259450803,-742.276398742253,-760.9189127291712,-777.8972896864391,-793.3600892342789,-807.4426088122301
414,0.31953125000000004,-100.52978863104231,-175.40341103117797,-243.5116443258605,-305.5285187437887,-362.00732406089526,-413.4437560528268,-460.28814641267485,-502.95047246448263,-541.8040900088831,-577.1890205155826,-609.4149295683102,-638.7638372979593,-665.4925865294108,-689.8350905251142,-712.0043800420793,-732.1944676277885,-750.5820454747711,-767.3280316950586,-782.5789785482757,-796.4683549484297
415,0.3203125,-98.99774716529181,-172.73108196873383,-239.8025674053526,-300.87585538757025,-356.4957292776856,-407.1502749712908,-453.2829180102862,-495.29735334261466,-533.5612190414816,-568.4093319047502,-600.1466194515394,-629.0507882708284,-655.3747539636993,-679.3488541726756,-701.1828640782032,-721.0678319903398,-739.1777510898245,-755.6710819412075,-770.6921390967008,-784.3723539213597
416,0.32109375,-97.30998865059259,-169.78550862802942,-235.71231130336034,-295.74284283161285,-350.41267466738134,-400.2016281237364,-445.54561287049546,-486.8414763531683,-524.4506171782795,-558.7021670855703,-589.8958740416227,-618.3047258932828,-644.17733948663,-667.7401364362452,-689.1993246315627,-708.7427028327741,-726.5413041540668,-742.75089281996,-757.5133272954027,-770.9578017202207
417,0.321875,-95.47537484133812,-166.58530674674435,-231.27044489252071,-290.1708201583568,-343.8118270188354,-392.66418137984317,-437.15552883023844,-477.6751986781549,-514.5777467623356,-548.1860758000513,-578.7942629745082,-606.6701332800296,-632.0576029600065,-655.1788137611569,-676.2360766912785,-695.4136422791715,-712.8793128181868,-728.7859106947449,-743.2726156458403,-756.4661826439747
418,0.32265625000000003,-93.49024023118338,-163.12082210466673,-226.45973349928488,-284.1338139489017,-336.6576146106632,-384.4921240771086,-428.05614246670353,-467.730940649948,-503.86373189666057,-536.7707290099826,-566.7399142934481,-594.0335602489928,-618.8905249383561,-641.5283423636964,-662.1451262066572,-680.9213035983283,-698.0211940985286,-713.5944477060216,-727.7773544864691,-740.6940372806815
419,0.32343750000000004,-91.36436508262759,-159.4124777133095,-221.31246318160078,-277.67678533126707,-329.00821051753184,-375.75718253648347,-418.33293044666857,-457.10801757175216,-492.42173156135493,-524.5830702495169,-553.8734473998948,-580.5491551819943,-604.8436066567575,-626.9693780973505,-647.120069024278,-665.4719962192984,-682.1857365314324,-697.4075319681373,-711.2705693618283,-723.896145805895
420,0.32421875,-89.0940933920194,-155.4504414697442,-215.8109561325971,-270.77300561912057,-320.82694841002626,-366.4120982293514,-407.9275636022067,-445.73668816237006,-480.1703591576737,-511.5299208975645,-540.0898145158527,-566.0999801723641,-589.7880445051114,-611.361312734361,-631.0085828972327,-648.9017981024485,-665.1975512707273,-680.0384555330679,-693.5543922822667,-705.8636478015293
421,0.325,-86.69006363138548,-151.25681774464695,-209.99001654123052,-263.47078078572997,-312.1761489922469,-356.53351571127774,-396.9311704378215,-433.72261353428297,-467.22977263996535,-497.74583563126606,-525.5378178428492,-550.8488984929423,-573.9005483908907,-594.8944677328875,-614.0143509467163,-631.427494015498,-647.2862583342477,-661.7294039008493,-674.883303502027,-686.8630485151414
422,0.32578125,-84.14865184022528,-146.82165717052428,-203.8316324568222,-255.7427916685192,-303.0182773868029,-346.07301995201,-385.2839756591142,-420.99432077083446,-453.5165764830909,-483.1353607237491,-510.10988143603305,-534.6762054734497,-557.0493246563589,-577.4250373175081,-595.9816618468066,-612.8815972441613,-628.2727443437575,-642.2898001514507,-655.0554366251937,-666.6813742163158
423,0.32656250000000003,-81.4812891103986,-142.1686091964564,-197.37291161998894,-247.64039126367823,-293.41941769943696,-335.11170120263984,-373.0821977708744,-407.6631653579901,-439.15718680201206,-467.83983242093063,-493.9620728820757,-517.7524751716402,-539.4192024061772,-559.1518351561175,-577.123030219285,-593.4900313447902,-608.3960451149723,-621.9714940166107,-634.3351576604819,-645.5952121313032
424,0.32734375000000004,-78.68440586749823,-137.28766853157776,-190.59561898595555,-239.13583836416353,-283.34139791984626,-323.60028642611076,-360.2649838868768,-393.6563833980164,-424.06671330642894,-451.76211039421673,-476.9849513108399,-499.95597417282437,-520.8762104868018,-539.9287445361632,-557.2803156714293,-573.0827775398483,-587.4744270312439,-600.5812145744918,-612.5178463792864,-623.3887882713459
425,0.328125,-75.77015534670257,-132.20388389660366,-183.5389370653689,-230.2832163807039,-272.8536581248294,-311.6238116205655,-346.9330492929949,-379.09033820662916,-408.3770508743877,-435.04944107319494,-459.3408874854144,-481.4639356737172,-501.6121576670199,-519.9618455827242,-536.6735541021146,-551.8935052802829,-565.7548679706874,-578.378923050999,-589.8761246402454,-600.3470665889654
426,0.32890625,-72.73504436729684,-126.90725576321933,-176.18452014444188,-221.05453309551783,-261.9176245142648,-299.1324495267516,-333.0248386894009,-363.8914235185832,-392.00233782723086,-417.60359642990875,-440.91925034965965,-462.15334804212523,-481.4917212741118,-499.10361150415616,-515.1431510398412,-529.7507119475189,-543.054134526333,-555.169846101899,-566.2038799337242,-576.2528031553601
427,0.3296875,-69.59187337907063,-121.42407769012834,-168.57338393070572,-211.50626889173688,-250.60566501493062,-286.2146576147571,-318.64494319993366,-348.1802930609277,-375.07913463043326,-399.5768252545481,-421.88771277347445,-442.20701091227824,-460.7125071763015,-477.56611833038147,-492.9153070662558,-506.8943722373986,-519.6256239381188,-531.2204537000329,-541.7803091640451,-551.3975817519739
428,0.33046875000000003,-66.33724713162044,-115.74441756197953,-160.6871851487814,-201.6103531221647,-238.8790418571828,-272.82036160474684,-303.73148462004485,-331.88295200799655,-357.5211375827693,-380.8704174282385,-402.13513559195525,-421.50139284208376,-439.1386754909571,-455.2013387423784,-469.8299575840547,-483.152557060969,-495.28573270362386,-506.33567092119364,-516.3990782926909,-525.5640278910091
429,0.33125000000000004,-62.98453437031084,-109.89565166692317,-152.56851982759795,-191.42531492198017,-226.81260464543203,-259.04089506902056,-288.392285072464,-315.1236006278059,-339.46873079644394,-361.64068543733373,-381.8334600227903,-400.22373288273315,-416.9724108798287,-432.22603715564236,-446.11807325582686,-458.770066835142,-470.292715146338,-480.78683360914044,-490.34423792788584,-499.04854747183236
430,0.33203125,-59.53045870790847,-103.86797653738374,-144.19916022260065,-180.92317827947556,-214.36769047177717,-244.82624543178537,-272.5655249476726,-297.82831173702124,-320.8357006387295,-341.78904565280027,-360.87172400227576,-378.25074139471093,-394.07819374847946,-408.49259836148207,-421.6201062099972,-433.5756060006573,-444.4637296451016,-454.379767961536,-463.4105046202583,-471.6349756337201
431,0.3328125,-55.98887476258053,-97.68968240701737,-135.6230200654041,-170.1641602302588,-201.62116914551655,-230.27005926565795,-256.3615926079935,-280.1240664086113,-301.76538935376067,-321.4749105386284,-339.42507702103296,-355.77294245507966,-370.66154101643355,-384.2211387361811,-396.5703731790726,-407.8172914194363,-418.06029538308536,-427.38900281726353,-435.88503141538706,-443.6227129529351
432,0.33359375,-52.35664521026996,-91.3511548976455,-126.82209952236344,-159.12055187950048,-188.5346909901461,-215.32269404301448,-239.71910817735065,-261.9374608872013,-282.17220491297957,-300.6004307564354,-317.38341823453044,-332.6680483484756,-346.5880889007611,-359.26536527817217,-370.8108266828326,-381.3255171559367,-390.90145989972655,-399.6224626418542,-407.564851093713,-414.7981369240126
433,0.33437500000000003,-48.64802512363234,-84.88142376975593,-117.84135928505353,-147.85388690522993,-175.18667209196428,-200.07953197458392,-222.75034567676107,-243.39747417024046,-262.2015639399226,-279.3271359170754,-294.9240255515519,-309.12869353362777,-322.065419498699,-333.84738923396355,-344.5776848832236,-354.3501867942272,-363.2503948852497,-371.3561767078363,-378.7384487442601,-385.46179689610443
434,0.33515625000000004,-44.86003558444791,-78.27112301042875,-108.66313840573017,-136.33689436408474,-161.53931244441668,-184.4916066436522,-205.39474339099343,-224.4316784889347,-241.76902371358426,-257.55851424659414,-271.93833815512926,-285.03434616382935,-296.9611532363046,-307.82314175419475,-317.7153751067353,-326.72442969956086,-334.92915267186805,-342.4013519582405,-349.2064247377735,-355.40392977287905
435,0.3359375,-41.00724423258248,-71.54984292883115,-99.333167338278,-124.63204520088337,-147.67209094950002,-168.65544783595143,-187.7657687930151,-205.1702555667289,-221.02117869498122,-235.45721661885744,-248.60466939485838,-260.57856342388396,-271.4836575757704,-281.41535956580134,-290.46056058112714,-298.69839543934626,-306.2009349157633,-313.03381628687123,-319.2568176001015,-324.9243806895795
436,0.33671875,-37.08684892166022,-64.70852362186311,-89.83423290643879,-112.71267455812736,-133.54799032017598,-152.5230671398703,-169.80405171149835,-185.5422001626299,-199.8752560880518,-212.92866385145226,-224.8166677948,-235.6433124545835,-245.50335331615764,-254.48308620391316,-262.6611025967816,-270.1089774925009,-276.89189584838385,-283.06922308614605,-288.6950246572248,-293.81853921815724
437,0.2515625,106.82361597319587,186.3854329511319,258.7586770821354,324.6594944344285,384.67575496969863,439.3341429565191,489.11314790083804,534.4483852719478,575.7365614036274,613.3389653740273,647.5846331251797,678.7732269940964,707.1776579260664,733.0464735830943,756.6060332725136,778.0624887259931,797.6035880580814,815.4003186870925,831.6084035928167,846.3696640028355
438,0.3375,-33.11364004442457,-57.77713351329529,-80.2125533829804,-100.64180549331226,-119.24706226032349,-136.1915467779666,-151.623553506716,-165.67809411252708,-178.4781243877623,-190.13562528460596,-200.75258278434555,-210.42187982248075,-219.22810863000782,-227.2483106299947,-234.5526503398682,-241.2050291546042,-247.26364436623481,-252.78149830056006,-257.8068620186257,-262.3836976350853
439,0.33828125000000003,-29.085009502515966,-50.74697466717545,-70.4514694881022,-88.39354363253624,-104.73330042632632,-119.61417220827126,-133.16646158811855,-145.50879247417828,-156.74919104483666,-166.98603743958748,-176.30892792083102,-184.79945936772577,-192.53194358828276,-199.57405780717943,-205.9874370504327,-211.82821362421396,-217.1475084170079,-221.99187833009157,-226.40372375575407,-230.4216596719641
440,0.33906250000000004,-25.015879253863975,-43.64820885657469,-60.59740236242655,-76.03107558785432,-90.08683577855744,-102.88797954596622,-114.54652859358352,-125.16447211545511,-134.83469309505742,-143.64178459585196,-151.66278974641048,-158.96787536263508,-165.62094549743628,-171.6802002956633,-177.19864501742842,-182.22455366172787,-186.8018912316569,-190.97069832535414,-194.7674414103325,-198.22533184071597
441,0.49921875000000004,107.07036333038911,186.8154164863883,259.35493675907236,325.4067935969682,385.5602668340496,440.3432985241002,490.2355171252537,535.6735723936926,577.0551106563273,614.7422756053271,649.0648803541471,680.323294102788,708.7910707900239,734.7173430267136,758.3290023017596,779.8326845474188,799.4165784421174,817.2520722766263,833.4952537962816,848.2882761450992
442,0.49843750000000003,106.82336069860986,186.38485351960745,258.7577212312005,324.658126713526,384.67395140136347,439.3318878890336,489.1104319584347,534.4452039207812,575.7329138975657,613.3348539525614,647.5800623880982,678.7682034052742,707.1721894145039,733.0405692189845,756.5997030023117,778.0557431545861,797.5964382690364,815.3927760939968,831.6004798162301,846.3613707684773
443,0.5,107.15358188401031,186.96094418456366,259.55740687420234,325.6613535968544,385.86248936890655,440.6891405287936,490.6212869512368,536.0958999009971,577.5109196406185,615.2287584221408,649.5794746224409,680.8636613553798,709.3550769322367,735.3030404656517,758.9346136138037,780.4565875586896,800.0572926046905,817.9082462315549,834.1656540226452,848.971776602156
444,0.49765625,106.41032532502426,185.66384691794065,257.75629337103965,323.4011023280379,383.183915432904,437.62941544312315,487.21427002643406,532.3724336775035,573.4990984038286,610.9541728683786,645.0654348301034,676.131399961909,704.4239342538805,730.1906331511057,753.6569882872229,775.028360781862,794.491778372258,812.2175721067367,828.3608669233975,843.0629391585064
445,0.496875,105.83436324597794,184.65922786731852,256.3620112196953,321.6522508185809,381.1123884452618,435.2642424164785,484.58187975298813,529.4968884974444,570.4023064325856,607.6560809782495,641.5842042562161,672.4835661343005,700.6245522903417,726.2534103078846,749.594404543689,770.8517786269605,790.2115427630563,807.8431014812166,823.9007360698014,838.5249546711274
446,0.49609375,105.09421583831214,183.3675471074437,254.568391299872,319.4013566257033,378.44483782047325,432.21702576631105,481.18869077709394,525.7884187108834,566.406512659795,603.3984289799133,637.0878906885508,667.7697207638454,695.7124222114982,721.1605277579689,744.336739771017,765.4438791397661,784.6666601700864,802.1733070278678,818.1170258759482,832.6373455875914
447,0.49531250000000004,104.19284119585988,181.79506894836933,252.38566554290043,316.66317010187817,375.20099462139945,428.5128664511152,477.06550140307644,521.2837946131433,561.5546885093029,598.2305791599068,631.6324027879848,662.0524446149454,689.7568966637303,714.9881871814864,737.9671021033867,758.8947171270158,777.9541573050838,795.3121995543556,811.1207321040223,825.5180836548648
448,0.49453125000000003,103.13015519076262,179.940701442666,249.81095153798637,313.43234091210394,371.3724516190843,424.13978781246067,472.19631987232435,515.9626225104407,555.8217034427422,592.1223751336842,625.1823099560331,655.290820500228,682.7113913924393,707.6839850510615,730.4271415959017,751.1398912909999,770.0034962572782,787.1830366966726,802.8288555086721,817.0778739410159
449,0.49375,101.90893097910724,177.81006935040023,246.85325152739813,309.721712034669,366.97629844410966,419.1194804626797,466.607745794461,509.8566775273551,549.2447375063617,585.1165981402787,617.7861613461577,647.5393058847659,674.6363891416673,699.3145255224009,721.7896614390685,742.2584650529375,760.9000473117502,777.8775293432027,793.3394699212157,807.4211654969879
450,0.49296875,100.53025925383054,175.40445191939406,243.51332668220957,305.5308838604336,362.0103940234887,413.4475399333453,460.29264416926105,502.9556775570435,541.8099912341779,577.1956033362926,609.4221770974023,638.7717310392471,665.5011069406285,689.844217448875,712.0140930367663,732.2047462216054,750.5928693601405,767.3393808763412,782.5908334527148,796.4806965080026
451,0.4921875,98.99671596609366,172.72880517929454,239.79889312511438,300.8706974307101,356.48904351596326,407.14204565970755,453.27314918732657,495.2860630718542,533.548435379048,568.395089984682,600.1309593317898,629.0337533165806,655.3563896212728,679.3292070337519,701.1619811636347,721.0457602023293,739.1545367946021,755.6467706537082,770.6667752454712,784.3459806768569
452,0.49140625000000004,97.3105591885138,169.7867711069575,235.7143526472307,295.74571367754936,350.4164023189962,400.20622404636276,445.55107741160333,486.84780190868315,524.4577904146756,558.7101705501788,589.9046873565214,618.3143266549024,644.187703951277,667.7512400463436,689.2111424212657,708.7552097409138,726.5544752651164,742.7647035485787,757.5277535264559,770.9728199134787
453,0.49062500000000003,95.47415212268048,166.5826073852867,231.26608905311133,290.1647059000877,343.8039022329956,392.65442757160923,437.14395092166166,477.66181818276675,514.5625970075042,548.169198475436,578.7757055825067,606.6499472231177,632.035842090851,655.1555332765353,676.2113322859293,695.3874894988676,712.8518065671577,728.7571048637042,743.2425628348415,756.434933960175
454,0.48984375,93.49090631060703,163.12229607899698,226.46211692184153,284.1371659895246,336.6619671763898,384.49749056217775,428.0625232639677,467.73832684847656,503.87210787725314,536.7800743265144,566.7502050680228,594.0447702234386,618.9026262756939,641.5413062635607,662.1589233798188,680.935904632991,698.0365697425539,713.6105690832749,727.7941932611811,740.7115657805757
455,0.4890625,91.36295776342641,159.40937075479704,221.30744952183488,277.66974754088176,328.9990885065657,375.7459548912726,418.319602696183,457.09261433412877,492.40429104711853,524.5636402909806,553.8520825186358,580.5259143892723,604.8185517864448,626.9425725344299,647.0915767323465,665.4418809971929,682.154061447328,697.3743589322763,711.2359588082247,723.860156460092
456,0.48828125,89.09485044191511,155.45211660238562,215.81366460435788,270.77681449660855,320.8318937650611,366.4181950893473,407.9348122176661,445.7450782117601,480.1798726990521,511.5405345080848,540.1015008783788,566.1127092712619,589.8017845376721,611.3760308106062,631.0242455794325,648.9183718215099,665.2150026469224,680.0567516218009,693.5735007606844,705.883537108208
457,0.48750000000000004,86.68848004058215,151.2533214132555,209.98437423859474,263.4628601226546,312.1658820949258,356.52087822749155,396.91616833791204,433.70527427686574,467.21013898861037,497.723961187931,525.513763749002,550.822730955141,573.8723368053563,594.8642832550304,613.9822653969857,631.39357904295,647.2505847797278,661.6920413160982,674.8443197913447,686.8225096738302
458,0.48671875000000003,84.14949493391195,146.82352243979093,203.83464798702434,255.7470318627096,303.0237821285656,346.07980569440974,385.29204240908183,421.0036567747457,453.52716151557803,483.14716847138794,510.1228812648215,534.6903637607096,557.0646058057035,577.4414045379646,595.9990777532948,612.9000243207481,628.2921453003033,642.3101381967144,655.0766756740159,666.703479044514
459,0.4859375,81.47953881846688,142.16474453405354,197.3666745074072,247.6316350635547,293.408067081242,335.0977289469957,373.06561018582795,407.64399251758886,439.1354757137591,467.8156420899682,493.9354706654824,517.7235340436287,539.3879988850966,559.1184477230721,577.0875381083555,593.4525136180117,608.356579957879,621.9301582060725,634.292026167976,645.5503578331349
460,0.48515625,78.68532966556081,137.289712061179,190.59892228574435,239.1404826389875,283.3474265528473,323.60771713740866,360.2738163912886,393.6666045419293,424.0783006729891,451.7750349159669,476.9991792066406,499.9714684071382,520.8929318814558,539.9466526235063,557.2993693516253,573.1029355877173,587.4956484862348,600.6034590390794,612.5410742451159,623.4129608880758
461,0.484375,75.76824904238079,132.19967445905584,183.53214309654783,230.27367784657375,272.8412926574577,311.6085892631978,346.9149766211516,379.0694476993113,408.3533934739896,435.02308081041076,459.3118975087224,481.43239527059393,501.57815000569906,519.9254559892213,536.6348687418595,551.8526101498138,565.711848129524,578.3338620411395,589.8291040531608,600.2981657490797
462,0.48359375000000004,72.73604310294758,126.90946476633916,176.188090502666,221.059552279703,261.92413910992,299.14047838716465,333.0343812191609,363.9024652297562,392.0148542383702,417.6175558912064,440.9346161370375,462.17007993458617,481.5097767551287,499.1229466833114,515.1637213625978,529.7724727422642,543.077041425027,555.1938553616993,566.2289486804885,576.2788895652095
463,0.48281250000000003,69.58982276781046,121.41954930577782,168.56607476600527,211.49600648127569,250.59236044390425,286.19827836020704,318.6254960542926,348.1578127011229,375.0536756158645,399.5484562455979,421.8565122604011,442.1730640105608,460.67590319683177,477.5269489252797,492.87366480981416,506.85034954049,519.57931222093,531.1719427666076,541.7296867354908,551.3449331249849
464,0.48203125,66.33831461894846,115.74677834629455,160.6910004212557,201.61571606954945,238.88600197210744,272.8289387519421,303.74167789437723,331.89474567548706,357.5345052491915,380.88532505917453,402.1515437509635,421.5192583762123,439.1579528141805,455.2219808198717,469.85191668991206,483.17578536192815,495.3101827076625,506.36129582027144,516.4258322219945,525.5918661220088
465,0.48125,62.98235208108683,109.89083222071416,152.56074047119992,191.4143918192435,226.79844288212075,259.02345975744294,288.37158318256655,315.0996688244841,339.4416269247677,361.61048237016036,381.8002411152612,400.1875885613712,416.93343605601996,432.18432925155213,446.0737306932895,458.72318787937206,470.2433970245222,480.73517184379136,490.29032583905246,498.9924758126928
466,0.48046875,59.531588363683674,103.87047454545684,144.20319688620327,180.92885193041096,214.37505320945667,244.8353180156391,272.5763061749375,297.84078473184866,320.8498372645586,341.80480970859844,360.88907359088927,378.2696307060592,394.0985744170458,408.5144205070768,421.64331923867985,433.6001592214787,444.489572743821,454.4068513623111,463.4387797589856,471.6643951613504
467,0.47968750000000004,55.986574257182106,97.684601634035,135.6148185233016,170.1526438540349,201.60623761568854,230.25167555428024,256.33976382920224,280.0988309990359,301.73680809741364,321.4430600814824,339.3900450790819,355.7348242181628,370.6204364208985,384.17715038302526,396.52360474005286,407.7678464171718,418.0082762609076,427.3345102354587,435.82816372545415,443.5635658124687
468,0.47890625000000003,52.357830084418424,91.35377476949914,126.82633276927132,159.12650138429674,188.5424111500499,215.3322063962857,239.7304112429246,261.9505367630453,282.1870239049869,300.61695473110274,317.4016031028553,332.6878459358104,346.60944836996345,359.2882342204213,370.83515195680144,381.3512455337336,390.9285385628036,399.65083955940725,407.59447530842715,414.8289587643781
469,0.478125,48.64562060562666,84.87611305031655,117.83278622880182,147.8418484297431,175.17106310559024,200.060313551508,222.7275250450004,243.37109131415085,262.1716822200594,279.2938352917004,294.8873975677913,309.0888375681865,322.02243990651783,333.8013931714212,344.5287806412949,354.29848252250264,363.19599761878686,371.29919163063664,378.6789786388244,385.399941739994
470,0.47734375,44.861268396467175,78.27384866101843,108.66754226426195,136.34308324718063,161.5473427280667,184.50150052769703,205.40649913989844,224.44527729869262,241.78443452858323,257.5756972480632,271.9572473452766,285.0549313108395,296.9833613543909,307.8469182377605,317.7406646026416,326.7511767783088,334.95730234266034,342.4308500617836,349.2372182426873,355.4359669957318
471,0.4765625,41.00475055452937,71.5443350811199,99.32427576676913,124.61955907630606,147.65590107347694,168.63551364127315,187.74209759244255,205.1428886601929,220.99018164225615,235.42267220980705,248.56667245459468,260.53721691357754,271.4390696349103,281.367641253909,290.4098241482735,298.6447530019877,306.14449744662613,312.9746928502393,319.1951147800949,324.86020217091396
472,0.47578125000000004,37.088122101341966,64.71133832914981,89.83878038055899,112.71906491049609,133.55628157633552,152.53328204149025,169.81618829514682,185.55623885289836,199.89116467272433,212.94640108424417,224.8361860638413,235.66455979060925,245.5262749203787,254.50762561857374,262.68720260518904,270.136580811353,276.92094565885293,283.0996634387034,288.7268007769306,293.85159773109683
473,0.47500000000000003,33.11107261296512,57.77146258211008,80.20339827911214,100.62894896066611,119.23039168585365,136.17102022059942,151.59917833491016,165.64991270184788,178.44620410637705,190.10005125565553,200.71345253717996,210.37929927765612,219.18218905343687,227.19916630714832,234.50039679436622,241.1497817840837,247.20551740154616,252.72060401762894,257.743310149029,262.3175949336402
474,0.47421875,29.086315233906223,50.749861168007456,70.45613271048794,88.40009632439903,104.74180192407964,119.62464567274921,133.178904856148,145.5231853342349,156.7655003398906,167.0042207619784,176.32893634870337,184.8212395240903,192.55543920734732,199.59921093414616,206.0141889638006,211.85650554504156,217.1772820528029,222.0230762892166,226.43628985976883,230.45553918711852
475,0.4734375,25.01325393250989,43.642409897545406,60.58804034324584,76.01792818576253,90.06978767920776,102.86698771045825,114.52160041652695,125.13565080114908,134.80204741761057,143.60540149836567,151.62276887133535,158.92432494577545,165.5739792528376,171.62993503670768,177.14519883454696,182.1680445267753,186.74243593289884,190.9084116608215,194.70243558438665,198.15771602118744
476,0.47265625,20.905181595707372,36.47549433015827,50.63909972771726,63.53611202478176,75.28155463000036,85.97848411967965,95.72052987167963,104.59293384416895,112.67332560590792,120.03240511430994,126.73456153743368,132.83843649850516,138.39743703968315,143.46020282354894,148.07103165194667,152.27026701621566,156.09465106321232,159.57764606097103,162.7497271736188,165.63864910506223
477,0.47187500000000004,16.76122025881786,29.244287337124426,40.59913716590315,50.93823188150834,60.35387387713572,68.9287465486606,76.73795943642178,83.84988685513112,90.3267923127214,96.22537790908838,101.59728183638303,106.48953093036623,110.94495265224411,115.0025502042525,118.69784410113026,122.06318320919179,125.12802798969993,127.9192084353856,130.46115896452477,132.77613233334452
478,0.47109375000000003,12.595160596279593,21.97624403396513,30.509860030119047,38.2804067417791,45.35717191251384,51.80223715187322,57.672006671869106,63.01783298221694,67.88648337388554,72.32055098260881,76.3588274142687,80.0366419448711,83.38617046612013,86.43671688666258,89.21496943912206,91.74523412541004,94.04964733582811,96.14836949744779,98.05976144272655,99.80054503911298
479,0.4703125,8.405848123303675,14.665864113304671,20.35992697986946,25.54448471119471,30.26585876275159,34.56553726697842,38.481204090513444,42.047161307004416,45.294643502231644,48.252094054751204,50.94541515292641,53.39819512163868,55.63191530539071,57.66613839562157,59.51867988780824,61.205764191664514,62.74216677576592,64.14134360101,65.41554898302485,66.57594292032597
480,0.46953125,4.20748627783864,7.34150297710319,10.192517070146652,12.788690290017074,15.15314753133994,17.306612681322104,19.26791703366258,21.05420704266934,22.68109938405409,24.162817769552685,25.512317078339237,26.741396421174016,27.86080216303177,28.880321789165937,29.808869420115467,30.654563712822664,31.424798821944737,32.126309037042425,32.76522765752227,33.347140617821
481,0.46875,-0.0013488272525471663,-0.0029789495089942606,-0.0048087590317147525,-0.006752438348478406,-0.008755058784198154,-0.010779541293205621,-0.012800028245495925,-0.014798172395418797,-0.016760883275732812,-0.018678868014865756,-0.020545639004426384,-0.02235681337937954,-0.024109604152729554,-0.025802442273465242,-0.02743469099080511,-0.029006427003661687,-0.03051827095649737,-0.031971255043023616,-0.03336671893081232,-0.03470622757113188
482,0.46796875000000004,-4.206128559357818,-7.338500798424561,-10.18766598287164,-12.78187243205126,-15.144300674845296,-17.295712317865945,-19.25496508864492,-21.03922430350886,-22.664120185538632,-24.143886142347654,-25.491483893949326,-26.718717241517723,-27.83633560287699,-28.85412826033666,-29.781010164944416,-30.625100059851686,-31.393791614297204,-32.09381819612336,-32.731311853495484,-33.31185702475905
483,0.46718750000000003,-8.408537429239551,-14.671803559529131,-20.36951468998573,-25.55794770492038,-30.283314543002593,-34.58702940899335,-38.506724615406455,-42.07666565613048,-45.328061018232695,-48.28933555323342,-50.98637851559276,-53.4427694927034,-55.67998427340409,-57.717582421744765,-59.573378164581634,-61.263596065428686,-62.80301283112374,-64.2050864813166,-65.48207400337279,-66.64513851666082
484,0.46640625,-12.593811183426503,-21.97326019166412,-30.50503853089538,-38.2736304145535,-45.34837888124405,-51.79140303098383,-57.659133350069546,-63.0029410971721,-67.86960703013142,-72.30173392360636,-76.33812018477104,-80.0140997535653,-83.36185155797477,-86.4106812947009,-89.1872780236657,-91.71594783420902,-94.01882663580695,-96.11607394095333,-98.02604933990322,-99.7654732144368
485,0.465625,-16.763884570748015,-29.250171539315872,-40.6086356369776,-50.9515694860759,-60.37116698252568,-68.95003828432453,-76.7632418600806,-83.87911578821844,-90.35989772409975,-96.26227141633177,-101.6378622468363,-106.53368839842553,-110.99257183145035,-115.05351265282273,-118.75203012326718,-122.12047326409822,-125.18830376577584,-127.98235366290986,-130.5270600227656,-132.84467869532952
486,0.46484375,-20.903848743373157,-36.47254704874775,-50.6343372242703,-63.529418506125964,-75.2728689216026,-85.9677820809637,-95.70781331820271,-104.57822311497945,-112.65665434639494,-120.0138164952063,-126.71410545189052,-132.8161674507905,-138.3734125372957,-143.43448214408008,-148.04367489387315,-152.2413343678637,-156.06420224123266,-159.5457398816686,-162.71642122911402,-165.60399952258675
487,0.46406250000000004,-25.01587675983475,-43.64820240693212,-60.597390697684766,-76.0310576730315,-90.08681078193388,-102.88794681825453,-114.54648764789258,-125.16442260833574,-134.83463480879607,-143.64171742210016,-151.66271367117506,-158.96779045261314,-165.6208518876525,-171.68009817835184,-177.19853463208042,-182.22443528623225,-186.80176517445048,-190.97056491850094,-194.76730100345108,-198.225184795679
488,0.46328125000000003,-29.085007095925295,-50.74696844923346,-70.45145825150824,-88.3935263886754,-104.73327638420092,-119.61414075389972,-133.16642226476796,-145.50874496370574,-156.749135150295,-166.9859730691745,-176.30885507320158,-184.79937811864488,-192.53185407857444,-199.57396023190918,-205.98733164924474,-211.8281006727472,-217.147388219307,-221.9917512119318,-226.40359005879947,-230.4215197486814
489,0.4625,-33.11363772225831,-57.77712751881423,-80.21254255888836,-100.64178889526102,-119.24703913603108,-136.1915165468543,-151.62351574041668,-165.67804851652687,-178.47807078432066,-190.13556359702608,-200.75251302260747,-210.4218020702117,-219.22802303273937,-227.24821738464368,-234.5525496853592,-241.20492136355662,-247.2635297376306,-252.78137715330948,-257.8067346859502,-262.38356445964206
490,0.46171875,-37.08684668100544,-64.70851784303247,-89.8342224802719,-112.71265858283175,-133.54796808063608,-152.5230380875252,-169.8040154451255,-185.54215641028497,-199.87520469030025,-212.92860474595616,-224.8166010022675,-235.64323806604963,-245.50327148154418,-254.48299712180057,-262.66100650530956,-270.10887466131976,-276.891786571571,-283.0691076760051,-288.6949034388871,-293.8184125249082
491,0.4609375,-41.007242070579906,-71.54983735785235,-99.33315729526015,-124.63202982463804,-147.67206956022423,-168.65541991535363,-187.76573396537933,-205.17021358115633,-221.02112940893437,-235.45715998306383,-248.60460543957458,-260.57849224648527,-271.48357932961,-281.41527445027003,-290.4604688328279,-298.6982973243051,-306.20083072259,-313.03370632078753,-319.25670217775485,-324.92426013456725
492,0.46015625000000004,-44.86003349835022,-78.27111763995009,-108.66312873216475,-136.33687956526367,-161.53929187442367,-184.49157981319837,-205.39470994876103,-224.4316382041176,-241.76897645974054,-257.5584599868616,-271.93827692879887,-285.0342780742371,-296.9610784399834,-307.82306045121476,-317.7152875321453,-326.7243361158516,-334.9290533623699,-342.40124722137267,-349.20631488206357,-355.40381511267805
493,0.45937500000000003,-48.648023110736005,-84.88141859242876,-117.84134996705097,-147.85387266159728,-175.18665230896613,-200.0795061903335,-222.75031356284768,-243.39743551457065,-262.2015186308819,-279.3270839290544,-294.9239669318277,-309.1286283905551,-322.0653479911516,-333.8473115619512,-344.5776012795961,-354.3500975173853,-363.250300212775,-371.3560769309567,-378.73834416307056,-385.4616878154669
494,0.45859375,-52.35664326799089,-91.35114990657088,-126.82209054709399,-159.12053817083213,-188.53467196521478,-215.3226692661801,-239.71907734210555,-261.93742379930893,-282.17216147494094,-300.6003809533209,-317.383362121162,-332.66798603791193,-346.58802055402094,-359.2652910951212,-370.8107468941428,-381.3254320160383,-390.9013696806616,-399.6223676279521,-407.5647515770054,-414.79803320031095
495,0.4578125,-55.988872888378125,-97.68967759530496,-135.62301141986995,-170.16414703578485,-201.6211508485452,-230.2700354553346,-256.3615629983597,-280.12403082204156,-301.7653477057329,-321.4748628238599,-339.4250233009622,-355.77288284664064,-370.6614756820587,-384.2210678749534,-396.57029701893595,-407.81721021038317,-418.06020939123067,-427.38891231972474,-435.8849366958872,-443.62261429805494
496,0.45703125,-59.53045689937007,-103.86797189859575,-144.19915189484198,-180.92316558036458,-214.36767287586156,-244.82622255194318,-272.56549651758604,-297.8282775949077,-320.8356607124124,-341.7889999461428,-360.8716725829553,-378.2506843832775,-394.0781313086306,-408.49253069147295,-421.6200335350957,-433.57552856655934,-444.46364771221914,-454.379681800074,-463.4104145059997,-471.63488184444594
497,0.45625000000000004,-62.984532625056715,-109.89564719462138,-152.5685118054929,-191.42530269889545,-226.81258772258818,-259.0408730816977,-288.3922577727581,-315.1235678686551,-339.4686925169968,-361.6406416496802,-381.83341080002606,-400.2236783482978,-416.9723511980491,-432.22597252339733,-446.1180038952408,-458.7699929872244,-470.2926370654801,-480.78675155838516,-490.34415217488885,-499.0484582854462
498,0.45546875000000003,-66.33724544739553,-115.74441325015754,-160.6871774211879,-201.61034135758624,-238.87902558241356,-272.82034047651024,-303.7314584080299,-331.882920579174,-357.5211008870536,-380.87037548550927,-402.1350884804051,-421.50134068783063,-439.1386184588484,-455.201277027903,-469.82989140626927,-483.1524866563552,-495.28565832078533,-506.33559281631216,-516.3989967256598,-525.5639431221713
499,0.4546875,-69.5918717536503,-121.42407353278136,-168.57337648633998,-211.5062575676962,-250.60564936227405,-286.21463731044224,-318.644918030133,-348.18026290563535,-375.0790994494177,-399.5767850746627,-421.887667677285,-442.20696102794597,-460.7124526686441,-477.56605939302807,-492.9152439148015,-506.8943051034734,-519.6255530642823,-531.2203793354112,-541.78023156063,-551.3975011615141
500,0.45390625,-72.73504279858336,-126.90725175476403,-176.18451297295599,-221.05452219576063,-261.91760946055433,-299.1324300154074,-333.02481452233803,-363.89139458820284,-392.0023041026603,-417.60355794459406,-440.91920719026757,-462.1533003386897,-481.4916691913452,-499.1035552338408,-515.1430907942045,-529.750647953509,-543.0540670207027,-555.1697753270184,-566.2038061340401,-576.2527265744312
501,0.453125,-75.77015383262535,-132.20388003145962,-183.53893015629185,-230.28320588857963,-272.85364364604067,-311.6237928696961,-346.9330260867002,-379.0903104488109,-408.37701854271853,-435.0494042069901,-459.3408461748048,-481.4638900500559,-501.6121078944392,-519.9617918507588,-536.6734966192943,-551.8934442686082,-565.7548036609006,-578.3788556785653,-589.8760544419689,-600.3469938001663
502,0.45234375000000004,-78.68440440609817,-137.28766480454308,-190.59561232966337,-239.13582826457744,-283.3413839944951,-323.6002684070505,-360.2649616048344,-393.6563567678437,-424.0666823139061,-451.7620750841974,-476.9849117766901,-499.9559305470804,-520.8761629329683,-539.9286932415616,-557.2802608410001,-573.0827193908218,-587.4743657885899,-600.5811504670656,-612.517779636595,-623.3887191208601
503,0.45156250000000003,-81.48128769974798,-142.16860560234787,-197.37290520677277,-247.64038154121556,-293.41940430531446,-335.11168388539,-373.08217637439185,-407.6631398072639,-439.1571570902048,-467.8397985977949,-493.96203504365286,-517.7524334511688,-539.4191569661264,-559.1517861812558,-577.1229779106889,-593.4899759147037,-608.3959867824332,-621.971433003756,-634.3350941894586,-645.5951464217123
504,0.45078125,-84.1486504785007,-146.82165370450878,-203.83162627775198,-255.74278230919083,-303.0182645040212,-346.0730033100649,-385.2839551144653,-420.99429625811564,-453.51654800246075,-483.13532832957213,-510.109845226834,-534.6761655830643,-557.0492812461957,-577.4249905698338,-595.9816119589517,-612.8815444235656,-628.272688803764,-642.289742107765,-655.0553762929359,-666.6813118075894
505,0.45,-86.69006231679195,-151.25681440191005,-209.99001058730533,-263.47077177526893,-312.1761366002826,-356.5334997169557,-396.931150709352,-433.7225900152169,-467.22974533681224,-497.7458046024372,-525.5377831888632,-550.8488603478143,-573.9005069146206,-594.8944231049533,-614.0143033604767,-631.4274436734162,-647.2862054438498,-661.7293486713353,-674.8832461414553,-686.8629892281225
506,0.44921875,-89.0940921228757,-155.45043824582226,-215.81095039556868,-270.7729969446103,-320.8269364905276,-366.41208285821205,-407.9275446588434,-445.7366655988103,-480.1703329864369,-511.5298911808607,-540.0897813560331,-566.0999437035439,-589.7880048858758,-611.3612701414631,-631.0085375201842,-648.9017501389189,-665.1975009226593,-680.038403003433,-693.5543377723818,-705.8635915088659
507,0.44843750000000004,-91.36436385727279,-159.41247460374987,-221.31245765315307,-277.6767769795409,-329.0081990515797,-375.75716776303864,-418.3329122556213,-457.1079959229547,-492.42170647276316,-524.5830417866406,-553.8734156664907,-580.5491203119163,-604.843568806879,-626.96933744146,-647.120025747856,-665.4719505150847,-682.1856885956978,-697.4074819975773,-711.2705175510081,-723.8960923451706
508,0.44765625000000003,-93.49023904804682,-163.12081910531475,-226.4597281717565,-284.13380590798204,-336.65760358126437,-384.49210987875665,-428.05612499927156,-467.73091988072105,-503.86370784873037,-536.7707017519452,-566.7398839303327,-594.0335269143343,-618.8904887873259,-641.5283035671921,-662.1450849462583,-680.9212600620272,-698.0211484771512,-713.5944001902571,-727.7773052644347,-740.6939865359539
509,0.446875,-95.47537369887763,-166.58530385347416,-231.2704397582182,-290.17081241608025,-343.81181640853674,-392.66416773310243,-437.15551205625275,-477.67517875105864,-514.5777237098476,-548.1860496934154,-578.7942339196529,-606.6701014098604,-632.0575684277406,-655.1787767346025,-676.2360373479655,-695.4136008022414,-712.8792693929594,-728.7858655058782,-743.2725688750136,-756.4661344680247
510,0.44609375,-97.30998754735576,-169.78550583699857,-235.7123063552018,-295.74283537691576,-350.41266446049855,-400.2016150077642,-445.5455967635129,-486.84145723580883,-524.4505950826249,-558.7021420853275,-589.895846243511,-618.3046954295385,-644.1773065085387,-667.7401011086067,-689.1992871279897,-708.7426633317373,-726.5412628356004,-742.7508498629487,-757.5132828753774,-770.9577560075962
511,0.4453125,-98.99774609984735,-172.73107927612088,-239.80256263622397,-300.8758482092216,-356.49571945812573,-407.15026236446397,-453.28290254256086,-495.2973350006032,-533.561197861177,-568.4093079619374,-600.1465928534043,-629.0507591486718,-655.3747224666628,-679.3488204623875,-701.1828283242419,-721.0677943664284,-739.1777117706733,-755.6710410999233,-770.6920969026913,-784.3723105386697
512,0.44453125000000004,-100.52978760205004,-175.40340843343338,-243.51163972922035,-305.5285118315743,-362.0073146141884,-413.4437439359312,-460.2881315598502,-502.9504548680076,-541.8040697084296,-577.1889975888561,-609.4149041228746,-638.7638094641545,-665.4925564542684,-689.8350583671769,-712.0043459670242,-732.1944318047678,-750.5820080733838,-767.3279928828796,-782.5789384888649,-796.4683137997608
513,0.44375000000000003,-101.90976446393985,-177.81191012495228,-246.85622291687386,-309.72588426050675,-366.98170773016415,-419.1261400798711,-466.6156530062008,-509.86581823916026,-549.2550895209048,-585.1281335093169,-617.7988481082384,-647.5531093693178,-674.6512729581261,-699.3304523154069,-721.8065934668633,-742.2763646302867,-760.9188771479254,-777.8972527979678,-793.3600511963322,-807.4425697767718
514,0.44296875,-103.12978807497385,-179.9398906592857,-249.80964281429843,-313.43050332925003,-371.3700691780564,-424.1368545476754,-472.19283677507235,-515.9585954700641,-555.8171418083404,-592.1172906788402,-625.1767161180849,-655.2847318133805,-682.7048230615221,-707.6769526294742,-730.4196607419877,-751.131977584209,-769.9951650603532,-787.1743030535135,-802.819734070007,-817.0683789118202
515,0.4421875,-104.1934752304312,-181.79647139045494,-252.3879324430566,-316.66635716116656,-375.2051316291434,-428.5179656230051,-477.0715626224871,-521.2908089421364,-561.5626406510527,-598.2394492432569,-631.6421676913574,-662.0630789649791,-689.7683735973757,-715.0004789320552,-737.9801804531702,-758.9085537573002,-777.9687240663595,-795.3274686738708,-811.1366763437989,-825.534676430339
516,0.44140625,-105.09395909943764,-183.36698359524993,-254.56748633108185,-319.4000914708815,-378.4432036655911,-432.215020271986,-481.18631595773616,-525.7856795478662,-566.4034161549905,-603.3949834899163,-637.084105446411,-667.7656055306578,-695.7079870204755,-721.1557827258071,-744.3316949590413,-765.4385444523888,-784.6610452815064,-802.167421330291,-818.1108784442873,-832.6309451568178
517,0.44062500000000004,-105.834798563816,-184.6601969294919,-256.3635863898723,-321.6544765937839,-381.11529102061746,-435.2678352775528,-484.5861672460107,-529.5018682602422,-570.4079711272597,-607.6624195669133,-641.5912029624494,-672.4912091800804,-700.6328224678483,-726.2622894270537,-749.6038737845461,-770.8618188179181,-790.22213460097,-807.8542257051691,-823.9123735978476,-838.5370867072136
518,0.43984375000000003,-106.41019090867631,-185.66355807574354,-257.7558365958154,-323.4004717662196,-383.18310985875434,-437.6284365417303,-487.2131213317953,-532.3711198771169,-573.4976248669107,-610.9525453192773,-645.0636591201298,-676.129481909871,-704.4218795355973,-730.188447224346,-753.6546763424961,-775.0259277121955,-794.4892287569442,-812.2149102053336,-828.3580966772058,-843.0600641974462
519,0.4390625,-106.82361516069598,-186.38543092378072,-258.7586735322757,-324.6594891489074,-384.67574781449105,-439.3341338630001,-489.11313685368606,-534.448372298606,-575.7365465651991,-613.3389487574815,-647.584614836725,-678.7732071535911,-707.1776366623446,-733.0464510300891,-756.6060095660748,-778.062464001305,-797.6035624476006,-815.4002923189247,-831.6083765894751,-846.3696364803166
520,0.43828125,-107.07036849659642,-186.81545495725516,-259.3550363722841,-325.40698054578775,-385.5605646672017,-440.34372785544656,-490.23609565067363,-535.6743150438406,-577.056029806867,-614.7433813067519,-649.0661805622119,-680.3247948999482,-708.792776593207,-734.7192567793915,-758.3311256497601,-779.8350179987526,-799.4191215115401,-817.2548236158866,-833.498211311108,-848.2914371000023
521,0.4375,-107.153828638583,-186.96153673378168,-259.55842736479457,-325.66286792988876,-385.86455061778605,-440.6917913058677,-490.6245611845544,-536.099824229723,-577.5155145429973,-615.2340391454579,-649.5854519605929,-680.8703423057298,-709.3624652547818,-735.3111371618079,-758.9434173381815,-780.466094974447,-800.0674986909828,-817.9191445500379,-834.1772369487908,-848.984035526194
522,0.43671875000000004,-107.07042164949246,-186.8155724141841,-259.3552260652293,-325.4072470206342,-385.56091029839337,-440.344153548464,-490.2366012841185,-535.6748997656913,-577.0566922421372,-614.744119707751,-649.066992919743,-680.3256790269063,-708.7937301881055,-734.7202774749643,-758.33221105027,-779.8361657086307,-799.4203291573017,-817.2560888627864,-833.4995318756484,-848.2928107591631
523,0.43593750000000003,-106.82340312222988,-186.38496247728824,-258.75791714218354,-324.6584267776611,-384.6743700726392,-439.33243720547233,-489.1111218163001,-534.4460423170709,-575.7339071479278,-613.3360068875535,-647.581378529741,-678.7696851256181,-707.1738380778714,-733.042385309438,-756.6016862377729,-778.0578925889281,-797.5987523833344,-815.3952528780113,-831.6031168410925,-846.3641652514482
524,0.43515625,-106.41035004025711,-185.6639097239495,-257.75640450803485,-323.40126955237645,-383.18414462779265,-437.6297110047203,-487.2146351254652,-532.3728704507939,-573.499608104219,-610.9547559879987,-645.0660912051139,-676.1321288633146,-704.4247344672375,-730.1915030469683,-753.6579258836306,-775.0293637998614,-794.4928442852673,-812.2186981844046,-828.362050270536,-843.0641767495979
525,0.434375,-105.83437579539408,-184.6592629278334,-256.3620782789398,-321.65235841026487,-381.11254404400245,-435.2644524399801,-484.5821496161592,-529.4972226886262,-570.4027085969582,-607.6565540011893,-641.5847503431893,-672.4841868857374,-700.6252487709128,-726.2541831100675,-749.5952538457612,-770.8527042456851,-790.2125442013972,-807.8441779714236,-823.9018866122209,-838.5261780690847
526,0.43359375,-105.09422323042419,-183.36756727148176,-254.5684289699653,-319.40141566335643,-378.4449212120302,-432.21713567297013,-481.1888286108827,-525.7885852199952,-566.4067080140401,-603.3986528516348,-637.0881423269367,-667.7699990619457,-695.7127257659896,-721.1608549220462,-744.3370887009401,-765.4442478356461,-784.667046511502,-802.1737088048499,-818.1174408158532,-832.6377713783203
527,0.43281250000000004,-104.19284434097851,-181.79507759842176,-252.38568192096142,-316.6631962428511,-375.20103237947086,-428.51291749574875,-477.0655672132991,-521.2838764746616,-561.5547875157553,-598.230696218059,-631.6325386261095,-662.0525997934947,-689.7570715875225,-714.9883821127514,-737.9673171751518,-758.8949523564553,-777.954412606554,-795.3124747519178,-811.1210269433203,-825.5183978142732
528,0.43203125000000003,-103.13015557994787,-179.94070277296828,-249.81095438280778,-313.43234578674713,-371.3724589448588,-424.1397978871946,-472.1963328504069,-515.9626383923305,-555.8217220724569,-592.1223962024625,-625.1823330104608,-655.2908449533776,-682.711416536883,-707.6840100728848,-730.4271655890497,-751.1399132714859,-770.0035151769234,-787.1830514561409,-802.8288649696541,-817.0778769374788
529,0.43125,-101.90892934675216,-177.81006514533738,-246.85324387644903,-309.7217001229277,-366.9762815194263,-419.119457837691,-466.60771684642606,-509.8566416963847,-549.2446942925848,-585.1165471004149,-617.786102089852,-647.5392380709119,-674.6363124748859,-699.3144397497593,-721.7895663470778,-742.2583604648387,-760.8999330850907,-777.8774053676708,-793.3393361167144,-807.4210218119167
530,0.43046875,-100.53025621949814,-175.40444398885654,-243.51331216172258,-305.53086122683277,-362.01036191302256,-413.447497127476,-460.29258957908957,-502.9556102076607,-541.8099102497723,-577.1955079265135,-609.4220665452311,-638.771604690433,-665.5009641946635,-689.8440577514056,-712.0139158732962,-732.2045511123428,-750.5926558558408,-767.339148554994,-782.590581916942,-796.4804253830455
531,0.4296875,-98.99671190861527,-172.72879449674795,-239.79887346792614,-300.8706666858398,-356.48899979281816,-407.14198727468266,-453.2730746487484,-495.2859710660094,-533.5483247573732,-568.3949597520098,-600.1308086354991,-629.0335814365088,-655.3561959602888,-679.3289911089206,-701.1617425979039,-721.0454987167083,-739.1542522007969,-755.6464628471907,-770.6664441989558,-784.3456264341696
532,0.42890625000000004,-97.31055439364324,-169.78675846419455,-235.71432936733603,-295.74567726676514,-350.41635056261003,-400.2061549897062,-445.55098934034464,-486.8476933294464,-524.4576600364352,-558.7100172666378,-589.9045102295528,-618.3141248990593,-644.1874769193797,-667.7509872161163,-689.2108633829838,-708.7549041860287,-726.5541429758098,-742.7643443881992,-757.5273674307828,-770.972406882761
533,0.42812500000000003,-95.47414681591457,-166.58259337702003,-231.26606323682742,-290.16466549916635,-343.80384478332263,-392.65435090153073,-437.143853131027,-477.6616976222038,-514.5624522585239,-548.1690283316734,-578.7755090322177,-606.6497234329361,-632.035590390769,-655.1552531460432,-676.2110233412233,-695.3871514810489,-712.8514393313437,-728.7567083689742,-743.2421371349478,-756.4344791949546
534,0.42734375,-93.49090063520934,-163.12228109938883,-226.4620893239665,-284.13712282260417,-336.661905833271,-384.4974087569891,-428.06241900881025,-467.738198430282,-503.8719538354135,-536.7798934316079,-566.7499963017871,-594.0445327600238,-618.9023594641959,-641.5410096117972,-662.1585965392833,-680.9355473849262,-698.0361819850817,-713.6101508195151,-727.7937445882936,-740.7110868796644
535,0.4265625,-91.36295185421793,-159.40935516091855,-221.30742079757388,-277.6697026232638,-328.9990246939322,-375.74586981952206,-418.3194943142411,-457.0924808796884,-492.40413102321816,-524.5634524437365,-553.8518658162876,-580.525668002587,-604.8182750704922,-626.9422650116943,-647.0912380771157,-665.4415110211605,-682.1536600863383,-697.3739262341362,-711.2354949215045,-723.8596616238436
536,0.42578125,-89.09484438017269,-155.45210061456936,-215.8136351700006,-270.77676849556696,-320.8318284545471,-366.4181080787537,-407.9347014426707,-445.74494190872224,-480.1797093802687,-511.5403429382292,-540.1012800522876,-566.1124583931239,-589.801503001633,-611.3757181827604,-631.0239015811438,-648.9179963139983,-665.2145956170513,-680.0563131689858,-693.5730310848493,-705.883036498718
537,0.42500000000000004,-86.68847390794947,-151.25330524836122,-209.9843444941525,-263.4628136619796,-312.165816167411,-356.520790442175,-396.9160566365158,-433.70513690726267,-467.2099744792618,-497.72376832359896,-525.5135415478934,-550.8224786475251,-573.8720538136698,-594.8639691754313,-613.9819199822996,-631.3932021869401,-647.2501765026213,-661.6916017512874,-674.8438491731858,-686.8220083264637
538,0.42421875000000003,-84.14948877753768,-146.82350622394725,-203.83461816795673,-255.74698531545425,-303.0237161211633,-346.07971786045414,-385.29193071988414,-421.0035195120179,-453.5269972451479,-483.14697601824014,-510.122659689613,-534.6901123378024,-557.0643240027237,-577.4410919968499,-595.9987342727715,-612.8996498401679,-628.2917398847703,-642.3097020234181,-655.076209019693,-666.7029822739602
539,0.4234375,-81.47953268841087,-142.1647284001113,-197.36664485889858,-247.63158881252852,-293.4080015354329,-335.0976417814323,-373.0654994142619,-407.6438564645805,-439.13531298789246,-467.81545155847044,-493.9352514303818,-517.7232854194848,-539.3877203783063,-559.11813901271,-577.0871990284842,-593.4521441413883,-608.356180180988,-621.9297283353947,-634.2915665074156,-645.549868772524
540,0.42265625,-78.68532358942437,-137.28969608210193,-190.59889294264497,-239.14043689589215,-283.3473617708247,-323.60763104541087,-360.2737070569853,-393.66647034331413,-424.07814027120094,-451.77484722957934,-476.99896338754127,-499.9712238180244,-520.8926580749405,-539.9463493227921,-557.2990364326728,-573.102573062838,-587.4952564890287,-600.6030378106298,-612.5406241213572,-623.4124822882548
541,0.421875,-75.768243050695,-132.19965871553723,-183.53211420739456,-230.27363284285937,-272.84122896607124,-311.60850467697867,-346.9148692692158,-379.0693160182914,-408.353236180589,-435.022896875504,-459.311686133105,-481.4321558623937,-501.5778821594389,-519.9251594664789,-536.63454345345,-551.852256139417,-565.7114655586786,-578.3334511755061,-589.828665249977,-600.2976994457167
542,0.42109375000000004,-72.73603721154717,-126.90944929967452,-176.18806214285846,-221.05950813235916,-261.9240766742718,-299.14039552565066,-333.03427612737073,-363.9023364074065,-392.0147004616829,-417.6173761868964,-440.93440975799984,-462.1698463372841,-481.50951557866347,-499.1226577301138,-515.1634045806636,-529.7721282088497,-543.0766693317233,-555.193456000789,-566.2285224324979,-576.278436887572
543,0.42031250000000003,-69.58981699490275,-121.41953416372222,-168.56604702293095,-211.49596332575211,-250.59229945432745,-286.19819747388135,-318.6253935370555,-348.15768711813075,-375.0535258038741,-399.54828128692867,-421.8563114586496,-442.1728368680563,-460.67564939380696,-477.5266683006848,-492.8733573436946,-506.85001533783816,-519.5789514969234,-531.1715558331397,-541.7292739888995,-551.3444950348957
544,0.41953125,-66.33830897304787,-115.74676355060036,-160.69097333390567,-201.61567396526186,-238.88594251096578,-272.8288599480975,-303.74157808545567,-331.89462349326993,-357.53435959187385,-380.88515506536464,-402.1513487754795,-421.51903796765407,-439.15770669423995,-455.22170886430763,-469.85161891109914,-483.17546189289095,-495.3098337875024,-506.3609217808861,-516.4254334760016,-525.5914431517799
545,0.41875,-62.98234657249414,-109.89081779802164,-152.56071408774662,-191.41435084001125,-226.79838505197253,-259.0233831694999,-288.3714862474486,-315.0995502409401,-339.44148565196673,-361.6103176017856,-381.800052255447,-400.1873752024498,-416.9331979580299,-432.18406632342936,-446.0734429756452,-458.7228755287605,-470.24306029910724,-480.7348110903066,-490.28994148096245,-498.9920683394638
546,0.41796875,-59.53158299625474,-103.87046050519753,-144.20317122286502,-180.92881209990642,-214.37499704166905,-244.83524368256798,-272.5762121598522,-297.8406697999333,-320.84970043529364,-341.80465022999783,-360.88889091562004,-378.2694244693983,-394.09834441661843,-408.51416668428965,-421.64304166174895,-433.5998580699511,-444.4892482944956,-454.4065039764515,-463.43840987072997,-471.66400326722555
547,0.41718750000000004,-55.986569036085115,-97.68458798917897,-135.61479360289673,-170.15260520626003,-201.6061831561308,-230.25160353389924,-256.33967280344194,-280.0987197985284,-301.7366758004918,-321.44290598860147,-339.38986868916135,-355.7346252067919,-370.6202146203421,-384.1769057639355,-396.5233373947818,-407.7675565445807,-418.0079641525733,-427.3341762631689,-435.82780832989357,-443.5631894930037
548,0.41640625000000003,-52.357825010523214,-91.35376152164548,-126.8263085936484,-159.1264639205316,-188.54235839836593,-215.33213668535925,-239.73032319901512,-261.9504292808086,-282.1868961201622,-300.6168059951558,-317.4014329595727,-332.6876540997811,-346.6092347068736,-359.2879987290628,-370.8348947526838,-381.350966834194,-390.92823867350637,-399.65051886213007,-407.59413425002856,-414.828597846855
549,0.415625,-48.645615680758745,-84.87610020356537,-117.83276280437184,-147.84181215827888,-175.17101207111102,-200.06024615920222,-222.72743999041487,-243.37098755414905,-262.171558945716,-279.29369190319466,-294.887233651283,-309.08865287459923,-322.02223433214795,-333.8011667402665,-344.52853348898856,-354.298214881742,-363.19570980614833,-371.29888403466856,-378.678651709313,-385.3995959783091
550,0.41484375,-44.86126361958938,-78.27383621200666,-108.66751958384062,-136.34304815533093,-161.54729339080606,-184.50143542486745,-205.40641703446005,-224.44517720786547,-241.78431569698034,-257.5755591228619,-271.9570895533982,-285.05475363805243,-296.9831637262485,-307.84670070226235,-317.74042731449737,-326.7509199846945,-334.9570263703518,-342.4305553055593,-349.23690515489454,-355.43563607691937
551,0.4140625,-41.004745925291026,-71.54432302821179,-99.3242538262089,-124.61952515588537,-147.65585341943688,-168.6354508061292,-187.74201840441702,-205.1427921945703,-220.99006719478066,-235.4225392721547,-248.56652069187697,-260.5370461437828,-271.4388798101869,-281.36743244357393,-290.40959652342065,-298.64450682158224,-306.14423304496887,-312.97441062568913,-319.1948151849434,-324.85988570231467
552,0.41328125000000004,-37.08811761749924,-64.71132666587864,-89.83875916708404,-112.71903214026037,-133.55623557362551,-152.5332214293387,-169.816111964939,-185.5561459359683,-199.89105451404018,-212.94627321819942,-224.83604019209795,-235.66439576188907,-245.52609271210116,-254.5074253202183,-262.6869844032526,-270.1363449757858,-276.92069253085356,-283.09939341976167,-288.72651431900863,-293.85129532785186
553,0.41250000000000003,-33.11106827277447,-57.77145130319583,-80.20337778190977,-100.62891732209165,-119.2303473059242,-136.17096179045106,-151.59910480660835,-165.6498232602491,-178.4460981431234,-190.0999283453023,-200.71331241539286,-210.3791418213657,-219.18201426284176,-227.19897428944088,-234.5001877490467,-241.14955598974387,-247.20527520400236,-252.72034581928844,-257.74303639938233,-262.31730612078036
554,0.41171875,-29.086311034387244,-50.74985026511671,-70.45611291346567,-88.4000657912381,-104.74175912818188,-119.62458937109038,-133.17883405931704,-145.5230992785816,-156.7653984618446,-167.0041026745261,-176.32880181994847,-184.82108845777827,-192.55527162523882,-199.5990269601081,-206.01398880947858,-211.8562894969916,-217.17705046095884,-222.022829556579,-226.43602843320403,-230.45526354917024
555,0.4109375,-25.013249871047066,-43.64239936314669,-60.588021231518724,-76.0178987332409,-90.06974643008432,-102.86693348492854,-114.52153228108305,-125.13556804103396,-134.80194951147828,-143.60528809512076,-151.622639769068,-158.92418007266423,-165.57381864989983,-171.6297588422621,-177.14500727024796,-182.1678378850953,-186.74221456593327,-190.90817597030042,-194.70218601278185,-198.157453043816
556,0.41015625,-20.90517766889898,-36.475484154876106,-50.639081283385124,-63.536083623992745,-75.28151488535617,-85.97843191233726,-95.72046432191785,-104.5928542841631,-112.6732315547414,-120.0322962551841,-126.73443769698217,-132.83829762807798,-138.3972831984756,-143.46003416343476,-148.07084840387282,-152.27006947803247,-156.09443958881232,-159.57742105061865,-162.7494890653602,-165.63839836711503
557,0.40937500000000004,-16.761216463531866,-29.24427751211989,-40.59911937175929,-50.93820450417906,-60.35383559493049,-68.92869630102099,-76.73789639478238,-83.84981039603142,-90.32670199318204,-96.2252734442013,-101.59716307901292,-106.48939785282164,-110.94480532978874,-115.00238880031134,-118.69766885404658,-122.06299442040556,-125.12782601321942,-127.91899366843502,-130.4609318392546,-132.7758933095057
558,0.40859375000000003,-12.595156928904581,-21.97623454937223,-30.5098428674598,-38.28038035789615,-45.35713504908659,-51.80218880444184,-57.671946061002146,-63.01775952696967,-67.8863966675469,-72.32045077067554,-76.35871357453532,-80.03651446948844,-83.38602944548688,-86.43656249500233,-89.2148019215983,-91.74505378664803,-94.04945452971474,-96.14816461809028,-98.05954491645761,-99.80031731744221
559,0.4078125,-8.405844580431777,-14.665854959613917,-20.35991043034321,-25.54445929083092,-30.265823273902626,-34.56549075864531,-38.48114582983803,-42.04709075308761,-45.29456028226133,-48.25199794236757,-50.945306048706115,-53.39807303554345,-55.63178034104152,-57.66599073624676,-59.51851978371596,-61.205591949107024,-62.74198274706513,-64.14114817582507,-65.41534258064858,-66.57572598291058
560,0.40703125,-4.207482855793162,-7.341494144329948,-10.192501114917999,-12.788665803083099,-15.153113373479892,-17.30656795292144,-19.26786104653802,-21.0541392942524,-22.68101953390251,-24.162725618108084,-25.51221254780395,-26.74127953834788,-27.86067304396513,-28.88018062547432,-29.808716466804412,-30.654399277488256,-31.42462325521855,-32.12612272416104,-32.76503101090804,-33.346934070574534
561,0.40625,0.001352131992121183,0.002987471115336885,0.004824138669311956,0.0067760222013080835,0.008787930268025775,0.010822551176853896,0.012853822478453271,0.014863217548526179,0.016837489638437897,0.018767210440239577,0.02064577563633515,0.022468702426221933,0.024233118855436424,0.025937384225211656,0.02758080196188905,0.02916339940730443,0.030685757087802842,0.032148875211220763,0.033554068598285774,0.03490288359853535
562,0.40546875000000004,4.206131750438289,7.338509018722777,10.18768080544633,12.781895142319268,15.144332302544731,17.29575366686718,19.255016764425825,21.03928673821723,22.66419366069792,24.143970809306204,25.491579792214495,26.718824315144218,27.83645371506098,28.854257206375582,29.781149683718017,30.62524984396099,31.39395131899458,32.093987447153985,32.731490253963756,33.312044161119026
563,0.40468750000000003,8.408540510184846,14.671811488225096,20.369528974035987,25.55796957156195,30.28334497079946,34.58706915732171,38.50677425156608,42.07672558002088,45.328131484661824,48.289416691967865,50.98647034929734,53.44287195294411,55.680097214869534,57.71770563484825,59.573511386601304,61.26373899032333,62.80316511815798,64.20524776261604,65.48224389052255,66.64531660644622
564,0.40390625,12.593814157790838,21.973267838331648,30.505052294359253,38.27365146604537,45.34840815014878,51.79144123399346,57.659181017928404,63.00299859896634,67.86967459520264,72.30181166120585,76.3382081016093,80.01419776943497,83.36195951960559,86.41079898801063,89.18740518456683,91.7160841581085,94.01897178593435,96.11622755563761,98.02621103891119,99.76564260447172
565,0.403125,16.763887441986558,29.250178913428638,40.608648897885374,50.95158975146268,60.37119513495774,68.95007500006062,76.76328763544193,83.87917096348579,90.3599625050281,96.26234589340726,101.63794641243535,106.53378216205911,110.99267503325449,115.05362507546158,118.75215150240962,122.12060329760624,125.18844212174014,127.98249998665298,130.52721394292547,132.84483982912147
566,0.40234375,20.90385151490505,36.4725541594902,50.634349999788604,63.52943801259693,75.27289599663169,85.9678173620484,95.70785726872676,104.57827604771914,112.65671644463823,120.01388783161656,126.71418600528122,132.8162571209967,138.37351115830737,143.4345894956044,148.04379071148875,152.24145835190566,156.06433406454332,159.54587919633505,162.71656767230505,165.60415272158562
567,0.40156250000000004,25.015879434997554,43.64820926342309,60.59740300511762,76.0310764483875,90.08683682006318,102.88798071998298,114.54652984563354,125.1644733892016,134.8346943353195,143.64178575070468,151.66279076856588,158.96787621027852,165.62094613464228,171.6802006925034,177.19864514985449,182.22455351129892,186.80189078516065,190.97069757436347,194.76744035072804,198.22533047219505
568,0.40078125000000003,29.085009677982963,50.7469750602153,70.45147010715836,88.39354445868294,104.73330142238156,119.61417332594478,133.16646277347496,145.50879367169782,156.74919220034897,166.98603850230342,176.30892884466843,184.79946011210026,192.53194411848796,199.57405809446695,205.9874370718743,211.82821336241307,217.14750785971057,221.9918774697362,226.4037225889908,230.4216581991629
569,0.4,33.113640214402395,57.777133892979364,80.21255397920778,100.64180628629,119.24706321259762,136.19154784144288,151.62355462801287,165.67809523694217,178.47812546212663,190.13562625924953,200.75258361436903,210.42188046850268,219.22810905851003,227.2483108133756,234.55265025628483,241.20502878766922,247.2636437046173,252.7814973375296,257.8068607515684,262.38369606501215
570,0.39921875,37.08684908632656,64.70852398864268,89.83423348063941,112.71267531914593,133.54799123032538,152.52306815127574,169.804052771342,185.5422012170252,199.87525708482016,212.92866474202427,224.81666853543447,235.64331300707246,245.50335364813844,254.483086288896,262.6611024139724,270.10897702648464,276.8918950887159,283.0692220268908,288.69502329646974,293.8185375575203
571,0.3984375,41.00724439210715,71.5498432831338,99.33316789120855,124.63204593108097,147.67209181908035,168.65544879728043,187.7657697938475,205.17025655399237,221.0211796174773,235.4572174290998,248.60467005024134,260.578563887346,271.48365781607424,281.415359557537,290.4605603045161,298.698394879912,306.20093406391436,313.0338151374343,319.2568161518336,324.9243789446758
572,0.39765625000000004,44.860035738995876,78.27112335267407,108.66313893813607,136.3368950645848,161.53931327496468,184.49160755687544,205.39474433522736,224.43167941191876,241.76902456508873,257.5585149801976,271.93833872933743,285.0343465426992,296.9611533896933,307.82314165773903,317.71537474163813,326.72442905225006,334.92915173357073,342.4013507245126,349.2064232080092,355.4039279498202
573,0.39687500000000003,48.64802527335837,84.88142410033741,117.84135979763302,147.85388757708344,175.18667288491585,200.07953284154053,222.75034656664553,243.39747503160092,262.20156472348685,279.32713657746933,294.92402604837014,309.12869383201905,322.0654195695857,333.84738905399826,344.5776844345592,354.3501860641634,363.25039386580096,371.3561753952564,378.73844713855135,385.4617950005273
574,0.39609375,52.35664535532668,91.35115521695195,126.8221000158073,159.12055252374796,188.53469174692344,215.3226948655267,239.71910901511444,261.93746168957,282.1722056316271,300.60043134701704,317.38341865770644,332.6680485704603,346.5880888935125,359.2653650193276,370.8108261554629,381.32551634818185,390.90145880435637,399.6224612557896,407.5648494175348,414.79813496147136
575,0.3953125,55.98887490311167,97.68968271541341,135.62302054035817,170.16416084787116,201.62116986744437,230.27006004541997,256.36159339570514,280.1240671544268,301.7653900102884,321.47491106253506,339.42507737402235,355.7729426044053,370.66154093506117,384.22113840270316,396.57037257744724,407.8172905386131,418.0602942165599,427.3890013625953,435.88502967370727,443.6227109284588
576,0.39453125,59.530458844064285,103.86797683524452,144.19916067972568,180.92317887144236,214.36769116020238,244.82624617051732,272.56552568742995,297.82831242875477,320.8357012359701,341.7890461132084,360.87172428857616,378.2507414751708,394.0781935970444,408.49259795767006,421.620105538624,433.575605051452,444.4637284122557,454.3797664432189,463.41050281812437,471.63497355242293
577,0.39375000000000004,62.98453450222491,109.89565195458837,152.56852026749524,191.42531548920397,226.81260530158397,259.04089576829176,288.3922857661793,315.123601267707,339.4687313369719,361.6406858371247,381.83346024556806,400.2237328977531,416.9724106619889,432.226036685358,446.1180725187422,458.7700658217368,470.2927138514714,480.78683203156453,490.34423606975184,499.0485453382084
578,0.39296875000000003,66.33724725942768,115.74441783979049,160.68718557205491,201.61035366555208,238.87904248229657,272.82036226613474,303.7314852696419,331.88295259833046,357.5211380691793,380.8704177703194,402.1351357544083,421.5013927951285,439.1386752104176,455.20133820953936,469.8299567853607,483.15255598762286,495.2857313511251,506.33566928885,516.3990763831267,525.5640257096825
579,0.3921875,69.5918735028935,121.42407795839725,168.5733843379087,211.50626941211823,250.60566561013655,286.2146582397033,318.64494380716656,348.1802936037547,375.07913506507924,399.5768255415486,421.8877128784863,442.20701080646086,460.71250683637845,477.56611773847993,492.9153062095931,506.8943711078727,519.625622531843,531.2204520168457,541.7803072070184,551.3975795269339
580,0.39140625,72.7350444872693,126.90725602227833,176.18452053615604,221.05453359376085,261.9176250807395,299.13245011675326,333.0248392560899,363.89142401604084,392.002338212555,417.60359666455884,440.9192504002277,462.15334788068674,481.49172087826463,499.1036108568439,515.1431501290274,529.7507107657707,543.054133070352,555.1698443720295,566.2038779334634,576.2528008908803
581,0.390625,75.77015546294314,132.20388414675014,183.5389374421173,230.2832168575896,272.85365866363173,311.6238121769682,346.9330498207723,379.090338660629,408.37705121256835,435.049441257921,459.3408874841916,481.4639354595136,501.61215721828245,519.9618448831861,536.6735531404596,551.8935040497211,565.7548664684837,578.3789212779797,589.8761226003096,600.3470642886105
582,0.38984375000000004,78.68440598013017,137.28766877311776,190.5956193482749,239.13583882049252,283.34139843206185,323.6002869502955,360.26498437742003,393.65638381052673,424.06671359971244,451.7621105315275,476.9849512605776,499.9559739088267,520.8762099883411,539.9287437877382,557.2803146624191,573.082776264082,587.4744254865257,600.5812127621073,612.517844303516,623.3887859389921
583,0.38906250000000003,81.48128921953403,142.16860942967094,197.37291196837182,247.64039170018398,293.41941818605716,335.11170169586313,373.0821982257038,407.6631657307867,439.1571870524163,467.8398325130681,493.9620727852184,517.7524748604731,539.4192018607731,559.1518343617156,577.1230291659344,593.4900300269142,608.3960435308902,621.9714921680453,634.3351555520727,645.5952097701389
584,0.38828125,84.14865194596885,146.82165739568208,203.831632791746,255.7427920859187,303.0182778488035,346.07302041551554,385.28397607974256,420.994321105693,453.51657669264307,483.135360772976,510.10988129506075,534.676205117789,557.0493240668611,577.4250364801302,595.9816607522446,612.8815958874104,628.2727427236309,642.2897982700871,655.0554344875733,666.681371829795
585,0.3875,86.69006373383544,151.25681796199902,209.99001686313866,263.4707811846862,312.17614943052604,356.53351614620493,396.9311708256273,433.7226138328127,467.229772810492,497.7458356396088,525.5378176599677,550.8488980951506,573.9005477597959,594.8944668551395,614.0143498136348,631.4274926226263,647.2862566808702,661.7294019895004,674.8833013380067,686.8630461060555
586,0.38671875,89.09409349128684,155.4504416795626,215.81095644196313,270.77300600033584,320.8269488255317,366.4120986369007,407.9275639586427,445.73668842626915,480.1703592911065,511.52992086717256,540.0898142934108,566.0999797349704,589.7880438351064,611.3613118190665,631.0085817285701,648.9017966764887,665.1975495872058,680.0384535948941,693.554390095044,705.8636453730971
587,0.38593750000000004,91.36436517880465,159.4124779158302,221.31246347884132,277.676785695363,329.00821091110345,375.7571829177176,418.3329307730172,457.10801780251387,492.42173165938414,524.5830701822601,553.8734471399223,580.5491547071659,604.8436059501252,626.9693771468847,647.120067822479,665.4719947627423,682.1857348202849,697.4075300056637,711.2705671539157,723.8961433605992
588,0.38515625000000003,93.49024032436651,163.12082230013198,226.45973378482554,284.13381429651315,336.6576149831606,384.4921244331182,428.0561427642855,467.7309408491165,503.8637319610421,536.7707289078141,566.739913998078,594.0335597390236,618.8905241975312,641.5283413806148,662.145124974378,680.9213021139132,698.0211923625548,713.5944457220927,727.7773522607403,740.6940348214096
589,0.384375,95.47537493161937,166.58530693538222,231.2704451667585,290.1708204900706,343.8118273710468,392.6641817116207,437.15552910024684,477.6751988471138,514.5777467946301,548.186075664692,578.7942626456016,606.6701327369,632.057602187067,655.178812747613,676.236075430727,695.4136407691386,712.8793110596413,728.7859086916097,743.2726134045216,756.4661801729139
590,0.38359375,97.30998873807268,169.78550881008323,235.71231156671578,295.7428431480503,350.4126750001418,400.2016284323358,445.5456131142008,486.84147649339775,524.4506171801654,558.7021669188814,589.895873681207,618.3047253191685,644.1773386838805,667.7401353946533,689.1993233452438,708.7427012997003,726.5413023755812,742.7508908002891,757.5133250411878,770.9577992400759
591,0.3828125,98.997747250055,172.73108214441484,239.80256765819482,300.8758556892772,356.49572959172747,407.1502752576327,453.28291822879345,495.2973534553936,533.561219014398,568.4093317083141,600.1466190613214,629.0507876675405,655.3747531330341,679.3488531049924,701.1828627681151,721.0678304362456,739.1777492934227,755.67107990701,770.6921368315684,784.3723514340637
592,0.38203125000000004,100.5297887131799,175.4034112007076,243.51164456857268,305.52851903133126,362.00732435697955,413.44375631787125,460.2881466071405,502.9504725511574,541.8040899543545,577.1890202910882,609.4149291501278,638.7638366674661,665.4925856729116,689.835089433517,712.0043787104771,732.1944660549898,750.5820436628135,767.328029648725,782.5789762746327,796.4683524563941
593,0.38125000000000003,101.90976553739371,177.8119127949337,246.8562275805155,309.7258911908242,366.9817170976409,419.12615197132055,466.6156674410563,509.8658351834012,549.2551088988754,585.1281552136791,617.7988720082963,647.5531353179437,674.6513007974735,699.3304818815872,721.8066245937455,742.2763971525426,760.918910903445,777.8972876297338,793.3600869538527,807.4426063171302
594,0.38046875,103.12978911208914,179.93989323548567,249.80964730866344,313.43051000012775,371.37007818432636,424.1368659672954,472.1928506210635,515.958611704146,555.8171603524789,592.1173114249475,625.1767389361107,655.2847565580272,682.704849577764,707.6769807570624,730.4196903190948,751.1320084503352,769.9951970586196,787.1743360324302,802.8197678848102,817.0684134254411
595,0.3796875,104.19347623250543,181.79647387631783,252.38793677452142,316.66636358261593,375.2051402884756,428.51797658986806,477.07157590396264,521.2908244960893,561.5626583974102,598.2394690734614,631.6421894762299,662.0631025612265,689.7683988529222,715.0005056903792,737.9802085567965,758.908583050574,777.9687543976196,795.327499897115,811.1367083199293,825.5347090280527
596,0.37890625,105.09396006771082,183.3669859940287,254.56749050560163,319.40009765214927,378.44321199101813,432.2150308033143,481.1863286964272,525.7856944481705,566.4034331349645,603.3950024406332,637.0841262396035,667.7656280250221,695.708011066822,721.1558081712332,744.3317216502775,765.4385722384436,784.661074015727,802.1674508719265,818.1109086596501,832.630975920097
597,0.37812500000000004,105.83479949949168,184.6601992443764,256.3635904133437,321.65448254411433,381.11529902529577,435.26784539090795,484.5861794643073,529.5018825344748,570.4079873739132,607.6624376769353,641.5912228086756,672.4912306233423,700.6328453619451,726.2623136227668,749.6038991328426,770.8618451724716,790.2221618201096,807.854253653347,823.9124021467156,838.5371157363669
598,0.37734375000000003,106.41019181290001,185.66356030973972,257.75584047373894,323.40047749414845,383.1831175547062,437.6284462529868,487.213133049711,532.3711335496447,573.4976404091083,610.9525626220508,645.0636780574462,676.1295023446736,704.4219013246069,730.1884702219193,753.6547004036946,775.0259526951829,794.4892545248315,812.2149366275535,828.3581236305091,843.0600915665772
599,0.3765625,106.82361603458594,186.3854330798448,258.7586772701055,324.6594946629716,384.6757552138482,439.33414318832797,489.1131480918089,534.4483853947521,575.7365614332624,613.3389652885362,647.5846329060317,678.7732266263258,707.17765739823,733.046472887104,756.6060324033897,778.0624876815623,797.6035868386568,815.4003172951369,831.6084020326186,846.3696622801957
600,0.37578125,107.07036934123124,186.81545703819745,259.35503997514587,325.4069858539224,385.5605717811195,440.34373680955247,490.23610642751737,535.6743275861148,577.0560440274274,614.7433970969092,649.0661977985374,680.3248134498201,708.792796319279,734.7192775431567,758.3311473143589,779.8350404311392,799.4191445841262,817.254847207743,833.4982353088086,848.2914613981712
601,0.375,107.15382945499418,186.96153874233093,259.5584308377196,325.66287303996234,385.8645574574348,440.691799903624,490.62457151903277,536.0998362413627,577.5155281438448,615.2340542272415,649.5854684013319,680.8703599751025,709.3624840184348,735.3111568847795,758.9434378875833,780.4661162215227,800.0675205126556,817.9191668300298,834.1772595783965,848.9840584047666
602,0.37421875000000004,107.07042243866842,186.8155743529248,259.3552294129359,325.40725193995206,385.56091687404006,440.3441618033991,490.2366111932526,535.6749112673768,577.05670524772,614.7441341094332,649.0670085969997,680.325695851681,708.7937480289653,734.7202962003865,758.3322305312034,779.8361858204489,799.4203497812596,817.2561098870588,833.4995531960385,848.29283227953
603,0.37343750000000003,106.82340388513077,186.38496434875216,258.75792036933007,324.65843151349503,384.6743763945909,439.33244513128915,489.11113131749073,534.4460533301507,575.7339195837419,613.3360206389337,647.5813934777328,678.7697011445082,707.1738550391932,733.0424030851243,756.6017047026011,778.0579116223707,797.5987718709267,815.395272712316,831.6031369223407,846.3641854879133
604,0.37265625,106.41035077780293,185.6639115305371,257.7564076189968,323.40127411149285,383.1841507055479,437.62971861392043,487.2146442344245,532.3728809943376,573.4996199927855,610.954769115093,645.0661054533522,676.132144109288,704.4247505853716,730.1915199125484,753.6579433751319,775.0293818007041,794.4928626850967,812.2187168799838,828.3620691663264,843.0641957580787
605,0.371875,105.83437650847362,184.65926467188527,256.3620812780186,321.65236279937034,381.1125498870554,435.26445974516986,484.5821583488757,529.4972327822254,570.4027199616457,607.6565665312762,641.584763922958,672.484201394145,700.625264085309,726.2541991090945,749.5952704115749,770.8527212656145,790.2125615691431,807.844195587881,823.9019043859993,838.5261959167791
606,0.37109375,105.0942239198872,183.36756895521685,254.56843186120463,319.4014198887006,378.44492682914733,432.2171426856794,481.18883698183487,525.7885948812069,566.4067188755641,603.3986648086224,637.0881552653302,667.7700128630262,695.712740309957,721.160870090799,744.3371043801897,765.4442639164862,784.6670628915277,802.173725388913,818.1174575165262,832.637788116119
607,0.37031250000000004,104.19284500764789,181.79507922400538,252.3856847083361,316.6632003106237,375.20103777940403,428.5129242275829,477.0655752371873,521.2838857214753,561.5547978955458,598.2307076269316,631.6325509517438,662.0526129195425,689.7570853970543,714.9883964909164,737.9673320111931,758.894967545187,777.9544280494068,795.3124903576298,811.1210426283449,825.5184135029581
608,0.36953125000000003,103.13015622461981,179.94070434246987,249.8109570700797,313.4323497027516,371.3724641357363,424.13980434882916,472.19634054061953,515.9626472409618,555.8217319896245,592.1224070852501,625.1823447482748,655.2908574321954,682.7114296425715,707.6840236937463,730.427179617738,751.1399276063995,770.0035297231766,787.1830661261929,802.8288796836663,817.0778916234506
609,0.36875,101.90892997019371,177.8100666607675,246.85324646730044,309.7217038928871,366.9762865093265,419.1194640398218,466.6077242164912,509.85665016336503,549.2447037667952,585.1165574800132,617.7861132660333,647.5392499320146,674.6363249095822,699.3144526494925,721.7895796078809,742.2583739886466,760.8999467806404,777.8774191510712,793.3393499117543,807.4210355501575
610,0.36796875,100.53025682244431,175.4044454521284,243.51331465963116,305.5308648561101,362.01036670945155,413.447503079954,460.29259664135134,502.9556183079276,541.8099192986135,577.195517823179,609.4220771826888,638.7716159593357,665.5009759864162,689.844069960497,712.0139283990248,732.2045638600491,750.5926687377415,767.3391614906939,782.5905948336948,796.4804382158089
611,0.3671875,98.99671249177695,172.72879590972215,239.79887587629486,300.87067017971714,356.4890044032226,407.1419929873546,453.27308141564515,495.2859788147428,533.5483333988801,568.3949691867118,600.1308187581873,629.0335921401734,655.3562071390686,679.3290026603305,701.1617544244722,721.0455107271301,739.154264310706,755.6464749796155,770.6664562845358,784.3456384111718
612,0.36640625000000004,97.3105549577008,169.78675982864206,235.71433168938228,295.74568063020007,350.41635499392345,400.2061604716638,445.5509958232588,486.8477007404074,524.4576682867956,558.710026258003,589.9045198585164,618.3141350609022,644.1874875109032,667.7509981377698,689.2108745404154,708.754915491166,726.5541543475684,742.7643557528875,757.5273787222744,770.9724180424777
613,0.36562500000000003,95.47414736152376,166.58259469465915,231.26606547569284,290.16466873703183,343.8038490424072,392.65435616183765,437.1438593413942,477.6617047093319,514.5624601342774,548.1690368989076,578.7755181893682,606.6497330775885,632.0356004223805,655.155263467973,676.2110338621995,695.3871621161784,712.8514500027612,728.7567190061958,743.2421476750035,756.4344895823372
614,0.36484375,93.49090116300611,163.12228237186866,226.46209148264086,284.1371259394998,336.661909926551,384.49741380405885,428.06242495715134,467.7382052062823,503.8719613514891,536.7799015918705,566.7500050064908,594.0445419090113,618.9023689595107,641.5410193596193,662.1586064513172,680.9355573793417,698.0361919871054,713.6101607617371,727.7937544107591,740.7110965297926
615,0.3640625,91.36295236481048,159.4093563898299,221.30742287896135,277.669705623688,328.9990286277342,375.7458746617003,418.3195000110715,457.0924873573615,492.4041381947849,524.5634602146188,553.8518740885875,580.5256766784104,604.8182840544556,626.9422742127706,647.0912474099428,665.4415204069167,682.1536694532788,697.3739355178535,711.2355040649833,723.8596705773498
616,0.36328125,89.0948448741506,155.45210180144136,215.81363717687205,270.77677138377896,320.83183223481444,366.418112723816,407.93470689770453,445.7449480997872,480.1797162210829,511.5403503355267,540.101287909993,566.1124666155579,589.8015114959175,611.3757268605757,631.0239103599624,648.9180051178972,665.2146043771952,680.0563218238444,693.5730395802159,705.8830447875703
617,0.36250000000000004,86.68847438587264,151.25330639466145,209.98434642918684,263.46281644212655,312.165819799971,356.5207948978009,396.9160618594184,433.7051428234716,467.20998100323243,497.7237753634214,525.5135490093348,550.8224864371214,573.8720618410307,594.8639773549123,613.9819282341626,631.3932104381059,647.250184687101,661.6916098103579,674.8438570553749,686.8220159873845
618,0.36171875000000003,84.14948923995581,146.82350733109783,203.8346200337268,255.7469879914858,303.02371961152113,346.0797221338377,385.2919357196328,421.0035251641892,453.5270034649609,483.1469827151382,510.12266677117924,534.6901197127393,557.0643315830625,577.4410996995394,595.9987420207704,612.8996575631361,628.2917475194536,642.3097095137839,655.0762163168821,666.7029893360962
619,0.3609375,81.4795331358496,142.16472946948116,197.36664665789533,247.631591388291,293.40800488898213,335.097645879668,373.06550419977077,407.64386186353494,439.1353189163339,467.81545792723057,493.9352581488724,517.7232923985691,539.3877275324153,559.1181462613512,577.0872062972651,593.4521513626539,608.356187294156,621.9297352870548,634.2915732512499,645.5498752690929
620,0.36015625,78.68532402239329,137.28969711500986,190.59889467725287,239.1404393750438,283.34736499265955,323.60763497515023,360.2737116365466,393.666475499035,424.078145919966,451.7748532836022,476.99896975803426,499.97123041796397,520.8926648210928,539.9463561371449,557.2990432433947,573.1025798048604,587.4952631043371,600.603044248326,612.5406303375521,623.4124882458303
621,0.359375,75.76824346968372,132.19965971325485,183.53211587992286,230.27363522896013,272.8412320611759,311.60850844476744,346.9148736510419,379.06932094073284,408.35324156142264,435.0229026283525,459.3116921709868,481.4321621003882,501.5778885166224,519.9251658672824,536.6345498285552,551.852262426287,565.7114717018047,578.3334571264365,589.8286709671822,600.2977048943295
622,0.35859375000000004,72.73603761703176,126.90945026343014,176.18806375552433,221.0595104288054,261.9240796473701,299.14039913764924,333.03428031913273,363.9023411057936,392.0147055853798,417.6173816509254,440.93441547715713,462.1698522287042,481.5095215636709,499.1226637355083,515.163410539556,529.772134061142,543.0766750243153,555.193461487573,566.2285276741986,576.2784418514668
623,0.35781250000000003,69.58981738733617,121.41953509469252,168.5660485778696,211.49596553583189,250.59230231001735,286.19820093612094,318.6253975463101,348.1576916016108,375.0535306812126,399.5482864745677,421.85631687316356,442.1728424286204,460.6756550239658,477.5266739295684,492.87336290679485,506.8500207774415,519.578956762278,531.1715608804182,541.729278781014,551.3444995412008
624,0.35703125,66.33830935286505,115.74676444991472,160.69097483315937,201.6156760921055,238.88594525360074,272.8288632662536,303.7415819192668,331.8946277703321,357.53436423277986,380.88515998796527,402.1513538980979,421.51904321145963,439.1577119849381,455.2217141332873,469.85162409615435,483.1754669386057,495.3098386453809,506.3609264092867,516.4254378399272,525.5914472225631
625,0.35625,62.98234694011975,109.89081866677688,152.56071553329951,191.41435288666742,226.79838768580768,259.023386349144,288.37148991278514,315.09955432000635,339.44149006634854,361.6103222707557,381.8000570990734,400.18738014387844,416.9332029250965,432.1840712497426,446.07344780125277,458.7228802004904,470.2430647706619,480.7348153221675,490.2899454401596,498.9920719992434
626,0.35546875,59.53158335209645,103.87046134444819,144.20317261662007,180.92881406928683,214.37499957074806,244.83524672896462,272.576215663258,297.84067368885826,320.84970463232406,341.80465465581574,360.8888954920079,378.26942912143335,394.09834907420947,408.514171283197,421.643046144199,433.5998623849343,444.4892523978263,454.40650783064655,463.4384134447557,471.6640065361513
627,0.35468750000000004,55.98656938053539,97.68458879993976,135.6147949466886,170.15260710118125,201.60618558438043,230.2516064521837,256.3396761513323,280.0987235050545,301.73667978926704,321.4429101817251,339.3898730101228,355.734629582579,370.62021898290516,384.17691005114636,396.5233415509977,407.767560520902,418.00796790686974,427.3341797599324,435.8278115399663,443.5631923932168
628,0.35390625000000003,52.357825343963135,91.35376230489878,126.82630988924649,159.12646574369717,188.54236072953586,215.33213948040745,239.73032639744355,261.95043281219364,282.1868999091486,300.61680996524564,317.40143703593174,332.6876582112637,346.60923878741625,359.28800271858444,370.8348985976019,381.3509704876417,390.92824209532887,399.6505220187122,407.59413711400464,414.8286003967338
629,0.353125,48.64561600355063,84.87610096024945,117.83276405347254,147.84181391229077,175.171014308825,200.06024883574756,222.72744304528703,243.37099091751097,262.1715625432642,279.2936956598377,294.88723749385224,309.08865673379273,322.0222381438558,333.8011704464142,344.52853703800633,354.2982182287448,363.19571291290157,371.29888686939296,378.6786542463769,385.3995981978407
630,0.35234375,44.86126393208933,78.27383694303718,108.66752078809016,136.343049842701,161.5472955385434,184.50143798742866,205.40641995137952,224.44518040991457,241.7843191109091,257.5755626749695,271.95709317215096,285.0547572559493,296.9831672810801,307.8467041378997,317.74043058131656,326.7509230397201,334.95702917719467,342.4305578341994,349.2369073813565,355.43563798287363
631,0.3515625,41.00474622783886,71.54432373446433,99.32425498718567,124.6195267790291,147.65585548055515,168.63545325908393,187.74202118883588,205.1427952418666,220.99007043277336,235.42254262853308,248.56652409672895,260.53704953138345,271.43888312019385,281.36743562176304,290.4095995220675,298.64450959957117,306.1442355677033,312.9744128648531,319.1948171181629,324.8598873127469
632,0.35078125000000004,37.088117910427854,64.71132734820725,89.83876028632106,112.71903370151367,133.55623755135593,152.53322377687832,169.81611462204856,185.55614883472109,199.89105758332317,212.94627638707536,224.83604339224559,235.6643989293181,245.5260957882854,254.50742825278053,262.68698714630455,270.13634749000397,276.92069478336396,283.0993953838815,288.72651597389296,293.8512966580736
633,0.35000000000000003,33.111068556398344,57.77145196241139,80.20337886086787,100.628918823688,119.23034920336747,136.1709640366131,151.5991073414302,165.64982601649177,178.44610105075265,190.0999313347504,200.71331541991393,210.3791447786781,219.18201711620168,227.19897698827756,234.50019024926274,241.1495582537595,247.20527720061483,252.72034752339587,257.7430377916164,262.31730718707735
634,0.34921875,29.086311309011126,50.74985090200521,70.45611395355795,88.40006723533143,104.74176094831755,119.62459151973825,133.17883647663353,145.52310189803032,156.76540121446746,167.0041054921075,176.32880463728782,184.82109121426237,192.5552742658575,199.59902943604254,206.01399107836264,211.85629152292586,217.1770522143471,222.02283101383384,226.43602957636747,230.45526436547607
635,0.3484375,25.0132501369646,43.642399978462684,60.588022234101686,76.01790012190152,90.06974817578181,102.86693553979231,114.52153458552586,125.13557052924455,134.80195211558143,143.60529074824663,151.62264240754342,158.92418263751773,165.57382108782102,171.6297611061438,177.1450093194112,182.1678396852742,186.7422160890888,190.90817719430996,194.70218692104774,198.1574536248204
636,0.34765625,20.905177926397574,36.475484749357086,50.63908224978094,63.53608495923167,75.28151655939203,85.97843387701143,95.7204665179298,104.59285664643826,112.67323401648314,120.03229875084986,126.73444016439667,132.83830000987246,138.39728544299302,143.46003622522773,148.0708502438932,152.27007106358874,156.094440893362,159.57742205344226,162.74948975115888,165.63839872555877
637,0.34687500000000004,16.76121671288591,29.244278086468857,40.599120303229014,50.93820578791719,60.353837199962356,68.92869817895445,76.73789848663867,83.84981263749074,90.32670431852948,96.22527578921284,101.5971653829919,106.48940005997447,110.9448073900775,115.00239066990932,118.6976704954935,122.06299580253871,125.1278271109459,127.91899446239101,130.4609323153928,132.77589345863717
638,0.34609375000000003,12.595157170383022,21.976235104277087,30.509843765234518,38.280381592003394,45.35713658769298,51.80219059896843,57.67194805281845,63.017761652519575,67.88639886219124,72.32045297149,76.3587157222729,80.0365165098931,83.3860313300957,86.43656418155977,89.21480337417913,91.74505497556302,94.04945543126384,96.14816521420819,98.05954519429179,99.80031726888909
639,0.3453125,8.405844814288843,14.665855495726415,20.35991129559125,25.54446047708498,30.265824748539856,34.56549247294828,38.48114772555448,42.0470927674391,45.29456235168493,48.252000005227806,50.94530804718515,53.398074916894934,55.63178205834348,57.66599224877658,59.51852105704169,61.205592954969156,62.741983463111595,64.14114858524388,65.41534267173715,66.57572574860683
640,0.34453125,4.207483082278902,7.341494662289702,10.1925019487832,12.78866694321978,15.153114786539156,17.306569590089246,19.267862849963247,21.05414120194092,22.681021483360272,24.1627275489695,25.512214403651964,26.741281267909606,27.86067460181748,28.88018197238091,29.808717569776856,30.654400109644993,31.424623795502683,32.1261229569609,32.765030925618525,33.346933661123735
641,0.34375,-0.0013519126404198064,-0.0029869707015694525,-0.004823335101372332,-0.0067749265330956316,-0.008786576512190794,-0.010820988201494523,-0.012852107708189278,-0.014861412182683654,-0.016835655104241606,-0.018765405846040646,-0.020644056019710796,-0.022467117614730997,-0.024231712806824107,-0.025936194727177637,-0.027579860599569978,-0.029162731726384575,-0.03068538289286787,-0.03214880895657521,-0.033554319833899206,-0.03490345744736641
642,0.34296875000000004,-4.206131537987521,-7.338508535259333,-10.187680031111496,-12.7818940895064,-15.14433100587261,-17.295752175220585,-19.25501513478315,-21.039285030978462,-22.664191936231816,-24.14396912548291,-25.491578202719914,-26.718822868395343,-27.836452453590294,-28.854256166566174,-29.78114889579856,-30.6252493321897,-31.393951101972934,-32.09398753822801,-32.73149066167673,-33.31204488969216
643,0.34218750000000003,-8.408540304414196,-14.671811021147922,-20.369528227926484,-25.557968560075967,-30.283343729105912,-34.58706773428463,-38.506772703696384,-42.07672396691179,-45.32812986562793,-48.28941512365514,-50.98646888406193,-53.442870637820626,-55.68009609099824,-57.717704737244176,-59.57351074417557,-61.26373862608704,-62.803165049550344,-64.20524800191555,-65.48224444530581,-66.64531748007137
644,0.34140625,-12.593813958482858,-21.973267387085496,-30.505051575484256,-38.27365049438603,-45.34840696137186,-51.79143987690891,-57.65917954856284,-63.002997076103576,-67.86967307711225,-72.3018102033287,-76.33820675499892,-80.01419657977696,-83.36195852668611,-86.41079822551832,-89.18740468013915,-91.71608393355476,-94.01897185757728,-96.11622793473371,-98.026211732115,-99.76564361432179
645,0.340625,-16.763887248935404,-29.250178477488642,-40.60864820530863,-50.95158881821228,-60.37119399714803,-68.95007370641473,-76.7632862414845,-83.87916952718646,-90.35996108361775,-96.26234454113671,-101.63794517907795,-106.53378109197942,-110.99267416491709,-115.05362444126409,-118.75215112875345,-122.1206032051375,-125.18844232570397,-127.98250049732245,-130.52721476607078,-132.84484096649803
646,0.33984375,-20.90385132790881,-36.472553738340665,-50.63434933259033,-63.52943711636363,-75.27289490787783,-85.9678161293806,-95.70785594715333,-104.57827469439451,-112.6567151157643,-120.01388658027327,-126.71418487998771,-132.81625616482876,-138.3735104084441,-143.43458898319176,-148.0437904617334,-152.24145838433267,-156.06433439336286,-159.54587983087904,-162.71656861750046,-165.60415397844446
647,0.33906250000000004,-25.015879253863975,-43.64820885657469,-60.59740236242655,-76.03107558785432,-90.08683577855744,-102.88797954596622,-114.54652859358352,-125.16447211545511,-134.83469309505742,-143.64178459585196,-151.66278974641048,-158.96787536263508,-165.62094549743628,-171.6802002956633,-177.19864501742842,-182.22455366172787,-186.8018912316569,-190.97069832535414,-194.7674414103325,-198.22533184071597
648,0.0,-29.085009502515966,-50.74697466717545,-70.4514694881022,-88.39354363253624,-104.73330042632632,-119.61417220827126,-133.16646158811855,-145.50879247417828,-156.74919104483666,-166.98603743958748,-176.30892792083102,-184.79945936772577,-192.53194358828276,-199.57405780717943,-205.9874370504327,-211.82821362421396,-217.1475084170079,-221.99187833009157,-226.40372375575407,-230.4216596719641
649,0.0,-33.11364004442457,-57.77713351329529,-80.2125533829804,-100.64180549331226,-119.24706226032349,-136.1915467779666,-151.623553506716,-165.67809411252708,-178.4781243877623,-190.13562528460596,-200.75258278434555,-210.42187982248075,-219.22810863000782,-227.2483106299947,-234.5526503398682,-241.2050291546042,-247.26364436623481,-252.78149830056006,-257.8068620186257,-262.3836976350853
