$MeshFormat
4.1 0 8
$EndMeshFormat
$Entities
13 12 2 0
1 0 0 0 0 
2 11.01867865790384 0 0 0 
3 0 11.01867865790384 0 0 
4 -11.01867865790384 0 0 0 
5 0 -11.01867865790384 0 0 
6 2.203735731580768 0 0 0 
7 0 2.203735731580768 0 0 
8 -2.203735731580768 0 0 0 
9 0 -2.203735731580768 0 0 
10 1.203735731580768 0 0 0 
11 0 1.203735731580768 0 0 
12 -1.203735731580768 0 0 0 
13 0 -1.203735731580768 0 0 
1 8.881784197001252e-16 0 0 11.01867865790384 11.01867865790384 0 1 3 2 2 -3 
2 -11.01867865790384 8.881784197001252e-16 0 0 11.01867865790384 0 1 3 2 3 -4 
3 -11.01867865790384 -11.01867865790384 0 -8.881784197001252e-16 0 0 1 3 2 4 -5 
4 0 -11.01867865790384 0 11.01867865790384 -8.881784197001252e-16 0 1 3 2 5 -2 
5 2.220446049250313e-16 0 0 2.203735731580768 2.203735731580768 0 1 2 2 6 -7 
6 -2.203735731580768 2.220446049250313e-16 0 0 2.203735731580768 0 1 2 2 7 -8 
7 -2.203735731580768 -2.203735731580768 0 -2.220446049250313e-16 0 0 1 2 2 8 -9 
8 0 -2.203735731580768 0 2.203735731580768 -2.220446049250313e-16 0 1 2 2 9 -6 
9 1.110223024625157e-16 0 0 1.203735731580768 1.203735731580768 0 1 1 2 10 -11 
10 -1.203735731580768 1.110223024625157e-16 0 0 1.203735731580768 0 1 1 2 11 -12 
11 -1.203735731580768 -1.203735731580768 0 -1.110223024625157e-16 0 0 1 1 2 12 -13 
12 0 -1.203735731580768 0 1.203735731580768 -1.110223024625157e-16 0 1 1 2 13 -10 
1 -2.203735731580768 -2.203735731580768 0 2.203735731580768 2.203735731580768 0 1 101 8 9 10 11 12 -8 -7 -6 -5 
2 -11.01867865790384 -11.01867865790384 0 11.01867865790384 11.01867865790384 0 1 102 8 5 6 7 8 -4 -3 -2 -1 
$EndEntities
$Nodes
26 4466 1 4466
0 2 0 1
1
11.01867865790384 0 0
0 3 0 1
2
0 11.01867865790384 0
0 4 0 1
3
-11.01867865790384 0 0
0 5 0 1
4
0 -11.01867865790384 0
0 6 0 1
5
2.203735731580768 0 0
0 7 0 1
6
0 2.203735731580768 0
0 8 0 1
7
-2.203735731580768 0 0
0 9 0 1
8
0 -2.203735731580768 0
0 10 0 1
9
1.203735731580768 0 0
0 11 0 1
10
0 1.203735731580768 0
0 12 0 1
11
-1.203735731580768 0 0
0 13 0 1
12
0 -1.203735731580768 0
1 1 0 9
13
14
15
16
17
18
19
20
21
10.88302043845914 1.723701105826066 0
10.47938613564297 3.40495896983199 0
9.817714565670661 5.002375443043396 0
8.914298278672483 6.476616830182429 0
7.791382381168027 7.791382416270553 0
6.47661680002622 8.914298300582253 0
5.002375415869556 9.817714579516426 0
3.404958950977558 10.47938614176915 0
1.723701096009372 10.88302044001396 0
1 2 0 9
22
23
24
25
26
27
28
29
30
-1.723701105826066 10.88302043845914 0
-3.40495896983199 10.47938613564297 0
-5.002375443043396 9.817714565670661 0
-6.476616830182429 8.914298278672483 0
-7.791382416270553 7.791382381168027 0
-8.914298300582253 6.47661680002622 0
-9.817714579516426 5.002375415869556 0
-10.47938614176915 3.404958950977558 0
-10.88302044001396 1.723701096009372 0
1 3 0 9
31
32
33
34
35
36
37
38
39
-10.88302043845914 -1.723701105826066 0
-10.47938613564297 -3.40495896983199 0
-9.817714565670661 -5.002375443043396 0
-8.914298278672483 -6.476616830182429 0
-7.791382381168027 -7.791382416270553 0
-6.47661680002622 -8.914298300582253 0
-5.002375415869556 -9.817714579516426 0
-3.404958950977558 -10.47938614176915 0
-1.723701096009372 -10.88302044001396 0
1 4 0 9
40
41
42
43
44
45
46
47
48
1.723701105826066 -10.88302043845914 0
3.40495896983199 -10.47938613564297 0
5.002375443043396 -9.817714565670661 0
6.476616830182429 -8.914298278672483 0
7.791382416270553 -7.791382381168027 0
8.914298300582253 -6.47661680002622 0
9.817714579516426 -5.002375415869556 0
10.47938614176915 -3.404958950977558 0
10.88302044001396 -1.723701096009372 0
1 5 0 50
49
50
51
52
53
54
55
56
57
58
59
60
61
62
63
64
65
66
67
68
69
70
71
72
73
74
75
76
77
78
79
80
81
82
83
84
85
86
87
88
89
90
91
92
93
94
95
96
97
98
2.202690543161677 0.06786417104733215 0
2.199555969328641 0.1356639688221017 0
2.194334983415652 0.2033350810953585 0
2.187032537844436 0.2708133177219061 0
2.177655559415533 0.3380346715833228 0
2.166212942768575 0.4049353790763808 0
2.152715541917916 0.4714519808324842 0
2.137176159974654 0.5375213817903585 0
2.119609536972434 0.6030809111730584 0
2.100032335937538 0.668068381726414 0
2.078463126984565 0.732422149044774 0
2.05492236986483 0.7960811695266595 0
2.029432394372976 0.858985058842929 0
2.00201737933553 0.9210741487439095 0
1.972703329536405 0.9822895440153098 0
1.941518051122439 1.042573178156597 0
1.908491125250136 1.101867868434003 0
1.873653879821342 1.160117370474322 0
1.837039360267301 1.217266430767943 0
1.79868229762043 1.273260840076657 0
1.758619075760552 1.3280474844737 0
1.716887697176657 1.381574395365396 0
1.67352774667609 1.433790799158325 0
1.628580353672669 1.48464716558421 0
1.582088153570443 1.534095254206169 0
1.534095247157793 1.582088160405005 0
1.484647158592995 1.628580360046003 0
1.433790792343727 1.673527752514481 0
1.381574388675453 1.716887702560034 0
1.328047478049913 1.758619080611571 0
1.273260833858395 1.798682302022246 0
1.217266424655299 1.837039364317686 0
1.160117364464052 1.873653883542743 0
1.101867862822604 1.908491128489879 0
1.042573172753715 1.941518054023726 0
0.9822895387438589 1.972703332161275 0
0.9210741437284249 2.00201738164302 0
0.8589850541167449 2.029432396373398 0
0.7960811652245555 2.054922371531474 0
0.7324221449607877 2.078463128423707 0
0.668068378108858 2.100032337088365 0
0.6030809077480797 2.119609537946924 0
0.5375213788549879 2.137176160712929 0
0.4714519781450693 2.15271554250647 0
0.4049353769156858 2.166212943172479 0
0.338034669728477 2.177655559703458 0
0.2708133163773014 2.187032538010935 0
0.203335079977016 2.194334983519281 0
0.1356639680970239 2.199555969373363 0
0.06786417063898079 2.202690543174258 0
1 6 0 50
99
100
101
102
103
104
105
106
107
108
109
110
111
112
113
114
115
116
117
118
119
120
121
122
123
124
125
126
127
128
129
130
131
132
133
134
135
136
137
138
139
140
141
142
143
144
145
146
147
148
-0.06786417104733215 2.202690543161677 0
-0.1356639688221017 2.199555969328641 0
-0.2033350810953585 2.194334983415652 0
-0.2708133177219061 2.187032537844436 0
-0.3380346715833228 2.177655559415533 0
-0.4049353790763808 2.166212942768575 0
-0.4714519808324842 2.152715541917916 0
-0.5375213817903585 2.137176159974654 0
-0.6030809111730584 2.119609536972434 0
-0.668068381726414 2.100032335937538 0
-0.732422149044774 2.078463126984565 0
-0.7960811695266595 2.05492236986483 0
-0.858985058842929 2.029432394372976 0
-0.9210741487439095 2.00201737933553 0
-0.9822895440153098 1.972703329536405 0
-1.042573178156597 1.941518051122439 0
-1.101867868434003 1.908491125250136 0
-1.160117370474322 1.873653879821342 0
-1.217266430767943 1.837039360267301 0
-1.273260840076657 1.79868229762043 0
-1.3280474844737 1.758619075760552 0
-1.381574395365396 1.716887697176657 0
-1.433790799158325 1.67352774667609 0
-1.48464716558421 1.628580353672669 0
-1.534095254206169 1.582088153570443 0
-1.582088160405005 1.534095247157793 0
-1.628580360046003 1.484647158592995 0
-1.673527752514481 1.433790792343727 0
-1.716887702560034 1.381574388675453 0
-1.758619080611571 1.328047478049913 0
-1.798682302022246 1.273260833858395 0
-1.837039364317686 1.217266424655299 0
-1.873653883542743 1.160117364464052 0
-1.908491128489879 1.101867862822604 0
-1.941518054023726 1.042573172753715 0
-1.972703332161275 0.9822895387438589 0
-2.00201738164302 0.9210741437284249 0
-2.029432396373398 0.8589850541167449 0
-2.054922371531474 0.7960811652245555 0
-2.078463128423707 0.7324221449607877 0
-2.100032337088365 0.668068378108858 0
-2.119609537946924 0.6030809077480797 0
-2.137176160712929 0.5375213788549879 0
-2.15271554250647 0.4714519781450693 0
-2.166212943172479 0.4049353769156858 0
-2.177655559703458 0.338034669728477 0
-2.187032538010935 0.2708133163773014 0
-2.194334983519281 0.203335079977016 0
-2.199555969373363 0.1356639680970239 0
-2.202690543174258 0.06786417063898079 0
1 7 0 50
149
150
151
152
153
154
155
156
157
158
159
160
161
162
163
164
165
166
167
168
169
170
171
172
173
174
175
176
177
178
179
180
181
182
183
184
185
186
187
188
189
190
191
192
193
194
195
196
197
198
-2.202690543161677 -0.06786417104733215 0
-2.199555969328641 -0.1356639688221017 0
-2.194334983415652 -0.2033350810953585 0
-2.187032537844436 -0.2708133177219061 0
-2.177655559415533 -0.3380346715833228 0
-2.166212942768575 -0.4049353790763808 0
-2.152715541917916 -0.4714519808324842 0
-2.137176159974654 -0.5375213817903585 0
-2.119609536972434 -0.6030809111730584 0
-2.100032335937538 -0.668068381726414 0
-2.078463126984565 -0.732422149044774 0
-2.05492236986483 -0.7960811695266595 0
-2.029432394372976 -0.858985058842929 0
-2.00201737933553 -0.9210741487439095 0
-1.972703329536405 -0.9822895440153098 0
-1.941518051122439 -1.042573178156597 0
-1.908491125250136 -1.101867868434003 0
-1.873653879821342 -1.160117370474322 0
-1.837039360267301 -1.217266430767943 0
-1.79868229762043 -1.273260840076657 0
-1.758619075760552 -1.3280474844737 0
-1.716887697176657 -1.381574395365396 0
-1.67352774667609 -1.433790799158325 0
-1.628580353672669 -1.48464716558421 0
-1.582088153570443 -1.534095254206169 0
-1.534095247157793 -1.582088160405005 0
-1.484647158592995 -1.628580360046003 0
-1.433790792343727 -1.673527752514481 0
-1.381574388675453 -1.716887702560034 0
-1.328047478049913 -1.758619080611571 0
-1.273260833858395 -1.798682302022246 0
-1.217266424655299 -1.837039364317686 0
-1.160117364464052 -1.873653883542743 0
-1.101867862822604 -1.908491128489879 0
-1.042573172753715 -1.941518054023726 0
-0.9822895387438589 -1.972703332161275 0
-0.9210741437284249 -2.00201738164302 0
-0.8589850541167449 -2.029432396373398 0
-0.7960811652245555 -2.054922371531474 0
-0.7324221449607877 -2.078463128423707 0
-0.668068378108858 -2.100032337088365 0
-0.6030809077480797 -2.119609537946924 0
-0.5375213788549879 -2.137176160712929 0
-0.4714519781450693 -2.15271554250647 0
-0.4049353769156858 -2.166212943172479 0
-0.338034669728477 -2.177655559703458 0
-0.2708133163773014 -2.187032538010935 0
-0.203335079977016 -2.194334983519281 0
-0.1356639680970239 -2.199555969373363 0
-0.06786417063898079 -2.202690543174258 0
1 8 0 50
199
200
201
202
203
204
205
206
207
208
209
210
211
212
213
214
215
216
217
218
219
220
221
222
223
224
225
226
227
228
229
230
231
232
233
234
235
236
237
238
239
240
241
242
243
244
245
246
247
248
0.06786417104733215 -2.202690543161677 0
0.1356639688221017 -2.199555969328641 0
0.2033350810953585 -2.194334983415652 0
0.2708133177219061 -2.187032537844436 0
0.3380346715833228 -2.177655559415533 0
0.4049353790763808 -2.166212942768575 0
0.4714519808324842 -2.152715541917916 0
0.5375213817903585 -2.137176159974654 0
0.6030809111730584 -2.119609536972434 0
0.668068381726414 -2.100032335937538 0
0.732422149044774 -2.078463126984565 0
0.7960811695266595 -2.05492236986483 0
0.858985058842929 -2.029432394372976 0
0.9210741487439095 -2.00201737933553 0
0.9822895440153098 -1.972703329536405 0
1.042573178156597 -1.941518051122439 0
1.101867868434003 -1.908491125250136 0
1.160117370474322 -1.873653879821342 0
1.217266430767943 -1.837039360267301 0
1.273260840076657 -1.79868229762043 0
1.3280474844737 -1.758619075760552 0
1.381574395365396 -1.716887697176657 0
1.433790799158325 -1.67352774667609 0
1.48464716558421 -1.628580353672669 0
1.534095254206169 -1.582088153570443 0
1.582088160405005 -1.534095247157793 0
1.628580360046003 -1.484647158592995 0
1.673527752514481 -1.433790792343727 0
1.716887702560034 -1.381574388675453 0
1.758619080611571 -1.328047478049913 0
1.798682302022246 -1.273260833858395 0
1.837039364317686 -1.217266424655299 0
1.873653883542743 -1.160117364464052 0
1.908491128489879 -1.101867862822604 0
1.941518054023726 -1.042573172753715 0
1.972703332161275 -0.9822895387438589 0
2.00201738164302 -0.9210741437284249 0
2.029432396373398 -0.8589850541167449 0
2.054922371531474 -0.7960811652245555 0
2.078463128423707 -0.7324221449607877 0
2.100032337088365 -0.668068378108858 0
2.119609537946924 -0.6030809077480797 0
2.137176160712929 -0.5375213788549879 0
2.15271554250647 -0.4714519781450693 0
2.166212943172479 -0.4049353769156858 0
2.177655559703458 -0.338034669728477 0
2.187032538010935 -0.2708133163773014 0
2.194334983519281 -0.203335079977016 0
2.199555969373363 -0.1356639680970239 0
2.202690543174258 -0.06786417063898079 0
1 9 0 10
249
250
251
252
253
254
255
256
257
258
1.191483437419024 0.1713094563660547 0
1.154975976284956 0.3391315462897845 0
1.094956534793632 0.5000498959074062 0
1.012646935743793 0.6507886715462957 0
0.9097227652108436 0.7882792664667916 0
0.7882792628642675 0.9097227683324485 0
0.6507886683491523 1.012646937798473 0
0.5000498931672422 1.094956536045023 0
0.3391315443518837 1.154975976853975 0
0.1713094553967138 1.191483437558394 0
1 10 0 10
259
260
261
262
263
264
265
266
267
268
-0.1713094563660547 1.191483437419024 0
-0.3391315462897845 1.154975976284956 0
-0.5000498959074062 1.094956534793632 0
-0.6507886715462957 1.012646935743793 0
-0.7882792664667916 0.9097227652108436 0
-0.9097227683324485 0.7882792628642675 0
-1.012646937798473 0.6507886683491523 0
-1.094956536045023 0.5000498931672422 0
-1.154975976853975 0.3391315443518837 0
-1.191483437558394 0.1713094553967138 0
1 11 0 10
269
270
271
272
273
274
275
276
277
278
-1.191483437419024 -0.1713094563660547 0
-1.154975976284956 -0.3391315462897845 0
-1.094956534793632 -0.5000498959074062 0
-1.012646935743793 -0.6507886715462957 0
-0.9097227652108436 -0.7882792664667916 0
-0.7882792628642675 -0.9097227683324485 0
-0.6507886683491523 -1.012646937798473 0
-0.5000498931672422 -1.094956536045023 0
-0.3391315443518837 -1.154975976853975 0
-0.1713094553967138 -1.191483437558394 0
1 12 0 10
279
280
281
282
283
284
285
286
287
288
0.1713094563660547 -1.191483437419024 0
0.3391315462897845 -1.154975976284956 0
0.5000498959074062 -1.094956534793632 0
0.6507886715462957 -1.012646935743793 0
0.7882792664667916 -0.9097227652108436 0
0.9097227683324485 -0.7882792628642675 0
1.012646937798473 -0.6507886683491523 0
1.094956536045023 -0.5000498931672422 0
1.154975976853975 -0.3391315443518837 0
1.191483437558394 -0.1713094553967138 0
2 1 0 1436
289
290
291
292
293
294
295
296
297
298
299
300
301
302
303
304
305
306
307
308
309
310
311
312
313
314
315
316
317
318
319
320
321
322
323
324
325
326
327
328
329
330
331
332
333
334
335
336
337
338
339
340
341
342
343
344
345
346
347
348
349
350
351
352
353
354
355
356
357
358
359
360
361
362
363
364
365
366
367
368
369
370
371
372
373
374
375
376
377
378
379
380
381
382
383
384
385
386
387
388
389
390
391
392
393
394
395
396
397
398
399
400
401
402
403
404
405
406
407
408
409
410
411
412
413
414
415
416
417
418
419
420
421
422
423
424
425
426
427
428
429
430
431
432
433
434
435
436
437
438
439
440
441
442
443
444
445
446
447
448
449
450
451
452
453
454
455
456
457
458
459
460
461
462
463
464
465
466
467
468
469
470
471
472
473
474
475
476
477
478
479
480
481
482
483
484
485
486
487
488
489
490
491
492
493
494
495
496
497
498
499
500
501
502
503
504
505
506
507
508
509
510
511
512
513
514
515
516
517
518
519
520
521
522
523
524
525
526
527
528
529
530
531
532
533
534
535
536
537
538
539
540
541
542
543
544
545
546
547
548
549
550
551
552
553
554
555
556
557
558
559
560
561
562
563
564
565
566
567
568
569
570
571
572
573
574
575
576
577
578
579
580
581
582
583
584
585
586
587
588
589
590
591
592
593
594
595
596
597
598
599
600
601
602
603
604
605
606
607
608
609
610
611
612
613
614
615
616
617
618
619
620
621
622
623
624
625
626
627
628
629
630
631
632
633
634
635
636
637
638
639
640
641
642
643
644
645
646
647
648
649
650
651
652
653
654
655
656
657
658
659
660
661
662
663
664
665
666
667
668
669
670
671
672
673
674
675
676
677
678
679
680
681
682
683
684
685
686
687
688
689
690
691
692
693
694
695
696
697
698
699
700
701
702
703
704
705
706
707
708
709
710
711
712
713
714
715
716
717
718
719
720
721
722
723
724
725
726
727
728
729
730
731
732
733
734
735
736
737
738
739
740
741
742
743
744
745
746
747
748
749
750
751
752
753
754
755
756
757
758
759
760
761
762
763
764
765
766
767
768
769
770
771
772
773
774
775
776
777
778
779
780
781
782
783
784
785
786
787
788
789
790
791
792
793
794
795
796
797
798
799
800
801
802
803
804
805
806
807
808
809
810
811
812
813
814
815
816
817
818
819
820
821
822
823
824
825
826
827
828
829
830
831
832
833
834
835
836
837
838
839
840
841
842
843
844
845
846
847
848
849
850
851
852
853
854
855
856
857
858
859
860
861
862
863
864
865
866
867
868
869
870
871
872
873
874
875
876
877
878
879
880
881
882
883
884
885
886
887
888
889
890
891
892
893
894
895
896
897
898
899
900
901
902
903
904
905
906
907
908
909
910
911
912
913
914
915
916
917
918
919
920
921
922
923
924
925
926
927
928
929
930
931
932
933
934
935
936
937
938
939
940
941
942
943
944
945
946
947
948
949
950
951
952
953
954
955
956
957
958
959
960
961
962
963
964
965
966
967
968
969
970
971
972
973
974
975
976
977
978
979
980
981
982
983
984
985
986
987
988
989
990
991
992
993
994
995
996
997
998
999
1000
1001
1002
1003
1004
1005
1006
1007
1008
1009
1010
1011
1012
1013
1014
1015
1016
1017
1018
1019
1020
1021
1022
1023
1024
1025
1026
1027
1028
1029
1030
1031
1032
1033
1034
1035
1036
1037
1038
1039
1040
1041
1042
1043
1044
1045
1046
1047
1048
1049
1050
1051
1052
1053
1054
1055
1056
1057
1058
1059
1060
1061
1062
1063
1064
1065
1066
1067
1068
1069
1070
1071
1072
1073
1074
1075
1076
1077
1078
1079
1080
1081
1082
1083
1084
1085
1086
1087
1088
1089
1090
1091
1092
1093
1094
1095
1096
1097
1098
1099
1100
1101
1102
1103
1104
1105
1106
1107
1108
1109
1110
1111
1112
1113
1114
1115
1116
1117
1118
1119
1120
1121
1122
1123
1124
1125
1126
1127
1128
1129
1130
1131
1132
1133
1134
1135
1136
1137
1138
1139
1140
1141
1142
1143
1144
1145
1146
1147
1148
1149
1150
1151
1152
1153
1154
1155
1156
1157
1158
1159
1160
1161
1162
1163
1164
1165
1166
1167
1168
1169
1170
1171
1172
1173
1174
1175
1176
1177
1178
1179
1180
1181
1182
1183
1184
1185
1186
1187
1188
1189
1190
1191
1192
1193
1194
1195
1196
1197
1198
1199
1200
1201
1202
1203
1204
1205
1206
1207
1208
1209
1210
1211
1212
1213
1214
1215
1216
1217
1218
1219
1220
1221
1222
1223
1224
1225
1226
1227
1228
1229
1230
1231
1232
1233
1234
1235
1236
1237
1238
1239
1240
1241
1242
1243
1244
1245
1246
1247
1248
1249
1250
1251
1252
1253
1254
1255
1256
1257
1258
1259
1260
1261
1262
1263
1264
1265
1266
1267
1268
1269
1270
1271
1272
1273
1274
1275
1276
1277
1278
1279
1280
1281
1282
1283
1284
1285
1286
1287
1288
1289
1290
1291
1292
1293
1294
1295
1296
1297
1298
1299
1300
1301
1302
1303
1304
1305
1306
1307
1308
1309
1310
1311
1312
1313
1314
1315
1316
1317
1318
1319
1320
1321
1322
1323
1324
1325
1326
1327
1328
1329
1330
1331
1332
1333
1334
1335
1336
1337
1338
1339
1340
1341
1342
1343
1344
1345
1346
1347
1348
1349
1350
1351
1352
1353
1354
1355
1356
1357
1358
1359
1360
1361
1362
1363
1364
1365
1366
1367
1368
1369
1370
1371
1372
1373
1374
1375
1376
1377
1378
1379
1380
1381
1382
1383
1384
1385
1386
1387
1388
1389
1390
1391
1392
1393
1394
1395
1396
1397
1398
1399
1400
1401
1402
1403
1404
1405
1406
1407
1408
1409
1410
1411
1412
1413
1414
1415
1416
1417
1418
1419
1420
1421
1422
1423
1424
1425
1426
1427
1428
1429
1430
1431
1432
1433
1434
1435
1436
1437
1438
1439
1440
1441
1442
1443
1444
1445
1446
1447
1448
1449
1450
1451
1452
1453
1454
1455
1456
1457
1458
1459
1460
1461
1462
1463
1464
1465
1466
1467
1468
1469
1470
1471
1472
1473
1474
1475
1476
1477
1478
1479
1480
1481
1482
1483
1484
1485
1486
1487
1488
1489
1490
1491
1492
1493
1494
1495
1496
1497
1498
1499
1500
1501
1502
1503
1504
1505
1506
1507
1508
1509
1510
1511
1512
1513
1514
1515
1516
1517
1518
1519
1520
1521
1522
1523
1524
1525
1526
1527
1528
1529
1530
1531
1532
1533
1534
1535
1536
1537
1538
1539
1540
1541
1542
1543
1544
1545
1546
1547
1548
1549
1550
1551
1552
1553
1554
1555
1556
1557
1558
1559
1560
1561
1562
1563
1564
1565
1566
1567
1568
1569
1570
1571
1572
1573
1574
1575
1576
1577
1578
1579
1580
1581
1582
1583
1584
1585
1586
1587
1588
1589
1590
1591
1592
1593
1594
1595
1596
1597
1598
1599
1600
1601
1602
1603
1604
1605
1606
1607
1608
1609
1610
1611
1612
1613
1614
1615
1616
1617
1618
1619
1620
1621
1622
1623
1624
1625
1626
1627
1628
1629
1630
1631
1632
1633
1634
1635
1636
1637
1638
1639
1640
1641
1642
1643
1644
1645
1646
1647
1648
1649
1650
1651
1652
1653
1654
1655
1656
1657
1658
1659
1660
1661
1662
1663
1664
1665
1666
1667
1668
1669
1670
1671
1672
1673
1674
1675
1676
1677
1678
1679
1680
1681
1682
1683
1684
1685
1686
1687
1688
1689
1690
1691
1692
1693
1694
1695
1696
1697
1698
1699
1700
1701
1702
1703
1704
1705
1706
1707
1708
1709
1710
1711
1712
1713
1714
1715
1716
1717
1718
1719
1720
1721
1722
1723
1724
-1.201352490150288 -1.201352495502455 0
1.201352495502455 -1.201352490150288 0
1.20135249015029 1.201352495502455 0
-1.201352495502455 1.20135249015029 0
1.591710469824349 -0.5744190725479932 0
0.574419072547993 1.591710469824349 0
-1.591710469824349 0.574419072547993 0
-0.5744190725479934 -1.591710469824348 0
1.605651358257757 0.6250965088432505 0
-0.6250965088432506 1.605651358257757 0
-1.605651358257757 -0.6250965088432506 0
0.6250965088432491 -1.605651358257757 0
0.04358721628550327 1.707613471456271 0
-1.707613471456271 0.04358721628550327 0
-0.04358721628550336 -1.707613471456271 0
1.70761347145627 -0.04358721628550311 0
1.517128713456872 0.9739921721640734 0
-0.9739921721640734 1.517128713456872 0
-1.517128713456872 -0.9739921721640734 0
0.9739921721640732 -1.517128713456871 0
1.525053715165436 -0.9770783349071172 0
0.9770783349071174 1.525053715165436 0
-1.525053715165436 0.9770783349071174 0
-0.9770783349071174 -1.525053715165436 0
0.3017765017634345 -1.803035567395231 0
0.5607107334623054 -1.879863847793346 0
0.0993153140407923 -1.940022183789578 0
-0.1511137574901839 -1.958640815264826 0
-0.3905757273997611 -1.924798007571264 0
-0.6241587254777283 -1.862236381615838 0
-0.847566269034828 -1.771970685969704 0
0.7934872880106886 -1.797077385997682 0
1.820141471495389 0.3113148108891405 0
1.879863847793349 0.5607107334623057 0
1.940022183789579 0.09931531404079193 0
1.958640815264826 -0.1511137574901839 0
1.932123713855246 -0.3897030785655972 0
1.862236381615838 -0.6241587254777283 0
1.771970685969703 -0.8475662690348278 0
1.797077385997683 0.7934872880106888 0
-0.3113148108891405 1.820141471495389 0
-0.5607107334623057 1.879863847793349 0
-0.09931531404079202 1.940022183789579 0
0.1511137574901839 1.958640815264826 0
0.3897030785655971 1.932123713855246 0
0.6241587254777283 1.862236381615838 0
0.847566269034828 1.771970685969704 0
-0.7934872880106888 1.797077385997683 0
-1.820141471495389 -0.3113148108891405 0
-1.879863847793349 -0.5607107334623057 0
-1.940022183789579 -0.09931531404079202 0
-1.958640815264826 0.1511137574901839 0
-1.932123713855246 0.3897030785655971 0
-1.862236381615838 0.6241587254777283 0
-1.771970685969704 0.847566269034828 0
-1.797077385997683 -0.7934872880106888 0
1.033534279522376 1.728778004705092 0
-1.728778004705092 1.033534279522376 0
-1.033534279522376 -1.728778004705092 0
1.728778004705092 -1.033534279522376 0
0.9847414742366559 -1.765431592079599 0
1.7654315920796 0.9847414742366554 0
-0.9847414742366554 1.7654315920796 0
-1.7654315920796 -0.9847414742366554 0
1.653142810035856 1.145814508894331 0
1.471285980333431 1.286465331176455 0
1.300929720399294 1.471955428150437 0
1.193697149116333 1.632016532492038 0
-1.145814508894331 1.653142810035856 0
-1.286465331176455 1.471285980333431 0
-1.471955428150437 1.300929720399294 0
-1.632016532492038 1.193697149116333 0
-1.653142810035856 -1.145814508894331 0
-1.47128598033343 -1.286465331176455 0
-1.300929720399294 -1.471955428150437 0
-1.193697149116333 -1.632016532492038 0
1.145814508894331 -1.653142810035855 0
1.286465331176456 -1.471285980333431 0
1.471955428150437 -1.300929720399294 0
1.632016532492039 -1.193697149116333 0
0.2733702750862181 -2.004733656017367 0
2.002289175423853 0.2793074124196336 0
-0.2793074124196336 2.002289175423853 0
-2.002289175423853 -0.2793074124196336 0
0.4580438225876269 -1.978567102584371 0
1.978567102584372 0.4580438225876272 0
-0.4580438225876272 1.978567102584372 0
-1.978567102584372 -0.4580438225876272 0
1.514871776063419 0.1725924352836288 0
-0.1725924352836284 1.514871776063419 0
-1.514871776063419 -0.1725924352836284 0
0.1725924352836277 -1.51487177606342 0
0.7063559493205656 -1.925487431871746 0
1.929493504441044 0.6971935194928005 0
-0.6971935194928005 1.929493504441044 0
-1.929493504441044 -0.6971935194928005 0
2.05520344735223 -0.04236221843969364 0
0.04236221843969364 2.05520344735223 0
-2.05520344735223 0.04236221843969364 0
-0.04236221843969369 -2.05520344735223 0
1.457877619054712 1.444396288353629 0
-1.444396288353629 1.457877619054712 0
-1.457877619054712 -1.444396288353629 0
1.447269469958041 -1.453831740537781 0
0.5362473142747048 1.985261662590841 0
-1.985261662590841 0.5362473142747048 0
-0.5362473142747048 -1.985261662590841 0
1.985261662590841 -0.5362473142747048 0
0.7614696859820251 1.90890849278673 0
-1.90890849278673 0.7614696859820251 0
-0.7614696859820251 -1.90890849278673 0
1.90890849278673 -0.7614696859820251 0
0.2805726916215501 2.036232227455701 0
-2.036232227455701 0.2805726916215501 0
-0.2805726916215501 -2.036232227455701 0
2.036232227455701 -0.2805726916215501 0
1.598141161880051 1.276595969682244 0
-1.276595969682244 1.598141161880051 0
-1.598141161880051 -1.276595969682244 0
1.276595969682245 -1.598141161880051 0
1.524826848912665 1.163402193104205 0
-1.163402193104205 1.524826848912665 0
-1.524826848912665 -1.163402193104205 0
1.163402193104206 -1.524826848912665 0
2.065115908415085 0.1620095212101741 0
-0.1620095212101741 2.065115908415085 0
-2.065115908415085 -0.1620095212101741 0
0.1620095212101743 -2.065115908415085 0
1.736016601459085 0.136040171228839 0
0.1207519225448821 -1.745869830007278 0
-0.1360401712288389 1.736016601459085 0
-1.736016601459085 -0.1360401712288389 0
0.9599675958658125 1.829297211990404 0
-1.829297211990404 0.9599675958658125 0
-0.9599675958658125 -1.829297211990404 0
1.829297211990404 -0.9599675958658125 0
0.9122155529842493 -1.868058064073688 0
1.868058064073689 0.9122155529842495 0
-0.9122155529842495 1.868058064073689 0
-1.868058064073689 -0.9122155529842495 0
1.316830891530829 1.608484184513945 0
-1.608484184513945 1.316830891530829 0
-1.316830891530829 -1.608484184513945 0
1.608484184513947 -1.316830891530828 0
0.3280572214159091 1.662469545950274 0
-1.662469545950274 0.3280572214159091 0
-0.3280572214159088 -1.662469545950274 0
1.662469545950274 -0.3280572214159094 0
1.999359464279376 0.6006175543463723 0
-0.6006175543463723 1.999359464279376 0
-1.999359464279376 -0.6006175543463723 0
0.5997908498614153 -1.991673469017034 0
1.856106920417253 0.452731253490099 0
-0.452731253490099 1.856106920417253 0
-1.856106920417253 -0.452731253490099 0
0.4504595416601072 -1.855384770054304 0
1.893459402568258 0.2099550612807451 0
-0.2099550612807452 1.893459402568258 0
-1.893459402568258 -0.2099550612807452 0
0.2056928908939983 -1.901386978760539 0
0.732913238129816 1.315645500279633 0
-1.315645500279633 0.732913238129816 0
-0.732913238129816 -1.315645500279633 0
1.315645500279633 -0.7329132381298153 0
1.315925945718632 0.7400057340708618 0
-0.7400057340708618 1.315925945718632 0
-1.315925945718632 -0.7400057340708618 0
0.7400057340708615 -1.315925945718632 0
-0.2839915656070611 -1.90241393893018 0
1.902413938930181 -0.2839915656070612 0
0.2839915656070611 1.902413938930181 0
-1.902413938930181 0.2839915656070611 0
-0.7239072154044544 -1.796943961831261 0
1.796943961831261 -0.7239072154044544 0
0.7239072154044544 1.796943961831261 0
-1.796943961831261 0.7239072154044544 0
-0.5031430554053451 -1.853458104293661 0
1.853458104293662 -0.503143055405345 0
0.5031430554053447 1.853458104293662 0
-1.853458104293662 0.5031430554053447 0
-0.41486293552697 -2.044487907719292 0
0.41486293552697 2.044487907719293 0
-2.044487907719293 0.41486293552697 0
2.044487907719293 -0.41486293552697 0
0.6629663054110616 1.97802245378683 0
-1.97802245378683 0.6629663054110616 0
-0.6629663054110616 -1.97802245378683 0
1.97802245378683 -0.6629663054110616 0
1.36202772022465 1.364517648066513 0
-1.364517648066513 1.36202772022465 0
-1.36202772022465 -1.364517648066513 0
1.365445762663736 -1.348457668829544 0
0.1604919654631391 2.080195207233837 0
-2.080195207233837 0.1604919654631391 0
-0.1604919654631391 -2.080195207233837 0
2.080195207233837 -0.1604919654631391 0
1.809435165835366 0.6727285404022718 0
-0.6727285404022718 1.809435165835366 0
-1.809435165835366 -0.6727285404022718 0
0.6727285404022703 -1.809435165835364 0
1.91997884141262 -0.03553864889149323 0
0.03553864889149303 1.91997884141262 0
-1.91997884141262 0.03553864889149303 0
-0.03553864889149332 -1.91997884141262 0
0.4515023994867038 -1.658626176445806 0
1.675606361951915 0.4248103592333006 0
-0.4248103592333006 1.675606361951915 0
-1.675606361951915 -0.4248103592333006 0
1.387168595993568 -1.558058702964639 0
1.558058702964639 1.387168595993567 0
-1.387168595993567 1.558058702964639 0
-1.558058702964639 -1.387168595993567 0
1.158009736297411 1.740009492310297 0
-1.740009492310297 1.158009736297411 0
-1.158009736297411 -1.740009492310297 0
1.740009492310297 -1.158009736297411 0
1.10600128501123 -1.77678343218365 0
1.77678343218365 1.10600128501123 0
-1.10600128501123 1.77678343218365 0
-1.77678343218365 -1.10600128501123 0
1.611171056863063 -0.784297480128418 0
0.7842974801284184 1.611171056863063 0
-1.611171056863063 0.7842974801284184 0
-0.7842974801284186 -1.611171056863063 0
1.620973173761606 0.8618026433622931 0
1.675047907289485 0.7374473834555055 0
-0.8618026433622931 1.620973173761606 0
-0.7374473834555055 1.675047907289485 0
-1.620973173761606 -0.8618026433622931 0
-1.675047907289485 -0.7374473834555055 0
0.8618026433622937 -1.620973173761606 0
0.7374473834555063 -1.675047907289485 0
1.470901443488257 -1.134478251671614 0
1.336914915848386 -1.212819687125235 0
1.290605710287911 -0.9844335427886233 0
1.134478251671615 1.470901443488257 0
1.218447819778972 1.353957827810937 0
0.9824883185947408 1.28261049093463 0
-1.470901443488257 1.134478251671615 0
-1.353957827810937 1.218447819778972 0
-1.28261049093463 0.9824883185947408 0
-1.134478251671615 -1.470901443488257 0
-1.218447819778972 -1.353957827810937 0
-0.9824883185947413 -1.282610490934631 0
0.8176960948571468 -1.936454179202689 0
1.936454179202689 0.8176960948571472 0
-0.8176960948571472 1.936454179202689 0
-1.936454179202689 -0.8176960948571472 0
0.3688229297353244 -2.063787526102926 0
2.063787526102927 0.3688229297353244 0
-0.3688229297353244 2.063787526102927 0
-2.063787526102927 -0.3688229297353244 0
-1.37598443374719 -1.166874377235181 0
1.166874377235183 -1.375984433747189 0
1.37598443374719 1.166874377235181 0
-1.166874377235181 1.37598443374719 0
1.133681386502761 0.9396463824812878 0
-0.9396463824812878 1.133681386502761 0
-1.154518284297188 -0.9377463815252217 0
0.9377463815252218 -1.154518284297188 0
1.547288832845747 -1.414144293111103 0
1.414144293111103 1.547288832845747 0
-1.547288832845747 1.414144293111103 0
-1.414144293111103 -1.547288832845747 0
0.8805765748237447 1.905962521675518 0
-1.905962521675518 0.8805765748237447 0
-0.8805765748237447 -1.905962521675518 0
1.905962521675518 -0.8805765748237447 0
0.3463881600716935 -1.921305954565878 0
1.92030248844601 0.3470243503628235 0
-0.3470243503628235 1.92030248844601 0
-1.92030248844601 -0.3470243503628235 0
0.1804818483236897 1.455949888746155 0
-1.455949888746155 0.1804818483236897 0
-0.1804818483236887 -1.455949888746155 0
1.455949888746155 -0.1804818483236909 0
-0.4204133012489219 1.399435975072473 0
-1.399435975072473 -0.4204133012489219 0
1.399435975072473 0.4204133012489226 0
0.4204133012489221 -1.399435975072473 0
2.100511571106406 0.06313439831462817 0
-0.06313439831462817 2.100511571106406 0
-2.100511571106406 -0.06313439831462817 0
0.06313439831462844 -2.100511571106406 0
1.23278012299463 -1.709826877780586 0
1.709826877780585 1.23278012299463 0
-1.23278012299463 1.709826877780585 0
-1.709826877780585 -1.23278012299463 0
0.4374401504874752 1.390283753917976 0
-1.390283753917976 0.4374401504874752 0
-0.4374401504874745 -1.390283753917977 0
1.390283753917977 -0.4374401504874753 0
1.74640625534159 0.8810380581151619 0
-0.8810380581151619 1.74640625534159 0
-1.74640625534159 -0.8810380581151619 0
0.8810380581151627 -1.746406255341591 0
1.219806319768946 1.531195465028905 0
-1.531195465028905 1.219806319768946 0
-1.219806319768946 -1.531195465028905 0
1.531161889999311 -1.219699651712979 0
1.081627424739364 1.815797297508476 0
-1.815797297508476 1.081627424739364 0
-1.081627424739364 -1.815797297508476 0
1.815797297508476 -1.081627424739364 0
1.098982433219325 1.655734074437943 0
-1.655734074437943 1.098982433219325 0
-1.098982433219325 -1.655734074437943 0
1.655734074437943 -1.098982433219325 0
1.028027923628619 -1.845663673445367 0
1.845663673445368 1.02802792362862 0
-1.02802792362862 1.845663673445368 0
-1.845663673445368 -1.02802792362862 0
1.247505829496427 1.705970104272598 0
-1.705970104272598 1.247505829496427 0
-1.247505829496427 -1.705970104272598 0
1.705970104272598 -1.247505829496427 0
1.686482822719924 1.051847533273186 0
-1.051847533273186 1.686482822719924 0
-1.686482822719924 -1.051847533273186 0
1.051847533273186 -1.686482822719927 0
0.9547181310506392 -1.668290291269463 0
1.668290291269464 0.9547181310506377 0
-0.9547181310506377 1.668290291269464 0
-1.668290291269464 -0.9547181310506377 0
0.2481625855235959 -2.084911317813311 0
2.081206656765555 0.2476789969460027 0
-0.2476789969460027 2.081206656765555 0
-2.081206656765555 -0.2476789969460027 0
-0.9402382830102348 -1.745314940400491 0
1.745314940400491 -0.9402382830102348 0
0.9402382830102348 1.745314940400491 0
-1.745314940400491 0.9402382830102348 0
1.728647934845228 -0.5770151800197518 0
0.5770151800197515 1.728647934845228 0
-1.728647934845228 0.5770151800197515 0
-0.5770151800197522 -1.728647934845227 0
1.804818882157086 -0.1685437005623333 0
0.1685437005623331 1.804818882157086 0
-1.804818882157086 0.1685437005623331 0
-0.1685437005623328 -1.804818882157085 0
1.126196855752344 1.564097088646445 0
-1.564097088646445 1.126196855752344 0
-1.126196855752344 -1.564097088646445 0
1.564810987673538 -1.126015542589157 0
0.5194669223271119 -2.048821786110898 0
2.048821786110897 0.5194669223271149 0
-0.5194669223271149 2.048821786110897 0
-2.048821786110897 -0.5194669223271149 0
0.5711148709016938 -1.728466643162555 0
1.731296674080242 0.5666661975261301 0
-0.5666661975261302 1.731296674080242 0
-1.731296674080242 -0.5666661975261302 0
0.7411624635604911 -1.479080092212669 0
1.47908009221267 0.7411624635604914 0
-0.7411624635604914 1.47908009221267 0
-1.47908009221267 -0.7411624635604914 0
-0.935290096824154 -1.093412184660611 0
1.131984372999437 -0.9450436875277651 0
0.935290096824154 1.09341218466061 0
-1.09341218466061 0.935290096824154 0
0.1737927829090607 -1.978120344345167 0
1.983017716583956 0.1688185137587884 0
-0.1688185137587885 1.983017716583956 0
-1.983017716583956 -0.1688185137587885 0
0.3278141364818761 1.812189781760018 0
-1.812189781760018 0.3278141364818761 0
-0.3278141364818762 -1.812189781760016 0
1.812189781760019 -0.3278141364818765 0
0.6810741412645492 -2.008503924658183 0
2.008503924658183 0.6810741412645498 0
-0.6810741412645498 2.008503924658183 0
-2.008503924658183 -0.6810741412645498 0
1.939417647330605 0.5197183113347607 0
-0.5197183113347607 1.939417647330605 0
-1.939417647330605 -0.5197183113347607 0
0.5197183113347603 -1.939417647330602 0
-0.08127643065160577 -2.11794047221343 0
0.08127643065160529 2.11794047221343 0
-2.11794047221343 0.08127643065160529 0
2.11794047221343 -0.08127643065160529 0
-0.4870229173767209 -2.064314690234296 0
0.4870229173767209 2.064314690234296 0
-2.064314690234296 0.4870229173767209 0
2.064314690234296 -0.4870229173767209 0
0.5998467428554805 2.034783574130717 0
-2.034783574130717 0.5998467428554805 0
-0.5998467428554805 -2.034783574130717 0
2.034783574130717 -0.5998467428554805 0
0.7499161550565803 1.984431744476998 0
-1.984431744476998 0.7499161550565803 0
-0.7499161550565803 -1.984431744476998 0
1.984431744476998 -0.7499161550565803 0
-0.3561662441171919 -2.090901346466142 0
0.3561662441171918 2.090901346466142 0
-2.090901346466142 0.3561662441171918 0
2.090901346466142 -0.3561662441171918 0
-0.2407299682571163 -2.107718760782737 0
0.2407299682571165 2.107718760782736 0
-2.107718760782736 0.2407299682571165 0
2.107718760782736 -0.2407299682571165 0
1.636579519221523 1.358998356629346 0
-1.358998356629346 1.636579519221523 0
-1.636579519221523 -1.358998356629346 0
1.358998356629347 -1.636579519221523 0
1.602282338984849 1.195313897249228 0
-1.195313897249228 1.602282338984849 0
-1.602282338984849 -1.195313897249228 0
1.195313897249228 -1.602282338984848 0
1.259404677724562 -1.522771100593078 0
1.522771100593078 1.259404677724561 0
-1.259404677724561 1.522771100593078 0
-1.522771100593078 -1.259404677724561 0
1.761795224721258 1.174334303102873 0
-1.174334303102873 1.761795224721258 0
-1.761795224721258 -1.174334303102873 0
1.174334303102873 -1.761795224721258 0
1.534141719502973 1.459520634427617 0
-1.459520634427617 1.534141719502973 0
-1.534141719502973 -1.459520634427617 0
1.460318038153241 -1.532854452861813 0
0.05384287514854335 -2.013185337981461 0
2.013185337981461 0.05384287514854283 0
-0.05384287514854283 2.013185337981461 0
-2.013185337981461 -0.05384287514854283 0
1.413592892598353 0.005196794244367313 0
-0.005196794244367673 1.413592892598352 0
-1.413592892598352 -0.005196794244367673 0
0.005196794244367945 -1.413592892598352 0
-0.2705865638263142 1.642747083445816 0
-1.642747083445816 -0.2705865638263142 0
1.642747083445816 0.2705865638263144 0
0.2706870235940773 -1.673279750191759 0
1.122577944812466 -1.588997825541248 0
1.588997825541248 1.122577944812465 0
-1.122577944812465 1.588997825541248 0
-1.588997825541248 -1.122577944812465 0
1.474315591741354 1.208904868139978 0
-1.208904868139978 1.474315591741354 0
-1.474315591741354 -1.208904868139978 0
1.208904868139979 -1.474315591741354 0
2.018207524167626 -0.101401215065562 0
0.101401215065562 2.018207524167626 0
-2.018207524167626 0.101401215065562 0
-0.101401215065562 -2.018207524167626 0
1.910605630522187 0.6272919608910266 0
-0.6272919608910266 1.910605630522187 0
-1.910605630522187 -0.6272919608910266 0
0.6262480611394474 -1.916603444736211 0
1.37014989474007 -1.478768082919405 0
1.479180339797754 1.369343610821641 0
-1.369343610821641 1.479180339797754 0
-1.479180339797754 -1.369343610821641 0
2.084893315577844 0.4512568042718467 0
-0.4512568042718467 2.084893315577844 0
-2.084893315577844 -0.4512568042718467 0
0.4512568042718468 -2.084893315577846 0
0.758418746620752 -1.985213679859454 0
1.980482744756523 0.7574623124205025 0
-0.7574623124205025 1.980482744756523 0
-1.980482744756523 -0.7574623124205025 0
1.994792071384047 -0.3527034381741221 0
0.3527034381741221 1.994792071384047 0
-1.994792071384047 0.3527034381741221 0
-0.3503499401410203 -1.993720147281711 0
-0.4531302871463377 -1.970428471963343 0
1.972279610033634 -0.4533339651725898 0
0.4533339651725898 1.972279610033634 0
-1.972279610033634 0.4533339651725898 0
-0.6929292982697446 -1.892667796418531 0
1.892667796418531 -0.6929292982697446 0
0.6929292982697446 1.892667796418531 0
-1.892667796418531 0.6929292982697446 0
-0.5909654677407268 -1.93351209418483 0
1.93351209418483 -0.5909654677407268 0
0.5909654677407268 1.93351209418483 0
-1.93351209418483 0.5909654677407268 0
2.004464377425078 -0.2094943204380862 0
0.2094943204380862 2.004464377425078 0
-2.004464377425078 0.2094943204380862 0
-0.2094943204380863 -2.004464377425077 0
0.7255743953716719 -1.856000507049379 0
1.855175953294532 0.7278103388876175 0
-0.7278103388876175 1.855175953294532 0
-1.855175953294532 -0.7278103388876175 0
1.373498586172402 1.443678038495522 0
-1.443678038495522 1.373498586172402 0
-1.373498586172402 -1.443678038495522 0
1.444221080810041 -1.370982024756396 0
-1.331398066843123 -0.9371321416365335 0
1.331398066843123 0.9371321416365334 0
-0.9371321416365334 1.331398066843123 0
0.9371321416365336 -1.331398066843123 0
0.03998481954626296 -1.844040941969771 0
1.845461328916347 0.03909312832675864 0
-0.03909312832675872 1.845461328916347 0
-1.845461328916347 -0.03909312832675872 0
-0.792944124199811 -1.827808169174097 0
1.827808169174097 -0.792944124199811 0
0.792944124199811 1.827808169174097 0
-1.827808169174097 0.792944124199811 0
0.8217981350271966 1.953097617449996 0
-1.953097617449996 0.8217981350271966 0
-0.8217981350271966 -1.953097617449996 0
1.953097617449996 -0.8217981350271966 0
1.692898554181275 -1.312268267759834 0
1.312268267759834 1.692898554181275 0
-1.692898554181275 1.312268267759834 0
-1.312268267759834 -1.692898554181275 0
-0.006659458824785764 -2.124926260031927 0
2.124926260031927 -0.006659458824785611 0
0.006659458824785611 2.124926260031927 0
-2.124926260031927 0.006659458824785611 0
1.045012864826828 1.865605317303104 0
-1.865605317303104 1.045012864826828 0
-1.045012864826828 -1.865605317303104 0
1.865605317303104 -1.045012864826828 0
0.9896610771801524 -1.899535854582371 0
1.899535854582372 0.9896610771801524 0
-0.9896610771801524 1.899535854582372 0
-1.899535854582372 -0.9896610771801524 0
1.478622945823555 1.516336974996548 0
-1.516336974996548 1.478622945823555 0
-1.478622945823555 -1.516336974996548 0
1.51686134432941 -1.477861067943828 0
-0.5566433445916387 1.273592071715079 0
-1.273592071715079 -0.5566433445916388 0
0.5566433445916388 -1.273592071715079 0
1.273592071715078 0.5566433445916392 0
1.62324866536728 -0.9774554636291055 0
1.661574709733754 -0.8636834320944173 0
1.580388510906929 -1.035115294684378 0
0.9774554636291058 1.62324866536728 0
0.8636834320944184 1.661574709733754 0
1.035296607847564 1.579674611879836 0
-1.62324866536728 0.9774554636291058 0
-1.661574709733754 0.8636834320944184 0
-1.579674611879836 1.035296607847564 0
-0.9774554636291058 -1.62324866536728 0
-0.8636834320944184 -1.661574709733754 0
-1.035296607847564 -1.579674611879836 0
0.3765885901453781 -1.991838616775893 0
1.990076085735808 0.3609442932062044 0
-0.3609442932062044 1.990076085735808 0
-1.990076085735808 -0.3609442932062044 0
0.2759359596287091 -1.928876074820426 0
1.887450031706469 0.2808469417074862 0
1.821443669493217 0.230739568758245 0
-0.2808469417074862 1.887450031706469 0
-0.2307395687582452 1.821443669493217 0
-1.887450031706469 -0.2808469417074862 0
-1.821443669493217 -0.2307395687582452 0
-0.5623941634620564 -1.268026965959452 0
0.5623941634620567 1.268026965959452 0
-1.268026965959452 0.5623941634620567 0
1.268026965959452 -0.5623941634620565 0
1.30044983975027 -1.688115891898641 0
1.68811589189864 1.30044983975027 0
-1.30044983975027 1.68811589189864 0
-1.68811589189864 -1.30044983975027 0
-0.8817486641245769 -1.835046492593414 0
1.835046492593414 -0.8817486641245769 0
0.8817486641245769 1.835046492593414 0
-1.835046492593414 0.8817486641245769 0
0.8856813071574507 -1.936103448713883 0
1.936103448713882 0.885681307157451 0
-0.885681307157451 1.936103448713882 0
-1.936103448713882 -0.885681307157451 0
1.530359682448361 -1.351669463744966 0
1.355522874351982 1.529799118764078 0
-1.529799118764078 1.355522874351982 0
-1.355522874351982 -1.529799118764078 0
1.14808147975667 -0.7765305442035142 0
0.7749049457529125 1.141652781700199 0
-1.141652781700199 0.7749049457529125 0
-0.7749049457529127 -1.141652781700199 0
1.319186540617358 -1.532715041987678 0
1.532740081885537 1.319137568076151 0
-1.319137568076151 1.532740081885537 0
-1.532740081885537 -1.319137568076151 0
0.8313639323000048 -1.864736975782918 0
1.864736975782918 0.8313639323000055 0
-0.8313639323000055 1.864736975782918 0
-1.864736975782918 -0.8313639323000055 0
1.401377576973941 1.607314997973015 0
-1.607314997973015 1.401377576973941 0
-1.401377576973941 -1.607314997973015 0
1.607372198348963 -1.40098437180996 0
0.9480373207738337 1.908266207939419 0
-1.908266207939419 0.9480373207738337 0
-0.9480373207738337 -1.908266207939419 0
1.908266207939419 -0.9480373207738337 0
2.130808303074702 0.1101977368034796 0
-0.1101977368034796 2.130808303074702 0
-2.130808303074702 -0.1101977368034796 0
0.1101977368034797 -2.130808303074702 0
1.339873178701068 0.2852424964682091 0
0.2852424964682079 -1.339873178701067 0
-0.2852424964682089 1.339873178701068 0
-1.339873178701068 -0.2852424964682089 0
1.243009991179004 1.587591544874079 0
-1.587591544874079 1.243009991179004 0
-1.243009991179004 -1.587591544874079 0
1.587585949035815 -1.242992213169675 0
0.3115214148690008 -2.1171298616529 0
2.116600624360364 0.3114523307864865 0
-0.3114523307864865 2.116600624360364 0
-2.116600624360364 -0.3114523307864865 0
1.124186965250353 0.7776811357859796 0
-0.7776811357859796 1.124186965250353 0
0.7765870607289445 -1.126578013257176 0
-1.126578013257176 -0.7765870607289442 0
1.798090568357758 0.9231735372627716 0
-0.9231735372627716 1.798090568357758 0
-1.798090568357758 -0.9231735372627716 0
0.9231735372627716 -1.798090568357757 0
1.033763389596596 1.790883971892549 0
-1.790883971892549 1.033763389596596 0
-1.033763389596596 -1.790883971892549 0
1.790883971892549 -1.033763389596596 0
1.923655657019875 0.4124348903568822 0
-0.4124348903568822 1.923655657019875 0
-1.923655657019875 -0.4124348903568822 0
0.4126540256496293 -1.92315721104912 0
1.14783824139347 1.805842366698515 0
-1.805842366698515 1.14783824139347 0
-1.14783824139347 -1.805842366698515 0
1.805842366698515 -1.14783824139347 0
0.2128127949326791 -1.797383993362041 0
1.215425768817469 1.761768225727734 0
-1.761768225727734 1.215425768817469 0
-1.215425768817469 -1.761768225727734 0
1.761768225727734 -1.215425768817469 0
0.2174594468903846 -2.02774350303116 0
2.023693089619897 0.2179344047230741 0
-0.2179344047230742 2.023693089619897 0
-2.023693089619897 -0.2179344047230742 0
0.6346671183835122 -2.058743725203998 0
2.060024724414387 0.6348049024643392 0
-0.6348049024643392 2.060024724414387 0
-2.060024724414387 -0.6348049024643392 0
1.842328848184875 1.09140577081703 0
-1.09140577081703 1.842328848184875 0
-1.842328848184875 -1.09140577081703 0
1.09140577081703 -1.842328848184874 0
2.013827902875766 0.1167257600065328 0
-0.1167257600065328 2.013827902875766 0
-2.013827902875766 -0.1167257600065328 0
0.1188563356289823 -2.012625783537524 0
0.03312388206547048 -1.585156487793323 0
-0.03618153180226186 1.583185842083685 0
-1.583185842083685 -0.03618153180226186 0
1.583185842083684 0.03618153180226213 0
0.5802413975345259 1.433629362604856 0
-1.433629362604856 0.5802413975345259 0
1.433629362604856 -0.5802413975345257 0
-0.5802413975345257 -1.433629362604856 0
0.2814358129770646 1.323717181857149 0
-1.323717181857149 0.2814358129770646 0
1.323717181857149 -0.2814358129770648 0
-0.281435812977064 -1.323717181857149 0
1.883957087944846 0.4990708573068433 0
-0.4990708573068433 1.883957087944846 0
-1.883957087944846 -0.4990708573068433 0
0.4989525882611341 -1.883919491611908 0
2.135852742228379 0.1836485150898039 0
-0.1836485150898039 2.135852742228379 0
-2.135852742228379 -0.1836485150898039 0
0.186748627912818 -2.134181785678602 0
1.26405892341989 -1.355716159506501 0
-1.355716159506501 -1.264058923419888 0
1.355716159506503 1.264058923419888 0
-1.264058923419888 1.355716159506503 0
1.039904871410805 1.657895572824479 0
-1.657895572824479 1.039904871410805 0
-1.039904871410805 -1.657895572824479 0
1.656533692141963 -1.042653378423328 0
1.862717997257649 0.3680565241368821 0
-0.3680565241368821 1.862717997257649 0
-1.862717997257649 -0.3680565241368821 0
0.3693731360231061 -1.85702522323653 0
0.8572309556695978 1.441984424553358 0
-1.441984424553358 0.8572309556695978 0
-0.8572309556695978 -1.441984424553359 0
1.442698283424187 -0.8574046364011942 0
1.857314885258544 0.1215508604413766 0
-0.121550860441377 1.857314885258544 0
-1.857314885258544 -0.121550860441377 0
0.132349504057039 -1.864142434220235 0
1.431631711367676 0.5943093778388271 0
-0.5943093778388269 1.431631711367677 0
-1.431631711367676 -0.5943093778388269 0
0.5943093778388258 -1.431631711367677 0
-0.007647543754506832 -1.98818894876214 0
1.98818894876214 -0.007647543754507252 0
0.007647543754507252 1.98818894876214 0
-1.98818894876214 0.007647543754507252 0
1.95390773752861 0.2332233921099602 0
-0.2332233921099602 1.95390773752861 0
-1.95390773752861 -0.2332233921099602 0
0.2770981437832707 1.968195845673236 0
-1.968195845673236 0.2770981437832707 0
1.968195845673237 -0.2770981437832707 0
-0.276705894111087 -1.96801719165618 0
-0.6840908199488585 -1.841206023476312 0
1.841206023476312 -0.6840908199488585 0
0.6840908199488583 1.841206023476312 0
-1.841206023476312 0.6840908199488583 0
1.879883781341088 -0.559008738735124 0
0.559008738735124 1.879883781341088 0
-1.879883781341088 0.559008738735124 0
-0.559008738735124 -1.879883781341087 0
0.5147141741891509 1.919953032860737 0
-1.919953032860737 0.5147141741891509 0
-0.5146802278514422 -1.919644509849022 0
1.919953032860737 -0.514714174189151 0
1.935424000050366 -0.3265979937059591 0
0.3265979937059591 1.935424000050366 0
-1.935424000050366 0.3265979937059591 0
-0.3265979937059588 -1.935424000050366 0
0.2626187638015349 -1.861270817754519 0
1.601749414679115 1.43488479689615 0
-1.43488479689615 1.601749414679115 0
-1.601749414679115 -1.43488479689615 0
1.435017697517087 -1.601534870238922 0
1.956794857149093 -0.09214650890146797 0
0.09214650890146786 1.956794857149093 0
-1.956794857149093 0.09214650890146786 0
-0.09214650890146793 -1.956794857149093 0
-0.7681774163324466 -1.758226757841771 0
-0.8117788689198244 -1.704003581562175 0
1.75822675784177 -0.7681774163324465 0
1.704003581562174 -0.8117788689198236 0
0.7681774163324462 1.758226757841771 0
0.8117788689198242 1.704003581562175 0
-1.758226757841771 0.7681774163324462 0
-1.704003581562175 0.8117788689198242 0
-0.4275043782750861 -2.106786258864642 0
0.4275043782750861 2.106786258864642 0
-2.106786258864642 0.4275043782750861 0
2.106786258864642 -0.4275043782750861 0
0.6789523352205239 2.024837225181921 0
-2.024837225181921 0.6789523352205239 0
-0.6789523352205239 -2.024837225181921 0
2.024837225181921 -0.6789523352205239 0
0.1638385532509168 2.128950871812562 0
-2.128950871812562 0.1638385532509168 0
-0.1638385532509168 -2.128950871812563 0
2.128950871812562 -0.1638385532509168 0
0.6698338226838951 -1.869610199961095 0
1.869046940881182 0.6686573053718479 0
-0.6686573053718479 1.869046940881182 0
-1.869046940881182 -0.6686573053718479 0
1.388630723583842 -1.411078982051541 0
1.41518793169282 1.387600599096925 0
-1.387600599096925 1.41518793169282 0
-1.41518793169282 -1.387600599096925 0
-1.40335539321458 -1.316067409747322 0
1.316067409747324 -1.403355393214579 0
1.40335539321458 1.316067409747323 0
-1.316067409747323 1.40335539321458 0
1.785832948253924 0.3914145304178696 0
-0.3914145304178696 1.785832948253924 0
-1.785832948253924 -0.3914145304178696 0
0.3880849152049191 -1.763596361920288 0
1.058856502862376 -1.495195435116942 0
1.126349309241163 -1.45908046738128 0
1.495195435116941 1.058856502862374 0
1.45908046738128 1.126349309241161 0
-1.058856502862374 1.495195435116941 0
-1.126349309241161 1.45908046738128 0
-1.495195435116941 -1.058856502862374 0
-1.459080467381279 -1.126349309241161 0
1.323398694860723 1.413994537493539 0
-1.413994537493539 1.323398694860723 0
-1.323398694860724 -1.413994537493539 0
1.41467894857974 -1.315058963697384 0
0.7364506011861264 -1.797393281791607 0
1.7972558561658 0.7368232584387839 0
-0.7368232584387839 1.7972558561658 0
-1.7972558561658 -0.7368232584387839 0
0.8981970556596736 1.584210737762235 0
-1.584210737762235 0.8981970556596736 0
-0.8981970556596736 -1.584210737762235 0
1.584271440047169 -0.8982118244293662 0
1.280068996823533 1.533236854332636 0
-1.533236854332636 1.280068996823533 0
-1.280068996823533 -1.533236854332636 0
1.533236854332641 -1.280068996823535 0
1.683592061245798 -0.9285742384031859 0
-0.928574238403187 -1.683592061245798 0
0.928574238403187 1.683592061245798 0
-1.683592061245798 0.928574238403187 0
1.039368381083255 1.415835589357377 0
-1.415835589357377 1.039368381083255 0
1.424437322790188 -1.026562878350471 0
-1.039368381083255 -1.415835589357377 0
0.3183855737136488 1.499891965060679 0
-1.499891965060679 0.3183855737136488 0
-0.318385573713648 -1.499891965060679 0
1.499891965060679 -0.3183855737136491 0
1.040659338433236 -1.402601528474299 0
1.402601528474301 1.040659338433233 0
-1.040659338433233 1.402601528474301 0
-1.402601528474301 -1.040659338433233 0
1.935919622918673 -0.2148919887094847 0
0.2148919887094846 1.935919622918673 0
-1.935919622918673 0.2148919887094846 0
-0.2148452923199385 -1.935898354583308 0
1.893700311990598 -0.4461151106930729 0
0.4461151106930728 1.893700311990598 0
-1.893700311990598 0.4461151106930728 0
-0.4459916305006808 -1.893752401516628 0
1.804536427863303 0.8612410213206007 0
-0.8612410213206007 1.804536427863303 0
-1.804536427863303 -0.8612410213206007 0
0.861241021320601 -1.804536427863303 0
0.5553515696926691 2.082321779056572 0
-2.082321779056572 0.5553515696926691 0
-0.555351569692669 -2.082321779056572 0
2.082321779056572 -0.5553515696926691 0
0.3002553821947769 2.134123344682265 0
-2.134123344682265 0.3002553821947769 0
-0.3002553821947769 -2.134123344682265 0
2.134123344682265 -0.3002553821947769 0
0.3496753956292512 -1.527615848512604 0
1.526463426638469 0.3473971218179322 0
-0.3473971218179319 1.52646342663847 0
-1.52646342663847 -0.3473971218179319 0
1.840524450312779 0.618262167185523 0
-0.618262167185523 1.840524450312779 0
-1.840524450312779 -0.618262167185523 0
0.6182621671855204 -1.840524450312777 0
1.095763609573509 1.753296038642727 0
-1.753296038642727 1.095763609573509 0
-1.095763609573509 -1.753296038642727 0
1.753296038642727 -1.095763609573509 0
0.02906869492129344 -1.938559032106975 0
1.938559032106975 0.02906869492129393 0
-0.02906869492129393 1.938559032106975 0
-1.938559032106975 -0.02906869492129393 0
1.192304471980627 1.690262978025957 0
-1.690262978025957 1.192304471980627 0
-1.192304471980627 -1.690262978025957 0
1.690262978025957 -1.192304471980627 0
1.037685161224034 -1.789460418268906 0
1.789460418268907 1.037685161224034 0
-1.037685161224034 1.789460418268907 0
-1.789460418268907 -1.037685161224034 0
1.083482849397343 -1.641639087217328 0
1.004889919457171 -1.62593558049019 0
1.059373303623745 -1.567739756818712 0
1.641639087217327 1.083482849397344 0
1.62593558049019 1.004889919457171 0
1.567739756818711 1.059373303623744 0
-1.083482849397344 1.641639087217327 0
-1.004889919457171 1.62593558049019 0
-1.059373303623744 1.567739756818711 0
-1.641639087217327 -1.083482849397344 0
-1.62593558049019 -1.004889919457171 0
-1.567739756818711 -1.059373303623744 0
1.084328175163685 1.111488813688296 0
-1.111488813688296 1.084328175163685 0
-1.087304874848603 -1.111217384980288 0
1.07677684993932 -1.101337427067712 0
1.610893640170009 -0.1912002025719507 0
0.1912002025719504 1.61089364017001 0
-1.61089364017001 0.1912002025719504 0
-0.1912002025719499 -1.61089364017001 0
1.709896318264168 1.113917804171469 0
-1.113917804171469 1.709896318264168 0
-1.709896318264168 -1.113917804171469 0
1.11391780417147 -1.709896318264168 0
-0.9762368276133745 -0.9489676086493319 0
0.9495578448347402 -0.9796348480309058 0
0.9724933068296362 0.949434109323776 0
-0.949434109323776 0.9724933068296362 0
1.6971950399782 -0.7224858261238801 0
-0.7224858261238802 -1.6971950399782 0
0.7224858261238802 1.6971950399782 0
-1.6971950399782 0.7224858261238802 0
1.257542102154831 1.650634025305141 0
-1.650634025305141 1.257542102154831 0
-1.257542102154831 -1.650634025305141 0
1.650633549468555 -1.257540590419344 0
0.1202381951042222 1.320100573169839 0
-1.320100573169839 0.1202381951042222 0
-0.1202381951042217 -1.320100573169839 0
1.32010057316984 -0.1202381951042227 0
-0.8844627898049546 -1.723883238986557 0
0.8844627898049546 1.723883238986557 0
-1.723883238986557 0.8844627898049546 0
1.723883238986556 -0.8844627898049524 0
1.830721382303397 0.9762803284381527 0
-0.9762803284381527 1.830721382303397 0
-1.830721382303397 -0.9762803284381527 0
0.9762803284381534 -1.830721382303396 0
-1.262981925480888 -1.088231374222254 0
1.083311297787831 -1.264986575797903 0
1.256072124779203 1.059720452925216 0
-1.059720452925216 1.256072124779203 0
1.780600031131147 0.4866873740082747 0
1.797833656448548 0.5634866920456489 0
-0.4866873740082747 1.780600031131147 0
-0.5634866920456489 1.797833656448548 0
-1.780600031131147 -0.4866873740082747 0
-1.797833656448548 -0.5634866920456489 0
0.4933554651191149 -1.787961558337958 0
0.563749810427278 -1.806196872188313 0
0.8269061596294165 1.883797210967136 0
-1.883797210967136 0.8269061596294165 0
-0.8269061596294165 -1.883797210967136 0
1.883797210967136 -0.8269061596294165 0
0.1527876229752226 -1.92091798527888 0
-0.157979547915009 1.919400212565118 0
-1.919400212565118 -0.157979547915009 0
1.919400212565118 0.1579795479150083 0
-0.4328096865257849 -1.810945646002714 0
-0.391105172648283 -1.859713931551417 0
1.810942482158812 -0.4328171865374704 0
1.859713931551418 -0.3911051726482831 0
0.4328171865374696 1.810942482158812 0
0.3911051726482828 1.859713931551417 0
-1.810942482158812 0.4328171865374696 0
-1.859713931551417 0.3911051726482828 0
0.3129304416582427 -2.047353123569216 0
2.050792013677702 0.3136411926187304 0
-0.3136411926187304 2.050792013677702 0
-2.050792013677702 -0.3136411926187304 0
0.8181421735050318 -1.993050813153902 0
1.992568064674011 0.818044578178476 0
-0.818044578178476 1.992568064674011 0
-1.992568064674011 -0.818044578178476 0
1.9450494959798 0.2934960129514018 0
-0.2934960129514018 1.9450494959798 0
-1.9450494959798 -0.2934960129514018 0
0.7681027946859118 -1.903018689693235 0
1.901947586788768 0.7693769628209296 0
-0.7693769628209296 1.901947586788768 0
-1.901947586788768 -0.7693769628209296 0
1.492925448392245 -1.412765392250883 0
1.413905976783504 1.492466146664074 0
-1.492466146664074 1.413905976783504 0
-1.413905976783504 -1.492466146664074 0
0.6509819925930982 1.737809791154852 0
0.6426272996949332 1.796733236837493 0
0.5712229532930047 1.819036164107482 0
-1.737809791154852 0.6509819925930982 0
-1.796733236837493 0.6426272996949332 0
-1.819036164107482 0.5712229532930047 0
-0.6509819925930986 -1.737809791154852 0
-0.6426272996949335 -1.796733236837493 0
-0.5712229532930049 -1.819036164107481 0
1.737809791154852 -0.6509819925930983 0
1.796733236837493 -0.6426272996949335 0
1.819036164107482 -0.5712229532930049 0
1.818320149035686 1.149825032034679 0
-1.149825032034679 1.818320149035686 0
-1.818320149035686 -1.149825032034679 0
1.149825032034679 -1.818320149035685 0
0.8997610206631277 -1.676417927684395 0
1.676417927684395 0.8997610206631268 0
-0.8997610206631268 1.676417927684395 0
-1.676417927684395 -0.8997610206631268 0
1.697914631771658 -0.985422985143353 0
0.9854229851433542 1.697914631771656 0
-1.697914631771656 0.9854229851433542 0
-0.9854229851433542 -1.697914631771656 0
1.690784774900838 0.8276379343424716 0
-0.8276379343424716 1.690784774900838 0
-1.690784774900838 -0.8276379343424716 0
0.8276379343424731 -1.690784774900839 0
1.843917455616201 0.1762301466082095 0
-0.1762301466082105 1.843917455616201 0
-1.843917455616201 -0.1762301466082105 0
0.2314209159346453 -1.968940074657055 0
1.433864803385451 -1.202126218505429 0
1.203774677883308 1.437084769669327 0
-1.437084769669327 1.203774677883308 0
-1.203774677883308 -1.437084769669327 0
0.7310682287609787 1.853506888737386 0
-1.853506888737386 0.7310682287609787 0
-0.7310682287609787 -1.853506888737386 0
1.853506888737386 -0.7310682287609787 0
0.4515717041519561 1.693707059148692 0
-1.693707059148692 0.4515717041519561 0
-0.451571704151957 -1.69370705914869 0
1.693707059148693 -0.4515717041519571 0
1.832612362322696 -0.06493923598210581 0
0.06493923598210566 1.832612362322696 0
-1.832612362322696 0.06493923598210566 0
-0.06476089773820491 -1.832328284933381 0
1.198951119490161 -1.659857520884806 0
1.659857520884808 1.198951119490158 0
-1.198951119490158 1.659857520884808 0
-1.659857520884808 -1.198951119490158 0
1.292140075920076 1.304787826777416 0
1.292070563686713 1.210760620104684 0
-1.304787826777416 1.292140075920076 0
-1.210760620104684 1.292070563686713 0
-1.292140075920076 -1.304787826777417 0
-1.292775645390966 -1.213669897788055 0
1.307428637559026 -1.292949074809875 0
1.213437319660219 -1.293062752452885 0
0.8813427405028855 1.963526423954427 0
-1.963526423954427 0.8813427405028855 0
-0.8813427405028855 -1.963526423954427 0
1.963526423954427 -0.8813427405028855 0
1.160522813219251 1.521866561875128 0
-1.521866561875128 1.160522813219251 0
-1.160522813219251 -1.521866561875128 0
1.523264234596101 -1.161157425258939 0
1.649235641846112 -0.6628950746491317 0
-0.662895074649132 -1.649235641846112 0
0.6628950746491313 1.649235641846112 0
-1.649235641846112 0.6628950746491313 0
1.335487365730629 -1.581373606513473 0
1.581379866487937 1.335475122595327 0
-1.335475122595327 1.581379866487937 0
-1.581379866487937 -1.335475122595327 0
1.576438179195025 -1.462346427723136 0
1.462577444331878 1.576321865253264 0
-1.576321865253264 1.462577444331878 0
-1.462577444331878 -1.576321865253264 0
0.6199165998316964 -1.783347657187132 0
1.783512825663688 0.6186718986743592 0
-0.6186718986743592 1.783512825663688 0
-1.783512825663688 -0.6186718986743592 0
2.07629359536027 0.5667695403762745 0
-0.5667695403762745 2.07629359536027 0
-2.07629359536027 -0.5667695403762745 0
0.565573727171695 -2.073115991105856 0
0.3962705474264293 -2.112557320588569 0
2.112503316783209 0.3962634980302526 0
-0.3962634980302526 2.112503316783209 0
-2.112503316783209 -0.3962634980302526 0
1.252221099960721 -1.420313776527104 0
-1.420313776527104 -1.252221099960722 0
1.420313776527105 1.252221099960722 0
-1.252221099960722 1.420313776527105 0
0.8519893818196522 -1.533021597851055 0
1.533021597851056 0.8519893818196524 0
-0.8519893818196524 1.533021597851056 0
-1.533021597851056 -0.8519893818196524 0
0.0430934986640921 -2.152638200820516 0
2.152638200820516 0.04309349866409327 0
-0.04309349866409327 2.152638200820516 0
-2.152638200820516 -0.04309349866409327 0
-0.6435167424410547 -1.162566342932426 0
1.160351331512788 -0.6431873060259866 0
0.6435167424410548 1.162566342932426 0
-1.162566342932426 0.6435167424410548 0
0.4989927957108299 -2.097023361889587 0
2.097023361889585 0.4989927957108348 0
-0.4989927957108348 2.097023361889585 0
-2.097023361889585 -0.4989927957108348 0
1.059423245366418 1.50857205922159 0
-1.50857205922159 1.059423245366418 0
-1.059423245366418 -1.50857205922159 0
1.508572059221591 -1.059423245366418 0
1.7445549826229 1.273552738080795 0
-1.273552738080795 1.7445549826229 0
-1.7445549826229 -1.273552738080795 0
1.273552738080795 -1.7445549826229 0
-0.4483525199752512 -1.54528202608447 0
0.4483525199752513 1.545282026084471 0
-1.545282026084471 0.4483525199752513 0
1.545282026084471 -0.4483525199752516 0
0.6396939014481708 -1.161089001337235 0
-0.6398501978848903 1.160747423050547 0
-1.161089001337236 -0.6396939014481711 0
1.160747423050547 0.6398501978848904 0
0.924568081227692 -1.598825183688777 0
1.598825183688778 0.9245680812276917 0
-0.9245680812276917 1.598825183688778 0
-1.598825183688778 -0.9245680812276917 0
1.705046750773885 0.9965982627369541 0
-0.9965982627369541 1.705046750773885 0
-1.705046750773885 -0.9965982627369541 0
0.9965982627369545 -1.705046750773885 0
1.574190986638636 -1.181755444573535 0
1.181727480899115 1.574014762073991 0
-1.574014762073991 1.181727480899115 0
-1.181727480899115 -1.574014762073991 0
1.41622649971123 -1.505878244820909 0
1.50731459533002 1.415107282399113 0
-1.415107282399113 1.50731459533002 0
-1.50731459533002 -1.415107282399113 0
0.4185677539736452 -2.040728119588819 0
2.036672505868829 0.4155949112309149 0
-0.4155949112309149 2.036672505868829 0
-2.036672505868829 -0.4155949112309149 0
1.138216941711341 1.619649533283635 0
-1.619649533283635 1.138216941711341 0
-1.138216941711341 -1.619649533283635 0
1.620511786242685 -1.138010070300028 0
-0.2941510007256182 1.746964689349891 0
-1.746964689349891 -0.2941510007256182 0
1.746964689349891 0.2941510007256182 0
1.752849317626183 0.8261677592507267 0
1.740855066069441 0.7658818722899827 0
-0.8261677592507267 1.752849317626183 0
-0.7658818722899827 1.740855066069441 0
-1.752849317626183 -0.8261677592507267 0
-1.740855066069441 -0.7658818722899827 0
0.8261677592507289 -1.752849317626185 0
0.7658197627478738 -1.740877970340408 0
1.729348494713963 0.9370879606162024 0
-0.9370879606162024 1.729348494713963 0
-1.729348494713963 -0.9370879606162024 0
0.9370879606162021 -1.729348494713964 0
1.944485323442132 0.5796896766143786 0
-0.5796896766143786 1.944485323442132 0
-1.944485323442132 -0.5796896766143786 0
0.5748939574742781 -1.941236171461707 0
-0.4214187292789963 1.259289796306736 0
-1.259289796306736 -0.4214187292789963 0
1.259289796306735 0.4214187292789971 0
0.4214187292789968 -1.259289796306735 0
0.4258393074045053 1.254241333861815 0
-1.254241333861815 0.4258393074045053 0
1.254241333861815 -0.4258393074045049 0
-0.425839307404505 -1.254241333861815 0
0.5385806953646631 -1.99689574849401 0
1.997420557780958 0.5388342443632084 0
-0.5388342443632084 1.997420557780958 0
-1.997420557780958 -0.5388342443632084 0
0.6533672503964942 -1.960567067570793 0
1.961117836958759 0.6394249847137141 0
-0.6394249847137141 1.961117836958759 0
-1.961117836958759 -0.6394249847137141 0
1.920117365374249 0.4688358470210366 0
-0.4688358470210366 1.920117365374249 0
-1.920117365374249 -0.4688358470210366 0
0.4692115241722307 -1.924649924428397 0
0.3184606040929411 -1.975900157057987 0
1.322445815832851 0.1218006285566832 0
-0.1218006285566838 1.32244581583285 0
-1.32244581583285 -0.1218006285566838 0
0.1218006285566837 -1.32244581583285 0
1.173884485023884 -1.70177320490132 0
1.70177320490132 1.173884485023883 0
-1.173884485023883 1.70177320490132 0
-1.70177320490132 -1.173884485023883 0
-0.116119742497958 -1.885189287671157 0
1.885189287671157 -0.116119742497958 0
0.1161197424979576 1.885189287671157 0
-1.885189287671157 0.1161197424979576 0
2.06534358776066 0.09319352533591876 0
-0.09319352533591876 2.06534358776066 0
-2.06534358776066 -0.09319352533591876 0
0.09344716529097243 -2.065200478315631 0
1.369468751810153 1.662828426005264 0
-1.662828426005264 1.369468751810153 0
-1.369468751810153 -1.662828426005264 0
1.662832595128876 -1.369440092541641 0
1.481898500914852 -1.245494204942957 0
0.3128348378380264 -1.874693798091615 0
1.418082942431602 -1.258871241562314 0
1.368510241416498 -1.285631327204871 0
0.9404576423584342 -1.939676466359103 0
1.939676466359103 0.9404576423584351 0
-0.9404576423584351 1.939676466359103 0
-1.939676466359103 -0.9404576423584351 0
1.249886014239361 -0.8566900311098622 0
-0.8565655109942443 -1.255061076425687 0
0.8565655109942443 1.255061076425686 0
-1.255061076425686 0.8565655109942443 0
1.244776189864933 1.481227894454495 0
-1.481227894454495 1.244776189864933 0
-1.244776189864933 -1.481227894454495 0
-0.900628861134674 -1.780817569295031 0
1.780817569295031 -0.900628861134674 0
0.900628861134674 1.780817569295031 0
-1.780817569295031 0.900628861134674 0
-0.169067495592247 -1.899381391211089 0
-0.2249771627384045 -1.87281058538103 0
0.1690722605299572 1.899383561449393 0
0.224982413894248 1.872812977072226 0
-1.899383561449393 0.1690722605299572 0
-1.872812977072226 0.224982413894248 0
1.899383561449393 -0.1690722605299573 0
1.872812977072227 -0.2249824138942482 0
0.484599230275955 -1.519197896913787 0
1.524428354821027 0.4824423569168326 0
-0.4824423569168326 1.524428354821028 0
-1.524428354821027 -0.4824423569168326 0
0.1570316039736255 2.033723030170491 0
-2.033723030170491 0.1570316039736255 0
2.033723030170491 -0.1570316039736255 0
-0.1570316039736254 -2.033723030170491 0
1.266942830023997 1.419788559106388 0
-1.419788559106388 1.266942830023997 0
-1.266942830023997 -1.419788559106388 0
1.106111850728791 -1.527168066754169 0
1.527168066754169 1.10611185072879 0
-1.10611185072879 1.527168066754169 0
-1.527168066754169 -1.10611185072879 0
0.02520261479641638 -2.060018891897146 0
2.06003592873584 0.02517241956367175 0
-0.02517241956367175 2.06003592873584 0
-2.06003592873584 -0.02517241956367175 0
1.001386076419816 1.909572789452802 0
-1.909572789452802 1.001386076419816 0
-1.001386076419816 -1.909572789452802 0
1.909572789452802 -1.001386076419816 0
1.109982310649803 1.856575567383867 0
-1.856575567383867 1.109982310649803 0
-1.109982310649803 -1.856575567383867 0
1.856575567383867 -1.109982310649803 0
1.053209518966189 -1.890873297314245 0
1.890873297314246 1.053209518966189 0
-1.053209518966189 1.890873297314246 0
-1.890873297314246 -1.053209518966189 0
1.277854950980743 1.747472671009366 0
-1.747472671009366 1.277854950980743 0
-1.277854950980743 -1.747472671009366 0
1.747472671009366 -1.277854950980743 0
1.232417972618875 -1.770078149416719 0
1.770078149416718 1.232417972618876 0
-1.232417972618876 1.770078149416718 0
-1.770078149416718 -1.232417972618876 0
-0.4022297225535222 -1.983358633633902 0
0.4035742168737673 1.989722377698636 0
-1.989722377698636 0.4035742168737673 0
1.989722377698636 -0.4035742168737674 0
-0.6484662913272352 -1.934020104357847 0
1.934020104357847 -0.6484662913272352 0
0.6484662913272352 1.934020104357847 0
-1.934020104357847 0.6484662913272352 0
0.7957604610421449 2.007362063620587 0
-2.007362063620587 0.7957604610421449 0
-0.7957604610421449 -2.007362063620587 0
2.007362063620587 -0.7957604610421449 0
1.65270855845749 1.246811291414517 0
-1.246811291414517 1.65270855845749 0
-1.65270855845749 -1.246811291414517 0
1.24681129141452 -1.652708558457493 0
-1.348135649369203 -1.31800574479635 0
1.313250183347494 -1.350119574090125 0
1.348135649369205 1.31800574479635 0
-1.31800574479635 1.348135649369205 0
2.030333227997605 0.7297520063547018 0
-0.7297520063547018 2.030333227997605 0
-2.030333227997605 -0.7297520063547018 0
0.7298217173022414 -2.030678048340384 0
1.750457947264097 -0.7005531307668756 0
0.7005531307668744 1.750457947264098 0
-1.750457947264098 0.7005531307668744 0
-0.700553130766876 -1.750457947264098 0
2.143005508922877 0.2433856483279115 0
-0.2433856483279115 2.143005508922877 0
-2.143005508922877 -0.2433856483279115 0
0.2441162054245359 -2.14351809728098 0
0.5182566167481879 -1.839016075475434 0
1.837925332308479 0.5179256234087697 0
-0.5179256234087697 1.837925332308479 0
-1.837925332308479 -0.5179256234087697 0
0.3360441072232568 2.044652773336658 0
-2.044652773336658 0.3360441072232568 0
2.044652773336658 -0.3360441072232568 0
-0.3359215802536035 -2.044596967208882 0
0.4876134070982948 2.013791740341109 0
-2.013791740341109 0.4876134070982948 0
2.013791740341109 -0.4876134070982948 0
-0.4882150912555825 -2.011636299218857 0
0.614006947025613 1.984059324844552 0
-1.984059324844552 0.614006947025613 0
-0.614006947025613 -1.984059324844552 0
1.984059324844552 -0.614006947025613 0
0.7054879979001228 1.953068705832194 0
-1.953068705832194 0.7054879979001228 0
-0.7054879979001228 -1.953068705832194 0
1.953068705832194 -0.7054879979001228 0
1.361089898768511 -1.10640560611256 0
1.080252879593643 1.69857461535456 0
-1.69857461535456 1.080252879593643 0
-1.080252879593643 -1.69857461535456 0
1.698380060971344 -1.080645523452575 0
0.5071540158815053 1.781158348910775 0
-1.781158348910775 0.5071540158815053 0
1.781158348910775 -0.5071540158815059 0
-0.5071525158791688 -1.781158981679555 0
-0.2070742237569081 -2.066144055945688 0
0.2070742237569085 2.066144055945688 0
-2.066144055945688 0.2070742237569085 0
2.066144055945688 -0.2070742237569085 0
0.1118058853679193 2.07368886295564 0
-2.07368886295564 0.1118058853679193 0
2.07368886295564 -0.1118058853679193 0
-0.1118058853679197 -2.07368886295564 0
1.136978940662811 1.685644235373239 0
-1.685644235373239 1.136978940662811 0
-1.136978940662811 -1.685644235373239 0
1.684315851874713 -1.136773284848544 0
0.8448618653554234 -1.243485398205931 0
-1.243485398205931 -0.8448618653554235 0
1.231517117346748 0.8579725741818819 0
-0.8579725741818819 1.231517117346748 0
0.4703326203243491 -2.032056707760579 0
2.034271860442141 0.472944109397718 0
-0.472944109397718 2.034271860442141 0
-2.034271860442141 -0.472944109397718 0
0.1000517676679236 2.164086735258004 0
-2.164086735258004 0.1000517676679236 0
2.164086735258004 -0.1000517676679236 0
-0.1000517676679235 -2.164086735258004 0
-0.05581922701054474 -1.987674723768742 0
1.987674723768742 -0.05581922701054481 0
0.05581922701054476 1.987674723768742 0
-1.987674723768742 0.05581922701054476 0
1.524561170050188 -1.111035688663521 0
1.110945028888221 1.524138855700575 0
-1.524138855700575 1.110945028888221 0
-1.110945028888221 -1.524138855700575 0
0.04999982839144364 2.157524821924418 0
-2.157524821924418 0.04999982839144364 0
2.157524821924418 -0.04999982839144364 0
-0.04999982839144323 -2.157524821924418 0
1.140891404458791 1.392283423953413 0
-1.392283423953413 1.140891404458791 0
-1.140891404458791 -1.392283423953413 0
1.549147059744151 -0.08190782279006306 0
0.08190782279006337 1.549147059744152 0
-1.549147059744152 0.08190782279006337 0
-0.08425259860661041 -1.547772809698265 0
0.9905853066276746 1.758437752152038 0
-1.758437752152038 0.9905853066276746 0
-0.9905853066276746 -1.758437752152038 0
1.758437752152039 -0.9905853066276745 0
-0.3463684896746551 -1.888346243797222 0
1.889392773266362 -0.3462438255554884 0
0.3462438255554884 1.889392773266362 0
-1.889392773266362 0.3462438255554884 0
1.739317018746886 1.051831575677171 0
-1.051831575677171 1.739317018746886 0
-1.739317018746886 -1.051831575677171 0
1.051831575677173 -1.739317018746887 0
1.536958422318265 1.51620699691098 0
-1.51620699691098 1.536958422318265 0
-1.536958422318265 -1.51620699691098 0
1.516275810585411 -1.536851740491896 0
-1.301848798362937 -1.36250869067519 0
1.301848798362937 1.36250869067519 0
-1.36250869067519 1.301848798362937 0
1.732115154436654 0.6737276102417201 0
-0.6737276102417201 1.732115154436654 0
-1.732115154436654 -0.6737276102417201 0
0.67372761024172 -1.732115154436654 0
1.19267165048161 1.488455226903223 0
-1.488455226903223 1.19267165048161 0
-1.19267165048161 -1.488455226903223 0
1.030398680744354 -0.828055402195121 0
0.8319644959913896 1.02580821385102 0
-1.02580821385102 0.8319644959913896 0
-0.8319644959913898 -1.02580821385102 0
1.111146098204955 1.292921440207851 0
-1.292921440207851 1.111146098204955 0
-1.111642214819108 -1.29287620208985 0
1.579608446036799 1.485183229583835 0
-1.485183229583835 1.579608446036799 0
-1.579608446036799 -1.485183229583835 0
1.485183229583835 -1.579608446036798 0
1.488218174476795 -1.192591150418384 0
0.8327496252150841 -1.397804406390162 0
-1.397804406390161 -0.8327496252150844 0
1.397804406390161 0.8327496252150843 0
-0.8327496252150843 1.397804406390161 0
1.233120707224336 -1.091898740128697 0
-0.5333367270910315 -2.035663601046257 0
0.533216390259574 2.036094689270707 0
-2.036094689270707 0.533216390259574 0
2.036094689270707 -0.533216390259574 0
1.606310847940667 -1.087888702763542 0
1.089065409324827 1.603761690411757 0
-1.603761690411757 1.089065409324827 0
-1.089065409324827 -1.603761690411757 0
0.6254709492296764 2.076281234904975 0
-2.076281234904975 0.6254709492296764 0
-0.6254709492296764 -2.076281234904975 0
2.076281234904975 -0.6254709492296764 0
0.7521023902981214 2.033838653684649 0
-2.033838653684649 0.7521023902981214 0
-0.7521023902981214 -2.033838653684649 0
2.033838653684649 -0.7521023902981214 0
-0.496466917149992 -2.110847916873718 0
0.496466917149992 2.110847916873719 0
-2.110847916873719 0.496466917149992 0
2.110847916873719 -0.496466917149992 0
-0.3027291732888477 -2.082714529319145 0
0.3027536786827784 2.0827256905447 0
-2.0827256905447 0.3027536786827784 0
2.0827256905447 -0.3027536786827784 0
0.2333094337596452 2.155895461000829 0
-2.155895461000829 0.2333094337596452 0
2.155895461000829 -0.2333094337596452 0
-0.2333094337596453 -2.155895461000831 0
0.3655862223819406 2.137446164435908 0
-2.137446164435908 0.3655862223819406 0
-0.3655862223819407 -2.137446164435908 0
2.137446164435908 -0.3655862223819406 0
0.7776169965602951 -1.592793049259602 0
1.592793049259603 0.7776169965602955 0
-0.7776169965602955 1.592793049259603 0
-1.592793049259603 -0.7776169965602955 0
0.6986662031099137 1.507229409328562 0
-1.507229409328562 0.6986662031099137 0
1.507348385807033 -0.698695149898513 0
-0.6986662031099138 -1.507229409328562 0
0.9292512086090662 1.953816410719799 0
-1.953816410719799 0.9292512086090662 0
-0.9292512086090662 -1.953816410719799 0
1.953816410719799 -0.9292512086090662 0
2.056349489278523 0.6892188858993672 0
-0.6892188858993672 2.056349489278523 0
-2.056349489278523 -0.6892188858993672 0
0.6892188858993672 -2.056349489278523 0
0.9175825388969918 1.869643108549689 0
-1.869643108549689 0.9175825388969918 0
-0.9175825388969918 -1.869643108549689 0
1.869643108549689 -0.9175825388969918 0
1.84323875160594 0.7717723560916051 0
-0.7717723560916051 1.84323875160594 0
-1.84323875160594 -0.7717723560916051 0
0.7709958023108806 -1.843645368062964 0
1.556928715158583 -1.083895694813403 0
1.084185429435875 1.556048861172041 0
-1.556048861172041 1.084185429435875 0
-1.084185429435875 -1.556048861172041 0
1.981184647623594 0.8650681516052867 0
-0.8650681516052867 1.981184647623594 0
-1.981184647623594 -0.8650681516052867 0
0.8650681516052863 -1.981184647623593 0
1.549099948703122 1.211910567261728 0
-1.211910567261728 1.549099948703122 0
-1.549099948703122 -1.211910567261728 0
1.211910567261728 -1.549099948703123 0
2 2 0 2742
1725
1726
1727
1728
1729
1730
1731
1732
1733
1734
1735
1736
1737
1738
1739
1740
1741
1742
1743
1744
1745
1746
1747
1748
1749
1750
1751
1752
1753
1754
1755
1756
1757
1758
1759
1760
1761
1762
1763
1764
1765
1766
1767
1768
1769
1770
1771
1772
1773
1774
1775
1776
1777
1778
1779
1780
1781
1782
1783
1784
1785
1786
1787
1788
1789
1790
1791
1792
1793
1794
1795
1796
1797
1798
1799
1800
1801
1802
1803
1804
1805
1806
1807
1808
1809
1810
1811
1812
1813
1814
1815
1816
1817
1818
1819
1820
1821
1822
1823
1824
1825
1826
1827
1828
1829
1830
1831
1832
1833
1834
1835
1836
1837
1838
1839
1840
1841
1842
1843
1844
1845
1846
1847
1848
1849
1850
1851
1852
1853
1854
1855
1856
1857
1858
1859
1860
1861
1862
1863
1864
1865
1866
1867
1868
1869
1870
1871
1872
1873
1874
1875
1876
1877
1878
1879
1880
1881
1882
1883
1884
1885
1886
1887
1888
1889
1890
1891
1892
1893
1894
1895
1896
1897
1898
1899
1900
1901
1902
1903
1904
1905
1906
1907
1908
1909
1910
1911
1912
1913
1914
1915
1916
1917
1918
1919
1920
1921
1922
1923
1924
1925
1926
1927
1928
1929
1930
1931
1932
1933
1934
1935
1936
1937
1938
1939
1940
1941
1942
1943
1944
1945
1946
1947
1948
1949
1950
1951
1952
1953
1954
1955
1956
1957
1958
1959
1960
1961
1962
1963
1964
1965
1966
1967
1968
1969
1970
1971
1972
1973
1974
1975
1976
1977
1978
1979
1980
1981
1982
1983
1984
1985
1986
1987
1988
1989
1990
1991
1992
1993
1994
1995
1996
1997
1998
1999
2000
2001
2002
2003
2004
2005
2006
2007
2008
2009
2010
2011
2012
2013
2014
2015
2016
2017
2018
2019
2020
2021
2022
2023
2024
2025
2026
2027
2028
2029
2030
2031
2032
2033
2034
2035
2036
2037
2038
2039
2040
2041
2042
2043
2044
2045
2046
2047
2048
2049
2050
2051
2052
2053
2054
2055
2056
2057
2058
2059
2060
2061
2062
2063
2064
2065
2066
2067
2068
2069
2070
2071
2072
2073
2074
2075
2076
2077
2078
2079
2080
2081
2082
2083
2084
2085
2086
2087
2088
2089
2090
2091
2092
2093
2094
2095
2096
2097
2098
2099
2100
2101
2102
2103
2104
2105
2106
2107
2108
2109
2110
2111
2112
2113
2114
2115
2116
2117
2118
2119
2120
2121
2122
2123
2124
2125
2126
2127
2128
2129
2130
2131
2132
2133
2134
2135
2136
2137
2138
2139
2140
2141
2142
2143
2144
2145
2146
2147
2148
2149
2150
2151
2152
2153
2154
2155
2156
2157
2158
2159
2160
2161
2162
2163
2164
2165
2166
2167
2168
2169
2170
2171
2172
2173
2174
2175
2176
2177
2178
2179
2180
2181
2182
2183
2184
2185
2186
2187
2188
2189
2190
2191
2192
2193
2194
2195
2196
2197
2198
2199
2200
2201
2202
2203
2204
2205
2206
2207
2208
2209
2210
2211
2212
2213
2214
2215
2216
2217
2218
2219
2220
2221
2222
2223
2224
2225
2226
2227
2228
2229
2230
2231
2232
2233
2234
2235
2236
2237
2238
2239
2240
2241
2242
2243
2244
2245
2246
2247
2248
2249
2250
2251
2252
2253
2254
2255
2256
2257
2258
2259
2260
2261
2262
2263
2264
2265
2266
2267
2268
2269
2270
2271
2272
2273
2274
2275
2276
2277
2278
2279
2280
2281
2282
2283
2284
2285
2286
2287
2288
2289
2290
2291
2292
2293
2294
2295
2296
2297
2298
2299
2300
2301
2302
2303
2304
2305
2306
2307
2308
2309
2310
2311
2312
2313
2314
2315
2316
2317
2318
2319
2320
2321
2322
2323
2324
2325
2326
2327
2328
2329
2330
2331
2332
2333
2334
2335
2336
2337
2338
2339
2340
2341
2342
2343
2344
2345
2346
2347
2348
2349
2350
2351
2352
2353
2354
2355
2356
2357
2358
2359
2360
2361
2362
2363
2364
2365
2366
2367
2368
2369
2370
2371
2372
2373
2374
2375
2376
2377
2378
2379
2380
2381
2382
2383
2384
2385
2386
2387
2388
2389
2390
2391
2392
2393
2394
2395
2396
2397
2398
2399
2400
2401
2402
2403
2404
2405
2406
2407
2408
2409
2410
2411
2412
2413
2414
2415
2416
2417
2418
2419
2420
2421
2422
2423
2424
2425
2426
2427
2428
2429
2430
2431
2432
2433
2434
2435
2436
2437
2438
2439
2440
2441
2442
2443
2444
2445
2446
2447
2448
2449
2450
2451
2452
2453
2454
2455
2456
2457
2458
2459
2460
2461
2462
2463
2464
2465
2466
2467
2468
2469
2470
2471
2472
2473
2474
2475
2476
2477
2478
2479
2480
2481
2482
2483
2484
2485
2486
2487
2488
2489
2490
2491
2492
2493
2494
2495
2496
2497
2498
2499
2500
2501
2502
2503
2504
2505
2506
2507
2508
2509
2510
2511
2512
2513
2514
2515
2516
2517
2518
2519
2520
2521
2522
2523
2524
2525
2526
2527
2528
2529
2530
2531
2532
2533
2534
2535
2536
2537
2538
2539
2540
2541
2542
2543
2544
2545
2546
2547
2548
2549
2550
2551
2552
2553
2554
2555
2556
2557
2558
2559
2560
2561
2562
2563
2564
2565
2566
2567
2568
2569
2570
2571
2572
2573
2574
2575
2576
2577
2578
2579
2580
2581
2582
2583
2584
2585
2586
2587
2588
2589
2590
2591
2592
2593
2594
2595
2596
2597
2598
2599
2600
2601
2602
2603
2604
2605
2606
2607
2608
2609
2610
2611
2612
2613
2614
2615
2616
2617
2618
2619
2620
2621
2622
2623
2624
2625
2626
2627
2628
2629
2630
2631
2632
2633
2634
2635
2636
2637
2638
2639
2640
2641
2642
2643
2644
2645
2646
2647
2648
2649
2650
2651
2652
2653
2654
2655
2656
2657
2658
2659
2660
2661
2662
2663
2664
2665
2666
2667
2668
2669
2670
2671
2672
2673
2674
2675
2676
2677
2678
2679
2680
2681
2682
2683
2684
2685
2686
2687
2688
2689
2690
2691
2692
2693
2694
2695
2696
2697
2698
2699
2700
2701
2702
2703
2704
2705
2706
2707
2708
2709
2710
2711
2712
2713
2714
2715
2716
2717
2718
2719
2720
2721
2722
2723
2724
2725
2726
2727
2728
2729
2730
2731
2732
2733
2734
2735
2736
2737
2738
2739
2740
2741
2742
2743
2744
2745
2746
2747
2748
2749
2750
2751
2752
2753
2754
2755
2756
2757
2758
2759
2760
2761
2762
2763
2764
2765
2766
2767
2768
2769
2770
2771
2772
2773
2774
2775
2776
2777
2778
2779
2780
2781
2782
2783
2784
2785
2786
2787
2788
2789
2790
2791
2792
2793
2794
2795
2796
2797
2798
2799
2800
2801
2802
2803
2804
2805
2806
2807
2808
2809
2810
2811
2812
2813
2814
2815
2816
2817
2818
2819
2820
2821
2822
2823
2824
2825
2826
2827
2828
2829
2830
2831
2832
2833
2834
2835
2836
2837
2838
2839
2840
2841
2842
2843
2844
2845
2846
2847
2848
2849
2850
2851
2852
2853
2854
2855
2856
2857
2858
2859
2860
2861
2862
2863
2864
2865
2866
2867
2868
2869
2870
2871
2872
2873
2874
2875
2876
2877
2878
2879
2880
2881
2882
2883
2884
2885
2886
2887
2888
2889
2890
2891
2892
2893
2894
2895
2896
2897
2898
2899
2900
2901
2902
2903
2904
2905
2906
2907
2908
2909
2910
2911
2912
2913
2914
2915
2916
2917
2918
2919
2920
2921
2922
2923
2924
2925
2926
2927
2928
2929
2930
2931
2932
2933
2934
2935
2936
2937
2938
2939
2940
2941
2942
2943
2944
2945
2946
2947
2948
2949
2950
2951
2952
2953
2954
2955
2956
2957
2958
2959
2960
2961
2962
2963
2964
2965
2966
2967
2968
2969
2970
2971
2972
2973
2974
2975
2976
2977
2978
2979
2980
2981
2982
2983
2984
2985
2986
2987
2988
2989
2990
2991
2992
2993
2994
2995
2996
2997
2998
2999
3000
3001
3002
3003
3004
3005
3006
3007
3008
3009
3010
3011
3012
3013
3014
3015
3016
3017
3018
3019
3020
3021
3022
3023
3024
3025
3026
3027
3028
3029
3030
3031
3032
3033
3034
3035
3036
3037
3038
3039
3040
3041
3042
3043
3044
3045
3046
3047
3048
3049
3050
3051
3052
3053
3054
3055
3056
3057
3058
3059
3060
3061
3062
3063
3064
3065
3066
3067
3068
3069
3070
3071
3072
3073
3074
3075
3076
3077
3078
3079
3080
3081
3082
3083
3084
3085
3086
3087
3088
3089
3090
3091
3092
3093
3094
3095
3096
3097
3098
3099
3100
3101
3102
3103
3104
3105
3106
3107
3108
3109
3110
3111
3112
3113
3114
3115
3116
3117
3118
3119
3120
3121
3122
3123
3124
3125
3126
3127
3128
3129
3130
3131
3132
3133
3134
3135
3136
3137
3138
3139
3140
3141
3142
3143
3144
3145
3146
3147
3148
3149
3150
3151
3152
3153
3154
3155
3156
3157
3158
3159
3160
3161
3162
3163
3164
3165
3166
3167
3168
3169
3170
3171
3172
3173
3174
3175
3176
3177
3178
3179
3180
3181
3182
3183
3184
3185
3186
3187
3188
3189
3190
3191
3192
3193
3194
3195
3196
3197
3198
3199
3200
3201
3202
3203
3204
3205
3206
3207
3208
3209
3210
3211
3212
3213
3214
3215
3216
3217
3218
3219
3220
3221
3222
3223
3224
3225
3226
3227
3228
3229
3230
3231
3232
3233
3234
3235
3236
3237
3238
3239
3240
3241
3242
3243
3244
3245
3246
3247
3248
3249
3250
3251
3252
3253
3254
3255
3256
3257
3258
3259
3260
3261
3262
3263
3264
3265
3266
3267
3268
3269
3270
3271
3272
3273
3274
3275
3276
3277
3278
3279
3280
3281
3282
3283
3284
3285
3286
3287
3288
3289
3290
3291
3292
3293
3294
3295
3296
3297
3298
3299
3300
3301
3302
3303
3304
3305
3306
3307
3308
3309
3310
3311
3312
3313
3314
3315
3316
3317
3318
3319
3320
3321
3322
3323
3324
3325
3326
3327
3328
3329
3330
3331
3332
3333
3334
3335
3336
3337
3338
3339
3340
3341
3342
3343
3344
3345
3346
3347
3348
3349
3350
3351
3352
3353
3354
3355
3356
3357
3358
3359
3360
3361
3362
3363
3364
3365
3366
3367
3368
3369
3370
3371
3372
3373
3374
3375
3376
3377
3378
3379
3380
3381
3382
3383
3384
3385
3386
3387
3388
3389
3390
3391
3392
3393
3394
3395
3396
3397
3398
3399
3400
3401
3402
3403
3404
3405
3406
3407
3408
3409
3410
3411
3412
3413
3414
3415
3416
3417
3418
3419
3420
3421
3422
3423
3424
3425
3426
3427
3428
3429
3430
3431
3432
3433
3434
3435
3436
3437
3438
3439
3440
3441
3442
3443
3444
3445
3446
3447
3448
3449
3450
3451
3452
3453
3454
3455
3456
3457
3458
3459
3460
3461
3462
3463
3464
3465
3466
3467
3468
3469
3470
3471
3472
3473
3474
3475
3476
3477
3478
3479
3480
3481
3482
3483
3484
3485
3486
3487
3488
3489
3490
3491
3492
3493
3494
3495
3496
3497
3498
3499
3500
3501
3502
3503
3504
3505
3506
3507
3508
3509
3510
3511
3512
3513
3514
3515
3516
3517
3518
3519
3520
3521
3522
3523
3524
3525
3526
3527
3528
3529
3530
3531
3532
3533
3534
3535
3536
3537
3538
3539
3540
3541
3542
3543
3544
3545
3546
3547
3548
3549
3550
3551
3552
3553
3554
3555
3556
3557
3558
3559
3560
3561
3562
3563
3564
3565
3566
3567
3568
3569
3570
3571
3572
3573
3574
3575
3576
3577
3578
3579
3580
3581
3582
3583
3584
3585
3586
3587
3588
3589
3590
3591
3592
3593
3594
3595
3596
3597
3598
3599
3600
3601
3602
3603
3604
3605
3606
3607
3608
3609
3610
3611
3612
3613
3614
3615
3616
3617
3618
3619
3620
3621
3622
3623
3624
3625
3626
3627
3628
3629
3630
3631
3632
3633
3634
3635
3636
3637
3638
3639
3640
3641
3642
3643
3644
3645
3646
3647
3648
3649
3650
3651
3652
3653
3654
3655
3656
3657
3658
3659
3660
3661
3662
3663
3664
3665
3666
3667
3668
3669
3670
3671
3672
3673
3674
3675
3676
3677
3678
3679
3680
3681
3682
3683
3684
3685
3686
3687
3688
3689
3690
3691
3692
3693
3694
3695
3696
3697
3698
3699
3700
3701
3702
3703
3704
3705
3706
3707
3708
3709
3710
3711
3712
3713
3714
3715
3716
3717
3718
3719
3720
3721
3722
3723
3724
3725
3726
3727
3728
3729
3730
3731
3732
3733
3734
3735
3736
3737
3738
3739
3740
3741
3742
3743
3744
3745
3746
3747
3748
3749
3750
3751
3752
3753
3754
3755
3756
3757
3758
3759
3760
3761
3762
3763
3764
3765
3766
3767
3768
3769
3770
3771
3772
3773
3774
3775
3776
3777
3778
3779
3780
3781
3782
3783
3784
3785
3786
3787
3788
3789
3790
3791
3792
3793
3794
3795
3796
3797
3798
3799
3800
3801
3802
3803
3804
3805
3806
3807
3808
3809
3810
3811
3812
3813
3814
3815
3816
3817
3818
3819
3820
3821
3822
3823
3824
3825
3826
3827
3828
3829
3830
3831
3832
3833
3834
3835
3836
3837
3838
3839
3840
3841
3842
3843
3844
3845
3846
3847
3848
3849
3850
3851
3852
3853
3854
3855
3856
3857
3858
3859
3860
3861
3862
3863
3864
3865
3866
3867
3868
3869
3870
3871
3872
3873
3874
3875
3876
3877
3878
3879
3880
3881
3882
3883
3884
3885
3886
3887
3888
3889
3890
3891
3892
3893
3894
3895
3896
3897
3898
3899
3900
3901
3902
3903
3904
3905
3906
3907
3908
3909
3910
3911
3912
3913
3914
3915
3916
3917
3918
3919
3920
3921
3922
3923
3924
3925
3926
3927
3928
3929
3930
3931
3932
3933
3934
3935
3936
3937
3938
3939
3940
3941
3942
3943
3944
3945
3946
3947
3948
3949
3950
3951
3952
3953
3954
3955
3956
3957
3958
3959
3960
3961
3962
3963
3964
3965
3966
3967
3968
3969
3970
3971
3972
3973
3974
3975
3976
3977
3978
3979
3980
3981
3982
3983
3984
3985
3986
3987
3988
3989
3990
3991
3992
3993
3994
3995
3996
3997
3998
3999
4000
4001
4002
4003
4004
4005
4006
4007
4008
4009
4010
4011
4012
4013
4014
4015
4016
4017
4018
4019
4020
4021
4022
4023
4024
4025
4026
4027
4028
4029
4030
4031
4032
4033
4034
4035
4036
4037
4038
4039
4040
4041
4042
4043
4044
4045
4046
4047
4048
4049
4050
4051
4052
4053
4054
4055
4056
4057
4058
4059
4060
4061
4062
4063
4064
4065
4066
4067
4068
4069
4070
4071
4072
4073
4074
4075
4076
4077
4078
4079
4080
4081
4082
4083
4084
4085
4086
4087
4088
4089
4090
4091
4092
4093
4094
4095
4096
4097
4098
4099
4100
4101
4102
4103
4104
4105
4106
4107
4108
4109
4110
4111
4112
4113
4114
4115
4116
4117
4118
4119
4120
4121
4122
4123
4124
4125
4126
4127
4128
4129
4130
4131
4132
4133
4134
4135
4136
4137
4138
4139
4140
4141
4142
4143
4144
4145
4146
4147
4148
4149
4150
4151
4152
4153
4154
4155
4156
4157
4158
4159
4160
4161
4162
4163
4164
4165
4166
4167
4168
4169
4170
4171
4172
4173
4174
4175
4176
4177
4178
4179
4180
4181
4182
4183
4184
4185
4186
4187
4188
4189
4190
4191
4192
4193
4194
4195
4196
4197
4198
4199
4200
4201
4202
4203
4204
4205
4206
4207
4208
4209
4210
4211
4212
4213
4214
4215
4216
4217
4218
4219
4220
4221
4222
4223
4224
4225
4226
4227
4228
4229
4230
4231
4232
4233
4234
4235
4236
4237
4238
4239
4240
4241
4242
4243
4244
4245
4246
4247
4248
4249
4250
4251
4252
4253
4254
4255
4256
4257
4258
4259
4260
4261
4262
4263
4264
4265
4266
4267
4268
4269
4270
4271
4272
4273
4274
4275
4276
4277
4278
4279
4280
4281
4282
4283
4284
4285
4286
4287
4288
4289
4290
4291
4292
4293
4294
4295
4296
4297
4298
4299
4300
4301
4302
4303
4304
4305
4306
4307
4308
4309
4310
4311
4312
4313
4314
4315
4316
4317
4318
4319
4320
4321
4322
4323
4324
4325
4326
4327
4328
4329
4330
4331
4332
4333
4334
4335
4336
4337
4338
4339
4340
4341
4342
4343
4344
4345
4346
4347
4348
4349
4350
4351
4352
4353
4354
4355
4356
4357
4358
4359
4360
4361
4362
4363
4364
4365
4366
4367
4368
4369
4370
4371
4372
4373
4374
4375
4376
4377
4378
4379
4380
4381
4382
4383
4384
4385
4386
4387
4388
4389
4390
4391
4392
4393
4394
4395
4396
4397
4398
4399
4400
4401
4402
4403
4404
4405
4406
4407
4408
4409
4410
4411
4412
4413
4414
4415
4416
4417
4418
4419
4420
4421
4422
4423
4424
4425
4426
4427
4428
4429
4430
4431
4432
4433
4434
4435
4436
4437
4438
4439
4440
4441
4442
4443
4444
4445
4446
4447
4448
4449
4450
4451
4452
4453
4454
4455
4456
4457
4458
4459
4460
4461
4462
4463
4464
4465
4466
-6.686532691164096 0.517476058745058 0
-5.501935005613587 -3.760886017068193 0
-1.669482164992099 -6.207711240676943 0
2.475632921145728 -6.193154628793688 0
5.701277410268841 -3.152146388884537 0
6.291289798488489 1.272691309579763 0
4.436488589329399 4.971894731261282 0
0.2809987895537922 6.509668771771794 0
-3.879099136904148 5.304686321478394 0
-4.48081897614567 2.492643772640909 0
-2.505756277656816 3.493711382021393 0
-0.5979453764026648 4.336975855569751 0
1.958489203288313 4.287895800560861 0
3.485540225658118 2.831746522375346 0
4.294225561976104 0.6393246530981136 0
4.149082203103888 -1.397069224051212 0
2.965913205256576 -3.664725875207962 0
0.9812531435996166 -4.382647090989982 0
-1.341924154934331 -4.129179277278168 0
-3.100021055662869 -3.09138825491795 0
-4.53459580609493 -1.090534395275118 0
-3.925912626643815 0.5094472096372277 0
-3.173026376910239 1.767364088511063 0
-2.269956985006783 2.414276672556874 0
-1.296107612238721 3.187283103837569 0
-0.252460414157287 3.258949188563208 0
0.99501922415036 3.30301470598672 0
2.137123761082643 2.741189912633943 0
2.668344340769384 1.834246674907734 0
3.048878450007733 0.9211362974543302 0
3.438971288519432 -0.2653247442098091 0
3.011385130169436 -1.22027641710634 0
2.513170237143552 -2.362938908022276 0
1.501208571180188 -3.134915738334811 0
0.4501171458878953 -3.226783997876719 0
-0.5344346023035044 -3.139829265646107 0
-1.770390386493951 -2.960175463948795 0
-2.435667801376699 -2.157973107423871 0
-3.236413719920479 -1.184717815868366 0
-3.153426951243305 -0.2484572202289785 0
-3.023065932177343 0.6051044810307433 0
2.907443130443361 0.2243160946663336 0
-1.095159226952776 -2.702622262449282 0
-2.307169747521926 1.764059923881287 0
-1.58198636124613 2.399611756383038 0
1.744864728146565 -2.386751610286784 0
1.36273697499715 2.634279440769524 0
2.022822497931929 2.043136599480157 0
0.9158113303738616 -2.732409398550268 0
0.3218911260306471 2.853253314035078 0
-0.7544891549525454 2.774028797961333 0
-1.769583084845458 -2.269762467705044 0
-2.470019861728501 -1.477243326088355 0
2.818057169238972 -0.5823839010148194 0
2.408476537696431 -1.572948131834744 0
-2.735271349838933 -0.7236981145407525 0
-2.587563273093824 1.139692564074406 0
2.494739529055983 1.201733491491156 0
-0.04320286207227961 -2.80516544720845 0
-2.746852986220206 0.1243803771063668 0
-1.903971695122283 2.013754548344979 0
0.7509156236455372 2.591308922695314 0
2.02528755321352 -1.881854173403307 0
-0.2032500682118786 2.721865756166373 0
-2.032886578775894 -1.832133987807572 0
2.526270930552866 -1.023697968383574 0
2.590568990496076 0.6903881913677742 0
-0.5413658204969265 -2.625629339874662 0
2.193994787632807 1.594116695260135 0
1.577615748932628 2.156036510675007 0
1.232778521799054 -2.386420294973692 0
0.4633333524841301 -2.672018974740688 0
-1.077764787233061 2.408074351658975 0
-2.557239980855772 0.6906191319383901 0
2.629394878837903 -0.09911373150831143 0
-1.26210923452872 -2.277019256214919 0
-2.63619988963634 -0.3031184473686164 0
-2.397694612936382 -1.077114800894114 0
3.562061471229503 0.4401509899184014 0
-1.19374419895768 -3.384821459306323 0
-2.211770425690283 1.332976583992254 0
-0.1999470342744935 -4.030962925365102 0
3.69738156772546 1.617690007202399 0
1.125578127692388 2.34611038958128 0
1.591996967633345 -2.061012287434872 0
3.00654682336471 -1.89811201032819 0
-2.994136604198407 -1.826357730127492 0
0.351462712917849 3.501272871493762 0
-1.948340223879056 3.019015801710145 0
-1.979392097187919 1.643666289235024 0
-1.511240269429317 2.081305192881996 0
2.560581626729354 0.2757897358683153 0
2.398719202752725 0.4795966585402326 0
-0.8954013788227192 -2.402358336067558 0
-0.63988380330534 -2.36101995060155 0
0.4192386548480936 2.518730618193113 0
0.117050230838411 2.516647461988568 0
0.6355704003090937 2.371981033445702 0
-0.1071451431099557 2.435815232020095 0
-0.4308992342841503 2.486191512646783 0
-0.725607985486431 2.398944090144198 0
-0.9158866417701406 2.259137181380359 0
-2.134832364103445 -1.480195245426677 0
-2.145216206531374 -1.194877590248131 0
-1.887201794443539 -1.561814735531131 0
-1.721228318897561 -1.83066086376415 0
-1.494063022630985 -2.03452320518652 0
2.494050902835919 -0.6622606109253875 0
2.419610255710293 -0.4191308248504458 0
2.299394837019208 -0.8461611965850713 0
2.231813048846973 -1.154537410069316 0
2.07831984214487 -1.429818621436778 0
1.874302402393086 -1.558045598007983 0
0.6598570274988531 4.843371762413017 0
-4.295143723341469 -2.434796574279273 0
4.04091001577329 -2.749359806949421 0
2.158380718797004 -2.993329001525448 0
1.673592295543932 3.240675783266852 0
-3.161418209282163 2.764140373563272 0
1.744915398545787 1.857031693210116 0
1.823880254786544 1.622157603862035 0
0.7454542288005559 -2.456315969249874 0
0.9205153846961094 -2.271638036347017 0
2.328107134311949 0.7020926260300825 0
-0.4093888764897385 -2.393543930934911 0
0.8421761431072741 2.277416499612081 0
1.954889965726879 1.442157576003 0
2.19866409368522 1.230749497529446 0
2.277526480879716 0.9666619707239233 0
1.129307302816069 -2.15548712105127 0
-1.116254902593084 2.1513734917289 0
1.715512076647046 -1.715512069004246 0
-0.1865446588036243 -2.417873717594265 0
0.1164178213051381 -2.518079063470226 0
0.3391772595420048 -2.41947025923275 0
1.330458924015684 -2.031429844526823 0
-2.538842962990197 0.3326876998312855 0
-2.425388707541194 0.1129989835474448 0
-2.415420117089858 -0.1232450054394741 0
-2.4367825651111 -0.7341338261708599 0
-2.391737595739782 -0.4902605551388389 0
2.419410745517388 0.110029032739866 0
-0.9660612519456896 -2.194654793941324 0
0.5359477500398916 -2.357039008557395 0
-2.339739074985836 0.9441942826616139 0
-1.71688037253234 4.240970584386006 0
-2.345624338134159 -3.919092525513674 0
4.55376541175471 -0.3528264890467676 0
1.537248214064882 1.853438322205369 0
1.37219732081832 2.009358464979547 0
1.177369782859947 2.119867101690538 0
-0.07864660518253627 -5.986551762355757 0
-0.05446471684190968 -3.317759388349724 0
2.994213810465896 1.43009795576267 0
5.390286856809943 2.596146343223215 0
0.277971660906337 2.390658632007046 0
-3.173187552111481 1.176782448128876 0
-4.088609220882587 1.429331399681103 0
-2.359733038433795 0.4805600264657949 0
-2.325916654034306 0.6985852505489396 0
-2.243575050608333 -0.8337722419264031 0
3.321775641182044 -0.7704220139642265 0
-2.173747635745733 -2.614496847193577 0
-0.7530161502316333 3.328770376953119 0
-2.159461985859566 1.045467973123264 0
2.479039397451521 2.341141252999295 0
0.9827552307642169 -3.261995757592414 0
2.198059687555701 -4.002782627253324 0
2.603076967484336 3.751490058931131 0
-0.5436191453698999 2.327163644511675 0
2.052938637310952 -1.223232457680025 0
-1.290590247027511 -2.014392685487894 0
-1.534397808274147 -1.824190076902027 0
-2.369370172774363 -0.2945092081540923 0
-2.170001944661608 -1.002934946430458 0
-2.74289777456246 2.115132787454074 0
1.00359346074719 2.172721429683869 0
2.602601497577886 6.387688159144098 0
4.559173036490916 -5.177859160073903 0
-1.134171052530768 -2.108898269288386 0
-3.916362236239078 -0.6832887235851302 0
2.367374661980371 0.3056201209178754 0
-0.7791379620812513 -2.256868960022736 0
-6.921046382506136 -1.859405407356801 0
0.4547445920310518 2.342521917774286 0
-1.93784947624773 -1.392228660686596 0
2.290405204455999 -0.6690330547944765 0
-1.729072844749383 -1.649842512786178 0
2.179080907876081 -0.9797079665364044 0
-1.694925278282253 1.802685508188865 0
-7.054447231457033 4.369175679071995 0
-1.977240579887127 6.548687001751029 0
6.960337730609766 -1.165874450654917 0
-0.2779507338374487 2.369706872232296 0
-0.007726965248051545 -2.385326910330354 0
-0.06103353470594988 -2.576632930645571 0
2.023493699178922 1.262851192026572 0
-4.157837597475798 -5.718494396443966 0
-1.732476256266175 1.628912953309929 0
-1.520071041532371 1.830824457895618 0
1.682817635288959 1.695372329463338 0
0.7452050039979873 -2.264325481544921 0
-3.240775699176156 -0.726623813595411 0
-3.204797804059224 0.2029395758839143 0
-3.752103262314246 -0.08451084228146713 0
-4.781632085237487 -0.04655013234018208 0
2.134575200099009 1.06426454400602 0
-1.869098436987837 -1.755838582408932 0
2.346171484080308 -1.034273963709489 0
2.356732989665239 -0.2648082711568723 0
2.402340377391019 -0.06451128141088264 0
-2.357635251641084 0.2591962061119811 0
-2.292512293828763 -0.6195584667304197 0
0.1844295390787353 -2.357891149523064 0
0.04207277052802839 2.370556600704151 0
-2.217502822311614 0.8280551287370856 0
-0.7568873591097089 2.248367260689894 0
1.913038581467476 -1.402798401528226 0
-0.7083378885173329 -3.807265982548947 0
3.723758597260949 1.062933240203837 0
-1.217030330599089 2.027176507906824 0
-1.386799292925844 1.948706173847246 0
1.558438222470918 -1.773437639753014 0
1.440314447722028 -1.922180904670316 0
0.9534697838338686 4.140373490507124 0
1.394240658155393 -3.81963177335587 0
2.797717219510195 2.950607741579735 0
3.281307871183762 -2.696987226761569 0
-3.882851952681775 -1.652233924151811 0
2.237731740051875 0.814069185804281 0
2.191743847701771 -1.311079809950432 0
2.475973925601074 -1.31603849589678 0
-1.639512063401572 -1.974749262602712 0
-1.911126511131875 -2.048836008494843 0
-0.5826475117859439 2.486650402647358 0
-0.4696094412920745 2.725672234059862 0
0.2609302041482588 2.542296759417544 0
-2.805333915297034 -1.207660136643437 0
2.075329220999345 -1.657147058088576 0
-2.000374653921366 -1.251207787586731 0
2.306829673973123 -0.5111796353916671 0
-2.774422910258648 1.551452342669222 0
1.974742541459266 1.812219941816632 0
0.9603947830003019 -2.488130329347495 0
-1.297239635368127 2.807390829157969 0
-1.345490811150013 2.226024659378165 0
1.771068670762535 2.534623180482297 0
1.480121032712077 -2.719041964162366 0
-2.050247207048429 1.150696199118873 0
-2.007705505789147 1.365557409565331 0
-1.863074347220387 1.449145489185752 0
2.409170519506366 -1.935726937625379 0
2.091694016595821 -2.276737535783977 0
0.6901647731282986 3.023807373974997 0
1.067004288191947 2.895352347952282 0
-1.384407530648281 -1.903609731045594 0
0.2416915735723335 -3.708653392700018 0
3.217604336550215 1.900783020014146 0
3.036583037585285 -0.1806231150201044 0
-1.52708518750921 -2.635507229446262 0
-1.201704259106218 3.893404620706031 0
4.014309649911248 -0.6554119037410017 0
-2.376032133607894 -3.301320860434388 0
6.935999391885228 4.847556805049681 0
1.21438618261409 -8.420907153337916 0
-3.862665525057128 4.065842880318606 0
-0.3190267107190884 -2.598603509458242 0
-2.964716541422975 -2.456646193657321 0
3.538385175872143 -1.556694084557803 0
-0.1741930974170458 3.846699065853731 0
2.364447438283455 0.8506258858482886 0
2.263092159701034 0.5505254788386601 0
-0.5206912799101012 -2.284592119991552 0
0.7065351393497151 2.241068127197347 0
2.615657717054388 0.47285498210197 0
-0.7426165685741356 -2.552210189230809 0
-3.535407811137762 0.7445117736046879 0
-2.790732457620425 0.4270571255580101 0
1.821022509564111 1.483302540907783 0
0.9645362687381462 -2.126839201500423 0
-1.600844454052571 -1.712074139833851 0
2.07883862480801 -1.082700060944944 0
-4.752963092403256 0.8196365799428632 0
-5.879945560109379 1.978951432882145 0
-2.347865063304202 0.01221353172574142 0
-2.584527425666236 -0.5905207114892181 0
-2.301285510876924 -1.343344722645585 0
2.604453466870845 -0.4687401602510507 0
1.37188289452589 2.21545893349146 0
-0.9532010825067685 -3.113305036481369 0
-1.34115850753972 -3.057376268045877 0
3.211795244263314 0.5344489656610675 0
3.334657480809912 0.162233855585449 0
-1.928841488957912 2.353443200870839 0
-2.226484147580164 2.057141706357284 0
-0.9683669188361118 2.12274711918799 0
-0.405675233565902 2.300810596632559 0
1.733684713062172 -1.571571640732606 0
-0.2896641938166672 -2.319830639764614 0
1.166522813886429 -2.022477129741342 0
-1.600692115499669 1.702461174340281 0
2.757735174589441 -1.457862699053792 0
-2.656893081012606 -1.799752937551211 0
0.1270849542231491 3.218754490458704 0
-2.897796243249627 0.9711805455604479 0
1.231370722747832 1.98701577462773 0
2.34923826226655 1.850329690861752 0
0.625893012894597 -2.935708594268696 0
0.411138915675749 -2.290579128499339 0
-2.517240964778794 2.934982480916398 0
-2.316619510444473 1.122100343125259 0
2.817768353341192 -0.8857646278415703 0
0.6936068538288398 -3.589722604749003 0
2.873532753719063 2.255010972943845 0
2.472035765730997 1.017436051904116 0
2.250324926417633 1.102924911562972 0
2.502053333621598 1.553251587479697 0
0.2880830680451654 -2.935322046280625 0
2.623022306189951 0.08328139239831606 0
-1.085021667646512 -2.380614512977423 0
2.736547214920726 -2.901516017032879 0
1.377582153017354 3.742918432148924 0
-1.773462828301599 3.61368404677414 0
1.404186301383259 1.861691868682877 0
-8.371875339928804 2.0042599944963 0
-2.268273574154626 -1.659616143756375 0
-2.601313461543156 -0.01374648387490858 0
0.04116460418707293 2.740646601106538 0
-2.254282018137509 0.5832792494564928 0
0.5267031538088102 2.753986027077372 0
2.137526787937458 0.9223398770867361 0
-1.752115079409693 -3.576332845396414 0
3.982382244875127 0.02568606236464134 0
-2.059750119118304 -1.084596641779741 0
-1.263517413494386 5.347158517167919 0
-3.498324777818795 -4.227040061459728 0
5.342257425379418 -1.246937868442844 0
0.1519797881947886 2.319983706860766 0
-1.975274392356381 1.251105297574574 0
2.281037821779812 0.4167456651316605 0
-0.643690582373884 -2.227660825150356 0
-2.296936177812417 -0.4007767725720215 0
2.661253126638115 -1.772203122836261 0
-0.7404599310253982 -5.024383292121539 0
4.825142059149678 1.576184017359984 0
0.5744558016315957 2.264351799299535 0
-1.824047347554373 -1.455781632933104 0
2.204194358478232 -0.7667960055358081 0
2.094886831965887 2.388412733420203 0
1.204252852223022 -2.939854008181571 0
2.903311689670414 -4.815836871221501 0
1.771672893863579 -4.998961123778819 0
3.015452745653853 4.744207426465496 0
3.683867260212192 3.813572403366675 0
-0.5418840657029034 3.0636650495142 0
-2.895443651838838 -0.4486397416885063 0
0.6200593072470507 -2.234116366837244 0
-2.797712460826558 -1.508563496085852 0
-2.100935039508649 -2.263851900139456 0
-0.8976192488290093 8.635934309648562 0
-2.961593078584697 -0.9831795625184784 0
-1.040683479927772 2.962497037623726 0
3.151372397658672 -0.4727042284450284 0
-1.845748514891226 -2.580932770570356 0
8.123687785427542 -3.030711559031535 0
-2.116830196614884 -1.32320464248742 0
2.432827787504566 -0.5337316063314432 0
2.294080220334248 -0.3867111089779333 0
8.550133467549344 0.1794751988920567 0
-3.654189777315354 -7.763186291881946 0
1.719624136940803 1.555378327490649 0
0.8393859087344766 -2.175479651539598 0
-3.943783547740145 7.654618135519864 0
-6.230883979962854 -5.879911554948571 0
0.8764977100777732 2.168918416407268 0
2.47254832732838 0.3781952957841747 0
-0.7622704594323286 -2.377759229078451 0
-1.927968176626188 -5.043520857224157 0
-2.314931417197805 -0.1930643299017703 0
0.532079405300227 2.442080125893523 0
-1.996421092330227 -1.504862602167444 0
2.384932024990455 -0.7542211083788932 0
2.566663346197656 -0.8345126921436167 0
-0.1617376332161859 2.321065997544001 0
5.371204408038293 0.522296578182212 0
-2.841490063458322 4.64157331608317 0
1.442628915760814 -2.253424948777196 0
1.311954995888297 -1.917476319550432 0
1.064051861401031 2.060085382609289 0
-2.707376721869775 2.539845121986747 0
-3.494776574078728 -2.228080366001951 0
3.537911187301538 -2.150734266384695 0
-3.497924949783899 -0.4237248071718719 0
0.3224329453742855 4.109581727666447 0
2.841664418951349 1.152280336970728 0
-0.2324508748623045 -3.05559346259102 0
2.02180914923 1.134472744743782 0
-0.05806759900718034 2.62204746971314 0
-0.7694362600288396 2.630597069187692 0
-1.63375625318993 -2.1741621995998 0
2.24518868616471 -1.491645080001734 0
2.319048510175243 0.1933015328939572 0
-0.8576218749810708 -2.160073714663675 0
1.618404236912673 2.867947454617105 0
1.836481991685447 -2.715504804179607 0
1.789267917791162 1.73883793368593 0
0.8266201496246498 -2.354088768351519 0
-5.893523775587919 -0.8083797297888068 0
-5.390493433668393 -2.035292050069299 0
4.125784922669064 -7.58965073777356 0
-2.323141298400455 0.1432255101471074 0
4.954085953584833 7.070064441715328 0
1.56002410890384 1.727493700281102 0
-8.830282773307054 -0.3571904412668659 0
1.416980967017221 8.541112303893298 0
1.913421711641376 1.318455927958147 0
-2.332951411009376 0.8219392189247037 0
-2.528991326344865 0.9032026660207115 0
-2.84615016006202 1.266643622257026 0
3.0834663347506 -1.545508300256958 0
7.013733506654784 -5.074516206313888 0
-0.1119572224774174 -2.320168964622839 0
-1.671295843858915 2.77550909907728 0
-2.29604594880293 0.3620839929012638 0
-2.206018921807725 -0.7234692563962088 0
-7.826703804766899 -3.863619488918749 0
0.2908024597421696 -2.310329705572543 0
-0.621912572462644 2.235239579058866 0
1.938203580135267 -1.268193527378855 0
-0.4857548169224174 3.560465989873932 0
2.314686921591534 0.01832282474703736 0
-1.006931959872296 -2.083686581094965 0
-2.553558434377784 -2.530163441673644 0
3.427006702805119 -1.126172046022734 0
-2.385730454399447 0.5986118267881597 0
-2.50184936027892 0.5040063996032995 0
-2.476599524083253 0.2306802753442363 0
-0.3976825862625717 -3.482229013384428 0
3.294425259492531 1.196171975466823 0
2.912551165820116 0.653252937986214 0
-0.7134679504490011 -2.898387991165697 0
-2.41052247945408 -0.607210916517517 0
2.557135132374795 -0.2700840124647954 0
2.463356654953105 -0.1784780427249134 0
-2.12569744232361 0.9205570632605145 0
-0.8470552075771876 2.173472277486975 0
1.814386888409618 -1.466071512769251 0
2.162644739429866 1.39991756063106 0
2.395113296019657 1.387070068538402 0
0.2254376623989217 -2.47488151797675 0
0.2539590035171234 -2.686043460606617 0
1.483188198416629 1.96055075086871 0
1.653606963421318 1.96573896302244 0
1.840587096544212 2.052807608889617 0
2.784540446818657 -0.2996549283823692 0
-2.046327086980469 2.64631559713523 0
-0.0003534322121345091 2.485427285191351 0
2.694714746215408 -2.095774729960922 0
-2.149723638252777 -0.9024969160000642 0
-0.9207444367754942 2.440981432045016 0
-0.8332736337572366 2.344242983075257 0
1.97408477351264 -1.503889253146717 0
1.692882717937918 -1.906476027109734 0
1.856804846087158 -2.107598044681014 0
1.565777659167029 -1.896122506495137 0
-3.567564391564735 -0.9566550461210515 0
-1.755273153568731 1.51376792851222 0
-0.2662279992414648 2.563869084236209 0
4.274036760780622 2.363831481213374 0
0.2108495068439119 -4.879817918377863 0
0.6863604353999918 -2.671188095143683 0
0.3527094073941636 2.300460744300931 0
-2.597489921340889 -0.9195849373813192 0
1.304213816281459 2.089356743890046 0
-2.84956233723594 -0.1446961007928296 0
1.22484322942202 -2.141436917670695 0
-0.3018806710249095 -2.441557504264628 0
-3.739133715146199 2.247182101846622 0
2.145899336259094 -2.574852456063772 0
1.343202268964158 3.105822356016326 0
4.219193705199239 -4.046533333115202 0
1.742372556222435 5.580076553200215 0
1.890577635117239 -1.734610032163883 0
1.793143077410802 -1.815827817879806 0
2.145277647918622 -0.874021915154448 0
-1.732842744051987 -1.537330973472465 0
0.8019738896738183 2.442217810593478 0
-1.176825841084604 -1.994897020398618 0
-2.495213123264199 1.455209889319249 0
-1.891688499181616 1.339282703923096 0
-1.030390015065164 2.235694627419723 0
-0.782018442302466 -3.412342705514751 0
3.403176450075742 0.8209784777037324 0
-2.20210955489117 0.6946359323445745 0
-2.480269550081879 -0.006723159428516878 0
0.4195638787891583 3.131997435601506 0
0.6940155699413757 3.35004869539506 0
1.031716916492491 -2.237082225006787 0
1.916363189513946 1.542158185868009 0
2.214589068763584 0.6822965001488616 0
2.38230226930579 0.5939724268440735 0
-0.5248688703233182 -2.408088801774156 0
0.5524432901025973 -2.530121522317128 0
2.4422706959439 0.2318805378334738 0
-0.8908568574367602 -2.288648463776515 0
-3.206010473278202 2.259014467376059 0
-1.053476075060485 2.058027004279355 0
1.648564948500367 -1.627226874334543 0
-3.541037484354537 1.461091966636193 0
-0.3945271049775224 -2.280125961882691 0
0.6635543088783538 -2.356621164606308 0
1.059892318850826 -2.054333238623449 0
-3.287651831180209 0.4865682649729443 0
7.97739818036207 2.613946937550031 0
1.085115957787611 2.613755902449999 0
-2.267301732510091 -0.5083403252743828 0
1.642117607635753 1.80450165485604 0
-1.247577879694932 -8.371961708998199 0
-3.541637218255854 0.2397934524102809 0
-1.396448959980099 -2.17472069362412 0
-1.244412586630968 -2.126428782667434 0
-1.183593048197527 2.311103105836064 0
-5.589728835395563 3.912911709836505 0
-1.406369200831224 1.836037668663034 0
-5.83462624512167 6.419243093728765 0
-2.63633394417058 1.798141156857414 0
-3.126508745943926 -1.50013853638343 0
1.919938986202263 -3.382388510493868 0
2.539651500237835 -3.42179602682759 0
2.144671499179966 3.196061140128635 0
1.930984788545768 3.798226612575754 0
1.223767309215488 -2.654589714812339 0
2.310345243685324 -0.1532170425327052 0
-1.515577848838499 -2.344944060505679 0
0.07842876880640931 -2.314024454987858 0
0.3945757296022907 2.742361067296196 0
-0.1312856402672924 2.987521559246327 0
1.460451342679482 -1.792089606215909 0
-1.610381979168269 3.102253448593189 0
-3.979776224377671 -3.377789711199982 0
4.797827637246105 -2.056781510565722 0
-3.384056667708236 -0.03828514396952529 0
-2.414755300992815 -0.8830461088471804 0
-2.282696146047743 -0.9561661706056808 0
-1.273968944527192 1.92205383657708 0
-2.836473375852007 -2.20364884184449 0
-0.2972644134169247 5.207897246531274 0
-0.03683055069046531 3.528384937947661 0
-2.640456939928543 0.2535211528138647 0
0.3892441979960998 2.419023659527659 0
-1.641016309811464 1.954055070646788 0
-1.499088831056393 1.954472737773655 0
-1.856764849746145 1.764789029661108 0
1.30337998931906 1.900933476353016 0
2.751477792034807 -1.190266580708314 0
-0.05663859891636343 2.312240980471106 0
0.4450476076308876 -2.406679146351139 0
-1.004879718024059 2.706615274731269 0
-2.150923748399276 -1.610879395728568 0
-1.749264279538598 2.142122296851486 0
-2.043479290021314 1.8633053364734 0
-3.181202950895064 0.8596472538590415 0
0.5868906185465615 2.613583434251259 0
-2.403271857492783 0.3825233398823795 0
2.721412578160777 1.385912182077564 0
0.1823561522962699 -3.186469227475863 0
-4.965932444841866 1.854327030886858 0
-2.276726798605772 -1.943062705026249 0
-0.07292250386055463 -3.693164638636554 0
3.343358942961887 1.591502008559603 0
0.5081609334026096 -2.252484837568867 0
-2.311231624613344 -0.7498963998948296 0
-0.4446042198484655 -2.892675552012468 0
2.786143531545406 0.9172581831930559 0
3.037855645796766 -0.7247607950681739 0
2.042867577929389 1.367219118448663 0
2.059325908088812 1.48229355659297 0
1.528816426088078 2.428396056869135 0
2.999326065747489 -2.437787269736632 0
0.1854280450582491 2.435273904685905 0
-2.481336567740828 2.246491261619151 0
2.12322988322838 1.294372521574702 0
2.232232597271751 1.32470692489181 0
0.8477558576478472 3.774110863296458 0
0.9740757481110672 -5.661772609112289 0
4.633278644122895 3.39860891344121 0
3.137876783682231 -0.9840977746961523 0
1.464372340241137 1.778824410476341 0
-0.2178934920209797 2.448457032205474 0
-1.90650760255792 -1.293763678974007 0
2.228119668474601 -0.5865819934533592 0
3.673671980617272 0.01368226575053244 0
-1.625249292282828 -3.294634725286392 0
0.0935401360072189 -2.423289276034465 0
0.01497193957829245 -2.48625410965986 0
-0.08976252429352956 -2.454415254192843 0
-2.231420899029467 0.9607828995157587 0
-2.056702702437551 1.033545670257183 0
-0.3213818326191427 2.463887689584064 0
-0.1403460688223286 2.548433841018275 0
1.810310985247279 -1.658454523773255 0
2.286943809354534 2.145985315298316 0
2.555517504809187 2.054429558051597 0
0.7218106131157498 -3.214622245143779 0
0.8969032637748841 -2.979597059874538 0
-1.383848467857113 -2.059200675704985 0
-2.147407926362056 1.523321158400556 0
2.45025468925631 -0.3201571969243635 0
2.532327047989657 -0.4013949897303383 0
-1.286649581535245 -1.912187962438428 0
-1.432152954193072 -1.805787325477766 0
-3.099736883906952 1.44591779739044 0
0.08989466996268813 -2.693244354311905 0
-1.322874910052417 2.521601127396648 0
-1.827027029114766 -1.650055393248116 0
-1.770506911428229 -1.739508745280194 0
2.271572475550256 -0.9490358514638514 0
2.247535650210635 -1.051970583949227 0
-2.624318101101498 0.4382633561860482 0
-0.3612271443004058 2.556854864745094 0
2.827696067594927 1.626592359055612 0
2.348496907414007 1.246174053308964 0
1.857874820339394 2.295184473167359 0
0.7732997325254177 2.171067247290321 0
-2.302683953901362 -0.08343557167589324 0
1.838745032798623 -1.971706232955143 0
-2.25271140016729 0.4594742306659462 0
-3.98980826442471 2.894820516547352 0
-3.533813380813918 -1.549563083494534 0
-4.071014670346385 -1.261870483885359 0
-0.5069662235890464 2.42147677000748 0
-0.6570340881170966 2.325170580341123 0
2.016582283234464 -1.330884208506526 0
-1.626261922648067 -1.864352950806551 0
2.153442799487229 -1.217876790598883 0
-1.309052022906002 2.024731486835992 0
-1.529724521083661 -1.939107720227554 0
1.666740898205464 -1.799732642631408 0
-2.501499057752816 -0.3791783896073347 0
1.993815087590175 -1.144769696744218 0
-0.7954864090546289 3.047315393804213 0
-2.078124276142427 -0.9838552074515206 0
-1.63328094112619 -1.620443793936547 0
2.078998437333459 -0.9854999834098392 0
-4.303364179372657 -0.2373350786270896 0
-0.3142918404358356 2.275801048113911 0
-0.4914206795867899 2.247145235909717 0
2.124387441460457 1.163455590925618 0
-0.1739740734964202 -2.526540728975781 0
-0.2085193559587511 -2.693581396991284 0
2.482697764596818 0.7457770290602741 0
-1.993021684484036 -1.15203060231946 0
0.2494400603435454 2.282899968506479 0
1.301522185120647 -3.49835331266222 0
2.551458039633073 2.724416594410957 0
-2.561662740904327 -1.247903506694971 0
-2.033734117842719 -1.386157986338372 0
2.378619163836615 -0.6308422338200068 0
-1.856963889394629 -1.889392494988675 0
2.38166276104264 -1.159207179082284 0
1.839722592440415 1.383003230641844 0
-0.6393705076027315 -4.432902149215249 0
-2.280307875087972 -0.3025132134518846 0
4.252369757159898 1.403492731182246 0
-1.095491798865141 3.525848116633763 0
3.61512853218334 -0.5835480703917728 0
-2.133771617358558 -2.976019849869464 0
0.1364380729295528 2.682204995622974 0
-2.155837557105659 -0.7900071031193936 0
-1.504339462657243 -1.740541320472219 0
-1.610597206575641 1.867112426517117 0
-1.756207617166544 1.731524079123199 0
-3.160689789230563 -0.4877711728005862 0
-2.989734105377744 -0.6898981563380681 0
-1.942059674754671 -1.655245153024842 0
2.381709003418069 -0.916086803472379 0
-3.912523827212692 1.033231357413288 0
2.271531217617921 0.3142765201550267 0
-0.728888531120543 -2.174707627064389 0
2.741146241524141 0.3368253699258093 0
-0.9329949628870915 -2.594644535021962 0
-1.78175365570411 2.562074114229089 0
-2.404830119310485 -0.3893849957808279 0
-1.509496379832143 1.728573544963663 0
-1.632606717469507 1.612895972699087 0
1.226806343255216 -1.946490438472013 0
2.844463035078635 -0.01657762679629696 0
-1.295035494181725 -2.533162743113157 0
-2.26957708355551 -1.130474678545958 0
0.455954185578609 2.246989882828095 0
1.845096097634204 -3.124652151921333 0
1.949099657647088 3.015533576334365 0
-0.4458913943830263 -2.538289750109171 0
1.133944435482462 1.997543804838341 0
-3.518706054169671 1.126744607991348 0
-2.170468662906591 -1.112960349719306 0
-3.079577801131983 -0.01331246974121541 0
-2.423076838933685 -0.1956338840067719 0
-2.485260160679786 -0.2850319065485944 0
-2.545463582609277 -0.1627824020075038 0
2.073672413681998 0.9743762264240037 0
0.9467157029272372 2.093990995881878 0
-2.798753359932697 0.7301523130270858 0
1.50005910343369 -2.469782705602239 0
2.498912327509879 -0.4776605519793726 0
2.530613427745518 -0.5739783439050237 0
-0.193436177828274 -2.294994134746066 0
1.371652167501935 -1.842613333799342 0
-3.052688136081872 0.3916526904797407 0
1.09051177922106 2.162938506704435 0
0.9262250432411174 2.233566970653273 0
0.9596544397646467 2.395877990348052 0
3.654063637816702 -0.9522201046999783 0
-2.492910296088834 -2.825460241593375 0
1.458753007025706 -2.04862744953773 0
1.50977607244784 -1.97467118405982 0
-2.520166406355462 -0.083262595518972 0
-0.3464000935057509 2.923954098510261 0
1.327719867277165 4.714650119899273 0
-4.636784060538501 -1.801699832470153 0
3.626809490384288 -3.288261757855246 0
-0.0001665760284542912 -3.037073713579221 0
-1.149779934674854 4.473648880047318 0
0.3982220102197617 -4.286079936447817 0
3.659167479562524 2.266930451850989 0
-3.312036031075361 3.426376675728358 0
-1.8417849622695 -1.373435279801458 0
2.193555462712908 -0.6832354966750094 0
1.382767398126381 -1.984168384790845 0
4.511685545976042 -0.9607153486694013 0
-2.871096705418197 -3.610578835219446 0
2.413073286066856 0.007483975987846261 0
2.527062735658234 -0.06630563426825807 0
-1.066406642458514 -2.17139977949153 0
-1.167592580292377 -2.215285748235414 0
-0.7931614398092901 3.635835276205109 0
2.295603331201395 -0.05965094421333921 0
-1.076615708546767 -2.028353419483795 0
-2.901319635160603 1.795082633860989 0
1.94579258949941 1.23971384104963 0
-1.805120571167188 1.882592152010623 0
-0.03436538885804233 -2.291933720376454 0
-1.901252354391222 5.137237931102565 0
1.61861743138237 1.618617438593493 0
0.7241397447653251 -2.172883563761793 0
2.137561519545063 -1.999256580804835 0
0.8446214796268672 2.849264830756895 0
-2.192005173857495 1.170574275899666 0
-2.096318190547715 1.255199519828207 0
3.125592072221255 0.3046708058575652 0
-1.120465835069617 -2.933718283096593 0
-5.642101342791312 0.4185961284751863 0
-2.463086770714513 1.990283545829126 0
2.271327563306528 -0.295006205041026 0
2.353643143228233 -1.771119530428533 0
-2.95081117214841 -4.6090026015261 0
5.440101685293024 -0.5866590274503485 0
0.2699728975306904 -3.461654071343911 0
-1.445249792896091 -2.109343883832912 0
0.3406784692641116 -2.559112187044036 0
1.98094922216861 1.684525324338486 0
1.024227026077562 -2.376392796606286 0
3.078312102279629 0.07183113526180729 0
-1.307820894198419 -2.787609574343147 0
-3.615876510943785 0.5569628059845981 0
2.497291935676746 -2.720577346237671 0
-0.3819817005196974 2.394744762743229 0
1.322407566445048 3.44782270782692 0
-2.885613656214788 5.792269546638273 0
6.5915122926459 -0.1729028018969311 0
-3.098462381437839 -5.825435454630147 0
-2.042469504456112 2.170608742362856 0
-2.167139438842654 4.095891620904765 0
2.390433859837991 0.4026229660992023 0
-0.7113301732447954 -2.316481023396071 0
-1.705647360895081 1.909063233880834 0
-1.816612312027408 1.656812918388761 0
-1.858614878235854 1.560265440895021 0
1.98641008706434 -2.438599035838211 0
1.301165025876184 2.860761262812341 0
0.5326773191847151 2.354077783671841 0
2.534214200186119 0.5695599588123115 0
-0.6204028935389246 -2.522076678546536 0
4.531294238217921 0.1879488086967284 0
-1.851553859083344 -4.140089592789648 0
-1.911628926584962 -1.47894369267194 0
2.294707643700495 -0.7608077371534478 0
-1.984989468885265 1.497221150024797 0
-0.1016984516128719 4.338662177023681 0
-3.399120465714187 -2.695296447132567 0
3.927843197449195 -1.841366884761379 0
-3.360718897839598 -1.75024554742554 0
-0.5126341157291006 3.354744745361083 0
1.645537008096405 -2.912360253072841 0
1.873574902127126 2.771166156814118 0
2.170565985558136 0.7261836052433763 0
-1.13925571053587 1.983642995605787 0
1.544797008401011 -1.687404095754256 0
2.331201875340712 -2.181159819625802 0
0.9135885384462917 3.059094043689139 0
0.130457170135638 2.987730909190328 0
-2.378957629444225 -2.442843748416274 0
-0.505641553750936 2.585307597642166 0
2.211615573678698 1.032858789439302 0
2.285288278643739 0.1112177584681215 0
-0.9248476238971073 -2.104521091283392 0
3.25298021839507 -0.07320692430552717 0
-1.515509813189349 -2.879317174188682 0
0.9937585035956951 -3.538504800946102 0
2.75279980018131 2.500934410332194 0
-3.235247336587753 -0.9439857676553693 0
-1.680406766330796 -1.747124567653293 0
2.16554833165138 -1.089317021669461 0
-2.271598134973445 0.245830692715539 0
1.551191367119853 2.67990657941613 0
0.06818510103262411 2.308790224943026 0
-2.338794422755976 2.732659747868938 0
2.127359393549977 0.8417258459636111 0
1.752424720195179 1.657248302757602 0
0.8286964787502727 -2.264600334960101 0
5.94538059397216 3.86618106398309 0
3.301360434016705 8.134360443308809 0
0.8268695210055081 -7.245633005140224 0
3.328384544363694 0.357609832517036 0
-1.163469453440516 -3.138847648736371 0
5.815325503642953 -6.581879429325607 0
-2.192073344472175 -0.5887654791148984 0
2.238855342225547 -0.4582646016895821 0
-0.9646035103534573 -3.751153926230414 0
3.787824026724027 0.808550435662843 0
1.466366689767784 2.091730224534444 0
1.562348103089682 2.047968875779016 0
2.293609516070295 0.764566728723386 0
-2.581054935460185 0.1418009445774211 0
-1.9374116412902 -2.398704188371575 0
-1.737150865076453 1.997816950412134 0
2.908796999850655 -1.647179351245514 0
2.290736304880248 0.8936260117762017 0
2.230524070166805 0.4873653836346383 0
-0.5601899764634726 -2.216624076805378 0
-2.099706090002132 -2.060269710324957 0
0.6222378532512327 2.204590310632358 0
2.988976528148265 1.840390856759038 0
3.101456367381621 1.686710652003949 0
-1.982497625717375 -1.587963502068284 0
2.390130678198058 -0.8416594330061767 0
2.951799394129383 0.451101364555216 0
-0.9119208536743524 -2.843415085400999 0
-2.769494036976242 -1.019165952874219 0
0.1756011977417176 -2.27129109012452 0
-4.125912005613905 0.1592844474906877 0
-2.444972238700016 0.7428961284361603 0
-2.357032455015318 -0.8458559844164135 0
0.0905558386718147 2.419824644271794 0
-1.501539474546162 2.653091500130836 0
6.818725260571408 2.602582552230087 0
-2.140265790888369 0.7914585624991418 0
1.367275174623352 -2.170358307401935 0
-1.010907974579624 3.232066393685621 0
-2.959676235738816 0.1667002706731029 0
-0.3169499122673075 -3.310084738580792 0
3.115113035019963 1.195247355316213 0
-1.331515452367248 1.86559686215639 0
-0.7354199359239337 -7.380390110151473 0
-8.474879997089275 -2.384730984952308 0
0.7405276510734135 -2.347453889679548 0
1.75398155499934 1.492948972110153 0
0.8907289952117174 -2.110042017771299 0
-1.974567261048303 1.15193523284207 0
3.783339918278259 -0.2312283624052165 0
-1.893367750411486 -3.283639438421345 0
-1.462337952998368 3.527294861078162 0
1.32390121314351 2.441245532406185 0
2.620979697663639 -0.3477377595538673 0
1.671303026794363 1.882901899396525 0
1.766574025146372 1.945916542712634 0
1.391293752708634 2.085401310737497 0
-2.392334037542454 0.1844217510481652 0
-3.132434697447628 -2.215998682026819 0
-2.147604266447761 3.392510398806055 0
1.275656954111755 -2.247021210361686 0
0.1161657430393385 3.81745019094964 0
-2.254181895820754 -1.031747100669962 0
-2.325512821881368 -0.5450353848071841 0
-0.6846035008304285 2.182646907351203 0
1.872093582489114 -1.313843971360939 0
-2.353117769323157 -0.6619767939716428 0
-1.406291064259939 -3.780542856169513 0
4.011013523523737 0.4262960957594045 0
-2.525463208092918 -1.66134968753144 0
2.120645191398714 -1.305285962973542 0
3.267343287678033 -1.748475336282658 0
-1.707014571029413 -2.797792496690335 0
3.230405017930479 -0.2919750876483234 0
-0.6005344563560137 2.416530638635518 0
-1.935332991728735 1.444312519213649 0
-1.40395048602114 -1.970883475719307 0
-2.427056483239284 0.3009050119214377 0
-2.29835833768194 0.06366534469736766 0
-2.548809100429053 1.631768893434776 0
-0.2241906864971948 2.275011952002677 0
-1.570465794090667 -2.02117248403325 0
-1.616895233182221 -2.487262644998968 0
1.238407445198517 -3.200557294148862 0
2.313026145049591 2.535181390337788 0
-7.028214968280261 -0.6370540648497034 0
2.235120374500778 -1.238783300175558 0
2.324004420438607 -1.341272831483313 0
-1.714433462718963 -1.917923321522626 0
-1.746116603063162 -2.03742144730149 0
1.565239467236447 1.918960056250254 0
0.2513761808449922 -2.37079014636779 0
-1.795413734895377 1.399266476973683 0
-1.144085341809287 2.085912456056531 0
-2.19869797998177 0.6296581767318343 0
-0.03824494600530483 2.387099579049958 0
1.629540768538316 -1.719262826020973 0
2.66347242605888 -7.790140072445415 0
5.779030036989862 5.853189140831773 0
-0.5058067369414307 2.496100180747221 0
1.889712998432404 -1.660901764203329 0
1.989295783753092 -1.577082556555569 0
1.143044852618713 3.168669415641896 0
-5.522247608963045 1.227620555176742 0
1.707832654006298 -2.615599026450301 0
1.498547104955019 -4.454007334812116 0
2.313485266873198 -2.424351428510799 0
3.318908613126961 3.326494004512801 0
0.642619516588931 2.490829488897273 0
-2.278489231411961 0.875249809303084 0
-2.274234425737736 0.7737111402192824 0
-1.686481240791642 1.541929539325021 0
-2.131921729496526 1.112854849184239 0
3.098171617132948 0.7156798001421468 0
-0.7403235964763064 -3.092374746745419 0
2.98059415212382 -0.3583399229889396 0
2.363275921021818 -0.3381425361132032 0
-0.8961145277206873 2.105784419958125 0
1.736928573278425 -1.492449280817433 0
1.898538368174489 -1.469431504046956 0
-0.8241907197707784 2.255267753747649 0
-2.959019968060768 -1.416052818207901 0
-1.341034605993983 -4.889754776628872 0
-2.484759883488552 -1.950927198286142 0
-0.7265866554129832 2.323830456787999 0
4.972876640503694 0.979761357046543 0
1.99124330945363 -1.398857868543386 0
-0.9853184676399708 2.351262055482924 0
-0.910483181033607 2.349073329274751 0
-2.054571164576051 -1.19687757245621 0
3.572158313930535 1.363130482773074 0
-0.3683292763956914 -3.812746472476418 0
2.190181381460198 0.5829961852794365 0
-1.140042311023906 -5.733563866621279 0
-4.803899566381194 4.738070482044866 0
3.247933630319564 -1.34867602152485 0
-3.56451340592976 1.879339338955076 0
3.646516636195848 5.841781441634322 0
0.8939904844796771 -4.019686767761915 0
3.199733776990302 2.591963459474181 0
3.606719629450316 -5.871349196403804 0
-0.0770980062785445 2.508619463371049 0
-1.810132244164408 -1.575416107755395 0
2.232917556133094 -0.8851712914409978 0
5.634199662273959 1.53374996711456 0
-1.497427579429011 2.947408398658029 0
-2.421372388840171 0.5212520170497699 0
-2.501832123046032 0.5886327707236284 0
-2.582650053881855 0.5688743369943413 0
-2.437386597815744 0.6580279192526457 0
6.110505608738327 -1.990116157534213 0
-3.01930458571349 -1.160685857677424 0
2.02018835346717 1.068240397798788 0
-0.9299317021101713 6.339008032149774 0
1.412662050885625 6.57626297602485 0
-4.505387090246475 -4.576048260266141 0
5.260120008658689 -4.196763964255492 0
-2.265662617423724 -1.502124815666226 0
-2.625842304428852 -0.4574628619845121 0
-2.437339364114232 -0.8120593205427139 0
-2.558910484140501 -0.771705593783661 0
-0.4563314048447785 -2.230986134125473 0
2.003746317721002 2.610228446436659 0
1.434612099911428 -2.941343168211019 0
2.331301103820115 0.5062934158785557 0
-0.5961931616750713 -2.30965795123224 0
-6.173487438387793 -2.642586552672821 0
1.712191334328529 1.763823204652733 0
-3.488376838696779 -0.6934941855152618 0
2.140958578431926 -1.377570466769151 0
-0.06430390343033285 3.177072776284139 0
0.6292586741208281 2.300661814657035 0
0.7340214311302077 2.334541912069579 0
-1.240847966538727 2.983289844024347 0
2.363865983790937 0.9396225767229331 0
1.498586292288812 -1.729198207755254 0
-2.22429915602957 -0.9055749282962539 0
-1.228536206211726 2.146324028192024 0
1.384369575714863 -2.090988678153492 0
1.481583716808184 -2.142374399004264 0
-0.6570634458860235 2.449018883240558 0
0.98328924950948 -2.051452191051075 0
-1.583969438241316 1.781393696836857 0
-1.684483170939823 1.689468919215741 0
2.374697314180659 -0.4804236010169691 0
2.500653265776208 1.741983248701942 0
0.4540206174180208 -3.02517858454569 0
-0.9847177329624955 2.049732776911675 0
1.657802787824928 -1.558703286901757 0
0.817137179589556 -2.577070139131585 0
-0.8385470497489722 -2.346873275257021 0
2.453071478679246 0.3037622469776106 0
-1.473532004643762 -1.90162752139143 0
-2.484388639359727 0.4146153063719578 0
2.373325896386989 0.7725707029521294 0
-2.070228258916798 0.9625249313313985 0
1.813307815432692 -1.394903351772103 0
-0.7795678933377361 2.150853041761686 0
2.093194838898004 -1.531574185247177 0
1.167757954915966 -2.285444658723427 0
1.185420172404681 -2.199388360252114 0
-2.386481574200721 7.935672161244272 0
-1.225367395332877 -2.049889340247503 0
-1.194890227121711 1.954770304277692 0
-6.662840876271535 3.324326129832634 0
2.713709596422158 -4.168636628715749 0
3.466320837060807 -4.234493591791917 0
-2.647019904428052 1.311005937630243 0
1.788082772306411 -1.73327755357178 0
2.521668287662926 4.286740652043909 0
2.245783091615829 4.989769569117629 0
1.620659687158497 -3.428458283204241 0
2.346655101173994 2.978949626383309 0
-1.927990185144778 -1.217621401923229 0
1.801477917001461 1.553981865087486 0
8.219591719660881 -1.389503248967677 0
0.9196478149739162 -2.195609516250722 0
0.3477525411237962 -2.257833318429036 0
0.4987685683105491 2.947404984718977 0
-2.451526176181776 1.075391606599318 0
2.154730587555443 1.763957172982291 0
0.5532648992867543 3.867922882095194 0
2.673102256441212 1.061565989026918 0
-2.123655834613166 1.403341844999929 0
-2.061360237349907 1.47246922843813 0
-5.178287638114374 -2.92647131097048 0
2.726980445617688 -0.7390124243175104 0
3.214541080850342 -2.220975666792579 0
1.940801777032602 -1.197097927211882 0
0.3080243992892174 2.472710482636001 0
-1.981707540118393 -1.329747876196763 0
2.310647094791896 -0.5927172065671021 0
-4.921858380899433 -6.766288917109517 0
2.352654657375986 1.026165104117 0
-4.411518953891958 0.5504135670827657 0
-1.354307760879201 -1.830749501106673 0
-2.256702389775779 -1.227171298870031 0
-1.437414558581649 1.77055452546309 0
-2.178086471458473 2.898908434750795 0
-2.513433742175514 -0.4964702119857792 0
-2.038566229244021 1.298102958625881 0
2.108543598500341 -1.181235452453988 0
-1.596961593394968 -1.812696378315822 0
1.998144478238378 1.500182901699356 0
-0.3215690085429481 -2.250647475974457 0
4.827192240194496 -3.489139609002784 0
1.099471389112495 -1.987174055902611 0
-2.993449496857162 2.091891776065857 0
-0.2315813999265749 -2.476713107588746 0
0.9716572736158785 5.876368487472843 0
-0.5562892900653884 2.212638810287423 0
1.620789364041182 -2.225205643148183 0
3.366546522636312 -0.5762371704433207 0
-2.016507130430948 -2.779331180517582 0
-0.486471660856378 2.367669991437149 0
-2.363037414665029 0.08275109903904167 0
-2.965731189377097 4.118002562659097 0
1.835985484909593 1.82954637634743 0
2.272299602349448 -0.2127821583321783 0
-2.078350952826307 2.478315989312847 0
-2.6785706662685 -0.1504520661313387 0
3.156535878653208 -3.150795233126421 0
1.13220405732054 -4.993017257923562 0
0.6597401121686156 -2.164082261171018 0
-2.114999043971371 1.191531456703914 0
3.963841042715664 3.238755250528775 0
-2.350699996022557 1.501405418818638 0
0.4627963118275192 -2.85161619375665 0
1.414290828778755 4.229123204224521 0
1.185657741835952 2.237097913289468 0
1.268604441725594 2.188458911179398 0
1.281781729860662 2.295613055952049 0
-5.154807080103812 2.530720646291534 0
-1.21184758378949 -1.930800682400444 0
2.338231816543066 1.657018594044896 0
-1.745499688583966 -1.457179475748825 0
2.130576366084386 -0.7942200788027975 0
-1.002833088790233 -3.315638558305529 0
2.609194629330583 -1.590655131044802 0
3.415039647863623 0.5802083189730576 0
-5.069078452398765 -0.6388478449716092 0
-3.309195949513228 1.412828130237859 0
-3.200092843377699 0.6655961396126504 0
1.230896748198196 1.909887657246284 0
-2.459649165114578 -0.5514480831727254 0
-2.82412417554664 -1.726500946373823 0
-1.906186329390274 1.269332281355509 0
-8.42849992824177 3.937530112067916 0
2.199992861142657 1.14928044076459 0
2.276313596745708 1.186320136660636 0
-1.263294509317821 2.070670719038159 0
-3.343867541226789 -0.2221239330248952 0
-0.9215845592564504 2.188729503069266 0
1.805392581526781 -1.534375628616757 0
-1.309732601928357 -2.07547309941072 0
1.341050829068944 -2.525240182398921 0
-3.056078858615857 3.140946381194955 0
-2.208022321882246 0.5127234638498489 0
-4.701280810143693 3.241630284828924 0
0.4499299434325742 2.453246085854575 0
-2.703955036740226 0.9919589490797833 0
2.387725312139488 -0.1480358430915077 0
-2.039575964664123 -1.68414890342026 0
0.3189870028086178 3.317186941062658 0
-1.747750050783124 2.325861391929826 0
-2.199929073643345 1.884891393431676 0
2.252281608214497 0.2474793956070653 0
-0.7805870796367369 -2.125878757628456 0
-0.2594992573719773 -2.867990704070066 0
1.675100434372553 2.057064984930129 0
-2.81030357955784 -2.752188491977765 0
3.725865192480678 -1.280775743211658 0
-2.002188803041424 1.090214096303368 0
-2.907346347917922 2.341342052523324 0
-2.220011248502493 1.086061117572508 0
-2.277928859129631 1.043771497105777 0
-1.47082226968237 1.881384982892369 0
-2.466824027849548 -0.4409526492258298 0
2.070328155936966 -0.915718103445451 0
-1.648295869499033 -1.551747094807665 0
-0.5092645485554418 3.8931720505736 0
-1.544251676032585 -1.641550349700843 0
2.002056392026304 -1.035363939229408 0
-2.045343328520941 1.224966977745279 0
0.8426216355511569 -2.447238494251527 0
2.757708345199212 2.076768842105167 0
0.5922016903360056 -3.353429046241333 0
1.064191844886162 -3.080770457575279 0
2.296076859621742 0.632507831501002 0
-2.994233016010792 0.8305593913271689 0
-0.3826883744229158 2.237436050526808 0
1.517448557178166 -1.831191884555945 0
1.332356960239071 1.835512803349778 0
2.219138108524532 0.9172104160088979 0
0.1836952830890727 2.500436228145445 0
-1.203918562841168 2.65088023574109 0
-2.23506737506011 -0.4477024127989303 0
-1.520221488065209 2.264791686955977 0
-1.371770761203131 -3.238310375737285 0
3.510268270406474 0.2154802198863391 0
2.456494779512099 0.9017273778760472 0
-2.25296046408271 -0.2450316041788184 0
-0.4500259107833448 -2.331156953438434 0
2.283161629036776 2.332943654915779 0
-7.246128230188001 1.548544395298431 0
1.554237085317502 1.647809346552882 0
2.46225589261476 -0.8937286722444578 0
0.1618659169695655 -2.428471201973072 0
-1.91344933279871 3.278414849065888 0
0.6947472066858998 2.183652650416457 0
0.4460450817345135 -2.226119081669063 0
2.460191264086291 -0.1053810134425112 0
2.539525532048439 -0.1470212210355293 0
-3.438689140762078 -3.570439003901312 0
4.728611482582286 -1.486497472216926 0
0.7675807658998898 2.275505307360254 0
0.7934763670347504 2.341237763471908 0
-1.899539290334906 1.506066887898627 0
-2.702263342324532 -1.355670694028138 0
-1.863600112742079 2.736466558339845 0
2.939005608019448 -1.386011443797341 0
-3.306381229791685 -0.5515868637633012 0
-1.941067532748336 -2.201576536645582 0
1.438025245241045 2.01778011672248 0
2.082330443570553 1.233868865566147 0
-0.6310179728392498 2.839719254993629 0
1.945478742597822 1.163195869586468 0
-2.274450590711321 -0.02240119465101269 0
-0.978680322060919 -2.365132716841889 0
-1.074711963347515 -2.285599237697683 0
-0.9888853066620379 -2.473674604591656 0
2.533786090983492 0.128252422211542 0
2.531568964264194 0.05398348383418509 0
1.896729221174498 1.4724784345788 0
1.047277409215906 -2.163694327136636 0
-2.311656109663395 -0.4684755984523143 0
-0.2643936416057968 3.474525583719716 0
-2.374516622778321 0.7561652625970987 0
-2.429604324800573 0.8197383300079958 0
-2.397411470886064 0.8918256984946389 0
-2.61181313549623 -2.303481734818431 0
-3.779670534019372 -0.3645805985181627 0
0.3533458299717576 -2.345913997600861 0
-0.7736993054790118 4.896045905866618 0
2.116301839692655 2.20493130918271 0
0.006458975469406453 2.27639545741054 0
-1.547447488006502 1.89094667100254 0
-2.401361756875536 -0.04638184980672702 0
1.026954669705529 -2.860917389436828 0
-2.222125220213996 2.226035170283613 0
-2.073857678595735 -0.9185037046481312 0
2.495308796226309 -1.814638974319852 0
-3.003581130215126 1.117075949930407 0
1.777844031879525 1.421930022367177 0
-0.5876411957383902 -3.401926246565808 0
3.307212405843456 0.9903348772885405 0
1.664147109447255 2.323853879312067 0
-2.246255371384219 0.3148877512519378 0
-2.16745385119122 1.251231115846152 0
-1.042958671416269 2.159085454441728 0
-2.789249743859878 -1.946116252990806 0
-2.210164510289681 -1.164500117326157 0
-1.79447784726155 1.591537992489913 0
-2.165901778049767 -0.6581700288246904 0
-1.332668223969949 -1.95290120174655 0
-4.183034830480533 1.968462413486118 0
1.711268861724861 -1.642515337576527 0
2.580973830491955 0.3688671499590381 0
-0.8319681644649143 -2.480123524273497 0
-2.31991530719317 0.6264139772959935 0
-2.331240638391504 0.542943575497001 0
2.236259787115046 0.7383585002936857 0
0.3473578116617351 2.544438877829998 0
2.23585139608385 0.3720907115746803 0
-0.6632889593913152 -2.1674328095745 0
0.8105654344883479 -3.361677413415224 0
-2.096931732425243 0.8533807260538433 0
-0.3381399318404218 -2.378377647800093 0
-0.2506465434836145 -2.388595014867583 0
1.302751803947602 -2.120665872389273 0
1.241679904287915 -2.057095117533764 0
1.164209041836463 -2.099704582588791 0
-0.379825932285133 3.088861483019232 0
1.41092625815167 1.937790130892483 0
1.47139948413125 1.88417344432778 0
0.5080542032329162 2.210937203338295 0
0.9814578103293177 2.041494937025615 0
-2.48853247237553 2.433957288461667 0
-1.149496016062242 2.835319378132979 0
1.299908855270661 2.018772147075573 0
1.227711115588004 2.063536412332788 0
-2.643690173344645 2.295181782965808 0
-2.184100953681154 -1.385210256853646 0
-0.1102736610866662 2.266778924483069 0
2.653404312880952 -1.319386316077086 0
2.659103763921981 1.668306780460307 0
0.1611076240367305 3.409601801768695 0
-2.257239156328316 -2.124993359754511 0
0.1948294860030461 -2.567839275949262 0
0.7932100023430259 3.153194678494244 0
1.424462828955248 2.787530689435179 0
-7.213698889373592 6.090811772491498 0
1.027819035315223 2.286799528628462 0
1.097763580684483 2.237320221184213 0
-0.1699826302915451 2.39512268638105 0
2.608914058109419 0.1856127317447289 0
2.262674662205262 1.482056494692001 0
1.642550496946458 1.558458265300595 0
0.774261451859696 -2.12995605622328 0
0.6757974775001822 -2.287986985510568 0
-1.513128116482721 3.860273195208528 0
-4.283569796419839 -0.6690035770125552 0
2.200859770029096 -0.5243386600115785 0
-2.142096330930435 1.703612377725461 0
4.273136692674905 1.871977984696269 0
-0.2290020871562016 -4.660180415907755 0
3.177765349450124 -1.156505617198763 0
3.293293111844431 -0.9703566023502241 0
-2.00833420145949 -1.036569839966839 0
1.975738931655325 1.36718991226918 0
0.5941358332990464 3.176126815132178 0
-2.261129619121997 0.1752942247040916 0
2.51596016932965 0.2066571424699627 0
-0.957604189146221 -2.276505628016753 0
0.243791526906493 -2.252755214635209 0
-2.609571948763294 -1.080138350389852 0
0.3887627796626384 2.231587997812428 0
-1.5593832051513 1.658481173774559 0
2.072738560733633 0.9152036034322609 0
-2.485148143636175 -0.6560516120751609 0
-2.967188086692213 -0.2753579386590527 0
-2.797514186086253 -0.2970099193300225 0
-0.06804655333552342 -2.393709464027157 0
2.375593311714411 0.2384636659534589 0
-0.904141600790598 -2.218190901660639 0
2.473127443412061 -0.2602180630208789 0
-4.386595541501229 1.064431382145091 0
7.337097820072353 6.298683107989561 0
0.1840726706628957 2.257554166028736 0
-1.961194129675228 1.31707531346929 0
2.643743285656755 2.21735308922888 0
4.11482720375032 -0.3529058425523597 0
-2.150044868536335 -3.526137685334137 0
-1.377624271295023 2.126047726303483 0
-1.403428572368451 2.04314652254439 0
2.885451176356582 -1.068267753738536 0
2.705380539274246 -1.03078911100914 0
-1.547371218069302 -3.044182998950512 0
3.414763975896545 -0.0282409294232468 0
1.399510676184055 1.788409840380478 0
2.582343778581931 -0.6933787040578316 0
1.602630086669876 -1.829599524744145 0
1.723059137873752 -1.831938321123712 0
1.776346221364859 -1.897130309027927 0
0.5582046077466118 -2.205397855709769 0
1.341237854848889 -2.794197216023539 0
2.454203730278191 -3.012140811931592 0
1.58771558068609 3.528414116787969 0
-2.260140072835263 0.6585664930499379 0
0.3415737440787723 2.36991143217494 0
3.180990084335164 2.243055765842203 0
0.5896235151840339 -3.821806871746991 0
-7.944779345000002 0.6625345344853091 0
1.947419571266782 -2.266281132730564 0
-1.739475644012245 1.445516780877318 0
-9.45777739622908 1.060265943540583 0
-3.339680446884584 1.028210258626697 0
-2.677466865215755 -1.641406632458872 0
-0.9061127412795378 2.852853983716119 0
2.206275070979942 1.985548968926325 0
2.326769591563037 -9.389559536983473 0
2.477825663553272 -2.139294231141914 0
-1.660278783013191 -1.683185730746724 0
2.125307171300055 -1.035491886461366 0
-0.9936527295337115 2.288377109553148 0
-1.045723164224329 2.308129374480141 0
-1.122232338427281 2.248608787162229 0
-1.175027560125383 2.196414943696641 0
2.797570814197485 0.5206838161709155 0
-0.7827231582338759 -2.733790903139968 0
0.1437339041671847 -2.835896449054281 0
1.967766784833598 -2.611840094094238 0
0.4706959095106701 -2.341413053992866 0
1.98766581588514 -1.73678448359697 0
-0.3455794203773196 2.337778309831249 0
-3.493283451611253 -1.219094739677895 0
-2.286581255669721 -0.6987247547797915 0
2.562895922852348 1.382083477541676 0
-0.2110704308523348 -3.399076926108015 0
3.162730306249148 1.337069546308305 0
-2.400631036001243 -7.832453443452085 0
-1.78293912851568 -1.390965337441409 0
2.143880952955966 -0.7193267434849635 0
8.051981423013379 1.337817088483448 0
0.7816094203235614 -2.851222347566001 0
-2.355902400742825 0.33151672511268 0
-3.348834270607755 0.3078728335729165 0
0.09591662186541461 -3.533203327548196 0
2.283188774655457 1.041873784294482 0
0.5992186306589347 -2.310534029942429 0
2.590455288809204 -1.946956786194857 0
-1.180287793896867 -2.150853887031527 0
-0.1068043626634036 2.364006806367887 0
3.058846670208285 3.933197591257566 0
2.157112577197582 -4.491437841245965 0
-2.208199746188992 0.905326625344352 0
-0.9216700973563341 -4.095455201306027 0
4.076465670924461 1.000480589574363 0
2.154972611587598 -1.801950379280022 0
2.782100312015221 -1.937428032813521 0
2.933319522783372 -2.127392859928059 0
0.8192853249946048 2.20995395706694 0
1.489632370083394 1.713522418810229 0
-2.291452179392887 -0.8775224736434648 0
-2.135094934098814 -0.7250502346893752 0
2.992385379432052 -0.5585035914779753 0
0.5063880203029559 2.521566410185235 0
-3.13446533565268 0.5000883233410225 0
-2.744903105177095 -0.5516533611397065 0
-2.233033413030117 0.392521828888231 0
-1.648770146660249 1.751669364663905 0
1.106620738730286 -2.221969803633759 0
1.080817699220289 -2.298430552462468 0
-5.266800671664937 -1.320158224432478 0
-2.345385160481322 -0.1157861573448001 0
-1.825468542965905 1.336419313559182 0
-1.437781424810676 1.986722123250331 0
-1.990640351257621 -1.435931615977965 0
2.420478836166335 -0.6849732730789297 0
2.471550779940731 -0.7663906419764703 0
-3.748932561920972 -6.602717156604941 0
-3.8694679320012 6.407569298584434 0
-0.3213334967272226 7.536774953399355 0
-2.482420577603961 -0.2172556748894955 0
2.583340019657475 0.8601340544048837 0
-2.102226819204825 -1.25371240181704 0
2.688629069279402 -2.551587758362682 0
-2.241373623610246 -0.3616533974031457 0
1.275236013069473 -1.976439260577647 0
2.532558134265787 -0.2162196229407422 0
2.630828923266885 -0.2209130829156322 0
1.135979686481536 2.066049390104592 0
2.056078305003586 1.58287896803399 0
1.900620277874039 1.390073434559908 0
6.931327310218256 -3.076658437787803 0
2.884052041702477 -0.1761331733043974 0
-6.584435710751922 -4.557943775435758 0
2.142027137099852 1.001323583714063 0
-0.184209774711216 -2.361827981342648 0
1.622871758694534 1.739055170538096 0
-2.201094919172624 4.628678484506992 0
2.032745428118065 -2.134148034474673 0
-2.448558633552676 1.244372226358689 0
-2.291339435967408 -4.485813442214783 0
5.036614402296355 -0.05163024367044208 0
1.086365162121929 3.542391275941583 0
1.5812804111865 1.793243656568541 0
-2.271468120563808 -0.1372876918771798 0
-0.8537569069869485 -2.087190216870107 0
2.24786992875866 0.1657345152637233 0
0.1029731256043059 2.361915998937386 0
2.221475259323774 -0.3830386418269838 0
-2.804711838845194 2.842397274602021 0
0.8024672172277919 2.129298673322717 0
-3.785673343285192 -2.488296410718986 0
3.90131974962192 -2.280696494412925 0
1.163693664240833 2.772855625940288 0
0.2973255715573758 4.505097811315451 0
2.45628226922646 -0.03570740273412683 0
0.02938774019843313 -2.261845524379786 0
0.2421890842334884 2.460629590807313 0
1.016744524281307 2.108206056419046 0
7.564961662689078 -0.4086603605868365 0
1.896001446762037 -1.840170378203169 0
9.296814384825291 1.865158395695032 0
0.2171282299295859 2.377008854738675 0
1.561985393641712 3.069583987883397 0
-2.225484541724243 1.01987221888492 0
-2.51033503155326 -9.170498176037389 0
-2.053447638931469 -1.291814987277004 0
2.364335317930217 -0.5399886405602307 0
2.352285007859114 0.1256539724231875 0
-2.629421569547418 -2.086225363445936 0
8.203690769008649 4.1317242385681 0
0.4679353637016069 -3.552811181767858 0
-2.104373121623607 -1.132136416888949 0
-2.12537584834462 -1.054070802576206 0
-7.593655076627769 -5.352189115978982 0
0.9868939349709888 2.76021639856594 0
5.065172212434292 4.187512147771109 0
-2.320403815753314 -0.2645745983209046 0
-0.003842700289308948 -9.412873368916927 0
0.3069825668091921 2.245689621713798 0
1.465862557394499 -6.413635386652924 0
0.2866497714534824 3.013108234824028 0
-1.101798792547292 -2.227022688382961 0
-3.035162941107873 1.293659975004039 0
2.695579301794319 1.238881980910673 0
-0.6841140672993115 2.257723763311837 0
-1.419716567664475 2.381058201502585 0
-1.297667884124314 2.14901764276645 0
1.943127179842188 -1.336263903231746 0
0.5943228990318462 3.578275245591631 0
-0.8388397704179369 -2.227225983529375 0
-1.485457007684078 -2.195397453699076 0
1.602512907957277 1.861845858885247 0
-1.113985879267261 -1.973635270195916 0
-2.34681264237698 -0.3565282541359358 0
-0.965607409908332 -2.143002582307124 0
-1.30252132035085 7.399215291638598 0
-2.96255938792663 -1.59645178138217 0
-2.910736788970584 1.430774418726009 0
-5.124327695936153 -5.598235893342669 0
2.852795884502004 1.329245455241846 0
-0.6530289486172469 3.452436572940699 0
-2.348849797140951 -2.611889626105997 0
-2.10936819714576 -2.452674819505762 0
-3.828908076620433 0.2065549268634049 0
1.136916664856587 -2.490740999332202 0
-1.450767165897487 -2.50720352604568 0
-2.284680327288697 1.249379693697449 0
-0.683362713585335 3.164864830661972 0
-2.108138959417618 -0.8413473012818388 0
2.36089975696403 -0.4060498797842896 0
-2.419254502347151 0.452534198680195 0
1.842404917823258 1.328062358296885 0
2.327915130356803 0.3585090647965557 0
-0.7150928784588793 -2.239591782137273 0
3.19463635648538 -0.6500749313966905 0
6.432638251590618 -4.052719744730656 0
-2.868872045565934 0.5958453868810003 0
2.895639879917795 0.993696756610007 0
-0.39660642115966 -3.028311169390264 0
-0.8108842860083171 -2.408379816955406 0
-1.845560693213837 -1.51649893661254 0
2.244939348534968 -0.8171709729845158 0
0.4968621822621141 2.291756454622242 0
-2.129639607515721 -0.9591929555408779 0
-3.079057252277879 -0.8248494848871185 0
-2.871497807437603 -0.8251824664823025 0
-2.145510254871948 0.7204148206904334 0
0.8554465368491803 3.483723381878021 0
2.754869244482893 0.1496601595119806 0
1.169731904588116 -1.947825125437806 0
-0.399935250946564 -2.717410262423416 0
-2.833182772590544 1.106159289662496 0
7.261252682215936 -2.107192186117937 0
1.390407000822913 -1.787747264834485 0
2.395937850864269 0.1757047297984149 0
1.275635442751293 -1.862890009762169 0
2.480962497414502 0.09750893832498003 0
-2.892923584607885 0.003748987034516365 0
2.736100778275811 -2.319161565398877 0
1.749947650074289 -3.764407411608369 0
2.589755666526011 3.244398008255946 0
-3.780374154715176 0.7588164899499776 0
-0.1191672023110268 3.346186643905191 0
1.164265085570296 1.947794012437309 0
-0.1738932291879716 -3.217981072702686 0
0.8763590581153775 2.098138117532919 0
-2.346817166489879 0.4148978083033745 0
-3.051806642952634 0.9620521720357079 0
-0.09079719341952748 -2.251237727145221 0
0.7604308189544079 7.545598787896137 0
-2.080098617153718 2.009332654854525 0
-1.877468865241139 2.199849686346976 0
2.010996480970209 1.200706468449451 0
-2.331780751812092 3.161540848292833 0
-1.926519903422585 1.200367120038254 0
-1.878863185201028 -1.420271202843384 0
2.244092096509219 -0.715085879518311 0
1.072229087398538 1.999169008439512 0
-0.9159229774194664 -2.341398674003166 0
1.684802585919882 1.623748867058817 0
0.777198318062975 -2.20735978061572 0
-3.367848010974393 0.1335088615281322 0
-2.005240240851286 -2.587818594806317 0
-2.975233418014913 1.614362729702137 0
-2.791975544903404 1.925574375113989 0
-2.255458697730363 -0.7670512258000759 0
-2.098694060455052 -1.393196904439759 0
2.442210806214965 -0.6112795369257936 0
2.260606025092282 0.05147833207894555 0
-0.960607294381704 -2.036812185442303 0
-2.054313309990651 -1.457270107447609 0
2.348403855970383 -0.695580276431483 0
2.918537099245431 0.8219329889011373 0
-0.5683461313474416 -2.976113384901328 0
-0.588068148533235 -2.788210028650875 0
2.754110651555241 0.7227293402159162 0
1.216276444910284 -4.133481276640575 0
3.157945500549295 2.931159343465237 0
0.1037544057368202 -2.25763156784066 0
-0.1966687113777519 2.614467236317066 0
-2.066642808408595 1.353144662808213 0
0.5279863456947869 9.543995755978864 0
2.25989690262074 -0.113221099477673 0
8.291498022639072 -4.735458426853739 0
0.4186301045443906 2.29580330720301 0
2.372486010349926 0.5422226556423339 0
2.436427818211299 0.5660988178591021 0
-0.5717909376040018 -2.363498046227118 0
-0.5920539133452278 -2.430867783880559 0
-2.468125526656062 1.820861115292624 0
2.566312491576667 -1.18043344260231 0
-2.6428251858751 -3.168908380282823 0
4.017990293996411 -0.9492433364344702 0
-6.311715769771419 -7.388694946155265 0
-3.467879428055847 4.517203149782855 0
-1.431783828986875 -3.479092089915956 0
3.752550407658388 0.2690895661884679 0
-1.825315721526676 1.504919943856586 0
2.026256070081228 -2.793788989546969 0
-2.221880362180253 -0.9796420802550414 0
1.824641548269804 -2.516599052309343 0
-2.369348215804791 -1.791611066394705 0
-3.501505754816854 2.535459200905305 0
1.882633739162842 1.262272910970894 0
-2.322673409251109 0.2054574980765487 0
-1.44715824981382 -1.741570507317352 0
2.022628489515532 1.429068798061363 0
-2.204532192429618 -0.5192454775865502 0
-0.2390106111351792 -2.261696686996246 0
0.6825535296458075 2.867157677457271 0
9.424961076962695 -2.347066053768181 0
-3.206781553538442 -0.0999925636565531 0
0.2292001808628216 -2.312611461244625 0
-1.173937283935164 2.132649970400955 0
1.86356188049991 1.527717859665055 0
0.9881661206637449 -2.196505685860661 0
0.4954146494646488 3.342484667379465 0
0.9446322321668585 2.158064308957661 0
1.497039999681881 -1.89430574589729 0
1.654292047755199 -2.761526153869029 0
2.318957406676541 0.2762750500539898 0
3.67606609623455 -4.989519831673443 0
1.446790442846827 -1.986356603113909 0
2.511769797646117 0.318182527106277 0
-0.7754025784878561 -2.32081573249745 0
-1.468719020659388 -1.971118685516786 0
4.621620543751266 -6.447402481926963 0
2.827728429761629 5.512431776585745 0
-2.473940357941379 -0.1407163621666815 0
1.626915412831468 -1.902091299602704 0
3.71080970587512 7.006091610909675 0
2.086815525676308 1.111687940778079 0
2.249245337235114 7.628852968437448 0
2.404198980771155 -0.2236599054095955 0
-0.09663009919414482 2.831487566410555 0
-1.418191092899666 3.073283748195824 0
2.445993841739314 0.436439742168457 0
2.489042222106328 0.4932881260855784 0
-0.70029452884077 -2.383106974413222 0
-0.6702476808628415 -2.44734438279553 0
-0.9416537616478716 4.013774373953781 0
0.4882987647253871 2.39691077847049 0
2.21763745583178 -3.258441273841866 0
1.900250735817046 3.421357472446129 0
-2.374776781362064 -1.185185507421991 0
5.824807860186985 -5.413128358094256 0
-0.2243515458992884 2.337492639214226 0
-2.172382126443119 0.9740950065398446 0
1.164748485073545 2.491056599132432 0
-2.406681954931698 0.02865509486735587 0
1.149101249233303 2.175723937366872 0
0.3125737280680986 -3.116202158910852 0
-2.80772846216218 0.2670017099612917 0
-2.451956801916076 -0.3399574776705146 0
1.372703108854185 -1.911111432607259 0
0.5835047391793771 2.404218540573809 0
-1.312817760735016 -2.163234247011249 0
-1.789247889292952 2.93092869409293 0
-3.377403579524056 -0.8656143508216761 0
-1.23344399121679 -2.186564384232109 0
1.827195305697925 -1.60086067360394 0
-1.60008027915853 4.766452756429037 0
-0.4394937191868633 2.42036818716758 0
-0.9459766786603355 3.091889156997777 0
-4.893395687408168 5.722600861423566 0
-2.833542215546736 -4.138682876193619 0
3.430078529287178 -6.801224979544294 0
-1.133366335954013 3.108093763275032 0
4.556549965376272 6.096511084670869 0
2.120854549713107 0.767278343266131 0
4.967001002923928 -0.6916289683996731 0
-3.324124962967095 -1.404306713529145 0
-1.627137765864331 -2.062687620111694 0
0.5828432930350652 -3.129889488251632 0
-0.9850083849061593 2.189571051790057 0
0.2862647546532474 2.327875762455082 0
2.188154769823512 1.092820559864279 0
2.171817164020412 -1.151201514004866 0
-1.665875724259487 -1.807263867617988 0
-0.6014185526850414 2.295286711107947 0
0.04269737160536306 -2.570661123058652 0
-7.357531116864337 -2.729500840319695 0
2.004892456236389 -1.268870090679578 0
1.135495044892215 -2.366314838073005 0
-3.896963274768935 -2.137101793796485 0
3.65008568375611 -2.535832182310984 0
-1.458642341218743 3.283385189264953 0
1.918150147840554 2.445877086013774 0
1.947238891361407 2.177677287613773 0
-0.1500941507287802 -2.468343453481721 0
0.311469743089094 5.443707659352601 0
-0.2712195913444548 5.915397551562052 0
-3.55368976131447 -0.1827785015413191 0
0.6439431889228243 4.398022971906779 0
2.520843187744073 0.4299290592198437 0
-0.7530469480305513 -2.441487352791152 0
1.967497084333513 1.102070011743928 0
-1.941912673298789 -1.534237628051923 0
-2.108348830292222 2.328535955077406 0
3.550881512182555 -1.804147488729223 0
-0.8398976874927062 -3.237216236154262 0
3.272211830517335 0.6911060727980883 0
-5.391978427074154 7.618831256083436 0
2.464721341675533 0.1583388005630399 0
4.731481579070198 -2.705120887447259 0
5.446286319935444 -2.414275530267565 0
0.04248541512077842 2.571422201962381 0
-3.106390102163097 -1.305358385829277 0
-0.65914819536868 2.54926145788086 0
-0.8286057505892672 2.102899200280501 0
1.752964207777653 -1.427127884471529 0
-0.6298825397753677 2.176075089347707 0
2.15583270852603 -1.445565528258487 0
1.867278369012714 -1.256292397886408 0
0.9274311526077634 2.574818040202466 0
-2.131557519983897 9.48005972064675 0
0.6026043149471488 -2.456122123071609 0
0.5230342684818063 -2.426345818186946 0
0.4445960092766401 -2.538383644270698 0
0.3978376183538345 -2.46735293188705 0
0.665934231963531 -2.426214516887637 0
0.6824083810575958 -2.524261454500321 0
-0.1670402061435014 2.251349565354808 0
2.315072461535522 -0.4485257653720883 0
1.740463710777265 3.044451771712108 0
2.23618345088001 3.570902793044727 0
2.249238339484759 3.975703729961641 0
-1.76318636864688 -2.445090528003859 0
2.798164577540461 -1.312995190813495 0
2.20279581028229 -3.605393135933141 0
2.55709385636281 -3.787300053948178 0
-3.494845533558949 9.029186249397867 0
-2.662358918549139 0.8003523858919456 0
-2.346225713107943 -0.922571402983017 0
-2.365928180107995 -0.7776161962613397 0
-3.265248488542128 1.995273759019561 0
-3.258400644356892 -0.3827086013408078 0
1.880179035565362 1.720425766417615 0
1.817198004494995 1.683494394412494 0
0.9167409535251043 -2.378642615486205 0
0.8821497344329011 -2.313031380276613 0
-4.462192969451358 -2.962867803590843 0
-4.596607724955156 -3.741918290999778 0
-1.587420314930441 -1.916885524982819 0
1.038282171005064 -2.64523699723701 0
-4.140843556671711 0.7959540952922016 0
-2.374180158630986 0.6579152818270434 0
1.714245915406023 -2.016663076895998 0
2.087064454169689 1.41934885766779 0
2.136963809421671 1.493435355479658 0
1.762017162552689 1.798542767785398 0
-2.764729530790071 1.718844770852859 0
0.7773916325711424 -2.397061878864008 0
2.135410141449292 -2.410383880875826 0
-5.847321895710884 5.111220994670054 0
1.207461825071738 2.981495691761034 0
-2.1815549424049 -0.8447986662201299 0
-2.269588157920971 0.5143551360132737 0
0.1404144215675008 -3.030159832667812 0
1.972849865166584 1.29934803081168 0
-3.364587492191108 1.662459435397946 0
2.4657268284631 -0.3711207692371969 0
2.343504439286521 -0.8045617118720074 0
-0.5300311623486049 -4.081518436624788 0
-3.864298756415997 -0.9753577841590346 0
-1.56599967319338 1.972784172423982 0
3.888798643000615 1.343650700780216 0
-0.1033950891341568 -2.963453866897017 0
-2.182475036035282 -1.778273665837768 0
2.156461110277697 2.552056612743713 0
1.320637169048347 -3.057195493480955 0
-0.9060608717780007 2.590647847314836 0
3.052711711790003 0.5581964615071492 0
-0.8610336719312829 -2.981484430869958 0
-1.9828489523488 -1.099308813559121 0
-4.819379370533781 -2.392656699259307 0
0.02151589098952272 2.431719872475172 0
0.06387523105060834 2.483230205643151 0
-2.623631246851554 -1.503769874087458 0
9.659922190383512 -0.7984070469585474 0
-1.964376715775273 -1.743680653722324 0
0.691394456903644 -2.227100580735825 0
0.7852623208615809 -2.307617118634022 0
-0.3618128616152923 -2.436032098527585 0
-1.927913182532367 2.512620172022762 0
1.739502950479374 2.688784327654239 0
-1.856197374324116 1.385997856930572 0
1.341375010233564 1.949298022861564 0
0.1173095074042786 -2.365506303262456 0
2.37710621750835 0.05559898920081741 0
2.356636757231918 -0.02397130488677763 0
0.05625598198346769 -2.373537213140891 0
-1.07405856553823 -2.107428005846933 0
-2.524633357850073 0.7913617284590406 0
2.589610529066658 -0.005406331850498077 0
2.424446938327876 -0.9934756107434082 0
-2.606178452768062 1.957385861049519 0
-4.643107291981229 -0.4484379662255306 0
-0.02715701869196063 -2.443246091622399 0
-1.124492273963883 -2.165899571552231 0
0.1079528202278415 -3.345858427501928 0
6.354672402551492 7.390194389348995 0
-1.74884867032368 -1.594850145835794 0
2.179967387884229 -0.9235520924088143 0
2.086107387568969 -0.8478052633487994 0
-1.685749280496749 -1.492939101754298 0
0.4725917587691532 -2.473776612602593 0
1.731225819304575 -1.773243379422291 0
-2.233469170739952 -0.6438264967114609 0
3.769035694211378 -8.980181070022917 0
-0.3799389186001502 -2.221361021185828 0
-1.235578003806372 -1.98733023487647 0
-0.6595295185230683 -3.259103190019206 0
3.211406655014181 0.8623210778870282 0
-2.586378529194099 -0.1025608868831808 0
4.152303128005747 -3.337751179968574 0
2.103976872372353 1.354341217596323 0
-2.457492929661818 0.1725010607757558 0
-2.3054874215089 0.3027030736186803 0
0.07047579384187752 -2.482681292492372 0
-2.352273076617967 -0.60221333935218 0
2.553600235194058 -1.447258591195693 0
-2.488221955512195 0.2920742381902739 0
-2.418250883521364 0.2400977735546055 0
0.0127642782321079 -3.176894954951792 0
1.620561767584515 1.675349475414621 0
0.3762935573116702 2.475687415948488 0
1.137172329891282 5.205491128791769 0
2.388672378809221 2.020406778188556 0
0.7469163830230106 -3.043276261397583 0
-3.012517458008796 6.867763228747575 0
-3.194401993179076 0.3572214498260322 0
1.034659847587532 -2.001389189673659 0
2.269592609329438 -2.778676331662861 0
1.459217268481011 3.271972307920344 0
-5.111350050349541 -8.342062181039276 0
2.889268834319918 -0.7145020210856846 0
-0.0469079094890246 -2.501351714857039 0
-0.1072439393658919 -2.513969813987874 0
-1.137960432506362 -2.047914786201942 0
-2.412481355492764 -0.6722278194510398 0
2.165347787654185 0.6568248258211077 0
-0.04859916981234194 2.451595786369202 0
-4.930327444566927 0.3795060444376789 0
-1.120889871089987 -2.541082466473687 0
-3.564515612834283 0.03655431571800768 0
2.211545648252609 -1.393426743292624 0
-0.7833613494494031 -2.19739113750765 0
-1.028393911486088 2.102487511124248 0
2.507423106721879 -0.3270310505789146 0
2.993246060147051 -0.8986479803152372 0
-1.789758846175389 -1.506486139240331 0
2.190045001656197 -0.8266932655207104 0
2.186958102744111 0.8590822710965813 0
-5.368979818712263 -0.1046189095216663 0
-6.12387051930717 -0.1227961033879864 0
0.2790892996153993 -2.435464384245329 0
0.3310048755040246 -2.483090983445489 0
2.496831932969652 1.906380751307735 0
-1.261762945646935 1.863270482266048 0
-1.938803189086041 -1.155909302609288 0
1.383686645274746 -2.382395659420686 0
1.027993980420411 -2.102064756685466 0
0.1683298830359143 -2.493170866478804 0
-1.344983772631263 1.805947229829187 0
-2.496897015063929 -0.8729640589894642 0
-0.4458874672964119 2.228488267115084 0
-2.216369815004927 2.58619266046003 0
0.2905813992947557 -3.286428164489194 0
-1.041458139697973 2.002661621210295 0
1.594281182557192 -1.601972962273242 0
-0.2725424074215862 2.428389825041231 0
1.921172928990292 -1.535305689315457 0
2.194737862644121 0.5259720820751154 0
3.16311393318965 -0.8330600162984508 0
-1.151830838599335 -2.302158104992579 0
2.812908018779286 -3.251303022994856 0
0.9836398449881454 2.226688641406058 0
0.9575545361895368 2.295205318207007 0
-1.641359486318088 2.0653452546545 0
0.03339331124514073 -2.432389148880057 0
2.36006437947466 0.6423930295240877 0
2.4058096685082 0.6913058774343029 0
2.062686157008839 1.30860971988079 0
1.656601790693275 3.966340472534042 0
4.280082756433499 4.033997275822869 0
1.700256756509024 -5.632699024048726 0
-0.7721010334254534 2.364832905611809 0
-0.8057060261902853 2.45506140951628 0
-0.7826240174609883 2.303353243270582 0
2.439513000852999 2.185376608113737 0
0.8724386949942071 -3.148617833280854 0
1.953995718072442 -1.443175053622508 0
2.020704139954963 -1.451364146137752 0
-3.756083119286729 1.268398297330224 0
-2.157719506827566 0.8597556211789874 0
-2.537665948212042 -0.4320732521461095 0
-1.261697024596275 1.992702115399358 0
-1.322134024407412 1.96755310282476 0
-0.3489544577042582 -2.319277868050723 0
-1.775267928308385 -1.680514749075031 0
2.29003223850732 -1.015920193278865 0
1.796219867861377 -2.249444223022227 0
-0.880438075134969 2.293254688229753 0
2.832955875812118 1.475436944241967 0
-0.1612989782517181 2.474816127186667 0
-0.2093774782387044 2.51368716361651 0
-0.03354562710089838 4.04462547377504 0
1.090628165390436 -2.102833611400406 0
-2.064861442336414 0.9033043836981851 0
0.4282281811726948 2.619149220448511 0
1.969369495247926 -1.093446898585478 0
-1.633156360529278 2.581444111752473 0
-2.206590295245749 0.7545169927353852 0
-1.943072915617854 1.374185378650354 0
-0.3421764939665881 2.79266577607895 0
-2.520322016731166 0.06684599287422464 0
-2.505440100152606 0.1295048570123782 0
-1.69666763018662 1.483930439930256 0
-3.255045745875645 -2.432100091239322 0
-2.457906776922312 -0.07493802780515926 0
-0.509237203643682 -2.204418806828361 0
2.434522515517057 -0.4720926814328474 0
0.5663824605174639 -4.618092458081554 0
-0.4670836417059908 -2.392824397525442 0
3.881313302073607 2.565434270914113 0
-2.118631030138457 1.321549646757318 0
-0.8264401526034459 -2.287573082595806 0
-3.823079475027548 1.670737002019464 0
-3.221083986022091 0.05067627127636868 0
1.501230824164403 2.017586343441532 0
-0.7896113844545378 2.204297036306407 0
-2.650483533122051 1.497485886081381 0
-2.281468417735687 0.9840480795133295 0
1.86102162387265 -1.42072080494825 0
2.344323839676988 -2.605486924327742 0
-6.305582530560217 1.281813699276083 0
-1.853935414804296 -1.309739997948133 0
2.181226457575639 -0.6197951524816123 0
1.283907923408284 3.271023925329842 0
-2.628335916356461 -6.72723881663494 0
-2.008054688229405 -1.951419132069338 0
-1.252513836120402 2.233568047786453 0
1.842160689310999 -1.775579225630131 0
-3.090040930449936 -2.726468180212612 0
3.828394344869415 -1.539393657635327 0
-2.427210129527853 0.9699220358263685 0
-0.2747750589737139 2.495857609904764 0
0.07073030049603628 -3.959843706474312 0
3.460358202427599 1.803482479670373 0
2.160152338991174 1.332391115441749 0
2.478227134291063 0.6514683278562914 0
0.7081535329891319 2.418799742840282 0
-2.113982375795887 1.00196440641564 0
2.339564157211664 -0.2097618713417688 0
-2.35833903300861 -0.4225067947063596 0
-1.72211552815058 -1.710029097461097 0
2.192367075403216 -1.039843023281811 0
1.433735518262949 -1.7399072239141 0
-0.3132684182298842 4.103916684487185 0
-2.894062472565217 -1.106134573837757 0
2.359201754467238 -5.331396536565784 0
-1.397045820269901 1.896586026815046 0
-0.6077763880113325 -3.589883345136384 0
1.427220122531803 2.947245301262293 0
3.483579992821459 1.05497693132171 0
3.717523109476778 4.48678845289081 0
-2.462107248300396 0.05702847653743684 0
-2.349082028000876 1.023237974138611 0
1.164195857144092 -2.784954659218165 0
7.176990358383802 0.6443999638634509 0
-1.857463312938517 -2.754797640076725 0
3.326235105385219 -0.411265413963642 0
-3.241390754025946 -1.950996152763953 0
-0.1690308662057263 -5.311572926808147 0
-2.260213073786514 -0.5675590451984424 0
-0.5460314879337136 2.269204802575857 0
1.244077951131545 2.123343409687712 0
-4.255748870651488 -1.543080504356184 0
4.827794963248656 2.214496264139032 0
0.3993785860729635 2.355320701496458 0
-2.25481977232742 0.1069965377037417 0
-1.999902425593584 2.839232058452512 0
2.926461570275594 3.447556850144358 0
1.781695502550077 -4.156358407628674 0
1.282618731405847 1.957656421626699 0
1.479988014644829 2.288783964103045 0
1.271432191254005 1.856411120657802 0
-0.3261080827839147 2.404907930403295 0
3.311066111910622 -1.524202853835122 0
1.996932979673737 -1.206075855843592 0
1.805734583977631 -2.907964018611495 0
1.4327307720401 -1.852760523309439 0
2.337010409632354 -0.101071393632145 0
-2.183557603732275 0.5732526353282487 0
-3.020696744576501 -0.1473172471282867 0
2.496730753665654 0.2672544380511279 0
-1.917583551197538 1.854751630798306 0
-2.334298225144006 1.370588238760587 0
2.97026597253749 2.039521291830708 0
1.041103239143973 2.206093992341211 0
-1.383542402935812 -1.774605920205442 0
-1.282892241026364 -1.858676946326962 0
0.9732920510377842 -2.253851834856666 0
0.9606175551872286 -2.318896552943265 0
1.016560828187632 -2.300089094590499 0
1.882216565245531 1.586668271883197 0
1.89353108834897 1.647607165211447 0
1.948546840355339 1.605872561335485 0
-9.110419112536139 -3.535549341389515 0
-1.659799757740597 -2.34424438016267 0
-0.5068921280653513 -2.35603206379134 0
0.4159771143237758 -3.377758381338685 0
0.8992925792663096 2.285906940560102 0
0.8695420283156809 2.347008139855637 0
-2.371317184109147 2.122944693372537 0
1.760427350166241 2.177104124097991 0
0.2732883948314542 3.164624700648722 0
1.700346983021024 1.820634408786272 0
0.3894066977247072 -2.393595408986525 0
-1.490687056020383 -1.790672870352193 0
2.408525746547015 0.3451259764122002 0
-1.493989930920669 -1.688122126768069 0
6.971194778427139 3.58745062833182 0
4.32087003738466 2.879235386088005 0
-1.999510343203108 1.027139918600895 0
0.921730996037242 -2.059779342988977 0
-1.029117585865726 -2.226113820202321 0
0.6514216835992308 -5.152512971916206 0
-1.636748338730216 -4.540637585378621 0
0.7501221924184213 2.381523220108724 0
4.793010111075204 0.5589731340461416 0
1.742594603606559 1.710298225228519 0
-3.47377077284852 -5.034976505796495 0
6.053274962662814 -0.8625222704281437 0
-1.688667230890965 -1.605985655850799 0
2.126468022495769 -0.9533458901770413 0
-0.02556791726134946 -8.013346558283862 0
2.334220463712211 0.577985806371452 0
-1.152928906285602 -1.93629559700552 0
2.074869770513728 -1.359391337013432 0
-3.106697053949945 -1.039307084370048 0
-2.351157991033466 2.288958278642191 0
7.189488819475335 -6.464462268159655 0
-2.450632194766463 -1.33040526787358 0
2.066833412704114 1.908246453603886 0
-1.794544048395608 -1.784562105622874 0
2.295279561535597 -1.09121113147773 0
1.448558370249409 1.829250749049302 0
-0.1317691473916818 -2.402723139210245 0
2.14591245413727 1.233234618609987 0
-1.928814232138014 5.735644160824227 0
3.575203492054381 -0.149603764927239 0
-1.464855223616325 1.821007845441451 0
-0.6651668856823768 2.386686738885313 0
-1.727524502276105 -3.133706292755572 0
-3.506787778284053 -3.118431883787578 0
4.354577925217187 -1.749086018149184 0
-3.471457177997191 3.035283293686498 0
-1.066669799776044 -4.555467566136103 0
0.6039985065859599 -2.796350841095144 0
4.551845415418865 1.076137650923695 0
3.147310037304358 1.50380522258901 0
1.59037577240815 1.984238680436622 0
0.8318885168350957 -2.099966497954397 0
1.690853146490477 1.493893789152448 0
-3.385498282173818 0.6413263546920036 0
-0.04326649018467102 2.253515969984957 0
-2.390846333616678 -0.5557461798073495 0
0.9212731402163987 2.333397379329985 0
-0.5321798580105864 -2.494098792021975 0
-0.4776971816293318 -2.456651735998668 0
-4.501167132220576 1.514566020757898 0
3.040035732980544 -1.726721334325323 0
-0.6315570963720541 2.68409773528759 0
2.984020950759152 -2.737572760240376 0
-4.002543823479403 -0.147955286970326 0
-0.2195768647808703 3.100866191035377 0
-2.003149818726258 1.430925447501772 0
-2.512071374099633 0.1840328509928652 0
-2.539769381140301 0.2456771172545347 0
-7.872767843838852 -1.493049411633128 0
0.3279206091741963 -2.798690541049471 0
1.22003220991688 2.619849149602516 0
-1.877481442734588 -1.62201379609865 0
-1.883483620957403 -1.690359557793931 0
-1.819987995865371 -1.716806522238179 0
2.310694351791917 -0.9066286831357031 0
2.337437748612624 -0.9692368509672826 0
2.232173345412053 -0.9921281866076861 0
1.129110841169769 -3.3748527913374 0
2.51731802299788 2.511891690312102 0
-1.33553278633916 2.068987250282803 0
2.988327720950239 1.260721795801866 0
1.123000527554231 3.89440758452852 0
-1.19821387306905 2.082132191993868 0
-0.9321797051180285 3.427790607039007 0
2.570413660455038 9.305075231339021 0
1.766841452261804 -1.629884362035343 0
-2.252193503399911 -2.806611779897475 0
3.526977479673607 -0.7523111476868644 0
-1.085607831691517 2.100159711814956 0
-3.568419139034817 -1.878036811272379 0
0.5296752133766969 -2.299236638645421 0
-0.4171777734701723 -2.455677730695244 0
2.247286540309631 -0.1636438696833193 0
2.861381984388521 -0.4481689487752225 0
1.521172034959401 1.77555760404027 0
-0.3752139410119829 4.67332069755018 0
0.5969856759880448 -2.384240219263674 0
-3.378851273777386 -1.05368488080903 0
0.5943019590645293 2.333893153229464 0
-0.2325441618941696 2.395833811014855 0
-2.048816098670882 -1.141112855696047 0
2.975466491908327 1.572503517416912 0
-1.22160118370762 1.890157572641893 0
-1.911274624671473 1.676016480707997 0
-1.863155842125951 1.625579719147191 0
-1.929908334412519 1.580536784215957 0
1.721096597075651 -7.266807152727301 0
-0.1603899402927184 -2.250231689664401 0
-1.899949943495991 -1.351229241686867 0
2.240772989936646 -0.6425720473977494 0
-2.184775873989439 -1.279367628946062 0
-2.199214745146568 -1.216479158847595 0
-1.083165643421026 2.201983743830052 0
0.5701703650784692 2.18308443545908 0
-2.197955397482342 -1.050612833077644 0
-3.122550714816773 -0.6315390353492469 0
1.11584308678322 -2.049993986127179 0
2.670878528541208 1.513992482919119 0
1.18272852005337 2.018214284486572 0
0.2742079585571006 -2.504077669732173 0
5.745694266783213 4.780375803839693 0
1.111628124395735 -3.803871357394725 0
2.927867418161508 2.704202097213716 0
-0.3556577853921383 -2.494459809552283 0
-0.2898584107067567 -2.513168908593959 0
-0.2277353666463931 -2.570253489519709 0
2.065267808181506 1.168838322092616 0
1.55801636762547 -2.359104952541307 0
-0.5988600076269012 -2.17852559233553 0
2.216922517972851 0.4349977765328609 0
1.21470747816223 -1.894153828498683 0
1.67829545152683 -3.233098906972357 0
2.146859089751463 2.932807808308089 0
-2.426892959727753 -0.2735021984013955 0
-2.071406313351281 1.089236307402301 0
4.261811532667311 -0.6527050758651078 0
-2.484242743697561 -3.52341948203549 0
-1.476070347019534 2.808975629150179 0
2.221800839762386 -1.637730727480131 0
1.219535697942398 -2.00029494724997 0
2.079285819381211 1.037588968815983 0
4.577632846148999 8.522598810952285 0
-2.93161510336469 2.596204110995426 0
1.4832387926345 2.561557203995707 0
1.638041927235683 2.521199117665385 0
0.04340001776185631 3.063017598786625 0
2.339218606146044 0.4394698801414868 0
-0.6510522998384447 -2.288704836216856 0
0.1724306934679778 2.835353728572299 0
-0.2321000604568014 -2.328079307472157 0
-1.350889905026617 -2.017137582283591 0
2.255464510528047 -0.01154279160526742 0
-2.753844607175137 -0.03615305733163873 0
-1.016740198037781 -2.0117624408097 0
-2.69136806452999 3.182721042777175 0
2.178677602653521 1.288617352514851 0
-3.018283630167479 -0.5477055356158022 0
-5.596066980923566 -4.810421427464745 0
6.07572452709994 2.095346625424241 0
-1.199528086363264 3.361702834798104 0
-1.313641338880504 4.11363795700797 0
-1.631768344291835 1.812066324946438 0
0.3386215119164193 2.425598324458827 0
1.433776113505553 1.734234424948313 0
-0.8375826738298736 -6.395536655128663 0
-2.274635131608949 0.8250266751178512 0
-0.7257236161844096 2.133415831066855 0
1.812978373407395 -1.338285453856077 0
1.617555241738306 1.919254972084385 0
5.577391787953361 -7.909853437295505 0
-1.732863786777802 1.573633217472079 0
1.416673095282652 -3.281084252862967 0
2.299106655020078 2.733572001248865 0
0.2967248945962485 -2.236102373085184 0
0.7050187154551364 2.730539652190398 0
-3.739628282807929 -1.281340457895299 0
0.5045358096477949 -2.197180695700724 0
-2.153191932956035 0.6631716431247558 0
-0.376848618949029 2.454492491215007 0
-6.112261111682572 -1.550479338194985 0
-1.796245315203818 1.459868380178321 0
-1.944125699534696 -2.98413505126243 0
3.548130551773331 -0.4004641986413101 0
-2.119969838329697 -1.913031840213177 0
-2.339744022627824 -0.04950316128282741 0
2.819707489881056 1.771874502841303 0
1.756441922968774 1.602502993251318 0
0.8790457659266235 -2.234611282352875 0
1.760083769828294 -1.682285080460151 0
-3.613083083770682 0.9562375365202807 0
2.769976994174118 -1.629724408542121 0
-1.778152776326522 1.804037894829289 0
-1.735821568011061 1.847515008076412 0
-0.1408782761677013 -2.602578548483217 0
0.4674946722985789 -2.284748627401499 0
-1.587972055712316 1.588679512877963 0
-1.4881000856984 1.681880237250755 0
-2.394410833054842 0.7042092447372635 0
0.6419161690040218 2.155602897590176 0
1.939860766196738 -1.142211081726808 0
-9.567138008270547 -1.597030648626118 0
-0.2309087498579763 2.864384261276206 0
-0.5035119361578926 2.197342667470499 0
-1.444765871880308 2.163230148832989 0
-2.706532719946834 -0.8518674130124508 0
0.7525474213326995 2.220733459522759 0
-1.703888421955848 1.748189687424922 0
-0.9280704628230395 2.056441325251988 0
1.681154707240869 -1.507967157847532 0
2.198377133201721 0.9710444528056641 0
1.32632728035341 -1.814821888732341 0
-0.2741450576709224 2.313678836458418 0
-2.071557873954843 -1.54327629033544 0
-2.387270098707908 -1.597049749200342 0
-1.059149184854261 2.552864240131696 0
0.01357818436561091 3.336000130072879 0
2.270037129950688 0.69034905868848 0
-4.477692635308602 3.991740656085807 0
-3.164096269777834 -1.701646810060221 0
-2.457263206058963 0.3511066145471359 0
1.508731103654344 -1.78147933457003 0
-3.865035902888143 3.4936435963102 0
-2.720961961755159 1.169047875096227 0
0.1499121973234948 2.392529663506594 0
6.091711560846837 3.009728751876215 0
-0.9180739071351013 -2.164201547743312 0
1.855953032072925 1.435560152183869 0
0.01315991341323178 -2.328464882486884 0
-2.374539848155616 2.577325513018533 0
1.917924176449247 1.931978920475059 0
2.503338080477047 -1.6855437905687 0
-3.347715436860246 1.239519912091974 0
-0.02256925947416496 -6.842056933592091 0
-2.227866012008179 -0.3036092408678155 0
-4.061768956818983 -0.4358040658757921 0
-9.573802126946347 2.3981852931615 0
-4.495488361824227 0.1755800898486902 0
2.942948875043477 0.09205394332927951 0
-1.226774301185665 -2.672133500831479 0
5.348957348200432 3.31066529806484 0
-0.00107037957645534 2.329924237929645 0
-1.375928880444024 2.920124238350732 0
-1.216752817680293 -2.403101975211412 0
0.5868139700470838 -6.285680114153234 0
-2.438786070334674 0.5763025276510363 0
-2.462656784728843 -0.9886638975491657 0
3.091511749687439 0.430394575080346 0
-0.9927317538671554 -2.959250692192913 0
-1.369619516679335 -2.116394519916797 0
-1.19733943401272 2.459261375982114 0
-2.755373013341367 -2.44922574079433 0
-2.20052466139708 0.4465255662700776 0
1.358444903865325 1.897045260427944 0
0.1100478413056726 2.256451958411504 0
0.219211524902397 -2.415223303437771 0
-0.469482382812792 2.298842919064411 0
-0.2940873310382334 3.660649525593728 0
0.1344751613913865 2.461069979304428 0
0.02658945768185132 2.907626327218778 0
1.972285687615495 1.548911862446837 0
-1.725779549577043 -1.769858207899932 0
2.217393471944702 -1.096346780742068 0
-1.631686941329598 1.555837017187935 0
-2.304113031244706 -0.8086190869904211 0
0.4374685034650418 2.826248604271447 0
2.054182574503282 -1.149350308229469 0
-1.374661616625494 -2.650940544580866 0
2.984677653113613 -0.04403543115930567 0
-2.54857981391477 2.697765707002243 0
0.7155774131010192 -2.395140364087716 0
-1.3835218026703 1.7732816569109 0
-2.366593774112344 -2.040163409199909 0
-1.848154112135344 3.911394309214383 0
-1.588446785859625 -1.590565507422486 0
2.026783209610085 -0.9722369529918441 0
0.1319046837535922 -2.313268913147712 0
2.876569670355395 -1.526317459439513 0
-1.184439852179568 -2.096797013087358 0
2.236856540933914 -0.3257591967213563 0
-1.557982408283192 -1.762976301646377 0
-0.2722179846250025 2.242203488416037 0
2.66861272299673 -0.9027553647390824 0
4.281744664029136 -0.05758725602771309 0
-1.960099833257046 -3.807203675575747 0
0.3851508631781162 -2.216403524843096 0
-2.026900301875529 -0.9722763085817498 0
3.03819991768446 0.198989359539886 0
-1.175180740064241 -2.806959881953907 0
-1.425780299001013 -1.863240316844508 0
-0.04302065640282556 -2.344121471705965 0
1.538544339128397 -2.605999974244584 0
-3.666011584091665 -0.580136587712292 0
-2.376207867849684 0.1322489911750949 0
-2.244545034209459 0.03456864536260063 0
1.665805603202307 -1.683520092836627 0
2.412649262746375 -0.3603854647114102 0
0.159263184267999 2.583491726907611 0
3.033851416609354 -1.075458851535275 0
3.468231737412971 -3.748091685441533 0
-0.4133987997944639 3.254597224831518 0
-1.366457467276398 2.656961231602096 0
-2.551417820539942 2.121236655381702 0
1.80995751164427 4.774772190412669 0
2.447426304887719 0.8233609085316076 0
2.473343672629217 -0.4245817745110381 0
-3.468490804610305 0.4319950241062775 0
1.862300220793924 2.627561961160857 0
-2.554292361153307 4.274680748242767 0
-1.882403862152374 -1.245861454484172 0
-3.081714792989146 -0.3808796641166466 0
-2.28770690752618 0.4208222071891934 0
-2.956597099511731 0.483852823589072 0
-1.643622706542357 1.899635779271083 0
-1.765139095859987 1.671778808856647 0
-1.806359157127672 1.712738727065852 0
-2.284305455734204 -2.319011130058684 0
1.856507138713526 3.187887759325688 0
1.725310947483347 1.440576665314466 0
-1.330126470603048 -1.890743232141343 0
-1.458642204078089 2.52561319521919 0
-1.190229239541435 4.878866229139825 0
-1.363996071596261 2.003539866311701 0
3.450051362677625 -1.367304149830433 0
0.9998561392622932 4.465108309790143 0
3.551129787950131 -2.884247241400729 0
-2.514772969594428 -1.820123299230622 0
-1.850037032361108 1.287669469671021 0
1.399004153367888 -2.03358957498097 0
1.650538616582142 -1.965497313009481 0
1.581547561719171 -1.966603334028886 0
-2.459016320402594 -2.317507041454894 0
2.255589657128466 -0.5387980635086237 0
-2.335489080529898 1.944965782461679 0
-2.23677037946272 1.458607479128744 0
-1.011231036595649 -2.301350197655966 0
0.7342009359017511 2.132502807308313 0
0.08446643198731071 -4.358346831548539 0
-1.428712476898009 -2.030070585031468 0
3.860278465679129 2.016641547277506 0
-0.3941884607587768 -2.341070759903475 0
1.976097027364121 -2.986416894516256 0
0.2414149583823234 2.230794548712238 0
1.516311227427501 -2.83030096648494 0
1.841888368738432 -1.708001756113006 0
1.523418321325487 2.075723704755147 0
-2.263697027139361 0.7207731499615254 0
3.084356212865899 -1.347042577211863 0
-0.6559225309558695 2.996761434205756 0
3.251757235693424 -1.9916396047409 0
3.42242704837892 2.43231288623478 0
1.773965617813458 2.413187364351595 0
0.6517818807061817 -4.14778953476355 0
-2.104315884707631 -0.7781644890247715 0
-0.5565362819696438 2.440815928173647 0
-0.5484705516665345 2.387046639571255 0
-0.8681957492125966 2.71094859458225 0
-2.144910007646147 3.72227576131595 0
-2.26718335902706 1.594600449264701 0
1.986890506239979 2.302416577879564 0
-2.183608596232009 -0.9433030814201805 0
-2.250362541751382 -0.09057822401662402 0
-7.460682447935909 2.70423081339877 0
2.399273722030532 -0.2943621221118183 0
-2.208489033931396 -0.7918196986924424 0
1.850709285459314 -1.513158064805408 0
-0.8801307447023135 2.225408336519352 0
2.344085517976941 1.131039644962817 0
-3.105980884254842 0.1312032840641989 0
-1.16638963768872 -3.896706085463268 0
4.008031081885269 0.692810333582133 0
2.108393165800593 -1.246488835884983 0
2.157408985372463 -1.270718184716111 0
1.958388378880979 -1.997430164100343 0
2.834444660482922 -1.776186182045586 0
1.342734924604097 2.049590267711562 0
2.273063829701662 -1.912911149602417 0
-1.697313657539599 -2.637365874546559 0
-6.688818615276907 -3.510907334883044 0
-0.0327278025436235 -2.242288649331297 0
-0.2357925963847194 -3.595393178208606 0
3.339680195521128 1.392370017670793 0
-1.975098457292471 1.751023524100216 0
-2.259045743042174 -2.488183234256059 0
2.058856719777963 -1.282781510503465 0
4.888174491530867 -1.103695787482154 0
-3.167132859026928 -3.884054387315423 0
-0.8449783057888371 9.912337776527432 0
-5.197982190204268 0.779677448224853 0
-0.5997627551854032 2.352546994345775 0
2.307593162356835 -0.3233614288615008 0
-2.932468480159586 3.596164316911702 0
1.502445046894829 -1.673472327219665 0
-2.336546271089928 -1.014039235333866 0
-2.326555328952927 -1.087712264573178 0
4.220132046524405 0.244333672778235 0
-1.662396798188871 -3.886669649441898 0
2.298632557385783 0.8266392080221605 0
1.788842317859679 1.370768149215106 0
0.2742862340381876 2.662395543101557 0
-0.4212394915006051 2.354900755011163 0
-1.679976814707958 1.606956792289099 0
-3.936641845213054 -9.114569474048837 0
-1.572958641071387 -1.861883632599018 0
1.896919662269744 1.208513284569851 0
-4.002999983170968 2.492014984639698 0
2.146785159640389 1.116301815267717 0
2.202072414277576 -1.197892832635949 0
-1.674362081264683 -1.866769917105905 0
-2.617273193060063 -1.942604449462414 0
2.19232175213814 -2.154341567524413 0
-1.954144995435615 -1.273085186170183 0
0.8128651662584593 2.976775355147977 0
0.9430287012073419 2.936347641977323 0
-1.430156069455429 -1.927822298360362 0
-1.524909155442678 -1.989223127943512 0
-1.578948527933581 -1.967916686243899 0
-0.9852460090784954 -3.515425341229467 0
3.586031041831291 0.68500538488187 0
2.707646456975424 0.002167787240808612 0
-0.4707914785003727 2.456034162642266 0
1.334624087990804 -1.964125048410601 0
-2.328739521648727 0.8930975544838173 0
-1.978214255445927 -1.20238332187358 0
5.672330495933077 0.98042982928778 0
-3.068323020355925 0.2631782795156287 0
-0.4690380457773184 -3.290890673879077 0
3.156747445981824 1.047600284770728 0
1.384944272994759 -2.65981381032835 0
2.081316395606147 0.8638069056804747 0
-2.05250655369045 -1.24765764232005 0
-1.653719457373986 -5.520502234771329 0
-0.6314301695006497 3.2990974929823 0
1.617557479312406 -1.767560538306992 0
-1.647144542937486 -1.909711162951006 0
2.239788318668328 -0.2605756304487467 0
-0.6604226765047838 -2.65862636951307 0
2.667464036191244 0.5953038153776791 0
0.3695820415827873 -5.586706246686399 0
1.204962233357268 2.168898254642798 0
1.671063774201685 -1.743138591370423 0
-2.021434238152126 0.9858183475077806 0
3.228747316486097 0.04331472419810845 0
3.122527486709656 -0.05579104353220149 0
-1.400402410743368 -2.909562766836093 0
-1.44048665678046 -2.770026693705475 0
-8.430913658473523 5.225606803521817 0
-2.561641877315076 -1.382998533754501 0
2.457924801959446 0.04032012423957544 0
-0.05234590739320477 -2.670282539852923 0
-0.1032627628282603 -3.093846159356052 0
0.5997297476338412 -2.171384860341661 0
-1.138892944997929 1.939457791462509 0
2.509768344594044 -0.005408220680416568 0
-1.815767342016875 -2.14774228054652 0
-3.365579785169921 0.829576158171477 0
0.1905867525631639 3.601665690295856 0
3.188982238974174 0.1897749521599753 0
-1.251416306842647 -2.939012403835331 0
1.914290194087708 -1.595923920843193 0
1.971258802631537 -1.645567956657527 0
-2.372089751316563 -0.1753682126109569 0
-4.098247258341384 4.523508697942105 0
1.26107953960654 -1.915582647897052 0
0.6988043498035197 2.363792596969161 0
-4.152058099116344 -0.9578198931581214 0
4.8326835219708 2.816530833591481 0
2.177111165922049 -0.5697977856835625 0
2.220650610540493 0.3097675318485634 0
-0.7125366167491436 -2.125920149442924 0
3.096670418810657 -0.2874499641104269 0
2.656237182204092 1.958588823938417 0
-2.544542787005204 -0.3164805155195266 0
-2.569149997407051 -0.3776626933252198 0
-2.562076277300511 -0.2391868354108459 0
-1.091003659891374 1.95872677811122 0
1.535811996902011 -1.633456097205491 0
-3.70052276140165 -0.777786465418554 0
-0.5931524774534882 -5.690321700607077 0
2.176552986827835 0.7921606567282322 0
9.227449521262976 -3.704114081300114 0
2.127052757169506 0.7101554610203606 0
-0.8534882718715975 3.215449459856951 0
-1.628416324838774 -1.756791843952768 0
2.119669581323931 -1.116011514446539 0
-2.998737035076774 -2.028623531950712 0
-1.670397077433038 1.856346380146791 0
-0.01909695864638953 2.541134275064401 0
1.78319354220466 2.885082068845245 0
-3.471166051612607 2.189747132465584 0
-4.18206965845341 -1.912434343007265 0
0.214742963143981 2.318606209759577 0
3.207414940492491 0.4017021445496654 0
-1.070078588493656 -3.050213602826184 0
-0.8044574323961793 -3.620817714104518 0
3.599740259828131 0.8937553602596993 0
1.098595403065379 2.112375383370039 0
-6.603241308398729 7.336931766138861 0
1.890373016099259 -1.208897232178551 0
5.350629613716436 2.003184643452206 0
-1.708104320805918 2.462913854513291 0
-2.770096695454706 1.407638373474009 0
-5.782294105638178 3.052824499597043 0
-7.396073765941668 3.615064757744891 0
0.872695360137416 2.235152556859933 0
9.881713827824226 0.5939855306909214 0
0.3325090549853545 -4.031072096109257 0
3.456886793470125 2.096417752360649 0
2.414588571040963 0.6337998092465468 0
0.4457917341066222 2.196908259795491 0
-2.861437422977314 -0.6531634097908152 0
-1.501822396625298 1.773605122018872 0
-2.838725834588701 -1.347906592432544 0
-2.055804762402835 1.577605066000387 0
2.731337469876256 -0.4527425083858616 0
1.536168565794274 1.974823049857028 0
2.018436286262931 1.005641120174945 0
-1.342292706899519 1.920099200444104 0
-1.271466728025714 -1.959522553389957 0
-0.5816935307010432 2.161374899145554 0
0.3547059920355395 3.746028101348755 0
0.6888819187232065 2.300924668412356 0
-1.560897016102874 1.735267865873741 0
-1.635886405384001 1.664761162561513 0
1.662445650703696 -1.853967563042341 0
2.80657095862518 1.920666017168768 0
3.311126658044398 -0.1787262736714026 0
-1.63647014042057 -2.888027579505117 0
0.1221259102319429 -2.469138340089788 0
-3.159128353120573 1.02962336022624 0
-1.526128979280752 -1.88419612232464 0
1.046132621159444 3.032674046380428 0
2.240231006838379 -2.291763069111902 0
-0.4809167496022848 2.927852535681093 0
0.9169183538434205 2.053014765691366 0
-2.712620761606494 0.6149210069018589 0
-1.926044394625721 -1.598344111515118 0
2.350519902427703 -0.8730671538626317 0
-2.243322533824684 -0.184739389605292 0
-1.018030569264798 -2.154380927147366 0
2.746820963779996 -0.1350374592776998 0
-2.677841357070869 -1.193529203844836 0
-0.5408131948975849 3.199586346511852 0
0.02763408226582215 -2.923372060901767 0
0.969336893337432 3.169080541485481 0
5.818402679690946 -0.05362188216870505 0
2.872069523406463 0.358035605523757 0
-0.9611718107026042 -2.729352315144493 0
2.376728897972115 -2.297434177387029 0
-0.3280245228333637 2.231198591021397 0
2.300226731992908 -0.2596260456248454 0
-2.937139479731384 -1.257299727438057 0
-0.3065266430650272 2.662565825267259 0
2.608076479827241 -2.228391066302307 0
1.103739805934041 1.959285760702763 0
-2.643843476763064 -5.186123951896744 0
-2.270301928924939 -5.751755425972377 0
6.153621672196751 0.5322154994745949 0
1.767206733123478 -1.377773748070756 0
-2.274286491195062 0.9311318036009201 0
1.645659790101704 -2.492306220239092 0
-0.7771996577632759 2.101706783703584 0
0.3062878504063978 -2.376524362138144 0
4.010657951002391 1.614177153745375 0
-7.359763076949633 -6.595035353928377 0
-2.497059978957476 -1.126684747706286 0
-0.3425321699450466 -4.309777888836987 0
1.327375317376775 -1.868011613923742 0
2.997769297928727 0.3279179675371839 0
-1.045064590504901 -2.828531760757902 0
-0.3765379542878798 3.378258124469669 0
2.30997135464105 -2.056502319873315 0
-4.786650367869068 6.764572529068014 0
1.175944936619808 -2.149004245390717 0
-1.454618970614256 1.721262188428261 0
0.2972890772220366 8.360683222163244 0
1.202717475838698 -3.06915807580641 0
-2.545049625805935 3.883454398675945 0
-1.191343041554195 -3.634623626385823 0
3.784585258808702 0.5536504676655198 0
1.514629029450332 1.919633592366036 0
-2.304889414663361 0.4727532915964081 0
-1.373623898464621 -2.385866320808257 0
2.32019712669521 0.07475114222142572 0
-1.57623894623783 1.834663502726391 0
-2.106695021388162 1.056613841276525 0
-0.7787734691710034 2.910686467249213 0
-0.90654419071265 2.979592221476265 0
-2.674955803754081 1.63953860997913 0
1.867331331434566 -2.370894966857653 0
1.286059246293828 2.735044097733682 0
-2.501638746670049 5.185468524167305 0
-3.115144206260631 5.08824017163 0
0.8429761812612586 2.701229568882203 0
0.4160917908604912 -2.354970291324777 0
-2.823691311156331 0.8430458435078371 0
-1.985982871366616 -1.386016534799924 0
2.331392138648164 -0.6419100053565163 0
-1.598534650374782 -1.660456295839512 0
2.059534212989078 -1.034799413252317 0
2.003525650744851 2.839549738508307 0
1.650322779787211 -3.073540480856408 0
-1.819686224090993 2.442335022646493 0
2.376222335579393 1.532345424477805 0
-1.036602292078032 3.691683244519888 0
-6.703306983592104 2.311616821358968 0
3.444623314664381 -0.9142963829448055 0
-3.82744035664601 1.94143021407682 0
7.358576975306054 -3.994012874943524 0
2.401448761018976 -1.433832626082453 0
3.775332744476564 -0.7322299865880658 0
-2.34169721263204 -3.046307436746716 0
-2.110852536706706 3.134536739350205 0
-2.57998303394616 1.01481043919933 0
-1.379810764663246 -2.261610648239237 0
2.167938996268001 1.189863082166467 0
-2.360242760631836 -0.7177040320849982 0
-1.118869377491844 -9.777353633447294 0
-1.922263185344979 1.149646804756048 0
-1.542688272726014 -2.099547807743875 0
-0.343636927205218 -3.167607404354458 0
3.007728491804817 1.095113804487312 0
-3.842362678522639 -2.946206872384656 0
0.02348061788276876 4.835591476137244 0
-1.85083335713973 1.687187374994182 0
4.320500714969016 -2.179359026584764 0
3.353806483689692 -2.406257583186646 0
-2.931924992634163 0.7185315749590507 0
-3.141579177731966 2.499232041072677 0
-2.065475536321793 -1.031811573507502 0
0.8450326139070767 3.331425328859462 0
1.49356897674648 1.822443667682107 0
-2.052502840977414 1.405087718662675 0
-0.4447757277238673 -2.280562599210957 0
0.6359200783397013 4.111348851855302 0
-2.496403802506007 -0.3296739763289935 0
0.05108554098030424 2.249762599385407 0
-2.448321094260968 -0.4835581725365174 0
-4.044085083494378 -3.887734888776582 0
1.486976383212837 -3.611771618041777 0
2.570324245780714 2.940972380177512 0
1.583597665364441 1.583597672419548 0
0.7117129556867204 -2.124915390463248 0
3.80851143339551 -0.4926313940532877 0
-2.139839880346834 -3.18626005367808 0
-0.3615473935986957 2.28196153777778 0
5.281198800511525 -1.88584111966216 0
1.728119132984997 -2.13835783796858 0
-2.173016248065091 2.734615281813188 0
-2.120231301762528 -1.004664986157471 0
2.944519504385183 1.703261118539049 0
-1.252596094869725 3.646247429421477 0
-1.231507275681178 -1.883155236122079 0
-1.477311754644416 -1.844705917899255 0
-2.762341934202357 -0.4193462937442938 0
-2.067040070038898 -1.345359573254018 0
2.392685402456967 -0.5818258077749278 0
-4.887814668355706 1.210043169522384 0
-1.625303655896744 2.213172929942804 0
1.042002754037629 2.495966816080381 0
2.015934152220444 -3.170149979849543 0
-3.19223813430602 1.583580870160754 0
-1.778879070649282 -1.630349247199474 0
2.471380069729978 -2.532988473092234 0
1.166148945748867 3.346584406145392 0
1.942269458838978 1.497916299551688 0
9.212616706581692 3.355742390852174 0
0.8568787037167298 -3.749221787922833 0
2.986984766677469 2.459033341161228 0
1.688809082352889 -1.598770245739094 0
3.528741902083501 5.111420765767531 0
2.236710222774192 0.1034093546957358 0
-0.903854204622186 -2.051994654322444 0
3.004186418193649 -5.440251412931643 0
-2.297319510687645 -0.3509744890167049 0
-2.322842803336055 -0.3138199526159045 0
-2.322258610569635 0.7492953581663909 0
0.493681383915814 -2.382869256772086 0
-1.102469475032532 2.031312862492409 0
-1.289083631394991 2.348706783682494 0
-0.7403557424772781 2.193524847845832 0
1.600144747189637 -1.667993562348058 0
2.014501223561054 1.326430983723352 0
2.406716803948614 0.2789206430216776 0
1.865836465878977 -1.370399254624715 0
-1.996065442766561 1.20125257863407 0
2.665630959655202 -0.5850393403220162 0
-0.9399953578027913 2.299947091830227 0
1.57484408636685 -1.724142811656424 0
-3.688032140677004 0.3614809650140809 0
1.022952188094749 2.000573275066158 0
1.45276607545554 2.177320694531208 0
-1.163708334697207 2.029123518966922 0
-3.031527457673953 1.90666921810874 0
1.048161696324911 2.151789517342722 0
-2.371127492617247 -0.2327754052326486 0
-1.954637764117582 1.111993923962689 0
2.236687920325248 0.6226624760455263 0
-0.6599525013269741 5.56105998185873 0
-1.747971633763393 2.677720696909973 0
-1.07741657503795 2.260061740172437 0
-1.104967446908671 2.306488353392048 0
-1.440965749062716 1.932831684440006 0
8.247204429167031 5.433159066253932 0
-2.417630648296246 -0.4372570483979618 0
-1.626757924830179 2.908161860937329 0
-0.9644196147224028 2.243576094173796 0
-2.399816208614498 -0.3334593545813463 0
-1.79916614170563 3.13314518322639 0
-1.575797783541482 -2.764171874611346 0
3.172993865123492 -0.1755562162370267 0
-2.454139318498061 -0.393513567571913 0
0.4363192168516152 2.393404628624693 0
2.283159156010092 0.4683944693851736 0
-0.6006798363363445 -2.253862439232852 0
-1.807367967384981 -1.333864114728435 0
2.147675976891715 -0.657421043241754 0
2.797124488133781 1.035735748501088 0
0.9053196710444589 -2.856036548856909 0
2.649292965632283 2.369995630126096 0
-1.63658346459397 -7.13120769649313 0
-3.400969426102193 3.869538863618469 0
0.652686098960413 2.249208228435848 0
2.648070083396398 0.2762727416947259 0
-3.301852451468474 -1.581180138178574 0
7.096971893939465 1.708729378056835 0
-1.901531277080381 1.402155652322135 0
-1.025292988823403 2.839321418551023 0
-4.752562341012545 8.643350526671266 0
-2.465959985624949 0.5475484287569334 0
-1.435200521610335 2.102673274369703 0
-1.600061842001688 1.916663903759423 0
-0.7872580910274317 3.462554617383786 0
-2.406200142153476 1.627984281668546 0
0.1786230072864103 3.095448331860367 0
2.211223312749845 2.447742851856157 0
-1.549752246083646 -1.702962470557518 0
-1.800465602949112 1.755700304794987 0
-3.074347380786949 0.721484959581113 0
0.550658263381763 3.069834152356915 0
1.341750849726356 2.148233047239515 0
1.289661764716238 2.137348027999167 0
-2.939290901911825 0.333240483296141 0
-0.06718679615309078 -3.47090722842973 0
0.5642545063451141 -2.25670499532134 0
-0.1074514009961873 2.316175255369122 0
2.026299397860796 -1.090071719497639 0
-2.220469510010975 -1.098059015867806 0
-3.192516339497422 1.316037073223443 0
-1.673629358455955 3.349721209514344 0
-0.2615994561394046 2.993117518617481 0
2.880554897782291 -1.228673602146559 0
-8.652558167654789 -4.846070043902614 0
1.117277285686308 -9.804786371955633 0
2.221141230993052 -0.9437189352804722 0
2.24663936271731 0.8621254185416245 0
$EndNodes
$Elements
14 9136 1 9136
1 1 1 10
1 1 13 
2 13 14 
3 14 15 
4 15 16 
5 16 17 
6 17 18 
7 18 19 
8 19 20 
9 20 21 
10 21 2 
1 2 1 10
11 2 22 
12 22 23 
13 23 24 
14 24 25 
15 25 26 
16 26 27 
17 27 28 
18 28 29 
19 29 30 
20 30 3 
1 3 1 10
21 3 31 
22 31 32 
23 32 33 
24 33 34 
25 34 35 
26 35 36 
27 36 37 
28 37 38 
29 38 39 
30 39 4 
1 4 1 10
31 4 40 
32 40 41 
33 41 42 
34 42 43 
35 43 44 
36 44 45 
37 45 46 
38 46 47 
39 47 48 
40 48 1 
1 5 1 51
41 5 49 
42 49 50 
43 50 51 
44 51 52 
45 52 53 
46 53 54 
47 54 55 
48 55 56 
49 56 57 
50 57 58 
51 58 59 
52 59 60 
53 60 61 
54 61 62 
55 62 63 
56 63 64 
57 64 65 
58 65 66 
59 66 67 
60 67 68 
61 68 69 
62 69 70 
63 70 71 
64 71 72 
65 72 73 
66 73 74 
67 74 75 
68 75 76 
69 76 77 
70 77 78 
71 78 79 
72 79 80 
73 80 81 
74 81 82 
75 82 83 
76 83 84 
77 84 85 
78 85 86 
79 86 87 
80 87 88 
81 88 89 
82 89 90 
83 90 91 
84 91 92 
85 92 93 
86 93 94 
87 94 95 
88 95 96 
89 96 97 
90 97 98 
91 98 6 
1 6 1 51
92 6 99 
93 99 100 
94 100 101 
95 101 102 
96 102 103 
97 103 104 
98 104 105 
99 105 106 
100 106 107 
101 107 108 
102 108 109 
103 109 110 
104 110 111 
105 111 112 
106 112 113 
107 113 114 
108 114 115 
109 115 116 
110 116 117 
111 117 118 
112 118 119 
113 119 120 
114 120 121 
115 121 122 
116 122 123 
117 123 124 
118 124 125 
119 125 126 
120 126 127 
121 127 128 
122 128 129 
123 129 130 
124 130 131 
125 131 132 
126 132 133 
127 133 134 
128 134 135 
129 135 136 
130 136 137 
131 137 138 
132 138 139 
133 139 140 
134 140 141 
135 141 142 
136 142 143 
137 143 144 
138 144 145 
139 145 146 
140 146 147 
141 147 148 
142 148 7 
1 7 1 51
143 7 149 
144 149 150 
145 150 151 
146 151 152 
147 152 153 
148 153 154 
149 154 155 
150 155 156 
151 156 157 
152 157 158 
153 158 159 
154 159 160 
155 160 161 
156 161 162 
157 162 163 
158 163 164 
159 164 165 
160 165 166 
161 166 167 
162 167 168 
163 168 169 
164 169 170 
165 170 171 
166 171 172 
167 172 173 
168 173 174 
169 174 175 
170 175 176 
171 176 177 
172 177 178 
173 178 179 
174 179 180 
175 180 181 
176 181 182 
177 182 183 
178 183 184 
179 184 185 
180 185 186 
181 186 187 
182 187 188 
183 188 189 
184 189 190 
185 190 191 
186 191 192 
187 192 193 
188 193 194 
189 194 195 
190 195 196 
191 196 197 
192 197 198 
193 198 8 
1 8 1 51
194 8 199 
195 199 200 
196 200 201 
197 201 202 
198 202 203 
199 203 204 
200 204 205 
201 205 206 
202 206 207 
203 207 208 
204 208 209 
205 209 210 
206 210 211 
207 211 212 
208 212 213 
209 213 214 
210 214 215 
211 215 216 
212 216 217 
213 217 218 
214 218 219 
215 219 220 
216 220 221 
217 221 222 
218 222 223 
219 223 224 
220 224 225 
221 225 226 
222 226 227 
223 227 228 
224 228 229 
225 229 230 
226 230 231 
227 231 232 
228 232 233 
229 233 234 
230 234 235 
231 235 236 
232 236 237 
233 237 238 
234 238 239 
235 239 240 
236 240 241 
237 241 242 
238 242 243 
239 243 244 
240 244 245 
241 245 246 
242 246 247 
243 247 248 
244 248 5 
1 9 1 11
245 9 249 
246 249 250 
247 250 251 
248 251 252 
249 252 253 
250 253 254 
251 254 255 
252 255 256 
253 256 257 
254 257 258 
255 258 10 
1 10 1 11
256 10 259 
257 259 260 
258 260 261 
259 261 262 
260 262 263 
261 263 264 
262 264 265 
263 265 266 
264 266 267 
265 267 268 
266 268 11 
1 11 1 11
267 11 269 
268 269 270 
269 270 271 
270 271 272 
271 272 273 
272 273 274 
273 274 275 
274 275 276 
275 276 277 
276 277 278 
277 278 12 
1 12 1 11
278 12 279 
279 279 280 
280 280 281 
281 281 282 
282 282 283 
283 283 284 
284 284 285 
285 285 286 
286 286 287 
287 287 288 
288 288 9 
2 1 2 3120
289 785 848 319 
290 786 849 327 
291 787 850 335 
292 788 851 343 
293 749 1004 990 
294 750 1005 988 
295 751 1006 989 
296 752 1007 991 
297 761 1002 395 
298 763 1000 393 
299 764 1001 394 
300 762 1003 396 
301 996 1003 762 
302 997 1000 763 
303 998 1001 764 
304 999 1002 761 
305 750 988 401 
306 751 989 402 
307 749 990 404 
308 752 991 403 
309 273 1161 899 
310 253 1163 896 
311 263 1164 897 
312 283 1162 898 
313 857 872 550 
314 858 873 551 
315 859 874 552 
316 432 875 856 
317 856 875 549 
318 429 872 857 
319 430 873 858 
320 431 874 859 
321 532 1151 645 
322 526 1149 647 
323 529 1150 648 
324 370 1221 830 
325 371 1222 831 
326 372 1223 832 
327 199 1332 883 
328 49 1333 880 
329 99 1334 881 
330 149 1335 882 
331 661 1412 374 
332 662 1413 375 
333 663 1414 376 
334 664 1411 373 
335 533 868 852 
336 852 868 425 
337 534 869 853 
338 535 870 854 
339 536 871 855 
340 853 869 426 
341 854 870 427 
342 855 871 428 
343 367 856 776 
344 355 857 773 
345 359 858 774 
346 363 859 775 
347 421 1614 619 
348 422 1615 620 
349 423 1616 617 
350 424 1617 618 
351 892 1320 203 
352 893 1321 53 
353 894 1322 103 
354 895 1323 153 
355 656 1470 458 
356 653 1466 459 
357 654 1468 460 
358 655 1464 457 
359 417 940 377 
360 418 937 380 
361 419 938 378 
362 420 939 379 
363 837 1261 419 
364 839 1262 420 
365 835 1260 417 
366 49 880 50 
367 99 881 100 
368 149 882 150 
369 199 883 200 
370 830 1214 370 
371 831 1215 371 
372 832 1216 372 
373 1412 1588 374 
374 1413 1589 375 
375 1414 1590 376 
376 1411 1587 373 
377 1234 1567 467 
378 1237 1568 468 
379 1243 1569 466 
380 1240 1570 465 
381 377 719 417 
382 378 717 419 
383 379 718 420 
384 380 720 418 
385 1013 1433 489 
386 1016 1432 492 
387 1014 1434 490 
388 1015 1435 491 
389 619 1461 421 
390 620 1462 422 
391 617 1459 423 
392 618 1460 424 
393 1065 1636 1394 
394 1066 1633 1388 
395 1067 1634 1390 
396 1068 1635 1392 
397 225 875 226 
398 75 872 76 
399 125 873 126 
400 175 874 176 
401 613 921 369 
402 413 922 614 
403 414 923 615 
404 415 924 616 
405 416 921 613 
406 614 922 370 
407 615 923 371 
408 616 924 372 
409 614 953 413 
410 615 954 414 
411 616 955 415 
412 613 956 416 
413 369 1213 613 
414 370 1214 614 
415 371 1215 615 
416 372 1216 616 
417 785 1199 848 
418 786 1200 849 
419 787 1197 850 
420 788 1198 851 
421 697 864 408 
422 698 865 405 
423 699 866 406 
424 700 867 407 
425 225 1308 875 
426 75 1309 872 
427 125 1310 873 
428 175 1311 874 
429 436 1153 625 
430 435 1156 628 
431 433 1154 626 
432 434 1155 627 
433 381 745 657 
434 382 746 658 
435 383 747 659 
436 384 748 660 
437 366 1046 737 
438 362 1045 740 
439 354 1047 738 
440 358 1048 739 
441 465 1205 1100 
442 467 1209 1098 
443 468 1211 1099 
444 466 1207 1097 
445 856 1228 776 
446 857 1229 773 
447 858 1230 774 
448 859 1231 775 
449 740 1045 1044 
450 737 1046 1041 
451 738 1047 1042 
452 739 1048 1043 
453 253 896 252 
454 263 897 262 
455 273 899 272 
456 283 898 282 
457 532 1453 971 
458 526 1454 969 
459 529 1455 970 
460 523 1452 972 
461 693 722 409 
462 694 723 410 
463 695 724 411 
464 353 722 693 
465 357 723 694 
466 361 724 695 
467 365 721 696 
468 696 721 412 
469 409 1721 693 
470 410 1722 694 
471 411 1723 695 
472 405 1721 698 
473 406 1722 699 
474 407 1723 700 
475 693 1721 405 
476 694 1722 406 
477 695 1723 407 
478 698 725 354 
479 699 726 358 
480 700 727 362 
481 725 1721 409 
482 726 1722 410 
483 727 1723 411 
484 696 1724 408 
485 698 1721 725 
486 699 1722 726 
487 700 1723 727 
488 408 1724 697 
489 697 1724 728 
490 697 728 366 
491 728 1724 412 
492 412 1724 696 
493 465 1570 1205 
494 467 1567 1209 
495 468 1568 1211 
496 466 1569 1207 
497 203 1320 204 
498 53 1321 54 
499 103 1322 104 
500 153 1323 154 
501 969 1081 526 
502 970 1082 529 
503 971 1084 532 
504 972 1083 523 
505 524 1637 1265 
506 527 1638 1266 
507 530 1639 1267 
508 628 1464 655 
509 625 1470 656 
510 626 1466 653 
511 627 1468 654 
512 388 797 665 
513 385 798 668 
514 386 799 666 
515 387 800 667 
516 677 789 397 
517 678 790 398 
518 679 791 399 
519 680 792 400 
520 1195 1542 444 
521 1189 1543 441 
522 1191 1544 442 
523 1193 1545 443 
524 200 956 201 
525 50 953 51 
526 100 954 101 
527 150 955 151 
528 1167 1535 1021 
529 1168 1536 1023 
530 1165 1534 1019 
531 1166 1537 1017 
532 689 845 405 
533 690 846 406 
534 691 847 407 
535 692 844 408 
536 883 956 200 
537 880 953 50 
538 881 954 100 
539 882 955 150 
540 389 809 705 
541 390 810 706 
542 391 811 707 
543 392 812 708 
544 532 1646 1151 
545 526 1644 1149 
546 529 1645 1150 
547 625 656 436 
548 628 655 435 
549 626 653 433 
550 627 654 434 
551 321 965 834 
552 329 966 836 
553 337 967 838 
554 834 965 558 
555 836 966 559 
556 838 967 560 
557 70 689 71 
558 120 690 121 
559 170 691 171 
560 220 692 221 
561 506 1157 701 
562 507 1158 702 
563 508 1159 703 
564 505 1160 704 
565 462 1534 1242 
566 461 1537 1239 
567 463 1535 1233 
568 464 1536 1236 
569 1319 1411 440 
570 1316 1412 437 
571 1317 1413 438 
572 1318 1414 439 
573 1033 1575 666 
574 1034 1576 667 
575 1036 1577 668 
576 1035 1578 665 
577 708 1012 497 
578 705 1009 498 
579 706 1010 499 
580 707 1011 500 
581 782 973 323 
582 783 974 331 
583 784 975 339 
584 781 976 315 
585 782 1126 489 
586 323 1126 782 
587 783 1127 490 
588 784 1128 491 
589 331 1127 783 
590 339 1128 784 
591 781 1125 492 
592 315 1125 781 
593 52 893 53 
594 102 894 103 
595 152 895 153 
596 202 892 203 
597 864 1304 408 
598 865 1305 405 
599 866 1306 406 
600 867 1307 407 
601 220 844 692 
602 70 845 689 
603 120 846 690 
604 170 847 691 
605 646 1452 523 
606 645 1453 532 
607 647 1454 526 
608 648 1455 529 
609 52 1538 893 
610 102 1539 894 
611 152 1540 895 
612 202 1541 892 
613 469 1025 669 
614 470 1026 670 
615 471 1027 671 
616 472 1028 672 
617 681 1025 469 
618 682 1026 470 
619 683 1027 471 
620 684 1028 472 
621 1213 1423 829 
622 830 1221 558 
623 831 1222 559 
624 832 1223 560 
625 665 1578 388 
626 668 1577 385 
627 666 1575 386 
628 667 1576 387 
629 677 1558 1029 
630 678 1559 1030 
631 679 1560 1031 
632 680 1561 1032 
633 1029 1554 673 
634 1030 1555 674 
635 1031 1556 675 
636 1032 1557 676 
637 481 1575 1033 
638 482 1576 1034 
639 484 1577 1036 
640 483 1578 1035 
641 686 1572 1033 
642 687 1573 1034 
643 688 1574 1036 
644 685 1571 1035 
645 444 1542 952 
646 441 1543 949 
647 442 1544 950 
648 443 1545 951 
649 1029 1558 473 
650 1030 1559 474 
651 1031 1560 475 
652 1032 1561 476 
653 473 1554 1029 
654 474 1555 1030 
655 475 1556 1031 
656 476 1557 1032 
657 657 925 440 
658 658 926 437 
659 659 927 438 
660 660 928 439 
661 1033 1572 481 
662 1034 1573 482 
663 1036 1574 484 
664 1035 1571 483 
665 1347 1599 521 
666 1344 1600 524 
667 1345 1601 527 
668 1346 1602 530 
669 649 936 315 
670 650 933 323 
671 651 934 331 
672 652 935 339 
673 417 782 304 
674 419 783 301 
675 420 784 302 
676 418 781 303 
677 523 1656 646 
678 437 1416 658 
679 438 1417 659 
680 439 1418 660 
681 657 1415 381 
682 521 1651 1264 
683 448 1263 649 
684 925 1319 440 
685 926 1316 437 
686 927 1317 438 
687 928 1318 439 
688 649 921 416 
689 650 922 413 
690 651 923 414 
691 652 924 415 
692 904 1614 421 
693 905 1615 422 
694 906 1616 423 
695 907 1617 424 
696 416 936 649 
697 413 933 650 
698 414 934 651 
699 415 935 652 
700 649 1201 448 
701 999 1240 465 
702 996 1243 466 
703 997 1234 467 
704 998 1237 468 
705 899 1161 547 
706 898 1162 548 
707 896 1163 545 
708 897 1164 546 
709 1157 1429 701 
710 1158 1430 702 
711 1159 1431 703 
712 1160 1428 704 
713 709 1125 315 
714 710 1126 323 
715 711 1127 331 
716 712 1128 339 
717 354 865 698 
718 358 866 699 
719 362 867 700 
720 366 864 697 
721 461 1239 992 
722 463 1233 994 
723 464 1236 995 
724 462 1242 993 
725 1205 1206 1100 
726 1209 1210 1098 
727 1211 1212 1099 
728 1207 1208 1097 
729 1134 1181 350 
730 1135 1182 351 
731 1136 1183 352 
732 1133 1184 349 
733 459 1620 653 
734 460 1621 654 
735 458 1619 656 
736 457 1618 655 
737 315 1201 649 
738 323 1204 650 
739 331 1202 651 
740 339 1203 652 
741 227 793 228 
742 77 794 78 
743 127 795 128 
744 177 796 178 
745 1290 1447 480 
746 1239 1537 1238 
747 1242 1534 1241 
748 1233 1535 1232 
749 1236 1536 1235 
750 250 884 249 
751 260 886 259 
752 270 887 269 
753 280 885 279 
754 1007 1618 457 
755 1004 1619 458 
756 1005 1620 459 
757 1006 1621 460 
758 82 801 83 
759 132 802 133 
760 182 803 183 
761 232 804 233 
762 332 1434 1014 
763 340 1435 1015 
764 324 1433 1013 
765 316 1432 1016 
766 63 806 64 
767 113 807 114 
768 163 808 164 
769 213 805 214 
770 392 1228 812 
771 389 1229 809 
772 390 1230 810 
773 391 1231 811 
774 904 1121 345 
775 905 1122 346 
776 906 1123 347 
777 907 1124 348 
778 589 1121 904 
779 590 1122 905 
780 591 1123 906 
781 592 1124 907 
782 537 1213 829 
783 538 1214 830 
784 539 1215 831 
785 540 1216 832 
786 388 1578 732 
787 385 1577 729 
788 386 1575 730 
789 387 1576 731 
790 713 1424 377 
791 716 1427 380 
792 714 1425 378 
793 715 1426 379 
794 661 949 322 
795 662 950 330 
796 663 951 338 
797 664 952 314 
798 1021 1535 463 
799 1023 1536 464 
800 1019 1534 462 
801 1017 1537 461 
802 883 1332 572 
803 880 1333 569 
804 881 1334 570 
805 882 1335 571 
806 374 1419 661 
807 375 1420 662 
808 376 1421 663 
809 373 1422 664 
810 1129 1169 356 
811 1130 1170 360 
812 1131 1171 364 
813 1132 1172 368 
814 322 1399 661 
815 330 1400 662 
816 338 1401 663 
817 314 1402 664 
818 705 1647 1009 
819 706 1648 1010 
820 707 1649 1011 
821 708 1650 1012 
822 303 937 418 
823 304 940 417 
824 301 938 419 
825 302 939 420 
826 886 1115 378 
827 887 1116 379 
828 884 1114 377 
829 885 1113 380 
830 666 1591 1033 
831 667 1592 1034 
832 668 1593 1036 
833 665 1594 1035 
834 738 865 354 
835 739 866 358 
836 740 867 362 
837 737 864 366 
838 597 1133 932 
839 598 1134 929 
840 599 1135 930 
841 600 1136 931 
842 280 1406 885 
843 250 1405 884 
844 260 1403 886 
845 270 1404 887 
846 440 1415 657 
847 658 1416 382 
848 659 1417 383 
849 660 1418 384 
850 498 865 738 
851 499 866 739 
852 500 867 740 
853 497 864 737 
854 397 1558 677 
855 398 1559 678 
856 399 1560 679 
857 400 1561 680 
858 673 1554 393 
859 674 1555 394 
860 675 1556 395 
861 676 1557 396 
862 670 1550 470 
863 671 1551 471 
864 672 1552 472 
865 669 1553 469 
866 401 1572 686 
867 402 1573 687 
868 404 1574 688 
869 403 1571 685 
870 820 961 822 
871 823 962 825 
872 826 963 828 
873 817 964 819 
874 470 1546 682 
875 471 1547 683 
876 472 1548 684 
877 469 1549 681 
878 1393 1394 1259 
879 1387 1388 1256 
880 1389 1390 1257 
881 1391 1392 1258 
882 565 1115 886 
883 566 1116 887 
884 567 1114 884 
885 568 1113 885 
886 650 1204 985 
887 985 1204 445 
888 651 1202 986 
889 652 1203 987 
890 986 1202 446 
891 987 1203 447 
892 55 1321 741 
893 105 1322 742 
894 155 1323 743 
895 205 1320 744 
896 794 1502 78 
897 795 1503 128 
898 796 1504 178 
899 793 1505 228 
900 765 1093 324 
901 766 1094 332 
902 767 1095 340 
903 768 1096 316 
904 908 965 441 
905 909 966 442 
906 910 967 443 
907 558 965 908 
908 559 966 909 
909 560 967 910 
910 911 968 444 
911 557 968 911 
912 912 1121 589 
913 913 1122 590 
914 914 1123 591 
915 915 1124 592 
916 753 1100 317 
917 754 1097 325 
918 755 1098 333 
919 756 1099 341 
920 1290 1527 957 
921 480 1527 1290 
922 1288 1526 958 
923 1284 1528 959 
924 1286 1529 960 
925 789 1197 397 
926 790 1198 398 
927 791 1199 399 
928 792 1200 400 
929 553 1197 789 
930 554 1198 790 
931 555 1199 791 
932 556 1200 792 
933 976 1201 315 
934 974 1202 331 
935 975 1203 339 
936 973 1204 323 
937 598 1181 1134 
938 599 1182 1135 
939 600 1183 1136 
940 597 1184 1133 
941 82 1494 801 
942 132 1495 802 
943 182 1496 803 
944 232 1497 804 
945 932 1133 505 
946 929 1134 506 
947 930 1135 507 
948 931 1136 508 
949 834 985 445 
950 836 986 446 
951 838 987 447 
952 806 1499 64 
953 807 1500 114 
954 808 1501 164 
955 805 1498 214 
956 689 1009 71 
957 690 1010 121 
958 691 1011 171 
959 692 1012 221 
960 219 844 220 
961 69 845 70 
962 119 846 120 
963 169 847 170 
964 323 933 710 
965 331 934 711 
966 339 935 712 
967 315 936 709 
968 393 1658 673 
969 394 1659 674 
970 396 1660 676 
971 395 1657 675 
972 1259 1689 519 
973 1256 1690 513 
974 1257 1691 515 
975 1258 1692 517 
976 448 1201 976 
977 381 1224 745 
978 745 1224 533 
979 382 1225 746 
980 383 1226 747 
981 384 1227 748 
982 746 1225 534 
983 747 1226 535 
984 748 1227 536 
985 685 1677 403 
986 686 1678 401 
987 687 1679 402 
988 688 1680 404 
989 534 1225 869 
990 535 1226 870 
991 536 1227 871 
992 533 1224 868 
993 601 1169 1129 
994 602 1170 1130 
995 603 1171 1131 
996 604 1172 1132 
997 633 1411 1319 
998 634 1412 1316 
999 635 1413 1317 
1000 636 1414 1318 
1001 380 1427 885 
1002 378 1425 886 
1003 379 1426 887 
1004 377 1424 884 
1005 322 1117 733 
1006 330 1118 734 
1007 338 1119 735 
1008 314 1120 736 
1009 498 1009 689 
1010 499 1010 690 
1011 500 1011 691 
1012 497 1012 692 
1013 485 1633 1066 
1014 486 1634 1067 
1015 487 1635 1068 
1016 488 1636 1065 
1017 1141 1142 1140 
1018 1144 1145 1143 
1019 1147 1148 1146 
1020 1138 1139 1137 
1021 480 1447 1064 
1022 625 1153 304 
1023 628 1156 303 
1024 626 1154 301 
1025 627 1155 302 
1026 812 1228 549 
1027 809 1229 550 
1028 810 1230 551 
1029 811 1231 552 
1030 501 1121 912 
1031 502 1122 913 
1032 503 1123 914 
1033 504 1124 915 
1034 971 1453 451 
1035 969 1454 449 
1036 970 1455 450 
1037 972 1452 452 
1038 829 911 373 
1039 557 911 829 
1040 558 908 830 
1041 559 909 831 
1042 560 910 832 
1043 830 908 374 
1044 831 909 375 
1045 832 910 376 
1046 369 1423 1213 
1047 408 1525 696 
1048 405 1522 693 
1049 406 1523 694 
1050 407 1524 695 
1051 405 1305 689 
1052 406 1306 690 
1053 407 1307 691 
1054 408 1304 692 
1055 380 937 716 
1056 377 940 713 
1057 378 938 714 
1058 379 939 715 
1059 720 1052 313 
1060 421 1461 850 
1061 422 1462 851 
1062 423 1459 848 
1063 424 1460 849 
1064 1380 1579 356 
1065 1381 1580 360 
1066 1382 1581 364 
1067 1383 1582 368 
1068 768 1571 403 
1069 766 1572 401 
1070 767 1573 402 
1071 765 1574 404 
1072 759 1558 397 
1073 760 1559 398 
1074 757 1560 399 
1075 758 1561 400 
1076 393 1554 763 
1077 394 1555 764 
1078 395 1556 761 
1079 396 1557 762 
1080 469 1553 753 
1081 470 1550 755 
1082 471 1551 756 
1083 472 1552 754 
1084 752 1549 469 
1085 750 1546 470 
1086 751 1547 471 
1087 749 1548 472 
1088 1562 1656 523 
1089 1081 1344 524 
1090 1082 1345 527 
1091 1083 1347 521 
1092 1084 1346 530 
1093 1249 1361 610 
1094 1250 1362 611 
1095 1251 1363 612 
1096 513 1361 1249 
1097 515 1362 1250 
1098 517 1363 1251 
1099 519 1360 1248 
1100 1248 1360 609 
1101 981 1125 709 
1102 982 1126 710 
1103 983 1127 711 
1104 984 1128 712 
1105 1225 1709 869 
1106 1226 1710 870 
1107 1227 1711 871 
1108 1224 1712 868 
1109 217 1247 704 
1110 67 1244 701 
1111 117 1245 702 
1112 167 1246 703 
1113 782 1276 304 
1114 783 1277 301 
1115 784 1278 302 
1116 781 1279 303 
1117 701 1244 506 
1118 702 1245 507 
1119 703 1246 508 
1120 704 1247 505 
1121 961 1662 822 
1122 962 1663 825 
1123 963 1664 828 
1124 54 1321 55 
1125 104 1322 105 
1126 154 1323 155 
1127 204 1320 205 
1128 593 1662 961 
1129 594 1663 962 
1130 595 1664 963 
1131 1367 1625 349 
1132 1364 1622 350 
1133 1365 1623 351 
1134 1366 1624 352 
1135 549 1228 856 
1136 550 1229 857 
1137 551 1230 858 
1138 552 1231 859 
1139 605 1364 1141 
1140 606 1365 1144 
1141 607 1366 1147 
1142 1141 1364 610 
1143 1144 1365 611 
1144 1147 1366 612 
1145 608 1367 1138 
1146 1138 1367 609 
1147 693 1281 353 
1148 694 1282 357 
1149 695 1283 361 
1150 696 1280 365 
1151 845 1522 405 
1152 846 1523 406 
1153 847 1524 407 
1154 844 1525 408 
1155 537 1320 892 
1156 538 1321 893 
1157 539 1322 894 
1158 540 1323 895 
1159 834 835 321 
1160 836 837 329 
1161 838 839 337 
1162 445 835 834 
1163 446 837 836 
1164 447 839 838 
1165 857 1073 429 
1166 858 1074 430 
1167 859 1075 431 
1168 856 1076 432 
1169 704 1506 217 
1170 701 1507 67 
1171 702 1508 117 
1172 703 1509 167 
1173 421 1490 801 
1174 422 1491 802 
1175 423 1492 803 
1176 424 1493 804 
1177 356 1579 1129 
1178 360 1580 1130 
1179 364 1581 1131 
1180 368 1582 1132 
1181 815 980 568 
1182 813 978 565 
1183 814 979 566 
1184 816 977 567 
1185 875 1308 549 
1186 872 1309 550 
1187 873 1310 551 
1188 874 1311 552 
1189 805 1448 425 
1190 806 1449 426 
1191 807 1450 427 
1192 808 1451 428 
1193 579 944 840 
1194 577 941 841 
1195 578 942 842 
1196 580 943 843 
1197 982 1487 385 
1198 983 1488 386 
1199 984 1489 387 
1200 710 1487 982 
1201 711 1488 983 
1202 712 1489 984 
1203 709 1486 981 
1204 981 1486 388 
1205 692 1304 497 
1206 689 1305 498 
1207 690 1306 499 
1208 691 1307 500 
1209 1033 1681 686 
1210 1034 1682 687 
1211 1036 1683 688 
1212 1035 1684 685 
1213 801 904 421 
1214 802 905 422 
1215 803 906 423 
1216 804 907 424 
1217 589 904 801 
1218 590 905 802 
1219 591 906 803 
1220 592 907 804 
1221 1029 1669 677 
1222 1030 1670 678 
1223 1031 1671 679 
1224 1032 1672 680 
1225 673 1665 1029 
1226 674 1666 1030 
1227 675 1667 1031 
1228 676 1668 1032 
1229 1026 1674 670 
1230 1027 1675 671 
1231 1028 1676 672 
1232 1025 1673 669 
1233 708 1372 392 
1234 498 1373 705 
1235 499 1374 706 
1236 500 1375 707 
1237 681 1687 1025 
1238 682 1685 1026 
1239 683 1686 1027 
1240 684 1688 1028 
1241 310 1081 969 
1242 311 1082 970 
1243 312 1084 971 
1244 309 1083 972 
1245 601 1502 794 
1246 602 1503 795 
1247 603 1504 796 
1248 604 1505 793 
1249 736 1415 440 
1250 382 1416 733 
1251 383 1417 734 
1252 384 1418 735 
1253 733 1399 322 
1254 734 1400 330 
1255 735 1401 338 
1256 736 1402 314 
1257 746 1530 658 
1258 747 1531 659 
1259 748 1532 660 
1260 745 1533 657 
1261 793 1443 432 
1262 794 1440 429 
1263 795 1441 430 
1264 796 1442 431 
1265 574 1507 701 
1266 575 1508 702 
1267 576 1509 703 
1268 573 1506 704 
1269 704 1428 573 
1270 701 1429 574 
1271 702 1430 575 
1272 703 1431 576 
1273 419 1261 974 
1274 420 1262 975 
1275 417 1260 973 
1276 860 1452 646 
1277 861 1454 647 
1278 862 1455 648 
1279 863 1453 645 
1280 601 1129 917 
1281 602 1130 918 
1282 603 1131 919 
1283 604 1132 920 
1284 917 1129 501 
1285 918 1130 502 
1286 919 1131 503 
1287 920 1132 504 
1288 813 1357 454 
1289 814 1358 455 
1290 816 1359 453 
1291 815 1356 456 
1292 1204 1260 445 
1293 973 1260 1204 
1294 1202 1261 446 
1295 1203 1262 447 
1296 974 1261 1202 
1297 975 1262 1203 
1298 705 1373 389 
1299 706 1374 390 
1300 707 1375 391 
1301 497 1372 708 
1302 801 1494 589 
1303 802 1495 590 
1304 803 1496 591 
1305 804 1497 592 
1306 316 1016 732 
1307 324 1013 729 
1308 332 1014 730 
1309 340 1015 731 
1310 713 1176 9 
1311 714 1173 10 
1312 715 1174 11 
1313 716 1175 12 
1314 429 1073 888 
1315 430 1074 889 
1316 431 1075 890 
1317 432 1076 891 
1318 300 1636 637 
1319 297 1633 638 
1320 298 1634 639 
1321 299 1635 640 
1322 598 1499 806 
1323 599 1500 807 
1324 600 1501 808 
1325 597 1498 805 
1326 1259 1394 520 
1327 1256 1388 514 
1328 1257 1390 516 
1329 1258 1392 518 
1330 1436 1487 710 
1331 1437 1488 711 
1332 1438 1489 712 
1333 1439 1486 709 
1334 610 1361 1141 
1335 611 1362 1144 
1336 612 1363 1147 
1337 609 1360 1138 
1338 876 1490 421 
1339 877 1491 422 
1340 878 1492 423 
1341 879 1493 424 
1342 316 1463 1432 
1343 332 1465 1434 
1344 340 1467 1435 
1345 324 1469 1433 
1346 425 1448 852 
1347 426 1449 853 
1348 427 1450 854 
1349 428 1451 855 
1350 721 1482 412 
1351 722 1483 409 
1352 723 1484 410 
1353 724 1485 411 
1354 677 1518 789 
1355 678 1519 790 
1356 679 1520 791 
1357 680 1521 792 
1358 868 1104 425 
1359 869 1101 426 
1360 870 1102 427 
1361 871 1103 428 
1362 381 1037 769 
1363 382 1038 770 
1364 383 1039 771 
1365 384 1040 772 
1366 769 1037 488 
1367 736 1037 381 
1368 770 1038 485 
1369 771 1039 486 
1370 772 1040 487 
1371 733 1038 382 
1372 734 1039 383 
1373 735 1040 384 
1374 893 1538 614 
1375 894 1539 615 
1376 895 1540 616 
1377 892 1541 613 
1378 305 1654 778 
1379 306 1655 779 
1380 308 1652 780 
1381 307 1653 777 
1382 1140 1142 722 
1383 1143 1145 723 
1384 1146 1148 724 
1385 1137 1139 721 
1386 850 1197 553 
1387 851 1198 554 
1388 848 1199 555 
1389 849 1200 556 
1390 745 1217 210 
1391 746 1218 60 
1392 747 1219 110 
1393 748 1220 160 
1394 9 1424 713 
1395 10 1425 714 
1396 11 1426 715 
1397 12 1427 716 
1398 569 1487 1436 
1399 570 1488 1437 
1400 571 1489 1438 
1401 572 1486 1439 
1402 714 1611 561 
1403 715 1612 562 
1404 716 1613 563 
1405 713 1610 564 
1406 738 1042 389 
1407 739 1043 390 
1408 740 1044 391 
1409 737 1041 392 
1410 392 1041 776 
1411 773 1042 477 
1412 774 1043 478 
1413 775 1044 479 
1414 389 1042 773 
1415 390 1043 774 
1416 391 1044 775 
1417 776 1041 480 
1418 349 1625 1133 
1419 350 1622 1134 
1420 351 1623 1135 
1421 352 1624 1136 
1422 1083 1562 523 
1423 778 1090 305 
1424 779 1091 306 
1425 777 1092 307 
1426 780 1089 308 
1427 990 1004 458 
1428 988 1005 459 
1429 989 1006 460 
1430 991 1007 457 
1431 317 1007 752 
1432 325 1004 749 
1433 333 1005 750 
1434 341 1006 751 
1435 395 1002 753 
1436 393 1000 755 
1437 394 1001 756 
1438 396 1003 754 
1439 757 992 318 
1440 758 993 326 
1441 759 994 334 
1442 760 995 342 
1443 318 999 761 
1444 326 996 762 
1445 334 997 763 
1446 342 998 764 
1447 465 1002 999 
1448 466 1003 996 
1449 467 1000 997 
1450 468 1001 998 
1451 401 988 766 
1452 402 989 767 
1453 404 990 765 
1454 403 991 768 
1455 522 1656 1562 
1456 561 1173 714 
1457 562 1174 715 
1458 564 1176 713 
1459 563 1175 716 
1460 313 916 720 
1461 397 1268 759 
1462 398 1269 760 
1463 399 1270 757 
1464 400 1271 758 
1465 1149 1163 647 
1466 1150 1164 648 
1467 545 1163 1149 
1468 546 1164 1150 
1469 548 1162 1152 
1470 1152 1162 646 
1471 547 1161 1151 
1472 1151 1161 645 
1473 561 1085 945 
1474 562 1086 946 
1475 945 1085 577 
1476 946 1086 578 
1477 947 1088 580 
1478 563 1087 948 
1479 948 1087 579 
1480 564 1088 947 
1481 834 1221 985 
1482 836 1222 986 
1483 838 1223 987 
1484 833 1263 448 
1485 432 1443 875 
1486 429 1440 872 
1487 430 1441 873 
1488 431 1442 874 
1489 650 985 922 
1490 651 986 923 
1491 652 987 924 
1492 922 985 370 
1493 923 986 371 
1494 924 987 372 
1495 732 1478 316 
1496 729 1477 324 
1497 730 1475 332 
1498 731 1476 340 
1499 520 1636 300 
1500 514 1633 297 
1501 516 1634 298 
1502 518 1635 299 
1503 60 1530 746 
1504 110 1531 747 
1505 160 1532 748 
1506 210 1533 745 
1507 297 977 642 
1508 298 978 643 
1509 299 979 644 
1510 300 980 641 
1511 254 1163 253 
1512 264 1164 263 
1513 274 1161 273 
1514 284 1162 283 
1515 990 1093 765 
1516 988 1094 766 
1517 989 1095 767 
1518 991 1096 768 
1519 80 917 912 
1520 130 918 913 
1521 180 919 914 
1522 230 920 915 
1523 365 1137 721 
1524 353 1140 722 
1525 357 1143 723 
1526 361 1146 724 
1527 429 1169 794 
1528 430 1170 795 
1529 431 1171 796 
1530 432 1172 793 
1531 729 1596 385 
1532 730 1597 386 
1533 731 1598 387 
1534 732 1595 388 
1535 319 1017 785 
1536 327 1019 786 
1537 335 1021 787 
1538 343 1023 788 
1539 785 1017 461 
1540 786 1019 462 
1541 787 1021 463 
1542 788 1023 464 
1543 1003 1097 754 
1544 1000 1098 755 
1545 1001 1099 756 
1546 1002 1100 753 
1547 453 977 816 
1548 454 978 813 
1549 455 979 814 
1550 456 980 815 
1551 455 1358 899 
1552 453 1359 896 
1553 454 1357 897 
1554 456 1356 898 
1555 350 1181 900 
1556 351 1182 901 
1557 352 1183 902 
1558 349 1184 903 
1559 425 1104 903 
1560 426 1101 900 
1561 427 1102 901 
1562 428 1103 902 
1563 1313 1633 485 
1564 1314 1634 486 
1565 1315 1635 487 
1566 1312 1636 488 
1567 86 1292 789 
1568 136 1293 790 
1569 186 1294 791 
1570 236 1295 792 
1571 388 1486 797 
1572 385 1487 798 
1573 386 1488 799 
1574 387 1489 800 
1575 401 1546 750 
1576 402 1547 751 
1577 404 1548 749 
1578 403 1549 752 
1579 1044 1045 479 
1580 1042 1047 477 
1581 1043 1048 478 
1582 1041 1046 480 
1583 773 1061 355 
1584 774 1062 359 
1585 775 1063 363 
1586 776 1064 367 
1587 477 1061 773 
1588 478 1062 774 
1589 479 1063 775 
1590 480 1064 776 
1591 755 1550 393 
1592 756 1551 394 
1593 754 1552 396 
1594 753 1553 395 
1595 488 1065 769 
1596 485 1066 770 
1597 486 1067 771 
1598 487 1068 772 
1599 633 1587 1411 
1600 634 1588 1412 
1601 635 1589 1413 
1602 636 1590 1414 
1603 964 1661 819 
1604 725 1326 354 
1605 726 1327 358 
1606 727 1325 362 
1607 728 1324 366 
1608 461 1270 785 
1609 462 1271 786 
1610 463 1268 787 
1611 464 1269 788 
1612 79 917 80 
1613 129 918 130 
1614 179 919 180 
1615 229 920 230 
1616 381 1415 736 
1617 752 1510 317 
1618 470 1511 750 
1619 471 1512 751 
1620 472 1513 749 
1621 440 1402 736 
1622 749 1513 325 
1623 750 1511 333 
1624 751 1512 341 
1625 469 1510 752 
1626 451 1336 840 
1627 449 1338 841 
1628 450 1339 842 
1629 452 1337 843 
1630 389 1373 738 
1631 390 1374 739 
1632 391 1375 740 
1633 737 1372 497 
1634 325 1513 754 
1635 333 1511 755 
1636 341 1512 756 
1637 753 1510 469 
1638 318 1514 757 
1639 326 1515 758 
1640 334 1516 759 
1641 342 1517 760 
1642 761 1514 318 
1643 762 1515 326 
1644 763 1516 334 
1645 764 1517 342 
1646 317 1510 753 
1647 755 1511 470 
1648 756 1512 471 
1649 754 1513 472 
1650 254 1641 1163 
1651 264 1642 1164 
1652 274 1643 1161 
1653 284 1640 1162 
1654 548 1186 780 
1655 547 1185 777 
1656 1187 1585 545 
1657 1188 1586 546 
1658 778 1585 1187 
1659 779 1586 1188 
1660 1061 1631 1479 
1661 1062 1632 1480 
1662 1063 1630 1481 
1663 324 1477 765 
1664 332 1475 766 
1665 340 1476 767 
1666 316 1478 768 
1667 290 1656 522 
1668 441 1419 908 
1669 442 1420 909 
1670 443 1421 910 
1671 444 1422 911 
1672 416 956 883 
1673 413 953 880 
1674 414 954 881 
1675 415 955 882 
1676 861 1338 449 
1677 862 1339 450 
1678 863 1336 451 
1679 860 1337 452 
1680 641 980 456 
1681 642 977 453 
1682 643 978 454 
1683 644 979 455 
1684 596 1661 964 
1685 392 1372 737 
1686 738 1373 498 
1687 739 1374 499 
1688 740 1375 500 
1689 425 1184 805 
1690 426 1181 806 
1691 427 1182 807 
1692 428 1183 808 
1693 840 944 451 
1694 843 943 452 
1695 841 941 449 
1696 842 942 450 
1697 1516 1554 473 
1698 1517 1555 474 
1699 1514 1556 475 
1700 1515 1557 476 
1701 473 1558 1516 
1702 474 1559 1517 
1703 475 1560 1514 
1704 476 1561 1515 
1705 813 1403 261 
1706 814 1404 271 
1707 815 1406 281 
1708 816 1405 251 
1709 809 1309 74 
1710 810 1310 124 
1711 811 1311 174 
1712 812 1308 224 
1713 949 1419 441 
1714 950 1420 442 
1715 951 1421 443 
1716 952 1422 444 
1717 741 1341 55 
1718 742 1342 105 
1719 743 1343 155 
1720 744 1340 205 
1721 605 1141 1140 
1722 606 1144 1143 
1723 607 1147 1146 
1724 608 1138 1137 
1725 761 1556 1514 
1726 762 1557 1515 
1727 763 1554 1516 
1728 764 1555 1517 
1729 1514 1560 757 
1730 1515 1561 758 
1731 1516 1558 759 
1732 1517 1559 760 
1733 579 1352 944 
1734 577 1353 941 
1735 578 1354 942 
1736 580 1355 943 
1737 884 1405 567 
1738 885 1406 568 
1739 886 1403 565 
1740 887 1404 566 
1741 448 976 916 
1742 278 948 277 
1743 288 947 287 
1744 258 945 257 
1745 268 946 267 
1746 769 1224 381 
1747 770 1225 382 
1748 771 1226 383 
1749 772 1227 384 
1750 356 1169 888 
1751 360 1170 889 
1752 364 1171 890 
1753 368 1172 891 
1754 776 1228 392 
1755 773 1229 389 
1756 774 1230 390 
1757 775 1231 391 
1758 1205 1570 1274 
1759 1209 1567 1272 
1760 1211 1568 1273 
1761 1207 1569 1275 
1762 533 1217 745 
1763 534 1218 746 
1764 535 1219 747 
1765 536 1220 748 
1766 397 1197 787 
1767 398 1198 788 
1768 399 1199 785 
1769 400 1200 786 
1770 80 912 81 
1771 130 913 131 
1772 180 914 181 
1773 230 915 231 
1774 642 1690 297 
1775 643 1691 298 
1776 644 1692 299 
1777 641 1689 300 
1778 912 917 501 
1779 913 918 502 
1780 914 919 503 
1781 915 920 504 
1782 736 1120 1037 
1783 733 1117 1038 
1784 734 1118 1039 
1785 735 1119 1040 
1786 789 1518 86 
1787 790 1519 136 
1788 791 1520 186 
1789 792 1521 236 
1790 787 1268 397 
1791 788 1269 398 
1792 785 1270 399 
1793 786 1271 400 
1794 1052 1195 444 
1795 777 1584 547 
1796 780 1583 548 
1797 509 1020 818 
1798 510 1022 821 
1799 511 1024 824 
1800 512 1018 827 
1801 888 1169 429 
1802 889 1170 430 
1803 890 1171 431 
1804 891 1172 432 
1805 509 1165 1020 
1806 510 1167 1022 
1807 511 1168 1024 
1808 512 1166 1018 
1809 982 1596 489 
1810 983 1597 490 
1811 984 1598 491 
1812 981 1595 492 
1813 489 1596 1013 
1814 490 1597 1014 
1815 491 1598 1015 
1816 492 1595 1016 
1817 448 1008 833 
1818 658 1701 926 
1819 659 1702 927 
1820 660 1703 928 
1821 657 1704 925 
1822 637 1636 1312 
1823 638 1633 1313 
1824 639 1634 1314 
1825 640 1635 1315 
1826 57 926 58 
1827 107 927 108 
1828 157 928 158 
1829 207 925 208 
1830 797 1332 8 
1831 798 1333 5 
1832 799 1334 6 
1833 800 1335 7 
1834 215 932 216 
1835 65 929 66 
1836 115 930 116 
1837 165 931 166 
1838 276 1410 840 
1839 286 1409 843 
1840 256 1407 841 
1841 266 1408 842 
1842 797 1486 572 
1843 798 1487 569 
1844 799 1488 570 
1845 800 1489 571 
1846 328 1101 869 
1847 336 1102 870 
1848 344 1103 871 
1849 320 1104 868 
1850 538 1377 1321 
1851 539 1378 1322 
1852 540 1379 1323 
1853 1321 1377 741 
1854 1322 1378 742 
1855 1323 1379 743 
1856 537 1376 1320 
1857 1320 1376 744 
1858 1151 1646 289 
1859 1149 1644 291 
1860 1150 1645 292 
1861 614 1214 893 
1862 615 1215 894 
1863 616 1216 895 
1864 613 1213 892 
1865 5 1605 798 
1866 6 1603 799 
1867 7 1604 800 
1868 8 1606 797 
1869 1329 1654 305 
1870 1330 1655 306 
1871 1331 1653 307 
1872 1328 1652 308 
1873 1065 1712 769 
1874 320 1712 1065 
1875 328 1709 1066 
1876 336 1710 1067 
1877 344 1711 1068 
1878 1066 1709 770 
1879 1067 1710 771 
1880 1068 1711 772 
1881 944 1696 451 
1882 941 1693 449 
1883 942 1694 450 
1884 943 1695 452 
1885 451 1696 971 
1886 449 1693 969 
1887 450 1694 970 
1888 452 1695 972 
1889 261 1403 260 
1890 271 1404 270 
1891 281 1406 280 
1892 251 1405 250 
1893 367 1076 856 
1894 355 1073 857 
1895 359 1074 858 
1896 363 1075 859 
1897 903 1184 425 
1898 900 1181 426 
1899 901 1182 427 
1900 902 1183 428 
1901 322 1190 1117 
1902 330 1192 1118 
1903 338 1194 1119 
1904 314 1196 1120 
1905 789 1292 553 
1906 790 1293 554 
1907 791 1294 555 
1908 792 1295 556 
1909 861 1641 255 
1910 862 1642 265 
1911 860 1640 285 
1912 863 1643 275 
1913 501 1579 1121 
1914 502 1580 1122 
1915 503 1581 1123 
1916 504 1582 1124 
1917 1205 1274 655 
1918 1209 1272 653 
1919 1211 1273 654 
1920 1207 1275 656 
1921 1121 1579 1563 
1922 1122 1580 1564 
1923 1123 1581 1565 
1924 1124 1582 1566 
1925 794 1169 601 
1926 795 1170 602 
1927 796 1171 603 
1928 793 1172 604 
1929 85 1292 86 
1930 135 1293 136 
1931 185 1294 186 
1932 235 1295 236 
1933 74 1309 75 
1934 124 1310 125 
1935 174 1311 175 
1936 224 1308 225 
1937 833 1445 557 
1938 806 1181 598 
1939 807 1182 599 
1940 808 1183 600 
1941 805 1184 597 
1942 60 1218 61 
1943 110 1219 111 
1944 160 1220 161 
1945 210 1217 211 
1946 224 1629 812 
1947 74 1626 809 
1948 124 1627 810 
1949 174 1628 811 
1950 522 1290 290 
1951 531 1288 289 
1952 525 1284 291 
1953 528 1286 292 
1954 646 1656 1152 
1955 59 1530 60 
1956 109 1531 110 
1957 159 1532 160 
1958 209 1533 210 
1959 817 819 309 
1960 820 822 310 
1961 823 825 311 
1962 826 828 312 
1963 929 1499 598 
1964 930 1500 599 
1965 931 1501 600 
1966 932 1498 597 
1967 433 1353 1085 
1968 434 1354 1086 
1969 435 1352 1087 
1970 436 1355 1088 
1971 277 1410 276 
1972 257 1407 256 
1973 267 1408 266 
1974 287 1409 286 
1975 365 1160 1137 
1976 1137 1160 608 
1977 1140 1157 605 
1978 1143 1158 606 
1979 1146 1159 607 
1980 353 1157 1140 
1981 357 1158 1143 
1982 361 1159 1146 
1983 853 1717 534 
1984 854 1718 535 
1985 855 1719 536 
1986 852 1720 533 
1987 588 1368 891 
1988 891 1368 368 
1989 888 1369 356 
1990 889 1370 360 
1991 890 1371 364 
1992 585 1369 888 
1993 586 1370 889 
1994 587 1371 890 
1995 495 1473 298 
1996 496 1474 299 
1997 494 1472 297 
1998 493 1471 300 
1999 589 1494 912 
2000 590 1495 913 
2001 591 1496 914 
2002 592 1497 915 
2003 944 1352 296 
2004 943 1355 293 
2005 941 1353 294 
2006 942 1354 295 
2007 71 1009 72 
2008 121 1010 122 
2009 171 1011 172 
2010 221 1012 222 
2011 933 1436 710 
2012 934 1437 711 
2013 935 1438 712 
2014 936 1439 709 
2015 797 1606 665 
2016 799 1603 666 
2017 800 1604 667 
2018 798 1605 668 
2019 77 1440 794 
2020 127 1441 795 
2021 177 1442 796 
2022 227 1443 793 
2023 56 1341 1316 
2024 106 1342 1317 
2025 156 1343 1318 
2026 206 1340 1319 
2027 801 1490 83 
2028 802 1491 133 
2029 803 1492 183 
2030 804 1493 233 
2031 92 1026 93 
2032 142 1027 143 
2033 242 1028 243 
2034 192 1025 193 
2035 88 1029 89 
2036 138 1030 139 
2037 188 1031 189 
2038 238 1032 239 
2039 980 1471 568 
2040 978 1473 565 
2041 979 1474 566 
2042 977 1472 567 
2043 196 1035 197 
2044 96 1033 97 
2045 146 1034 147 
2046 246 1036 247 
2047 809 1626 705 
2048 810 1627 706 
2049 811 1628 707 
2050 812 1629 708 
2051 275 1643 274 
2052 255 1641 254 
2053 265 1642 264 
2054 285 1640 284 
2055 213 1448 805 
2056 63 1449 806 
2057 113 1450 807 
2058 163 1451 808 
2059 572 1332 797 
2060 569 1333 798 
2061 570 1334 799 
2062 571 1335 800 
2063 219 1351 844 
2064 69 1348 845 
2065 119 1349 846 
2066 169 1350 847 
2067 553 1697 876 
2068 554 1698 877 
2069 555 1699 878 
2070 556 1700 879 
2071 549 1308 812 
2072 550 1309 809 
2073 551 1310 810 
2074 552 1311 811 
2075 574 1522 845 
2076 575 1523 846 
2077 576 1524 847 
2078 573 1525 844 
2079 288 1176 947 
2080 278 1175 948 
2081 258 1173 945 
2082 268 1174 946 
2083 66 1244 67 
2084 116 1245 117 
2085 166 1246 167 
2086 216 1247 217 
2087 1272 1353 433 
2088 1273 1354 434 
2089 1275 1355 436 
2090 1274 1352 435 
2091 853 1449 62 
2092 854 1450 112 
2093 855 1451 162 
2094 852 1448 212 
2095 891 1076 588 
2096 888 1073 585 
2097 889 1074 586 
2098 890 1075 587 
2099 498 1305 865 
2100 499 1306 866 
2101 500 1307 867 
2102 497 1304 864 
2103 558 1221 834 
2104 559 1222 836 
2105 560 1223 838 
2106 945 1173 561 
2107 946 1174 562 
2108 948 1175 563 
2109 947 1176 564 
2110 505 1247 932 
2111 506 1244 929 
2112 507 1245 930 
2113 508 1246 931 
2114 557 1423 833 
2115 833 1423 369 
2116 840 1336 276 
2117 843 1337 286 
2118 841 1338 256 
2119 842 1339 266 
2120 581 1395 900 
2121 582 1396 901 
2122 583 1397 902 
2123 900 1395 350 
2124 901 1396 351 
2125 902 1397 352 
2126 584 1398 903 
2127 903 1398 349 
2128 56 1316 57 
2129 106 1317 107 
2130 156 1318 157 
2131 206 1319 207 
2132 300 1689 520 
2133 297 1690 514 
2134 298 1691 516 
2135 299 1692 518 
2136 844 1351 573 
2137 845 1348 574 
2138 846 1349 575 
2139 847 1350 576 
2140 369 1263 833 
2141 271 1358 814 
2142 261 1357 813 
2143 281 1356 815 
2144 251 1359 816 
2145 900 1101 581 
2146 901 1102 582 
2147 902 1103 583 
2148 903 1104 584 
2149 872 1440 76 
2150 873 1441 126 
2151 874 1442 176 
2152 875 1443 226 
2153 829 1376 537 
2154 373 1376 829 
2155 830 1377 538 
2156 831 1378 539 
2157 832 1379 540 
2158 374 1377 830 
2159 375 1378 831 
2160 376 1379 832 
2161 542 1324 728 
2162 541 1325 727 
2163 543 1326 725 
2164 544 1327 726 
2165 9 1176 288 
2166 10 1173 258 
2167 11 1174 268 
2168 12 1175 278 
2169 696 1525 1280 
2170 693 1522 1281 
2171 694 1523 1282 
2172 695 1524 1283 
2173 84 1490 876 
2174 134 1491 877 
2175 184 1492 878 
2176 234 1493 879 
2177 5 1333 49 
2178 6 1334 99 
2179 7 1335 149 
2180 8 1332 199 
2181 565 1403 813 
2182 566 1404 814 
2183 567 1405 816 
2184 568 1406 815 
2185 757 1270 992 
2186 758 1271 993 
2187 759 1268 994 
2188 760 1269 995 
2189 572 1439 883 
2190 569 1436 880 
2191 570 1437 881 
2192 571 1438 882 
2193 883 1439 416 
2194 880 1436 413 
2195 881 1437 414 
2196 882 1438 415 
2197 445 1260 835 
2198 446 1261 837 
2199 447 1262 839 
2200 90 1105 91 
2201 140 1106 141 
2202 190 1107 191 
2203 240 1108 241 
2204 94 1109 95 
2205 144 1110 145 
2206 244 1112 245 
2207 194 1111 195 
2208 67 1507 68 
2209 117 1508 118 
2210 167 1509 168 
2211 217 1506 218 
2212 248 1605 5 
2213 98 1603 6 
2214 148 1604 7 
2215 198 1606 8 
2216 912 1494 81 
2217 913 1495 131 
2218 914 1496 181 
2219 915 1497 231 
2220 86 1518 87 
2221 136 1519 137 
2222 186 1520 187 
2223 236 1521 237 
2224 327 1020 1019 
2225 319 1018 1017 
2226 335 1022 1021 
2227 343 1024 1023 
2228 419 1384 837 
2229 420 1385 839 
2230 417 1386 835 
2231 1053 1482 1139 
2232 1139 1482 721 
2233 1142 1483 722 
2234 1145 1484 723 
2235 1148 1485 724 
2236 1055 1483 1142 
2237 1057 1484 1145 
2238 1059 1485 1148 
2239 300 637 493 
2240 297 638 494 
2241 298 639 495 
2242 299 640 496 
2243 1290 1291 290 
2244 1288 1289 289 
2245 1284 1285 291 
2246 1286 1287 292 
2247 1163 1641 647 
2248 1164 1642 648 
2249 1162 1640 646 
2250 1161 1643 645 
2251 378 1115 717 
2252 379 1116 718 
2253 377 1114 719 
2254 380 1113 720 
2255 829 1423 557 
2256 1098 1210 333 
2257 1099 1212 341 
2258 1100 1206 317 
2259 1097 1208 325 
2260 925 1704 208 
2261 926 1701 58 
2262 927 1702 108 
2263 928 1703 158 
2264 948 1410 277 
2265 945 1407 257 
2266 946 1408 267 
2267 947 1409 287 
2268 992 1270 461 
2269 993 1271 462 
2270 994 1268 463 
2271 995 1269 464 
2272 733 1416 1399 
2273 734 1417 1400 
2274 735 1418 1401 
2275 1399 1416 437 
2276 1400 1417 438 
2277 1401 1418 439 
2278 65 1499 929 
2279 115 1500 930 
2280 165 1501 931 
2281 215 1498 932 
2282 1072 1077 817 
2283 818 1077 1072 
2284 821 1079 1069 
2285 824 1080 1070 
2286 827 1078 1071 
2287 1069 1079 820 
2288 1070 1080 823 
2289 1071 1078 826 
2290 841 1407 577 
2291 842 1408 578 
2292 840 1410 579 
2293 843 1409 580 
2294 249 1424 9 
2295 259 1425 10 
2296 269 1426 11 
2297 279 1427 12 
2298 255 1338 861 
2299 265 1339 862 
2300 285 1337 860 
2301 275 1336 863 
2302 294 1353 1272 
2303 295 1354 1273 
2304 293 1355 1275 
2305 296 1352 1274 
2306 608 1625 1367 
2307 605 1622 1364 
2308 606 1623 1365 
2309 607 1624 1366 
2310 938 1611 714 
2311 939 1612 715 
2312 937 1613 716 
2313 940 1610 713 
2314 62 1449 63 
2315 112 1450 113 
2316 162 1451 163 
2317 212 1448 213 
2318 83 1490 84 
2319 133 1491 134 
2320 183 1492 184 
2321 233 1493 234 
2322 76 1440 77 
2323 126 1441 127 
2324 176 1442 177 
2325 226 1443 227 
2326 365 1428 1160 
2327 353 1429 1157 
2328 357 1430 1158 
2329 361 1431 1159 
2330 638 1189 494 
2331 639 1191 495 
2332 640 1193 496 
2333 637 1195 493 
2334 62 1717 853 
2335 112 1718 854 
2336 162 1719 855 
2337 212 1720 852 
2338 850 1705 421 
2339 851 1706 422 
2340 848 1707 423 
2341 849 1708 424 
2342 649 1263 921 
2343 921 1263 369 
2344 869 1709 328 
2345 870 1710 336 
2346 871 1711 344 
2347 868 1712 320 
2348 553 1705 850 
2349 554 1706 851 
2350 555 1707 848 
2351 556 1708 849 
2352 1367 1398 609 
2353 1364 1395 610 
2354 1365 1396 611 
2355 1366 1397 612 
2356 848 1459 319 
2357 849 1460 327 
2358 850 1461 335 
2359 851 1462 343 
2360 55 1341 56 
2361 105 1342 106 
2362 155 1343 156 
2363 205 1340 206 
2364 893 1214 538 
2365 894 1215 539 
2366 895 1216 540 
2367 892 1213 537 
2368 457 1096 991 
2369 458 1093 990 
2370 459 1094 988 
2371 460 1095 989 
2372 466 1097 1003 
2373 467 1098 1000 
2374 468 1099 1001 
2375 465 1100 1002 
2376 489 1433 1276 
2377 490 1434 1277 
2378 491 1435 1278 
2379 492 1432 1279 
2380 223 1629 224 
2381 73 1626 74 
2382 123 1627 124 
2383 173 1628 174 
2384 451 1453 863 
2385 452 1452 860 
2386 449 1454 861 
2387 450 1455 862 
2388 1008 1445 833 
2389 720 1113 493 
2390 719 1114 494 
2391 717 1115 495 
2392 718 1116 496 
2393 646 1640 860 
2394 645 1643 863 
2395 647 1641 861 
2396 648 1642 862 
2397 958 1325 541 
2398 957 1324 542 
2399 959 1326 543 
2400 960 1327 544 
2401 276 1336 275 
2402 256 1338 255 
2403 266 1339 265 
2404 286 1337 285 
2405 492 1125 981 
2406 489 1126 982 
2407 490 1127 983 
2408 491 1128 984 
2409 79 1502 917 
2410 129 1503 918 
2411 179 1504 919 
2412 229 1505 920 
2413 455 1653 644 
2414 453 1654 642 
2415 454 1655 643 
2416 456 1652 641 
2417 817 1252 964 
2418 820 1253 961 
2419 823 1254 962 
2420 826 1255 963 
2421 201 1541 202 
2422 51 1538 52 
2423 101 1539 102 
2424 151 1540 152 
2425 417 973 782 
2426 419 974 783 
2427 420 975 784 
2428 418 976 781 
2429 911 1422 373 
2430 908 1419 374 
2431 909 1420 375 
2432 910 1421 376 
2433 308 1139 1138 
2434 305 1142 1141 
2435 306 1145 1144 
2436 307 1148 1147 
2437 1319 1340 633 
2438 1316 1341 634 
2439 1317 1342 635 
2440 1318 1343 636 
2441 593 1579 1380 
2442 594 1580 1381 
2443 595 1581 1382 
2444 596 1582 1383 
2445 1037 1120 488 
2446 1038 1117 485 
2447 1039 1118 486 
2448 1040 1119 487 
2449 917 1502 601 
2450 918 1503 602 
2451 919 1504 603 
2452 920 1505 604 
2453 876 1697 84 
2454 877 1698 134 
2455 878 1699 184 
2456 879 1700 234 
2457 1009 1647 72 
2458 1010 1648 122 
2459 1011 1649 172 
2460 1012 1650 222 
2461 617 1255 1078 
2462 619 1253 1079 
2463 620 1254 1080 
2464 618 1252 1077 
2465 318 1240 999 
2466 326 1243 996 
2467 334 1234 997 
2468 342 1237 998 
2469 534 1717 1218 
2470 535 1718 1219 
2471 536 1719 1220 
2472 533 1720 1217 
2473 577 1407 945 
2474 578 1408 946 
2475 579 1410 948 
2476 580 1409 947 
2477 1026 1685 93 
2478 1027 1686 143 
2479 1028 1688 243 
2480 1025 1687 193 
2481 192 1673 1025 
2482 92 1674 1026 
2483 142 1675 1027 
2484 242 1676 1028 
2485 1029 1665 89 
2486 1030 1666 139 
2487 1031 1667 189 
2488 1032 1668 239 
2489 88 1669 1029 
2490 138 1670 1030 
2491 188 1671 1031 
2492 238 1672 1032 
2493 319 1177 1018 
2494 335 1178 1022 
2495 343 1179 1024 
2496 1022 1178 821 
2497 1024 1179 824 
2498 1018 1177 827 
2499 327 1180 1020 
2500 1020 1180 818 
2501 1035 1594 197 
2502 1033 1591 97 
2503 1034 1592 147 
2504 1036 1593 247 
2505 196 1684 1035 
2506 96 1681 1033 
2507 146 1682 1034 
2508 246 1683 1036 
2509 561 1154 1085 
2510 562 1155 1086 
2511 563 1156 1087 
2512 1087 1156 435 
2513 1085 1154 433 
2514 1086 1155 434 
2515 1088 1153 436 
2516 564 1153 1088 
2517 876 1705 553 
2518 877 1706 554 
2519 878 1707 555 
2520 879 1708 556 
2521 1196 1312 1120 
2522 1190 1313 1117 
2523 1192 1314 1118 
2524 1194 1315 1119 
2525 968 1052 444 
2526 321 1049 965 
2527 329 1050 966 
2528 337 1051 967 
2529 1151 1185 547 
2530 1149 1187 545 
2531 1150 1188 546 
2532 1152 1186 548 
2533 884 1424 249 
2534 886 1425 259 
2535 887 1426 269 
2536 885 1427 279 
2537 898 1356 282 
2538 897 1357 262 
2539 896 1359 252 
2540 899 1358 272 
2541 1046 1324 957 
2542 366 1324 1046 
2543 1047 1326 959 
2544 1048 1327 960 
2545 354 1326 1047 
2546 358 1327 1048 
2547 1045 1325 958 
2548 362 1325 1045 
2549 421 1705 876 
2550 422 1706 877 
2551 423 1707 878 
2552 424 1708 879 
2553 328 1387 1101 
2554 336 1389 1102 
2555 344 1391 1103 
2556 320 1393 1104 
2557 932 1247 216 
2558 929 1244 66 
2559 930 1245 116 
2560 931 1246 166 
2561 412 1054 728 
2562 409 1056 725 
2563 410 1058 726 
2564 411 1060 727 
2565 741 1588 1341 
2566 742 1589 1342 
2567 743 1590 1343 
2568 1341 1588 634 
2569 1342 1589 635 
2570 1343 1590 636 
2571 744 1587 1340 
2572 1340 1587 633 
2573 1049 1189 441 
2574 1050 1191 442 
2575 1051 1193 443 
2576 956 1541 201 
2577 953 1538 51 
2578 954 1539 101 
2579 955 1540 151 
2580 457 1464 1096 
2581 459 1466 1094 
2582 460 1468 1095 
2583 458 1470 1093 
2584 1292 1697 553 
2585 1293 1698 554 
2586 1294 1699 555 
2587 1295 1700 556 
2588 994 1233 334 
2589 995 1236 342 
2590 992 1239 318 
2591 993 1242 326 
2592 1115 1473 495 
2593 1116 1474 496 
2594 1114 1472 494 
2595 1113 1471 493 
2596 964 1252 348 
2597 961 1253 345 
2598 962 1254 346 
2599 963 1255 347 
2600 282 1356 281 
2601 252 1359 251 
2602 262 1357 261 
2603 272 1358 271 
2604 1105 1674 91 
2605 1106 1675 141 
2606 1108 1676 241 
2607 1107 1673 191 
2608 90 1665 1105 
2609 140 1666 1106 
2610 190 1667 1107 
2611 240 1668 1108 
2612 94 1685 1109 
2613 144 1686 1110 
2614 244 1688 1112 
2615 194 1687 1111 
2616 1111 1684 195 
2617 1109 1681 95 
2618 1110 1682 145 
2619 1112 1683 245 
2620 985 1221 370 
2621 986 1222 371 
2622 987 1223 372 
2623 896 1585 453 
2624 897 1586 454 
2625 547 1584 899 
2626 548 1583 898 
2627 218 1351 219 
2628 68 1348 69 
2629 118 1349 119 
2630 168 1350 169 
2631 1077 1252 817 
2632 1079 1253 820 
2633 1080 1254 823 
2634 1078 1255 826 
2635 322 1543 1190 
2636 330 1544 1192 
2637 338 1545 1194 
2638 1190 1543 1189 
2639 1192 1544 1191 
2640 1194 1545 1193 
2641 1196 1542 1195 
2642 314 1542 1196 
2643 304 1610 940 
2644 303 1613 937 
2645 301 1611 938 
2646 302 1612 939 
2647 207 1319 925 
2648 57 1316 926 
2649 107 1317 927 
2650 157 1318 928 
2651 1109 1685 682 
2652 1110 1686 683 
2653 1112 1688 684 
2654 1111 1687 681 
2655 669 1673 1107 
2656 670 1674 1105 
2657 671 1675 1106 
2658 672 1676 1108 
2659 1105 1665 673 
2660 1106 1666 674 
2661 1107 1667 675 
2662 1108 1668 676 
2663 685 1684 1111 
2664 686 1681 1109 
2665 687 1682 1110 
2666 688 1683 1112 
2667 211 1720 212 
2668 61 1717 62 
2669 111 1718 112 
2670 161 1719 162 
2671 1090 1187 543 
2672 1091 1188 544 
2673 1092 1185 541 
2674 1089 1186 542 
2675 489 1276 782 
2676 490 1277 783 
2677 491 1278 784 
2678 492 1279 781 
2679 609 1398 1248 
2680 610 1395 1249 
2681 611 1396 1250 
2682 612 1397 1251 
2683 821 1069 510 
2684 824 1070 511 
2685 827 1071 512 
2686 818 1072 509 
2687 1077 1180 618 
2688 1078 1177 617 
2689 1079 1178 619 
2690 1080 1179 620 
2691 1239 1240 318 
2692 1242 1243 326 
2693 1233 1234 334 
2694 1236 1237 342 
2695 821 1178 1079 
2696 824 1179 1080 
2697 827 1177 1078 
2698 818 1180 1077 
2699 494 1386 719 
2700 495 1384 717 
2701 496 1385 718 
2702 545 1585 896 
2703 546 1586 897 
2704 898 1583 456 
2705 899 1584 455 
2706 300 1471 980 
2707 297 1472 977 
2708 298 1473 978 
2709 299 1474 979 
2710 961 1563 593 
2711 962 1564 594 
2712 963 1565 595 
2713 964 1566 596 
2714 348 1566 964 
2715 345 1563 961 
2716 346 1564 962 
2717 347 1565 963 
2718 84 1697 85 
2719 134 1698 135 
2720 184 1699 185 
2721 234 1700 235 
2722 1049 1386 494 
2723 1050 1384 495 
2724 1051 1385 496 
2725 629 1380 1369 
2726 630 1381 1370 
2727 631 1382 1371 
2728 632 1383 1368 
2729 345 1614 904 
2730 346 1615 905 
2731 347 1616 906 
2732 348 1617 907 
2733 510 1069 969 
2734 511 1070 970 
2735 512 1071 971 
2736 509 1072 972 
2737 81 1494 82 
2738 131 1495 132 
2739 181 1496 182 
2740 231 1497 232 
2741 214 1498 215 
2742 64 1499 65 
2743 114 1500 115 
2744 164 1501 165 
2745 1066 1388 328 
2746 1067 1390 336 
2747 1068 1392 344 
2748 1065 1394 320 
2749 289 1185 1151 
2750 290 1186 1152 
2751 291 1187 1149 
2752 292 1188 1150 
2753 78 1502 79 
2754 128 1503 129 
2755 178 1504 179 
2756 228 1505 229 
2757 296 1696 944 
2758 293 1695 943 
2759 294 1693 941 
2760 295 1694 942 
2761 329 1384 1050 
2762 337 1385 1051 
2763 321 1386 1049 
2764 621 1243 1242 
2765 624 1240 1239 
2766 622 1234 1233 
2767 623 1237 1236 
2768 664 1422 952 
2769 661 1419 949 
2770 662 1420 950 
2771 663 1421 951 
2772 968 1445 313 
2773 1101 1387 581 
2774 1102 1389 582 
2775 1103 1391 583 
2776 1104 1393 584 
2777 916 1008 448 
2778 313 1008 916 
2779 416 1439 936 
2780 413 1436 933 
2781 414 1437 934 
2782 415 1438 935 
2783 1585 1654 453 
2784 1586 1655 454 
2785 97 1591 98 
2786 147 1592 148 
2787 197 1594 198 
2788 247 1593 248 
2789 624 1239 1238 
2790 621 1242 1241 
2791 622 1233 1232 
2792 623 1236 1235 
2793 294 1272 622 
2794 295 1273 623 
2795 293 1275 621 
2796 296 1274 624 
2797 1054 1482 1053 
2798 412 1482 1054 
2799 409 1483 1056 
2800 410 1484 1058 
2801 411 1485 1060 
2802 1056 1483 1055 
2803 1058 1484 1057 
2804 1060 1485 1059 
2805 222 1650 223 
2806 72 1647 73 
2807 122 1648 123 
2808 172 1649 173 
2809 89 1665 90 
2810 139 1666 140 
2811 189 1667 190 
2812 239 1668 240 
2813 87 1669 88 
2814 137 1670 138 
2815 187 1671 188 
2816 237 1672 238 
2817 191 1673 192 
2818 91 1674 92 
2819 141 1675 142 
2820 241 1676 242 
2821 95 1681 96 
2822 145 1682 146 
2823 245 1683 246 
2824 195 1684 196 
2825 93 1685 94 
2826 143 1686 144 
2827 243 1688 244 
2828 193 1687 194 
2829 58 1701 59 
2830 108 1702 109 
2831 158 1703 159 
2832 208 1704 209 
2833 493 1195 1052 
2834 349 1398 1367 
2835 350 1395 1364 
2836 351 1396 1365 
2837 352 1397 1366 
2838 557 1445 968 
2839 367 1444 1076 
2840 1348 1507 574 
2841 1349 1508 575 
2842 1350 1509 576 
2843 1351 1506 573 
2844 1186 1291 542 
2845 1187 1285 543 
2846 1188 1287 544 
2847 1185 1289 541 
2848 1402 1411 664 
2849 440 1411 1402 
2850 437 1412 1399 
2851 438 1413 1400 
2852 439 1414 1401 
2853 1399 1412 661 
2854 1400 1413 662 
2855 1401 1414 663 
2856 494 1189 1049 
2857 495 1191 1050 
2858 496 1193 1051 
2859 1096 1464 1463 
2860 1094 1466 1465 
2861 1095 1468 1467 
2862 1093 1470 1469 
2863 481 1572 1475 
2864 482 1573 1476 
2865 484 1574 1477 
2866 483 1571 1478 
2867 1477 1574 765 
2868 1475 1572 766 
2869 1476 1573 767 
2870 1478 1571 768 
2871 355 1456 1073 
2872 359 1457 1074 
2873 363 1458 1075 
2874 819 1347 309 
2875 822 1344 310 
2876 825 1345 311 
2877 828 1346 312 
2878 308 1089 1053 
2879 307 1092 1059 
2880 305 1090 1055 
2881 306 1091 1057 
2882 385 1596 982 
2883 386 1597 983 
2884 387 1598 984 
2885 388 1595 981 
2886 313 1445 1008 
2887 949 1543 322 
2888 950 1544 330 
2889 951 1545 338 
2890 952 1542 314 
2891 1481 1630 531 
2892 1479 1631 525 
2893 1480 1632 528 
2894 520 1689 1259 
2895 514 1690 1256 
2896 516 1691 1257 
2897 518 1692 1258 
2898 965 1049 441 
2899 966 1050 442 
2900 967 1051 443 
2901 313 1052 968 
2902 1120 1312 488 
2903 1117 1313 485 
2904 1118 1314 486 
2905 1119 1315 487 
2906 1153 1610 304 
2907 1154 1611 301 
2908 1155 1612 302 
2909 1156 1613 303 
2910 617 1616 1255 
2911 619 1614 1253 
2912 620 1615 1254 
2913 618 1617 1252 
2914 581 1256 1249 
2915 582 1257 1250 
2916 583 1258 1251 
2917 1248 1259 519 
2918 1249 1256 513 
2919 1250 1257 515 
2920 1251 1258 517 
2921 584 1259 1248 
2922 493 1052 720 
2923 290 1291 1186 
2924 291 1285 1187 
2925 292 1287 1188 
2926 289 1289 1185 
2927 778 1654 1585 
2928 779 1655 1586 
2929 1076 1444 588 
2930 524 1607 1081 
2931 527 1608 1082 
2932 530 1609 1084 
2933 1087 1352 579 
2934 1088 1355 580 
2935 1085 1353 577 
2936 1086 1354 578 
2937 1369 1380 356 
2938 1370 1381 360 
2939 1371 1382 364 
2940 1368 1383 368 
2941 1111 1677 685 
2942 1109 1678 686 
2943 1110 1679 687 
2944 1112 1680 688 
2945 614 1538 953 
2946 615 1539 954 
2947 616 1540 955 
2948 613 1541 956 
2949 769 1712 1224 
2950 770 1709 1225 
2951 771 1710 1226 
2952 772 1711 1227 
2953 673 1658 1105 
2954 674 1659 1106 
2955 675 1657 1107 
2956 676 1660 1108 
2957 1064 1447 1446 
2958 629 1369 1296 
2959 630 1370 1297 
2960 631 1371 1298 
2961 632 1368 1299 
2962 1073 1456 585 
2963 1074 1457 586 
2964 1075 1458 587 
2965 574 1429 1281 
2966 575 1430 1282 
2967 576 1431 1283 
2968 573 1428 1280 
2969 1053 1089 1054 
2970 1059 1092 1060 
2971 1055 1090 1056 
2972 1057 1091 1058 
2973 521 1562 1083 
2974 969 1693 510 
2975 970 1694 511 
2976 971 1696 512 
2977 972 1695 509 
2978 1165 1300 1241 
2979 1166 1301 1238 
2980 1167 1302 1232 
2981 1168 1303 1235 
2982 969 1069 310 
2983 970 1070 311 
2984 971 1071 312 
2985 972 1072 309 
2986 1475 1575 481 
2987 1476 1576 482 
2988 1477 1577 484 
2989 1478 1578 483 
2990 732 1578 1478 
2991 729 1577 1477 
2992 730 1575 1475 
2993 731 1576 1476 
2994 1394 1636 520 
2995 1388 1633 514 
2996 1390 1634 516 
2997 1392 1635 518 
2998 916 976 418 
2999 1180 1460 618 
3000 1177 1459 617 
3001 1178 1461 619 
3002 1179 1462 620 
3003 327 1460 1180 
3004 319 1459 1177 
3005 335 1461 1178 
3006 343 1462 1179 
3007 510 1693 1302 
3008 511 1694 1303 
3009 509 1695 1300 
3010 512 1696 1301 
3011 957 1291 1290 
3012 958 1289 1288 
3013 959 1285 1284 
3014 960 1287 1286 
3015 1064 1446 367 
3016 1138 1360 308 
3017 1141 1361 305 
3018 1144 1362 306 
3019 1147 1363 307 
3020 778 1187 1090 
3021 779 1188 1091 
3022 777 1185 1092 
3023 780 1186 1089 
3024 1329 1361 513 
3025 1330 1362 515 
3026 1331 1363 517 
3027 1328 1360 519 
3028 1302 1693 294 
3029 1303 1694 295 
3030 1300 1695 293 
3031 1301 1696 296 
3032 328 1388 1387 
3033 336 1390 1389 
3034 344 1392 1391 
3035 320 1394 1393 
3036 1210 1620 333 
3037 1212 1621 341 
3038 1208 1619 325 
3039 1206 1618 317 
3040 317 1618 1007 
3041 325 1619 1004 
3042 333 1620 1005 
3043 341 1621 1006 
3044 1061 1479 355 
3045 1062 1480 359 
3046 1063 1481 363 
3047 1013 1596 729 
3048 1014 1597 730 
3049 1015 1598 731 
3050 1016 1595 732 
3051 1096 1463 316 
3052 1093 1469 324 
3053 1094 1465 332 
3054 1095 1467 340 
3055 1045 1526 479 
3056 957 1527 1046 
3057 1046 1527 480 
3058 1047 1528 477 
3059 1048 1529 478 
3060 958 1526 1045 
3061 959 1528 1047 
3062 960 1529 1048 
3063 720 916 418 
3064 1053 1139 308 
3065 1055 1142 305 
3066 1057 1145 306 
3067 1059 1148 307 
3068 477 1631 1061 
3069 478 1632 1062 
3070 479 1630 1063 
3071 719 1386 417 
3072 717 1384 419 
3073 718 1385 420 
3074 1296 1637 524 
3075 1297 1638 527 
3076 1298 1639 530 
3077 568 1471 1113 
3078 567 1472 1114 
3079 565 1473 1115 
3080 566 1474 1116 
3081 1299 1651 521 
3082 1249 1395 581 
3083 1250 1396 582 
3084 1251 1397 583 
3085 1248 1398 584 
3086 581 1387 1256 
3087 582 1389 1257 
3088 583 1391 1258 
3089 584 1393 1259 
3090 1528 1631 477 
3091 1529 1632 478 
3092 1526 1630 479 
3093 1284 1631 1528 
3094 1286 1632 1529 
3095 1288 1630 1526 
3096 1299 1368 588 
3097 1296 1369 585 
3098 1297 1370 586 
3099 1298 1371 587 
3100 367 1446 1444 
3101 1444 1446 1264 
3102 355 1479 1456 
3103 359 1480 1457 
3104 363 1481 1458 
3105 1456 1479 1265 
3106 1457 1480 1266 
3107 1458 1481 1267 
3108 1121 1563 345 
3109 1122 1564 346 
3110 1123 1565 347 
3111 1124 1566 348 
3112 1280 1428 365 
3113 1281 1429 353 
3114 1282 1430 357 
3115 1283 1431 361 
3116 622 1567 1234 
3117 623 1568 1237 
3118 621 1569 1243 
3119 624 1570 1240 
3120 1253 1614 345 
3121 1254 1615 346 
3122 1255 1616 347 
3123 1252 1617 348 
3124 1129 1579 501 
3125 1130 1580 502 
3126 1131 1581 503 
3127 1132 1582 504 
3128 291 1644 525 
3129 292 1645 528 
3130 289 1646 531 
3131 780 1652 1583 
3132 777 1653 1584 
3133 1583 1652 456 
3134 1584 1653 455 
3135 1563 1579 593 
3136 1564 1580 594 
3137 1565 1581 595 
3138 1566 1582 596 
3139 655 1274 435 
3140 656 1275 436 
3141 653 1272 433 
3142 654 1273 434 
3143 1157 1622 605 
3144 1158 1623 606 
3145 1159 1624 607 
3146 506 1622 1157 
3147 507 1623 1158 
3148 508 1624 1159 
3149 1134 1622 506 
3150 1135 1623 507 
3151 1136 1624 508 
3152 1133 1625 505 
3153 1160 1625 608 
3154 505 1625 1160 
3155 561 1611 1154 
3156 562 1612 1155 
3157 564 1610 1153 
3158 563 1613 1156 
3159 1607 1644 1081 
3160 1608 1645 1082 
3161 1609 1646 1084 
3162 310 1344 1081 
3163 311 1345 1082 
3164 312 1346 1084 
3165 309 1347 1083 
3166 682 1678 1109 
3167 683 1679 1110 
3168 684 1680 1112 
3169 681 1677 1111 
3170 1105 1658 670 
3171 1106 1659 671 
3172 1108 1660 672 
3173 1107 1657 669 
3174 510 1302 1167 
3175 511 1303 1168 
3176 509 1300 1165 
3177 512 1301 1166 
3178 1152 1656 290 
3179 1265 1607 524 
3180 1266 1608 527 
3181 1267 1609 530 
3182 1081 1644 526 
3183 1082 1645 529 
3184 1084 1646 532 
3185 1265 1479 525 
3186 1266 1480 528 
3187 1267 1481 531 
3188 1377 1588 741 
3189 1378 1589 742 
3190 1379 1590 743 
3191 374 1588 1377 
3192 375 1589 1378 
3193 376 1590 1379 
3194 373 1587 1376 
3195 1376 1587 744 
3196 1264 1562 521 
3197 1281 1522 574 
3198 1282 1523 575 
3199 1283 1524 576 
3200 1280 1525 573 
3201 1264 1446 522 
3202 728 1054 542 
3203 727 1060 541 
3204 725 1056 543 
3205 726 1058 544 
3206 1465 1466 626 
3207 1467 1468 627 
3208 1469 1470 625 
3209 1463 1464 628 
3210 1054 1089 542 
3211 1056 1090 543 
3212 1058 1091 544 
3213 1060 1092 541 
3214 1299 1599 632 
3215 521 1599 1299 
3216 1296 1600 629 
3217 1297 1601 630 
3218 1298 1602 631 
3219 524 1600 1296 
3220 527 1601 1297 
3221 530 1602 1298 
3222 837 1384 329 
3223 839 1385 337 
3224 835 1386 321 
3225 218 1506 1351 
3226 68 1507 1348 
3227 118 1508 1349 
3228 168 1509 1350 
3229 1217 1720 211 
3230 1218 1717 61 
3231 1219 1718 111 
3232 1220 1719 161 
3233 519 1689 1328 
3234 513 1690 1329 
3235 515 1691 1330 
3236 517 1692 1331 
3237 1265 1637 1456 
3238 1266 1638 1457 
3239 1267 1639 1458 
3240 1456 1637 585 
3241 1457 1638 586 
3242 1458 1639 587 
3243 531 1630 1288 
3244 525 1631 1284 
3245 528 1632 1286 
3246 1444 1651 588 
3247 1264 1651 1444 
3248 1380 1662 593 
3249 1381 1663 594 
3250 1382 1664 595 
3251 632 1661 1383 
3252 1432 1463 628 
3253 1434 1465 626 
3254 1435 1467 627 
3255 1433 1469 625 
3256 585 1637 1296 
3257 586 1638 1297 
3258 587 1639 1298 
3259 653 1620 1210 
3260 654 1621 1212 
3261 655 1618 1206 
3262 656 1619 1208 
3263 655 1206 1205 
3264 656 1208 1207 
3265 653 1210 1209 
3266 654 1212 1211 
3267 1446 1447 522 
3268 588 1651 1299 
3269 638 1190 1189 
3270 639 1192 1191 
3271 640 1194 1193 
3272 637 1196 1195 
3273 85 1697 1292 
3274 135 1698 1293 
3275 185 1699 1294 
3276 235 1700 1295 
3277 632 1713 1661 
3278 1553 1657 395 
3279 1550 1658 393 
3280 1551 1659 394 
3281 1552 1660 396 
3282 669 1657 1553 
3283 670 1658 1550 
3284 671 1659 1551 
3285 672 1660 1552 
3286 1546 1678 682 
3287 1547 1679 683 
3288 1548 1680 684 
3289 1549 1677 681 
3290 401 1678 1546 
3291 402 1679 1547 
3292 404 1680 1548 
3293 403 1677 1549 
3294 1274 1570 624 
3295 1272 1567 622 
3296 1273 1568 623 
3297 1275 1569 621 
3298 1383 1661 596 
3299 629 1662 1380 
3300 630 1663 1381 
3301 631 1664 1382 
3302 1518 1669 87 
3303 1519 1670 137 
3304 1520 1671 187 
3305 1521 1672 237 
3306 223 1650 1629 
3307 73 1647 1626 
3308 123 1648 1627 
3309 173 1649 1628 
3310 677 1669 1518 
3311 678 1670 1519 
3312 679 1671 1520 
3313 680 1672 1521 
3314 1626 1647 705 
3315 1627 1648 706 
3316 1628 1649 707 
3317 1629 1650 708 
3318 1344 1714 1600 
3319 1345 1715 1601 
3320 1346 1716 1602 
3321 1599 1713 632 
3322 1600 1714 629 
3323 1601 1715 630 
3324 1602 1716 631 
3325 1347 1713 1599 
3326 304 1276 625 
3327 301 1277 626 
3328 302 1278 627 
3329 303 1279 628 
3330 1661 1713 819 
3331 1594 1606 198 
3332 1591 1603 98 
3333 1592 1604 148 
3334 1593 1605 248 
3335 309 1072 817 
3336 310 1069 820 
3337 311 1070 823 
3338 312 1071 826 
3339 665 1606 1594 
3340 666 1603 1591 
3341 667 1604 1592 
3342 668 1605 1593 
3343 642 1654 1329 
3344 643 1655 1330 
3345 644 1653 1331 
3346 641 1652 1328 
3347 59 1701 1530 
3348 109 1702 1531 
3349 159 1703 1532 
3350 209 1704 1533 
3351 1238 1301 624 
3352 1241 1300 621 
3353 1232 1302 622 
3354 1235 1303 623 
3355 1533 1704 657 
3356 1530 1701 658 
3357 1531 1702 659 
3358 1532 1703 660 
3359 1662 1714 822 
3360 1663 1715 825 
3361 1664 1716 828 
3362 629 1714 1662 
3363 630 1715 1663 
3364 631 1716 1664 
3365 624 1301 296 
3366 622 1302 294 
3367 623 1303 295 
3368 621 1300 293 
3369 522 1447 1290 
3370 638 1313 1190 
3371 639 1314 1192 
3372 640 1315 1194 
3373 637 1312 1196 
3374 542 1291 957 
3375 543 1285 959 
3376 544 1287 960 
3377 541 1289 958 
3378 525 1644 1607 
3379 528 1645 1608 
3380 531 1646 1609 
3381 1277 1434 626 
3382 1278 1435 627 
3383 1279 1432 628 
3384 1276 1433 625 
3385 305 1361 1329 
3386 306 1362 1330 
3387 307 1363 1331 
3388 308 1360 1328 
3389 1329 1690 642 
3390 1330 1691 643 
3391 1331 1692 644 
3392 1328 1689 641 
3393 522 1562 1264 
3394 525 1607 1265 
3395 528 1608 1266 
3396 531 1609 1267 
3397 819 1713 1347 
3398 822 1714 1344 
3399 825 1715 1345 
3400 828 1716 1346 
3401 1018 1166 1017 
3402 1020 1165 1019 
3403 1022 1167 1021 
3404 1024 1168 1023 
3405 1241 1534 1165 
3406 1238 1537 1166 
3407 1232 1535 1167 
3408 1235 1536 1168 
2 2 2 5728
3409 1734 2950 2291 
3410 2159 2955 2691 
3411 2691 2955 1883 
3412 2352 4116 1734 
3413 2060 3732 2700 
3414 2146 3247 2466 
3415 3549 4009 3030 
3416 1848 3928 2557 
3417 3288 4044 1768 
3418 2510 3112 1910 
3419 2105 3112 2510 
3420 2149 3099 2393 
3421 2061 3733 2695 
3422 1768 4044 2850 
3423 2068 2678 2667 
3424 2425 3132 2055 
3425 75 3097 2890 
3426 1948 3317 2440 
3427 2440 3317 2189 
3428 3317 3691 2876 
3429 2240 2920 2881 
3430 2881 2920 2066 
3431 2565 2982 2292 
3432 2036 3549 3030 
3433 2219 3619 2441 
3434 2393 4075 2149 
3435 2439 3321 2440 
3436 1773 3079 2195 
3437 1759 3372 2871 
3438 2871 3372 2328 
3439 3285 4219 3650 
3440 2422 3327 1863 
3441 3565 3967 2021 
3442 2691 3209 2160 
3443 2283 2702 1827 
3444 1818 2915 2913 
3445 2591 2759 2003 
3446 2095 2759 2591 
3447 2004 2761 2592 
3448 2592 2761 2096 
3449 1828 2946 2420 
3450 2069 2689 2670 
3451 2132 3891 2630 
3452 2378 3833 2533 
3453 2379 3834 2534 
3454 2465 3903 2277 
3455 2904 3681 3356 
3456 3120 3822 1828 
3457 2189 4041 2440 
3458 2557 3928 2956 
3459 2160 3209 2738 
3460 2224 3540 2520 
3461 2875 3565 2021 
3462 2766 4345 2308 
3463 2201 2963 2793 
3464 2793 2963 1857 
3465 2059 3750 2698 
3466 2015 4169 2549 
3467 2549 4169 2475 
3468 2017 4168 2548 
3469 2548 4168 2474 
3470 2440 3321 1948 
3471 3282 3742 2145 
3472 2138 3912 3 
3473 2169 3652 2740 
3474 2146 3748 3133 
3475 146 2538 145 
3476 2453 4039 1860 
3477 2533 2960 1891 
3478 2195 3759 1796 
3479 2425 3013 62 
3480 2294 2568 1982 
3481 2519 4311 2707 
3482 2518 4312 2708 
3483 2614 3477 1777 
3484 2540 3952 1939 
3485 3346 3652 2169 
3486 2772 4337 2303 
3487 2381 3269 3265 
3488 2601 2908 1874 
3489 2555 2908 2601 
3490 3028 3791 3029 
3491 2225 4219 3285 
3492 3791 4033 3029 
3493 2475 4204 2549 
3494 2549 4204 2014 
3495 2548 4203 2016 
3496 2474 4203 2548 
3497 2245 2839 2747 
3498 2747 2839 1896 
3499 2557 2956 1954 
3500 2562 2719 1995 
3501 1853 2719 2562 
3502 1954 4108 2557 
3503 3 3050 2138 
3504 2780 4000 2335 
3505 2307 2834 1852 
3506 1863 4172 2422 
3507 2360 4033 3791 
3508 3280 3796 2139 
3509 2293 3082 1981 
3510 2420 3170 1828 
3511 2557 2739 1848 
3512 62 4227 2425 
3513 1774 3179 2763 
3514 3017 3748 2146 
3515 2235 2994 2590 
3516 2590 2994 1926 
3517 2267 2704 2577 
3518 3822 3823 1828 
3519 3207 3455 2393 
3520 2565 2907 2083 
3521 1958 2907 2565 
3522 2200 2964 2605 
3523 2605 2964 2582 
3524 2564 3620 1997 
3525 2055 3013 2425 
3526 157 2551 156 
3527 2441 3327 2424 
3528 243 2552 242 
3529 2031 2819 2765 
3530 2853 3229 2374 
3531 2817 2843 1734 
3532 4175 4232 1822 
3533 2575 2779 1746 
3534 1822 4232 2716 
3535 1782 2767 2039 
3536 1891 2872 2628 
3537 3265 3269 1827 
3538 3689 3977 1895 
3539 1995 4108 2562 
3540 2557 4108 2739 
3541 2739 4108 1995 
3542 2650 2807 1742 
3543 2472 2859 2035 
3544 2704 2705 1864 
3545 2904 3356 2147 
3546 2876 3691 2262 
3547 2302 3685 2597 
3548 2291 2648 2008 
3549 2652 2810 1738 
3550 2431 3819 2146 
3551 2929 3054 1772 
3552 2326 3054 2929 
3553 2623 2800 2135 
3554 2009 2800 2623 
3555 2436 3768 3713 
3556 3603 3829 2345 
3557 2516 3801 2353 
3558 2672 3060 1797 
3559 3443 3668 2933 
3560 2273 2343 1861 
3561 2091 3621 2429 
3562 1731 3832 3174 
3563 1796 2227 2195 
3564 3432 3957 2267 
3565 2226 3769 3287 
3566 2597 3685 2816 
3567 1960 4244 3614 
3568 3070 3887 2190 
3569 3754 3893 1761 
3570 3751 3894 1755 
3571 2392 3405 2052 
3572 1925 3134 2712 
3573 2712 3134 2241 
3574 2711 3891 2133 
3575 2784 2829 2010 
3576 1773 3443 2933 
3577 1728 3818 3178 
3578 2462 3191 183 
3579 1996 4424 2563 
3580 1997 4425 2564 
3581 2435 3316 2099 
3582 2183 3455 3207 
3583 2563 3572 1996 
3584 2460 4315 3339 
3585 2853 3217 2297 
3586 2120 3217 2853 
3587 2762 2927 2151 
3588 2033 2927 2762 
3589 2456 3153 1935 
3590 2470 4084 1787 
3591 2633 2634 2383 
3592 2384 2632 2631 
3593 2930 3952 2540 
3594 2631 2632 1955 
3595 1957 2634 2633 
3596 2195 2734 1773 
3597 3385 3871 1749 
3598 1955 2714 2615 
3599 2717 2901 2900 
3600 2900 2901 1850 
3601 1935 3489 2456 
3602 1948 3321 2453 
3603 2932 3109 1863 
3604 1818 2953 2915 
3605 1951 3682 3276 
3606 1950 3683 3275 
3607 1890 2888 2629 
3608 1823 3604 2686 
3609 2686 3604 2324 
3610 3440 3441 2770 
3611 2291 2817 1734 
3612 2070 4433 2566 
3613 2765 3127 2485 
3614 2357 3739 2671 
3615 2671 3739 1836 
3616 3796 3853 2546 
3617 1954 4466 4108 
3618 201 2574 200 
3619 2057 3295 2613 
3620 2437 2856 2158 
3621 2056 3294 2612 
3622 2438 2855 2157 
3623 4002 4139 2840 
3624 2099 4215 2435 
3625 2437 4321 3291 
3626 2438 4322 3290 
3627 1992 2603 2270 
3628 20 3853 3796 
3629 2335 3700 2780 
3630 2014 2822 2549 
3631 2016 2824 2548 
3632 2619 2725 1959 
3633 2082 3195 2666 
3634 1741 2751 2750 
3635 2196 3679 3283 
3636 1737 2755 2754 
3637 2052 3405 2122 
3638 2512 3817 2902 
3639 3052 3477 2614 
3640 2598 3548 2167 
3641 2333 3548 2598 
3642 2206 2699 1902 
3643 1927 3223 2535 
3644 2205 2701 1903 
3645 2146 3133 2431 
3646 1747 3459 3434 
3647 1994 2606 2272 
3648 2453 3353 1948 
3649 2669 3753 2356 
3650 1825 3753 2669 
3651 2067 3094 3085 
3652 2042 2812 2731 
3653 1880 3160 3155 
3654 1894 3967 3675 
3655 1745 4176 2354 
3656 2479 2936 1976 
3657 2439 2440 1809 
3658 2730 2819 2031 
3659 2904 3483 2180 
3660 3540 4192 2520 
3661 3436 3437 2130 
3662 2131 3439 3438 
3663 1734 2843 2352 
3664 1897 3991 3719 
3665 2117 3435 2906 
3666 2592 3725 2004 
3667 2325 3359 2645 
3668 2160 2693 2692 
3669 2503 3048 1977 
3670 1866 4159 3488 
3671 2277 4335 3815 
3672 1977 3452 2503 
3673 2709 4424 1996 
3674 2710 4425 1997 
3675 2460 2865 2154 
3676 2155 3489 2461 
3677 2156 3491 2462 
3678 88 3148 87 
3679 3186 3381 2357 
3680 2932 3896 3109 
3681 2020 2837 2662 
3682 2662 2837 2170 
3683 2956 4190 1954 
3684 1902 3326 2206 
3685 2663 2838 2022 
3686 2171 2838 2663 
3687 2331 2769 2768 
3688 1860 4132 2453 
3689 1907 3212 2499 
3690 2356 3378 3183 
3691 2173 3072 1782 
3692 1903 3320 2205 
3693 2461 3863 2155 
3694 2462 3865 2156 
3695 138 2581 137 
3696 1757 4259 3056 
3697 1997 3620 2706 
3698 2945 4120 3167 
3699 1771 2985 2539 
3700 2140 3458 2464 
3701 2464 3458 1921 
3702 1911 3270 2511 
3703 2428 4002 2840 
3704 2773 3689 2153 
3705 2836 3435 2117 
3706 45 3742 3282 
3707 2461 3281 248 
3708 3044 3679 2196 
3709 2987 3577 2436 
3710 2153 3689 3381 
3711 2745 3106 1854 
3712 2744 3106 2745 
3713 2451 3076 2071 
3714 2072 3077 2452 
3715 2763 3179 2220 
3716 248 3863 2461 
3717 183 3865 2462 
3718 2444 3108 1745 
3719 3488 4159 2456 
3720 3491 3538 2462 
3721 2716 4433 2070 
3722 2008 2817 2291 
3723 3526 4014 2443 
3724 2661 4101 1934 
3725 3614 4244 2442 
3726 3742 3881 2550 
3727 1779 3942 2479 
3728 1997 3286 2710 
3729 2859 2860 2035 
3730 3012 4233 2408 
3731 2409 4234 3012 
3732 2607 4104 2268 
3733 1921 3251 2464 
3734 1904 3538 3491 
3735 2559 2907 1776 
3736 2083 2907 2559 
3737 2205 2790 2701 
3738 3903 3918 2396 
3739 1914 3918 3903 
3740 87 3244 86 
3741 2501 4025 2947 
3742 2792 2858 1900 
3743 2206 2794 2699 
3744 1997 3710 3286 
3745 2500 2560 2275 
3746 3148 3244 87 
3747 88 4047 3148 
3748 2053 3043 2639 
3749 2085 3740 3223 
3750 2816 3685 2013 
3751 2248 3661 2587 
3752 2441 3619 3327 
3753 2787 3991 1897 
3754 2019 2934 2496 
3755 1895 3977 2786 
3756 2947 3816 2501 
3757 2071 3254 2451 
3758 2452 3255 2072 
3759 1963 3850 3093 
3760 3514 4010 2445 
3761 2926 3391 2117 
3762 21 3796 3280 
3763 3187 3315 1812 
3764 2499 3323 1907 
3765 2463 3262 1747 
3766 2601 4451 4402 
3767 1787 3093 2470 
3768 2542 4140 2055 
3769 4101 4261 1934 
3770 2460 3339 2865 
3771 2510 3219 1829 
3772 2128 3484 2539 
3773 2426 3316 3156 
3774 2354 3887 1953 
3775 2906 3827 1927 
3776 2397 3827 2906 
3777 2406 3483 2904 
3778 1996 3572 2677 
3779 2437 3291 2856 
3780 2438 3290 2855 
3781 2479 3850 1779 
3782 1874 3486 2974 
3783 2247 4213 2749 
3784 2569 4247 2399 
3785 3156 3316 1901 
3786 149 2912 7 
3787 2088 3670 3261 
3788 1996 3737 2709 
3789 2881 3122 154 
3790 2377 3374 3177 
3791 3486 3684 2974 
3792 2577 3432 2267 
3793 2221 3315 3187 
3794 2133 2770 2711 
3795 2958 3211 2402 
3796 2959 3212 2403 
3797 3698 4236 2870 
3798 2527 2644 1959 
3799 1824 2644 2527 
3800 2800 3348 1862 
3801 2408 3908 3012 
3802 3012 3907 2409 
3803 3398 4060 2616 
3804 2464 3302 2140 
3805 2496 3250 1785 
3806 1785 3249 2496 
3807 2520 4190 2956 
3808 1850 3096 2900 
3809 2219 2441 2051 
3810 2984 4255 2524 
3811 3029 4441 3028 
3812 2051 3615 2219 
3813 2473 3625 2785 
3814 3068 3093 1787 
3815 2709 3737 3284 
3816 2609 3183 2152 
3817 2947 4025 1923 
3818 2838 3359 2022 
3819 2004 3725 2726 
3820 2620 2902 1975 
3821 2512 2902 2620 
3822 1994 3968 2865 
3823 2573 4252 1962 
3824 1782 2346 2173 
3825 2649 3299 2129 
3826 2212 3538 2747 
3827 44 3881 3742 
3828 2713 2906 1927 
3829 19 3853 20 
3830 2153 3186 2610 
3831 3008 4046 3726 
3832 2984 4341 4255 
3833 2734 3443 1773 
3834 3416 3808 3415 
3835 1868 3808 3416 
3836 155 3306 2881 
3837 2623 2912 2009 
3838 2511 3270 2106 
3839 2140 3210 3128 
3840 3343 4105 2413 
3841 2466 4001 2146 
3842 2643 3832 1731 
3843 3155 3160 2304 
3844 2090 3822 3120 
3845 2797 3213 2087 
3846 2562 2878 1853 
3847 2642 3818 1728 
3848 3328 4041 2189 
3849 2975 3126 1875 
3850 3348 3666 1862 
3851 3128 3210 2385 
3852 2965 3123 1860 
3853 2374 3229 1991 
3854 2752 3137 1781 
3855 2213 3137 2752 
3856 1968 3443 2734 
3857 2897 3125 3124 
3858 1829 3396 2510 
3859 3093 3850 2479 
3860 3327 3619 1863 
3861 3185 3641 2722 
3862 1827 3924 2283 
3863 2064 3211 2958 
3864 2065 3212 2959 
3865 2830 3052 2027 
3866 2082 3052 2830 
3867 2472 2809 2657 
3868 2657 2809 1973 
3869 2785 3625 3279 
3870 1731 3367 2643 
3871 2345 3829 2980 
3872 1806 2676 2293 
3873 1728 3365 2642 
3874 1807 2675 2294 
3875 1845 3705 2759 
3876 2761 3702 1847 
3877 1835 3746 2384 
3878 2539 3855 1771 
3879 193 2706 192 
3880 2512 3777 2769 
3881 1981 3082 2482 
3882 57 2677 56 
3883 2508 3730 3139 
3884 2085 3224 2573 
3885 2509 3728 3138 
3886 2511 3255 1911 
3887 1976 4087 2479 
3888 2129 3690 3318 
3889 3473 3812 2058 
3890 4186 4389 3568 
3891 2211 3713 2901 
3892 2162 4137 2585 
3893 2163 4138 2586 
3894 2252 3428 3238 
3895 2254 3424 3239 
3896 2153 3381 3186 
3897 2640 3541 3475 
3898 1992 3962 2855 
3899 3561 3607 2919 
3900 2062 3965 2540 
3901 2156 3268 2530 
3902 2538 2942 145 
3903 2836 3310 1764 
3904 3126 3256 2113 
3905 2418 3256 3126 
3906 2354 3677 1745 
3907 3183 3378 2152 
3908 3177 3374 2196 
3909 3569 4392 4187 
3910 1963 3093 3068 
3911 1783 2853 2374 
3912 3307 3861 2023 
3913 3236 3694 2421 
3914 2759 3705 3313 
3915 3314 3702 2761 
3916 2888 2929 2073 
3917 2326 2929 2888 
3918 2975 3830 3126 
3919 1755 4237 3033 
3920 1761 4238 3032 
3921 2765 2819 1793 
3922 2152 3675 2795 
3923 2258 3709 2124 
3924 2520 2956 2224 
3925 3020 4074 3332 
3926 2010 2705 1780 
3927 2003 2938 2591 
3928 2111 2605 2582 
3929 3538 3989 2747 
3930 2700 4349 2060 
3931 1865 2920 2608 
3932 2608 2920 2240 
3933 3242 3830 2030 
3934 3056 4259 2523 
3935 2593 2857 1973 
3936 2609 4391 3183 
3937 1967 2765 2485 
3938 2071 3219 2510 
3939 2203 3452 2651 
3940 128 2637 127 
3941 2057 2594 2316 
3942 2056 2595 2317 
3943 1875 4207 3349 
3944 2002 4246 2343 
3945 2695 4357 2061 
3946 2708 4054 2518 
3947 3359 3797 2022 
3948 2965 3851 3123 
3949 2204 3454 2647 
3950 196 3819 3307 
3951 2316 3295 2057 
3952 2317 3294 2056 
3953 1891 3789 2533 
3954 2769 4343 2768 
3955 2687 3783 1829 
3956 2339 3783 2687 
3957 1834 3786 2688 
3958 2688 3786 2341 
3959 3223 3740 2535 
3960 2827 4166 2286 
3961 1993 4034 2856 
3962 3186 4395 2610 
3963 2247 2749 1915 
3964 3062 3824 1855 
3965 3061 3824 3062 
3966 3096 3917 2900 
3967 2203 3066 2503 
3968 2414 3221 2970 
3969 3051 4166 3901 
3970 2584 3236 2421 
3971 2539 2985 2128 
3972 2799 3967 1894 
3973 2332 4074 3020 
3974 1965 4043 2552 
3975 2609 3410 108 
3976 2645 4055 2325 
3977 149 4072 2912 
3978 229 3412 2610 
3979 2707 4018 2519 
3980 157 2948 2551 
3981 1834 3220 2511 
3982 2511 3220 2072 
3983 2074 3040 2708 
3984 2070 3221 2505 
3985 2505 3221 1909 
3986 205 2895 204 
3987 2698 4409 2059 
3988 2728 4234 4112 
3989 3008 3726 1867 
3990 3096 3148 2348 
3991 2099 3148 3096 
3992 2124 3189 2258 
3993 1945 3596 2835 
3994 2835 3596 2360 
3995 2250 3495 3288 
3996 3288 3495 2477 
3997 3378 3675 2152 
3998 2383 3745 1830 
3999 2041 3072 2173 
4000 1798 4246 3431 
4001 2646 3571 2186 
4002 3228 3851 2024 
4003 3211 3319 2402 
4004 2122 2686 2324 
4005 2576 2694 1798 
4006 2421 4079 2584 
4007 2566 4433 2894 
4008 3109 3142 2103 
4009 2349 3142 3109 
4010 1961 4110 2957 
4011 2622 3080 1936 
4012 2288 3080 2622 
4013 2762 3996 2033 
4014 2087 3671 2797 
4015 2597 3855 2302 
4016 1771 3855 2597 
4017 3359 4170 2645 
4018 152 3945 2886 
4019 1980 2949 2621 
4020 213 2726 212 
4021 1939 3145 2540 
4022 2540 3145 2062 
4023 146 3006 2538 
4024 2597 3782 1771 
4025 2601 4402 2555 
4026 2888 3589 2326 
4027 2336 4372 3262 
4028 2662 3919 2020 
4029 2022 3920 2663 
4030 1788 3333 2122 
4031 3259 3480 2469 
4032 2549 2883 2015 
4033 2548 2884 2017 
4034 2011 2702 1777 
4035 2982 4027 1762 
4036 2970 3221 2070 
4037 1926 3480 3259 
4038 2728 4112 1923 
4039 1906 3319 3211 
4040 2635 3190 1873 
4041 3183 4391 1941 
4042 1860 4039 2723 
4043 2258 3204 2627 
4044 2627 3204 1984 
4045 1736 3339 2447 
4046 2088 3261 2559 
4047 2101 3323 2499 
4048 2919 3607 1854 
4049 3138 3728 2102 
4050 2707 4311 1752 
4051 2708 4312 1758 
4052 3033 4153 2017 
4053 2531 4153 3033 
4054 3374 4202 3160 
4055 1880 3155 2774 
4056 3032 4155 2015 
4057 2532 4155 3032 
4058 2033 3996 2895 
4059 2890 3097 2137 
4060 1942 4395 3186 
4061 2329 2933 2872 
4062 2872 2933 2074 
4063 69 3210 68 
4064 2498 3858 1817 
4065 2499 3859 1819 
4066 2502 3816 2947 
4067 3489 3692 2461 
4068 2083 2982 2565 
4069 2855 3962 2157 
4070 1937 3071 2611 
4071 2201 3835 3482 
4072 2654 3090 1940 
4073 1745 3677 2444 
4074 2528 3083 1853 
4075 2040 3083 2528 
4076 2552 2997 242 
4077 2657 2859 2472 
4078 1889 2859 2657 
4079 2503 3452 2203 
4080 2039 4078 1782 
4081 2543 3258 1925 
4082 2544 3259 2096 
4083 1926 3259 2544 
4084 2455 2898 1744 
4085 2454 2899 1740 
4086 2020 3919 2732 
4087 2817 4213 2843 
4088 3615 3666 2219 
4089 2676 3662 2162 
4090 2675 3664 2163 
4091 2179 3130 2660 
4092 2660 3130 1983 
4093 2733 3920 2022 
4094 1909 3340 2505 
4095 2505 3340 2104 
4096 2186 2743 2646 
4097 2173 4314 2041 
4098 2496 3249 2019 
4099 2018 3250 2496 
4100 2718 2973 1969 
4101 2086 2973 2718 
4102 1742 3275 2650 
4103 2072 3255 2511 
4104 2496 3397 2018 
4105 85 2971 84 
4106 1738 3276 2652 
4107 2100 3720 2498 
4108 2528 3375 2040 
4109 2037 2960 2533 
4110 2498 3335 2100 
4111 1817 3335 2498 
4112 2499 3337 2101 
4113 1819 3337 2499 
4114 1740 3291 2454 
4115 1744 3290 2455 
4116 2666 4223 2082 
4117 3139 3730 2109 
4118 1880 3374 3160 
4119 2731 2812 2032 
4120 2865 3968 2154 
4121 2843 3933 2352 
4122 2435 3576 3316 
4123 2765 3054 2031 
4124 2505 3810 2070 
4125 1933 3494 2384 
4126 2383 3479 1932 
4127 2041 2819 2730 
4128 155 2881 154 
4129 1910 3254 2510 
4130 2510 3254 2071 
4131 2122 3333 2052 
4132 2055 4140 3013 
4133 2293 3647 1806 
4134 2294 3648 1807 
4135 69 4109 3210 
4136 2595 3754 2317 
4137 2594 3751 2316 
4138 2106 3461 2511 
4139 3304 3721 176 
4140 3010 4252 2573 
4141 2198 4451 2601 
4142 2804 3397 1748 
4143 2147 3849 2579 
4144 2528 3132 1931 
4145 2104 3354 2505 
4146 1874 4086 2601 
4147 1853 3921 2528 
4148 2954 3043 2053 
4149 2447 2928 1736 
4150 3151 3454 2504 
4151 1979 3454 3151 
4152 2582 2964 2723 
4153 2723 2964 1860 
4154 1809 2796 2724 
4155 2825 3496 1745 
4156 2544 3439 2131 
4157 2080 4221 3868 
4158 2511 3461 1834 
4159 2510 3396 2105 
4160 2197 3010 2573 
4161 2785 2868 2473 
4162 2063 2868 2785 
4163 2205 3320 2751 
4164 1924 2931 2861 
4165 2861 2931 2276 
4166 2206 3326 2755 
4167 4027 4042 1762 
4168 2190 3887 3463 
4169 2552 3146 2092 
4170 2767 3119 2039 
4171 3349 4207 2434 
4172 1743 4107 2612 
4173 2581 2961 137 
4174 1739 4106 2613 
4175 1785 3250 2284 
4176 2285 3249 1785 
4177 3661 4228 2587 
4178 2382 3266 3113 
4179 3113 3266 1832 
4180 2735 3257 2229 
4181 1818 3257 2735 
4182 2846 2896 2168 
4183 1935 2896 2846 
4184 2068 4189 2678 
4185 1774 4110 3860 
4186 2566 3825 2070 
4187 243 3146 2552 
4188 2292 3895 2565 
4189 2133 3108 2444 
4190 2273 3351 2002 
4191 2579 3611 2147 
4192 193 3509 2706 
4193 3307 3819 2431 
4194 1793 3127 2765 
4195 2910 4244 1960 
4196 2028 3857 2715 
4197 2256 3203 2840 
4198 2840 3203 1795 
4199 2186 3571 2664 
4200 1900 3263 2792 
4201 2573 3916 2197 
4202 2121 3330 2697 
4203 2963 3133 1857 
4204 2131 3481 2544 
4205 2185 3588 2665 
4206 2665 3602 2185 
4207 2425 3852 3132 
4208 2087 3213 3100 
4209 3100 3213 2299 
4210 2087 3100 2660 
4211 201 3009 2574 
4212 1783 3466 2853 
4213 2529 3144 2126 
4214 2530 3143 2127 
4215 1945 4403 2748 
4216 2664 3591 2186 
4217 152 2886 151 
4218 2199 3694 3236 
4219 2720 4399 1947 
4220 2023 2963 2962 
4221 2962 2963 2201 
4222 3025 4430 2038 
4223 118 3563 2587 
4224 2027 2945 2830 
4225 3098 3432 2577 
4226 2923 2924 2141 
4227 1780 3103 2010 
4228 2640 3475 1939 
4229 85 4245 2971 
4230 2184 2672 1797 
4231 2909 3251 1921 
4232 2159 3956 2694 
4233 2694 3956 2692 
4234 2982 3983 2292 
4235 1782 3182 2767 
4236 2200 2965 2964 
4237 2964 2965 1860 
4238 1811 3195 2830 
4239 2551 3306 156 
4240 66 4115 2911 
4241 2894 4433 1998 
4242 2200 2966 2965 
4243 2965 2966 2024 
4244 2129 3318 2649 
4245 2559 3201 2083 
4246 3318 3690 2518 
4247 1969 3953 2718 
4248 3454 3663 2504 
4249 2305 4013 2976 
4250 2814 3349 2988 
4251 2988 3349 2434 
4252 2129 3299 3066 
4253 2774 3155 1961 
4254 2250 3288 2624 
4255 1794 4056 2555 
4256 3419 3808 2235 
4257 130 3253 2831 
4258 1892 3429 2750 
4259 2671 3186 2357 
4260 2356 3183 2669 
4261 2522 4399 2720 
4262 2126 3166 2529 
4263 2790 3403 1729 
4264 1931 3375 2528 
4265 2069 4210 2689 
4266 2807 3622 1742 
4267 1950 3833 2378 
4268 1951 3834 2379 
4269 205 3888 2895 
4270 2984 4123 1978 
4271 2524 4123 2984 
4272 2233 3943 2419 
4273 2571 3063 2164 
4274 2572 3064 2165 
4275 2176 2968 2908 
4276 2908 2968 1874 
4277 3247 4090 2466 
4278 2118 3606 2513 
4279 2463 4404 3263 
4280 1893 3425 2754 
4281 3316 3576 1901 
4282 2810 3624 1738 
4283 2270 3962 1992 
4284 2530 3193 2156 
4285 1999 3063 2404 
4286 2000 3064 2405 
4287 2543 3437 1845 
4288 2308 4345 1949 
4289 2284 2560 1785 
4290 4222 4233 2727 
4291 2030 2975 2974 
4292 2974 2975 2198 
4293 2414 3283 3221 
4294 3221 3283 1909 
4295 2521 4389 4186 
4296 1971 4018 3386 
4297 2661 3208 2092 
4298 2473 2868 2809 
4299 2809 2868 1973 
4300 2279 3289 3031 
4301 3990 4101 2092 
4302 2272 3968 1994 
4303 2616 3772 2144 
4304 1935 3692 3489 
4305 1924 4222 2727 
4306 2739 3581 1848 
4307 2791 3228 2024 
4308 2157 3200 2438 
4309 2985 3663 2128 
4310 2115 3618 2514 
4311 2314 3820 2775 
4312 2776 3821 2315 
4313 3003 3473 2058 
4314 2303 4337 1952 
4315 2789 3307 2023 
4316 2549 2822 1804 
4317 2748 4403 2521 
4318 2548 2824 1803 
4319 2194 3673 3000 
4320 2823 3520 2026 
4321 2432 3691 3353 
4322 1735 4068 2604 
4323 2559 3426 2088 
4324 3415 3808 3419 
4325 76 3097 75 
4326 1799 2897 2457 
4327 1760 4331 4137 
4328 1754 4332 4138 
4329 2502 3296 2902 
4330 2902 3296 1975 
4331 3475 3541 2181 
4332 154 3122 153 
4333 2828 3242 2030 
4334 2794 3389 1732 
4335 208 2808 207 
4336 2063 3024 2831 
4337 2831 3024 2214 
4338 1936 3303 2602 
4339 2602 3303 2135 
4340 2028 2981 2848 
4341 4187 4392 2522 
4342 2600 2802 1844 
4343 2343 4246 2693 
4344 168 4020 167 
4345 2750 3089 1892 
4346 2157 4042 2526 
4347 2630 3554 2132 
4348 101 3992 2625 
4349 2754 3088 1893 
4350 2280 3087 2640 
4351 3926 3961 2880 
4352 2856 4034 2158 
4353 2055 3552 2542 
4354 2075 3660 3089 
4355 2925 3167 1762 
4356 2793 3388 2373 
4357 1857 3388 2793 
4358 2193 3678 2999 
4359 1812 3315 2848 
4360 43 3881 44 
4361 2127 3937 2530 
4362 2826 3943 2233 
4363 113 2732 112 
4364 225 2733 224 
4365 2574 3277 200 
4366 2401 3021 1882 
4367 1835 3973 3746 
4368 2266 3310 2836 
4369 3089 3660 2076 
4370 2213 3631 2624 
4371 2594 3894 3751 
4372 2595 3893 3754 
4373 3525 3874 2774 
4374 2209 3735 2863 
4375 2864 3734 2210 
4376 2048 3034 2877 
4377 2274 3874 3525 
4378 2748 3596 1945 
4379 2431 3861 3307 
4380 3103 4221 2080 
4381 1845 3898 2543 
4382 2096 3899 2544 
4383 2184 3926 3470 
4384 3403 3404 1729 
4385 3217 4331 1760 
4386 3216 4332 1754 
4387 2542 3368 60 
4388 2543 3898 3258 
4389 2034 2783 2541 
4390 1851 3128 2918 
4391 32 3912 3708 
4392 60 4140 2542 
4393 1828 3170 2674 
4394 66 2911 65 
4395 2077 3665 3088 
4396 1886 3213 2797 
4397 2154 3199 2460 
4398 1980 4000 2780 
4399 2171 3409 2741 
4400 1753 2980 2730 
4401 57 3540 2677 
4402 2774 3874 1880 
4403 2544 3481 1926 
4404 1925 3731 2543 
4405 2630 3047 1725 
4406 1961 3155 2879 
4407 2742 3408 2170 
4408 1796 3759 2812 
4409 2728 4025 2396 
4410 1923 4025 2728 
4411 3417 3505 2227 
4412 3008 3019 2229 
4413 1867 3019 3008 
4414 2621 4125 1980 
4415 3258 3524 1925 
4416 2630 3891 1908 
4417 3636 4020 168 
4418 3056 4264 1757 
4419 2624 4444 2213 
4420 2135 4004 2602 
4421 2892 3487 1938 
4422 2318 3487 2892 
4423 2375 4015 3119 
4424 138 3225 2581 
4425 1837 4170 3359 
4426 2636 3311 2151 
4427 1938 3311 2636 
4428 1797 3926 2184 
4429 1748 3397 2934 
4430 3088 3665 2078 
4431 2047 2893 2604 
4432 171 2820 170 
4433 238 2821 237 
4434 2631 4083 2359 
4435 1955 4083 2631 
4436 2615 4083 1955 
4437 213 3531 2726 
4438 1916 3529 2746 
4439 3795 4193 2583 
4440 2498 3720 3211 
4441 2059 3360 2467 
4442 2468 3524 3258 
4443 3085 3094 2182 
4444 2002 2343 2273 
4445 2418 3830 3242 
4446 2763 3976 1774 
4447 1933 3746 3600 
4448 3600 3746 2342 
4449 1798 2694 2692 
4450 3261 3670 2798 
4451 3389 3390 1732 
4452 3386 4018 2707 
4453 2160 4440 2691 
4454 2658 3271 1754 
4455 2164 3271 2658 
4456 2659 3272 1760 
4457 2165 3272 2659 
4458 2092 3422 2552 
4459 2788 3305 1851 
4460 2301 3305 2788 
4461 2028 4445 3857 
4462 3071 4327 2611 
4463 2203 3297 3066 
4464 2561 3988 2144 
4465 2640 3087 1823 
4466 166 4020 2758 
4467 2576 2923 2922 
4468 2922 2923 2141 
4469 3000 3673 2068 
4470 3647 4217 4048 
4471 3020 3548 2332 
4472 2509 4107 1743 
4473 3648 4218 4050 
4474 2508 4106 1739 
4475 2567 4236 3698 
4476 1960 4263 2344 
4477 2116 3398 2515 
4478 2626 4126 1831 
4479 1957 4127 2626 
4480 2087 4181 2618 
4481 2128 3663 3161 
4482 3431 4246 2427 
4483 55 3572 2563 
4484 2240 3674 2608 
4485 2608 3674 1937 
4486 2027 3052 2614 
4487 3258 3898 2095 
4488 2001 3765 2489 
4489 3067 3906 3802 
4490 2639 3693 2053 
4491 3860 4110 2392 
4492 2538 3303 1936 
4493 2587 3558 118 
4494 173 2864 172 
4495 236 2863 235 
4496 2963 3861 3133 
4497 2999 3678 2069 
4498 2697 4227 64 
4499 3146 3990 2092 
4500 2678 4142 2667 
4501 2226 3770 3769 
4502 3031 3289 1790 
4503 2591 3764 2095 
4504 2096 3763 2592 
4505 3136 4084 2470 
4506 2578 3145 1939 
4507 2457 2897 2896 
4508 2896 2897 2168 
4509 2802 3436 2130 
4510 2026 3520 2979 
4511 1804 2883 2549 
4512 2563 3841 55 
4513 2564 3840 191 
4514 1803 2884 2548 
4515 2060 3364 2480 
4516 2937 3181 2143 
4517 1746 3202 2575 
4518 3736 3944 2547 
4519 1973 4396 2593 
4520 131 3253 130 
4521 1776 3426 2559 
4522 1915 3453 2247 
4523 2032 3372 2731 
4524 2447 3872 1870 
4525 1936 3517 2538 
4526 2848 3315 2220 
4527 2061 3369 2481 
4528 3212 3859 2499 
4529 3211 3858 2498 
4530 191 3620 2564 
4531 2073 3386 2707 
4532 2454 3847 1872 
4533 2455 3848 1871 
4534 1927 3357 2713 
4535 1984 4088 2627 
4536 2775 3820 1910 
4537 1911 3821 2776 
4538 2376 4134 2674 
4539 2674 4134 1964 
4540 1809 2724 2439 
4541 1982 2568 2567 
4542 3502 3735 2209 
4543 2210 3734 3501 
4544 2565 3640 1958 
4545 2881 3306 2240 
4546 2832 3947 29 
4547 2673 4398 2672 
4548 2364 3977 3689 
4549 2730 3557 1753 
4550 2107 3993 1790 
4551 1959 4065 2619 
4552 2644 4065 1959 
4553 2355 4065 2644 
4554 2909 3838 3251 
4555 2158 4317 2437 
4556 2153 4209 2773 
4557 1972 4139 4002 
4558 2085 3659 2696 
4559 3412 4209 2153 
4560 2359 4118 2631 
4561 2631 4118 1835 
4562 1830 4119 2633 
4563 2394 3721 3304 
4564 2362 3506 3037 
4565 2789 3598 2234 
4566 2886 3945 2387 
4567 2769 4224 2512 
4568 2701 2790 1729 
4569 2976 4013 1900 
4570 2512 4224 3817 
4571 1762 3167 2668 
4572 2909 3582 2306 
4573 2633 4145 1957 
4574 2699 2794 1732 
4575 2637 3049 127 
4576 2614 4037 2027 
4577 2166 3014 2829 
4578 2696 3740 2085 
4579 1940 3612 2655 
4580 1753 3897 2980 
4581 2668 3300 2292 
4582 3708 3912 2589 
4583 2662 3408 111 
4584 2573 3659 2085 
4585 2269 3596 2748 
4586 2353 3801 1953 
4587 226 3409 2663 
4588 2750 3429 1741 
4589 3765 4166 2827 
4590 2552 4043 2997 
4591 2042 3781 2812 
4592 2947 3296 2502 
4593 2191 3296 2947 
4594 1962 3659 2573 
4595 3262 4372 1747 
4596 2203 3532 3297 
4597 2750 2751 2075 
4598 2381 4366 2775 
4599 2776 4367 2382 
4600 28 2832 29 
4601 2176 2969 2968 
4602 2968 2969 2048 
4603 2660 4181 2087 
4604 3745 3972 1830 
4605 1907 3546 3212 
4606 2718 3366 2086 
4607 2105 3396 2569 
4608 1796 3781 2175 
4609 3714 3741 2934 
4610 2204 3663 3454 
4611 2185 3602 2673 
4612 2620 3777 2512 
4613 2296 4327 3071 
4614 3675 3967 2371 
4615 2639 3043 2218 
4616 2410 3851 3228 
4617 2754 2755 2077 
4618 2754 3425 1737 
4619 3040 4054 2708 
4620 1972 4054 3040 
4621 2771 3535 2036 
4622 2850 2998 1768 
4623 3211 3720 1906 
4624 2570 3461 2106 
4625 2708 3469 2074 
4626 2707 3468 2073 
4627 179 2780 178 
4628 1887 3798 3200 
4629 2814 2816 2815 
4630 2919 3106 2222 
4631 1854 3106 2919 
4632 2386 3000 2068 
4633 2019 3714 2934 
4634 2099 3316 3244 
4635 3244 3316 2426 
4636 2599 3717 2241 
4637 1844 3717 2599 
4638 3353 3691 1948 
4639 2599 3880 2177 
4640 2388 2999 2069 
4641 2276 3464 1815 
4642 2872 3590 2329 
4643 128 3110 2637 
4644 2167 3548 3020 
4645 2328 3590 2960 
4646 2666 3195 2251 
4647 2689 4135 2670 
4648 3772 4085 2561 
4649 1851 3305 3004 
4650 3004 3305 2300 
4651 2164 3471 2571 
4652 2165 3472 2572 
4653 2552 3422 1965 
4654 2235 3084 2994 
4655 2994 3084 2081 
4656 1882 3593 2401 
4657 2746 3194 1916 
4658 2311 4009 3549 
4659 2444 3474 2133 
4660 2849 3250 2018 
4661 2284 3250 2849 
4662 2850 3249 2285 
4663 2019 3249 2850 
4664 2247 3453 2679 
4665 1760 4137 3511 
4666 1754 4138 3512 
4667 2257 3653 2803 
4668 2344 2527 1960 
4669 142 2842 141 
4670 1887 3261 2798 
4671 3023 3965 2062 
4672 2476 3635 2648 
4673 2596 3871 3385 
4674 2053 2955 2954 
4675 2954 2955 2159 
4676 2730 2980 2041 
4677 2700 3732 1922 
4678 2921 3968 2272 
4679 2731 3350 2042 
4680 1921 3582 2909 
4681 2065 3859 3212 
4682 2858 2976 1900 
4683 2064 3858 3211 
4684 2681 3459 2233 
4685 1784 3236 2584 
4686 2603 4196 2270 
4687 167 4020 166 
4688 1806 3462 2676 
4689 2131 3438 2869 
4690 1786 2653 2287 
4691 1807 3465 2675 
4692 1978 3308 2763 
4693 2763 3308 2054 
4694 63 4227 62 
4695 3535 3549 2036 
4696 2241 3190 2599 
4697 208 4353 2808 
4698 2880 3961 2338 
4699 2253 3575 1741 
4700 2535 3740 1763 
4701 4183 4185 2423 
4702 2760 3231 1917 
4703 2289 3829 3603 
4704 2606 4167 2272 
4705 1965 3422 2729 
4706 2255 3583 1737 
4707 195 2789 194 
4708 2695 3733 1917 
4709 215 2791 214 
4710 1737 4014 2755 
4711 81 2828 80 
4712 230 3412 229 
4713 108 3410 107 
4714 3508 3881 42 
4715 2078 3584 2810 
4716 1741 4010 2751 
4717 1796 3417 2227 
4718 1769 4369 2849 
4719 68 3302 67 
4720 1790 3993 3031 
4721 2108 3421 2625 
4722 2075 3089 2750 
4723 2076 3585 2807 
4724 2460 4443 3795 
4725 2362 4151 3506 
4726 3002 4317 2158 
4727 2535 3357 1927 
4728 3212 3546 2403 
4729 1890 3589 2888 
4730 2543 3731 3437 
4731 2706 3509 2234 
4732 3125 4251 2179 
4733 2925 3962 2270 
4734 1953 3887 2353 
4735 2795 3410 2152 
4736 2894 3910 2566 
4737 2830 3195 2082 
4738 52 2851 51 
4739 188 2852 187 
4740 2443 4035 1838 
4741 2624 4299 2250 
4742 2445 4036 1840 
4743 2077 3088 2754 
4744 2234 3509 2789 
4745 100 2978 99 
4746 3165 4367 2776 
4747 2775 4366 3164 
4748 3132 3852 1931 
4749 2592 3763 211 
4750 2882 4369 1769 
4751 2647 4255 1751 
4752 1785 3696 2285 
4753 1917 3157 2760 
4754 1915 4214 2832 
4755 1755 3671 2618 
4756 1761 3670 2617 
4757 2880 2973 2282 
4758 2644 4131 2355 
4759 1824 4131 2644 
4760 2911 4115 2464 
4761 2206 4014 3526 
4762 2651 4259 1757 
4763 3198 3792 2119 
4764 2303 3095 2772 
4765 2678 3876 1727 
4766 2689 3870 1730 
4767 3007 3402 2228 
4768 3792 4332 2119 
4769 2980 3897 2345 
4770 1961 2957 2774 
4771 1939 3475 2578 
4772 2584 3351 1784 
4773 2921 3241 1750 
4774 173 3985 2864 
4775 2863 3986 235 
4776 211 3725 2592 
4777 3215 4246 2002 
4778 3064 3273 2165 
4779 3063 3274 2164 
4780 1888 4193 3795 
4781 2205 4010 3514 
4782 2287 3886 1786 
4783 2067 3085 2936 
4784 2905 4462 1756 
4785 108 3878 2609 
4786 3647 4048 1806 
4787 3648 4050 1807 
4788 1760 3511 2659 
4789 1754 3512 2658 
4790 3856 4062 2941 
4791 1777 3743 2011 
4792 2610 3879 229 
4793 1983 4181 2660 
4794 1810 3772 2616 
4795 2721 3098 1885 
4796 2268 3098 2721 
4797 2745 4284 2200 
4798 2574 3311 1938 
4799 2939 4137 2162 
4800 2940 4138 2163 
4801 2211 3651 2653 
4802 2423 4185 3118 
4803 3568 4389 2231 
4804 3845 4418 3352 
4805 2444 4201 1839 
4806 2711 2770 1726 
4807 2698 3750 1916 
4808 3614 4263 1960 
4809 3347 3782 2597 
4810 2184 2673 2672 
4811 2472 2943 2809 
4812 2809 2943 2473 
4813 1745 3108 2825 
4814 2287 3609 2054 
4815 3815 4093 2277 
4816 1777 3925 2614 
4817 3301 3757 1843 
4818 2147 4416 3849 
4819 2590 3981 2235 
4820 2945 3167 2270 
4821 3152 4334 1838 
4822 2468 3258 2992 
4823 2993 3259 2469 
4824 3072 3182 1782 
4825 2289 3182 3072 
4826 3210 3302 68 
4827 3068 3158 2207 
4828 3437 3731 2130 
4829 1745 3496 2996 
4830 3019 3188 2229 
4831 2045 3774 2806 
4832 2117 3391 2836 
4833 1926 3481 2590 
4834 1808 3347 2597 
4835 2131 3451 2590 
4836 2805 4185 1801 
4837 2279 3031 3030 
4838 3030 3031 2036 
4839 3201 4094 4027 
4840 3201 4027 2083 
4841 1815 3111 2276 
4842 64 4227 63 
4843 3033 4237 2531 
4844 1870 3984 2497 
4845 2848 2981 1812 
4846 3288 4444 2624 
4847 3032 4238 2532 
4848 4112 4234 2409 
4849 1938 3987 2574 
4850 2232 4392 3569 
4851 2590 3481 2131 
4852 1930 3496 2825 
4853 2805 3513 2424 
4854 2236 3531 2791 
4855 3209 3245 2288 
4856 2884 3033 2017 
4857 2302 3856 2941 
4858 2213 4444 2811 
4859 2883 3032 2015 
4860 2304 3969 2879 
4861 2879 3969 1821 
4862 2038 4430 2534 
4863 1735 4288 4068 
4864 2268 3298 2607 
4865 1922 3115 2777 
4866 1790 3289 2384 
4867 2661 4007 3208 
4868 1797 4412 2246 
4869 2079 4253 2967 
4870 2622 3931 2288 
4871 1929 3775 3202 
4872 2830 2945 1811 
4873 3018 3233 2126 
4874 2492 3140 2046 
4875 2490 3121 2045 
4876 3310 3694 1764 
4877 3067 3802 1868 
4878 2747 3989 2245 
4879 2048 3747 3034 
4880 2207 4055 2645 
4881 2175 3065 2337 
4882 2376 3812 3473 
4883 2986 3453 1915 
4884 2597 2816 1808 
4885 2046 3793 2813 
4886 2178 3387 1772 
4887 3235 4159 1866 
4888 2805 3016 2199 
4889 3355 4325 2244 
4890 2607 4458 2413 
4891 2185 2673 2184 
4892 2352 3757 3301 
4893 2578 3969 3935 
4894 2068 3758 2386 
4895 3409 4269 2741 
4896 2777 3197 1922 
4897 3029 3111 1815 
4898 1872 3994 2508 
4899 1871 3995 2509 
4900 2602 4004 1862 
4901 2135 3680 2623 
4902 2654 4270 3090 
4903 1843 3757 2841 
4904 1764 3435 2836 
4905 2820 3076 170 
4906 238 3077 2821 
4907 2726 3531 2236 
4908 2263 3334 2690 
4909 2587 4228 2269 
4910 2742 4272 3408 
4911 2967 4253 4011 
4912 3612 4057 2655 
4913 2069 3760 2388 
4914 3901 4166 2001 
4915 3419 3420 3415 
4916 2601 4086 2198 
4917 2434 3699 2988 
4918 2413 4105 2607 
4919 2092 4101 2661 
4920 2587 3563 2248 
4921 2618 4237 1755 
4922 2269 3558 2587 
4923 2717 3729 2901 
4924 2617 4238 1761 
4925 3147 3866 2034 
4926 3500 3853 18 
4927 2436 3713 2211 
4928 2285 2998 2850 
4929 2479 3942 2936 
4930 3350 3457 2042 
4931 1767 3543 2405 
4932 1725 3554 2630 
4933 3150 4336 1840 
4934 2767 3182 2119 
4935 3868 4021 2080 
4936 4136 4453 2584 
4937 2529 4294 3267 
4938 3149 4333 1839 
4939 1853 2778 2719 
4940 2602 3522 1936 
4941 1862 3516 2602 
4942 2134 3881 3508 
4943 2333 2598 2012 
4944 3557 4182 1753 
4945 2901 3713 1850 
4946 2674 3120 1828 
4947 2902 3817 2502 
4948 1991 3229 2417 
4949 2032 3528 3372 
4950 2992 3258 2095 
4951 2096 3259 2993 
4952 3841 4424 2064 
4953 3840 4425 2065 
4954 1808 2987 2436 
4955 3426 4088 2088 
4956 2879 3155 2304 
4957 2417 3229 1792 
4958 2651 3634 2203 
4959 2770 3441 1726 
4960 2298 3119 2767 
4961 2025 3105 2727 
4962 1908 3891 2711 
4963 1766 3227 2404 
4964 2738 3209 2288 
4965 2168 3332 2846 
4966 3071 3264 2296 
4967 2149 3264 3071 
4968 2795 4230 3410 
4969 2605 2745 2200 
4970 2647 3638 2204 
4971 1974 3024 2785 
4972 2785 3024 2063 
4973 2585 3243 3073 
4974 2704 3433 2577 
4975 2897 3124 2168 
4976 3540 4408 2677 
4977 3128 3938 2918 
4978 2608 3767 1865 
4979 1899 3826 3298 
4980 3298 3826 2607 
4981 3187 3226 2221 
4982 3434 3459 2681 
4983 2239 3413 3173 
4984 1934 4074 2661 
4985 2416 4028 2254 
4986 2808 3480 2081 
4987 2249 3453 2986 
4988 2166 3519 2611 
4989 2611 3519 1937 
4990 1937 3519 2608 
4991 2583 4193 3362 
4992 2054 3609 2260 
4993 1940 3594 2581 
4994 2227 3505 3416 
4995 2581 3612 1940 
4996 1725 3047 2889 
4997 2725 3587 3407 
4998 2124 3709 1776 
4999 3578 4369 1815 
5000 3119 4015 2885 
5001 3427 4462 2905 
5002 1975 4437 2620 
5003 2201 3836 3835 
5004 3330 3852 2697 
5005 3047 3050 2049 
5006 1750 3241 2715 
5007 2371 3967 3565 
5008 2053 3693 2842 
5009 2627 4088 3426 
5010 75 2890 74 
5011 1939 3952 2640 
5012 2640 3952 2280 
5013 2066 3122 2881 
5014 2049 3947 2832 
5015 1762 4042 2925 
5016 4255 4341 1751 
5017 2724 2796 2111 
5018 2950 3771 2291 
5019 2941 3715 1794 
5020 3095 3237 2182 
5021 2378 4350 1950 
5022 2379 4351 1951 
5023 2022 4380 2733 
5024 2421 3694 3310 
5025 3929 3933 2843 
5026 2154 4281 2517 
5027 2906 3435 2397 
5028 175 2866 174 
5029 234 2867 233 
5030 2308 3187 2766 
5031 2957 3525 2774 
5032 2764 3137 2035 
5033 1781 3137 2764 
5034 2775 4122 2314 
5035 3653 4261 2803 
5036 2657 4296 1889 
5037 3765 4017 2489 
5038 2619 4100 3753 
5039 3356 3681 1813 
5040 2611 3539 2166 
5041 2515 3150 2116 
5042 2514 3149 2115 
5043 2812 3781 1796 
5044 2972 3980 3940 
5045 2250 3450 3263 
5046 2251 3406 2666 
5047 2513 3152 2118 
5048 3101 3609 2287 
5049 2025 4233 3012 
5050 3012 4234 2025 
5051 2669 3183 1941 
5052 2958 3841 2064 
5053 2959 3840 2065 
5054 3073 3243 1877 
5055 102 3992 101 
5056 3021 3444 2779 
5057 1978 3005 2984 
5058 2638 3312 1855 
5059 2118 4231 2606 
5060 1942 3186 2671 
5061 2146 3819 3247 
5062 2126 3233 3166 
5063 2152 3410 2609 
5064 1838 4334 3389 
5065 2555 3629 2908 
5066 2791 3828 2236 
5067 111 3919 2662 
5068 2663 3920 226 
5069 1969 2973 2880 
5070 3041 3341 1841 
5071 2420 3171 3170 
5072 3170 3171 2058 
5073 3042 3342 1842 
5074 3726 4250 1867 
5075 2610 3412 2153 
5076 3739 4095 2615 
5077 140 3693 2639 
5078 2877 3686 2278 
5079 2254 3239 2757 
5080 2252 3238 2756 
5081 13 3159 14 
5082 1991 3837 2374 
5083 2916 3402 3007 
5084 1964 4141 2674 
5085 2321 3346 3090 
5086 3090 3346 2169 
5087 4108 4466 2562 
5088 2315 4043 2776 
5089 125 3617 2656 
5090 1875 4150 3676 
5091 2102 3728 2667 
5092 2628 3789 1891 
5093 2144 3688 2616 
5094 3239 3682 1951 
5095 2629 3790 1890 
5096 3238 3683 1950 
5097 2180 3483 2804 
5098 3181 3196 2143 
5099 1935 3153 2896 
5100 1984 4420 4088 
5101 2274 3525 2844 
5102 2844 3525 1820 
5103 2909 3749 2372 
5104 2728 3105 2025 
5105 2224 4408 3540 
5106 3243 3523 1877 
5107 3064 4147 3273 
5108 3063 4148 3274 
5109 3243 4161 3523 
5110 2808 4353 2469 
5111 2048 3964 2968 
5112 3224 3916 2573 
5113 2175 3781 3065 
5114 3413 4304 3173 
5115 1881 3181 2937 
5116 2625 3421 101 
5117 3862 4049 2621 
5118 3746 3973 2342 
5119 104 2875 103 
5120 2136 3853 3500 
5121 79 2877 78 
5122 2639 3889 140 
5123 2128 4199 3484 
5124 1801 4365 3016 
5125 1936 3522 2622 
5126 2161 3521 2622 
5127 2625 3345 2108 
5128 2622 3522 2161 
5129 3079 3759 2195 
5130 2138 3047 2630 
5131 2703 4365 1801 
5132 2667 3758 2068 
5133 2311 3573 3002 
5134 3001 4058 1756 
5135 2252 3843 2415 
5136 3080 3245 2148 
5137 2288 3245 3080 
5138 2328 2960 2871 
5139 2254 3844 2416 
5140 2714 3739 2615 
5141 2076 2807 2650 
5142 2544 3899 3439 
5143 2220 3716 2848 
5144 2848 3716 2028 
5145 2670 3760 2069 
5146 2151 4273 2636 
5147 2078 2810 2652 
5148 1862 3666 3616 
5149 3616 3666 3615 
5150 2717 4232 4175 
5151 2109 3730 2670 
5152 2278 3964 2877 
5153 2619 3753 2725 
5154 2243 3544 3202 
5155 2658 3471 2164 
5156 2016 3471 2658 
5157 2659 3472 2165 
5158 2014 3472 2659 
5159 2627 3709 2258 
5160 2423 3845 3352 
5161 1779 3850 2125 
5162 1981 3647 2293 
5163 1982 3648 2294 
5164 2889 3047 2049 
5165 1902 3331 3329 
5166 1929 3391 2926 
5167 2813 4014 1737 
5168 1947 3036 2876 
5169 2876 3036 2189 
5170 1873 4291 2635 
5171 2618 3671 2087 
5172 1763 3740 2696 
5173 2297 3229 2853 
5174 1840 4336 3403 
5175 1942 3591 2664 
5176 3935 3969 2304 
5177 2665 3588 1941 
5178 2806 4010 1741 
5179 2652 3682 3088 
5180 3262 3450 1966 
5181 1815 4369 2882 
5182 3063 4257 2404 
5183 3064 4258 2405 
5184 2116 4060 3398 
5185 2070 3825 2970 
5186 2847 3467 2283 
5187 1770 3839 2796 
5188 1903 3344 3325 
5189 2703 2784 2010 
5190 2636 3966 1938 
5191 3156 4405 4207 
5192 2659 3399 2014 
5193 4419 4460 2263 
5194 2658 3400 2016 
5195 2765 3744 3054 
5196 2832 4157 1915 
5197 2650 3683 3089 
5198 2215 3060 3059 
5199 3059 3060 2672 
5200 2551 3674 3306 
5201 2577 3975 3098 
5202 3098 3975 1885 
5203 2327 3025 2870 
5204 2117 2906 2713 
5205 2655 4387 2141 
5206 2234 4344 2706 
5207 2554 4206 1944 
5208 2553 4205 1943 
5209 2229 3257 3008 
5210 3008 3257 2913 
5211 1829 3219 2687 
5212 2688 3220 1834 
5213 2080 4021 3015 
5214 1817 3858 2709 
5215 1819 3859 2710 
5216 2523 4282 3056 
5217 3056 4282 1976 
5218 2218 3889 2639 
5219 2091 3165 2729 
5220 2729 3165 1965 
5221 1953 3677 2354 
5222 3726 4046 2914 
5223 3433 3975 2577 
5224 1885 3455 2721 
5225 2721 3455 2183 
5226 1883 3209 2691 
5227 2978 3766 99 
5228 162 2935 161 
5229 3118 3327 2422 
5230 2263 3385 3334 
5231 2698 3117 1732 
5232 2656 3974 125 
5233 1839 4333 3440 
5234 1855 3800 2638 
5235 1768 4444 3288 
5236 1883 3245 3209 
5237 2497 3135 1870 
5238 3753 4100 2356 
5239 2163 4092 2675 
5240 1896 3510 2747 
5241 2747 3510 2212 
5242 2162 4091 2676 
5243 2695 3129 1729 
5244 1808 2816 2814 
5245 1733 3116 2493 
5246 3094 3095 2182 
5247 2586 3074 2163 
5248 2585 3073 2162 
5249 1765 3102 2827 
5250 2868 4396 1973 
5251 3571 4076 2664 
5252 2220 3315 3005 
5253 31 3912 32 
5254 2237 4017 3765 
5255 2279 3427 2979 
5256 2979 3427 2026 
5257 2144 4058 2680 
5258 2877 3034 78 
5259 2509 3138 1871 
5260 2508 3139 1872 
5261 2014 3399 2822 
5262 2016 3400 2824 
5263 2141 4133 2654 
5264 1823 3541 2640 
5265 2882 3915 1815 
5266 2653 3651 1822 
5267 2115 3672 2603 
5268 1864 3433 2704 
5269 2694 3445 2159 
5270 145 2942 144 
5271 3046 3169 2037 
5272 2330 4049 3862 
5273 2983 3379 1858 
5274 1771 4301 2985 
5275 2864 3985 2367 
5276 2368 3986 2863 
5277 1937 3674 3507 
5278 3156 4207 2113 
5279 2568 4361 2567 
5280 2852 3546 2127 
5281 113 3568 2732 
5282 2733 3569 224 
5283 142 3963 2842 
5284 2514 3643 1744 
5285 3844 3884 1752 
5286 2515 3644 1740 
5287 1815 4441 3029 
5288 3843 3883 1758 
5289 1948 3691 3317 
5290 2070 3810 2716 
5291 2357 4095 3739 
5292 2604 3252 1735 
5293 2513 3658 1736 
5294 2108 3345 2989 
5295 2035 3667 2764 
5296 1837 4076 3571 
5297 2968 3964 3486 
5298 1889 3162 2859 
5299 2668 3983 1762 
5300 2292 3983 2668 
5301 2045 3575 3041 
5302 3507 3674 2551 
5303 2656 3617 2191 
5304 2655 3877 1940 
5305 1940 3877 2654 
5306 2141 3877 2655 
5307 2654 3877 2141 
5308 2355 3361 2799 
5309 3672 3930 1811 
5310 2687 3550 2210 
5311 2209 3551 2688 
5312 1784 2558 2051 
5313 1726 4089 2711 
5314 1981 3169 3046 
5315 3263 4404 2792 
5316 2779 3444 1746 
5317 2303 3237 3095 
5318 3179 3860 2525 
5319 1774 3860 3179 
5320 1731 4381 2682 
5321 3300 3925 2050 
5322 2614 3925 3300 
5323 2396 4448 3903 
5324 2950 3627 1882 
5325 3439 3899 1847 
5326 2038 3698 2870 
5327 3297 3690 2129 
5328 158 2948 157 
5329 2081 3480 2994 
5330 2870 4182 2327 
5331 2046 3583 3042 
5332 1813 4323 2893 
5333 3276 3682 2652 
5334 3275 3683 2650 
5335 3 3912 31 
5336 2737 3324 2361 
5337 2298 3274 3119 
5338 3119 3274 1791 
5339 183 3191 182 
5340 3159 4377 14 
5341 2727 4295 1924 
5342 1973 3846 2657 
5343 1865 3654 2920 
5344 2697 3395 2121 
5345 1989 3818 2642 
5346 2067 3942 2823 
5347 2156 3865 3268 
5348 2155 3863 3267 
5349 2071 3076 2820 
5350 2821 3077 2072 
5351 2336 4459 2826 
5352 2296 3975 3433 
5353 2763 4450 1978 
5354 2026 3902 2823 
5355 1728 4384 2685 
5356 2857 3846 1973 
5357 2677 4408 1996 
5358 2023 3598 2789 
5359 119 3563 118 
5360 2458 3498 3491 
5361 2005 4194 3057 
5362 3058 4195 2006 
5363 2340 3972 3745 
5364 2950 4116 2202 
5365 2729 3208 1833 
5366 2722 3794 2835 
5367 148 4005 3680 
5368 2960 3590 1891 
5369 2386 3758 3091 
5370 2910 3773 1775 
5371 1960 3773 2910 
5372 1749 3366 2718 
5373 94 3011 93 
5374 3440 3474 1839 
5375 1988 3832 2643 
5376 2843 4213 2247 
5377 2989 3604 1823 
5378 2313 3604 2989 
5379 3120 3164 2090 
5380 2637 3485 1975 
5381 2643 3022 1988 
5382 2660 3805 2179 
5383 2059 4032 3360 
5384 2284 4369 3578 
5385 52 4179 2851 
5386 188 4180 2852 
5387 2664 4076 2171 
5388 2170 4077 2665 
5389 2865 3658 1994 
5390 2283 3467 2050 
5391 2732 3568 2231 
5392 2232 3569 2733 
5393 2653 3354 2104 
5394 1822 3354 2653 
5395 2388 3760 3092 
5396 2635 3880 3190 
5397 2101 3218 2735 
5398 2735 3218 1818 
5399 2556 4056 1794 
5400 3903 3904 1914 
5401 3389 3526 1838 
5402 2533 3789 2378 
5403 2534 3790 2379 
5404 3403 3514 1840 
5405 3463 4176 1905 
5406 2170 3408 2662 
5407 2663 3409 2171 
5408 137 2961 136 
5409 1975 3892 2637 
5410 3112 3269 2381 
5411 3113 3270 2382 
5412 1932 3785 3745 
5413 3745 3785 2340 
5414 2168 3124 3020 
5415 2819 2991 1793 
5416 2839 3862 1896 
5417 2330 3862 2839 
5418 2175 2484 1796 
5419 3051 3901 2419 
5420 2171 3633 2664 
5421 2665 3630 2170 
5422 2971 4245 2426 
5423 1752 3468 2707 
5424 1758 3469 2708 
5425 2042 3457 3065 
5426 2555 4056 3629 
5427 2408 4233 4222 
5428 3301 4116 2352 
5429 3109 4172 1863 
5430 2040 3375 2833 
5431 1769 3184 2882 
5432 1891 3590 2872 
5433 1915 4157 2986 
5434 2664 3633 1942 
5435 2778 4078 2039 
5436 1823 3087 2989 
5437 1941 3630 2665 
5438 2729 3621 2091 
5439 2322 3846 2857 
5440 2464 3251 2911 
5441 1747 4404 2463 
5442 2686 4198 2181 
5443 3033 3751 1755 
5444 2988 3699 2987 
5445 3015 3016 2080 
5446 2199 3016 3015 
5447 94 3177 3011 
5448 3032 3754 1761 
5449 4306 4338 2874 
5450 2393 4064 3207 
5451 1741 3429 2253 
5452 2179 4251 3130 
5453 1919 3497 3017 
5454 3017 3497 2320 
5455 3104 4022 2351 
5456 1959 3407 2527 
5457 2202 4318 2950 
5458 3749 4326 2372 
5459 1884 3909 2922 
5460 3041 3575 2253 
5461 2387 3175 2886 
5462 1943 3091 2553 
5463 1737 3425 2255 
5464 1944 3092 2554 
5465 2086 3366 3362 
5466 2358 3377 2787 
5467 2786 3376 2359 
5468 1746 3444 3240 
5469 3240 3444 2401 
5470 2775 3164 1964 
5471 1965 3165 2776 
5472 2944 3800 1855 
5473 2709 3284 1817 
5474 2710 3286 1819 
5475 2369 3948 2575 
5476 2705 3916 1780 
5477 2732 3547 2020 
5478 2245 3989 3086 
5479 3057 4194 2536 
5480 2537 4195 3058 
5481 2191 3882 2656 
5482 3188 3626 2229 
5483 4068 4288 2497 
5484 45 3282 46 
5485 1884 3043 2954 
5486 3042 3583 2255 
5487 2825 3108 2132 
5488 2686 3541 1823 
5489 2181 3541 2686 
5490 2029 4306 2874 
5491 3491 3498 1904 
5492 3437 3706 1845 
5493 3436 3706 3437 
5494 3439 3703 3438 
5495 1847 3703 3439 
5496 2828 3686 80 
5497 2715 3776 1750 
5498 2261 3776 2715 
5499 2311 3002 3001 
5500 135 3608 2740 
5501 2082 4223 2903 
5502 1805 3625 2943 
5503 2043 2917 2916 
5504 3366 3871 2583 
5505 1748 3741 2972 
5506 2827 4449 1765 
5507 2855 3643 1992 
5508 3238 3428 1892 
5509 1772 3941 2178 
5510 2856 3644 1993 
5511 3825 3910 90 
5512 3239 3424 1893 
5513 2854 3762 2556 
5514 2177 3762 2854 
5515 1811 3930 3195 
5516 2623 4005 2912 
5517 2493 4303 1733 
5518 1757 4374 2651 
5519 1998 4232 2900 
5520 2900 4232 2717 
5521 2669 3586 1825 
5522 1941 3588 2669 
5523 4199 4311 2519 
5524 2721 3298 2268 
5525 2844 3101 2104 
5526 1820 3101 2844 
5527 2833 2834 2040 
5528 1852 2834 2833 
5529 2671 3591 1942 
5530 1836 3592 2671 
5531 2061 4096 3369 
5532 2776 4043 1965 
5533 170 3076 169 
5534 239 3077 238 
5535 2060 4097 3364 
5536 1751 4375 2647 
5537 2736 3720 2100 
5538 1943 3662 2676 
5539 2399 2847 2569 
5540 1944 3664 2675 
5541 2727 4233 2025 
5542 2025 4234 2728 
5543 3100 3805 2660 
5544 2494 3157 1917 
5545 2981 3927 2272 
5546 2642 3055 1989 
5547 64 3395 2697 
5548 1848 3581 3580 
5549 38 3163 39 
5550 2559 3261 3201 
5551 2308 3226 3187 
5552 1974 3777 3613 
5553 2272 3927 3241 
5554 2588 3944 3736 
5555 1859 3718 3418 
5556 3418 3718 2281 
5557 2375 3119 1791 
5558 2119 4428 2767 
5559 54 2958 53 
5560 190 2959 189 
5561 2972 3741 2305 
5562 2810 3584 2310 
5563 3162 3346 2321 
5564 1889 3346 3162 
5565 2878 3921 1853 
5566 2389 4315 3795 
5567 2807 3585 2309 
5568 2674 3812 2376 
5569 2677 3572 56 
5570 3613 3777 2620 
5571 2828 3684 2278 
5572 2030 3684 2828 
5573 1916 3750 2493 
5574 2786 4082 1895 
5575 2359 4082 2786 
5576 2341 4465 2688 
5577 2210 3501 2687 
5578 2688 3502 2209 
5579 92 2970 91 
5580 2081 4162 2808 
5581 2789 3509 194 
5582 2507 3769 1792 
5583 2851 3319 2126 
5584 2144 3988 2905 
5585 2361 4241 2737 
5586 1854 4284 2745 
5587 2791 3531 214 
5588 2780 3700 178 
5589 179 3701 2780 
5590 2613 4106 2057 
5591 2612 4107 2056 
5592 2482 3169 1981 
5593 3516 3522 2602 
5594 2161 3522 3516 
5595 3370 3406 2251 
5596 2746 3529 2097 
5597 1763 3370 3070 
5598 2841 3147 1843 
5599 2351 3963 3104 
5600 2018 3397 2804 
5601 2912 4072 2349 
5602 3065 3781 2042 
5603 3096 4215 2099 
5604 1810 4085 3772 
5605 2691 3956 2159 
5606 2026 3988 3902 
5607 2218 4057 3612 
5608 2893 4419 1813 
5609 1750 4281 2921 
5610 4040 4041 3328 
5611 2984 3005 2221 
5612 2305 2976 2972 
5613 3208 4007 1833 
5614 2034 3252 2783 
5615 2495 3115 1922 
5616 3091 3758 1743 
5617 3469 3883 2628 
5618 3468 3884 2629 
5619 2288 3931 2738 
5620 2738 3931 1861 
5621 3248 3331 2699 
5622 2013 4451 2815 
5623 2702 3925 1777 
5624 2702 2977 1827 
5625 2100 3322 2736 
5626 2735 3323 2101 
5627 2576 3909 2694 
5628 2827 3102 2237 
5629 1912 3734 3057 
5630 3057 3734 2367 
5631 2368 3735 3058 
5632 3058 3735 1913 
5633 2506 3650 1791 
5634 221 4103 2720 
5635 3214 3344 2701 
5636 3680 4005 2623 
5637 1759 3350 2731 
5638 2712 3731 1925 
5639 2433 4453 4136 
5640 2690 4416 2263 
5641 1797 3961 3926 
5642 1976 3085 3056 
5643 1725 3635 2476 
5644 2799 4066 2355 
5645 1894 4066 2799 
5646 2231 3547 2732 
5647 2226 3287 3286 
5648 3286 3287 1819 
5649 3284 3285 1817 
5650 2225 3285 3284 
5651 111 3408 110 
5652 2208 3506 2753 
5653 3092 3760 1739 
5654 2851 3144 51 
5655 2852 3143 187 
5656 2759 3898 1845 
5657 2761 3899 2096 
5658 2103 4406 4172 
5659 227 3409 226 
5660 2845 3934 1781 
5661 2729 3422 3208 
5662 2489 3240 2001 
5663 2842 3963 2351 
5664 2517 3199 2154 
5665 73 2992 72 
5666 210 2993 209 
5667 2584 4453 3351 
5668 2731 3372 1759 
5669 2936 3942 2067 
5670 2720 3657 221 
5671 1947 3932 2720 
5672 2687 4373 2339 
5673 2133 3474 2770 
5674 3499 3567 2482 
5675 3175 4406 2103 
5676 2106 3114 2570 
5677 2806 3774 1952 
5678 3225 3612 2581 
5679 3418 3556 1859 
5680 2938 3938 2385 
5681 2003 3938 2938 
5682 242 2997 241 
5683 2291 4368 2648 
5684 2712 3449 2130 
5685 165 3559 3473 
5686 3764 4029 71 
5687 2762 3885 203 
5688 2589 3380 2150 
5689 3223 3224 2085 
5690 2398 3224 3223 
5691 3268 4383 2530 
5692 3267 4382 2529 
5693 2526 3200 2157 
5694 1897 4114 2787 
5695 2787 4114 2358 
5696 3334 3385 1749 
5697 2343 2693 2160 
5698 2443 4014 2813 
5699 164 3003 163 
5700 2502 3817 3816 
5701 2804 3566 2180 
5702 3511 4137 2939 
5703 3196 3262 1966 
5704 3512 4138 2940 
5705 2383 3640 1789 
5706 78 3034 77 
5707 2445 4010 2806 
5708 2373 3837 2793 
5709 3623 3803 3770 
5710 2652 3088 2078 
5711 2936 3085 1976 
5712 26 2986 27 
5713 2289 3198 3182 
5714 3182 3198 2119 
5715 2008 4213 2817 
5716 147 3006 146 
5717 2650 3089 2076 
5718 1749 3871 3366 
5719 3267 4294 2155 
5720 202 3009 201 
5721 2278 3686 2828 
5722 3611 4410 2147 
5723 2925 4042 2157 
5724 2851 4179 2402 
5725 2852 4180 2403 
5726 1758 3883 3469 
5727 1752 3884 3468 
5728 2211 2653 1786 
5729 1882 3771 2950 
5730 3111 4033 1946 
5731 3029 4033 3111 
5732 3893 4355 2391 
5733 3894 4354 2390 
5734 2759 3313 2003 
5735 2003 3313 2918 
5736 2918 3313 2223 
5737 2004 3314 2761 
5738 2919 3314 2004 
5739 2222 3314 2919 
5740 123 3012 122 
5741 62 3013 61 
5742 2726 3561 2004 
5743 2236 3561 2726 
5744 3986 4310 2867 
5745 2866 4309 3985 
5746 2329 3528 3079 
5747 3079 3528 2032 
5748 1790 2891 2107 
5749 3285 3336 1817 
5750 3287 3338 1819 
5751 2734 3420 1846 
5752 2748 4163 116 
5753 2327 3589 3025 
5754 2137 3524 2890 
5755 1801 3016 2805 
5756 2872 4287 2628 
5757 2290 3567 3499 
5758 3719 3991 2394 
5759 2890 4352 74 
5760 2026 3427 2905 
5761 2095 3764 2992 
5762 2993 3763 2096 
5763 3090 4270 2321 
5764 2835 3185 2722 
5765 2813 3793 1949 
5766 2818 4229 2334 
5767 2151 3885 2762 
5768 2478 4261 4101 
5769 2748 3814 2269 
5770 2126 3144 2851 
5771 2127 3143 2852 
5772 2136 3500 2643 
5773 2740 3608 2169 
5774 3332 3653 2846 
5775 3246 4240 2937 
5776 2804 3483 2018 
5777 2132 3553 2825 
5778 3200 3798 2438 
5779 215 3228 2791 
5780 2039 3119 2885 
5781 2870 3025 2038 
5782 1775 4297 2910 
5783 1870 3360 2447 
5784 2822 3399 2216 
5785 2824 3400 2217 
5786 2008 4316 4213 
5787 2895 3888 2295 
5788 3542 3553 2476 
5789 1990 3933 3929 
5790 97 3023 96 
5791 3306 3674 2240 
5792 2384 3494 1790 
5793 1789 3479 2383 
5794 2753 3642 2208 
5795 2785 3279 1974 
5796 2706 4344 1997 
5797 2594 4354 3894 
5798 2595 4355 3893 
5799 2889 3635 1725 
5800 1980 4030 2949 
5801 1905 4176 2996 
5802 2720 4103 2522 
5803 3547 3800 2944 
5804 3418 3505 3417 
5805 2281 3505 3418 
5806 2484 3418 3417 
5807 2706 3620 192 
5808 1871 3364 2455 
5809 3795 4315 2460 
5810 2723 4039 2439 
5811 3631 4299 2624 
5812 2942 3104 144 
5813 1872 3369 2454 
5814 2426 3156 2971 
5815 2290 3523 3457 
5816 3457 3523 2446 
5817 158 3099 2948 
5818 2740 4152 135 
5819 3011 3177 2196 
5820 2260 4110 1774 
5821 2878 3552 2055 
5822 1733 3363 3116 
5823 1930 3553 3542 
5824 1776 4165 2124 
5825 2989 3087 2108 
5826 3023 4202 2377 
5827 2238 3722 3168 
5828 3123 4132 1860 
5829 3876 4431 1727 
5830 2073 4446 2888 
5831 2978 3421 2108 
5832 2500 3904 2465 
5833 2270 3167 2925 
5834 2377 4053 3023 
5835 1930 3948 2369 
5836 231 3911 2773 
5837 2955 4292 1883 
5838 3126 4207 1875 
5839 2570 2891 2400 
5840 2114 2976 2858 
5841 2752 3934 2143 
5842 2478 4101 3990 
5843 1820 3525 2957 
5844 3379 3536 2319 
5845 3624 4050 2449 
5846 3622 4048 2448 
5847 2286 3246 2874 
5848 2874 3246 2029 
5849 1782 4078 2346 
5850 3131 4089 1726 
5851 3870 4436 1730 
5852 2937 3230 2029 
5853 2143 3230 2937 
5854 3750 4302 2493 
5855 2134 3508 2642 
5856 2031 3557 2730 
5857 2894 4047 89 
5858 3108 3891 2132 
5859 3457 4254 3065 
5860 3849 4416 2690 
5861 2580 3722 2238 
5862 2021 4111 3069 
5863 81 3242 2828 
5864 1839 3474 2444 
5865 3002 3573 1886 
5866 3871 4362 2389 
5867 3106 3107 2222 
5868 2744 3107 3106 
5869 1998 3917 2894 
5870 2894 3917 2348 
5871 2143 4212 2752 
5872 2010 3103 2703 
5873 2912 3896 2009 
5874 2349 3896 2912 
5875 2937 4240 1881 
5876 21 3280 2 
5877 2183 4071 2721 
5878 3593 3627 2233 
5879 2896 3153 2457 
5880 2665 4077 3602 
5881 2051 3864 1784 
5882 3868 4221 2398 
5883 2241 3717 2712 
5884 2419 3901 3593 
5885 2985 4301 2504 
5886 2130 3731 2712 
5887 3140 3793 2046 
5888 171 3504 2820 
5889 2821 3503 237 
5890 2027 4120 2945 
5891 3263 3450 2463 
5892 2836 3391 2266 
5893 2871 3711 1759 
5894 3488 3489 2155 
5895 2456 3489 3488 
5896 2966 3828 2024 
5897 1833 3621 2729 
5898 2178 3715 3387 
5899 2137 3141 3134 
5900 3134 3141 2241 
5901 2402 3319 2851 
5902 2415 4371 2252 
5903 3118 4185 2424 
5904 2736 3695 2228 
5905 2630 3780 2138 
5906 3386 4062 1971 
5907 1836 3739 2714 
5908 2149 4075 3264 
5909 3006 3303 2538 
5910 2230 2858 2792 
5911 2074 4287 2872 
5912 2148 3104 2942 
5913 2266 3544 3260 
5914 2140 3128 3004 
5915 2775 4307 2381 
5916 1910 4307 2775 
5917 2382 4308 2776 
5918 2776 4308 1911 
5919 2715 3857 2261 
5920 2368 4310 3986 
5921 3985 4309 2367 
5922 3137 3697 3205 
5923 2948 3099 2149 
5924 2715 3927 2028 
5925 2262 3657 2720 
5926 2336 3196 3181 
5927 1810 4060 3095 
5928 2882 3184 1970 
5929 127 3049 126 
5930 3324 4049 1831 
5931 2621 4049 3324 
5932 2596 4362 3871 
5933 2716 3810 1822 
5934 2029 3230 2845 
5935 2248 3982 2782 
5936 195 3307 2789 
5937 2229 3626 2735 
5938 2348 3917 3096 
5939 2127 3546 3188 
5940 1755 3894 3671 
5941 1761 3893 3670 
5942 1922 3197 2700 
5943 2396 3918 2728 
5944 2286 4449 2827 
5945 1748 3566 2804 
5946 1760 3272 3217 
5947 3217 3272 2297 
5948 1754 3271 3216 
5949 3216 3271 2298 
5950 2680 3001 2158 
5951 1898 4418 3845 
5952 2831 3253 2063 
5953 3069 4111 2491 
5954 2726 3725 212 
5955 2228 4394 2736 
5956 2725 3753 1825 
5957 1840 3514 2445 
5958 2751 3320 2075 
5959 2126 3319 3018 
5960 2219 3348 2932 
5961 2932 3348 2009 
5962 2009 3348 2800 
5963 2753 3506 1856 
5964 2029 3246 2937 
5965 2806 3575 2045 
5966 2905 3988 2026 
5967 162 3997 2935 
5968 2886 3175 2103 
5969 3138 3364 1871 
5970 2935 3207 161 
5971 2744 2745 2605 
5972 2103 4249 2886 
5973 3121 3774 2045 
5974 2263 4460 3385 
5975 3139 3369 1872 
5976 3227 4434 2404 
5977 1838 3526 2443 
5978 2928 4032 2059 
5979 3602 4077 1826 
5980 2803 4146 246 
5981 2743 3592 1836 
5982 2186 3592 2743 
5983 3539 4327 1864 
5984 2755 3326 2077 
5985 2469 3480 2808 
5986 2566 3910 3825 
5987 2256 3668 3443 
5988 2205 3514 2790 
5989 2840 3560 2428 
5990 3581 4219 3580 
5991 120 4285 2782 
5992 2468 4352 2890 
5993 3445 3909 1884 
5994 1928 3260 3081 
5995 2813 3583 2046 
5996 2236 3607 3561 
5997 2405 3543 2915 
5998 1846 2869 2734 
5999 2250 4299 3450 
6000 2144 3772 2561 
6001 1917 3733 2494 
6002 3109 3896 2349 
6003 2172 2991 2307 
6004 1849 3803 3623 
6005 2758 3559 166 
6006 2820 3504 2210 
6007 2209 3503 2821 
6008 3135 3360 1870 
6009 2521 4163 2748 
6010 1989 3736 2547 
6011 2719 2885 1995 
6012 2314 4122 2758 
6013 2758 4122 1964 
6014 2206 3526 2794 
6015 2719 2778 2039 
6016 3353 4278 2432 
6017 2924 4133 2141 
6018 79 3686 2877 
6019 1784 3351 2273 
6020 2996 3946 1905 
6021 1729 3404 2695 
6022 2866 3985 174 
6023 234 3986 2867 
6024 3004 3128 1851 
6025 1732 3390 2698 
6026 3802 3906 2295 
6027 3343 3743 2380 
6028 2795 3914 106 
6029 3229 3273 1792 
6030 2297 3273 3229 
6031 1726 3441 2700 
6032 2741 3633 2171 
6033 2170 3630 2742 
6034 1743 3728 2509 
6035 2675 4092 2294 
6036 2676 4091 2293 
6037 3141 3806 1873 
6038 1739 3730 2508 
6039 248 3281 247 
6040 2290 3457 3350 
6041 2135 3303 3006 
6042 2949 3862 2621 
6043 2696 3406 1763 
6044 2939 3662 2216 
6045 2940 3664 2217 
6046 1862 4004 2800 
6047 2720 3932 2262 
6048 2463 3450 3262 
6049 2378 3883 2756 
6050 2379 3884 2757 
6051 3163 4328 39 
6052 2036 3993 2771 
6053 2979 3520 1956 
6054 2979 3289 2279 
6055 3020 3124 2167 
6056 2733 4380 2232 
6057 1922 3732 2495 
6058 2825 3553 1930 
6059 2732 3919 112 
6060 225 3920 2733 
6061 2752 3631 2213 
6062 2047 2995 2596 
6063 3329 3367 2682 
6064 3806 4342 1873 
6065 3232 3691 2432 
6066 2262 3691 3232 
6067 2818 3738 2212 
6068 3170 3812 2674 
6069 3039 4162 2081 
6070 2831 4038 130 
6071 216 3842 3228 
6072 2740 3652 2322 
6073 2768 3625 1805 
6074 2183 3207 2935 
6075 3325 3365 2685 
6076 118 3558 117 
6077 2255 3342 3042 
6078 3499 4454 1877 
6079 1778 3535 2771 
6080 3056 3085 2182 
6081 2253 3341 3041 
6082 3148 4047 2348 
6083 2188 3136 3048 
6084 3048 3136 1977 
6085 2467 3750 2059 
6086 1996 4408 2873 
6087 1856 3900 2753 
6088 2753 3900 2325 
6089 2476 4099 3542 
6090 42 3881 43 
6091 2204 3533 3161 
6092 3066 3297 2129 
6093 3405 3476 2181 
6094 1821 3476 3405 
6095 2600 3941 2802 
6096 2045 3041 2490 
6097 2199 3864 2805 
6098 1791 3650 2375 
6099 2046 3042 2492 
6100 2718 3334 1749 
6101 1952 3774 2303 
6102 3270 4308 2382 
6103 4088 4420 2617 
6104 2773 4209 231 
6105 2238 4436 2580 
6106 3133 3748 1857 
6107 2905 4058 2144 
6108 2220 4450 2763 
6109 2971 3156 2113 
6110 1853 3083 2778 
6111 3003 4340 3997 
6112 2322 4152 2740 
6113 2366 3222 2935 
6114 2935 3222 2183 
6115 2257 3692 2846 
6116 2846 3692 1935 
6117 2233 3627 2681 
6118 2591 4029 3764 
6119 2480 3732 2060 
6120 1770 4271 3839 
6121 1865 4415 3654 
6122 2942 3517 2148 
6123 1781 3934 2752 
6124 116 3814 2748 
6125 1964 4134 2758 
6126 3676 4150 2815 
6127 2873 3737 1996 
6128 2467 4302 3750 
6129 2481 3733 2061 
6130 2107 3035 2771 
6131 2643 3367 2136 
6132 2104 3340 2844 
6133 2245 3355 2839 
6134 2202 4116 3301 
6135 1949 3793 2308 
6136 2642 3365 2134 
6137 2185 3587 3586 
6138 2938 4029 2591 
6139 2007 3021 2779 
6140 2910 4297 4059 
6141 2818 4363 181 
6142 2377 4202 3374 
6143 3202 3544 1929 
6144 3210 4109 2385 
6145 2826 4372 2336 
6146 2039 2885 2719 
6147 1837 3359 2838 
6148 2611 4327 3539 
6149 2325 4055 2753 
6150 2123 4067 1775 
6151 2145 3742 3344 
6152 2973 4438 2282 
6153 2853 3466 2120 
6154 203 3996 2762 
6155 2412 4293 3954 
6156 2458 4250 3726 
6157 2020 3373 2837 
6158 2944 3373 2020 
6159 2215 3373 2944 
6160 2054 3976 2763 
6161 2113 4401 2971 
6162 2433 3530 3102 
6163 2242 4431 2588 
6164 2337 3065 1783 
6165 2095 3898 2759 
6166 1847 3899 2761 
6167 1810 3095 3094 
6168 216 3228 215 
6169 2461 3692 3281 
6170 3281 3692 2257 
6171 2578 3935 3145 
6172 1964 4122 2775 
6173 3034 3747 2312 
6174 2121 3395 2911 
6175 3177 4053 2377 
6176 1967 3744 2765 
6177 236 3503 2863 
6178 2864 3504 172 
6179 1763 3406 3370 
6180 2057 3026 2594 
6181 2299 3549 3535 
6182 2056 3027 2595 
6183 3312 3794 2722 
6184 159 3099 158 
6185 2149 3507 2948 
6186 2935 3997 2366 
6187 2471 4304 3886 
6188 2679 3363 1733 
6189 2413 2946 2781 
6190 2055 3921 2878 
6191 2122 3278 1788 
6192 2903 3477 2082 
6193 2111 3560 2605 
6194 1763 3809 2535 
6195 2032 3759 3079 
6196 3552 4190 2542 
6197 89 4047 88 
6198 144 3104 143 
6199 2471 3886 3308 
6200 2767 4428 2298 
6201 2477 4044 3288 
6202 2164 3274 3271 
6203 3271 3274 2298 
6204 2165 3273 3272 
6205 3272 3273 2297 
6206 3120 4141 3164 
6207 2758 4020 2314 
6208 3134 3524 2137 
6209 1789 3467 2847 
6210 2604 4068 2047 
6211 2102 4266 3138 
6212 2280 3766 2978 
6213 2459 3574 1800 
6214 2189 3317 2876 
6215 3456 4292 2955 
6216 2109 4256 3139 
6217 2516 3930 3672 
6218 2218 3612 3225 
6219 2402 4179 2958 
6220 2403 4180 2959 
6221 3473 3559 2376 
6222 2535 3809 3357 
6223 3088 3682 1893 
6224 2857 4407 133 
6225 3089 3683 1892 
6226 199 3154 8 
6227 2803 3804 2257 
6228 129 3110 128 
6229 1867 3937 3019 
6230 3213 3573 2299 
6231 1809 4358 2796 
6232 2842 3456 2053 
6233 2351 3456 2842 
6234 3431 3492 1798 
6235 1867 4250 3193 
6236 2771 4397 1778 
6237 2338 4012 2880 
6238 2880 4012 1969 
6239 3345 3811 2989 
6240 1800 4325 3355 
6241 3362 3366 2583 
6242 3100 3535 1778 
6243 2299 3535 3100 
6244 2771 3993 2107 
6245 196 3307 195 
6246 1865 3767 2829 
6247 2353 4435 2516 
6248 3484 3856 2539 
6249 1971 3856 3484 
6250 2607 4105 4104 
6251 3733 4256 2494 
6252 2911 3251 2121 
6253 2442 4244 2967 
6254 2967 4244 2079 
6255 2672 4398 3059 
6256 3141 3190 2241 
6257 1873 3190 3141 
6258 3006 3680 2135 
6259 2141 4387 2922 
6260 2970 4220 2414 
6261 3171 3826 1899 
6262 2420 3826 3171 
6263 2326 3527 3054 
6264 3054 3527 2031 
6265 2142 3431 2845 
6266 2127 3188 3019 
6267 3672 3801 2516 
6268 2272 3241 2921 
6269 2796 3601 1770 
6270 2645 4171 3068 
6271 106 4230 2795 
6272 2898 4097 2060 
6273 2814 2988 1808 
6274 3260 3544 2243 
6275 2307 3649 2172 
6276 1866 3488 3166 
6277 2961 3594 2169 
6278 2125 4320 1779 
6279 2558 3615 2051 
6280 2210 3504 2864 
6281 2863 3503 2209 
6282 82 3242 81 
6283 2941 3685 2302 
6284 1794 3685 2941 
6285 1779 3520 2823 
6286 2380 4276 3343 
6287 2766 4231 2118 
6288 2899 4096 2061 
6289 2237 3530 3081 
6290 220 3232 219 
6291 2871 2960 2037 
6292 246 3804 2803 
6293 3344 3742 2550 
6294 2797 3799 1886 
6295 2798 3798 1887 
6296 2239 3173 3151 
6297 3151 3173 1979 
6298 2616 4060 1810 
6299 2820 3550 2071 
6300 2210 3550 2820 
6301 2821 3551 2209 
6302 2072 3551 2821 
6303 3299 4271 1770 
6304 2124 4165 2634 
6305 3283 3679 1909 
6306 3202 3775 2575 
6307 1851 4376 2788 
6308 3051 4240 2286 
6309 1726 3869 3131 
6310 3138 4266 2480 
6311 2649 4271 3299 
6312 2646 2743 1963 
6313 1792 3769 2417 
6314 2998 4069 1768 
6315 2837 4417 1826 
6316 2364 3689 2773 
6317 2651 4374 3634 
6318 2570 3114 2891 
6319 3139 4256 2481 
6320 2114 3980 2972 
6321 2404 4257 1766 
6322 2405 4258 1767 
6323 1751 3226 3140 
6324 2832 4073 2049 
6325 3428 3429 1892 
6326 2419 3593 2233 
6327 2159 3445 2954 
6328 2495 4267 3639 
6329 2606 3606 2118 
6330 1757 3237 3121 
6331 2212 3510 2818 
6332 2041 4314 2819 
6333 3732 4266 2495 
6334 3424 3425 1893 
6335 2647 4375 3638 
6336 2465 2560 2500 
6337 2603 3618 2115 
6338 2990 4434 3227 
6339 3075 3163 2094 
6340 2563 4424 3841 
6341 2564 4425 3840 
6342 2634 3371 2124 
6343 3329 3853 2136 
6344 2139 3796 3331 
6345 3232 3922 219 
6346 187 3143 186 
6347 51 3144 50 
6348 3416 3505 2281 
6349 2682 3367 1731 
6350 2874 4449 2286 
6351 3081 3530 1928 
6352 2401 3444 3021 
6353 244 3146 243 
6354 2099 3244 3148 
6355 2685 3365 1728 
6356 2782 3982 120 
6357 2911 3395 65 
6358 2494 4268 3669 
6359 1729 3214 2701 
6360 2938 4109 70 
6361 1794 3715 2854 
6362 2214 4038 2831 
6363 1733 4173 2679 
6364 2346 2834 2307 
6365 2949 4030 2334 
6366 3094 4085 1810 
6367 30 3050 3 
6368 1841 3532 3041 
6369 1786 3413 2211 
6370 2575 3775 2369 
6371 1842 3533 3042 
6372 2893 4323 2604 
6373 2829 4348 1865 
6374 2992 4352 2468 
6375 2469 4353 2993 
6376 1869 4133 2924 
6377 2583 3871 3795 
6378 1986 3847 3291 
6379 1855 3312 3062 
6380 1987 3848 3290 
6381 2837 4077 2170 
6382 4159 4164 3153 
6383 3372 3528 2328 
6384 2171 4076 2838 
6385 2456 4159 3153 
6386 3204 4293 2412 
6387 2772 4060 2116 
6388 2308 3793 3140 
6389 2089 3231 2760 
6390 2887 3710 1997 
6391 2773 3911 2364 
6392 3099 4064 2393 
6393 2147 4410 2904 
6394 2904 4410 2406 
6395 3230 3934 2845 
6396 2680 3688 2144 
6397 3142 4249 2103 
6398 177 3304 176 
6399 3009 3311 2574 
6400 2643 3500 3022 
6401 2958 4179 53 
6402 2959 4180 189 
6403 3118 3845 2423 
6404 2422 3845 3118 
6405 3191 3538 2212 
6406 2462 3538 3191 
6407 2148 3517 3080 
6408 2028 3927 2981 
6409 2228 3233 3018 
6410 2782 3752 2248 
6411 2795 3675 2371 
6412 2811 3697 2213 
6413 2793 3836 2201 
6414 2084 3194 2746 
6415 2181 4198 3405 
6416 4138 4332 2586 
6417 4137 4331 2585 
6418 2679 3929 2247 
6419 112 3919 111 
6420 2281 4388 3416 
6421 226 3920 225 
6422 92 4220 2970 
6423 2784 4348 2829 
6424 3071 3507 2149 
6425 3041 3532 2490 
6426 2074 3668 3040 
6427 3042 3533 2492 
6428 2347 3715 2941 
6429 1795 3560 2840 
6430 3001 4009 2311 
6431 1756 4009 3001 
6432 2796 3839 2111 
6433 2178 3941 2600 
6434 1822 3810 3354 
6435 3354 3810 2505 
6436 3078 3159 2093 
6437 1765 4023 3102 
6438 3102 4023 2433 
6439 3069 3923 2370 
6440 1918 3923 3069 
6441 2800 4004 2135 
6442 181 3738 2818 
6443 3780 3912 2138 
6444 1756 4058 2905 
6445 2808 4162 207 
6446 165 3473 164 
6447 4128 4289 1804 
6448 3062 3312 2722 
6449 2059 4409 2928 
6450 2546 3853 3329 
6451 4129 4290 1803 
6452 3803 3835 2417 
6453 1732 3248 2699 
6454 2429 2430 2091 
6455 1956 3289 2979 
6456 3174 3951 2310 
6457 3178 3955 2309 
6458 2845 4306 2029 
6459 2336 3262 3196 
6460 1949 4035 2813 
6461 1952 4036 2806 
6462 2117 4003 2926 
6463 1985 3872 3339 
6464 105 3565 104 
6465 3066 3299 2503 
6466 1916 3194 2698 
6467 3325 3881 2134 
6468 95 3177 94 
6469 3461 4248 1834 
6470 2146 4001 3017 
6471 3035 3114 1832 
6472 18 3853 19 
6473 2038 4379 3045 
6474 2324 3278 2122 
6475 73 4352 2992 
6476 2993 4353 209 
6477 2130 3449 2802 
6478 2802 3449 1844 
6479 2271 3390 3389 
6480 2037 4378 3046 
6481 3331 3796 2546 
6482 3025 3589 1890 
6483 2722 3641 3062 
6484 233 3610 232 
6485 2526 4042 4027 
6486 3639 4267 1727 
6487 2433 4136 3530 
6488 2052 3860 2392 
6489 3228 3842 2410 
6490 2861 3752 1924 
6491 2248 3752 2861 
6492 2321 3632 3162 
6493 3162 3632 2860 
6494 2841 3866 3147 
6495 2927 4273 2151 
6496 3476 3969 2578 
6497 1821 3969 3476 
6498 2819 4314 2991 
6499 2812 3759 2032 
6500 3669 4268 1730 
6501 2833 4117 2372 
6502 2372 4326 2833 
6503 2833 4326 1852 
6504 2151 3311 3009 
6505 2404 2952 1999 
6506 2405 2953 2000 
6507 1746 4400 3202 
6508 1954 4190 3552 
6509 3081 3260 2243 
6510 3997 4340 2366 
6511 2303 3774 3121 
6512 3003 3997 163 
6513 1903 3325 2685 
6514 1817 3336 3335 
6515 1819 3338 3337 
6516 3012 3908 122 
6517 123 3907 3012 
6518 2571 4257 3063 
6519 2572 4258 3064 
6520 2369 3496 1930 
6521 2060 4349 2898 
6522 2780 4030 1980 
6523 1902 3329 2682 
6524 2211 3413 2436 
6525 2668 4037 3300 
6526 2384 3289 1956 
6527 2094 3534 2777 
6528 2751 4010 2205 
6529 2344 3646 2323 
6530 2192 3646 2344 
6531 2755 4014 2206 
6532 3701 4030 2780 
6533 2934 3397 2496 
6534 1772 3387 2929 
6535 2280 4456 3087 
6536 3256 4401 2113 
6537 2840 4139 2256 
6538 4048 4217 2448 
6539 4050 4218 2449 
6540 2061 4357 2899 
6541 176 3721 175 
6542 2403 3546 2852 
6543 2050 2702 2283 
6544 1938 3966 2892 
6545 2699 3331 1902 
6546 3560 3839 2428 
6547 2371 3914 2795 
6548 2216 3511 2939 
6549 2862 3595 2363 
6550 2784 3595 2862 
6551 2217 3512 2940 
6552 2169 3594 3090 
6553 3147 3980 2114 
6554 1997 4344 2887 
6555 2264 3441 3440 
6556 3137 3205 2035 
6557 2701 3344 1903 
6558 2265 3404 3403 
6559 56 3572 55 
6560 2898 3755 1744 
6561 2899 3756 1740 
6562 2862 4348 2784 
6563 2142 3645 2924 
6564 3009 3885 2151 
6565 3690 4312 2518 
6566 2680 4058 3001 
6567 2682 3326 1902 
6568 1917 3231 2695 
6569 3837 3905 2374 
6570 3011 3283 2414 
6571 2115 3801 3672 
6572 2363 4422 2862 
6573 2196 3283 3011 
6574 2849 4369 2284 
6575 2550 3881 3325 
6576 126 3617 125 
6577 1861 3931 3521 
6578 3521 3931 2622 
6579 2829 3767 2166 
6580 2133 3891 3108 
6581 2481 4256 3733 
6582 2642 3508 3055 
6583 2846 3653 2257 
6584 2434 4405 3699 
6585 2110 4302 3135 
6586 2685 3320 1903 
6587 2589 3912 3780 
6588 2768 4343 3279 
6589 3193 3937 1867 
6590 1806 4277 3462 
6591 1807 4274 3465 
6592 3023 4053 96 
6593 2082 3477 3052 
6594 161 3207 160 
6595 103 4260 102 
6596 2024 3828 2791 
6597 2823 3902 2067 
6598 3037 3506 2208 
6599 2138 3050 3047 
6600 3607 3828 2966 
6601 2193 4050 3624 
6602 2194 4048 3622 
6603 2676 3462 1943 
6604 148 3680 147 
6605 2479 4087 3093 
6606 2841 3757 2450 
6607 2575 3948 2779 
6608 2903 4252 2380 
6609 1962 4252 2903 
6610 2823 3942 1779 
6611 3076 4426 169 
6612 239 4427 3077 
6613 2842 3693 141 
6614 2480 4266 3732 
6615 3857 4445 2525 
6616 136 3608 135 
6617 2711 3380 1908 
6618 2266 3628 3310 
6619 2675 3465 1944 
6620 1781 4324 2845 
6621 2845 4324 2142 
6622 2950 4318 3627 
6623 3670 4088 2617 
6624 2088 4088 3670 
6625 3380 3780 1908 
6626 4183 4346 2363 
6627 2423 4346 4183 
6628 199 3277 3154 
6629 1848 3580 2873 
6630 2169 3608 2961 
6631 133 3724 2857 
6632 2861 3661 2248 
6633 211 3763 210 
6634 72 3764 71 
6635 2931 3464 2276 
6636 3018 3319 1906 
6637 139 3225 138 
6638 2360 3791 2835 
6639 2835 3794 1945 
6640 2713 3357 2190 
6641 3357 3809 2190 
6642 3706 3707 3705 
6643 91 3825 90 
6644 2062 4202 3023 
6645 6 3766 2930 
6646 191 3840 190 
6647 55 3841 54 
6648 1993 3644 3398 
6649 1778 3805 3100 
6650 3260 3628 2266 
6651 3376 3973 1835 
6652 2537 3973 3376 
6653 3377 3972 2536 
6654 1830 3972 3377 
6655 2334 4363 2818 
6656 2534 4379 2038 
6657 2533 4378 2037 
6658 2867 3610 233 
6659 2033 4305 2927 
6660 1762 3983 2982 
6661 3510 4229 2818 
6662 2593 4407 2857 
6663 2067 4085 3094 
6664 3020 3332 2168 
6665 3161 3423 2128 
6666 2063 4396 2868 
6667 2928 3807 1736 
6668 104 3565 2875 
6669 2930 4347 6 
6670 1873 4342 2969 
6671 218 3234 217 
6672 1849 4051 2962 
6673 1943 3462 3091 
6674 2757 3884 3844 
6675 2756 3883 3843 
6676 2954 3445 1884 
6677 2969 4291 1873 
6678 2760 3157 2093 
6679 203 3885 202 
6680 1944 3465 3092 
6681 2254 4028 3342 
6682 2416 4311 4199 
6683 1971 4062 3856 
6684 2822 4128 1804 
6685 2824 4129 1803 
6686 3082 3499 2482 
6687 2977 3822 2090 
6688 40 3055 41 
6689 3107 3704 2222 
6690 3291 4321 1986 
6691 3290 4322 1987 
6692 2427 4338 4306 
6693 3070 3809 1763 
6694 2890 3524 2468 
6695 3387 3715 2347 
6696 2053 3456 2955 
6697 3005 3315 2221 
6698 3447 3515 2300 
6699 2174 3562 2892 
6700 26 4208 2986 
6701 2570 4248 3461 
6702 2432 3922 3232 
6703 2148 4022 3104 
6704 70 4109 69 
6705 3036 3328 2189 
6706 3011 4220 93 
6707 98 3965 97 
6708 3154 3277 2259 
6709 1824 3890 3361 
6710 3361 3890 2491 
6711 1812 4231 3187 
6712 3154 4090 8 
6713 141 3693 140 
6714 2653 3101 2287 
6715 3416 4388 1868 
6716 198 3247 197 
6717 3130 3979 1983 
6718 2411 3979 3130 
6719 61 4140 60 
6720 1826 4077 2837 
6721 2285 4093 2998 
6722 2838 4076 1837 
6723 1727 4142 2678 
6724 2435 3577 3576 
6725 3576 3577 2987 
6726 3161 3663 2204 
6727 2260 3976 2054 
6728 2756 3843 2252 
6729 3110 3485 2637 
6730 3136 4121 1977 
6731 2470 4121 3136 
6732 1780 3916 3224 
6733 2757 3844 2254 
6734 2337 2983 2175 
6735 2849 4211 1769 
6736 3442 4241 2361 
6737 2839 3960 2330 
6738 212 3725 211 
6739 197 3819 196 
6740 3446 4040 2187 
6741 3727 4149 2194 
6742 2915 2953 2405 
6743 3091 3462 2386 
6744 100 3421 2978 
6745 2150 3708 2589 
6746 2010 3014 2705 
6747 3061 3062 2246 
6748 3092 3465 2388 
6749 3263 3495 2250 
6750 1881 4240 3051 
6751 1849 3623 2887 
6752 3957 4104 1802 
6753 3001 3002 2158 
6754 2760 3309 2089 
6755 2645 3068 2207 
6756 3135 4302 2467 
6757 2844 4423 2274 
6758 5 3863 248 
6759 184 3865 183 
6760 2227 3416 3415 
6761 3304 3719 2394 
6762 2335 3719 3304 
6763 2330 3960 2483 
6764 2483 3960 2244 
6765 3166 3233 1866 
6766 140 3889 139 
6767 3168 3722 1988 
6768 2777 3292 2098 
6769 49 3267 5 
6770 185 3268 184 
6771 2004 3561 2919 
6772 3671 3894 2797 
6773 3670 3893 2798 
6774 116 4163 115 
6775 2228 3402 3233 
6776 125 3974 124 
6777 2196 3374 3044 
6778 2857 3724 2322 
6779 3102 3530 2237 
6780 192 3620 191 
6781 130 4038 129 
6782 245 3990 244 
6783 1924 4295 2931 
6784 2931 4295 2395 
6785 2777 3115 2094 
6786 3034 3875 77 
6787 206 4162 3039 
6788 2018 4313 2849 
6789 2105 3269 3112 
6790 2106 3270 3113 
6791 2962 3482 1849 
6792 2201 3482 2962 
6793 175 3721 2866 
6794 2850 4044 2019 
6795 241 4178 240 
6796 246 4146 245 
6797 200 3277 199 
6798 1927 3827 3223 
6799 3223 3827 2398 
6800 2098 3197 2777 
6801 2367 3734 2864 
6802 2863 3735 2368 
6803 2177 3880 3762 
6804 3762 3880 2635 
6805 2430 3035 1832 
6806 232 3911 231 
6807 16 3022 17 
6808 4114 4241 3442 
6809 3329 3331 2546 
6810 2414 4220 3011 
6811 2493 3529 1916 
6812 1919 4001 3939 
6813 3044 3374 1880 
6814 3004 3458 2140 
6815 1910 3820 3254 
6816 3254 3820 2451 
6817 2452 3821 3255 
6818 3255 3821 1911 
6819 222 4103 221 
6820 2968 3486 1874 
6821 2397 4021 3868 
6822 2044 4046 2913 
6823 2807 3727 3622 
6824 1970 3915 2882 
6825 1730 4135 2689 
6826 2908 3629 2176 
6827 2783 4359 2541 
6828 2276 4413 2861 
6829 2947 3882 2191 
6830 2810 3723 3624 
6831 24 4439 25 
6832 3039 3888 206 
6833 3325 3344 2550 
6834 2538 3517 2942 
6835 2197 3916 2705 
6836 2197 3957 3010 
6837 2237 3765 2827 
6838 3623 3770 2226 
6839 2191 3617 3049 
6840 3252 3866 1735 
6841 2994 3480 1926 
6842 65 3395 64 
6843 3132 3921 2055 
6844 60 3368 59 
6845 1883 4292 3245 
6846 3723 4177 2193 
6847 133 4407 132 
6848 3069 3687 1918 
6849 2491 3687 3069 
6850 2020 3547 2944 
6851 2268 3432 3098 
6852 3705 3707 2223 
6853 2951 3900 1856 
6854 2948 3507 2551 
6855 1875 3676 2975 
6856 3484 4199 2519 
6857 2898 4349 2264 
6858 3104 3963 143 
6859 3253 4396 2063 
6860 1744 3755 2514 
6861 1740 3756 2515 
6862 2558 3779 3778 
6863 4222 4285 2408 
6864 1775 3773 2123 
6865 159 4064 3099 
6866 156 3306 155 
6867 3236 3864 2199 
6868 2782 4285 4222 
6869 3339 4315 1985 
6870 2476 3554 1725 
6871 2932 3619 2219 
6872 48 3478 1 
6873 2040 4078 3083 
6874 3181 4459 2336 
6875 2362 4235 3036 
6876 2378 3789 2628 
6877 2379 3790 2629 
6878 2529 4382 3144 
6879 2530 4383 3143 
6880 2312 3875 3034 
6881 2899 4357 2265 
6882 105 3914 3565 
6883 2869 3451 2131 
6884 1846 3451 2869 
6885 1863 3619 2932 
6886 2581 3594 2961 
6887 2914 4046 2044 
6888 2504 3663 2985 
6889 121 4285 120 
6890 2232 4380 2951 
6891 2632 4320 2125 
6892 3349 4150 1875 
6893 2918 4376 1851 
6894 164 3473 3003 
6895 2466 4090 3154 
6896 3928 4408 2224 
6897 3399 3511 2216 
6898 3127 3971 3707 
6899 3400 3512 2217 
6900 2920 3654 2066 
6901 1736 3807 2513 
6902 2294 3761 2568 
6903 1808 2988 2987 
6904 2957 4110 3609 
6905 2669 3588 3586 
6906 3586 3588 2185 
6907 2238 3159 3078 
6908 3086 3358 2245 
6909 2459 3358 3086 
6910 207 4162 206 
6911 1882 3627 3593 
6912 2873 4408 3928 
6913 2648 4099 2476 
6914 1889 3652 3346 
6915 2000 3338 2507 
6916 1999 3336 2506 
6917 3580 4219 2225 
6918 1764 3694 3015 
6919 2593 4396 3253 
6920 3610 3911 232 
6921 2242 3163 3075 
6922 2928 4409 2271 
6923 102 4260 3992 
6924 2098 3869 3197 
6925 2234 4051 2887 
6926 2671 3592 3591 
6927 3591 3592 2186 
6928 2746 3414 2084 
6929 3131 3172 2150 
6930 2262 3932 2876 
6931 2194 4149 3673 
6932 2198 4086 2974 
6933 181 4363 180 
6934 2893 4460 4419 
6935 2097 3430 2746 
6936 3826 4458 2607 
6937 3499 3523 2290 
6938 23 3430 24 
6939 3201 3261 1887 
6940 1852 3867 2307 
6941 1818 3218 2953 
6942 2944 3824 2215 
6943 106 3914 105 
6944 2424 3327 3118 
6945 2873 3928 1848 
6946 2966 4284 1854 
6947 3361 4111 2799 
6948 1994 3606 2606 
6949 3196 4212 2143 
6950 2471 4124 3173 
6951 3173 4124 1979 
6952 2489 4400 1746 
6953 1886 3573 3213 
6954 89 3910 2894 
6955 2929 4070 2073 
6956 1920 3536 3379 
6957 1992 3618 2603 
6958 2876 3932 1947 
6959 221 3657 220 
6960 2305 3741 3714 
6961 3078 4436 2238 
6962 2385 3938 3128 
6963 1900 4013 3495 
6964 2933 3668 2074 
6965 20 3796 21 
6966 206 3888 205 
6967 2995 4362 2596 
6968 2921 4281 2154 
6969 2562 4466 2878 
6970 3143 4383 186 
6971 3144 4382 50 
6972 2962 3598 2023 
6973 3068 4171 1963 
6974 3031 3993 2036 
6975 2448 4063 3622 
6976 3305 3447 2300 
6977 1993 3398 2616 
6978 1859 3556 3555 
6979 2306 3749 2909 
6980 3219 3550 2687 
6981 2688 3551 3220 
6982 1769 4031 3184 
6983 3097 3806 2137 
6984 2312 3806 3097 
6985 2449 4061 3624 
6986 2282 3926 2880 
6987 2961 3608 136 
6988 98 4347 3965 
6989 1854 3607 2966 
6990 2869 3438 1968 
6991 2927 3718 1859 
6992 2793 3837 3836 
6993 3040 3668 2256 
6994 2887 4344 2234 
6995 2295 3906 2895 
6996 2895 3906 2033 
6997 3336 3393 3335 
6998 3338 3394 3337 
6999 2888 4446 2629 
7000 2098 3172 3131 
7001 1828 3823 2946 
7002 2193 4177 3678 
7003 3635 4316 2008 
7004 3086 3498 2459 
7005 2574 3987 3277 
7006 2286 4166 3051 
7007 245 4146 3990 
7008 4027 4094 2526 
7009 1937 3507 3071 
7010 2628 3883 2378 
7011 2875 4260 103 
7012 2629 3884 2379 
7013 1877 3523 3499 
7014 3075 4431 2242 
7015 1824 2527 2344 
7016 135 4152 134 
7017 2934 3741 1748 
7018 2132 3554 3553 
7019 2140 3302 3210 
7020 1974 3613 3024 
7021 1934 4261 3653 
7022 2011 3743 3343 
7023 2698 3194 3117 
7024 4099 4368 2007 
7025 95 4053 3177 
7026 2187 4040 3328 
7027 2139 3331 3248 
7028 2111 3839 3560 
7029 2892 4239 2318 
7030 3593 3901 2401 
7031 2228 3695 3007 
7032 2316 3033 2884 
7033 1967 3436 2802 
7034 2458 3726 3180 
7035 3180 3726 2914 
7036 2616 3688 1993 
7037 2317 3032 2883 
7038 3080 3517 1936 
7039 2886 4249 151 
7040 3332 4074 1934 
7041 2093 3478 2760 
7042 2215 4411 3060 
7043 22 3414 23 
7044 2372 3838 2909 
7045 2021 4356 2875 
7046 101 3421 100 
7047 2212 3738 3191 
7048 33 4463 34 
7049 1746 3240 2489 
7050 6 4347 98 
7051 1831 4049 2483 
7052 2483 4049 2330 
7053 3005 4450 2220 
7054 2892 3966 2174 
7055 3129 3214 1729 
7056 2829 3014 2010 
7057 2324 3605 3278 
7058 3278 3605 2192 
7059 3084 4455 2081 
7060 1994 3658 3606 
7061 2162 3662 2939 
7062 2163 3664 2940 
7063 2887 4051 1849 
7064 3131 3869 2098 
7065 2912 4005 7 
7066 2436 4370 1808 
7067 2900 3917 1998 
7068 3045 3698 2038 
7069 2586 3792 3074 
7070 3815 4335 3816 
7071 3816 4335 2501 
7072 3234 3842 217 
7073 2975 3676 2198 
7074 99 3766 6 
7075 2895 3996 204 
7076 14 4377 15 
7077 2093 3669 3078 
7078 3048 3601 2188 
7079 3049 3892 2191 
7080 2713 4003 2117 
7081 3389 4334 2271 
7082 2712 3717 3449 
7083 3449 3717 1844 
7084 3245 4292 4022 
7085 3339 3872 2447 
7086 3470 4067 2123 
7087 1956 2632 2384 
7088 2383 2634 1958 
7089 2145 3344 3214 
7090 3902 3988 2561 
7091 2998 4093 1814 
7092 2214 3485 3110 
7093 2310 3584 3174 
7094 3207 4064 160 
7095 2278 3684 3486 
7096 2974 3684 2030 
7097 2907 4165 1776 
7098 1958 4165 2907 
7099 3208 3422 2092 
7100 2484 3556 3418 
7101 2309 3585 3178 
7102 2877 3964 2048 
7103 3225 3889 2218 
7104 2412 3978 3204 
7105 3204 3978 1984 
7106 3488 4294 3166 
7107 1925 3524 3134 
7108 2596 4460 2047 
7109 2050 3467 3300 
7110 3300 3467 2292 
7111 2946 4458 2420 
7112 2413 4458 2946 
7113 2832 4214 4073 
7114 2916 3007 2990 
7115 2990 3007 1816 
7116 3543 3954 2044 
7117 2695 3231 3129 
7118 3026 4354 2594 
7119 3027 4355 2595 
7120 218 3922 3234 
7121 3180 3498 2458 
7122 3188 3546 1907 
7123 2972 3940 1748 
7124 2172 3515 3447 
7125 2903 4223 1962 
7126 2289 3603 3198 
7127 2002 4023 3215 
7128 2094 3639 3075 
7129 2380 4158 2903 
7130 2485 3436 1967 
7131 1968 3438 2486 
7132 3024 3613 2214 
7133 150 4072 149 
7134 1992 3643 3618 
7135 3018 4394 2228 
7136 1856 4006 2951 
7137 3297 4052 3690 
7138 2338 4390 3184 
7139 3149 3383 2115 
7140 3150 3384 2116 
7141 1946 4413 3111 
7142 3117 3248 1732 
7143 2956 3928 2224 
7144 2223 4376 2918 
7145 2770 3474 3440 
7146 2930 3766 2280 
7147 2981 4167 1812 
7148 2794 3526 3389 
7149 2174 3831 2983 
7150 2790 3514 3403 
7151 2369 3946 2996 
7152 3123 3851 2410 
7153 2922 4387 1884 
7154 2915 3543 2044 
7155 2486 3203 1968 
7156 2922 3909 2576 
7157 3152 3392 2118 
7158 3297 3532 1841 
7159 2811 4069 4045 
7160 2395 4442 2931 
7161 2918 3938 2003 
7162 2659 3511 3399 
7163 2658 3512 3400 
7164 3291 3847 2454 
7165 3290 3848 2455 
7166 1904 3498 3086 
7167 2913 2915 2044 
7168 1766 3949 3227 
7169 3227 3949 2411 
7170 3059 4417 2215 
7171 3074 3792 1878 
7172 2270 4196 2945 
7173 2388 4274 2999 
7174 2700 3869 1726 
7175 2969 3747 2048 
7176 2325 3797 3359 
7177 2022 3797 2951 
7178 44 3742 45 
7179 2579 4031 3611 
7180 3611 4031 1769 
7181 1846 3981 3451 
7182 3451 3981 2590 
7183 3235 3402 2916 
7184 1866 3402 3235 
7185 2386 4277 3000 
7186 1855 3824 2944 
7187 1734 4116 2950 
7188 3390 4409 2698 
7189 2348 4047 2894 
7190 3057 3655 1912 
7191 2536 3655 3057 
7192 1913 3656 3058 
7193 3058 3656 2537 
7194 3095 4060 2772 
7195 198 4090 3247 
7196 2009 3896 2932 
7197 2530 3937 3193 
7198 1750 3776 2967 
7199 2451 4426 3076 
7200 3077 4427 2452 
7201 2387 4386 3175 
7202 3577 3768 2436 
7203 2933 4429 1773 
7204 2326 3589 3527 
7205 3527 3589 2327 
7206 2329 3590 3528 
7207 3528 3590 2328 
7208 1947 4144 3036 
7209 3036 4144 2362 
7210 3028 4441 3915 
7211 70 4029 2938 
7212 3007 3695 1816 
7213 3407 3773 2527 
7214 3403 4336 2265 
7215 3206 4059 2365 
7216 2079 4059 3206 
7217 2180 3681 2904 
7218 1884 4057 3043 
7219 2459 3498 3180 
7220 25 4439 3401 
7221 3198 3603 1878 
7222 47 3309 48 
7223 2253 3429 3428 
7224 2256 4139 3040 
7225 2166 3767 3519 
7226 3519 3767 2608 
7227 1908 3780 2630 
7228 3015 3694 2199 
7229 1859 4273 2927 
7230 2125 3850 2743 
7231 2112 4278 3353 
7232 2417 3835 1991 
7233 1813 3681 2783 
7234 35 3292 36 
7235 2967 4461 2442 
7236 2996 3496 2369 
7237 147 3680 3006 
7238 3126 3830 2418 
7239 172 3504 171 
7240 237 3503 236 
7241 49 4382 3267 
7242 2034 3980 3147 
7243 185 4383 3268 
7244 3203 3443 1968 
7245 2037 3169 2871 
7246 1896 3862 2949 
7247 194 3509 193 
7248 2255 3425 3424 
7249 3123 4174 2112 
7250 2410 4174 3123 
7251 2143 3934 3230 
7252 3142 4072 150 
7253 2272 4167 2981 
7254 3799 4321 2437 
7255 3798 4322 2438 
7256 3238 4350 2756 
7257 3239 4351 2757 
7258 1923 3882 2947 
7259 3110 4038 2214 
7260 1829 4247 3396 
7261 3396 4247 2569 
7262 3406 4262 2666 
7263 2696 4262 3406 
7264 2273 2558 1784 
7265 3940 3980 2541 
7266 2788 3127 2301 
7267 3904 4197 1914 
7268 1786 4304 3413 
7269 2450 4432 4102 
7270 2949 4229 1896 
7271 2334 4229 2949 
7272 3049 3617 126 
7273 2320 3748 3017 
7274 2679 3453 3363 
7275 1934 3653 3332 
7276 3057 4309 2005 
7277 2006 4310 3058 
7278 2625 3992 3923 
7279 3530 4136 1928 
7280 214 3531 213 
7281 2030 3830 2975 
7282 41 3508 42 
7283 2989 3811 2313 
7284 2256 3443 3203 
7285 3233 3402 1866 
7286 3440 4333 2264 
7287 3082 4454 3499 
7288 2024 3851 2965 
7289 2235 3808 3084 
7290 1795 2744 2605 
7291 2980 3829 2041 
7292 3873 4295 2727 
7293 58 3540 57 
7294 2280 3952 2930 
7295 2023 3861 2963 
7296 2560 3578 2275 
7297 2177 2600 2599 
7298 2599 2600 1844 
7299 2180 4359 3681 
7300 2329 4429 2933 
7301 3580 3737 2873 
7302 3105 3873 2727 
7303 2198 4452 4451 
7304 1946 4228 3661 
7305 2177 2854 2600 
7306 2879 4008 1961 
7307 2274 3679 3044 
7308 2079 4244 4059 
7309 4059 4244 2910 
7310 17 3500 18 
7311 3169 3711 2871 
7312 2486 3704 3107 
7313 210 3763 2993 
7314 2992 3764 72 
7315 32 3708 33 
7316 2235 3981 3419 
7317 2753 4055 3642 
7318 2540 4347 2930 
7319 2945 4196 1811 
7320 3563 3982 2248 
7321 2847 3924 2569 
7322 2100 3393 2952 
7323 4 4464 40 
7324 4045 4069 2331 
7325 2777 3534 3292 
7326 3121 4374 1757 
7327 54 3841 2958 
7328 190 3840 2959 
7329 3021 3771 1882 
7330 3356 4416 2147 
7331 2970 3825 91 
7332 2941 4062 2347 
7333 2161 3779 3521 
7334 3157 3669 2093 
7335 4207 4405 2434 
7336 166 3559 165 
7337 240 4178 3637 
7338 3090 3594 1940 
7339 2967 4011 1750 
7340 2054 3886 2287 
7341 247 3804 246 
7342 3967 4111 2021 
7343 2799 4111 3967 
7344 3555 4273 1859 
7345 2636 4273 3555 
7346 2588 3736 2242 
7347 1774 3976 2260 
7348 2977 3265 1827 
7349 2090 3265 2977 
7350 3342 4028 1842 
7351 3377 4194 2787 
7352 2786 4195 3376 
7353 114 3568 113 
7354 224 3569 223 
7355 2801 3293 2110 
7356 2951 4006 2232 
7357 2299 3573 3549 
7358 3549 3573 2311 
7359 3202 4400 2243 
7360 3388 3537 2373 
7361 2951 4380 2022 
7362 2692 2693 1798 
7363 39 4328 4 
7364 1838 4035 3392 
7365 2514 4333 3149 
7366 2515 4336 3150 
7367 1919 3939 3490 
7368 3961 4390 2338 
7369 2612 4080 1743 
7370 3036 4235 3328 
7371 3622 4063 1742 
7372 2613 4081 1739 
7373 1808 4370 3347 
7374 3624 4061 1738 
7375 2952 3322 2100 
7376 1816 3322 2952 
7377 2923 3492 2142 
7378 1840 4036 3384 
7379 3140 4375 1751 
7380 1787 3158 3068 
7381 1727 4267 4142 
7382 1839 4201 3383 
7383 2123 3587 3470 
7384 2083 4027 2982 
7385 2391 4322 3798 
7386 2390 4321 3799 
7387 2058 3812 3170 
7388 2078 3665 3584 
7389 3487 3987 1938 
7390 3124 3125 2167 
7391 1862 3616 3516 
7392 2136 3367 3329 
7393 2086 4438 2973 
7394 2323 3890 2344 
7395 2344 3890 1824 
7396 2567 3698 1982 
7397 3923 3992 2370 
7398 3072 3829 2289 
7399 2041 3829 3072 
7400 2494 3669 3157 
7401 2076 3660 3585 
7402 2134 3365 3325 
7403 151 4249 150 
7404 3115 3639 2094 
7405 2926 3775 1929 
7406 3487 3490 2259 
7407 2318 3490 3487 
7408 3335 3393 2100 
7409 3337 3394 2101 
7410 2395 4295 3873 
7411 2365 4193 3206 
7412 2385 4109 2938 
7413 3167 4120 2668 
7414 2286 4240 3246 
7415 82 4265 3242 
7416 3520 4320 1956 
7417 2277 3696 2465 
7418 2216 4128 2822 
7419 2217 4129 2824 
7420 2269 3814 3558 
7421 2735 3626 3323 
7422 3323 3626 1907 
7423 3373 4417 2837 
7424 2243 4017 3081 
7425 2971 4401 84 
7426 3054 3744 1772 
7427 2332 3548 3460 
7428 2972 2976 2114 
7429 2173 2346 2307 
7430 2756 4350 2378 
7431 2757 4351 2379 
7432 1804 3294 2883 
7433 1982 3698 3045 
7434 1803 3295 2884 
7435 2569 3924 2105 
7436 1791 4148 2506 
7437 1792 4147 2507 
7438 2301 3447 3305 
7439 36 3534 37 
7440 2187 4235 3037 
7441 3037 4235 2362 
7442 3116 3529 2493 
7443 3251 3838 2121 
7444 2097 3529 3116 
7445 2331 4069 2998 
7446 3470 3926 2282 
7447 4102 4432 2801 
7448 3368 4192 59 
7449 3133 3861 2431 
7450 4213 4316 2749 
7451 2974 4086 1874 
7452 2203 3634 3532 
7453 3957 4276 3010 
7454 2439 4039 3321 
7455 3321 4039 2453 
7456 2683 3275 1742 
7457 4182 4236 1753 
7458 3000 4048 2194 
7459 2684 3276 1738 
7460 2176 4291 2969 
7461 2999 4050 2193 
7462 2200 4284 2966 
7463 134 3724 133 
7464 2484 3417 1796 
7465 2513 4334 3152 
7466 2204 3638 3533 
7467 3341 4371 1841 
7468 3656 3788 2342 
7469 3974 4112 2409 
7470 3192 3654 2407 
7471 2066 3654 3192 
7472 1928 3628 3260 
7473 3330 3838 2372 
7474 2121 3838 3330 
7475 3050 3947 2049 
7476 2114 3854 3147 
7477 2495 3639 3115 
7478 2392 4008 3405 
7479 2243 4400 4017 
7480 177 3700 3304 
7481 2221 4341 2984 
7482 3404 4357 2695 
7483 1977 4243 3452 
7484 3441 4349 2700 
7485 2263 4416 3356 
7486 1979 4242 3454 
7487 2811 4045 3697 
7488 1907 3626 3188 
7489 202 3885 3009 
7490 2545 3832 1988 
7491 2858 3854 2114 
7492 3293 4173 1733 
7493 2399 3784 3479 
7494 3479 3784 1932 
7495 2500 4197 3904 
7496 1802 4105 3343 
7497 182 3738 181 
7498 2637 3892 3049 
7499 2108 4456 2978 
7500 3070 3370 2353 
7501 2373 3905 3837 
7502 2446 4254 3457 
7503 3308 4123 2471 
7504 1978 4123 3308 
7505 15 4377 3168 
7506 1856 4151 4006 
7507 2656 4112 3974 
7508 34 4463 3172 
7509 2648 4368 4099 
7510 2191 3892 3296 
7511 1730 4268 4135 
7512 1884 4387 4057 
7513 2854 3715 2178 
7514 1931 3852 3330 
7515 2728 3918 3105 
7516 2983 3562 2174 
7517 1858 3562 2983 
7518 2547 3818 1989 
7519 150 4249 3142 
7520 3506 4151 1856 
7521 2174 3966 3555 
7522 3555 3966 2636 
7523 2227 3420 2195 
7524 3019 3937 2127 
7525 2244 3189 2483 
7526 3151 3782 2239 
7527 3237 4264 2182 
7528 2257 3804 3281 
7529 1880 3874 3044 
7530 2986 4208 2249 
7531 2435 3712 3577 
7532 2978 4456 2280 
7533 3197 3869 2700 
7534 3379 3518 1858 
7535 2319 3518 3379 
7536 15 4414 16 
7537 2520 4192 3368 
7538 83 4265 82 
7539 3778 3779 2161 
7540 2541 3980 2034 
7541 3296 3892 1975 
7542 80 3686 79 
7543 3017 4001 1919 
7544 2969 4342 3747 
7545 2071 3550 3219 
7546 3220 3551 2072 
7547 3044 3874 2274 
7548 2334 4030 3701 
7549 3051 3943 1881 
7550 2172 3448 2991 
7551 1869 4270 4133 
7552 2913 4046 3008 
7553 3304 3700 2335 
7554 1727 4431 3639 
7555 3015 4021 1764 
7556 3301 4339 2230 
7557 180 3701 179 
7558 178 3700 177 
7559 2122 4198 2686 
7560 3226 4341 2221 
7561 58 4192 3540 
7562 3069 4356 2021 
7563 2987 3699 3576 
7564 2300 4393 3004 
7565 3494 3787 2400 
7566 1933 3787 3494 
7567 204 3996 203 
7568 2222 3704 3702 
7569 2855 3290 1744 
7570 2856 3291 1740 
7571 1978 4450 3005 
7572 3333 3913 2261 
7573 3452 4243 2651 
7574 3454 4242 2647 
7575 2536 3972 3655 
7576 3655 3972 2340 
7577 2342 3973 3656 
7578 3656 3973 2537 
7579 2962 4051 3598 
7580 2181 3476 3475 
7581 3475 3476 2578 
7582 2269 4228 3597 
7583 1 4216 13 
7584 2998 4224 2331 
7585 1814 4224 2998 
7586 2367 4309 3057 
7587 3058 4310 2368 
7588 1842 3423 3161 
7589 3081 4017 2237 
7590 3222 4071 2183 
7591 25 4208 26 
7592 3161 3533 1842 
7593 2006 4195 3977 
7594 3977 4195 2786 
7595 3381 3689 1895 
7596 114 4186 3568 
7597 3569 4187 223 
7598 3310 3628 2421 
7599 2261 3970 3333 
7600 3030 4462 2279 
7601 3232 3657 2262 
7602 2605 3560 1795 
7603 2781 3343 2413 
7604 1733 4303 3293 
7605 3241 3927 2715 
7606 2047 4460 2893 
7607 1868 3802 3084 
7608 2158 4034 2680 
7609 3623 3710 2887 
7610 2380 4252 3010 
7611 3171 4360 4340 
7612 2318 3579 3490 
7613 3010 4276 2380 
7614 2213 3697 3137 
7615 90 3910 89 
7616 1988 3722 2545 
7617 3084 3808 1868 
7618 2787 4194 3991 
7619 3991 4194 2005 
7620 3030 4009 1756 
7621 2190 3809 3070 
7622 2997 4178 241 
7623 97 3965 3023 
7624 2166 3539 3014 
7625 3014 3539 1864 
7626 86 4245 85 
7627 3016 4365 2080 
7628 77 3875 76 
7629 3184 4031 2338 
7630 2295 3888 3039 
7631 3720 4394 1906 
7632 2736 4394 3720 
7633 1751 4341 3226 
7634 34 4275 35 
7635 1764 4021 3435 
7636 3435 4021 2397 
7637 76 3875 3097 
7638 1995 4015 2739 
7639 1811 4196 3672 
7640 3490 3579 1919 
7641 2320 3537 3388 
7642 2648 3635 2008 
7643 2997 4043 2315 
7644 3596 3597 2360 
7645 2269 3597 3596 
7646 1906 4394 3018 
7647 3661 4413 1946 
7648 1970 3185 3028 
7649 1730 4436 3669 
7650 2870 4236 4182 
7651 2451 3820 3636 
7652 3636 3820 2314 
7653 2315 3821 3637 
7654 3637 3821 2452 
7655 2835 3791 3185 
7656 3185 3791 3028 
7657 2215 4417 3373 
7658 2865 3339 1736 
7659 3501 3734 1912 
7660 1913 3735 3502 
7661 120 3982 119 
7662 3013 4140 61 
7663 2033 3906 3067 
7664 3362 4193 2365 
7665 3322 3695 2736 
7666 1816 3695 3322 
7667 3053 4067 2282 
7668 2264 3755 2898 
7669 3939 4001 2466 
7670 2265 3756 2899 
7671 84 4401 83 
7672 1900 3495 3263 
7673 2238 4377 3159 
7674 1966 4212 3196 
7675 3053 4438 2086 
7676 1741 3575 2806 
7677 1799 4251 3125 
7678 1831 4330 2626 
7679 2424 3513 2441 
7680 2247 3929 2843 
7681 3171 4340 2058 
7682 3431 4306 2845 
7683 2472 3205 2943 
7684 1894 3675 3378 
7685 2315 4178 2997 
7686 1737 3583 2813 
7687 3687 3890 2323 
7688 2271 3807 2928 
7689 2259 3939 3154 
7690 3154 3939 2466 
7691 2375 3650 3581 
7692 3178 3585 1728 
7693 3835 3836 1991 
7694 1756 4462 3030 
7695 3466 4161 2120 
7696 3174 3584 1731 
7697 3802 4455 3084 
7698 2242 4328 3163 
7699 3043 4057 2218 
7700 2553 4289 4128 
7701 1985 4362 2995 
7702 2554 4290 4129 
7703 117 3814 116 
7704 2415 4312 3690 
7705 1846 3420 3419 
7706 2798 3893 2391 
7707 2797 3894 2390 
7708 2219 3666 3348 
7709 2391 3798 2798 
7710 2390 3799 2797 
7711 2927 4305 3718 
7712 3055 3508 41 
7713 3405 4008 1821 
7714 37 4113 38 
7715 2491 3890 3687 
7716 3852 4227 2697 
7717 2425 4227 3852 
7718 1904 3989 3538 
7719 2370 4356 3069 
7720 2281 4305 3067 
7721 2188 3446 2350 
7722 1868 4388 3067 
7723 1899 4071 3222 
7724 3179 3716 2220 
7725 3040 4139 1972 
7726 4006 4151 2641 
7727 2306 3582 3515 
7728 2333 4016 3460 
7729 2347 4062 3386 
7730 220 3657 3232 
7731 1878 3761 3074 
7732 3419 3981 1846 
7733 217 3842 216 
7734 2058 4340 3003 
7735 3279 3625 2768 
7736 3795 3871 2389 
7737 2480 3364 3138 
7738 3350 3567 2290 
7739 1759 3567 3350 
7740 2481 3369 3139 
7741 2526 4094 3200 
7742 2327 3557 3527 
7743 3527 3557 2031 
7744 3039 4455 2295 
7745 1775 4067 3053 
7746 1739 3760 3730 
7747 2693 4246 1798 
7748 1757 4264 3237 
7749 2768 4045 2331 
7750 1743 3758 3728 
7751 2314 4020 3636 
7752 71 4029 70 
7753 3342 3424 2254 
7754 3341 3428 2252 
7755 2202 4200 2681 
7756 2137 3806 3141 
7757 3565 3914 2371 
7758 3922 4278 3234 
7759 2638 4403 3794 
7760 2600 2854 2178 
7761 2705 3014 1864 
7762 1914 3873 3105 
7763 3190 3880 2599 
7764 2467 3360 3135 
7765 2667 4142 2102 
7766 2337 3379 2983 
7767 1972 4002 3318 
7768 3318 4002 2649 
7769 46 4191 47 
7770 2313 3646 3605 
7771 4061 4218 3045 
7772 3022 3500 17 
7773 2670 4135 2109 
7774 4063 4217 3046 
7775 3536 3537 2320 
7776 3414 3430 23 
7777 3497 3579 2319 
7778 109 3878 108 
7779 229 3879 228 
7780 3021 4368 3771 
7781 3363 3453 2249 
7782 2233 3459 2826 
7783 3176 4464 4 
7784 3191 3738 182 
7785 4000 4125 2737 
7786 1980 4125 4000 
7787 2517 4143 3199 
7788 2319 3579 3518 
7789 2638 3794 3312 
7790 1850 3713 3712 
7791 2482 3711 3169 
7792 2002 4453 4023 
7793 2339 3785 3784 
7794 3599 3785 2339 
7795 2342 3788 3600 
7796 3391 3544 2266 
7797 169 4426 168 
7798 240 4427 239 
7799 2883 3294 2317 
7800 2884 3295 2316 
7801 3022 4414 1988 
7802 2626 3371 1957 
7803 2188 4084 3136 
7804 3460 3548 2333 
7805 3218 3394 2953 
7806 2588 4431 3876 
7807 2503 4300 3048 
7808 2007 4368 3021 
7809 3086 3989 1904 
7810 28 4157 2832 
7811 3234 4174 3842 
7812 1878 3813 3761 
7813 3355 3960 2839 
7814 2244 3960 3355 
7815 3870 4210 1879 
7816 2231 3800 3547 
7817 3097 3875 2312 
7818 122 3908 121 
7819 124 3907 123 
7820 3537 3905 2373 
7821 3375 4117 2833 
7822 3876 4189 1876 
7823 3053 4297 1775 
7824 2086 4298 3053 
7825 3497 3536 2320 
7826 2319 3536 3497 
7827 2282 4438 3053 
7828 3087 4456 2108 
7829 3105 3918 1914 
7830 2889 4316 3635 
7831 1999 4148 3063 
7832 2000 4147 3064 
7833 2455 4097 2898 
7834 2454 4096 2899 
7835 3298 4071 1899 
7836 2081 4455 3039 
7837 219 3922 218 
7838 4 4328 3176 
7839 3879 4269 228 
7840 109 4272 3878 
7841 3158 4084 2350 
7842 2586 4332 3792 
7843 1986 4354 3026 
7844 1987 4355 3027 
7845 2440 4041 1809 
7846 3755 4333 2514 
7847 2746 3430 3414 
7848 2062 3935 3160 
7849 3160 3935 2304 
7850 3756 4336 2515 
7851 2208 3642 3158 
7852 2792 3434 2230 
7853 3556 3831 3555 
7854 3294 4289 2612 
7855 3295 4290 2613 
7856 3111 4413 2276 
7857 3707 3971 2223 
7858 2364 3911 3610 
7859 3702 3704 3703 
7860 3463 4188 2190 
7861 2681 4200 3434 
7862 3256 4265 83 
7863 2737 4125 3324 
7864 4007 4074 2332 
7865 153 3945 152 
7866 1878 3792 3198 
7867 1911 4308 3270 
7868 3664 4206 2217 
7869 3662 4205 2216 
7870 3242 4265 2418 
7871 2779 3542 2007 
7872 2580 4436 3870 
7873 3286 3710 2226 
7874 3205 3697 1805 
7875 3398 3644 2515 
7876 1832 3266 2430 
7877 2430 3266 2091 
7878 2545 3951 3174 
7879 2 4098 22 
7880 1845 3706 3705 
7881 3702 3703 1847 
7882 3065 4254 1783 
7883 143 3963 142 
7884 2142 3492 3431 
7885 2528 3921 3132 
7886 2589 3780 3380 
7887 3320 4384 2075 
7888 2381 4307 3112 
7889 3112 4307 1910 
7890 1962 4262 3659 
7891 3570 3646 2313 
7892 2547 3955 3178 
7893 2841 4102 3866 
7894 3463 3887 2354 
7895 2491 4111 3361 
7896 3518 3579 2318 
7897 2760 3478 3309 
7898 3067 4305 2033 
7899 4133 4270 2654 
7900 174 3985 173 
7901 235 3986 234 
7902 3045 4379 2684 
7903 2447 4032 2928 
7904 2125 3545 2632 
7905 2439 2724 2723 
7906 2723 2724 2582 
7907 3046 4378 2683 
7908 3079 4429 2329 
7909 3878 4272 2742 
7910 2990 3227 2043 
7911 3206 4253 2079 
7912 2050 3925 2702 
7913 2741 4269 3879 
7914 3326 4381 2077 
7915 3284 3737 2225 
7916 3067 4388 2281 
7917 3749 3867 1852 
7918 2486 3382 3203 
7919 163 3997 162 
7920 2430 4397 3035 
7921 1919 3579 3497 
7922 2815 2816 2013 
7923 3046 4217 1981 
7924 3045 4218 1982 
7925 3523 4161 2446 
7926 7 4005 148 
7927 27 4157 28 
7928 2507 4147 2000 
7929 2506 4148 1999 
7930 3176 3736 1989 
7931 3274 4148 1791 
7932 3273 4147 1792 
7933 4102 4288 1735 
7934 3387 4070 2929 
7935 2446 4161 3466 
7936 29 3947 30 
7937 2661 4074 4007 
7938 3515 3582 2300 
7939 2246 3961 1797 
7940 3122 3945 153 
7941 3334 3953 2690 
7942 2718 3953 3334 
7943 1826 4417 4398 
7944 4398 4417 3059 
7945 3933 4432 2450 
7946 2195 3420 2734 
7947 3313 3705 2223 
7948 2222 3702 3314 
7949 2401 3901 3240 
7950 1798 3492 2576 
7951 3857 3970 2261 
7952 2271 4409 3390 
7953 3244 4245 86 
7954 3145 3935 2062 
7955 3055 4464 1989 
7956 3659 4262 2696 
7957 3129 3231 2089 
7958 2926 4003 1905 
7959 3147 3854 1843 
7960 2080 4365 3103 
7961 3103 4365 2703 
7962 3093 4087 2470 
7963 2743 3850 1963 
7964 2743 3411 2125 
7965 2497 4019 3135 
7966 1770 4300 3299 
7967 1804 4289 3294 
7968 1803 4290 3295 
7969 1799 3125 2897 
7970 1958 3640 2383 
7971 2813 4035 2443 
7972 1843 4339 3301 
7973 2157 3962 2925 
7974 3121 3237 2303 
7975 2035 3205 2472 
7976 231 4209 230 
7977 3224 4221 1780 
7978 2398 4221 3224 
7979 3140 3226 2308 
7980 3200 4094 1887 
7981 3794 4403 1945 
7982 2598 3125 2179 
7983 96 4053 95 
7984 2011 3343 2781 
7985 3175 4386 1898 
7986 1838 3392 3152 
7987 1773 4429 3079 
7988 3299 4300 2503 
7989 3807 4334 2513 
7990 2154 3968 2921 
7991 1776 3709 3426 
7992 3426 3709 2627 
7993 1839 3383 3149 
7994 1840 3384 3150 
7995 1913 3788 3656 
7996 4057 4387 2655 
7997 2214 4437 3485 
7998 3886 4304 1786 
7999 160 4064 159 
8000 3269 3924 1827 
8001 3117 3194 2084 
8002 2387 3945 3122 
8003 3815 3817 1814 
8004 3605 3646 2192 
8005 2725 3407 1959 
8006 2307 2991 2173 
8007 2714 3411 1836 
8008 2806 4036 2445 
8009 3309 3478 48 
8010 3187 4231 2766 
8011 8 4090 198 
8012 2309 3727 2807 
8013 3163 4113 2094 
8014 3091 4080 2553 
8015 3092 4081 2554 
8016 1988 4414 3168 
8017 1967 3941 3744 
8018 1789 3895 3467 
8019 2534 4430 3790 
8020 4011 4281 1750 
8021 107 4230 106 
8022 2264 4349 3441 
8023 129 4038 3110 
8024 3038 3446 2187 
8025 3199 4143 1888 
8026 1872 3847 3026 
8027 1871 3848 3027 
8028 1918 3811 3345 
8029 1912 3655 3599 
8030 3599 3655 2340 
8031 67 4115 66 
8032 1841 4371 4052 
8033 3971 4376 2223 
8034 2788 4376 3971 
8035 2310 3723 2810 
8036 1850 4215 3096 
8037 2265 4357 3404 
8038 3252 4323 2783 
8039 2527 3773 1960 
8040 2668 4120 4037 
8041 4037 4120 2027 
8042 83 4401 3256 
8043 3277 3987 2259 
8044 1784 3864 3236 
8045 3073 4454 4091 
8046 3383 3801 2115 
8047 3761 4092 3074 
8048 1765 4338 3215 
8049 3215 4338 2427 
8050 3954 4293 1800 
8051 2188 4358 3446 
8052 2110 4019 2801 
8053 2926 3946 3775 
8054 3501 4373 2687 
8055 3616 3778 3516 
8056 2646 4170 3571 
8057 3571 4170 1837 
8058 3604 3605 2324 
8059 2313 3605 3604 
8060 3797 3900 2951 
8061 3281 3804 247 
8062 53 4179 52 
8063 189 4180 188 
8064 2758 4134 3559 
8065 115 4186 114 
8066 223 4187 222 
8067 4050 4274 1807 
8068 2190 4188 2713 
8069 1780 4221 3103 
8070 2103 4172 3109 
8071 244 3990 3146 
8072 59 4192 58 
8073 2066 4385 3122 
8074 3122 4385 2387 
8075 3166 4294 2529 
8076 4048 4277 1806 
8077 3300 4037 2614 
8078 2012 4397 2430 
8079 2172 3649 3515 
8080 3515 3649 2306 
8081 3168 4414 15 
8082 3388 3748 2320 
8083 3247 3819 197 
8084 93 4220 92 
8085 2674 4141 3120 
8086 3353 4132 2112 
8087 2453 4132 3353 
8088 2112 4132 3123 
8089 2683 3833 3275 
8090 2684 3834 3276 
8091 1950 4350 3238 
8092 1909 4423 3340 
8093 1951 4351 3239 
8094 2516 4435 3930 
8095 3130 4251 2411 
8096 2704 3564 2705 
8097 2742 4391 3878 
8098 3613 4437 2214 
8099 2230 4200 3301 
8100 1989 4464 3176 
8101 2536 4194 3377 
8102 3376 4195 2537 
8103 3879 4395 2741 
8104 3878 4391 2609 
8105 228 4269 227 
8106 3028 3915 1970 
8107 110 4272 109 
8108 2995 3872 1985 
8109 2580 3936 3722 
8110 2457 3493 1799 
8111 2239 3782 3347 
8112 1857 3748 3388 
8113 3318 4054 1972 
8114 2242 3736 3176 
8115 3642 4055 2207 
8116 1787 4084 3158 
8117 2610 4395 3879 
8118 3026 3847 1986 
8119 2113 4207 3126 
8120 3027 3848 1987 
8121 3849 4012 2579 
8122 1969 4012 3849 
8123 2625 3923 3345 
8124 1966 4299 3631 
8125 139 3889 3225 
8126 3446 4358 1809 
8127 2323 3646 3570 
8128 3363 4283 3116 
8129 2801 4288 4102 
8130 3744 3941 1772 
8131 3243 4331 2120 
8132 2585 4331 3243 
8133 132 4329 131 
8134 2542 4190 3368 
8135 2689 4210 3870 
8136 3275 3833 1950 
8137 2678 4189 3876 
8138 3276 3834 1951 
8139 1870 3872 2995 
8140 3585 3660 1728 
8141 3836 3837 1991 
8142 3458 4393 1921 
8143 74 4352 73 
8144 209 4353 208 
8145 3866 4102 1735 
8146 3478 4216 1 
8147 2182 4264 3056 
8148 50 4382 49 
8149 186 4383 185 
8150 3434 4404 1747 
8151 1767 3950 3543 
8152 3543 3950 2412 
8153 2632 3545 1955 
8154 1801 4184 2703 
8155 3584 3665 1731 
8156 3965 4347 2540 
8157 3240 3901 2001 
8158 2803 4261 4146 
8159 4146 4261 2478 
8160 3264 3975 2296 
8161 2556 4226 3629 
8162 2412 3954 3543 
8163 2349 4072 3142 
8164 4011 4253 2517 
8165 3559 4134 2376 
8166 3267 3863 5 
8167 4008 4110 1961 
8168 3268 3865 184 
8169 3164 4141 1964 
8170 2914 3574 3180 
8171 3292 3534 36 
8172 3570 3687 2323 
8173 3713 3768 3712 
8174 2783 4323 1813 
8175 2331 4224 2769 
8176 2917 4164 4159 
8177 2064 4424 3858 
8178 3858 4424 2709 
8179 2065 4425 3859 
8180 3859 4425 2710 
8181 1778 4397 4225 
8182 4104 4105 1802 
8183 2477 4013 3714 
8184 2118 4345 2766 
8185 3495 4013 2477 
8186 3407 3587 2123 
8187 2298 4428 3216 
8188 2792 4404 3434 
8189 3697 4045 1805 
8190 3990 4146 2478 
8191 2490 4374 3121 
8192 3153 4164 2457 
8193 3135 4019 2110 
8194 2116 4337 2772 
8195 4340 4360 2366 
8196 2353 3887 3070 
8197 2167 3125 2598 
8198 2277 4093 3696 
8199 3159 4216 2093 
8200 3640 3895 1789 
8201 2555 4402 1794 
8202 1918 3687 3570 
8203 1869 3667 3632 
8204 3632 3667 2860 
8205 2788 3971 3127 
8206 13 4216 3159 
8207 2284 3578 2560 
8208 1794 2854 2556 
8209 3215 4023 1765 
8210 3308 3886 2054 
8211 1759 3711 3567 
8212 3839 4271 2428 
8213 3681 4359 2783 
8214 3576 3699 1901 
8215 2374 4160 1783 
8216 2690 3953 3849 
8217 3849 3953 1969 
8218 1877 4454 3073 
8219 3160 4202 2062 
8220 3860 3970 2525 
8221 2052 3970 3860 
8222 2744 3382 3107 
8223 2142 4324 3645 
8224 2225 3737 3580 
8225 2492 4375 3140 
8226 3729 4175 3651 
8227 2717 4175 3729 
8228 1898 4406 3175 
8229 4091 4454 2293 
8230 1953 3801 3383 
8231 3180 3574 2459 
8232 2465 3696 1785 
8233 3714 4013 2305 
8234 30 3947 3050 
8235 3430 4439 24 
8236 3602 4398 2673 
8237 1826 4398 3602 
8238 3470 3587 2184 
8239 3762 4226 2556 
8240 1921 4393 3582 
8241 3567 3711 2482 
8242 2504 4301 3151 
8243 3566 4359 2180 
8244 2226 3710 3623 
8245 3722 3936 2545 
8246 3570 3811 1918 
8247 1893 3682 3239 
8248 1892 3683 3238 
8249 2124 4330 3189 
8250 2011 3822 2977 
8251 3482 3803 1849 
8252 2576 3492 2923 
8253 1885 3975 3264 
8254 1905 3946 2926 
8255 2097 4283 3401 
8256 2407 4418 3192 
8257 3192 4418 1898 
8258 2996 4176 1745 
8259 2034 3866 3252 
8260 3516 3778 2161 
8261 3264 4075 1885 
8262 2273 3779 2558 
8263 3245 4022 2148 
8264 2047 3984 2995 
8265 3485 4437 1975 
8266 2293 4454 3082 
8267 3178 3818 2547 
8268 1864 4327 3433 
8269 1957 3371 2634 
8270 2267 3564 2704 
8271 1955 3545 2714 
8272 3172 4275 34 
8273 4017 4400 2489 
8274 2703 4184 3595 
8275 1788 3913 3333 
8276 3127 3448 2301 
8277 2779 3948 3542 
8278 1744 3643 2855 
8279 1740 3644 2856 
8280 2372 4117 3330 
8281 3330 4117 1931 
8282 1901 4405 3156 
8283 1833 4016 3621 
8284 3621 4016 2429 
8285 2518 4054 3318 
8286 3174 3832 2545 
8287 2681 4318 2202 
8288 1783 4254 3466 
8289 3466 4254 2446 
8290 3502 4465 1913 
8291 3345 3923 1918 
8292 1886 4317 3002 
8293 3173 4304 2471 
8294 3598 4051 2234 
8295 4402 4451 2013 
8296 1742 4063 2683 
8297 2365 4298 3362 
8298 3362 4298 2086 
8299 1738 4061 2684 
8300 3164 4366 2090 
8301 2091 4367 3165 
8302 3206 4193 1888 
8303 1899 4360 3171 
8304 1736 3658 2865 
8305 2694 3909 3445 
8306 3401 4208 25 
8307 2156 4250 3491 
8308 3491 4250 2458 
8309 3193 4250 2156 
8310 2781 3822 2011 
8311 2057 3994 3026 
8312 2056 3995 3027 
8313 3293 4303 2110 
8314 3714 4044 2477 
8315 2019 4044 3714 
8316 2184 3587 2185 
8317 3227 4130 2043 
8318 2411 4130 3227 
8319 2404 4434 2952 
8320 2805 3864 2051 
8321 3606 3658 2513 
8322 3158 3642 2207 
8323 3423 4199 2128 
8324 2991 4314 2173 
8325 1897 4364 4241 
8326 3724 4152 2322 
8327 3913 4461 2261 
8328 2525 4445 3179 
8329 2120 4161 3243 
8330 3586 3587 1825 
8331 2313 3811 3570 
8332 3062 3641 2246 
8333 2208 3158 3038 
8334 2811 4444 4069 
8335 4069 4444 1768 
8336 3784 3785 1932 
8337 2340 3785 3599 
8338 2339 3784 3783 
8339 3783 3784 2399 
8340 2400 3787 3786 
8341 3600 3788 2341 
8342 3786 3787 2341 
8343 2341 3787 3600 
8344 3600 3787 1933 
8345 3035 4397 2771 
8346 1905 4188 3463 
8347 2416 4199 3423 
8348 3333 3970 2052 
8349 119 3982 3563 
8350 2427 4246 3215 
8351 3184 4390 1970 
8352 3574 3954 1800 
8353 2986 4157 27 
8354 2917 4159 3235 
8355 2442 3913 3614 
8356 3614 3913 1788 
8357 2258 4293 3204 
8358 40 4464 3055 
8359 2953 3394 2000 
8360 2952 3393 1999 
8361 3370 4435 2353 
8362 3679 4423 1909 
8363 2350 4084 2188 
8364 3467 3895 2292 
8365 4012 4031 2579 
8366 2338 4031 4012 
8367 4172 4406 2422 
8368 3699 4405 1901 
8369 3943 4459 1881 
8370 3026 3994 1872 
8371 227 4269 3409 
8372 3027 3995 1871 
8373 3324 4125 2621 
8374 3408 4272 110 
8375 1970 3641 3185 
8376 3459 4372 2826 
8377 2957 3609 1820 
8378 2236 3828 3607 
8379 3192 4385 2066 
8380 1898 4386 3192 
8381 38 4113 3163 
8382 1831 4126 3324 
8383 3324 4126 2361 
8384 1887 4094 3201 
8385 3555 3831 2174 
8386 2231 4389 3800 
8387 3800 4389 2638 
8388 1920 3537 3536 
8389 4309 4447 2005 
8390 2375 3581 2739 
8391 2437 4317 3799 
8392 2406 4410 3611 
8393 2271 4334 3807 
8394 131 4329 3253 
8395 2012 2430 2429 
8396 4059 4297 2365 
8397 3558 3814 117 
8398 1778 4225 3805 
8399 2721 4071 3298 
8400 3824 4411 2215 
8401 2107 3114 3035 
8402 2006 4457 4310 
8403 1795 3382 2744 
8404 1881 4459 3181 
8405 3645 4324 2764 
8406 3632 4270 1869 
8407 2749 4214 1915 
8408 3618 3643 2514 
8409 2252 4371 3341 
8410 2120 4331 3217 
8411 2119 4332 3216 
8412 3855 3856 2302 
8413 2539 3856 3855 
8414 3460 4007 2332 
8415 2279 4462 3427 
8416 2866 4447 4309 
8417 2711 4089 3380 
8418 3712 3768 3577 
8419 2688 4465 3502 
8420 4310 4457 2867 
8421 3672 4196 2603 
8422 3757 3933 2450 
8423 3385 4460 2596 
8424 2255 3424 3342 
8425 2253 3428 3341 
8426 2001 4166 3765 
8427 2366 4360 3222 
8428 3222 4360 1899 
8429 2801 4432 3293 
8430 2318 4239 3518 
8431 3610 4457 2364 
8432 3450 4299 1966 
8433 2450 4102 2841 
8434 2112 4174 3234 
8435 1785 2560 2465 
8436 1888 4143 3206 
8437 2016 3958 3471 
8438 3471 3958 2571 
8439 2014 3959 3472 
8440 3472 3959 2572 
8441 3486 3964 2278 
8442 2150 4089 3131 
8443 3302 4115 67 
8444 3776 4461 2967 
8445 1783 4160 2337 
8446 3216 4428 2119 
8447 2051 3513 2805 
8448 2598 4225 2012 
8449 2604 4323 3252 
8450 3253 4329 2593 
8451 3203 3382 1795 
8452 3553 3554 2476 
8453 3282 4191 46 
8454 2983 3831 2484 
8455 3384 4036 1952 
8456 1885 4075 3455 
8457 2264 4333 3755 
8458 3392 4035 1949 
8459 2145 4319 3282 
8460 3484 4018 1971 
8461 2265 4336 3756 
8462 3834 4379 2534 
8463 3833 4378 2533 
8464 3490 3939 2259 
8465 4241 4364 2737 
8466 2680 4034 3688 
8467 3652 4296 2322 
8468 3048 4300 3601 
8469 2282 4067 3470 
8470 3469 4287 2074 
8471 2426 4245 3244 
8472 3285 3650 2506 
8473 3379 4160 1920 
8474 1833 4007 3460 
8475 3381 4095 2357 
8476 1895 4095 3381 
8477 4066 4100 2619 
8478 1894 4100 4066 
8479 3113 3114 2106 
8480 1832 3114 3113 
8481 2139 4286 3280 
8482 2428 4271 4002 
8483 4002 4271 2649 
8484 3386 4070 2347 
8485 2356 4100 3378 
8486 3378 4100 1894 
8487 2347 4070 3387 
8488 1890 4430 3025 
8489 2464 4115 3302 
8490 3384 4337 2116 
8491 3460 4016 1833 
8492 1913 4465 3788 
8493 3234 4278 2112 
8494 1912 4373 3501 
8495 1748 3940 3566 
8496 3376 4118 2359 
8497 1835 4118 3376 
8498 2358 4119 3377 
8499 3377 4119 1830 
8500 2073 4070 3386 
8501 3649 3867 2306 
8502 3392 4345 2118 
8503 3477 4158 1777 
8504 2995 3984 1870 
8505 3701 4363 2334 
8506 2924 3645 1869 
8507 3214 4319 2145 
8508 2259 3987 3487 
8509 3265 4366 2381 
8510 2090 4366 3265 
8511 2382 4367 3266 
8512 3266 4367 2091 
8513 2418 4265 3256 
8514 2814 4150 3349 
8515 3061 4412 4411 
8516 4411 4412 3060 
8517 3631 4212 1966 
8518 3361 4131 1824 
8519 2355 4131 3361 
8520 3360 4032 2447 
8521 230 4209 3412 
8522 2582 2724 2111 
8523 2565 3895 3640 
8524 2011 2977 2702 
8525 1931 4117 3375 
8526 2615 4095 4082 
8527 4082 4095 1895 
8528 2316 3751 3033 
8529 2317 3754 3032 
8530 168 4426 3636 
8531 3637 4427 240 
8532 3195 3930 2251 
8533 2903 4158 3477 
8534 3956 4440 2692 
8535 1928 4079 3628 
8536 3628 4079 2421 
8537 3279 4343 1974 
8538 3468 4446 2073 
8539 2274 4423 3679 
8540 3328 4235 2187 
8541 2878 4466 3552 
8542 2345 3813 3603 
8543 2084 4098 3280 
8544 3827 3868 2398 
8545 3248 4286 2139 
8546 2094 4113 3534 
8547 3280 4286 2084 
8548 3455 4075 2393 
8549 2251 4435 3370 
8550 3004 4393 3458 
8551 3761 3813 2568 
8552 2093 4216 3478 
8553 3817 4224 1814 
8554 3282 4319 2089 
8555 3364 4097 2455 
8556 3654 4415 2407 
8557 3442 4127 1957 
8558 2361 4127 3442 
8559 2764 4324 1781 
8560 3410 4230 107 
8561 2519 4018 3484 
8562 3369 4096 2454 
8563 3401 4283 2249 
8564 3599 4373 1912 
8565 1920 3905 3537 
8566 1957 4145 3442 
8567 3790 4430 1890 
8568 3280 4098 2 
8569 2358 4114 3442 
8570 2306 3867 3749 
8571 3532 3634 2490 
8572 3601 4300 1770 
8573 3929 4173 1990 
8574 3533 3638 2492 
8575 1765 4449 4338 
8576 4338 4449 2874 
8577 4144 4151 2362 
8578 2641 4151 4144 
8579 3368 4190 2520 
8580 3639 4431 3075 
8581 3562 4239 2892 
8582 1858 4239 3562 
8583 3597 4033 2360 
8584 3442 4145 2358 
8585 2358 4145 4119 
8586 4119 4145 2633 
8587 16 4414 3022 
8588 3603 3813 1878 
8589 2322 4296 3846 
8590 4167 4231 1812 
8591 2626 4127 4126 
8592 4126 4127 2361 
8593 3902 4085 2067 
8594 3176 4328 2242 
8595 2449 4218 4061 
8596 2448 4217 4063 
8597 2089 4191 3282 
8598 2049 4073 2889 
8599 3168 4377 2238 
8600 3127 3707 2485 
8601 2230 4339 2858 
8602 1952 4337 3384 
8603 3347 4370 2239 
8604 3292 4275 2098 
8605 4260 4356 2370 
8606 2875 4356 4260 
8607 2294 4092 3761 
8608 1949 4345 3392 
8609 3930 4435 2251 
8610 3309 4191 2089 
8611 2397 3868 3827 
8612 1879 3936 3870 
8613 2363 4346 3352 
8614 3352 4346 2423 
8615 1842 4028 3423 
8616 3708 4463 33 
8617 2364 4457 3977 
8618 4082 4083 2615 
8619 2359 4083 4082 
8620 3352 4422 2363 
8621 2407 4422 3352 
8622 1876 3944 3876 
8623 2325 3900 3797 
8624 1946 4033 3597 
8625 3669 4436 3078 
8626 4237 4421 2531 
8627 4238 4420 2532 
8628 3340 4423 2844 
8629 1747 4372 3459 
8630 4065 4066 2619 
8631 2355 4066 4065 
8632 2352 3933 3757 
8633 2561 4085 3902 
8634 2098 4275 3172 
8635 3718 4305 2281 
8636 4348 4415 1865 
8637 2862 4415 4348 
8638 1852 4326 3749 
8639 3151 4301 3782 
8640 3189 4330 2483 
8641 3352 4418 2407 
8642 3415 3420 2227 
8643 3116 4283 2097 
8644 1981 4217 3647 
8645 1982 4218 3648 
8646 2782 4222 3752 
8647 4225 4397 2012 
8648 3172 4463 2150 
8649 4130 4251 1799 
8650 3464 3578 1815 
8651 2734 2869 1968 
8652 35 4275 3292 
8653 4024 4442 2395 
8654 3351 4453 2002 
8655 4026 4448 2396 
8656 2239 4370 3413 
8657 2618 4421 4237 
8658 2617 4420 4238 
8659 3992 4260 2370 
8660 2427 4306 3431 
8661 2684 4061 3045 
8662 2683 4063 3046 
8663 2351 4292 3456 
8664 2394 4447 3721 
8665 1805 4045 2768 
8666 3287 3769 2507 
8667 1766 3998 3949 
8668 3949 3998 2487 
8669 1767 3999 3950 
8670 3950 3999 2488 
8671 3433 4327 2296 
8672 3629 4056 2556 
8673 2826 4459 3943 
8674 2419 3943 3051 
8675 3061 4411 3824 
8676 3414 4098 2084 
8677 4415 4422 2407 
8678 2862 4422 4415 
8679 3413 4370 2436 
8680 3493 4130 1799 
8681 3633 4395 1942 
8682 2741 4395 3633 
8683 3073 4091 2162 
8684 3074 4092 2163 
8685 2275 3578 3464 
8686 3630 4391 2742 
8687 1941 4391 3630 
8688 1888 4443 3199 
8689 2525 3970 3857 
8690 3907 3974 2409 
8691 2635 4291 4226 
8692 1896 4229 3510 
8693 2249 4208 3401 
8694 1813 4419 3356 
8695 3624 3723 2193 
8696 3542 3948 1930 
8697 3483 4313 2018 
8698 2406 4313 3483 
8699 3622 3727 2194 
8700 1777 4158 3743 
8701 2488 4169 4155 
8702 2487 4168 4153 
8703 3518 4239 1858 
8704 2327 4182 3557 
8705 4025 4026 2396 
8706 2501 4026 4025 
8707 2335 4364 3719 
8708 3356 4419 2263 
8709 1914 4197 3873 
8710 2155 4294 3488 
8711 1769 4211 3611 
8712 3611 4211 2406 
8713 3951 4177 2310 
8714 3464 4442 2275 
8715 2931 4442 3464 
8716 2475 4280 3959 
8717 3959 4280 2572 
8718 2474 4279 3958 
8719 3958 4279 2571 
8720 3673 4189 2068 
8721 2435 4215 3712 
8722 3712 4215 1850 
8723 3999 4169 2488 
8724 3998 4168 2487 
8725 1990 4173 3293 
8726 2309 4149 3727 
8727 2310 4177 3723 
8728 2047 4068 3984 
8729 3534 4113 37 
8730 3678 4210 2069 
8731 2457 4164 3493 
8732 3493 4164 2917 
8733 2258 4325 4293 
8734 3955 4149 2309 
8735 4006 4392 2232 
8736 2641 4392 4006 
8737 2057 4106 3994 
8738 2056 4107 3995 
8739 1802 4276 3957 
8740 3597 4228 1946 
8741 1779 4320 3520 
8742 2628 4287 3469 
8743 4226 4291 2176 
8744 2487 3979 3949 
8745 2488 3978 3950 
8746 4142 4267 2102 
8747 2295 4455 3802 
8748 2752 4212 3631 
8749 3799 4317 1886 
8750 3107 3382 2486 
8751 2470 4282 4121 
8752 3730 3760 2670 
8753 2399 4247 3783 
8754 1834 4248 3786 
8755 2629 4446 3468 
8756 3728 3758 2667 
8757 3629 4226 2176 
8758 1897 4241 4114 
8759 1990 4432 3933 
8760 2391 4355 4322 
8761 2390 4354 4321 
8762 1788 4263 3614 
8763 2916 2990 2043 
8764 3383 4201 1953 
8765 124 3974 3907 
8766 3637 4178 2315 
8767 2389 4362 4315 
8768 2635 4226 3762 
8769 3846 4296 2657 
8770 3199 4443 2460 
8771 47 4191 3309 
8772 2685 4384 3320 
8773 3991 4447 2394 
8774 1821 4008 2879 
8775 2885 4015 1995 
8776 2408 4285 3908 
8777 3950 3978 2412 
8778 3949 3979 2411 
8779 3719 4364 1897 
8780 4135 4268 2109 
8781 3882 4112 2656 
8782 2682 4381 3326 
8783 3542 4099 2007 
8784 2485 3706 3436 
8785 3438 3703 2486 
8786 1998 4433 4232 
8787 4232 4433 2716 
8788 2321 4270 3632 
8789 134 4152 3724 
8790 3676 4452 2198 
8791 2815 4452 3676 
8792 2999 4274 4050 
8793 3000 4277 4048 
8794 3601 4358 2188 
8795 3301 4200 2202 
8796 2891 3114 2107 
8797 3743 4158 2380 
8798 3434 4200 2230 
8799 1974 4343 3777 
8800 3777 4343 2769 
8801 3769 3770 2417 
8802 2952 4434 1816 
8803 2901 3729 2211 
8804 3401 4439 2097 
8805 3747 4342 2312 
8806 2075 4384 3660 
8807 3293 4432 1990 
8808 1752 4311 3844 
8809 1758 4312 3843 
8810 1753 4236 3897 
8811 2077 4381 3665 
8812 2796 4358 3601 
8813 3775 3946 2369 
8814 3645 3667 1869 
8815 3582 4393 2300 
8816 2339 4373 3599 
8817 1889 4296 3652 
8818 1929 3544 3391 
8819 22 4098 3414 
8820 2487 4154 3979 
8821 2488 4156 3978 
8822 1879 3951 3936 
8823 1953 4201 3677 
8824 3752 4222 1924 
8825 3870 3936 2580 
8826 3552 4466 1954 
8827 4000 4364 2335 
8828 1876 4189 3673 
8829 1879 4210 3678 
8830 2244 4325 3189 
8831 2084 4286 3117 
8832 1876 3955 3944 
8833 3782 4301 1771 
8834 2312 4342 3806 
8835 2175 2983 2484 
8836 3876 3944 2588 
8837 3897 4361 2345 
8838 1836 3411 2743 
8839 3117 4286 3248 
8840 3129 4319 3214 
8841 1923 4112 3882 
8842 3845 4406 1898 
8843 2097 4439 3430 
8844 2620 4437 3613 
8845 3854 4339 1843 
8846 3189 4325 2258 
8847 3805 4225 2179 
8848 4080 4289 2553 
8849 3979 4154 1983 
8850 3978 4156 1984 
8851 4081 4290 2554 
8852 3842 4174 2410 
8853 3783 4247 1829 
8854 3786 4248 2400 
8855 2432 4278 3922 
8856 2089 4319 3129 
8857 3843 4312 2415 
8858 3844 4311 2416 
8859 2943 3205 1805 
8860 1743 4080 3091 
8861 1739 4081 3092 
8862 2483 4330 1831 
8863 2867 4457 3610 
8864 2861 4413 3661 
8865 1947 4399 4144 
8866 4144 4399 2641 
8867 1879 4177 3951 
8868 2395 4197 4024 
8869 3873 4197 2395 
8870 4024 4197 2500 
8871 2802 3941 1967 
8872 2123 3773 3407 
8873 2044 3954 3574 
8874 4121 4282 2523 
8875 1876 4149 3955 
8876 2217 4206 4129 
8877 2216 4205 4128 
8878 3179 4445 3716 
8879 4087 4282 2470 
8880 3636 4426 2451 
8881 2452 4427 3637 
8882 1956 4320 2632 
8883 4123 4124 2471 
8884 2524 4124 4123 
8885 180 4363 3701 
8886 4153 4168 2017 
8887 4155 4169 2015 
8888 3660 4384 1728 
8889 3665 4381 1731 
8890 3343 4276 1802 
8891 3423 4028 2416 
8892 2354 4176 3463 
8893 4297 4298 2365 
8894 3053 4298 4297 
8895 2849 4313 4211 
8896 4257 4279 1766 
8897 4258 4280 1767 
8898 4079 4136 2584 
8899 2634 4165 1958 
8900 2474 4168 3998 
8901 2475 4169 3999 
8902 2246 4412 3061 
8903 3958 4203 2474 
8904 2016 4203 3958 
8905 3959 4204 2475 
8906 2014 4204 3959 
8907 3994 4106 2508 
8908 3995 4107 2509 
8909 2764 3667 3645 
8910 3716 4445 2028 
8911 4153 4154 2487 
8912 2531 4154 4153 
8913 4155 4156 2488 
8914 2532 4156 4155 
8915 2102 4267 4266 
8916 2646 4171 4170 
8917 4170 4171 2645 
8918 2109 4268 4256 
8919 1766 4279 3998 
8920 1767 4280 3999 
8921 2345 4361 3813 
8922 2683 4378 3833 
8923 2684 4379 3834 
8924 2517 4281 4011 
8925 3627 4318 2681 
8926 3690 4052 2415 
8927 1983 4421 4181 
8928 4181 4421 2618 
8929 1928 4136 4079 
8930 3984 4068 2497 
8931 3721 4447 2866 
8932 4143 4253 3206 
8933 2150 4463 3708 
8934 2606 4231 4167 
8935 2834 4078 2040 
8936 222 4187 4103 
8937 2411 4251 4130 
8938 4022 4292 2351 
8939 2524 4242 4124 
8940 4124 4242 1979 
8941 2523 4243 4121 
8942 4121 4243 1977 
8943 2110 4303 4302 
8944 1970 4390 3641 
8945 2571 4279 4257 
8946 2572 4280 4258 
8947 3908 4285 121 
8948 2261 4461 3776 
8949 3770 3803 2417 
8950 3788 4465 2341 
8951 2442 4461 3913 
8952 3566 3940 2541 
8953 4023 4453 2433 
8954 2422 4406 3845 
8955 4103 4187 2522 
8956 3998 4279 2474 
8957 3999 4280 2475 
8958 1841 4052 3297 
8959 2713 4188 4003 
8960 2211 3729 3651 
8961 2267 3957 3564 
8962 2420 4458 3826 
8963 2558 3616 3615 
8964 2517 4253 4143 
8965 4163 4186 115 
8966 3462 4277 2386 
8967 2105 3924 3269 
8968 3897 4236 2567 
8969 1809 4041 4040 
8970 3465 4274 2388 
8971 2497 4288 4019 
8972 3795 4443 1888 
8973 2626 4330 3371 
8974 2506 3336 3285 
8975 2507 3338 3287 
8976 4223 4262 1962 
8977 3677 4201 2444 
8978 2501 4335 4026 
8979 4026 4335 2277 
8980 2363 4184 4183 
8981 2179 4225 2598 
8982 4073 4214 2749 
8983 2521 4186 4163 
8984 2567 4361 3897 
8985 1976 4282 4087 
8986 2524 4255 4242 
8987 2737 4364 4000 
8988 2523 4259 4243 
8989 4052 4371 2415 
8990 2465 3904 3903 
8991 2991 3448 1793 
8992 3380 4089 2150 
8993 3977 4457 2006 
8994 2005 4447 3991 
8995 3688 4034 1993 
8996 2666 4262 4223 
8997 2044 3574 2914 
8998 2691 4440 3956 
8999 4242 4255 2647 
9000 4243 4259 2651 
9001 2344 4263 2192 
9002 2399 3479 2847 
9003 1816 4434 2990 
9004 3037 3038 2187 
9005 2208 3038 3037 
9006 3685 4402 2013 
9007 1943 4205 3662 
9008 1944 4206 3664 
9009 4211 4313 2406 
9010 2858 4339 3854 
9011 1794 4402 3685 
9012 2275 4442 4024 
9013 2641 4399 4392 
9014 4392 4399 2522 
9015 4389 4403 2638 
9016 2521 4403 4389 
9017 2679 4173 3929 
9018 2531 4421 4154 
9019 2532 4420 4156 
9020 2277 4448 4026 
9021 3038 3158 2350 
9022 2612 4289 4080 
9023 2613 4290 4081 
9024 2283 3924 2847 
9025 2749 4316 4073 
9026 4256 4268 2494 
9027 3673 4149 1876 
9028 2441 3513 2051 
9029 1801 4185 4183 
9030 4156 4420 1984 
9031 4154 4421 1983 
9032 4266 4267 2495 
9033 2249 4283 3363 
9034 3678 4177 1879 
9035 2192 4263 3278 
9036 2891 3494 2400 
9037 3192 4386 4385 
9038 4385 4386 2387 
9039 4073 4316 2889 
9040 1809 4040 3446 
9041 3936 3951 2545 
9042 1814 4093 3815 
9043 2541 4359 3566 
9044 3944 3955 2547 
9045 132 4407 4329 
9046 2043 3493 2917 
9047 3083 4078 2778 
9048 4302 4303 2493 
9049 2246 4390 3961 
9050 3634 4374 2490 
9051 3638 4375 2492 
9052 3595 4184 2363 
9053 4329 4407 2593 
9054 4322 4355 1987 
9055 4321 4354 1986 
9056 3609 4110 2260 
9057 1920 4160 3905 
9058 4315 4362 1985 
9059 4129 4206 2554 
9060 4128 4205 2553 
9061 2781 3823 3822 
9062 4003 4188 1905 
9063 3771 4368 2291 
9064 2350 3446 3038 
9065 2484 3831 3556 
9066 2739 4015 2375 
9067 4019 4288 2801 
9068 3813 4361 2568 
9069 2043 4130 3493 
9070 2392 4110 4008 
9071 3447 3448 2172 
9072 2301 3448 3447 
9073 2485 3707 3706 
9074 3405 4198 2122 
9075 2946 3823 2781 
9076 3915 4441 1815 
9077 2705 3564 2197 
9078 3641 4390 2246 
9079 1793 3448 3127 
9080 2337 4160 3379 
9081 4293 4325 1800 
9082 3703 3704 2486 
9083 4183 4184 1801 
9084 2714 3545 3411 
9085 3696 4093 2285 
9086 2558 3778 3616 
9087 3564 3957 2197 
9088 3905 4160 2374 
9089 1790 3494 2891 
9090 3278 4263 1788 
9091 2847 3479 1789 
9092 3371 4330 2124 
9093 2346 4078 2834 
9094 2307 3867 3649 
9095 3411 3545 2125 
9096 3060 4412 1797 
9097 1800 3358 2459 
9098 3355 3358 1800 
9099 2913 3257 1818 
9100 1820 3609 3101 
9101 3651 4175 1822 
9102 1825 3587 2725 
9103 1830 2633 2383 
9104 2384 2631 1835 
9105 1861 3779 2273 
9106 2343 2738 1861 
9107 3521 3779 1861 
9108 1932 3745 2383 
9109 2384 3746 1933 
9110 1963 4171 2646 
9111 1999 3393 3336 
9112 2000 3394 3338 
9113 2012 2429 2333 
9114 2860 3667 2035 
9115 2101 3394 3218 
9116 2104 3101 2653 
9117 2142 2924 2923 
9118 2160 2738 2343 
9119 2692 4440 2160 
9120 2245 3358 3355 
9121 2268 4104 3432 
9122 2275 4024 2500 
9123 3903 4448 2277 
9124 2429 4016 2333 
9125 2400 4248 2570 
9126 2424 4185 2805 
9127 2943 3625 2473 
9128 2703 3595 2784 
9129 2815 4150 2814 
9130 4451 4452 2815 
9131 2859 3162 2860 
9132 2917 3235 2916 
9133 3432 4104 3957 
9134 3482 3835 3803 
9135 3650 4219 3581 
9136 3816 3817 3815 
$EndElements
